analysis_date,window,security_id_i,stock_code_i,stock_name_i,security_id_j,stock_code_j,stock_name_j,common_obs,common_ratio,correlation,abs_correlation,top_pair_definition
2015-12-31,60,000965.XSHE,000965,天保基建,600322.XSHG,600322,津投城开,60,1.0,0.9026038559108872,0.9026038559108872,Top |rho| within random pair sample; not global full-market top edge
2015-12-31,60,000937.XSHE,000937,冀中能源,601225.XSHG,601225,陕西煤业,60,1.0,0.896196686612671,0.896196686612671,Top |rho| within random pair sample; not global full-market top edge
2015-12-31,60,002561.XSHE,002561,徐家汇,600838.XSHG,600838,上海九百,60,1.0,0.8769796490222251,0.8769796490222251,Top |rho| within random pair sample; not global full-market top edge
2015-12-31,60,000528.XSHE,000528,柳工,000900.XSHE,000900,现代投资,60,1.0,0.8665331955485056,0.8665331955485056,Top |rho| within random pair sample; not global full-market top edge
2015-12-31,60,000825.XSHE,000825,太钢不锈,600839.XSHG,600839,四川长虹,60,1.0,0.8489626831517139,0.8489626831517139,Top |rho| within random pair sample; not global full-market top edge
2015-12-31,60,000983.XSHE,000983,山西焦煤,600780.XSHG,600780,通宝能源,60,1.0,0.8437862142116893,0.8437862142116893,Top |rho| within random pair sample; not global full-market top edge
2015-12-31,60,000539.XSHE,000539,粤电力A,600801.XSHG,600801,华新建材,60,1.0,0.8365608576044804,0.8365608576044804,Top |rho| within random pair sample; not global full-market top edge
2015-12-31,60,002641.XSHE,002641,公元股份,601208.XSHG,601208,东材科技,60,1.0,0.8344639072624288,0.8344639072624288,Top |rho| within random pair sample; not global full-market top edge
2015-12-31,60,002184.XSHE,002184,海得控制,002444.XSHE,002444,巨星科技,60,1.0,0.8338431853668604,0.8338431853668604,Top |rho| within random pair sample; not global full-market top edge
2015-12-31,60,000709.XSHE,000709,河钢股份,600005.XSHG,600005,武钢股份,60,1.0,0.8334183691669792,0.8334183691669792,Top |rho| within random pair sample; not global full-market top edge
2015-12-31,60,000960.XSHE,000960,锡业股份,601958.XSHG,601958,金钼股份,60,1.0,0.8300717936887912,0.8300717936887912,Top |rho| within random pair sample; not global full-market top edge
2015-12-31,60,002749.XSHE,002749,国光股份,300403.XSHE,300403,汉宇集团,60,1.0,0.8295839950650444,0.8295839950650444,Top |rho| within random pair sample; not global full-market top edge
2015-12-31,60,002267.XSHE,002267,陕天然气,002653.XSHE,002653,海思科,60,1.0,0.8268059253166634,0.8268059253166634,Top |rho| within random pair sample; not global full-market top edge
2015-12-31,60,000089.XSHE,000089,深圳机场,600170.XSHG,600170,上海建工,60,1.0,0.8247649156561717,0.8247649156561717,Top |rho| within random pair sample; not global full-market top edge
2015-12-31,60,000758.XSHE,000758,中色股份,000970.XSHE,000970,中科三环,60,1.0,0.8242724180581151,0.8242724180581151,Top |rho| within random pair sample; not global full-market top edge
2015-12-31,60,000916.XSHE,000916,华北高速,600717.XSHG,600717,天津港,60,1.0,0.8229153107924319,0.8229153107924319,Top |rho| within random pair sample; not global full-market top edge
2015-12-31,60,002653.XSHE,002653,海思科,600488.XSHG,600488,津药药业,54,0.9,0.8223784590171322,0.8223784590171322,Top |rho| within random pair sample; not global full-market top edge
2015-12-31,60,002478.XSHE,002478,常宝股份,300176.XSHE,300176,鸿特科技,60,1.0,0.8218620177509479,0.8218620177509479,Top |rho| within random pair sample; not global full-market top edge
2015-12-31,60,002521.XSHE,002521,齐峰新材,601579.XSHG,601579,会稽山,60,1.0,0.8162969789435869,0.8162969789435869,Top |rho| within random pair sample; not global full-market top edge
2015-12-31,60,300146.XSHE,300146,汤臣倍健,600285.XSHG,600285,羚锐制药,60,1.0,0.8160495882138703,0.8160495882138703,Top |rho| within random pair sample; not global full-market top edge
2015-12-31,60,000683.XSHE,000683,博源化工,601208.XSHG,601208,东材科技,60,1.0,0.8152308981081883,0.8152308981081883,Top |rho| within random pair sample; not global full-market top edge
2015-12-31,60,000780.XSHE,000780,ST平能,000983.XSHE,000983,山西焦煤,60,1.0,0.814185297434645,0.814185297434645,Top |rho| within random pair sample; not global full-market top edge
2015-12-31,60,000828.XSHE,000828,东莞控股,601225.XSHG,601225,陕西煤业,60,1.0,0.8128986012689252,0.8128986012689252,Top |rho| within random pair sample; not global full-market top edge
2015-12-31,60,000016.XSHE,000016,*ST康佳A,002555.XSHE,002555,三七互娱,60,1.0,0.8123150071241745,0.8123150071241745,Top |rho| within random pair sample; not global full-market top edge
2015-12-31,60,000159.XSHE,000159,国际实业,600567.XSHG,600567,山鹰国际,60,1.0,0.8120112173550069,0.8120112173550069,Top |rho| within random pair sample; not global full-market top edge
2015-12-31,60,002225.XSHE,002225,濮耐股份,600717.XSHG,600717,天津港,60,1.0,0.8116034847346,0.8116034847346,Top |rho| within random pair sample; not global full-market top edge
2015-12-31,60,002225.XSHE,002225,濮耐股份,600993.XSHG,600993,马应龙,60,1.0,0.8096582142591803,0.8096582142591803,Top |rho| within random pair sample; not global full-market top edge
2015-12-31,60,000548.XSHE,000548,湖南投资,600327.XSHG,600327,大东方,60,1.0,0.8094780882786136,0.8094780882786136,Top |rho| within random pair sample; not global full-market top edge
2015-12-31,60,000900.XSHE,000900,现代投资,601929.XSHG,601929,吉视传媒,60,1.0,0.8088840267056718,0.8088840267056718,Top |rho| within random pair sample; not global full-market top edge
2015-12-31,60,002646.XSHE,002646,天佑德酒,601218.XSHG,601218,吉鑫科技,60,1.0,0.808860709899942,0.808860709899942,Top |rho| within random pair sample; not global full-market top edge
2015-12-31,60,000338.XSHE,000338,潍柴动力,600123.XSHG,600123,兰花科创,60,1.0,0.8062082014319818,0.8062082014319818,Top |rho| within random pair sample; not global full-market top edge
2015-12-31,60,000636.XSHE,000636,风华高科,600488.XSHG,600488,津药药业,54,0.9,0.8059830792608228,0.8059830792608228,Top |rho| within random pair sample; not global full-market top edge
2015-12-31,60,000883.XSHE,000883,湖北能源,000897.XSHE,000897,津滨发展,60,1.0,0.8044432889548432,0.8044432889548432,Top |rho| within random pair sample; not global full-market top edge
2015-12-31,60,002132.XSHE,002132,恒星科技,600546.XSHG,600546,山煤国际,60,1.0,0.8038042360863668,0.8038042360863668,Top |rho| within random pair sample; not global full-market top edge
2015-12-31,60,000768.XSHE,000768,中航西飞,600178.XSHG,600178,东安动力,60,1.0,0.803790467125163,0.803790467125163,Top |rho| within random pair sample; not global full-market top edge
2015-12-31,60,002078.XSHE,002078,太阳纸业,002225.XSHE,002225,濮耐股份,58,0.9666666666666667,0.8032756890799214,0.8032756890799214,Top |rho| within random pair sample; not global full-market top edge
2015-12-31,60,002657.XSHE,002657,中科金财,300059.XSHE,300059,东方财富,60,1.0,0.8031039681538696,0.8031039681538696,Top |rho| within random pair sample; not global full-market top edge
2015-12-31,60,000900.XSHE,000900,现代投资,600755.XSHG,600755,厦门国贸,60,1.0,0.801901637136087,0.801901637136087,Top |rho| within random pair sample; not global full-market top edge
2015-12-31,60,002690.XSHE,002690,美亚光电,300206.XSHE,300206,理邦仪器,60,1.0,0.8009281539689509,0.8009281539689509,Top |rho| within random pair sample; not global full-market top edge
2015-12-31,60,300055.XSHE,300055,万邦达,600327.XSHG,600327,大东方,60,1.0,0.800806740308568,0.800806740308568,Top |rho| within random pair sample; not global full-market top edge
2015-12-31,60,000932.XSHE,000932,华菱钢铁,601699.XSHG,601699,潞安环能,60,1.0,0.8001336299482161,0.8001336299482161,Top |rho| within random pair sample; not global full-market top edge
2015-12-31,60,000739.XSHE,000739,普洛药业,000897.XSHE,000897,津滨发展,60,1.0,0.7996095350666237,0.7996095350666237,Top |rho| within random pair sample; not global full-market top edge
2015-12-31,60,000589.XSHE,000589,贵州轮胎,000916.XSHE,000916,华北高速,60,1.0,0.798639994329116,0.798639994329116,Top |rho| within random pair sample; not global full-market top edge
2015-12-31,60,002753.XSHE,002753,永东股份,300476.XSHE,300476,胜宏科技,60,1.0,0.7976596280189772,0.7976596280189772,Top |rho| within random pair sample; not global full-market top edge
2015-12-31,60,002057.XSHE,002057,中钢天源,300034.XSHE,300034,钢研高纳,54,0.9,0.7967143036579332,0.7967143036579332,Top |rho| within random pair sample; not global full-market top edge
2015-12-31,60,002029.XSHE,002029,七匹狼,600321.XSHG,600321,正源股份,60,1.0,0.7964644728421754,0.7964644728421754,Top |rho| within random pair sample; not global full-market top edge
2015-12-31,60,002396.XSHE,002396,星网锐捷,002492.XSHE,002492,恒基达鑫,60,1.0,0.7963043529510394,0.7963043529510394,Top |rho| within random pair sample; not global full-market top edge
2015-12-31,60,002138.XSHE,002138,顺络电子,601929.XSHG,601929,吉视传媒,60,1.0,0.7956678576156571,0.7956678576156571,Top |rho| within random pair sample; not global full-market top edge
2015-12-31,60,000965.XSHE,000965,天保基建,002132.XSHE,002132,恒星科技,60,1.0,0.7949371225083538,0.7949371225083538,Top |rho| within random pair sample; not global full-market top edge
2015-12-31,60,002324.XSHE,002324,普利特,601218.XSHG,601218,吉鑫科技,60,1.0,0.793400955761192,0.793400955761192,Top |rho| within random pair sample; not global full-market top edge
2015-12-31,60,002573.XSHE,002573,清新环境,600874.XSHG,600874,创业环保,60,1.0,0.7924767601288999,0.7924767601288999,Top |rho| within random pair sample; not global full-market top edge
2015-12-31,60,000725.XSHE,000725,京东方A,000883.XSHE,000883,湖北能源,60,1.0,0.7923527959652612,0.7923527959652612,Top |rho| within random pair sample; not global full-market top edge
2015-12-31,60,002017.XSHE,002017,东信和平,300183.XSHE,300183,东软载波,60,1.0,0.7914862597982506,0.7914862597982506,Top |rho| within random pair sample; not global full-market top edge
2015-12-31,60,000859.XSHE,000859,国风新材,000900.XSHE,000900,现代投资,60,1.0,0.791368198631366,0.791368198631366,Top |rho| within random pair sample; not global full-market top edge
2015-12-31,60,300041.XSHE,300041,回天新材,300090.XSHE,300090,盛运退,60,1.0,0.7904156788000055,0.7904156788000055,Top |rho| within random pair sample; not global full-market top edge
2015-12-31,60,002328.XSHE,002328,新朋股份,601106.XSHG,601106,中国一重,60,1.0,0.790405985381234,0.790405985381234,Top |rho| within random pair sample; not global full-market top edge
2015-12-31,60,000088.XSHE,000088,盐田港,600082.XSHG,600082,ST海泰,60,1.0,0.7901020840245476,0.7901020840245476,Top |rho| within random pair sample; not global full-market top edge
2015-12-31,60,000589.XSHE,000589,贵州轮胎,600266.XSHG,600266,城建发展,60,1.0,0.7888501422074764,0.7888501422074764,Top |rho| within random pair sample; not global full-market top edge
2015-12-31,60,000828.XSHE,000828,东莞控股,002187.XSHE,002187,广百股份,60,1.0,0.7886335897772033,0.7886335897772033,Top |rho| within random pair sample; not global full-market top edge
2015-12-31,60,000798.XSHE,000798,中水渔业,000949.XSHE,000949,新乡化纤,55,0.9166666666666666,0.7885435635887181,0.7885435635887181,Top |rho| within random pair sample; not global full-market top edge
2015-12-31,60,000828.XSHE,000828,东莞控股,002078.XSHE,002078,太阳纸业,58,0.9666666666666667,0.7882915496892159,0.7882915496892159,Top |rho| within random pair sample; not global full-market top edge
2015-12-31,60,000767.XSHE,000767,晋控电力,600327.XSHG,600327,大东方,58,0.9666666666666667,0.7876050081207535,0.7876050081207535,Top |rho| within random pair sample; not global full-market top edge
2015-12-31,60,000404.XSHE,000404,长虹华意,600067.XSHG,600067,冠城新材,60,1.0,0.7874321328448359,0.7874321328448359,Top |rho| within random pair sample; not global full-market top edge
2015-12-31,60,002187.XSHE,002187,广百股份,603366.XSHG,603366,日出东方,60,1.0,0.7872237588930232,0.7872237588930232,Top |rho| within random pair sample; not global full-market top edge
2015-12-31,60,002266.XSHE,002266,浙富控股,600642.XSHG,600642,申能股份,60,1.0,0.7866418539170003,0.7866418539170003,Top |rho| within random pair sample; not global full-market top edge
2015-12-31,60,002398.XSHE,002398,垒知集团,600825.XSHG,600825,新华传媒,60,1.0,0.7866088159882657,0.7866088159882657,Top |rho| within random pair sample; not global full-market top edge
2015-12-31,60,002375.XSHE,002375,亚厦股份,600883.XSHG,600883,博闻科技,60,1.0,0.7865302838398933,0.7865302838398933,Top |rho| within random pair sample; not global full-market top edge
2015-12-31,60,002163.XSHE,002163,海南发展,600316.XSHG,600316,洪都航空,60,1.0,0.7856864904045022,0.7856864904045022,Top |rho| within random pair sample; not global full-market top edge
2015-12-31,60,002737.XSHE,002737,葵花药业,600594.XSHG,600594,益佰制药,60,1.0,0.7848112301708532,0.7848112301708532,Top |rho| within random pair sample; not global full-market top edge
2015-12-31,60,002022.XSHE,002022,科华生物,002144.XSHE,002144,宏达高科,60,1.0,0.7842754732037787,0.7842754732037787,Top |rho| within random pair sample; not global full-market top edge
2015-12-31,60,000422.XSHE,000422,湖北宜化,600322.XSHG,600322,津投城开,60,1.0,0.7841713748489105,0.7841713748489105,Top |rho| within random pair sample; not global full-market top edge
2015-12-31,60,000088.XSHE,000088,盐田港,000897.XSHE,000897,津滨发展,60,1.0,0.7832063322524861,0.7832063322524861,Top |rho| within random pair sample; not global full-market top edge
2015-12-31,60,002421.XSHE,002421,达实智能,600225.XSHG,600225,退市卓朗,60,1.0,0.7826469066313648,0.7826469066313648,Top |rho| within random pair sample; not global full-market top edge
2015-12-31,60,002151.XSHE,002151,北斗星通,601106.XSHG,601106,中国一重,60,1.0,0.7817452580017787,0.7817452580017787,Top |rho| within random pair sample; not global full-market top edge
2015-12-31,60,000683.XSHE,000683,博源化工,002267.XSHE,002267,陕天然气,60,1.0,0.7812851742272796,0.7812851742272796,Top |rho| within random pair sample; not global full-market top edge
2015-12-31,60,300005.XSHE,300005,探路者,600546.XSHG,600546,山煤国际,60,1.0,0.7802552642429614,0.7802552642429614,Top |rho| within random pair sample; not global full-market top edge
2015-12-31,60,002267.XSHE,002267,陕天然气,600266.XSHG,600266,城建发展,60,1.0,0.7801979690072267,0.7801979690072267,Top |rho| within random pair sample; not global full-market top edge
2015-12-31,60,300227.XSHE,300227,光韵达,300255.XSHE,300255,常山药业,60,1.0,0.7800637895940017,0.7800637895940017,Top |rho| within random pair sample; not global full-market top edge
2015-12-31,60,000528.XSHE,000528,柳工,600971.XSHG,600971,恒源煤电,60,1.0,0.7797462253842553,0.7797462253842553,Top |rho| within random pair sample; not global full-market top edge
2015-12-31,60,000830.XSHE,000830,鲁西化工,600311.XSHG,600311,*ST荣华,58,0.9666666666666667,0.7796952154446125,0.7796952154446125,Top |rho| within random pair sample; not global full-market top edge
2015-12-31,60,000419.XSHE,000419,通程控股,300439.XSHE,300439,美康生物,60,1.0,0.7782964657571675,0.7782964657571675,Top |rho| within random pair sample; not global full-market top edge
2015-12-31,60,000830.XSHE,000830,鲁西化工,600675.XSHG,600675,中华企业,60,1.0,0.7779692651785235,0.7779692651785235,Top |rho| within random pair sample; not global full-market top edge
2015-12-31,60,000623.XSHE,000623,吉林敖东,600348.XSHG,600348,华阳股份,60,1.0,0.7778930340292655,0.7778930340292655,Top |rho| within random pair sample; not global full-market top edge
2015-12-31,60,000937.XSHE,000937,冀中能源,600495.XSHG,600495,晋西车轴,60,1.0,0.7776843094858931,0.7776843094858931,Top |rho| within random pair sample; not global full-market top edge
2015-12-31,60,000830.XSHE,000830,鲁西化工,002646.XSHE,002646,天佑德酒,60,1.0,0.7772682088083065,0.7772682088083065,Top |rho| within random pair sample; not global full-market top edge
2015-12-31,60,002022.XSHE,002022,科华生物,300406.XSHE,300406,九强生物,60,1.0,0.7767890032050737,0.7767890032050737,Top |rho| within random pair sample; not global full-market top edge
2015-12-31,60,002765.XSHE,002765,蓝黛科技,300486.XSHE,300486,东杰智能,60,1.0,0.7767042954214936,0.7767042954214936,Top |rho| within random pair sample; not global full-market top edge
2015-12-31,60,002122.XSHE,002122,ST汇洲,300005.XSHE,300005,探路者,60,1.0,0.7763275904362459,0.7763275904362459,Top |rho| within random pair sample; not global full-market top edge
2015-12-31,60,000883.XSHE,000883,湖北能源,002736.XSHE,002736,国信证券,60,1.0,0.7761842478623229,0.7761842478623229,Top |rho| within random pair sample; not global full-market top edge
2015-12-31,60,002410.XSHE,002410,广联达,600594.XSHG,600594,益佰制药,60,1.0,0.7761802954407848,0.7761802954407848,Top |rho| within random pair sample; not global full-market top edge
2015-12-31,60,000429.XSHE,000429,粤高速A,600830.XSHG,600830,香溢融通,60,1.0,0.7760041326518513,0.7760041326518513,Top |rho| within random pair sample; not global full-market top edge
2015-12-31,60,300218.XSHE,300218,安利股份,600523.XSHG,600523,贵航股份,60,1.0,0.7757875884034723,0.7757875884034723,Top |rho| within random pair sample; not global full-market top edge
2015-12-31,60,300195.XSHE,300195,长荣股份,300259.XSHE,300259,新天科技,54,0.9,0.7755059588588908,0.7755059588588908,Top |rho| within random pair sample; not global full-market top edge
2015-12-31,60,002609.XSHE,002609,捷顺科技,300330.XSHE,300330,计通退,60,1.0,0.7749700134769948,0.7749700134769948,Top |rho| within random pair sample; not global full-market top edge
2015-12-31,60,000900.XSHE,000900,现代投资,002307.XSHE,002307,北新路桥,60,1.0,0.7741809128728256,0.7741809128728256,Top |rho| within random pair sample; not global full-market top edge
2015-12-31,60,000539.XSHE,000539,粤电力A,600236.XSHG,600236,桂冠电力,54,0.9,0.7739350542815788,0.7739350542815788,Top |rho| within random pair sample; not global full-market top edge
2015-12-31,60,002165.XSHE,002165,红宝丽,002398.XSHE,002398,垒知集团,57,0.95,0.7739128068355362,0.7739128068355362,Top |rho| within random pair sample; not global full-market top edge
2015-12-31,60,000581.XSHE,000581,威孚高科,600022.XSHG,600022,山东钢铁,60,1.0,0.7737047333204309,0.7737047333204309,Top |rho| within random pair sample; not global full-market top edge
2015-12-31,60,000404.XSHE,000404,长虹华意,002285.XSHE,002285,世联行,60,1.0,0.773644213279945,0.773644213279945,Top |rho| within random pair sample; not global full-market top edge
2015-12-31,60,000099.XSHE,000099,中信海直,600875.XSHG,600875,东方电气,60,1.0,0.7735465074115809,0.7735465074115809,Top |rho| within random pair sample; not global full-market top edge
2016-12-30,60,300270.XSHE,300270,中威电子,300358.XSHE,300358,楚天科技,60,1.0,0.8625852451190114,0.8625852451190114,Top |rho| within random pair sample; not global full-market top edge
2016-12-30,60,002463.XSHE,002463,沪电股份,601313.XSHG,601313,江南嘉捷,60,1.0,0.8533116447577904,0.8533116447577904,Top |rho| within random pair sample; not global full-market top edge
2016-12-30,60,002788.XSHE,002788,鹭燕医药,300421.XSHE,300421,力星股份,59,0.9833333333333333,0.8525419414630684,0.8525419414630684,Top |rho| within random pair sample; not global full-market top edge
2016-12-30,60,000917.XSHE,000917,电广传媒,300358.XSHE,300358,楚天科技,60,1.0,0.8160311690894055,0.8160311690894055,Top |rho| within random pair sample; not global full-market top edge
2016-12-30,60,002551.XSHE,002551,尚荣医疗,300048.XSHE,300048,合康新能,60,1.0,0.8159195826618402,0.8159195826618402,Top |rho| within random pair sample; not global full-market top edge
2016-12-30,60,002471.XSHE,002471,中超控股,300307.XSHE,300307,慈星股份,60,1.0,0.8144673448863584,0.8144673448863584,Top |rho| within random pair sample; not global full-market top edge
2016-12-30,60,300009.XSHE,300009,安科生物,300075.XSHE,300075,数字政通,60,1.0,0.809099387313129,0.809099387313129,Top |rho| within random pair sample; not global full-market top edge
2016-12-30,60,002152.XSHE,002152,广电运通,300147.XSHE,300147,*ST香雪,60,1.0,0.8039794042013593,0.8039794042013593,Top |rho| within random pair sample; not global full-market top edge
2016-12-30,60,300009.XSHE,300009,安科生物,300486.XSHE,300486,东杰智能,60,1.0,0.8026331056605379,0.8026331056605379,Top |rho| within random pair sample; not global full-market top edge
2016-12-30,60,002448.XSHE,002448,中原内配,300113.XSHE,300113,顺网科技,60,1.0,0.7967741529816941,0.7967741529816941,Top |rho| within random pair sample; not global full-market top edge
2016-12-30,60,002406.XSHE,002406,远东传动,002449.XSHE,002449,国星光电,60,1.0,0.7951877466485185,0.7951877466485185,Top |rho| within random pair sample; not global full-market top edge
2016-12-30,60,002504.XSHE,002504,*ST弘高,300113.XSHE,300113,顺网科技,60,1.0,0.7938017288970747,0.7938017288970747,Top |rho| within random pair sample; not global full-market top edge
2016-12-30,60,300251.XSHE,300251,光线传媒,300383.XSHE,300383,光环新网,60,1.0,0.7927711625270794,0.7927711625270794,Top |rho| within random pair sample; not global full-market top edge
2016-12-30,60,002407.XSHE,002407,多氟多,300014.XSHE,300014,亿纬锂能,60,1.0,0.7919612612096972,0.7919612612096972,Top |rho| within random pair sample; not global full-market top edge
2016-12-30,60,000420.XSHE,000420,吉林化纤,601222.XSHG,601222,林洋能源,60,1.0,0.7918949668638565,0.7918949668638565,Top |rho| within random pair sample; not global full-market top edge
2016-12-30,60,002514.XSHE,002514,*ST宝馨,300226.XSHE,300226,上海钢联,60,1.0,0.7893353227414678,0.7893353227414678,Top |rho| within random pair sample; not global full-market top edge
2016-12-30,60,300016.XSHE,300016,北陆药业,300085.XSHE,300085,银之杰,60,1.0,0.7892519338217696,0.7892519338217696,Top |rho| within random pair sample; not global full-market top edge
2016-12-30,60,000733.XSHE,000733,振华科技,300139.XSHE,300139,晓程科技,60,1.0,0.7871522095222007,0.7871522095222007,Top |rho| within random pair sample; not global full-market top edge
2016-12-30,60,002541.XSHE,002541,鸿路钢构,002627.XSHE,002627,三峡旅游,60,1.0,0.7860010943383755,0.7860010943383755,Top |rho| within random pair sample; not global full-market top edge
2016-12-30,60,300253.XSHE,300253,卫宁健康,601313.XSHG,601313,江南嘉捷,60,1.0,0.7834937498672371,0.7834937498672371,Top |rho| within random pair sample; not global full-market top edge
2016-12-30,60,000733.XSHE,000733,振华科技,002577.XSHE,002577,雷柏科技,60,1.0,0.7834301422994039,0.7834301422994039,Top |rho| within random pair sample; not global full-market top edge
2016-12-30,60,002371.XSHE,002371,北方华创,002546.XSHE,002546,新联电子,60,1.0,0.7815714557611182,0.7815714557611182,Top |rho| within random pair sample; not global full-market top edge
2016-12-30,60,000917.XSHE,000917,电广传媒,600602.XSHG,600602,云赛智联,60,1.0,0.7814225065491488,0.7814225065491488,Top |rho| within random pair sample; not global full-market top edge
2016-12-30,60,002433.XSHE,002433,太安退,002593.XSHE,002593,日上集团,60,1.0,0.7811746335612172,0.7811746335612172,Top |rho| within random pair sample; not global full-market top edge
2016-12-30,60,002527.XSHE,002527,新时达,300147.XSHE,300147,*ST香雪,60,1.0,0.780951203476898,0.780951203476898,Top |rho| within random pair sample; not global full-market top edge
2016-12-30,60,002477.XSHE,002477,雏鹰退,600897.XSHG,600897,厦门空港,60,1.0,0.7801900043429776,0.7801900043429776,Top |rho| within random pair sample; not global full-market top edge
2016-12-30,60,002029.XSHE,002029,七匹狼,600229.XSHG,600229,城市传媒,60,1.0,0.7794304619288563,0.7794304619288563,Top |rho| within random pair sample; not global full-market top edge
2016-12-30,60,000665.XSHE,000665,湖北广电,600854.XSHG,600854,春兰股份,60,1.0,0.7779062054613594,0.7779062054613594,Top |rho| within random pair sample; not global full-market top edge
2016-12-30,60,002474.XSHE,002474,榕基软件,300312.XSHE,300312,邦讯退,60,1.0,0.777462335469079,0.777462335469079,Top |rho| within random pair sample; not global full-market top edge
2016-12-30,60,002551.XSHE,002551,尚荣医疗,300152.XSHE,300152,*ST动力,60,1.0,0.7735837787793711,0.7735837787793711,Top |rho| within random pair sample; not global full-market top edge
2016-12-30,60,000681.XSHE,000681,视觉中国,002148.XSHE,002148,北纬科技,60,1.0,0.7674995419430594,0.7674995419430594,Top |rho| within random pair sample; not global full-market top edge
2016-12-30,60,002022.XSHE,002022,科华生物,300214.XSHE,300214,日科化学,60,1.0,0.7674227209583937,0.7674227209583937,Top |rho| within random pair sample; not global full-market top edge
2016-12-30,60,002673.XSHE,002673,西部证券,600999.XSHG,600999,招商证券,60,1.0,0.7646204923202838,0.7646204923202838,Top |rho| within random pair sample; not global full-market top edge
2016-12-30,60,002751.XSHE,002751,易尚退,300431.XSHE,300431,暴风退,60,1.0,0.7644160437934507,0.7644160437934507,Top |rho| within random pair sample; not global full-market top edge
2016-12-30,60,300007.XSHE,300007,汉威科技,300139.XSHE,300139,晓程科技,60,1.0,0.7643319765837313,0.7643319765837313,Top |rho| within random pair sample; not global full-market top edge
2016-12-30,60,300214.XSHE,300214,日科化学,600894.XSHG,600894,广日股份,60,1.0,0.7633785415875075,0.7633785415875075,Top |rho| within random pair sample; not global full-market top edge
2016-12-30,60,002781.XSHE,002781,奇信退,300412.XSHE,300412,迦南科技,60,1.0,0.7621801022494554,0.7621801022494554,Top |rho| within random pair sample; not global full-market top edge
2016-12-30,60,002741.XSHE,002741,光华科技,300193.XSHE,300193,佳士科技,60,1.0,0.7615507358605088,0.7615507358605088,Top |rho| within random pair sample; not global full-market top edge
2016-12-30,60,002401.XSHE,002401,中远海科,300079.XSHE,300079,数码视讯,60,1.0,0.7607244417885971,0.7607244417885971,Top |rho| within random pair sample; not global full-market top edge
2016-12-30,60,002483.XSHE,002483,润邦股份,300068.XSHE,300068,ST南都,60,1.0,0.7599155027432646,0.7599155027432646,Top |rho| within random pair sample; not global full-market top edge
2016-12-30,60,300024.XSHE,300024,机器人,300130.XSHE,300130,新国都,60,1.0,0.7597868057151337,0.7597868057151337,Top |rho| within random pair sample; not global full-market top edge
2016-12-30,60,000681.XSHE,000681,视觉中国,002197.XSHE,002197,证通电子,60,1.0,0.7596758604118335,0.7596758604118335,Top |rho| within random pair sample; not global full-market top edge
2016-12-30,60,000733.XSHE,000733,振华科技,300245.XSHE,300245,ST天玑,60,1.0,0.7590642753480382,0.7590642753480382,Top |rho| within random pair sample; not global full-market top edge
2016-12-30,60,002736.XSHE,002736,国信证券,600030.XSHG,600030,中信证券,60,1.0,0.7590361082183611,0.7590361082183611,Top |rho| within random pair sample; not global full-market top edge
2016-12-30,60,300066.XSHE,300066,三川智慧,300251.XSHE,300251,光线传媒,60,1.0,0.7583544980339685,0.7583544980339685,Top |rho| within random pair sample; not global full-market top edge
2016-12-30,60,002781.XSHE,002781,奇信退,603868.XSHG,603868,飞科电器,60,1.0,0.7579728356008454,0.7579728356008454,Top |rho| within random pair sample; not global full-market top edge
2016-12-30,60,002197.XSHE,002197,证通电子,300297.XSHE,300297,蓝盾退,60,1.0,0.7575673935098485,0.7575673935098485,Top |rho| within random pair sample; not global full-market top edge
2016-12-30,60,002029.XSHE,002029,七匹狼,300412.XSHE,300412,迦南科技,60,1.0,0.7565868636630569,0.7565868636630569,Top |rho| within random pair sample; not global full-market top edge
2016-12-30,60,002657.XSHE,002657,中科金财,300297.XSHE,300297,蓝盾退,60,1.0,0.7563778475879682,0.7563778475879682,Top |rho| within random pair sample; not global full-market top edge
2016-12-30,60,000665.XSHE,000665,湖北广电,600488.XSHG,600488,津药药业,57,0.95,0.7553192574872861,0.7553192574872861,Top |rho| within random pair sample; not global full-market top edge
2016-12-30,60,000498.XSHE,000498,山东路桥,002307.XSHE,002307,北新路桥,60,1.0,0.754683718630032,0.754683718630032,Top |rho| within random pair sample; not global full-market top edge
2016-12-30,60,002267.XSHE,002267,陕天然气,300146.XSHE,300146,汤臣倍健,57,0.95,0.7546406591057452,0.7546406591057452,Top |rho| within random pair sample; not global full-market top edge
2016-12-30,60,300139.XSHE,300139,晓程科技,300358.XSHE,300358,楚天科技,60,1.0,0.7533739717475906,0.7533739717475906,Top |rho| within random pair sample; not global full-market top edge
2016-12-30,60,002196.XSHE,002196,方正电机,300358.XSHE,300358,楚天科技,60,1.0,0.7523616266365024,0.7523616266365024,Top |rho| within random pair sample; not global full-market top edge
2016-12-30,60,000551.XSHE,000551,创元科技,002274.XSHE,002274,华昌化工,60,1.0,0.7523339464114404,0.7523339464114404,Top |rho| within random pair sample; not global full-market top edge
2016-12-30,60,300171.XSHE,300171,东富龙,601929.XSHG,601929,吉视传媒,60,1.0,0.7520270889234244,0.7520270889234244,Top |rho| within random pair sample; not global full-market top edge
2016-12-30,60,000031.XSHE,000031,大悦城,600737.XSHG,600737,中粮糖业,60,1.0,0.7514973198658336,0.7514973198658336,Top |rho| within random pair sample; not global full-market top edge
2016-12-30,60,000521.XSHE,000521,长虹美菱,002375.XSHE,002375,亚厦股份,60,1.0,0.751202968111708,0.751202968111708,Top |rho| within random pair sample; not global full-market top edge
2016-12-30,60,000521.XSHE,000521,长虹美菱,002317.XSHE,002317,众生药业,60,1.0,0.7508901622676571,0.7508901622676571,Top |rho| within random pair sample; not global full-market top edge
2016-12-30,60,002011.XSHE,002011,盾安环境,600127.XSHG,600127,金健米业,60,1.0,0.7503745617430976,0.7503745617430976,Top |rho| within random pair sample; not global full-market top edge
2016-12-30,60,300108.XSHE,300108,*ST吉药,300378.XSHE,300378,鼎捷数智,60,1.0,0.7498870919681543,0.7498870919681543,Top |rho| within random pair sample; not global full-market top edge
2016-12-30,60,300039.XSHE,300039,上海凯宝,300390.XSHE,300390,天华新能,60,1.0,0.7483759582719328,0.7483759582719328,Top |rho| within random pair sample; not global full-market top edge
2016-12-30,60,002540.XSHE,002540,亚太科技,600490.XSHG,600490,鹏欣资源,54,0.9,0.7465766338832872,0.7465766338832872,Top |rho| within random pair sample; not global full-market top edge
2016-12-30,60,000430.XSHE,000430,张家界,600738.XSHG,600738,丽尚国潮,60,1.0,0.7449719809151087,0.7449719809151087,Top |rho| within random pair sample; not global full-market top edge
2016-12-30,60,002433.XSHE,002433,太安退,300274.XSHE,300274,阳光电源,60,1.0,0.7445482290770251,0.7445482290770251,Top |rho| within random pair sample; not global full-market top edge
2016-12-30,60,300133.XSHE,300133,华策影视,600446.XSHG,600446,金证股份,60,1.0,0.7442381005870617,0.7442381005870617,Top |rho| within random pair sample; not global full-market top edge
2016-12-30,60,002433.XSHE,002433,太安退,601368.XSHG,601368,绿城水务,60,1.0,0.7438757934302848,0.7438757934302848,Top |rho| within random pair sample; not global full-market top edge
2016-12-30,60,002788.XSHE,002788,鹭燕医药,002789.XSHE,002789,*ST建艺,60,1.0,0.743166521689134,0.743166521689134,Top |rho| within random pair sample; not global full-market top edge
2016-12-30,60,300081.XSHE,300081,ST恒信,300264.XSHE,300264,佳创视讯,60,1.0,0.7425306388328219,0.7425306388328219,Top |rho| within random pair sample; not global full-market top edge
2016-12-30,60,002580.XSHE,002580,圣阳股份,300171.XSHE,300171,东富龙,57,0.95,0.7418507508765159,0.7418507508765159,Top |rho| within random pair sample; not global full-market top edge
2016-12-30,60,300041.XSHE,300041,回天新材,300214.XSHE,300214,日科化学,60,1.0,0.7418010901259713,0.7418010901259713,Top |rho| within random pair sample; not global full-market top edge
2016-12-30,60,300229.XSHE,300229,拓尔思,300440.XSHE,300440,运达科技,60,1.0,0.7411510864256227,0.7411510864256227,Top |rho| within random pair sample; not global full-market top edge
2016-12-30,60,002483.XSHE,002483,润邦股份,300440.XSHE,300440,运达科技,60,1.0,0.7395073733472932,0.7395073733472932,Top |rho| within random pair sample; not global full-market top edge
2016-12-30,60,002498.XSHE,002498,汉缆股份,600461.XSHG,600461,洪城环境,60,1.0,0.7390248561378641,0.7390248561378641,Top |rho| within random pair sample; not global full-market top edge
2016-12-30,60,300195.XSHE,300195,长荣股份,600218.XSHG,600218,全柴动力,60,1.0,0.7387515719770936,0.7387515719770936,Top |rho| within random pair sample; not global full-market top edge
2016-12-30,60,002467.XSHE,002467,二六三,600289.XSHG,600289,ST信通,60,1.0,0.7384380005870332,0.7384380005870332,Top |rho| within random pair sample; not global full-market top edge
2016-12-30,60,002528.XSHE,002528,*ST英飞,300079.XSHE,300079,数码视讯,60,1.0,0.7372016584289187,0.7372016584289187,Top |rho| within random pair sample; not global full-market top edge
2016-12-30,60,000851.XSHE,000851,*ST高鸿,300151.XSHE,300151,昌红科技,57,0.95,0.7360427285623916,0.7360427285623916,Top |rho| within random pair sample; not global full-market top edge
2016-12-30,60,002218.XSHE,002218,拓日新能,002449.XSHE,002449,国星光电,60,1.0,0.7348844428439179,0.7348844428439179,Top |rho| within random pair sample; not global full-market top edge
2016-12-30,60,300131.XSHE,300131,英唐智控,300279.XSHE,300279,和晶科技,60,1.0,0.7344915605687793,0.7344915605687793,Top |rho| within random pair sample; not global full-market top edge
2016-12-30,60,300049.XSHE,300049,福瑞医科,300329.XSHE,300329,海伦钢琴,60,1.0,0.7341968844801936,0.7341968844801936,Top |rho| within random pair sample; not global full-market top edge
2016-12-30,60,002683.XSHE,002683,广东宏大,300464.XSHE,300464,星徽股份,60,1.0,0.7336918796147509,0.7336918796147509,Top |rho| within random pair sample; not global full-market top edge
2016-12-30,60,002317.XSHE,002317,众生药业,002533.XSHE,002533,金杯电工,60,1.0,0.7336389267013851,0.7336389267013851,Top |rho| within random pair sample; not global full-market top edge
2016-12-30,60,002029.XSHE,002029,七匹狼,002060.XSHE,002060,广东建工,60,1.0,0.7332254525447405,0.7332254525447405,Top |rho| within random pair sample; not global full-market top edge
2016-12-30,60,300013.XSHE,300013,新宁物流,300151.XSHE,300151,昌红科技,60,1.0,0.7313547005134141,0.7313547005134141,Top |rho| within random pair sample; not global full-market top edge
2016-12-30,60,002528.XSHE,002528,*ST英飞,300170.XSHE,300170,汉得信息,60,1.0,0.7311105458708624,0.7311105458708624,Top |rho| within random pair sample; not global full-market top edge
2016-12-30,60,002091.XSHE,002091,江苏国泰,300137.XSHE,300137,先河环保,60,1.0,0.7309332537523504,0.7309332537523504,Top |rho| within random pair sample; not global full-market top edge
2016-12-30,60,300078.XSHE,300078,思创智联,300152.XSHE,300152,*ST动力,60,1.0,0.7308750833766192,0.7308750833766192,Top |rho| within random pair sample; not global full-market top edge
2016-12-30,60,002590.XSHE,002590,万安科技,300048.XSHE,300048,合康新能,60,1.0,0.7300367885187979,0.7300367885187979,Top |rho| within random pair sample; not global full-market top edge
2016-12-30,60,300260.XSHE,300260,新莱应材,600846.XSHG,600846,同济科技,60,1.0,0.7272168061920989,0.7272168061920989,Top |rho| within random pair sample; not global full-market top edge
2016-12-30,60,000548.XSHE,000548,湖南投资,600495.XSHG,600495,晋西车轴,60,1.0,0.7271812139755472,0.7271812139755472,Top |rho| within random pair sample; not global full-market top edge
2016-12-30,60,300020.XSHE,300020,ST银江,601368.XSHG,601368,绿城水务,60,1.0,0.7266260145446143,0.7266260145446143,Top |rho| within random pair sample; not global full-market top edge
2016-12-30,60,300016.XSHE,300016,北陆药业,300066.XSHE,300066,三川智慧,60,1.0,0.7264555937871715,0.7264555937871715,Top |rho| within random pair sample; not global full-market top edge
2016-12-30,60,002594.XSHE,002594,比亚迪,600446.XSHG,600446,金证股份,60,1.0,0.7264068227694732,0.7264068227694732,Top |rho| within random pair sample; not global full-market top edge
2016-12-30,60,002273.XSHE,002273,水晶光电,002546.XSHE,002546,新联电子,60,1.0,0.726142782875495,0.726142782875495,Top |rho| within random pair sample; not global full-market top edge
2016-12-30,60,000430.XSHE,000430,张家界,600333.XSHG,600333,长春燃气,60,1.0,0.7258438115073558,0.7258438115073558,Top |rho| within random pair sample; not global full-market top edge
2016-12-30,60,000665.XSHE,000665,湖北广电,300137.XSHE,300137,先河环保,60,1.0,0.7253755107702481,0.7253755107702481,Top |rho| within random pair sample; not global full-market top edge
2016-12-30,60,300139.XSHE,300139,晓程科技,300383.XSHE,300383,光环新网,60,1.0,0.725232294327333,0.725232294327333,Top |rho| within random pair sample; not global full-market top edge
2016-12-30,60,000751.XSHE,000751,锌业股份,002378.XSHE,002378,章源钨业,60,1.0,0.7251733322316899,0.7251733322316899,Top |rho| within random pair sample; not global full-market top edge
2016-12-30,60,300171.XSHE,300171,东富龙,300236.XSHE,300236,上海新阳,60,1.0,0.7235938805303065,0.7235938805303065,Top |rho| within random pair sample; not global full-market top edge
2017-12-29,60,300442.XSHE,300442,润泽科技,300516.XSHE,300516,久之洋,60,1.0,0.8513763556593608,0.8513763556593608,Top |rho| within random pair sample; not global full-market top edge
2017-12-29,60,002758.XSHE,002758,浙农股份,601208.XSHG,601208,东材科技,60,1.0,0.8385852428955546,0.8385852428955546,Top |rho| within random pair sample; not global full-market top edge
2017-12-29,60,000060.XSHE,000060,中金岭南,002378.XSHE,002378,章源钨业,60,1.0,0.8308558278391736,0.8308558278391736,Top |rho| within random pair sample; not global full-market top edge
2017-12-29,60,000923.XSHE,000923,河钢资源,002282.XSHE,002282,博深股份,60,1.0,0.8271541812177695,0.8271541812177695,Top |rho| within random pair sample; not global full-market top edge
2017-12-29,60,000565.XSHE,000565,渝三峡A,002342.XSHE,002342,巨力索具,60,1.0,0.8251913819390891,0.8251913819390891,Top |rho| within random pair sample; not global full-market top edge
2017-12-29,60,000582.XSHE,000582,北部湾港,600368.XSHG,600368,五洲交通,54,0.9,0.8195523350955202,0.8195523350955202,Top |rho| within random pair sample; not global full-market top edge
2017-12-29,60,002238.XSHE,002238,天威视讯,300029.XSHE,300029,天龙退,60,1.0,0.8173564583981391,0.8173564583981391,Top |rho| within random pair sample; not global full-market top edge
2017-12-29,60,000705.XSHE,000705,浙江震元,002328.XSHE,002328,新朋股份,60,1.0,0.803838171805208,0.803838171805208,Top |rho| within random pair sample; not global full-market top edge
2017-12-29,60,002577.XSHE,002577,雷柏科技,603015.XSHG,603015,弘讯科技,60,1.0,0.8026226633750522,0.8026226633750522,Top |rho| within random pair sample; not global full-market top edge
2017-12-29,60,000705.XSHE,000705,浙江震元,300348.XSHE,300348,长亮科技,60,1.0,0.7998862871228725,0.7998862871228725,Top |rho| within random pair sample; not global full-market top edge
2017-12-29,60,002574.XSHE,002574,明牌珠宝,600192.XSHG,600192,长城电工,60,1.0,0.7991297702019312,0.7991297702019312,Top |rho| within random pair sample; not global full-market top edge
2017-12-29,60,002487.XSHE,002487,大金重工,603615.XSHG,603615,茶花股份,60,1.0,0.7987985316559276,0.7987985316559276,Top |rho| within random pair sample; not global full-market top edge
2017-12-29,60,300179.XSHE,300179,四方达,601968.XSHG,601968,宝钢包装,60,1.0,0.7970728071632637,0.7970728071632637,Top |rho| within random pair sample; not global full-market top edge
2017-12-29,60,000616.XSHE,000616,*ST海投,600091.XSHG,600091,退市明科,60,1.0,0.793539868293573,0.793539868293573,Top |rho| within random pair sample; not global full-market top edge
2017-12-29,60,300177.XSHE,300177,中海达,300479.XSHE,300479,神思电子,59,0.9833333333333333,0.7919513898109991,0.7919513898109991,Top |rho| within random pair sample; not global full-market top edge
2017-12-29,60,000761.XSHE,000761,本钢板材,600782.XSHG,600782,新钢股份,60,1.0,0.7906586131147745,0.7906586131147745,Top |rho| within random pair sample; not global full-market top edge
2017-12-29,60,300200.XSHE,300200,高盟新材,603100.XSHG,603100,川仪股份,60,1.0,0.7892005894565809,0.7892005894565809,Top |rho| within random pair sample; not global full-market top edge
2017-12-29,60,002810.XSHE,002810,山东赫达,600356.XSHG,600356,恒丰纸业,60,1.0,0.7866099536681378,0.7866099536681378,Top |rho| within random pair sample; not global full-market top edge
2017-12-29,60,300066.XSHE,300066,三川智慧,600996.XSHG,600996,贵广网络,60,1.0,0.782491770831507,0.782491770831507,Top |rho| within random pair sample; not global full-market top edge
2017-12-29,60,002774.XSHE,002774,快意电梯,600577.XSHG,600577,精达股份,60,1.0,0.7822566055361885,0.7822566055361885,Top |rho| within random pair sample; not global full-market top edge
2017-12-29,60,002438.XSHE,002438,江苏神通,603015.XSHG,603015,弘讯科技,55,0.9166666666666666,0.7783057272688343,0.7783057272688343,Top |rho| within random pair sample; not global full-market top edge
2017-12-29,60,002885.XSHE,002885,京泉华,300670.XSHE,300670,大烨智能,60,1.0,0.7761670459432338,0.7761670459432338,Top |rho| within random pair sample; not global full-market top edge
2017-12-29,60,000937.XSHE,000937,冀中能源,603113.XSHG,603113,金能科技,60,1.0,0.7752157397071139,0.7752157397071139,Top |rho| within random pair sample; not global full-market top edge
2017-12-29,60,000705.XSHE,000705,浙江震元,300501.XSHE,300501,海顺新材,60,1.0,0.7734128488121771,0.7734128488121771,Top |rho| within random pair sample; not global full-market top edge
2017-12-29,60,001896.XSHE,001896,豫能控股,002795.XSHE,002795,永和智控,60,1.0,0.7731641369975701,0.7731641369975701,Top |rho| within random pair sample; not global full-market top edge
2017-12-29,60,002793.XSHE,002793,罗欣药业,300569.XSHE,300569,天能重工,60,1.0,0.7726121359419552,0.7726121359419552,Top |rho| within random pair sample; not global full-market top edge
2017-12-29,60,002870.XSHE,002870,香山股份,300611.XSHE,300611,美力科技,60,1.0,0.7709095282305677,0.7709095282305677,Top |rho| within random pair sample; not global full-market top edge
2017-12-29,60,002795.XSHE,002795,永和智控,603969.XSHG,603969,银龙股份,60,1.0,0.7702578396873137,0.7702578396873137,Top |rho| within random pair sample; not global full-market top edge
2017-12-29,60,002440.XSHE,002440,闰土股份,600352.XSHG,600352,浙江龙盛,60,1.0,0.7694920590250385,0.7694920590250385,Top |rho| within random pair sample; not global full-market top edge
2017-12-29,60,300150.XSHE,300150,世纪瑞尔,300533.XSHE,300533,冰川网络,60,1.0,0.7676274724426826,0.7676274724426826,Top |rho| within random pair sample; not global full-market top edge
2017-12-29,60,300305.XSHE,300305,裕兴股份,600020.XSHG,600020,中原高速,60,1.0,0.7660354538493522,0.7660354538493522,Top |rho| within random pair sample; not global full-market top edge
2017-12-29,60,300158.XSHE,300158,振东制药,603586.XSHG,603586,金麒麟,60,1.0,0.762475309219257,0.762475309219257,Top |rho| within random pair sample; not global full-market top edge
2017-12-29,60,002084.XSHE,002084,海鸥住工,300485.XSHE,300485,赛升药业,60,1.0,0.7613860936906627,0.7613860936906627,Top |rho| within random pair sample; not global full-market top edge
2017-12-29,60,002298.XSHE,002298,中电鑫龙,300107.XSHE,300107,建新股份,60,1.0,0.7613250242215381,0.7613250242215381,Top |rho| within random pair sample; not global full-market top edge
2017-12-29,60,002791.XSHE,002791,坚朗五金,300533.XSHE,300533,冰川网络,60,1.0,0.7592861239297362,0.7592861239297362,Top |rho| within random pair sample; not global full-market top edge
2017-12-29,60,002404.XSHE,002404,嘉欣丝绸,600843.XSHG,600843,上工申贝,58,0.9666666666666667,0.7588415795822114,0.7588415795822114,Top |rho| within random pair sample; not global full-market top edge
2017-12-29,60,002885.XSHE,002885,京泉华,300615.XSHE,300615,欣天科技,60,1.0,0.7586866660436025,0.7586866660436025,Top |rho| within random pair sample; not global full-market top edge
2017-12-29,60,000767.XSHE,000767,晋控电力,600784.XSHG,600784,鲁银投资,60,1.0,0.7575513602757687,0.7575513602757687,Top |rho| within random pair sample; not global full-market top edge
2017-12-29,60,000933.XSHE,000933,神火股份,600395.XSHG,600395,盘江股份,60,1.0,0.7573990989264096,0.7573990989264096,Top |rho| within random pair sample; not global full-market top edge
2017-12-29,60,300082.XSHE,300082,奥克股份,300540.XSHE,300540,蜀道装备,60,1.0,0.7569826097158268,0.7569826097158268,Top |rho| within random pair sample; not global full-market top edge
2017-12-29,60,300339.XSHE,300339,润和软件,300378.XSHE,300378,鼎捷数智,58,0.9666666666666667,0.75587601189539,0.75587601189539,Top |rho| within random pair sample; not global full-market top edge
2017-12-29,60,300047.XSHE,300047,天源迪科,603767.XSHG,603767,中马传动,60,1.0,0.755102492012713,0.755102492012713,Top |rho| within random pair sample; not global full-market top edge
2017-12-29,60,002315.XSHE,002315,焦点科技,600571.XSHG,600571,信雅达,60,1.0,0.7545771460842672,0.7545771460842672,Top |rho| within random pair sample; not global full-market top edge
2017-12-29,60,002291.XSHE,002291,遥望科技,002367.XSHE,002367,康力电梯,60,1.0,0.7538645217537081,0.7538645217537081,Top |rho| within random pair sample; not global full-market top edge
2017-12-29,60,002158.XSHE,002158,汉钟精机,300205.XSHE,300205,*ST天喻,60,1.0,0.7533535264561999,0.7533535264561999,Top |rho| within random pair sample; not global full-market top edge
2017-12-29,60,000708.XSHE,000708,中信特钢,601388.XSHG,601388,怡球资源,60,1.0,0.7515567395928338,0.7515567395928338,Top |rho| within random pair sample; not global full-market top edge
2017-12-29,60,002184.XSHE,002184,海得控制,603416.XSHG,603416,信捷电气,60,1.0,0.7497570678305178,0.7497570678305178,Top |rho| within random pair sample; not global full-market top edge
2017-12-29,60,000751.XSHE,000751,锌业股份,000795.XSHE,000795,英洛华,60,1.0,0.7495967587340264,0.7495967587340264,Top |rho| within random pair sample; not global full-market top edge
2017-12-29,60,300304.XSHE,300304,云意电气,600784.XSHG,600784,鲁银投资,60,1.0,0.7491824596787677,0.7491824596787677,Top |rho| within random pair sample; not global full-market top edge
2017-12-29,60,002438.XSHE,002438,江苏神通,601968.XSHG,601968,宝钢包装,55,0.9166666666666666,0.7480810064315755,0.7480810064315755,Top |rho| within random pair sample; not global full-market top edge
2017-12-29,60,000419.XSHE,000419,通程控股,603901.XSHG,603901,永创智能,60,1.0,0.7480454980691883,0.7480454980691883,Top |rho| within random pair sample; not global full-market top edge
2017-12-29,60,300092.XSHE,300092,科新机电,600560.XSHG,600560,金自天正,58,0.9666666666666667,0.7473010813554988,0.7473010813554988,Top |rho| within random pair sample; not global full-market top edge
2017-12-29,60,002011.XSHE,002011,盾安环境,002433.XSHE,002433,太安退,60,1.0,0.7472887859931793,0.7472887859931793,Top |rho| within random pair sample; not global full-market top edge
2017-12-29,60,002242.XSHE,002242,九阳股份,600433.XSHG,600433,冠豪高新,60,1.0,0.7458207117991229,0.7458207117991229,Top |rho| within random pair sample; not global full-market top edge
2017-12-29,60,002487.XSHE,002487,大金重工,300522.XSHE,300522,世名科技,60,1.0,0.7449868161048384,0.7449868161048384,Top |rho| within random pair sample; not global full-market top edge
2017-12-29,60,002097.XSHE,002097,山河智能,603859.XSHG,603859,能科科技,60,1.0,0.7441031152677665,0.7441031152677665,Top |rho| within random pair sample; not global full-market top edge
2017-12-29,60,000948.XSHE,000948,南天信息,600135.XSHG,600135,乐凯胶片,60,1.0,0.7428009851538677,0.7428009851538677,Top |rho| within random pair sample; not global full-market top edge
2017-12-29,60,300018.XSHE,300018,中元股份,300643.XSHE,300643,万通智控,60,1.0,0.7419710316079545,0.7419710316079545,Top |rho| within random pair sample; not global full-market top edge
2017-12-29,60,000705.XSHE,000705,浙江震元,603031.XSHG,603031,安孚科技,60,1.0,0.7419230357739223,0.7419230357739223,Top |rho| within random pair sample; not global full-market top edge
2017-12-29,60,300179.XSHE,300179,四方达,600243.XSHG,600243,*ST海华,60,1.0,0.7414435380789051,0.7414435380789051,Top |rho| within random pair sample; not global full-market top edge
2017-12-29,60,000598.XSHE,000598,兴蓉环境,601968.XSHG,601968,宝钢包装,60,1.0,0.741077239958043,0.741077239958043,Top |rho| within random pair sample; not global full-market top edge
2017-12-29,60,002861.XSHE,002861,瀛通通讯,300576.XSHE,300576,容大感光,60,1.0,0.7405006536035453,0.7405006536035453,Top |rho| within random pair sample; not global full-market top edge
2017-12-29,60,002190.XSHE,002190,成飞集成,600243.XSHG,600243,*ST海华,60,1.0,0.739652366803986,0.739652366803986,Top |rho| within random pair sample; not global full-market top edge
2017-12-29,60,000831.XSHE,000831,中国稀土,601168.XSHG,601168,西部矿业,60,1.0,0.7389355721308308,0.7389355721308308,Top |rho| within random pair sample; not global full-market top edge
2017-12-29,60,300212.XSHE,300212,*ST易录,600846.XSHG,600846,同济科技,60,1.0,0.7370324882460728,0.7370324882460728,Top |rho| within random pair sample; not global full-market top edge
2017-12-29,60,000598.XSHE,000598,兴蓉环境,300530.XSHE,300530,领湃科技,60,1.0,0.7359764875441019,0.7359764875441019,Top |rho| within random pair sample; not global full-market top edge
2017-12-29,60,002031.XSHE,002031,巨轮智能,002620.XSHE,002620,*ST瑞和,60,1.0,0.7358330123341541,0.7358330123341541,Top |rho| within random pair sample; not global full-market top edge
2017-12-29,60,002487.XSHE,002487,大金重工,300075.XSHE,300075,数字政通,60,1.0,0.7357304535964156,0.7357304535964156,Top |rho| within random pair sample; not global full-market top edge
2017-12-29,60,002073.XSHE,002073,软控股份,300333.XSHE,300333,兆日科技,60,1.0,0.7352582090511092,0.7352582090511092,Top |rho| within random pair sample; not global full-market top edge
2017-12-29,60,300339.XSHE,300339,润和软件,600560.XSHG,600560,金自天正,58,0.9666666666666667,0.7344311561810279,0.7344311561810279,Top |rho| within random pair sample; not global full-market top edge
2017-12-29,60,002883.XSHE,002883,*ST中设,603985.XSHG,603985,恒润股份,60,1.0,0.7342103005021937,0.7342103005021937,Top |rho| within random pair sample; not global full-market top edge
2017-12-29,60,300339.XSHE,300339,润和软件,600784.XSHG,600784,鲁银投资,58,0.9666666666666667,0.7339968326363528,0.7339968326363528,Top |rho| within random pair sample; not global full-market top edge
2017-12-29,60,002144.XSHE,002144,宏达高科,603738.XSHG,603738,泰晶科技,60,1.0,0.7339686571433104,0.7339686571433104,Top |rho| within random pair sample; not global full-market top edge
2017-12-29,60,300193.XSHE,300193,佳士科技,300491.XSHE,300491,通合科技,60,1.0,0.7337467663422763,0.7337467663422763,Top |rho| within random pair sample; not global full-market top edge
2017-12-29,60,300151.XSHE,300151,昌红科技,300205.XSHE,300205,*ST天喻,60,1.0,0.7336789627943835,0.7336789627943835,Top |rho| within random pair sample; not global full-market top edge
2017-12-29,60,002342.XSHE,002342,巨力索具,601218.XSHG,601218,吉鑫科技,60,1.0,0.7321998664626638,0.7321998664626638,Top |rho| within random pair sample; not global full-market top edge
2017-12-29,60,002872.XSHE,002872,ST天圣,600475.XSHG,600475,华光环能,60,1.0,0.7307251528840775,0.7307251528840775,Top |rho| within random pair sample; not global full-market top edge
2017-12-29,60,002593.XSHE,002593,日上集团,600356.XSHG,600356,恒丰纸业,60,1.0,0.7303488981702991,0.7303488981702991,Top |rho| within random pair sample; not global full-market top edge
2017-12-29,60,000665.XSHE,000665,湖北广电,002533.XSHE,002533,金杯电工,60,1.0,0.7295295274790163,0.7295295274790163,Top |rho| within random pair sample; not global full-market top edge
2017-12-29,60,002888.XSHE,002888,惠威科技,603331.XSHG,603331,百达精工,60,1.0,0.7292752106537256,0.7292752106537256,Top |rho| within random pair sample; not global full-market top edge
2017-12-29,60,002144.XSHE,002144,宏达高科,603166.XSHG,603166,福达股份,60,1.0,0.7291879077407694,0.7291879077407694,Top |rho| within random pair sample; not global full-market top edge
2017-12-29,60,002084.XSHE,002084,海鸥住工,600866.XSHG,600866,星湖科技,60,1.0,0.7283853253406771,0.7283853253406771,Top |rho| within random pair sample; not global full-market top edge
2017-12-29,60,300162.XSHE,300162,雷曼光电,600178.XSHG,600178,东安动力,60,1.0,0.7283574400646478,0.7283574400646478,Top |rho| within random pair sample; not global full-market top edge
2017-12-29,60,002243.XSHE,002243,力合科创,600356.XSHG,600356,恒丰纸业,60,1.0,0.7279437262129116,0.7279437262129116,Top |rho| within random pair sample; not global full-market top edge
2017-12-29,60,000151.XSHE,000151,中成股份,002577.XSHE,002577,雷柏科技,60,1.0,0.7271200038405875,0.7271200038405875,Top |rho| within random pair sample; not global full-market top edge
2017-12-29,60,300348.XSHE,300348,长亮科技,600536.XSHG,600536,中国软件,60,1.0,0.7270345171625313,0.7270345171625313,Top |rho| within random pair sample; not global full-market top edge
2017-12-29,60,000070.XSHE,000070,特发信息,300608.XSHE,300608,思特奇,60,1.0,0.7270118904980422,0.7270118904980422,Top |rho| within random pair sample; not global full-market top edge
2017-12-29,60,300127.XSHE,300127,银河磁体,300265.XSHE,300265,通光线缆,60,1.0,0.7269885891396873,0.7269885891396873,Top |rho| within random pair sample; not global full-market top edge
2017-12-29,60,002298.XSHE,002298,中电鑫龙,300537.XSHE,300537,广信材料,60,1.0,0.7268459744934325,0.7268459744934325,Top |rho| within random pair sample; not global full-market top edge
2017-12-29,60,002328.XSHE,002328,新朋股份,300359.XSHE,300359,全通教育,60,1.0,0.726711187586174,0.726711187586174,Top |rho| within random pair sample; not global full-market top edge
2017-12-29,60,300442.XSHE,300442,润泽科技,603028.XSHG,603028,赛福天,60,1.0,0.7261882004136544,0.7261882004136544,Top |rho| within random pair sample; not global full-market top edge
2017-12-29,60,002541.XSHE,002541,鸿路钢构,603421.XSHG,603421,鼎信通讯,60,1.0,0.7259686494320196,0.7259686494320196,Top |rho| within random pair sample; not global full-market top edge
2017-12-29,60,002871.XSHE,002871,伟隆股份,300062.XSHE,300062,中能电气,60,1.0,0.725555477701716,0.725555477701716,Top |rho| within random pair sample; not global full-market top edge
2017-12-29,60,300099.XSHE,300099,尤洛卡,600831.XSHG,600831,广电网络,60,1.0,0.7255115154132759,0.7255115154132759,Top |rho| within random pair sample; not global full-market top edge
2017-12-29,60,002657.XSHE,002657,中科金财,300380.XSHE,300380,安硕信息,60,1.0,0.7254591895796841,0.7254591895796841,Top |rho| within random pair sample; not global full-market top edge
2017-12-29,60,300265.XSHE,300265,通光线缆,603803.XSHG,603803,瑞斯康达,60,1.0,0.7248868782721101,0.7248868782721101,Top |rho| within random pair sample; not global full-market top edge
2017-12-29,60,000973.XSHE,000973,佛塑科技,002795.XSHE,002795,永和智控,60,1.0,0.7245459678266459,0.7245459678266459,Top |rho| within random pair sample; not global full-market top edge
2017-12-29,60,300150.XSHE,300150,世纪瑞尔,300326.XSHE,300326,ST凯利,60,1.0,0.7244872736264686,0.7244872736264686,Top |rho| within random pair sample; not global full-market top edge
2017-12-29,60,002835.XSHE,002835,同为股份,300018.XSHE,300018,中元股份,60,1.0,0.7241656657376547,0.7241656657376547,Top |rho| within random pair sample; not global full-market top edge
2017-12-29,60,300051.XSHE,300051,琏升科技,300315.XSHE,300315,掌趣科技,60,1.0,0.7240859107381372,0.7240859107381372,Top |rho| within random pair sample; not global full-market top edge
2018-12-28,60,002839.XSHE,002839,张家港行,600908.XSHG,600908,无锡银行,60,1.0,0.9384110352831208,0.9384110352831208,Top |rho| within random pair sample; not global full-market top edge
2018-12-28,60,000596.XSHE,000596,古井贡酒,603589.XSHG,603589,口子窖,60,1.0,0.9123844083432796,0.9123844083432796,Top |rho| within random pair sample; not global full-market top edge
2018-12-28,60,000831.XSHE,000831,中国稀土,600549.XSHG,600549,厦门钨业,60,1.0,0.9048949661023943,0.9048949661023943,Top |rho| within random pair sample; not global full-market top edge
2018-12-28,60,300035.XSHE,300035,中科电气,300385.XSHE,300385,ST雪浪,60,1.0,0.8893220743442851,0.8893220743442851,Top |rho| within random pair sample; not global full-market top edge
2018-12-28,60,300239.XSHE,300239,东宝生物,600375.XSHG,600375,汉马科技,60,1.0,0.8873407201230032,0.8873407201230032,Top |rho| within random pair sample; not global full-market top edge
2018-12-28,60,000425.XSHE,000425,徐工机械,601117.XSHG,601117,中国化学,60,1.0,0.8869803759001869,0.8869803759001869,Top |rho| within random pair sample; not global full-market top edge
2018-12-28,60,000822.XSHE,000822,山东海化,002092.XSHE,002092,中泰化学,60,1.0,0.8830989360500353,0.8830989360500353,Top |rho| within random pair sample; not global full-market top edge
2018-12-28,60,002682.XSHE,002682,龙洲股份,300354.XSHE,300354,东华测试,60,1.0,0.8819622701106391,0.8819622701106391,Top |rho| within random pair sample; not global full-market top edge
2018-12-28,60,000060.XSHE,000060,中金岭南,600327.XSHG,600327,大东方,60,1.0,0.8770042208455208,0.8770042208455208,Top |rho| within random pair sample; not global full-market top edge
2018-12-28,60,002275.XSHE,002275,桂林三金,002523.XSHE,002523,天桥起重,60,1.0,0.8735217144025458,0.8735217144025458,Top |rho| within random pair sample; not global full-market top edge
2018-12-28,60,000012.XSHE,000012,南玻A,600336.XSHG,600336,澳柯玛,60,1.0,0.8733797499868851,0.8733797499868851,Top |rho| within random pair sample; not global full-market top edge
2018-12-28,60,000066.XSHE,000066,中国长城,600035.XSHG,600035,楚天高速,60,1.0,0.8731850308158099,0.8731850308158099,Top |rho| within random pair sample; not global full-market top edge
2018-12-28,60,000700.XSHE,000700,模塑科技,001896.XSHE,001896,豫能控股,60,1.0,0.8730106416875876,0.8730106416875876,Top |rho| within random pair sample; not global full-market top edge
2018-12-28,60,000705.XSHE,000705,浙江震元,601608.XSHG,601608,中信重工,60,1.0,0.8727335457820593,0.8727335457820593,Top |rho| within random pair sample; not global full-market top edge
2018-12-28,60,000785.XSHE,000785,居然智家,600713.XSHG,600713,南京医药,60,1.0,0.8684219947367531,0.8684219947367531,Top |rho| within random pair sample; not global full-market top edge
2018-12-28,60,002682.XSHE,002682,龙洲股份,300208.XSHE,300208,中程退,60,1.0,0.8679859663914249,0.8679859663914249,Top |rho| within random pair sample; not global full-market top edge
2018-12-28,60,300154.XSHE,300154,瑞凌股份,300489.XSHE,300489,光智科技,60,1.0,0.8660473702190196,0.8660473702190196,Top |rho| within random pair sample; not global full-market top edge
2018-12-28,60,002092.XSHE,002092,中泰化学,601997.XSHG,601997,贵阳银行,60,1.0,0.8656736062670776,0.8656736062670776,Top |rho| within random pair sample; not global full-market top edge
2018-12-28,60,300035.XSHE,300035,中科电气,603232.XSHG,603232,格尔软件,60,1.0,0.8656532347172315,0.8656532347172315,Top |rho| within random pair sample; not global full-market top edge
2018-12-28,60,000059.XSHE,000059,华锦股份,600726.XSHG,600726,华电能源,60,1.0,0.8653583019534454,0.8653583019534454,Top |rho| within random pair sample; not global full-market top edge
2018-12-28,60,002391.XSHE,002391,长青股份,601366.XSHG,601366,利群股份,60,1.0,0.8650679283705938,0.8650679283705938,Top |rho| within random pair sample; not global full-market top edge
2018-12-28,60,300354.XSHE,300354,东华测试,601163.XSHG,601163,三角轮胎,60,1.0,0.8648340468812042,0.8648340468812042,Top |rho| within random pair sample; not global full-market top edge
2018-12-28,60,002380.XSHE,002380,科远智慧,600710.XSHG,600710,苏美达,60,1.0,0.8613067831801603,0.8613067831801603,Top |rho| within random pair sample; not global full-market top edge
2018-12-28,60,000680.XSHE,000680,山推股份,002222.XSHE,002222,福晶科技,60,1.0,0.8609140144711478,0.8609140144711478,Top |rho| within random pair sample; not global full-market top edge
2018-12-28,60,000761.XSHE,000761,本钢板材,600428.XSHG,600428,中远海特,60,1.0,0.8608388883943835,0.8608388883943835,Top |rho| within random pair sample; not global full-market top edge
2018-12-28,60,002246.XSHE,002246,北化股份,601086.XSHG,601086,国芳集团,60,1.0,0.8606497538270299,0.8606497538270299,Top |rho| within random pair sample; not global full-market top edge
2018-12-28,60,300397.XSHE,300397,天和防务,600135.XSHG,600135,乐凯胶片,60,1.0,0.8604317904254122,0.8604317904254122,Top |rho| within random pair sample; not global full-market top edge
2018-12-28,60,002872.XSHE,002872,ST天圣,601608.XSHG,601608,中信重工,60,1.0,0.8598115291529395,0.8598115291529395,Top |rho| within random pair sample; not global full-market top edge
2018-12-28,60,000725.XSHE,000725,京东方A,601366.XSHG,601366,利群股份,60,1.0,0.8597590857547514,0.8597590857547514,Top |rho| within random pair sample; not global full-market top edge
2018-12-28,60,002682.XSHE,002682,龙洲股份,300419.XSHE,300419,ST浩丰,60,1.0,0.8582088446354815,0.8582088446354815,Top |rho| within random pair sample; not global full-market top edge
2018-12-28,60,300307.XSHE,300307,慈星股份,603286.XSHG,603286,日盈电子,60,1.0,0.8575641554654685,0.8575641554654685,Top |rho| within random pair sample; not global full-market top edge
2018-12-28,60,002375.XSHE,002375,亚厦股份,002380.XSHE,002380,科远智慧,60,1.0,0.8572447098007743,0.8572447098007743,Top |rho| within random pair sample; not global full-market top edge
2018-12-28,60,002325.XSHE,002325,*ST洪涛,600706.XSHG,600706,曲江文旅,60,1.0,0.8566193646699234,0.8566193646699234,Top |rho| within random pair sample; not global full-market top edge
2018-12-28,60,000970.XSHE,000970,中科三环,600841.XSHG,600841,动力新科,60,1.0,0.8563517749411571,0.8563517749411571,Top |rho| within random pair sample; not global full-market top edge
2018-12-28,60,000066.XSHE,000066,中国长城,002283.XSHE,002283,天润工业,60,1.0,0.8562168651979961,0.8562168651979961,Top |rho| within random pair sample; not global full-market top edge
2018-12-28,60,002195.XSHE,002195,岩山科技,600022.XSHG,600022,山东钢铁,60,1.0,0.8558287757554424,0.8558287757554424,Top |rho| within random pair sample; not global full-market top edge
2018-12-28,60,000859.XSHE,000859,国风新材,300358.XSHE,300358,楚天科技,60,1.0,0.855047030005192,0.855047030005192,Top |rho| within random pair sample; not global full-market top edge
2018-12-28,60,002186.XSHE,002186,全聚德,600714.XSHG,600714,金瑞矿业,60,1.0,0.8530546487138851,0.8530546487138851,Top |rho| within random pair sample; not global full-market top edge
2018-12-28,60,002561.XSHE,002561,徐家汇,600694.XSHG,600694,大商股份,60,1.0,0.8526070769966314,0.8526070769966314,Top |rho| within random pair sample; not global full-market top edge
2018-12-28,60,000417.XSHE,000417,合百集团,002195.XSHE,002195,岩山科技,60,1.0,0.8524961337171761,0.8524961337171761,Top |rho| within random pair sample; not global full-market top edge
2018-12-28,60,002060.XSHE,002060,广东建工,601866.XSHG,601866,中远海发,60,1.0,0.8517054923036124,0.8517054923036124,Top |rho| within random pair sample; not global full-market top edge
2018-12-28,60,002533.XSHE,002533,金杯电工,600713.XSHG,600713,南京医药,60,1.0,0.850879865299029,0.850879865299029,Top |rho| within random pair sample; not global full-market top edge
2018-12-28,60,300064.XSHE,300064,金刚退,600571.XSHG,600571,信雅达,60,1.0,0.8503589570961202,0.8503589570961202,Top |rho| within random pair sample; not global full-market top edge
2018-12-28,60,002144.XSHE,002144,宏达高科,002918.XSHE,002918,蒙娜丽莎,60,1.0,0.8502590428801693,0.8502590428801693,Top |rho| within random pair sample; not global full-market top edge
2018-12-28,60,300460.XSHE,300460,ST惠伦,600051.XSHG,600051,宁波联合,60,1.0,0.85019234639495,0.85019234639495,Top |rho| within random pair sample; not global full-market top edge
2018-12-28,60,000516.XSHE,000516,国际医学,002022.XSHE,002022,科华生物,60,1.0,0.849420943027458,0.849420943027458,Top |rho| within random pair sample; not global full-market top edge
2018-12-28,60,002043.XSHE,002043,兔宝宝,002060.XSHE,002060,广东建工,60,1.0,0.8493428324177482,0.8493428324177482,Top |rho| within random pair sample; not global full-market top edge
2018-12-28,60,000862.XSHE,000862,银星能源,601777.XSHG,601777,千里科技,60,1.0,0.8491031247942599,0.8491031247942599,Top |rho| within random pair sample; not global full-market top edge
2018-12-28,60,300415.XSHE,300415,伊之密,300485.XSHE,300485,赛升药业,60,1.0,0.8487627210235315,0.8487627210235315,Top |rho| within random pair sample; not global full-market top edge
2018-12-28,60,002378.XSHE,002378,章源钨业,600051.XSHG,600051,宁波联合,60,1.0,0.848021585886807,0.848021585886807,Top |rho| within random pair sample; not global full-market top edge
2018-12-28,60,002682.XSHE,002682,龙洲股份,600708.XSHG,600708,光明地产,60,1.0,0.8477206090509177,0.8477206090509177,Top |rho| within random pair sample; not global full-market top edge
2018-12-28,60,002186.XSHE,002186,全聚德,002449.XSHE,002449,国星光电,60,1.0,0.8471649945224408,0.8471649945224408,Top |rho| within random pair sample; not global full-market top edge
2018-12-28,60,300385.XSHE,300385,ST雪浪,600101.XSHG,600101,明星电力,60,1.0,0.8470893619960462,0.8470893619960462,Top |rho| within random pair sample; not global full-market top edge
2018-12-28,60,000878.XSHE,000878,云南铜业,002588.XSHE,002588,史丹利,60,1.0,0.8456101374219079,0.8456101374219079,Top |rho| within random pair sample; not global full-market top edge
2018-12-28,60,002186.XSHE,002186,全聚德,300404.XSHE,300404,博济医药,60,1.0,0.8454341424379072,0.8454341424379072,Top |rho| within random pair sample; not global full-market top edge
2018-12-28,60,002296.XSHE,002296,辉煌科技,300062.XSHE,300062,中能电气,60,1.0,0.8453052662282171,0.8453052662282171,Top |rho| within random pair sample; not global full-market top edge
2018-12-28,60,002283.XSHE,002283,天润工业,300304.XSHE,300304,云意电气,60,1.0,0.8443935448141994,0.8443935448141994,Top |rho| within random pair sample; not global full-market top edge
2018-12-28,60,002646.XSHE,002646,天佑德酒,300307.XSHE,300307,慈星股份,60,1.0,0.8435633175969084,0.8435633175969084,Top |rho| within random pair sample; not global full-market top edge
2018-12-28,60,002872.XSHE,002872,ST天圣,600449.XSHG,600449,宁夏建材,60,1.0,0.8434582596831025,0.8434582596831025,Top |rho| within random pair sample; not global full-market top edge
2018-12-28,60,000516.XSHE,000516,国际医学,601138.XSHG,601138,工业富联,60,1.0,0.8433881767710727,0.8433881767710727,Top |rho| within random pair sample; not global full-market top edge
2018-12-28,60,002279.XSHE,002279,久其软件,603229.XSHG,603229,奥翔药业,60,1.0,0.8432367808056691,0.8432367808056691,Top |rho| within random pair sample; not global full-market top edge
2018-12-28,60,000564.XSHE,000564,供销大集,300111.XSHE,300111,向日葵,60,1.0,0.8431386683957408,0.8431386683957408,Top |rho| within random pair sample; not global full-market top edge
2018-12-28,60,002222.XSHE,002222,福晶科技,600522.XSHG,600522,中天科技,60,1.0,0.8425819730457745,0.8425819730457745,Top |rho| within random pair sample; not global full-market top edge
2018-12-28,60,002574.XSHE,002574,明牌珠宝,002918.XSHE,002918,蒙娜丽莎,60,1.0,0.8420336448123484,0.8420336448123484,Top |rho| within random pair sample; not global full-market top edge
2018-12-28,60,002186.XSHE,002186,全聚德,601997.XSHG,601997,贵阳银行,60,1.0,0.8420312586722968,0.8420312586722968,Top |rho| within random pair sample; not global full-market top edge
2018-12-28,60,002386.XSHE,002386,天原股份,300460.XSHE,300460,ST惠伦,60,1.0,0.8419753516238496,0.8419753516238496,Top |rho| within random pair sample; not global full-market top edge
2018-12-28,60,000657.XSHE,000657,中钨高新,002149.XSHE,002149,西部材料,60,1.0,0.8418126237852702,0.8418126237852702,Top |rho| within random pair sample; not global full-market top edge
2018-12-28,60,000417.XSHE,000417,合百集团,600644.XSHG,600644,乐山电力,60,1.0,0.8405535553853835,0.8405535553853835,Top |rho| within random pair sample; not global full-market top edge
2018-12-28,60,002868.XSHE,002868,绿康生化,600190.XSHG,600190,退市锦港,60,1.0,0.8402767763960686,0.8402767763960686,Top |rho| within random pair sample; not global full-market top edge
2018-12-28,60,000680.XSHE,000680,山推股份,300254.XSHE,300254,仟源医药,60,1.0,0.8400723631534134,0.8400723631534134,Top |rho| within random pair sample; not global full-market top edge
2018-12-28,60,000157.XSHE,000157,中联重科,600190.XSHG,600190,退市锦港,60,1.0,0.8397390587881098,0.8397390587881098,Top |rho| within random pair sample; not global full-market top edge
2018-12-28,60,000564.XSHE,000564,供销大集,300035.XSHE,300035,中科电气,60,1.0,0.83906663939047,0.83906663939047,Top |rho| within random pair sample; not global full-market top edge
2018-12-28,60,002770.XSHE,002770,科迪退,300625.XSHE,300625,三雄极光,60,1.0,0.838570195221867,0.838570195221867,Top |rho| within random pair sample; not global full-market top edge
2018-12-28,60,000901.XSHE,000901,航天科技,002920.XSHE,002920,德赛西威,60,1.0,0.8385278676752163,0.8385278676752163,Top |rho| within random pair sample; not global full-market top edge
2018-12-28,60,000425.XSHE,000425,徐工机械,300437.XSHE,300437,清水源,60,1.0,0.8374266608703322,0.8374266608703322,Top |rho| within random pair sample; not global full-market top edge
2018-12-28,60,000404.XSHE,000404,长虹华意,603878.XSHG,603878,武进不锈,60,1.0,0.8360406959232131,0.8360406959232131,Top |rho| within random pair sample; not global full-market top edge
2018-12-28,60,002932.XSHE,002932,*ST明德,300738.XSHE,300738,奥飞数据,60,1.0,0.8356993219194486,0.8356993219194486,Top |rho| within random pair sample; not global full-market top edge
2018-12-28,60,000519.XSHE,000519,中兵红箭,600336.XSHG,600336,澳柯玛,60,1.0,0.8354852400329886,0.8354852400329886,Top |rho| within random pair sample; not global full-market top edge
2018-12-28,60,300354.XSHE,300354,东华测试,600017.XSHG,600017,日照港,60,1.0,0.8353820939051466,0.8353820939051466,Top |rho| within random pair sample; not global full-market top edge
2018-12-28,60,000099.XSHE,000099,中信海直,300150.XSHE,300150,世纪瑞尔,60,1.0,0.835363530752611,0.835363530752611,Top |rho| within random pair sample; not global full-market top edge
2018-12-28,60,300304.XSHE,300304,云意电气,600227.XSHG,600227,赤天化,60,1.0,0.8351541885920764,0.8351541885920764,Top |rho| within random pair sample; not global full-market top edge
2018-12-28,60,000066.XSHE,000066,中国长城,300085.XSHE,300085,银之杰,60,1.0,0.8350024836580163,0.8350024836580163,Top |rho| within random pair sample; not global full-market top edge
2018-12-28,60,300062.XSHE,300062,中能电气,600199.XSHG,600199,金种子酒,60,1.0,0.8346294496764192,0.8346294496764192,Top |rho| within random pair sample; not global full-market top edge
2018-12-28,60,300135.XSHE,300135,宝利国际,300380.XSHE,300380,安硕信息,60,1.0,0.8343800033095219,0.8343800033095219,Top |rho| within random pair sample; not global full-market top edge
2018-12-28,60,000581.XSHE,000581,威孚高科,300445.XSHE,300445,康斯特,60,1.0,0.833889184703532,0.833889184703532,Top |rho| within random pair sample; not global full-market top edge
2018-12-28,60,002526.XSHE,002526,山东矿机,600269.XSHG,600269,赣粤高速,60,1.0,0.8331749959647539,0.8331749959647539,Top |rho| within random pair sample; not global full-market top edge
2018-12-28,60,002140.XSHE,002140,东华科技,600391.XSHG,600391,航发科技,60,1.0,0.8330933218766315,0.8330933218766315,Top |rho| within random pair sample; not global full-market top edge
2018-12-28,60,000785.XSHE,000785,居然智家,300035.XSHE,300035,中科电气,60,1.0,0.8328391570477943,0.8328391570477943,Top |rho| within random pair sample; not global full-market top edge
2018-12-28,60,000157.XSHE,000157,中联重科,000965.XSHE,000965,天保基建,60,1.0,0.832540209809285,0.832540209809285,Top |rho| within random pair sample; not global full-market top edge
2018-12-28,60,002588.XSHE,002588,史丹利,002657.XSHE,002657,中科金财,60,1.0,0.8318335804992792,0.8318335804992792,Top |rho| within random pair sample; not global full-market top edge
2018-12-28,60,002559.XSHE,002559,亚威股份,300254.XSHE,300254,仟源医药,60,1.0,0.8313601732054475,0.8313601732054475,Top |rho| within random pair sample; not global full-market top edge
2018-12-28,60,000882.XSHE,000882,华联股份,300460.XSHE,300460,ST惠伦,60,1.0,0.8312700555722804,0.8312700555722804,Top |rho| within random pair sample; not global full-market top edge
2018-12-28,60,000591.XSHE,000591,太阳能,600839.XSHG,600839,四川长虹,60,1.0,0.8311516777125878,0.8311516777125878,Top |rho| within random pair sample; not global full-market top edge
2018-12-28,60,002344.XSHE,002344,海宁皮城,300288.XSHE,300288,朗玛信息,60,1.0,0.8311334585351449,0.8311334585351449,Top |rho| within random pair sample; not global full-market top edge
2018-12-28,60,000404.XSHE,000404,长虹华意,000809.XSHE,000809,和展能源,60,1.0,0.8309415953678562,0.8309415953678562,Top |rho| within random pair sample; not global full-market top edge
2018-12-28,60,000702.XSHE,000702,正虹科技,002277.XSHE,002277,友阿股份,60,1.0,0.830865764059766,0.830865764059766,Top |rho| within random pair sample; not global full-market top edge
2018-12-28,60,000564.XSHE,000564,供销大集,300330.XSHE,300330,计通退,60,1.0,0.8307687788227145,0.8307687788227145,Top |rho| within random pair sample; not global full-market top edge
2018-12-28,60,000005.XSHE,000005,ST星源,000680.XSHE,000680,山推股份,60,1.0,0.8305524311970067,0.8305524311970067,Top |rho| within random pair sample; not global full-market top edge
2018-12-28,60,000683.XSHE,000683,博源化工,600594.XSHG,600594,益佰制药,60,1.0,0.8301553198266256,0.8301553198266256,Top |rho| within random pair sample; not global full-market top edge
2018-12-28,60,002375.XSHE,002375,亚厦股份,601518.XSHG,601518,吉林高速,60,1.0,0.8301379212736603,0.8301379212736603,Top |rho| within random pair sample; not global full-market top edge
2019-12-31,60,002736.XSHE,002736,国信证券,601788.XSHG,601788,光大证券,60,1.0,0.8339187619259862,0.8339187619259862,Top |rho| within random pair sample; not global full-market top edge
2019-12-31,60,000078.XSHE,000078,ST海王,000597.XSHE,000597,东北制药,60,1.0,0.8013960623292926,0.8013960623292926,Top |rho| within random pair sample; not global full-market top edge
2019-12-31,60,300437.XSHE,300437,清水源,300597.XSHE,300597,吉大通信,60,1.0,0.7777942106045381,0.7777942106045381,Top |rho| within random pair sample; not global full-market top edge
2019-12-31,60,002041.XSHE,002041,登海种业,600313.XSHG,600313,农发种业,60,1.0,0.7561728580192237,0.7561728580192237,Top |rho| within random pair sample; not global full-market top edge
2019-12-31,60,000036.XSHE,000036,华联控股,000736.XSHE,000736,中交发展,60,1.0,0.7544835717826043,0.7544835717826043,Top |rho| within random pair sample; not global full-market top edge
2019-12-31,60,300228.XSHE,300228,富瑞特装,300375.XSHE,300375,鹏翎股份,60,1.0,0.745511602351172,0.745511602351172,Top |rho| within random pair sample; not global full-market top edge
2019-12-31,60,002093.XSHE,002093,国脉科技,600190.XSHG,600190,退市锦港,60,1.0,0.7440100597829871,0.7440100597829871,Top |rho| within random pair sample; not global full-market top edge
2019-12-31,60,300355.XSHE,300355,蒙草生态,600959.XSHG,600959,江苏有线,60,1.0,0.7400052160685071,0.7400052160685071,Top |rho| within random pair sample; not global full-market top edge
2019-12-31,60,300172.XSHE,300172,中电环保,600590.XSHG,600590,泰豪科技,60,1.0,0.7394571434964157,0.7394571434964157,Top |rho| within random pair sample; not global full-market top edge
2019-12-31,60,002060.XSHE,002060,广东建工,600312.XSHG,600312,平高电气,60,1.0,0.7387113624752188,0.7387113624752188,Top |rho| within random pair sample; not global full-market top edge
2019-12-31,60,000850.XSHE,000850,华茂股份,600335.XSHG,600335,国机汽车,60,1.0,0.7362143171343569,0.7362143171343569,Top |rho| within random pair sample; not global full-market top edge
2019-12-31,60,000685.XSHE,000685,中山公用,600837.XSHG,600837,海通证券,60,1.0,0.7355915144863598,0.7355915144863598,Top |rho| within random pair sample; not global full-market top edge
2019-12-31,60,000922.XSHE,000922,佳电股份,002093.XSHE,002093,国脉科技,60,1.0,0.7343557531639419,0.7343557531639419,Top |rho| within random pair sample; not global full-market top edge
2019-12-31,60,300301.XSHE,300301,ST长方,603050.XSHG,603050,科林电气,60,1.0,0.7335032921239908,0.7335032921239908,Top |rho| within random pair sample; not global full-market top edge
2019-12-31,60,002093.XSHE,002093,国脉科技,002583.XSHE,002583,海能达,60,1.0,0.7304510604826526,0.7304510604826526,Top |rho| within random pair sample; not global full-market top edge
2019-12-31,60,000404.XSHE,000404,长虹华意,601992.XSHG,601992,金隅集团,60,1.0,0.7297965202942598,0.7297965202942598,Top |rho| within random pair sample; not global full-market top edge
2019-12-31,60,002673.XSHE,002673,西部证券,601108.XSHG,601108,财通证券,60,1.0,0.7295508308931311,0.7295508308931311,Top |rho| within random pair sample; not global full-market top edge
2019-12-31,60,000517.XSHE,000517,荣安地产,600180.XSHG,600180,*ST瑞茂,60,1.0,0.7275939631693533,0.7275939631693533,Top |rho| within random pair sample; not global full-market top edge
2019-12-31,60,000839.XSHE,000839,国安股份,600017.XSHG,600017,日照港,60,1.0,0.7254461705637637,0.7254461705637637,Top |rho| within random pair sample; not global full-market top edge
2019-12-31,60,000012.XSHE,000012,南玻A,000776.XSHE,000776,广发证券,60,1.0,0.7232820781588504,0.7232820781588504,Top |rho| within random pair sample; not global full-market top edge
2019-12-31,60,300120.XSHE,300120,经纬辉开,300288.XSHE,300288,朗玛信息,60,1.0,0.7213230122427019,0.7213230122427019,Top |rho| within random pair sample; not global full-market top edge
2019-12-31,60,002274.XSHE,002274,华昌化工,300355.XSHE,300355,蒙草生态,60,1.0,0.7205383301775237,0.7205383301775237,Top |rho| within random pair sample; not global full-market top edge
2019-12-31,60,300531.XSHE,300531,优博讯,603138.XSHG,603138,海量数据,60,1.0,0.7191505080201245,0.7191505080201245,Top |rho| within random pair sample; not global full-market top edge
2019-12-31,60,000777.XSHE,000777,中核科技,300157.XSHE,300157,新锦动力,60,1.0,0.7189130103428494,0.7189130103428494,Top |rho| within random pair sample; not global full-market top edge
2019-12-31,60,000850.XSHE,000850,华茂股份,600037.XSHG,600037,歌华有线,60,1.0,0.7187488616780884,0.7187488616780884,Top |rho| within random pair sample; not global full-market top edge
2019-12-31,60,300062.XSHE,300062,中能电气,300491.XSHE,300491,通合科技,60,1.0,0.7176858247290782,0.7176858247290782,Top |rho| within random pair sample; not global full-market top edge
2019-12-31,60,002112.XSHE,002112,三变科技,603767.XSHG,603767,中马传动,60,1.0,0.7173593312173976,0.7173593312173976,Top |rho| within random pair sample; not global full-market top edge
2019-12-31,60,300366.XSHE,300366,ST创意,300738.XSHE,300738,奥飞数据,60,1.0,0.7166291421568272,0.7166291421568272,Top |rho| within random pair sample; not global full-market top edge
2019-12-31,60,300195.XSHE,300195,长荣股份,603937.XSHG,603937,丽岛新材,60,1.0,0.7164156168523133,0.7164156168523133,Top |rho| within random pair sample; not global full-market top edge
2019-12-31,60,300165.XSHE,300165,天瑞仪器,300333.XSHE,300333,兆日科技,58,0.9666666666666667,0.7160710007719242,0.7160710007719242,Top |rho| within random pair sample; not global full-market top edge
2019-12-31,60,300442.XSHE,300442,润泽科技,300700.XSHE,300700,岱勒新材,60,1.0,0.715991869473259,0.715991869473259,Top |rho| within random pair sample; not global full-market top edge
2019-12-31,60,002038.XSHE,002038,双鹭药业,300255.XSHE,300255,常山药业,60,1.0,0.7146401562016953,0.7146401562016953,Top |rho| within random pair sample; not global full-market top edge
2019-12-31,60,000812.XSHE,000812,陕西金叶,603389.XSHG,603389,亚振家居,60,1.0,0.7146031796079109,0.7146031796079109,Top |rho| within random pair sample; not global full-market top edge
2019-12-31,60,000962.XSHE,000962,东方钽业,601311.XSHG,601311,骆驼股份,60,1.0,0.714403012698871,0.714403012698871,Top |rho| within random pair sample; not global full-market top edge
2019-12-31,60,300532.XSHE,300532,今天国际,603138.XSHG,603138,海量数据,60,1.0,0.7126577497891424,0.7126577497891424,Top |rho| within random pair sample; not global full-market top edge
2019-12-31,60,000070.XSHE,000070,特发信息,300634.XSHE,300634,彩讯股份,60,1.0,0.7108425368445179,0.7108425368445179,Top |rho| within random pair sample; not global full-market top edge
2019-12-31,60,002561.XSHE,002561,徐家汇,600067.XSHG,600067,冠城新材,60,1.0,0.7074538459000378,0.7074538459000378,Top |rho| within random pair sample; not global full-market top edge
2019-12-31,60,002882.XSHE,002882,金龙羽,603380.XSHG,603380,易德龙,60,1.0,0.7066397212112433,0.7066397212112433,Top |rho| within random pair sample; not global full-market top edge
2019-12-31,60,002112.XSHE,002112,三变科技,600829.XSHG,600829,人民同泰,60,1.0,0.706615058424382,0.706615058424382,Top |rho| within random pair sample; not global full-market top edge
2019-12-31,60,300517.XSHE,300517,海波重科,603580.XSHG,603580,艾艾精工,60,1.0,0.7064701533199235,0.7064701533199235,Top |rho| within random pair sample; not global full-market top edge
2019-12-31,60,300187.XSHE,300187,永清环保,603817.XSHG,603817,海峡环保,60,1.0,0.7047295452525362,0.7047295452525362,Top |rho| within random pair sample; not global full-market top edge
2019-12-31,60,300407.XSHE,300407,凯发电气,600269.XSHG,600269,赣粤高速,60,1.0,0.7040499456114155,0.7040499456114155,Top |rho| within random pair sample; not global full-market top edge
2019-12-31,60,002882.XSHE,002882,金龙羽,601236.XSHG,601236,红塔证券,60,1.0,0.7039296314072987,0.7039296314072987,Top |rho| within random pair sample; not global full-market top edge
2019-12-31,60,000563.XSHE,000563,陕国投A,600981.XSHG,600981,苏豪汇鸿,60,1.0,0.7024739926563187,0.7024739926563187,Top |rho| within random pair sample; not global full-market top edge
2019-12-31,60,300059.XSHE,300059,东方财富,600287.XSHG,600287,苏豪时尚,60,1.0,0.7015805034520075,0.7015805034520075,Top |rho| within random pair sample; not global full-market top edge
2019-12-31,60,002470.XSHE,002470,金正大,300597.XSHE,300597,吉大通信,60,1.0,0.7014353818986763,0.7014353818986763,Top |rho| within random pair sample; not global full-market top edge
2019-12-31,60,002197.XSHE,002197,证通电子,300531.XSHE,300531,优博讯,60,1.0,0.7013739871257125,0.7013739871257125,Top |rho| within random pair sample; not global full-market top edge
2019-12-31,60,002401.XSHE,002401,中远海科,600446.XSHG,600446,金证股份,60,1.0,0.699068178448991,0.699068178448991,Top |rho| within random pair sample; not global full-market top edge
2019-12-31,60,002609.XSHE,002609,捷顺科技,600804.XSHG,600804,退市鹏博,60,1.0,0.6984118264029292,0.6984118264029292,Top |rho| within random pair sample; not global full-market top edge
2019-12-31,60,300288.XSHE,300288,朗玛信息,603106.XSHG,603106,恒银科技,60,1.0,0.6980241010227506,0.6980241010227506,Top |rho| within random pair sample; not global full-market top edge
2019-12-31,60,300212.XSHE,300212,*ST易录,300451.XSHE,300451,创业慧康,60,1.0,0.6974329762667822,0.6974329762667822,Top |rho| within random pair sample; not global full-market top edge
2019-12-31,60,002171.XSHE,002171,楚江新材,600875.XSHG,600875,东方电气,60,1.0,0.6959118750641894,0.6959118750641894,Top |rho| within random pair sample; not global full-market top edge
2019-12-31,60,002140.XSHE,002140,东华科技,600410.XSHG,600410,华胜天成,60,1.0,0.695335777067808,0.695335777067808,Top |rho| within random pair sample; not global full-market top edge
2019-12-31,60,000517.XSHE,000517,荣安地产,300135.XSHE,300135,宝利国际,60,1.0,0.6938976282857757,0.6938976282857757,Top |rho| within random pair sample; not global full-market top edge
2019-12-31,60,002921.XSHE,002921,联诚精密,600178.XSHG,600178,东安动力,60,1.0,0.6930660250511025,0.6930660250511025,Top |rho| within random pair sample; not global full-market top edge
2019-12-31,60,000900.XSHE,000900,现代投资,002958.XSHE,002958,青农商行,60,1.0,0.6925845036198096,0.6925845036198096,Top |rho| within random pair sample; not global full-market top edge
2019-12-31,60,000616.XSHE,000616,*ST海投,600169.XSHG,600169,ST太重,60,1.0,0.6924301049970013,0.6924301049970013,Top |rho| within random pair sample; not global full-market top edge
2019-12-31,60,300048.XSHE,300048,合康新能,300444.XSHE,300444,双杰电气,60,1.0,0.6924028105853013,0.6924028105853013,Top |rho| within random pair sample; not global full-market top edge
2019-12-31,60,300444.XSHE,300444,双杰电气,600269.XSHG,600269,赣粤高速,60,1.0,0.6915172226870491,0.6915172226870491,Top |rho| within random pair sample; not global full-market top edge
2019-12-31,60,002034.XSHE,002034,旺能环境,600822.XSHG,600822,上海物贸,60,1.0,0.6901054105700541,0.6901054105700541,Top |rho| within random pair sample; not global full-market top edge
2019-12-31,60,000767.XSHE,000767,晋控电力,600113.XSHG,600113,浙江东日,60,1.0,0.6874775786613132,0.6874775786613132,Top |rho| within random pair sample; not global full-market top edge
2019-12-31,60,002040.XSHE,002040,南京港,600871.XSHG,600871,石化油服,60,1.0,0.6874441787744414,0.6874441787744414,Top |rho| within random pair sample; not global full-market top edge
2019-12-31,60,000698.XSHE,000698,ST沈化,600335.XSHG,600335,国机汽车,60,1.0,0.6873613520166965,0.6873613520166965,Top |rho| within random pair sample; not global full-market top edge
2019-12-31,60,002470.XSHE,002470,金正大,603937.XSHG,603937,丽岛新材,60,1.0,0.6871496552014807,0.6871496552014807,Top |rho| within random pair sample; not global full-market top edge
2019-12-31,60,002109.XSHE,002109,ST兴化,002246.XSHE,002246,北化股份,60,1.0,0.6864664584377008,0.6864664584377008,Top |rho| within random pair sample; not global full-market top edge
2019-12-31,60,000068.XSHE,000068,华控赛格,002824.XSHE,002824,和胜股份,60,1.0,0.6846656468194723,0.6846656468194723,Top |rho| within random pair sample; not global full-market top edge
2019-12-31,60,002551.XSHE,002551,尚荣医疗,600936.XSHG,600936,北投科技,60,1.0,0.6840035129059405,0.6840035129059405,Top |rho| within random pair sample; not global full-market top edge
2019-12-31,60,002628.XSHE,002628,成都路桥,600619.XSHG,600619,海立股份,60,1.0,0.6809302818496317,0.6809302818496317,Top |rho| within random pair sample; not global full-market top edge
2019-12-31,60,002095.XSHE,002095,生意宝,300213.XSHE,300213,佳讯飞鸿,60,1.0,0.6800704016450646,0.6800704016450646,Top |rho| within random pair sample; not global full-market top edge
2019-12-31,60,002571.XSHE,002571,德力股份,603020.XSHG,603020,爱普股份,60,1.0,0.6793681115018658,0.6793681115018658,Top |rho| within random pair sample; not global full-market top edge
2019-12-31,60,002346.XSHE,002346,柘中股份,600875.XSHG,600875,东方电气,60,1.0,0.6784080633412644,0.6784080633412644,Top |rho| within random pair sample; not global full-market top edge
2019-12-31,60,300333.XSHE,300333,兆日科技,600287.XSHG,600287,苏豪时尚,60,1.0,0.6782647559425095,0.6782647559425095,Top |rho| within random pair sample; not global full-market top edge
2019-12-31,60,300038.XSHE,300038,数知退,300447.XSHE,300447,全信股份,60,1.0,0.6779662052831087,0.6779662052831087,Top |rho| within random pair sample; not global full-market top edge
2019-12-31,60,002361.XSHE,002361,神剑股份,300228.XSHE,300228,富瑞特装,60,1.0,0.6775745214623751,0.6775745214623751,Top |rho| within random pair sample; not global full-market top edge
2019-12-31,60,300353.XSHE,300353,东土科技,600936.XSHG,600936,北投科技,60,1.0,0.6768912321156709,0.6768912321156709,Top |rho| within random pair sample; not global full-market top edge
2019-12-31,60,002421.XSHE,002421,达实智能,300333.XSHE,300333,兆日科技,60,1.0,0.6736311679933676,0.6736311679933676,Top |rho| within random pair sample; not global full-market top edge
2019-12-31,60,000930.XSHE,000930,中粮科技,603185.XSHG,603185,弘元绿能,60,1.0,0.673439605324673,0.673439605324673,Top |rho| within random pair sample; not global full-market top edge
2019-12-31,60,300430.XSHE,300430,*ST益通,600118.XSHG,600118,中国卫星,60,1.0,0.6732108651753981,0.6732108651753981,Top |rho| within random pair sample; not global full-market top edge
2019-12-31,60,002253.XSHE,002253,川大智胜,300051.XSHE,300051,琏升科技,60,1.0,0.6731807352309944,0.6731807352309944,Top |rho| within random pair sample; not global full-market top edge
2019-12-31,60,300154.XSHE,300154,瑞凌股份,600830.XSHG,600830,香溢融通,60,1.0,0.6727774334650791,0.6727774334650791,Top |rho| within random pair sample; not global full-market top edge
2019-12-31,60,002701.XSHE,002701,奥瑞金,600109.XSHG,600109,国金证券,60,1.0,0.6704211060384945,0.6704211060384945,Top |rho| within random pair sample; not global full-market top edge
2019-12-31,60,300154.XSHE,300154,瑞凌股份,300237.XSHE,300237,ST美晨,60,1.0,0.6696814021953673,0.6696814021953673,Top |rho| within random pair sample; not global full-market top edge
2019-12-31,60,002246.XSHE,002246,北化股份,600650.XSHG,600650,锦江在线,60,1.0,0.6694003491171905,0.6694003491171905,Top |rho| within random pair sample; not global full-market top edge
2019-12-31,60,000541.XSHE,000541,佛山照明,600361.XSHG,600361,创新新材,60,1.0,0.6690502517696514,0.6690502517696514,Top |rho| within random pair sample; not global full-market top edge
2019-12-31,60,002538.XSHE,002538,ST司特,603980.XSHG,603980,吉华集团,60,1.0,0.6683836276484946,0.6683836276484946,Top |rho| within random pair sample; not global full-market top edge
2019-12-31,60,002551.XSHE,002551,尚荣医疗,601616.XSHG,601616,广电电气,60,1.0,0.6675433194619466,0.6675433194619466,Top |rho| within random pair sample; not global full-market top edge
2019-12-31,60,300451.XSHE,300451,创业慧康,300543.XSHE,300543,朗科智能,60,1.0,0.6675126091650495,0.6675126091650495,Top |rho| within random pair sample; not global full-market top edge
2019-12-31,60,002386.XSHE,002386,天原股份,603117.XSHG,603117,万林物流,60,1.0,0.6674769916621117,0.6674769916621117,Top |rho| within random pair sample; not global full-market top edge
2019-12-31,60,002225.XSHE,002225,濮耐股份,601216.XSHG,601216,君正集团,60,1.0,0.6674298815994048,0.6674298815994048,Top |rho| within random pair sample; not global full-market top edge
2019-12-31,60,002023.XSHE,002023,海特高新,300671.XSHE,300671,富满微,60,1.0,0.6666637022779032,0.6666637022779032,Top |rho| within random pair sample; not global full-market top edge
2019-12-31,60,002095.XSHE,002095,生意宝,300324.XSHE,300324,旋极信息,60,1.0,0.666493631329144,0.666493631329144,Top |rho| within random pair sample; not global full-market top edge
2019-12-31,60,000530.XSHE,000530,冰山冷热,000919.XSHE,000919,金陵药业,60,1.0,0.6660043285900024,0.6660043285900024,Top |rho| within random pair sample; not global full-market top edge
2019-12-31,60,001896.XSHE,001896,豫能控股,600736.XSHG,600736,苏州高新,60,1.0,0.6644478024784488,0.6644478024784488,Top |rho| within random pair sample; not global full-market top edge
2019-12-31,60,300018.XSHE,300018,中元股份,300407.XSHE,300407,凯发电气,60,1.0,0.6633880097423742,0.6633880097423742,Top |rho| within random pair sample; not global full-market top edge
2019-12-31,60,000812.XSHE,000812,陕西金叶,002519.XSHE,002519,银河电子,60,1.0,0.66301591552449,0.66301591552449,Top |rho| within random pair sample; not global full-market top edge
2019-12-31,60,300020.XSHE,300020,ST银江,300044.XSHE,300044,*ST赛为,60,1.0,0.6626218649345862,0.6626218649345862,Top |rho| within random pair sample; not global full-market top edge
2019-12-31,60,000404.XSHE,000404,长虹华意,300621.XSHE,300621,维业股份,60,1.0,0.6620157173199059,0.6620157173199059,Top |rho| within random pair sample; not global full-market top edge
2019-12-31,60,000983.XSHE,000983,山西焦煤,601211.XSHG,601211,国泰海通,60,1.0,0.6617839854082178,0.6617839854082178,Top |rho| within random pair sample; not global full-market top edge
2019-12-31,60,002060.XSHE,002060,广东建工,601216.XSHG,601216,君正集团,60,1.0,0.6616185329506523,0.6616185329506523,Top |rho| within random pair sample; not global full-market top edge
2019-12-31,60,000900.XSHE,000900,现代投资,002802.XSHE,002802,洪汇新材,60,1.0,0.6615776188283351,0.6615776188283351,Top |rho| within random pair sample; not global full-market top edge
2020-12-31,60,000166.XSHE,000166,申万宏源,300059.XSHE,300059,东方财富,60,1.0,0.8784483844474059,0.8784483844474059,Top |rho| within random pair sample; not global full-market top edge
2020-12-31,60,002279.XSHE,002279,久其软件,002657.XSHE,002657,中科金财,60,1.0,0.8117305491115141,0.8117305491115141,Top |rho| within random pair sample; not global full-market top edge
2020-12-31,60,002939.XSHE,002939,长城证券,601099.XSHG,601099,太平洋,60,1.0,0.8089788605673324,0.8089788605673324,Top |rho| within random pair sample; not global full-market top edge
2020-12-31,60,000623.XSHE,000623,吉林敖东,000686.XSHE,000686,东北证券,60,1.0,0.7850974544672719,0.7850974544672719,Top |rho| within random pair sample; not global full-market top edge
2020-12-31,60,002732.XSHE,002732,燕塘乳业,600597.XSHG,600597,光明乳业,60,1.0,0.7818015860979302,0.7818015860979302,Top |rho| within random pair sample; not global full-market top edge
2020-12-31,60,000038.XSHE,000038,大通退,603721.XSHG,603721,中广天择,60,1.0,0.7591562266445753,0.7591562266445753,Top |rho| within random pair sample; not global full-market top edge
2020-12-31,60,002223.XSHE,002223,鱼跃医疗,600713.XSHG,600713,南京医药,60,1.0,0.7572681964944032,0.7572681964944032,Top |rho| within random pair sample; not global full-market top edge
2020-12-31,60,300246.XSHE,300246,宝莱特,600713.XSHG,600713,南京医药,60,1.0,0.7555058689900718,0.7555058689900718,Top |rho| within random pair sample; not global full-market top edge
2020-12-31,60,000014.XSHE,000014,沙河股份,000166.XSHE,000166,申万宏源,60,1.0,0.7512360423929355,0.7512360423929355,Top |rho| within random pair sample; not global full-market top edge
2020-12-31,60,002492.XSHE,002492,恒基达鑫,688228.XSHG,688228,开普云,60,1.0,0.7458514903169915,0.7458514903169915,Top |rho| within random pair sample; not global full-market top edge
2020-12-31,60,300052.XSHE,300052,中青宝,300203.XSHE,300203,聚光科技,60,1.0,0.7388897310579474,0.7388897310579474,Top |rho| within random pair sample; not global full-market top edge
2020-12-31,60,000826.XSHE,000826,*ST启环,603933.XSHG,603933,睿能科技,60,1.0,0.7366419190258108,0.7366419190258108,Top |rho| within random pair sample; not global full-market top edge
2020-12-31,60,002657.XSHE,002657,中科金财,300310.XSHE,300310,宜通世纪,60,1.0,0.7348806648019387,0.7348806648019387,Top |rho| within random pair sample; not global full-market top edge
2020-12-31,60,002391.XSHE,002391,长青股份,603117.XSHG,603117,万林物流,60,1.0,0.7347463457406918,0.7347463457406918,Top |rho| within random pair sample; not global full-market top edge
2020-12-31,60,002492.XSHE,002492,恒基达鑫,002628.XSHE,002628,成都路桥,60,1.0,0.7333727789258807,0.7333727789258807,Top |rho| within random pair sample; not global full-market top edge
2020-12-31,60,002532.XSHE,002532,天山铝业,601702.XSHG,601702,华峰铝业,60,1.0,0.7332939875101668,0.7332939875101668,Top |rho| within random pair sample; not global full-market top edge
2020-12-31,60,002152.XSHE,002152,广电运通,300303.XSHE,300303,聚飞光电,60,1.0,0.7296707961985069,0.7296707961985069,Top |rho| within random pair sample; not global full-market top edge
2020-12-31,60,000686.XSHE,000686,东北证券,300085.XSHE,300085,银之杰,60,1.0,0.7210732853617635,0.7210732853617635,Top |rho| within random pair sample; not global full-market top edge
2020-12-31,60,002277.XSHE,002277,友阿股份,002826.XSHE,002826,易明医药,60,1.0,0.7162454790471136,0.7162454790471136,Top |rho| within random pair sample; not global full-market top edge
2020-12-31,60,300170.XSHE,300170,汉得信息,688579.XSHG,688579,地纬智能,60,1.0,0.7143803232628745,0.7143803232628745,Top |rho| within random pair sample; not global full-market top edge
2020-12-31,60,002657.XSHE,002657,中科金财,300161.XSHE,300161,华中数控,60,1.0,0.7134911218323968,0.7134911218323968,Top |rho| within random pair sample; not global full-market top edge
2020-12-31,60,002106.XSHE,002106,莱宝高科,002215.XSHE,002215,诺普信,60,1.0,0.7119053577914148,0.7119053577914148,Top |rho| within random pair sample; not global full-market top edge
2020-12-31,60,000883.XSHE,000883,湖北能源,600642.XSHG,600642,申能股份,60,1.0,0.7117502573220782,0.7117502573220782,Top |rho| within random pair sample; not global full-market top edge
2020-12-31,60,300640.XSHE,300640,德艺文创,603139.XSHG,603139,康惠股份,60,1.0,0.7107546489993032,0.7107546489993032,Top |rho| within random pair sample; not global full-market top edge
2020-12-31,60,002521.XSHE,002521,齐峰新材,603030.XSHG,603030,全筑股份,60,1.0,0.7084296205867822,0.7084296205867822,Top |rho| within random pair sample; not global full-market top edge
2020-12-31,60,002546.XSHE,002546,新联电子,600128.XSHG,600128,苏豪弘业,60,1.0,0.7068040632931283,0.7068040632931283,Top |rho| within random pair sample; not global full-market top edge
2020-12-31,60,002067.XSHE,002067,景兴纸业,002133.XSHE,002133,广宇集团,60,1.0,0.7052839810352799,0.7052839810352799,Top |rho| within random pair sample; not global full-market top edge
2020-12-31,60,300152.XSHE,300152,*ST动力,603721.XSHG,603721,中广天择,60,1.0,0.7051820808315977,0.7051820808315977,Top |rho| within random pair sample; not global full-market top edge
2020-12-31,60,000055.XSHE,000055,方大集团,600130.XSHG,600130,波导股份,60,1.0,0.7033846186080093,0.7033846186080093,Top |rho| within random pair sample; not global full-market top edge
2020-12-31,60,000938.XSHE,000938,紫光股份,300548.XSHE,300548,长芯博创,60,1.0,0.7023963642931643,0.7023963642931643,Top |rho| within random pair sample; not global full-market top edge
2020-12-31,60,000005.XSHE,000005,ST星源,000989.XSHE,000989,九芝堂,60,1.0,0.701306220024734,0.701306220024734,Top |rho| within random pair sample; not global full-market top edge
2020-12-31,60,002205.XSHE,002205,国统股份,600373.XSHG,600373,中文传媒,60,1.0,0.7007360546993379,0.7007360546993379,Top |rho| within random pair sample; not global full-market top edge
2020-12-31,60,300291.XSHE,300291,百纳千成,600439.XSHG,600439,ST瑞贝卡,60,1.0,0.7000049315997215,0.7000049315997215,Top |rho| within random pair sample; not global full-market top edge
2020-12-31,60,002246.XSHE,002246,北化股份,600168.XSHG,600168,武汉控股,60,1.0,0.6967956139573986,0.6967956139573986,Top |rho| within random pair sample; not global full-market top edge
2020-12-31,60,300637.XSHE,300637,扬帆新材,688466.XSHG,688466,金科环境,60,1.0,0.6963363706060065,0.6963363706060065,Top |rho| within random pair sample; not global full-market top edge
2020-12-31,60,000720.XSHE,000720,新能泰山,002877.XSHE,002877,智能自控,60,1.0,0.6953089014139523,0.6953089014139523,Top |rho| within random pair sample; not global full-market top edge
2020-12-31,60,002296.XSHE,002296,辉煌科技,603955.XSHG,603955,大千生态,60,1.0,0.6942090248270133,0.6942090248270133,Top |rho| within random pair sample; not global full-market top edge
2020-12-31,60,002161.XSHE,002161,远望谷,603036.XSHG,603036,如通股份,60,1.0,0.6923092930086105,0.6923092930086105,Top |rho| within random pair sample; not global full-market top edge
2020-12-31,60,300548.XSHE,300548,长芯博创,603633.XSHG,603633,徕木股份,60,1.0,0.6887007722448362,0.6887007722448362,Top |rho| within random pair sample; not global full-market top edge
2020-12-31,60,002826.XSHE,002826,易明医药,600668.XSHG,600668,尖峰集团,60,1.0,0.6869813528250497,0.6869813528250497,Top |rho| within random pair sample; not global full-market top edge
2020-12-31,60,300202.XSHE,300202,聚龙退,300649.XSHE,300649,杭州园林,60,1.0,0.6856804780161772,0.6856804780161772,Top |rho| within random pair sample; not global full-market top edge
2020-12-31,60,300036.XSHE,300036,超图软件,300478.XSHE,300478,杭州高新,60,1.0,0.6802034992385043,0.6802034992385043,Top |rho| within random pair sample; not global full-market top edge
2020-12-31,60,000758.XSHE,000758,中色股份,601702.XSHG,601702,华峰铝业,60,1.0,0.6799199802469662,0.6799199802469662,Top |rho| within random pair sample; not global full-market top edge
2020-12-31,60,002308.XSHE,002308,*ST威创,300330.XSHE,300330,计通退,60,1.0,0.6788395694724366,0.6788395694724366,Top |rho| within random pair sample; not global full-market top edge
2020-12-31,60,002842.XSHE,002842,翔鹭钨业,601958.XSHG,601958,金钼股份,60,1.0,0.678474892805129,0.678474892805129,Top |rho| within random pair sample; not global full-market top edge
2020-12-31,60,300088.XSHE,300088,长信科技,300264.XSHE,300264,佳创视讯,60,1.0,0.6776661139204745,0.6776661139204745,Top |rho| within random pair sample; not global full-market top edge
2020-12-31,60,000060.XSHE,000060,中金岭南,601609.XSHG,601609,金田股份,60,1.0,0.6776487256396466,0.6776487256396466,Top |rho| within random pair sample; not global full-market top edge
2020-12-31,60,002012.XSHE,002012,凯恩股份,002774.XSHE,002774,快意电梯,60,1.0,0.6773732130808927,0.6773732130808927,Top |rho| within random pair sample; not global full-market top edge
2020-12-31,60,002277.XSHE,002277,友阿股份,688156.XSHG,688156,路德科技,60,1.0,0.6737411297447028,0.6737411297447028,Top |rho| within random pair sample; not global full-market top edge
2020-12-31,60,002955.XSHE,002955,鸿合科技,688550.XSHG,688550,瑞联新材,60,1.0,0.6723747470581799,0.6723747470581799,Top |rho| within random pair sample; not global full-market top edge
2020-12-31,60,002583.XSHE,002583,海能达,603138.XSHG,603138,海量数据,60,1.0,0.671737682390322,0.671737682390322,Top |rho| within random pair sample; not global full-market top edge
2020-12-31,60,002091.XSHE,002091,江苏国泰,600884.XSHG,600884,杉杉股份,60,1.0,0.670580875794095,0.670580875794095,Top |rho| within random pair sample; not global full-market top edge
2020-12-31,60,002955.XSHE,002955,鸿合科技,300184.XSHE,300184,力源信息,60,1.0,0.6698002093172519,0.6698002093172519,Top |rho| within random pair sample; not global full-market top edge
2020-12-31,60,002017.XSHE,002017,东信和平,300052.XSHE,300052,中青宝,60,1.0,0.6683288103353859,0.6683288103353859,Top |rho| within random pair sample; not global full-market top edge
2020-12-31,60,000401.XSHE,000401,金隅冀东,000761.XSHE,000761,本钢板材,60,1.0,0.6666176276786425,0.6666176276786425,Top |rho| within random pair sample; not global full-market top edge
2020-12-31,60,000637.XSHE,000637,茂化实华,688312.XSHG,688312,燕麦科技,60,1.0,0.6630808932358065,0.6630808932358065,Top |rho| within random pair sample; not global full-market top edge
2020-12-31,60,000793.XSHE,000793,ST华闻,002848.XSHE,002848,高斯贝尔,60,1.0,0.6627491240960407,0.6627491240960407,Top |rho| within random pair sample; not global full-market top edge
2020-12-31,60,300352.XSHE,300352,ST信源,688521.XSHG,688521,芯原股份,60,1.0,0.6625268784364379,0.6625268784364379,Top |rho| within random pair sample; not global full-market top edge
2020-12-31,60,002038.XSHE,002038,双鹭药业,600996.XSHG,600996,贵广网络,60,1.0,0.6623895663341849,0.6623895663341849,Top |rho| within random pair sample; not global full-market top edge
2020-12-31,60,002148.XSHE,002148,北纬科技,603111.XSHG,603111,康尼机电,60,1.0,0.6619607431805062,0.6619607431805062,Top |rho| within random pair sample; not global full-market top edge
2020-12-31,60,002136.XSHE,002136,安纳达,603036.XSHG,603036,如通股份,60,1.0,0.660092267042679,0.660092267042679,Top |rho| within random pair sample; not global full-market top edge
2020-12-31,60,002628.XSHE,002628,成都路桥,603458.XSHG,603458,勘设股份,60,1.0,0.6583899884307955,0.6583899884307955,Top |rho| within random pair sample; not global full-market top edge
2020-12-31,60,300267.XSHE,300267,尔康制药,688335.XSHG,688335,复洁科技,60,1.0,0.6575897337729145,0.6575897337729145,Top |rho| within random pair sample; not global full-market top edge
2020-12-31,60,002745.XSHE,002745,木林森,300371.XSHE,300371,汇中股份,60,1.0,0.6563060587082268,0.6563060587082268,Top |rho| within random pair sample; not global full-market top edge
2020-12-31,60,002391.XSHE,002391,长青股份,600572.XSHG,600572,康恩贝,60,1.0,0.6553693658818959,0.6553693658818959,Top |rho| within random pair sample; not global full-market top edge
2020-12-31,60,300676.XSHE,300676,华大基因,600789.XSHG,600789,鲁抗医药,60,1.0,0.6543542521790301,0.6543542521790301,Top |rho| within random pair sample; not global full-market top edge
2020-12-31,60,000417.XSHE,000417,合百集团,600082.XSHG,600082,ST海泰,60,1.0,0.6536676807705795,0.6536676807705795,Top |rho| within random pair sample; not global full-market top edge
2020-12-31,60,002012.XSHE,002012,凯恩股份,002133.XSHE,002133,广宇集团,60,1.0,0.6528770487293596,0.6528770487293596,Top |rho| within random pair sample; not global full-market top edge
2020-12-31,60,002775.XSHE,002775,文科股份,603499.XSHG,603499,翔港科技,60,1.0,0.6507978655300871,0.6507978655300871,Top |rho| within random pair sample; not global full-market top edge
2020-12-31,60,002550.XSHE,002550,千红制药,600520.XSHG,600520,三佳科技,60,1.0,0.6491009339073391,0.6491009339073391,Top |rho| within random pair sample; not global full-market top edge
2020-12-31,60,300494.XSHE,300494,盛天网络,688004.XSHG,688004,博汇科技,60,1.0,0.6485700376465028,0.6485700376465028,Top |rho| within random pair sample; not global full-market top edge
2020-12-31,60,002788.XSHE,002788,鹭燕医药,600881.XSHG,600881,亚泰集团,60,1.0,0.6481656218212847,0.6481656218212847,Top |rho| within random pair sample; not global full-market top edge
2020-12-31,60,300170.XSHE,300170,汉得信息,688466.XSHG,688466,金科环境,60,1.0,0.6477238200022406,0.6477238200022406,Top |rho| within random pair sample; not global full-market top edge
2020-12-31,60,000795.XSHE,000795,英洛华,603117.XSHG,603117,万林物流,60,1.0,0.6472735957155258,0.6472735957155258,Top |rho| within random pair sample; not global full-market top edge
2020-12-31,60,000025.XSHE,000025,特力A,600353.XSHG,600353,旭光电子,60,1.0,0.6446270034206015,0.6446270034206015,Top |rho| within random pair sample; not global full-market top edge
2020-12-31,60,002644.XSHE,002644,佛慈制药,300267.XSHE,300267,尔康制药,60,1.0,0.6444512598229346,0.6444512598229346,Top |rho| within random pair sample; not global full-market top edge
2020-12-31,60,000656.XSHE,000656,金科股份,000926.XSHE,000926,福星股份,60,1.0,0.6438863651136847,0.6438863651136847,Top |rho| within random pair sample; not global full-market top edge
2020-12-31,60,000632.XSHE,000632,ST三木,600576.XSHG,600576,祥源文旅,60,1.0,0.643818526462765,0.643818526462765,Top |rho| within random pair sample; not global full-market top edge
2020-12-31,60,300352.XSHE,300352,ST信源,600455.XSHG,600455,博通股份,60,1.0,0.6435579138778807,0.6435579138778807,Top |rho| within random pair sample; not global full-market top edge
2020-12-31,60,300302.XSHE,300302,同有科技,600757.XSHG,600757,长江传媒,60,1.0,0.6434768047904238,0.6434768047904238,Top |rho| within random pair sample; not global full-market top edge
2020-12-31,60,000050.XSHE,000050,深天马A,002273.XSHE,002273,水晶光电,60,1.0,0.6433729251347269,0.6433729251347269,Top |rho| within random pair sample; not global full-market top edge
2020-12-31,60,002886.XSHE,002886,沃特股份,300266.XSHE,300266,兴源环境,58,0.9666666666666667,0.6404168560150513,0.6404168560150513,Top |rho| within random pair sample; not global full-market top edge
2020-12-31,60,002657.XSHE,002657,中科金财,002774.XSHE,002774,快意电梯,60,1.0,0.6396331480694557,0.6396331480694557,Top |rho| within random pair sample; not global full-market top edge
2020-12-31,60,002279.XSHE,002279,久其软件,688313.XSHG,688313,仕佳光子,60,1.0,0.6380100901305567,0.6380100901305567,Top |rho| within random pair sample; not global full-market top edge
2020-12-31,60,002798.XSHE,002798,帝欧水华,600796.XSHG,600796,钱江生化,60,1.0,0.6377853299029475,0.6377853299029475,Top |rho| within random pair sample; not global full-market top edge
2020-12-31,60,002391.XSHE,002391,长青股份,300020.XSHE,300020,ST银江,60,1.0,0.6370424377869398,0.6370424377869398,Top |rho| within random pair sample; not global full-market top edge
2020-12-31,60,300479.XSHE,300479,神思电子,300516.XSHE,300516,久之洋,60,1.0,0.6367435972170633,0.6367435972170633,Top |rho| within random pair sample; not global full-market top edge
2020-12-31,60,002823.XSHE,002823,凯中精密,600783.XSHG,600783,鲁信创投,60,1.0,0.6354373780789884,0.6354373780789884,Top |rho| within random pair sample; not global full-market top edge
2020-12-31,60,002441.XSHE,002441,众业达,603683.XSHG,603683,晶华新材,60,1.0,0.635382165240354,0.635382165240354,Top |rho| within random pair sample; not global full-market top edge
2020-12-31,60,003007.XSHE,003007,直真科技,688228.XSHG,688228,开普云,60,1.0,0.6342520497459755,0.6342520497459755,Top |rho| within random pair sample; not global full-market top edge
2020-12-31,60,300291.XSHE,300291,百纳千成,600834.XSHG,600834,申通地铁,60,1.0,0.6341261057675519,0.6341261057675519,Top |rho| within random pair sample; not global full-market top edge
2020-12-31,60,000055.XSHE,000055,方大集团,600192.XSHG,600192,长城电工,60,1.0,0.6341118295327806,0.6341118295327806,Top |rho| within random pair sample; not global full-market top edge
2020-12-31,60,300085.XSHE,300085,银之杰,688080.XSHG,688080,映翰通,60,1.0,0.6339836329800254,0.6339836329800254,Top |rho| within random pair sample; not global full-market top edge
2020-12-31,60,000620.XSHE,000620,盈新发展,600475.XSHG,600475,华光环能,60,1.0,0.6335947861857488,0.6335947861857488,Top |rho| within random pair sample; not global full-market top edge
2020-12-31,60,300166.XSHE,300166,东方国信,600266.XSHG,600266,城建发展,60,1.0,0.6334448811538657,0.6334448811538657,Top |rho| within random pair sample; not global full-market top edge
2020-12-31,60,002579.XSHE,002579,中京电子,002792.XSHE,002792,通宇通讯,60,1.0,0.6332867326168413,0.6332867326168413,Top |rho| within random pair sample; not global full-market top edge
2020-12-31,60,002231.XSHE,002231,*ST奥维,603559.XSHG,603559,中通国脉,60,1.0,0.6327789865899428,0.6327789865899428,Top |rho| within random pair sample; not global full-market top edge
2020-12-31,60,000909.XSHE,000909,*ST数源,600602.XSHG,600602,云赛智联,60,1.0,0.6322909192830541,0.6322909192830541,Top |rho| within random pair sample; not global full-market top edge
2020-12-31,60,002376.XSHE,002376,新北洋,601118.XSHG,601118,海南橡胶,60,1.0,0.6321410333602167,0.6321410333602167,Top |rho| within random pair sample; not global full-market top edge
2020-12-31,60,300148.XSHE,300148,天舟文化,300534.XSHE,300534,陇神戎发,60,1.0,0.6315652055047448,0.6315652055047448,Top |rho| within random pair sample; not global full-market top edge
2021-12-31,60,300228.XSHE,300228,富瑞特装,300471.XSHE,300471,厚普股份,60,1.0,0.8307838605711454,0.8307838605711454,Top |rho| within random pair sample; not global full-market top edge
2021-12-31,60,000933.XSHE,000933,神火股份,000983.XSHE,000983,山西焦煤,60,1.0,0.8095763526024826,0.8095763526024826,Top |rho| within random pair sample; not global full-market top edge
2021-12-31,60,000797.XSHE,000797,中国武夷,603030.XSHG,603030,全筑股份,60,1.0,0.7956817134847645,0.7956817134847645,Top |rho| within random pair sample; not global full-market top edge
2021-12-31,60,000667.XSHE,000667,ST美置,600649.XSHG,600649,城投控股,60,1.0,0.7930632664233523,0.7930632664233523,Top |rho| within random pair sample; not global full-market top edge
2021-12-31,60,300570.XSHE,300570,太辰光,688258.XSHG,688258,卓易信息,60,1.0,0.7379461598457249,0.7379461598457249,Top |rho| within random pair sample; not global full-market top edge
2021-12-31,60,300172.XSHE,300172,中电环保,300266.XSHE,300266,兴源环境,60,1.0,0.7362297764969653,0.7362297764969653,Top |rho| within random pair sample; not global full-market top edge
2021-12-31,60,002362.XSHE,002362,汉王科技,300448.XSHE,300448,浩云科技,60,1.0,0.7361002589639478,0.7361002589639478,Top |rho| within random pair sample; not global full-market top edge
2021-12-31,60,300017.XSHE,300017,网宿科技,300132.XSHE,300132,诺斯贝尔,60,1.0,0.7314808157028346,0.7314808157028346,Top |rho| within random pair sample; not global full-market top edge
2021-12-31,60,002367.XSHE,002367,康力电梯,002614.XSHE,002614,奥佳华,60,1.0,0.7285181547520626,0.7285181547520626,Top |rho| within random pair sample; not global full-market top edge
2021-12-31,60,002889.XSHE,002889,东方嘉盛,603958.XSHG,603958,哈森股份,60,1.0,0.7132727173302782,0.7132727173302782,Top |rho| within random pair sample; not global full-market top edge
2021-12-31,60,002642.XSHE,002642,荣联科技,600692.XSHG,600692,亚通股份,60,1.0,0.7101880970387262,0.7101880970387262,Top |rho| within random pair sample; not global full-market top edge
2021-12-31,60,000028.XSHE,000028,国药一致,600272.XSHG,600272,开开实业,60,1.0,0.7066780563541685,0.7066780563541685,Top |rho| within random pair sample; not global full-market top edge
2021-12-31,60,000532.XSHE,000532,华金资本,000936.XSHE,000936,华西股份,60,1.0,0.7062147105112662,0.7062147105112662,Top |rho| within random pair sample; not global full-market top edge
2021-12-31,60,300190.XSHE,300190,维尔利,600526.XSHG,600526,菲达环保,60,1.0,0.7046100099578608,0.7046100099578608,Top |rho| within random pair sample; not global full-market top edge
2021-12-31,60,002574.XSHE,002574,明牌珠宝,002809.XSHE,002809,红墙股份,60,1.0,0.7014706148633346,0.7014706148633346,Top |rho| within random pair sample; not global full-market top edge
2021-12-31,60,002401.XSHE,002401,中远海科,300862.XSHE,300862,蓝盾光电,60,1.0,0.6946071384046035,0.6946071384046035,Top |rho| within random pair sample; not global full-market top edge
2021-12-31,60,002979.XSHE,002979,雷赛智能,300885.XSHE,300885,海昌新材,60,1.0,0.6932358451141442,0.6932358451141442,Top |rho| within random pair sample; not global full-market top edge
2021-12-31,60,300333.XSHE,300333,兆日科技,300554.XSHE,300554,三超新材,60,1.0,0.6880143765344049,0.6880143765344049,Top |rho| within random pair sample; not global full-market top edge
2021-12-31,60,000560.XSHE,000560,我爱我家,002133.XSHE,002133,广宇集团,60,1.0,0.6816418923848158,0.6816418923848158,Top |rho| within random pair sample; not global full-market top edge
2021-12-31,60,002999.XSHE,002999,天禾股份,605398.XSHG,605398,新炬网络,60,1.0,0.6811706222605778,0.6811706222605778,Top |rho| within random pair sample; not global full-market top edge
2021-12-31,60,300126.XSHE,300126,锐奇股份,300565.XSHE,300565,科信技术,60,1.0,0.6766595925464624,0.6766595925464624,Top |rho| within random pair sample; not global full-market top edge
2021-12-31,60,002401.XSHE,002401,中远海科,688129.XSHG,688129,东来技术,60,1.0,0.6759238774194666,0.6759238774194666,Top |rho| within random pair sample; not global full-market top edge
2021-12-31,60,002654.XSHE,002654,万润科技,600833.XSHG,600833,第一医药,60,1.0,0.6750832677317341,0.6750832677317341,Top |rho| within random pair sample; not global full-market top edge
2021-12-31,60,002364.XSHE,002364,中恒电气,300427.XSHE,300427,红相股份,60,1.0,0.6678804455341182,0.6678804455341182,Top |rho| within random pair sample; not global full-market top edge
2021-12-31,60,002591.XSHE,002591,恒大高新,605500.XSHG,605500,森林包装,60,1.0,0.6637182234720349,0.6637182234720349,Top |rho| within random pair sample; not global full-market top edge
2021-12-31,60,002209.XSHE,002209,达意隆,603321.XSHG,603321,梅轮电梯,60,1.0,0.6602918117887318,0.6602918117887318,Top |rho| within random pair sample; not global full-market top edge
2021-12-31,60,300579.XSHE,300579,数字认证,603810.XSHG,603810,丰山集团,60,1.0,0.6583237888292832,0.6583237888292832,Top |rho| within random pair sample; not global full-market top edge
2021-12-31,60,002248.XSHE,002248,华东数控,300161.XSHE,300161,华中数控,60,1.0,0.6565138096618757,0.6565138096618757,Top |rho| within random pair sample; not global full-market top edge
2021-12-31,60,300509.XSHE,300509,新美星,300512.XSHE,300512,中亚股份,60,1.0,0.6545537437085649,0.6545537437085649,Top |rho| within random pair sample; not global full-market top edge
2021-12-31,60,002205.XSHE,002205,国统股份,600439.XSHG,600439,ST瑞贝卡,60,1.0,0.6496220203943724,0.6496220203943724,Top |rho| within random pair sample; not global full-market top edge
2021-12-31,60,002303.XSHE,002303,美盈森,300111.XSHE,300111,向日葵,60,1.0,0.6481071534510972,0.6481071534510972,Top |rho| within random pair sample; not global full-market top edge
2021-12-31,60,000014.XSHE,000014,沙河股份,600665.XSHG,600665,天地源,60,1.0,0.6480648391886481,0.6480648391886481,Top |rho| within random pair sample; not global full-market top edge
2021-12-31,60,000069.XSHE,000069,华侨城A,603180.XSHG,603180,金牌家居,60,1.0,0.6473657998303705,0.6473657998303705,Top |rho| within random pair sample; not global full-market top edge
2021-12-31,60,300561.XSHE,300561,汇金科技,603322.XSHG,603322,超讯科技,60,1.0,0.643677819985431,0.643677819985431,Top |rho| within random pair sample; not global full-market top edge
2021-12-31,60,002774.XSHE,002774,快意电梯,300512.XSHE,300512,中亚股份,60,1.0,0.6420682948395788,0.6420682948395788,Top |rho| within random pair sample; not global full-market top edge
2021-12-31,60,000630.XSHE,000630,铜陵有色,601666.XSHG,601666,平煤股份,60,1.0,0.6405750528397788,0.6405750528397788,Top |rho| within random pair sample; not global full-market top edge
2021-12-31,60,300561.XSHE,300561,汇金科技,688309.XSHG,688309,恒誉科技,60,1.0,0.6403612975908534,0.6403612975908534,Top |rho| within random pair sample; not global full-market top edge
2021-12-31,60,300422.XSHE,300422,博世科,300509.XSHE,300509,新美星,60,1.0,0.6372239256879277,0.6372239256879277,Top |rho| within random pair sample; not global full-market top edge
2021-12-31,60,002116.XSHE,002116,中国海诚,300641.XSHE,300641,正丹股份,60,1.0,0.6352589650938884,0.6352589650938884,Top |rho| within random pair sample; not global full-market top edge
2021-12-31,60,000417.XSHE,000417,合百集团,000617.XSHE,000617,中油资本,60,1.0,0.6347080501261986,0.6347080501261986,Top |rho| within random pair sample; not global full-market top edge
2021-12-31,60,002295.XSHE,002295,精艺股份,300664.XSHE,300664,鹏鹞环保,60,1.0,0.6318918619495189,0.6318918619495189,Top |rho| within random pair sample; not global full-market top edge
2021-12-31,60,000046.XSHE,000046,*ST泛海,600693.XSHG,600693,东百集团,60,1.0,0.6312743589037874,0.6312743589037874,Top |rho| within random pair sample; not global full-market top edge
2021-12-31,60,002224.XSHE,002224,三力士,603685.XSHG,603685,晨丰科技,60,1.0,0.6293044015693324,0.6293044015693324,Top |rho| within random pair sample; not global full-market top edge
2021-12-31,60,300281.XSHE,300281,金明精机,688004.XSHG,688004,博汇科技,60,1.0,0.6285381070279183,0.6285381070279183,Top |rho| within random pair sample; not global full-market top edge
2021-12-31,60,002848.XSHE,002848,高斯贝尔,300176.XSHE,300176,鸿特科技,60,1.0,0.6281992569466431,0.6281992569466431,Top |rho| within random pair sample; not global full-market top edge
2021-12-31,60,000584.XSHE,000584,工智退,605298.XSHG,605298,必得科技,60,1.0,0.6254494990788672,0.6254494990788672,Top |rho| within random pair sample; not global full-market top edge
2021-12-31,60,002621.XSHE,002621,*ST美吉,688528.XSHG,688528,秦川物联,60,1.0,0.6239080589353972,0.6239080589353972,Top |rho| within random pair sample; not global full-market top edge
2021-12-31,60,000612.XSHE,000612,焦作万方,600075.XSHG,600075,新疆天业,60,1.0,0.6238891813201326,0.6238891813201326,Top |rho| within random pair sample; not global full-market top edge
2021-12-31,60,002494.XSHE,002494,华斯股份,002866.XSHE,002866,传艺科技,60,1.0,0.6229936844085918,0.6229936844085918,Top |rho| within random pair sample; not global full-market top edge
2021-12-31,60,000544.XSHE,000544,中原环保,688009.XSHG,688009,中国通号,60,1.0,0.6224773429488196,0.6224773429488196,Top |rho| within random pair sample; not global full-market top edge
2021-12-31,60,000797.XSHE,000797,中国武夷,600220.XSHG,600220,ST阳光,60,1.0,0.6197370797218954,0.6197370797218954,Top |rho| within random pair sample; not global full-market top edge
2021-12-31,60,002267.XSHE,002267,陕天然气,601827.XSHG,601827,三峰环境,60,1.0,0.6195825246706064,0.6195825246706064,Top |rho| within random pair sample; not global full-market top edge
2021-12-31,60,002606.XSHE,002606,大连电瓷,300215.XSHE,300215,电科院,60,1.0,0.6173020430734741,0.6173020430734741,Top |rho| within random pair sample; not global full-market top edge
2021-12-31,60,002326.XSHE,002326,永太科技,002460.XSHE,002460,赣锋锂业,60,1.0,0.6169819136234472,0.6169819136234472,Top |rho| within random pair sample; not global full-market top edge
2021-12-31,60,000046.XSHE,000046,*ST泛海,600689.XSHG,600689,上海三毛,60,1.0,0.6158897994085778,0.6158897994085778,Top |rho| within random pair sample; not global full-market top edge
2021-12-31,60,300163.XSHE,300163,先锋新材,300651.XSHE,300651,金陵体育,60,1.0,0.6108103678201897,0.6108103678201897,Top |rho| within random pair sample; not global full-market top edge
2021-12-31,60,000532.XSHE,000532,华金资本,603183.XSHG,603183,建研院,60,1.0,0.6084276929441891,0.6084276929441891,Top |rho| within random pair sample; not global full-market top edge
2021-12-31,60,300647.XSHE,300647,超频三,603118.XSHG,603118,共进股份,60,1.0,0.6078781950823232,0.6078781950823232,Top |rho| within random pair sample; not global full-market top edge
2021-12-31,60,300647.XSHE,300647,超频三,688505.XSHG,688505,复旦张江,60,1.0,0.6062752616659717,0.6062752616659717,Top |rho| within random pair sample; not global full-market top edge
2021-12-31,60,002526.XSHE,002526,山东矿机,600768.XSHG,600768,富邦新材,60,1.0,0.60614209548125,0.60614209548125,Top |rho| within random pair sample; not global full-market top edge
2021-12-31,60,002999.XSHE,002999,天禾股份,300637.XSHE,300637,扬帆新材,60,1.0,0.6061002415409563,0.6061002415409563,Top |rho| within random pair sample; not global full-market top edge
2021-12-31,60,300316.XSHE,300316,晶盛机电,603396.XSHG,603396,金辰股份,60,1.0,0.6059013271116643,0.6059013271116643,Top |rho| within random pair sample; not global full-market top edge
2021-12-31,60,000920.XSHE,000920,沃顿科技,300321.XSHE,300321,同大股份,60,1.0,0.6054248726092085,0.6054248726092085,Top |rho| within random pair sample; not global full-market top edge
2021-12-31,60,002253.XSHE,002253,川大智胜,300270.XSHE,300270,中威电子,60,1.0,0.6050885717446771,0.6050885717446771,Top |rho| within random pair sample; not global full-market top edge
2021-12-31,60,300333.XSHE,300333,兆日科技,688218.XSHG,688218,江苏北人,60,1.0,0.6034769873657281,0.6034769873657281,Top |rho| within random pair sample; not global full-market top edge
2021-12-31,60,002674.XSHE,002674,兴业科技,603559.XSHG,603559,中通国脉,60,1.0,0.600075123798695,0.600075123798695,Top |rho| within random pair sample; not global full-market top edge
2021-12-31,60,300245.XSHE,300245,ST天玑,301067.XSHE,301067,显盈科技,60,1.0,0.5996693898266118,0.5996693898266118,Top |rho| within random pair sample; not global full-market top edge
2021-12-31,60,300375.XSHE,300375,鹏翎股份,300565.XSHE,300565,科信技术,60,1.0,0.5977873173985385,0.5977873173985385,Top |rho| within random pair sample; not global full-market top edge
2021-12-31,60,002205.XSHE,002205,国统股份,002314.XSHE,002314,南山控股,60,1.0,0.5966432832520553,0.5966432832520553,Top |rho| within random pair sample; not global full-market top edge
2021-12-31,60,000898.XSHE,000898,鞍钢股份,600583.XSHG,600583,海油工程,60,1.0,0.5952994953169785,0.5952994953169785,Top |rho| within random pair sample; not global full-market top edge
2021-12-31,60,002041.XSHE,002041,登海种业,002385.XSHE,002385,大北农,60,1.0,0.5951709540846725,0.5951709540846725,Top |rho| within random pair sample; not global full-market top edge
2021-12-31,60,002848.XSHE,002848,高斯贝尔,003005.XSHE,003005,竞业达,60,1.0,0.5935125543801225,0.5935125543801225,Top |rho| within random pair sample; not global full-market top edge
2021-12-31,60,002875.XSHE,002875,安奈儿,603226.XSHG,603226,菲林格尔,60,1.0,0.5928008057738022,0.5928008057738022,Top |rho| within random pair sample; not global full-market top edge
2021-12-31,60,300163.XSHE,300163,先锋新材,600678.XSHG,600678,ST金顶,60,1.0,0.5925971827339198,0.5925971827339198,Top |rho| within random pair sample; not global full-market top edge
2021-12-31,60,003029.XSHE,003029,吉大正元,600271.XSHG,600271,航天信息,60,1.0,0.5925955724195158,0.5925955724195158,Top |rho| within random pair sample; not global full-market top edge
2021-12-31,60,300049.XSHE,300049,福瑞医科,603368.XSHG,603368,柳药集团,60,1.0,0.5921312779782503,0.5921312779782503,Top |rho| within random pair sample; not global full-market top edge
2021-12-31,60,300502.XSHE,300502,新易盛,603083.XSHG,603083,剑桥科技,60,1.0,0.5877073596247349,0.5877073596247349,Top |rho| within random pair sample; not global full-market top edge
2021-12-31,60,300676.XSHE,300676,华大基因,600196.XSHG,600196,复星医药,60,1.0,0.5873590996667654,0.5873590996667654,Top |rho| within random pair sample; not global full-market top edge
2021-12-31,60,000925.XSHE,000925,众合科技,300808.XSHE,300808,久量股份,60,1.0,0.587115964752629,0.587115964752629,Top |rho| within random pair sample; not global full-market top edge
2021-12-31,60,003039.XSHE,003039,顺控发展,300961.XSHE,300961,深水海纳,60,1.0,0.5859539229022387,0.5859539229022387,Top |rho| within random pair sample; not global full-market top edge
2021-12-31,60,002426.XSHE,002426,胜利精密,300526.XSHE,300526,中潜退,60,1.0,0.5855580915330245,0.5855580915330245,Top |rho| within random pair sample; not global full-market top edge
2021-12-31,60,002404.XSHE,002404,嘉欣丝绸,605287.XSHG,605287,德才股份,60,1.0,0.5849792989527199,0.5849792989527199,Top |rho| within random pair sample; not global full-market top edge
2021-12-31,60,000919.XSHE,000919,金陵药业,603998.XSHG,603998,方盛制药,60,1.0,0.5841283773035293,0.5841283773035293,Top |rho| within random pair sample; not global full-market top edge
2021-12-31,60,002267.XSHE,002267,陕天然气,600368.XSHG,600368,五洲交通,60,1.0,0.5830777511212858,0.5830777511212858,Top |rho| within random pair sample; not global full-market top edge
2021-12-31,60,300392.XSHE,300392,腾信退,300868.XSHE,300868,杰美特,60,1.0,0.5827897476963796,0.5827897476963796,Top |rho| within random pair sample; not global full-market top edge
2021-12-31,60,000521.XSHE,000521,长虹美菱,300163.XSHE,300163,先锋新材,60,1.0,0.5820460048070512,0.5820460048070512,Top |rho| within random pair sample; not global full-market top edge
2021-12-31,60,002560.XSHE,002560,通达股份,002613.XSHE,002613,北玻股份,60,1.0,0.5819804855436814,0.5819804855436814,Top |rho| within random pair sample; not global full-market top edge
2021-12-31,60,002436.XSHE,002436,兴森科技,688058.XSHG,688058,宝兰德,60,1.0,0.5814073775718915,0.5814073775718915,Top |rho| within random pair sample; not global full-market top edge
2021-12-31,60,000637.XSHE,000637,茂化实华,600035.XSHG,600035,楚天高速,60,1.0,0.5810838283070977,0.5810838283070977,Top |rho| within random pair sample; not global full-market top edge
2021-12-31,60,002866.XSHE,002866,传艺科技,300163.XSHE,300163,先锋新材,60,1.0,0.5786808724124192,0.5786808724124192,Top |rho| within random pair sample; not global full-market top edge
2021-12-31,60,003005.XSHE,003005,竞业达,300173.XSHE,300173,ST福能,60,1.0,0.5784061383081615,0.5784061383081615,Top |rho| within random pair sample; not global full-market top edge
2021-12-31,60,000680.XSHE,000680,山推股份,002926.XSHE,002926,华西证券,60,1.0,0.5776443106720717,0.5776443106720717,Top |rho| within random pair sample; not global full-market top edge
2021-12-31,60,002053.XSHE,002053,云南能投,600780.XSHG,600780,通宝能源,60,1.0,0.5764274053698172,0.5764274053698172,Top |rho| within random pair sample; not global full-market top edge
2021-12-31,60,300259.XSHE,300259,新天科技,600561.XSHG,600561,江西长运,60,1.0,0.5760747373899096,0.5760747373899096,Top |rho| within random pair sample; not global full-market top edge
2021-12-31,60,002842.XSHE,002842,翔鹭钨业,300190.XSHE,300190,维尔利,60,1.0,0.5758749687567146,0.5758749687567146,Top |rho| within random pair sample; not global full-market top edge
2021-12-31,60,300306.XSHE,300306,远方信息,600527.XSHG,600527,江南高纤,60,1.0,0.5755535531917196,0.5755535531917196,Top |rho| within random pair sample; not global full-market top edge
2021-12-31,60,002632.XSHE,002632,道明光学,002855.XSHE,002855,捷荣技术,60,1.0,0.5744076589949463,0.5744076589949463,Top |rho| within random pair sample; not global full-market top edge
2021-12-31,60,300161.XSHE,300161,华中数控,600569.XSHG,600569,安阳钢铁,60,1.0,0.5735674375199401,0.5735674375199401,Top |rho| within random pair sample; not global full-market top edge
2021-12-31,60,300378.XSHE,300378,鼎捷数智,603881.XSHG,603881,数据港,60,1.0,0.5720498836747454,0.5720498836747454,Top |rho| within random pair sample; not global full-market top edge
2021-12-31,60,300013.XSHE,300013,新宁物流,605398.XSHG,605398,新炬网络,60,1.0,0.5715432351478268,0.5715432351478268,Top |rho| within random pair sample; not global full-market top edge
2022-12-30,60,000050.XSHE,000050,深天马A,300088.XSHE,300088,长信科技,60,1.0,0.8709352552411714,0.8709352552411714,Top |rho| within random pair sample; not global full-market top edge
2022-12-30,60,002736.XSHE,002736,国信证券,601099.XSHG,601099,太平洋,60,1.0,0.8565396852591326,0.8565396852591326,Top |rho| within random pair sample; not global full-market top edge
2022-12-30,60,300800.XSHE,300800,力合科技,300961.XSHE,300961,深水海纳,60,1.0,0.8224475080578004,0.8224475080578004,Top |rho| within random pair sample; not global full-market top edge
2022-12-30,60,300222.XSHE,300222,科大智能,301180.XSHE,301180,万祥科技,60,1.0,0.8223131467271884,0.8223131467271884,Top |rho| within random pair sample; not global full-market top edge
2022-12-30,60,300279.XSHE,300279,和晶科技,300538.XSHE,300538,同益股份,60,1.0,0.8077152043431928,0.8077152043431928,Top |rho| within random pair sample; not global full-market top edge
2022-12-30,60,300549.XSHE,300549,优德精密,688585.XSHG,688585,上纬新材,60,1.0,0.8022636536446759,0.8022636536446759,Top |rho| within random pair sample; not global full-market top edge
2022-12-30,60,300389.XSHE,300389,艾比森,688655.XSHG,688655,迅捷兴,60,1.0,0.8008176701051676,0.8008176701051676,Top |rho| within random pair sample; not global full-market top edge
2022-12-30,60,300304.XSHE,300304,云意电气,603788.XSHG,603788,宁波高发,60,1.0,0.7974581048426147,0.7974581048426147,Top |rho| within random pair sample; not global full-market top edge
2022-12-30,60,300641.XSHE,300641,正丹股份,300886.XSHE,300886,华业香料,60,1.0,0.795572581127765,0.795572581127765,Top |rho| within random pair sample; not global full-market top edge
2022-12-30,60,000836.XSHE,000836,ST富通,300905.XSHE,300905,宝丽迪,60,1.0,0.7923261626441724,0.7923261626441724,Top |rho| within random pair sample; not global full-market top edge
2022-12-30,60,300306.XSHE,300306,远方信息,605588.XSHG,605588,冠石科技,60,1.0,0.7917090907097013,0.7917090907097013,Top |rho| within random pair sample; not global full-market top edge
2022-12-30,60,002161.XSHE,002161,远望谷,300823.XSHE,300823,建科智能,60,1.0,0.7898780846627054,0.7898780846627054,Top |rho| within random pair sample; not global full-market top edge
2022-12-30,60,300277.XSHE,300277,汽轮科技,300807.XSHE,300807,天迈科技,60,1.0,0.7895110878954937,0.7895110878954937,Top |rho| within random pair sample; not global full-market top edge
2022-12-30,60,300245.XSHE,300245,ST天玑,688619.XSHG,688619,罗普特,60,1.0,0.7861112694560591,0.7861112694560591,Top |rho| within random pair sample; not global full-market top edge
2022-12-30,60,002970.XSHE,002970,锐明技术,300414.XSHE,300414,中光防雷,60,1.0,0.7856794856952501,0.7856794856952501,Top |rho| within random pair sample; not global full-market top edge
2022-12-30,60,002199.XSHE,002199,东晶电子,688689.XSHG,688689,银河微电,60,1.0,0.7827000054805358,0.7827000054805358,Top |rho| within random pair sample; not global full-market top edge
2022-12-30,60,300625.XSHE,300625,三雄极光,688079.XSHG,688079,美迪凯,60,1.0,0.7808404409593296,0.7808404409593296,Top |rho| within random pair sample; not global full-market top edge
2022-12-30,60,002036.XSHE,002036,联创电子,601311.XSHG,601311,骆驼股份,60,1.0,0.7779719321365705,0.7779719321365705,Top |rho| within random pair sample; not global full-market top edge
2022-12-30,60,002842.XSHE,002842,翔鹭钨业,600331.XSHG,600331,宏达股份,60,1.0,0.772144235430236,0.772144235430236,Top |rho| within random pair sample; not global full-market top edge
2022-12-30,60,000877.XSHE,000877,天山股份,600030.XSHG,600030,中信证券,60,1.0,0.7704105159751172,0.7704105159751172,Top |rho| within random pair sample; not global full-market top edge
2022-12-30,60,300144.XSHE,300144,宋城演艺,600132.XSHG,600132,重庆啤酒,60,1.0,0.7701914431548349,0.7701914431548349,Top |rho| within random pair sample; not global full-market top edge
2022-12-30,60,300386.XSHE,300386,飞天诚信,603881.XSHG,603881,数据港,60,1.0,0.7674773046403676,0.7674773046403676,Top |rho| within random pair sample; not global full-market top edge
2022-12-30,60,002378.XSHE,002378,章源钨业,002842.XSHE,002842,翔鹭钨业,60,1.0,0.7671076143335458,0.7671076143335458,Top |rho| within random pair sample; not global full-market top edge
2022-12-30,60,300948.XSHE,300948,冠中生态,603038.XSHG,603038,华立股份,60,1.0,0.7659383153013426,0.7659383153013426,Top |rho| within random pair sample; not global full-market top edge
2022-12-30,60,002414.XSHE,002414,高德红外,301135.XSHE,301135,瑞德智能,60,1.0,0.7633234595689974,0.7633234595689974,Top |rho| within random pair sample; not global full-market top edge
2022-12-30,60,001319.XSHE,001319,铭科精技,300219.XSHE,300219,鸿利智汇,60,1.0,0.7631528786240719,0.7631528786240719,Top |rho| within random pair sample; not global full-market top edge
2022-12-30,60,000636.XSHE,000636,风华高科,300458.XSHE,300458,全志科技,60,1.0,0.7607645795420774,0.7607645795420774,Top |rho| within random pair sample; not global full-market top edge
2022-12-30,60,002646.XSHE,002646,天佑德酒,600305.XSHG,600305,恒顺醋业,60,1.0,0.7582178316077989,0.7582178316077989,Top |rho| within random pair sample; not global full-market top edge
2022-12-30,60,300588.XSHE,300588,熙菱信息,688030.XSHG,688030,山石网科,60,1.0,0.757199030399058,0.757199030399058,Top |rho| within random pair sample; not global full-market top edge
2022-12-30,60,000650.XSHE,000650,仁和药业,300039.XSHE,300039,上海凯宝,60,1.0,0.7571436482947018,0.7571436482947018,Top |rho| within random pair sample; not global full-market top edge
2022-12-30,60,002479.XSHE,002479,富春环保,003035.XSHE,003035,南网能源,60,1.0,0.7565378952667482,0.7565378952667482,Top |rho| within random pair sample; not global full-market top edge
2022-12-30,60,300097.XSHE,300097,智云股份,603390.XSHG,603390,通达电气,60,1.0,0.7561995510512615,0.7561995510512615,Top |rho| within random pair sample; not global full-market top edge
2022-12-30,60,002673.XSHE,002673,西部证券,601995.XSHG,601995,中金公司,60,1.0,0.7553597464276893,0.7553597464276893,Top |rho| within random pair sample; not global full-market top edge
2022-12-30,60,300177.XSHE,300177,中海达,603988.XSHG,603988,中电电机,60,1.0,0.7549700430081794,0.7549700430081794,Top |rho| within random pair sample; not global full-market top edge
2022-12-30,60,002249.XSHE,002249,大洋电机,300625.XSHE,300625,三雄极光,60,1.0,0.7539891929427526,0.7539891929427526,Top |rho| within random pair sample; not global full-market top edge
2022-12-30,60,002295.XSHE,002295,精艺股份,600796.XSHG,600796,钱江生化,60,1.0,0.7539841576485549,0.7539841576485549,Top |rho| within random pair sample; not global full-market top edge
2022-12-30,60,300922.XSHE,300922,天秦装备,300928.XSHE,300928,华安鑫创,60,1.0,0.7528633262826768,0.7528633262826768,Top |rho| within random pair sample; not global full-market top edge
2022-12-30,60,001319.XSHE,001319,铭科精技,688280.XSHG,688280,精进电动,60,1.0,0.7521083898613274,0.7521083898613274,Top |rho| within random pair sample; not global full-market top edge
2022-12-30,60,300047.XSHE,300047,天源迪科,688288.XSHG,688288,鸿泉技术,60,1.0,0.7519454361069339,0.7519454361069339,Top |rho| within random pair sample; not global full-market top edge
2022-12-30,60,300095.XSHE,300095,华伍股份,300828.XSHE,300828,锐新科技,60,1.0,0.7516667517991797,0.7516667517991797,Top |rho| within random pair sample; not global full-market top edge
2022-12-30,60,300139.XSHE,300139,晓程科技,300507.XSHE,300507,苏奥传感,60,1.0,0.7506280726023127,0.7506280726023127,Top |rho| within random pair sample; not global full-market top edge
2022-12-30,60,300232.XSHE,300232,洲明科技,300324.XSHE,300324,旋极信息,60,1.0,0.7497285815141108,0.7497285815141108,Top |rho| within random pair sample; not global full-market top edge
2022-12-30,60,300975.XSHE,300975,商络电子,688159.XSHG,688159,有方科技,60,1.0,0.7494177548222929,0.7494177548222929,Top |rho| within random pair sample; not global full-market top edge
2022-12-30,60,300098.XSHE,300098,高新兴,300868.XSHE,300868,杰美特,60,1.0,0.7471153913687199,0.7471153913687199,Top |rho| within random pair sample; not global full-market top edge
2022-12-30,60,001227.XSHE,001227,兰州银行,600999.XSHG,600999,招商证券,60,1.0,0.7470753873492999,0.7470753873492999,Top |rho| within random pair sample; not global full-market top edge
2022-12-30,60,002145.XSHE,002145,钛能化学,603166.XSHG,603166,福达股份,60,1.0,0.7463881448008436,0.7463881448008436,Top |rho| within random pair sample; not global full-market top edge
2022-12-30,60,003816.XSHE,003816,中国广核,601106.XSHG,601106,中国一重,60,1.0,0.745167418588594,0.745167418588594,Top |rho| within random pair sample; not global full-market top edge
2022-12-30,60,300613.XSHE,300613,富瀚微,603005.XSHG,603005,晶方科技,60,1.0,0.7440577999361593,0.7440577999361593,Top |rho| within random pair sample; not global full-market top edge
2022-12-30,60,000413.XSHE,000413,ST旭电,300198.XSHE,300198,*ST纳川,60,1.0,0.7429136008977911,0.7429136008977911,Top |rho| within random pair sample; not global full-market top edge
2022-12-30,60,300183.XSHE,300183,东软载波,688367.XSHG,688367,工大高科,60,1.0,0.739152421479612,0.739152421479612,Top |rho| within random pair sample; not global full-market top edge
2022-12-30,60,002576.XSHE,002576,通达动力,603663.XSHG,603663,三祥新材,60,1.0,0.7388476670859829,0.7388476670859829,Top |rho| within random pair sample; not global full-market top edge
2022-12-30,60,300368.XSHE,300368,汇金股份,300389.XSHE,300389,艾比森,60,1.0,0.738294802360868,0.738294802360868,Top |rho| within random pair sample; not global full-market top edge
2022-12-30,60,002202.XSHE,002202,金风科技,002533.XSHE,002533,金杯电工,60,1.0,0.7343418544694006,0.7343418544694006,Top |rho| within random pair sample; not global full-market top edge
2022-12-30,60,300790.XSHE,300790,宇瞳光学,688079.XSHG,688079,美迪凯,60,1.0,0.7338534611875193,0.7338534611875193,Top |rho| within random pair sample; not global full-market top edge
2022-12-30,60,000552.XSHE,000552,甘肃能化,600403.XSHG,600403,大有能源,58,0.9666666666666667,0.7326588505131645,0.7326588505131645,Top |rho| within random pair sample; not global full-market top edge
2022-12-30,60,300006.XSHE,300006,莱美药业,300111.XSHE,300111,向日葵,60,1.0,0.7321276867453435,0.7321276867453435,Top |rho| within random pair sample; not global full-market top edge
2022-12-30,60,300006.XSHE,300006,莱美药业,601607.XSHG,601607,上海医药,60,1.0,0.7320603810690068,0.7320603810690068,Top |rho| within random pair sample; not global full-market top edge
2022-12-30,60,002809.XSHE,002809,红墙股份,600746.XSHG,600746,江苏索普,60,1.0,0.7315288747382782,0.7315288747382782,Top |rho| within random pair sample; not global full-market top edge
2022-12-30,60,002465.XSHE,002465,海格通信,688230.XSHG,688230,芯导科技,60,1.0,0.7309674361012525,0.7309674361012525,Top |rho| within random pair sample; not global full-market top edge
2022-12-30,60,002115.XSHE,002115,三维通信,300417.XSHE,300417,南华仪器,60,1.0,0.7305771069690696,0.7305771069690696,Top |rho| within random pair sample; not global full-market top edge
2022-12-30,60,002428.XSHE,002428,云南锗业,002792.XSHE,002792,通宇通讯,60,1.0,0.7304459122262638,0.7304459122262638,Top |rho| within random pair sample; not global full-market top edge
2022-12-30,60,000046.XSHE,000046,*ST泛海,000718.XSHE,000718,苏宁环球,60,1.0,0.7304069064325321,0.7304069064325321,Top |rho| within random pair sample; not global full-market top edge
2022-12-30,60,000046.XSHE,000046,*ST泛海,605178.XSHG,605178,时空科技,60,1.0,0.7299127317140157,0.7299127317140157,Top |rho| within random pair sample; not global full-market top edge
2022-12-30,60,000686.XSHE,000686,东北证券,002131.XSHE,002131,利欧股份,60,1.0,0.7289596481016942,0.7289596481016942,Top |rho| within random pair sample; not global full-market top edge
2022-12-30,60,002425.XSHE,002425,凯撒文化,603598.XSHG,603598,引力传媒,60,1.0,0.7285827461911843,0.7285827461911843,Top |rho| within random pair sample; not global full-market top edge
2022-12-30,60,002977.XSHE,002977,*ST天箭,300907.XSHE,300907,康平科技,60,1.0,0.7256155501619855,0.7256155501619855,Top |rho| within random pair sample; not global full-market top edge
2022-12-30,60,300243.XSHE,300243,瑞丰高材,603877.XSHG,603877,太平鸟,60,1.0,0.7256123799112908,0.7256123799112908,Top |rho| within random pair sample; not global full-market top edge
2022-12-30,60,300386.XSHE,300386,飞天诚信,300414.XSHE,300414,中光防雷,60,1.0,0.7251099104050241,0.7251099104050241,Top |rho| within random pair sample; not global full-market top edge
2022-12-30,60,300243.XSHE,300243,瑞丰高材,300321.XSHE,300321,同大股份,60,1.0,0.7250552653175072,0.7250552653175072,Top |rho| within random pair sample; not global full-market top edge
2022-12-30,60,300538.XSHE,300538,同益股份,688601.XSHG,688601,力芯微,60,1.0,0.7247048525231151,0.7247048525231151,Top |rho| within random pair sample; not global full-market top edge
2022-12-30,60,002660.XSHE,002660,茂硕电源,603097.XSHG,603097,江苏华辰,60,1.0,0.7238872861169832,0.7238872861169832,Top |rho| within random pair sample; not global full-market top edge
2022-12-30,60,300403.XSHE,300403,汉宇集团,300953.XSHE,300953,震裕科技,60,1.0,0.7232046728710385,0.7232046728710385,Top |rho| within random pair sample; not global full-market top edge
2022-12-30,60,002961.XSHE,002961,瑞达期货,601878.XSHG,601878,浙商证券,60,1.0,0.7229033962130564,0.7229033962130564,Top |rho| within random pair sample; not global full-market top edge
2022-12-30,60,300277.XSHE,300277,汽轮科技,300493.XSHE,300493,润欣科技,60,1.0,0.7225697449497,0.7225697449497,Top |rho| within random pair sample; not global full-market top edge
2022-12-30,60,002297.XSHE,002297,博云新材,603489.XSHG,603489,八方股份,60,1.0,0.7212572432583839,0.7212572432583839,Top |rho| within random pair sample; not global full-market top edge
2022-12-30,60,300106.XSHE,300106,西部牧业,300997.XSHE,300997,欢乐家,60,1.0,0.7207222264289919,0.7207222264289919,Top |rho| within random pair sample; not global full-market top edge
2022-12-30,60,300183.XSHE,300183,东软载波,300339.XSHE,300339,润和软件,60,1.0,0.7193035674744227,0.7193035674744227,Top |rho| within random pair sample; not global full-market top edge
2022-12-30,60,000987.XSHE,000987,越秀资本,601997.XSHG,601997,贵阳银行,60,1.0,0.719168519542043,0.719168519542043,Top |rho| within random pair sample; not global full-market top edge
2022-12-30,60,001207.XSHE,001207,联科科技,300080.XSHE,300080,易成新能,60,1.0,0.7190772985771644,0.7190772985771644,Top |rho| within random pair sample; not global full-market top edge
2022-12-30,60,300836.XSHE,300836,佰奥智能,688288.XSHG,688288,鸿泉技术,60,1.0,0.7190352314182603,0.7190352314182603,Top |rho| within random pair sample; not global full-market top edge
2022-12-30,60,000982.XSHE,000982,中银绒业,600293.XSHG,600293,三峡新材,60,1.0,0.7186051241238322,0.7186051241238322,Top |rho| within random pair sample; not global full-market top edge
2022-12-30,60,300637.XSHE,300637,扬帆新材,688184.XSHG,688184,ST帕瓦,60,1.0,0.7178162523500184,0.7178162523500184,Top |rho| within random pair sample; not global full-market top edge
2022-12-30,60,300328.XSHE,300328,宜安科技,300899.XSHE,300899,上海凯鑫,60,1.0,0.717459147112727,0.717459147112727,Top |rho| within random pair sample; not global full-market top edge
2022-12-30,60,002106.XSHE,002106,莱宝高科,300103.XSHE,300103,达刚控股,60,1.0,0.7174154617601891,0.7174154617601891,Top |rho| within random pair sample; not global full-market top edge
2022-12-30,60,000565.XSHE,000565,渝三峡A,300435.XSHE,300435,中泰股份,60,1.0,0.7171349819653705,0.7171349819653705,Top |rho| within random pair sample; not global full-market top edge
2022-12-30,60,002677.XSHE,002677,浙江美大,600031.XSHG,600031,三一重工,60,1.0,0.7167940894494955,0.7167940894494955,Top |rho| within random pair sample; not global full-market top edge
2022-12-30,60,300419.XSHE,300419,ST浩丰,300701.XSHE,300701,森霸传感,60,1.0,0.7163480656153152,0.7163480656153152,Top |rho| within random pair sample; not global full-market top edge
2022-12-30,60,300823.XSHE,300823,建科智能,300844.XSHE,300844,山水比德,60,1.0,0.7136422398262359,0.7136422398262359,Top |rho| within random pair sample; not global full-market top edge
2022-12-30,60,000712.XSHE,000712,锦龙股份,002961.XSHE,002961,瑞达期货,60,1.0,0.7126917265877188,0.7126917265877188,Top |rho| within random pair sample; not global full-market top edge
2022-12-30,60,002562.XSHE,002562,兄弟科技,300920.XSHE,300920,润阳科技,60,1.0,0.7113448815119905,0.7113448815119905,Top |rho| within random pair sample; not global full-market top edge
2022-12-30,60,002745.XSHE,002745,木林森,301065.XSHE,301065,本立科技,60,1.0,0.7109755233777497,0.7109755233777497,Top |rho| within random pair sample; not global full-market top edge
2022-12-30,60,300727.XSHE,300727,润禾材料,300975.XSHE,300975,商络电子,60,1.0,0.7109311716790725,0.7109311716790725,Top |rho| within random pair sample; not global full-market top edge
2022-12-30,60,000790.XSHE,000790,华神科技,688399.XSHG,688399,硕世生物,60,1.0,0.7105150230031396,0.7105150230031396,Top |rho| within random pair sample; not global full-market top edge
2022-12-30,60,300639.XSHE,300639,凯普生物,688289.XSHG,688289,圣湘生物,60,1.0,0.7104039497084682,0.7104039497084682,Top |rho| within random pair sample; not global full-market top edge
2022-12-30,60,002204.XSHE,002204,大连重工,002256.XSHE,002256,兆新股份,60,1.0,0.7099937351133987,0.7099937351133987,Top |rho| within random pair sample; not global full-market top edge
2022-12-30,60,002332.XSHE,002332,仙琚制药,600789.XSHG,600789,鲁抗医药,60,1.0,0.7095362503053346,0.7095362503053346,Top |rho| within random pair sample; not global full-market top edge
2022-12-30,60,301025.XSHE,301025,读客文化,600880.XSHG,600880,博瑞传播,60,1.0,0.7092071855221882,0.7092071855221882,Top |rho| within random pair sample; not global full-market top edge
2022-12-30,60,002902.XSHE,002902,铭普光磁,301022.XSHE,301022,海泰科,60,1.0,0.7084820262881527,0.7084820262881527,Top |rho| within random pair sample; not global full-market top edge
2022-12-30,60,002923.XSHE,002923,润都股份,603079.XSHG,603079,圣达生物,60,1.0,0.7084786343647926,0.7084786343647926,Top |rho| within random pair sample; not global full-market top edge
2022-12-30,60,002320.XSHE,002320,海峡股份,600168.XSHG,600168,武汉控股,60,1.0,0.7072000688745657,0.7072000688745657,Top |rho| within random pair sample; not global full-market top edge
2023-12-29,60,002125.XSHE,002125,湘潭电化,688353.XSHG,688353,华盛锂电,60,1.0,0.8900346461646086,0.8900346461646086,Top |rho| within random pair sample; not global full-market top edge
2023-12-29,60,000987.XSHE,000987,越秀资本,002500.XSHE,002500,山西证券,60,1.0,0.8796149121520139,0.8796149121520139,Top |rho| within random pair sample; not global full-market top edge
2023-12-29,60,300800.XSHE,300800,力合科技,301006.XSHE,301006,迈拓股份,60,1.0,0.8550771148613914,0.8550771148613914,Top |rho| within random pair sample; not global full-market top edge
2023-12-29,60,002887.XSHE,002887,绿茵生态,300854.XSHE,300854,中兰环保,60,1.0,0.8544176062290254,0.8544176062290254,Top |rho| within random pair sample; not global full-market top edge
2023-12-29,60,300641.XSHE,300641,正丹股份,605366.XSHG,605366,宏柏新材,60,1.0,0.8532934417179135,0.8532934417179135,Top |rho| within random pair sample; not global full-market top edge
2023-12-29,60,002227.XSHE,002227,*ST特迅,300484.XSHE,300484,蓝海华腾,60,1.0,0.8497179790223094,0.8497179790223094,Top |rho| within random pair sample; not global full-market top edge
2023-12-29,60,002153.XSHE,002153,石基信息,300369.XSHE,300369,绿盟科技,60,1.0,0.8373739329414357,0.8373739329414357,Top |rho| within random pair sample; not global full-market top edge
2023-12-29,60,300641.XSHE,300641,正丹股份,300891.XSHE,300891,惠云钛业,60,1.0,0.8317324202154267,0.8317324202154267,Top |rho| within random pair sample; not global full-market top edge
2023-12-29,60,300263.XSHE,300263,隆华科技,600268.XSHG,600268,国电南自,60,1.0,0.8238539609773505,0.8238539609773505,Top |rho| within random pair sample; not global full-market top edge
2023-12-29,60,300018.XSHE,300018,中元股份,301163.XSHE,301163,宏德股份,60,1.0,0.8217179808806869,0.8217179808806869,Top |rho| within random pair sample; not global full-market top edge
2023-12-29,60,301148.XSHE,301148,嘉戎技术,301295.XSHE,301295,美硕科技,60,1.0,0.8210428161061433,0.8210428161061433,Top |rho| within random pair sample; not global full-market top edge
2023-12-29,60,001301.XSHE,001301,尚太科技,002407.XSHE,002407,多氟多,60,1.0,0.8200663540580451,0.8200663540580451,Top |rho| within random pair sample; not global full-market top edge
2023-12-29,60,000837.XSHE,000837,秦川机床,002689.XSHE,002689,ST远智,60,1.0,0.8138296882483987,0.8138296882483987,Top |rho| within random pair sample; not global full-market top edge
2023-12-29,60,300229.XSHE,300229,拓尔思,301380.XSHE,301380,挖金客,60,1.0,0.8134344389450979,0.8134344389450979,Top |rho| within random pair sample; not global full-market top edge
2023-12-29,60,300317.XSHE,300317,珈伟新能,600478.XSHG,600478,科力远,60,1.0,0.8123439367629601,0.8123439367629601,Top |rho| within random pair sample; not global full-market top edge
2023-12-29,60,300636.XSHE,300636,同和药业,301130.XSHE,301130,西点药业,60,1.0,0.8102542955988707,0.8102542955988707,Top |rho| within random pair sample; not global full-market top edge
2023-12-29,60,002649.XSHE,002649,博彦科技,688579.XSHG,688579,地纬智能,60,1.0,0.8071660641687348,0.8071660641687348,Top |rho| within random pair sample; not global full-market top edge
2023-12-29,60,002132.XSHE,002132,恒星科技,600955.XSHG,600955,维远股份,60,1.0,0.8008939815521482,0.8008939815521482,Top |rho| within random pair sample; not global full-market top edge
2023-12-29,60,002398.XSHE,002398,垒知集团,605138.XSHG,605138,盛泰集团,60,1.0,0.7921036597324201,0.7921036597324201,Top |rho| within random pair sample; not global full-market top edge
2023-12-29,60,300185.XSHE,300185,通裕重工,300234.XSHE,300234,开尔新材,60,1.0,0.789663981872999,0.789663981872999,Top |rho| within random pair sample; not global full-market top edge
2023-12-29,60,002909.XSHE,002909,集泰股份,300409.XSHE,300409,道氏技术,60,1.0,0.7875485589266079,0.7875485589266079,Top |rho| within random pair sample; not global full-market top edge
2023-12-29,60,300660.XSHE,300660,江苏雷利,688160.XSHG,688160,步科股份,60,1.0,0.7874287317659447,0.7874287317659447,Top |rho| within random pair sample; not global full-market top edge
2023-12-29,60,002006.XSHE,002006,精工科技,688128.XSHG,688128,中国电研,60,1.0,0.7850776481238473,0.7850776481238473,Top |rho| within random pair sample; not global full-market top edge
2023-12-29,60,300692.XSHE,300692,中赋科技,603086.XSHG,603086,先达股份,60,1.0,0.7824898979345886,0.7824898979345886,Top |rho| within random pair sample; not global full-market top edge
2023-12-29,60,002730.XSHE,002730,电光科技,300185.XSHE,300185,通裕重工,60,1.0,0.7802464754954387,0.7802464754954387,Top |rho| within random pair sample; not global full-market top edge
2023-12-29,60,002909.XSHE,002909,集泰股份,301189.XSHE,301189,奥尼电子,60,1.0,0.7801011688692189,0.7801011688692189,Top |rho| within random pair sample; not global full-market top edge
2023-12-29,60,001225.XSHE,001225,和泰机电,300670.XSHE,300670,大烨智能,60,1.0,0.7795601110789865,0.7795601110789865,Top |rho| within random pair sample; not global full-market top edge
2023-12-29,60,300929.XSHE,300929,华骐环保,603798.XSHG,603798,康普顿,60,1.0,0.7784732955330138,0.7784732955330138,Top |rho| within random pair sample; not global full-market top edge
2023-12-29,60,300127.XSHE,300127,银河磁体,301323.XSHE,301323,新莱福,60,1.0,0.7764031351457128,0.7764031351457128,Top |rho| within random pair sample; not global full-market top edge
2023-12-29,60,002105.XSHE,002105,信隆健康,601700.XSHG,601700,风范股份,60,1.0,0.7760308667117571,0.7760308667117571,Top |rho| within random pair sample; not global full-market top edge
2023-12-29,60,300532.XSHE,300532,今天国际,301322.XSHE,301322,绿通科技,60,1.0,0.7755300109621345,0.7755300109621345,Top |rho| within random pair sample; not global full-market top edge
2023-12-29,60,300932.XSHE,300932,三友联众,688299.XSHG,688299,长阳科技,60,1.0,0.7738098751171685,0.7738098751171685,Top |rho| within random pair sample; not global full-market top edge
2023-12-29,60,002386.XSHE,002386,天原股份,601388.XSHG,601388,怡球资源,60,1.0,0.773057032278904,0.773057032278904,Top |rho| within random pair sample; not global full-market top edge
2023-12-29,60,300458.XSHE,300458,全志科技,688403.XSHG,688403,汇成股份,60,1.0,0.7727667875786554,0.7727667875786554,Top |rho| within random pair sample; not global full-market top edge
2023-12-29,60,300234.XSHE,300234,开尔新材,301136.XSHE,301136,招标股份,60,1.0,0.7726779477498463,0.7726779477498463,Top |rho| within random pair sample; not global full-market top edge
2023-12-29,60,000823.XSHE,000823,超声电子,301135.XSHE,301135,瑞德智能,60,1.0,0.7725200094805226,0.7725200094805226,Top |rho| within random pair sample; not global full-market top edge
2023-12-29,60,000820.XSHE,000820,神雾节能,300234.XSHE,300234,开尔新材,60,1.0,0.7721849747124149,0.7721849747124149,Top |rho| within random pair sample; not global full-market top edge
2023-12-29,60,300154.XSHE,300154,瑞凌股份,603680.XSHG,603680,今创集团,60,1.0,0.7718389550091342,0.7718389550091342,Top |rho| within random pair sample; not global full-market top edge
2023-12-29,60,002398.XSHE,002398,垒知集团,603828.XSHG,603828,*ST利达,60,1.0,0.7716148565673745,0.7716148565673745,Top |rho| within random pair sample; not global full-market top edge
2023-12-29,60,300117.XSHE,300117,*ST嘉寓,603810.XSHG,603810,丰山集团,60,1.0,0.7712744987922602,0.7712744987922602,Top |rho| within random pair sample; not global full-market top edge
2023-12-29,60,000166.XSHE,000166,申万宏源,002939.XSHE,002939,长城证券,60,1.0,0.770866950745525,0.770866950745525,Top |rho| within random pair sample; not global full-market top edge
2023-12-29,60,003001.XSHE,003001,中岩大地,301197.XSHE,301197,工大科雅,60,1.0,0.7705787275431452,0.7705787275431452,Top |rho| within random pair sample; not global full-market top edge
2023-12-29,60,300316.XSHE,300316,晶盛机电,601012.XSHG,601012,隆基绿能,60,1.0,0.7664117132940087,0.7664117132940087,Top |rho| within random pair sample; not global full-market top edge
2023-12-29,60,300489.XSHE,300489,光智科技,300906.XSHE,300906,日月明,60,1.0,0.7644142876247264,0.7644142876247264,Top |rho| within random pair sample; not global full-market top edge
2023-12-29,60,300753.XSHE,300753,爱朋医疗,301103.XSHE,301103,何氏眼科,60,1.0,0.7641117097987489,0.7641117097987489,Top |rho| within random pair sample; not global full-market top edge
2023-12-29,60,002062.XSHE,002062,宏润建设,603856.XSHG,603856,东宏股份,60,1.0,0.7626460817321538,0.7626460817321538,Top |rho| within random pair sample; not global full-market top edge
2023-12-29,60,002334.XSHE,002334,英威腾,300382.XSHE,300382,斯莱克,60,1.0,0.7612969530728932,0.7612969530728932,Top |rho| within random pair sample; not global full-market top edge
2023-12-29,60,002649.XSHE,002649,博彦科技,300259.XSHE,300259,新天科技,60,1.0,0.7605262435313317,0.7605262435313317,Top |rho| within random pair sample; not global full-market top edge
2023-12-29,60,300274.XSHE,300274,阳光电源,688226.XSHG,688226,威腾电气,60,1.0,0.7591374137839297,0.7591374137839297,Top |rho| within random pair sample; not global full-market top edge
2023-12-29,60,300932.XSHE,300932,三友联众,603978.XSHG,603978,深圳新星,60,1.0,0.7584504344710816,0.7584504344710816,Top |rho| within random pair sample; not global full-market top edge
2023-12-29,60,000778.XSHE,000778,新兴铸管,603856.XSHG,603856,东宏股份,60,1.0,0.7583389558496377,0.7583389558496377,Top |rho| within random pair sample; not global full-market top edge
2023-12-29,60,300464.XSHE,300464,星徽股份,301223.XSHE,301223,中荣股份,60,1.0,0.7570404560294308,0.7570404560294308,Top |rho| within random pair sample; not global full-market top edge
2023-12-29,60,301148.XSHE,301148,嘉戎技术,301175.XSHE,301175,中科环保,60,1.0,0.7569858194653559,0.7569858194653559,Top |rho| within random pair sample; not global full-market top edge
2023-12-29,60,300843.XSHE,300843,胜蓝股份,688403.XSHG,688403,汇成股份,60,1.0,0.7569313320294154,0.7569313320294154,Top |rho| within random pair sample; not global full-market top edge
2023-12-29,60,300931.XSHE,300931,通用电梯,688701.XSHG,688701,卓锦股份,60,1.0,0.7566094608793075,0.7566094608793075,Top |rho| within random pair sample; not global full-market top edge
2023-12-29,60,300095.XSHE,300095,华伍股份,600577.XSHG,600577,精达股份,60,1.0,0.7562677345232721,0.7562677345232721,Top |rho| within random pair sample; not global full-market top edge
2023-12-29,60,001218.XSHE,001218,丽臣实业,301300.XSHE,301300,远翔新材,60,1.0,0.755893302396596,0.755893302396596,Top |rho| within random pair sample; not global full-market top edge
2023-12-29,60,300673.XSHE,300673,佩蒂股份,600073.XSHG,600073,光明肉业,60,1.0,0.7537008765539543,0.7537008765539543,Top |rho| within random pair sample; not global full-market top edge
2023-12-29,60,002391.XSHE,002391,长青股份,688565.XSHG,688565,力源科技,60,1.0,0.7530340602381608,0.7530340602381608,Top |rho| within random pair sample; not global full-market top edge
2023-12-29,60,300082.XSHE,300082,奥克股份,300871.XSHE,300871,回盛生物,60,1.0,0.7527811123683806,0.7527811123683806,Top |rho| within random pair sample; not global full-market top edge
2023-12-29,60,003016.XSHE,003016,欣贺股份,600784.XSHG,600784,鲁银投资,60,1.0,0.7523624254664542,0.7523624254664542,Top |rho| within random pair sample; not global full-market top edge
2023-12-29,60,002455.XSHE,002455,百川股份,301026.XSHE,301026,浩通科技,60,1.0,0.7515004800280641,0.7515004800280641,Top |rho| within random pair sample; not global full-market top edge
2023-12-29,60,002469.XSHE,002469,三维化学,600874.XSHG,600874,创业环保,60,1.0,0.7513486392277035,0.7513486392277035,Top |rho| within random pair sample; not global full-market top edge
2023-12-29,60,301037.XSHE,301037,保立佳,688597.XSHG,688597,煜邦电力,60,1.0,0.7510690064875089,0.7510690064875089,Top |rho| within random pair sample; not global full-market top edge
2023-12-29,60,002551.XSHE,002551,尚荣医疗,300026.XSHE,300026,红日药业,60,1.0,0.7502085981691546,0.7502085981691546,Top |rho| within random pair sample; not global full-market top edge
2023-12-29,60,002498.XSHE,002498,汉缆股份,600458.XSHG,600458,时代新材,60,1.0,0.7497782166192235,0.7497782166192235,Top |rho| within random pair sample; not global full-market top edge
2023-12-29,60,002206.XSHE,002206,海利得,300631.XSHE,300631,久吾高科,60,1.0,0.7490069002195765,0.7490069002195765,Top |rho| within random pair sample; not global full-market top edge
2023-12-29,60,300205.XSHE,300205,*ST天喻,300386.XSHE,300386,飞天诚信,60,1.0,0.748835787407144,0.748835787407144,Top |rho| within random pair sample; not global full-market top edge
2023-12-29,60,300899.XSHE,300899,上海凯鑫,688178.XSHG,688178,万德斯,60,1.0,0.7476094922432188,0.7476094922432188,Top |rho| within random pair sample; not global full-market top edge
2023-12-29,60,002255.XSHE,002255,海陆重工,300127.XSHE,300127,银河磁体,60,1.0,0.7475217088362974,0.7475217088362974,Top |rho| within random pair sample; not global full-market top edge
2023-12-29,60,002184.XSHE,002184,海得控制,688305.XSHG,688305,科德数控,60,1.0,0.7474336530461834,0.7474336530461834,Top |rho| within random pair sample; not global full-market top edge
2023-12-29,60,002037.XSHE,002037,保利联合,301361.XSHE,301361,众智科技,60,1.0,0.7470591930346046,0.7470591930346046,Top |rho| within random pair sample; not global full-market top edge
2023-12-29,60,300561.XSHE,300561,汇金科技,300682.XSHE,300682,朗新科技,60,1.0,0.7467571107180475,0.7467571107180475,Top |rho| within random pair sample; not global full-market top edge
2023-12-29,60,300078.XSHE,300078,思创智联,300687.XSHE,300687,赛意信息,60,1.0,0.7459057709621065,0.7459057709621065,Top |rho| within random pair sample; not global full-market top edge
2023-12-29,60,002441.XSHE,002441,众业达,688589.XSHG,688589,力合微,60,1.0,0.745649121074845,0.745649121074845,Top |rho| within random pair sample; not global full-market top edge
2023-12-29,60,002266.XSHE,002266,浙富控股,300208.XSHE,300208,中程退,60,1.0,0.7453005831864037,0.7453005831864037,Top |rho| within random pair sample; not global full-market top edge
2023-12-29,60,001333.XSHE,001333,光华股份,300067.XSHE,300067,安诺其,60,1.0,0.744938180610735,0.744938180610735,Top |rho| within random pair sample; not global full-market top edge
2023-12-29,60,300955.XSHE,300955,嘉亨家化,688360.XSHG,688360,德马科技,60,1.0,0.7443743346383087,0.7443743346383087,Top |rho| within random pair sample; not global full-market top edge
2023-12-29,60,301175.XSHE,301175,中科环保,688660.XSHG,688660,电气风电,60,1.0,0.7436563151320015,0.7436563151320015,Top |rho| within random pair sample; not global full-market top edge
2023-12-29,60,300306.XSHE,300306,远方信息,301199.XSHE,301199,迈赫股份,60,1.0,0.7433661997992208,0.7433661997992208,Top |rho| within random pair sample; not global full-market top edge
2023-12-29,60,002683.XSHE,002683,广东宏大,300767.XSHE,300767,震安科技,60,1.0,0.743343607415669,0.743343607415669,Top |rho| within random pair sample; not global full-market top edge
2023-12-29,60,001225.XSHE,001225,和泰机电,300804.XSHE,300804,广康生化,60,1.0,0.7420882798417444,0.7420882798417444,Top |rho| within random pair sample; not global full-market top edge
2023-12-29,60,001218.XSHE,001218,丽臣实业,301163.XSHE,301163,宏德股份,60,1.0,0.7409314019144224,0.7409314019144224,Top |rho| within random pair sample; not global full-market top edge
2023-12-29,60,002605.XSHE,002605,姚记科技,600959.XSHG,600959,江苏有线,60,1.0,0.7394127815604027,0.7394127815604027,Top |rho| within random pair sample; not global full-market top edge
2023-12-29,60,000803.XSHE,000803,山高环能,002909.XSHE,002909,集泰股份,60,1.0,0.7393090308129624,0.7393090308129624,Top |rho| within random pair sample; not global full-market top edge
2023-12-29,60,002628.XSHE,002628,成都路桥,600881.XSHG,600881,亚泰集团,60,1.0,0.7385239104161347,0.7385239104161347,Top |rho| within random pair sample; not global full-market top edge
2023-12-29,60,002407.XSHE,002407,多氟多,301121.XSHE,301121,紫建电子,60,1.0,0.7384402502664095,0.7384402502664095,Top |rho| within random pair sample; not global full-market top edge
2023-12-29,60,002376.XSHE,002376,新北洋,688171.XSHG,688171,纬德信息,60,1.0,0.7378806154181055,0.7378806154181055,Top |rho| within random pair sample; not global full-market top edge
2023-12-29,60,300810.XSHE,300810,中科海讯,600990.XSHG,600990,四创电子,60,1.0,0.7377625883137148,0.7377625883137148,Top |rho| within random pair sample; not global full-market top edge
2023-12-29,60,001212.XSHE,001212,中旗新材,600526.XSHG,600526,菲达环保,60,1.0,0.7364659259901323,0.7364659259901323,Top |rho| within random pair sample; not global full-market top edge
2023-12-29,60,300040.XSHE,300040,九洲集团,688718.XSHG,688718,唯赛勃,60,1.0,0.7363310719017706,0.7363310719017706,Top |rho| within random pair sample; not global full-market top edge
2023-12-29,60,002296.XSHE,002296,辉煌科技,300758.XSHE,300758,七彩化学,60,1.0,0.7355095787111359,0.7355095787111359,Top |rho| within random pair sample; not global full-market top edge
2023-12-29,60,300022.XSHE,300022,吉峰科技,300929.XSHE,300929,华骐环保,60,1.0,0.7352870090675911,0.7352870090675911,Top |rho| within random pair sample; not global full-market top edge
2023-12-29,60,000958.XSHE,000958,电投产融,600517.XSHG,600517,国网英大,60,1.0,0.7338084059052682,0.7338084059052682,Top |rho| within random pair sample; not global full-market top edge
2023-12-29,60,002747.XSHE,002747,埃斯顿,300327.XSHE,300327,中颖电子,60,1.0,0.7314454117950505,0.7314454117950505,Top |rho| within random pair sample; not global full-market top edge
2023-12-29,60,000751.XSHE,000751,锌业股份,600500.XSHG,600500,中化国际,60,1.0,0.7314363181595193,0.7314363181595193,Top |rho| within random pair sample; not global full-market top edge
2023-12-29,60,003022.XSHE,003022,联泓新科,600389.XSHG,600389,江山股份,60,1.0,0.7313014770667543,0.7313014770667543,Top |rho| within random pair sample; not global full-market top edge
2023-12-29,60,000967.XSHE,000967,盈峰环境,300692.XSHE,300692,中赋科技,60,1.0,0.7309438887104364,0.7309438887104364,Top |rho| within random pair sample; not global full-market top edge
2023-12-29,60,301199.XSHE,301199,迈赫股份,688788.XSHG,688788,科思科技,60,1.0,0.7306691841977676,0.7306691841977676,Top |rho| within random pair sample; not global full-market top edge
2023-12-29,60,301138.XSHE,301138,华研精机,688529.XSHG,688529,豪森智能,60,1.0,0.7306557180237186,0.7306557180237186,Top |rho| within random pair sample; not global full-market top edge
2024-12-31,60,002788.XSHE,002788,鹭燕医药,300869.XSHE,300869,康泰医学,60,1.0,0.9050132880285385,0.9050132880285385,Top |rho| within random pair sample; not global full-market top edge
2024-12-31,60,300982.XSHE,300982,苏文电能,301216.XSHE,301216,万凯新材,60,1.0,0.9044430351008025,0.9044430351008025,Top |rho| within random pair sample; not global full-market top edge
2024-12-31,60,300371.XSHE,300371,汇中股份,300946.XSHE,300946,恒而达,60,1.0,0.9029217933111472,0.9029217933111472,Top |rho| within random pair sample; not global full-market top edge
2024-12-31,60,301090.XSHE,301090,华润材料,301559.XSHE,301559,中集环科,60,1.0,0.9026111763921836,0.9026111763921836,Top |rho| within random pair sample; not global full-market top edge
2024-12-31,60,002391.XSHE,002391,长青股份,605033.XSHG,605033,美邦股份,60,1.0,0.8956598722631947,0.8956598722631947,Top |rho| within random pair sample; not global full-market top edge
2024-12-31,60,300371.XSHE,300371,汇中股份,301138.XSHE,301138,华研精机,60,1.0,0.8844040796979434,0.8844040796979434,Top |rho| within random pair sample; not global full-market top edge
2024-12-31,60,300507.XSHE,300507,苏奥传感,300745.XSHE,300745,欣锐科技,60,1.0,0.8793578127590838,0.8793578127590838,Top |rho| within random pair sample; not global full-market top edge
2024-12-31,60,002972.XSHE,002972,科安达,301081.XSHE,301081,严牌股份,60,1.0,0.8758095817151698,0.8758095817151698,Top |rho| within random pair sample; not global full-market top edge
2024-12-31,60,300800.XSHE,300800,力合科技,688156.XSHG,688156,路德科技,60,1.0,0.8735554552450449,0.8735554552450449,Top |rho| within random pair sample; not global full-market top edge
2024-12-31,60,001299.XSHE,001299,美能能源,001331.XSHE,001331,胜通能源,60,1.0,0.8718070170091702,0.8718070170091702,Top |rho| within random pair sample; not global full-market top edge
2024-12-31,60,000650.XSHE,000650,仁和药业,301507.XSHE,301507,民生健康,60,1.0,0.870784925591085,0.870784925591085,Top |rho| within random pair sample; not global full-market top edge
2024-12-31,60,300510.XSHE,300510,金冠股份,300886.XSHE,300886,华业香料,60,1.0,0.8673292091229697,0.8673292091229697,Top |rho| within random pair sample; not global full-market top edge
2024-12-31,60,000655.XSHE,000655,金岭矿业,002578.XSHE,002578,闽发铝业,60,1.0,0.8639642335004558,0.8639642335004558,Top |rho| within random pair sample; not global full-market top edge
2024-12-31,60,301149.XSHE,301149,隆华新材,688078.XSHG,688078,龙软科技,60,1.0,0.8638885348315163,0.8638885348315163,Top |rho| within random pair sample; not global full-market top edge
2024-12-31,60,002060.XSHE,002060,广东建工,600477.XSHG,600477,杭萧钢构,60,1.0,0.8637108717276881,0.8637108717276881,Top |rho| within random pair sample; not global full-market top edge
2024-12-31,60,300864.XSHE,300864,南大环境,301520.XSHE,301520,万邦医药,60,1.0,0.8624295548697644,0.8624295548697644,Top |rho| within random pair sample; not global full-market top edge
2024-12-31,60,001213.XSHE,001213,中铁特货,600916.XSHG,600916,中国黄金,60,1.0,0.8590694179121372,0.8590694179121372,Top |rho| within random pair sample; not global full-market top edge
2024-12-31,60,002969.XSHE,002969,嘉美包装,300854.XSHE,300854,中兰环保,60,1.0,0.8571891796617951,0.8571891796617951,Top |rho| within random pair sample; not global full-market top edge
2024-12-31,60,300804.XSHE,300804,广康生化,688329.XSHG,688329,艾隆科技,60,1.0,0.8543906730748932,0.8543906730748932,Top |rho| within random pair sample; not global full-market top edge
2024-12-31,60,300767.XSHE,300767,震安科技,688357.XSHG,688357,建龙微纳,60,1.0,0.8535116019285217,0.8535116019285217,Top |rho| within random pair sample; not global full-market top edge
2024-12-31,60,300943.XSHE,300943,春晖智控,301555.XSHE,301555,惠柏新材,60,1.0,0.8530326304402324,0.8530326304402324,Top |rho| within random pair sample; not global full-market top edge
2024-12-31,60,002763.XSHE,002763,汇洁股份,603813.XSHG,603813,原尚股份,60,1.0,0.8512420640125086,0.8512420640125086,Top |rho| within random pair sample; not global full-market top edge
2024-12-31,60,002454.XSHE,002454,松芝股份,603089.XSHG,603089,正裕工业,60,1.0,0.8501312762386664,0.8501312762386664,Top |rho| within random pair sample; not global full-market top edge
2024-12-31,60,300171.XSHE,300171,东富龙,300834.XSHE,300834,星辉环材,60,1.0,0.8480572866320837,0.8480572866320837,Top |rho| within random pair sample; not global full-market top edge
2024-12-31,60,300867.XSHE,300867,圣元环保,688295.XSHG,688295,中复神鹰,60,1.0,0.8469816875845381,0.8469816875845381,Top |rho| within random pair sample; not global full-market top edge
2024-12-31,60,002567.XSHE,002567,唐人神,600681.XSHG,600681,百川能源,60,1.0,0.8458925455503878,0.8458925455503878,Top |rho| within random pair sample; not global full-market top edge
2024-12-31,60,001216.XSHE,001216,华瓷股份,301167.XSHE,301167,建研设计,60,1.0,0.8446013821875886,0.8446013821875886,Top |rho| within random pair sample; not global full-market top edge
2024-12-31,60,300463.XSHE,300463,迈克生物,605008.XSHG,605008,长鸿高科,60,1.0,0.844535632317682,0.844535632317682,Top |rho| within random pair sample; not global full-market top edge
2024-12-31,60,002732.XSHE,002732,燕塘乳业,603700.XSHG,603700,宁水集团,60,1.0,0.8438414485460295,0.8438414485460295,Top |rho| within random pair sample; not global full-market top edge
2024-12-31,60,001368.XSHE,001368,通达创智,002732.XSHE,002732,燕塘乳业,60,1.0,0.8436774487270928,0.8436774487270928,Top |rho| within random pair sample; not global full-market top edge
2024-12-31,60,000055.XSHE,000055,方大集团,603192.XSHG,603192,汇得科技,60,1.0,0.8433052567166449,0.8433052567166449,Top |rho| within random pair sample; not global full-market top edge
2024-12-31,60,002391.XSHE,002391,长青股份,301520.XSHE,301520,万邦医药,60,1.0,0.8432760596978697,0.8432760596978697,Top |rho| within random pair sample; not global full-market top edge
2024-12-31,60,001333.XSHE,001333,光华股份,603903.XSHG,603903,中持股份,60,1.0,0.84283061456619,0.84283061456619,Top |rho| within random pair sample; not global full-market top edge
2024-12-31,60,000960.XSHE,000960,锡业股份,600459.XSHG,600459,贵研铂业,60,1.0,0.8420152936557949,0.8420152936557949,Top |rho| within random pair sample; not global full-market top edge
2024-12-31,60,300510.XSHE,300510,金冠股份,300774.XSHE,300774,倍杰特,60,1.0,0.8409903954066253,0.8409903954066253,Top |rho| within random pair sample; not global full-market top edge
2024-12-31,60,300538.XSHE,300538,同益股份,603373.XSHG,603373,安邦护卫,60,1.0,0.8403257413877999,0.8403257413877999,Top |rho| within random pair sample; not global full-market top edge
2024-12-31,60,300244.XSHE,300244,迪安诊断,688580.XSHG,688580,伟思医疗,60,1.0,0.8402259968456759,0.8402259968456759,Top |rho| within random pair sample; not global full-market top edge
2024-12-31,60,300923.XSHE,300923,研奥股份,605068.XSHG,605068,明新旭腾,60,1.0,0.839956529365018,0.839956529365018,Top |rho| within random pair sample; not global full-market top edge
2024-12-31,60,300422.XSHE,300422,博世科,601199.XSHG,601199,江南水务,60,1.0,0.8391123620904025,0.8391123620904025,Top |rho| within random pair sample; not global full-market top edge
2024-12-31,60,300253.XSHE,300253,卫宁健康,300454.XSHE,300454,深信服,60,1.0,0.838604215413818,0.838604215413818,Top |rho| within random pair sample; not global full-market top edge
2024-12-31,60,301046.XSHE,301046,能辉科技,301139.XSHE,301139,*ST元道,60,1.0,0.8378773944162421,0.8378773944162421,Top |rho| within random pair sample; not global full-market top edge
2024-12-31,60,002363.XSHE,002363,隆基机械,301448.XSHE,301448,开创电气,60,1.0,0.8317917673880445,0.8317917673880445,Top |rho| within random pair sample; not global full-market top edge
2024-12-31,60,301216.XSHE,301216,万凯新材,688057.XSHG,688057,金达莱,60,1.0,0.8312923046348921,0.8312923046348921,Top |rho| within random pair sample; not global full-market top edge
2024-12-31,60,002060.XSHE,002060,广东建工,002206.XSHE,002206,海利得,60,1.0,0.8307892880530844,0.8307892880530844,Top |rho| within random pair sample; not global full-market top edge
2024-12-31,60,300258.XSHE,300258,精锻科技,301528.XSHE,301528,多浦乐,60,1.0,0.8307826083047399,0.8307826083047399,Top |rho| within random pair sample; not global full-market top edge
2024-12-31,60,300286.XSHE,300286,安科瑞,301020.XSHE,301020,密封科技,60,1.0,0.8301947665316821,0.8301947665316821,Top |rho| within random pair sample; not global full-market top edge
2024-12-31,60,000690.XSHE,000690,宝新能源,000708.XSHE,000708,中信特钢,60,1.0,0.8301206154095441,0.8301206154095441,Top |rho| within random pair sample; not global full-market top edge
2024-12-31,60,002972.XSHE,002972,科安达,605007.XSHG,605007,五洲特纸,60,1.0,0.8300734094563251,0.8300734094563251,Top |rho| within random pair sample; not global full-market top edge
2024-12-31,60,300221.XSHE,300221,银禧科技,301196.XSHE,301196,唯科科技,60,1.0,0.8290490004232529,0.8290490004232529,Top |rho| within random pair sample; not global full-market top edge
2024-12-31,60,300246.XSHE,300246,宝莱特,301107.XSHE,301107,瑜欣电子,60,1.0,0.8284288147218352,0.8284288147218352,Top |rho| within random pair sample; not global full-market top edge
2024-12-31,60,300444.XSHE,300444,双杰电气,688236.XSHG,688236,春立医疗,60,1.0,0.8282721994941545,0.8282721994941545,Top |rho| within random pair sample; not global full-market top edge
2024-12-31,60,002972.XSHE,002972,科安达,605162.XSHG,605162,新中港,60,1.0,0.8266627559218579,0.8266627559218579,Top |rho| within random pair sample; not global full-market top edge
2024-12-31,60,002566.XSHE,002566,益盛药业,301103.XSHE,301103,何氏眼科,60,1.0,0.8262978848703604,0.8262978848703604,Top |rho| within random pair sample; not global full-market top edge
2024-12-31,60,001208.XSHE,001208,华菱线缆,002275.XSHE,002275,桂林三金,60,1.0,0.8257584123335564,0.8257584123335564,Top |rho| within random pair sample; not global full-market top edge
2024-12-31,60,301196.XSHE,301196,唯科科技,605058.XSHG,605058,澳弘电子,60,1.0,0.8254137777720892,0.8254137777720892,Top |rho| within random pair sample; not global full-market top edge
2024-12-31,60,000563.XSHE,000563,陕国投A,002961.XSHE,002961,瑞达期货,60,1.0,0.8252211258036168,0.8252211258036168,Top |rho| within random pair sample; not global full-market top edge
2024-12-31,60,300596.XSHE,300596,利安隆,688269.XSHG,688269,凯立新材,60,1.0,0.8240376637160267,0.8240376637160267,Top |rho| within random pair sample; not global full-market top edge
2024-12-31,60,001316.XSHE,001316,润贝航科,301022.XSHE,301022,海泰科,60,1.0,0.8238393913428917,0.8238393913428917,Top |rho| within random pair sample; not global full-market top edge
2024-12-31,60,300265.XSHE,300265,通光线缆,688215.XSHG,688215,瑞晟智能,60,1.0,0.8234556992684913,0.8234556992684913,Top |rho| within random pair sample; not global full-market top edge
2024-12-31,60,300537.XSHE,300537,广信材料,603989.XSHG,603989,艾华集团,60,1.0,0.8232725645335421,0.8232725645335421,Top |rho| within random pair sample; not global full-market top edge
2024-12-31,60,000407.XSHE,000407,胜利股份,600230.XSHG,600230,沧州大化,60,1.0,0.823227284523654,0.823227284523654,Top |rho| within random pair sample; not global full-market top edge
2024-12-31,60,300393.XSHE,300393,中来股份,688080.XSHG,688080,映翰通,60,1.0,0.8229955960177965,0.8229955960177965,Top |rho| within random pair sample; not global full-market top edge
2024-12-31,60,301126.XSHE,301126,达嘉维康,301507.XSHE,301507,民生健康,60,1.0,0.8229076855081338,0.8229076855081338,Top |rho| within random pair sample; not global full-market top edge
2024-12-31,60,300393.XSHE,300393,中来股份,688121.XSHG,688121,*ST卓然,60,1.0,0.8223502636660022,0.8223502636660022,Top |rho| within random pair sample; not global full-market top edge
2024-12-31,60,002642.XSHE,002642,荣联科技,300359.XSHE,300359,全通教育,60,1.0,0.8221154966463757,0.8221154966463757,Top |rho| within random pair sample; not global full-market top edge
2024-12-31,60,002391.XSHE,002391,长青股份,603896.XSHG,603896,寿仙谷,60,1.0,0.8217771452238941,0.8217771452238941,Top |rho| within random pair sample; not global full-market top edge
2024-12-31,60,002511.XSHE,002511,中顺洁柔,300415.XSHE,300415,伊之密,60,1.0,0.8213070492044813,0.8213070492044813,Top |rho| within random pair sample; not global full-market top edge
2024-12-31,60,300500.XSHE,300500,启迪设计,688203.XSHG,688203,海正生材,60,1.0,0.8205972320027634,0.8205972320027634,Top |rho| within random pair sample; not global full-market top edge
2024-12-31,60,300144.XSHE,300144,宋城演艺,300498.XSHE,300498,温氏股份,60,1.0,0.8204957913242991,0.8204957913242991,Top |rho| within random pair sample; not global full-market top edge
2024-12-31,60,300636.XSHE,300636,同和药业,301190.XSHE,301190,善水科技,60,1.0,0.819184505378208,0.819184505378208,Top |rho| within random pair sample; not global full-market top edge
2024-12-31,60,002300.XSHE,002300,太阳电缆,301468.XSHE,301468,博盈特焊,60,1.0,0.8191031415630412,0.8191031415630412,Top |rho| within random pair sample; not global full-market top edge
2024-12-31,60,301006.XSHE,301006,迈拓股份,301149.XSHE,301149,隆华新材,60,1.0,0.819083433361777,0.819083433361777,Top |rho| within random pair sample; not global full-market top edge
2024-12-31,60,300011.XSHE,300011,鼎汉技术,301090.XSHE,301090,华润材料,60,1.0,0.8190175978039907,0.8190175978039907,Top |rho| within random pair sample; not global full-market top edge
2024-12-31,60,300422.XSHE,300422,博世科,688670.XSHG,688670,金迪克,60,1.0,0.8184314412233936,0.8184314412233936,Top |rho| within random pair sample; not global full-market top edge
2024-12-31,60,002382.XSHE,002382,蓝帆医疗,688335.XSHG,688335,复洁科技,60,1.0,0.8180917622416771,0.8180917622416771,Top |rho| within random pair sample; not global full-market top edge
2024-12-31,60,002333.XSHE,002333,罗普斯金,300837.XSHE,300837,浙矿股份,60,1.0,0.8179758240700665,0.8179758240700665,Top |rho| within random pair sample; not global full-market top edge
2024-12-31,60,300439.XSHE,300439,美康生物,601311.XSHG,601311,骆驼股份,60,1.0,0.8177910640037047,0.8177910640037047,Top |rho| within random pair sample; not global full-market top edge
2024-12-31,60,300710.XSHE,300710,万隆光电,688021.XSHG,688021,奥福科技,60,1.0,0.817548205764533,0.817548205764533,Top |rho| within random pair sample; not global full-market top edge
2024-12-31,60,301043.XSHE,301043,绿岛风,301298.XSHE,301298,东利机械,60,1.0,0.8170922973817724,0.8170922973817724,Top |rho| within random pair sample; not global full-market top edge
2024-12-31,60,301046.XSHE,301046,能辉科技,688015.XSHG,688015,交控科技,60,1.0,0.8163120996124368,0.8163120996124368,Top |rho| within random pair sample; not global full-market top edge
2024-12-31,60,002483.XSHE,002483,润邦股份,301181.XSHE,301181,标榜股份,60,1.0,0.8156374584503774,0.8156374584503774,Top |rho| within random pair sample; not global full-market top edge
2024-12-31,60,001368.XSHE,001368,通达创智,300281.XSHE,300281,金明精机,60,1.0,0.8153676026431369,0.8153676026431369,Top |rho| within random pair sample; not global full-market top edge
2024-12-31,60,000049.XSHE,000049,德赛电池,300318.XSHE,300318,博晖创新,60,1.0,0.8147587897762263,0.8147587897762263,Top |rho| within random pair sample; not global full-market top edge
2024-12-31,60,002022.XSHE,002022,科华生物,002809.XSHE,002809,红墙股份,60,1.0,0.8145233375554758,0.8145233375554758,Top |rho| within random pair sample; not global full-market top edge
2024-12-31,60,300560.XSHE,300560,中富通,300996.XSHE,300996,普联软件,60,1.0,0.8132611986934863,0.8132611986934863,Top |rho| within random pair sample; not global full-market top edge
2024-12-31,60,300039.XSHE,300039,上海凯宝,301448.XSHE,301448,开创电气,60,1.0,0.8129698933420123,0.8129698933420123,Top |rho| within random pair sample; not global full-market top edge
2024-12-31,60,301056.XSHE,301056,森赫股份,301448.XSHE,301448,开创电气,60,1.0,0.8129085212712764,0.8129085212712764,Top |rho| within random pair sample; not global full-market top edge
2024-12-31,60,300569.XSHE,300569,天能重工,600459.XSHG,600459,贵研铂业,60,1.0,0.8124719047003389,0.8124719047003389,Top |rho| within random pair sample; not global full-market top edge
2024-12-31,60,002753.XSHE,002753,永东股份,301468.XSHE,301468,博盈特焊,60,1.0,0.8112355524519496,0.8112355524519496,Top |rho| within random pair sample; not global full-market top edge
2024-12-31,60,301081.XSHE,301081,严牌股份,603817.XSHG,603817,海峡环保,60,1.0,0.8109784530094298,0.8109784530094298,Top |rho| within random pair sample; not global full-market top edge
2024-12-31,60,002363.XSHE,002363,隆基机械,603823.XSHG,603823,百合花,60,1.0,0.810971228722722,0.810971228722722,Top |rho| within random pair sample; not global full-market top edge
2024-12-31,60,300946.XSHE,300946,恒而达,688128.XSHG,688128,中国电研,60,1.0,0.8106329404948845,0.8106329404948845,Top |rho| within random pair sample; not global full-market top edge
2024-12-31,60,002381.XSHE,002381,双箭股份,603183.XSHG,603183,建研院,60,1.0,0.8105881899925176,0.8105881899925176,Top |rho| within random pair sample; not global full-market top edge
2024-12-31,60,300253.XSHE,300253,卫宁健康,688671.XSHG,688671,碧兴物联,60,1.0,0.8103805943145518,0.8103805943145518,Top |rho| within random pair sample; not global full-market top edge
2024-12-31,60,300643.XSHE,300643,万通智控,301081.XSHE,301081,严牌股份,60,1.0,0.8101266105450964,0.8101266105450964,Top |rho| within random pair sample; not global full-market top edge
2024-12-31,60,300181.XSHE,300181,佐力药业,300702.XSHE,300702,天宇股份,60,1.0,0.809500124150344,0.809500124150344,Top |rho| within random pair sample; not global full-market top edge
2024-12-31,60,300415.XSHE,300415,伊之密,301029.XSHE,301029,怡合达,60,1.0,0.8094625105478295,0.8094625105478295,Top |rho| within random pair sample; not global full-market top edge
2024-12-31,60,002166.XSHE,002166,莱茵生物,300126.XSHE,300126,锐奇股份,60,1.0,0.8093706525991069,0.8093706525991069,Top |rho| within random pair sample; not global full-market top edge
2024-12-31,60,300306.XSHE,300306,远方信息,603331.XSHG,603331,百达精工,60,1.0,0.8090635399832885,0.8090635399832885,Top |rho| within random pair sample; not global full-market top edge
2024-12-31,60,300610.XSHE,300610,晨化股份,300636.XSHE,300636,同和药业,60,1.0,0.8090597784023743,0.8090597784023743,Top |rho| within random pair sample; not global full-market top edge
2025-12-31,60,002237.XSHE,002237,恒邦股份,600489.XSHG,600489,中金黄金,60,1.0,0.836502313243978,0.836502313243978,Top |rho| within random pair sample; not global full-market top edge
2025-12-31,60,300923.XSHE,300923,研奥股份,605177.XSHG,605177,东亚药业,60,1.0,0.8295611380975536,0.8295611380975536,Top |rho| within random pair sample; not global full-market top edge
2025-12-31,60,000856.XSHE,000856,冀东装备,002494.XSHE,002494,华斯股份,60,1.0,0.8281922744585636,0.8281922744585636,Top |rho| within random pair sample; not global full-market top edge
2025-12-31,60,002316.XSHE,002316,亚联发展,300800.XSHE,300800,力合科技,60,1.0,0.8280685199928954,0.8280685199928954,Top |rho| within random pair sample; not global full-market top edge
2025-12-31,60,000623.XSHE,000623,吉林敖东,600909.XSHG,600909,华安证券,60,1.0,0.8069497645585171,0.8069497645585171,Top |rho| within random pair sample; not global full-market top edge
2025-12-31,60,300088.XSHE,300088,长信科技,300484.XSHE,300484,蓝海华腾,60,1.0,0.7859081381426661,0.7859081381426661,Top |rho| within random pair sample; not global full-market top edge
2025-12-31,60,002606.XSHE,002606,大连电瓷,601096.XSHG,601096,宏盛华源,60,1.0,0.7831821830029784,0.7831821830029784,Top |rho| within random pair sample; not global full-market top edge
2025-12-31,60,000623.XSHE,000623,吉林敖东,002673.XSHE,002673,西部证券,60,1.0,0.7808625741644655,0.7808625741644655,Top |rho| within random pair sample; not global full-market top edge
2025-12-31,60,002148.XSHE,002148,北纬科技,300292.XSHE,300292,吴通控股,60,1.0,0.7778284696399955,0.7778284696399955,Top |rho| within random pair sample; not global full-market top edge
2025-12-31,60,300457.XSHE,300457,赢合科技,601311.XSHG,601311,骆驼股份,60,1.0,0.7701720029114073,0.7701720029114073,Top |rho| within random pair sample; not global full-market top edge
2025-12-31,60,301273.XSHE,301273,瑞晨环保,603488.XSHG,603488,展鹏科技,60,1.0,0.7583510988188453,0.7583510988188453,Top |rho| within random pair sample; not global full-market top edge
2025-12-31,60,300458.XSHE,300458,全志科技,688220.XSHG,688220,翱捷科技,60,1.0,0.7580493206709545,0.7580493206709545,Top |rho| within random pair sample; not global full-market top edge
2025-12-31,60,300305.XSHE,300305,裕兴股份,300838.XSHE,300838,浙江力诺,60,1.0,0.7575769070678544,0.7575769070678544,Top |rho| within random pair sample; not global full-market top edge
2025-12-31,60,002375.XSHE,002375,亚厦股份,600512.XSHG,600512,腾达建设,60,1.0,0.7569366686425735,0.7569366686425735,Top |rho| within random pair sample; not global full-market top edge
2025-12-31,60,000155.XSHE,000155,川能动力,001203.XSHE,001203,大中矿业,60,1.0,0.7479051929331181,0.7479051929331181,Top |rho| within random pair sample; not global full-market top edge
2025-12-31,60,300864.XSHE,300864,南大环境,300929.XSHE,300929,华骐环保,60,1.0,0.7450861102320745,0.7450861102320745,Top |rho| within random pair sample; not global full-market top edge
2025-12-31,60,300246.XSHE,300246,宝莱特,300823.XSHE,300823,建科智能,60,1.0,0.7377086182082987,0.7377086182082987,Top |rho| within random pair sample; not global full-market top edge
2025-12-31,60,001279.XSHE,001279,强邦新材,603357.XSHG,603357,设计总院,60,1.0,0.7367275698089695,0.7367275698089695,Top |rho| within random pair sample; not global full-market top edge
2025-12-31,60,002323.XSHE,002323,*ST雅博,002999.XSHE,002999,天禾股份,60,1.0,0.7356943126051115,0.7356943126051115,Top |rho| within random pair sample; not global full-market top edge
2025-12-31,60,002676.XSHE,002676,顺威股份,600113.XSHG,600113,浙江东日,60,1.0,0.7336720755012163,0.7336720755012163,Top |rho| within random pair sample; not global full-market top edge
2025-12-31,60,002622.XSHE,002622,皓宸医疗,605186.XSHG,605186,健麾信息,60,1.0,0.7297664596778322,0.7297664596778322,Top |rho| within random pair sample; not global full-market top edge
2025-12-31,60,002809.XSHE,002809,红墙股份,300239.XSHE,300239,东宝生物,60,1.0,0.7221742049470765,0.7221742049470765,Top |rho| within random pair sample; not global full-market top edge
2025-12-31,60,000605.XSHE,000605,渤海股份,688021.XSHG,688021,奥福科技,60,1.0,0.722002707432727,0.722002707432727,Top |rho| within random pair sample; not global full-market top edge
2025-12-31,60,002131.XSHE,002131,利欧股份,300170.XSHE,300170,汉得信息,60,1.0,0.7150540697635337,0.7150540697635337,Top |rho| within random pair sample; not global full-market top edge
2025-12-31,60,300618.XSHE,300618,寒锐钴业,601958.XSHG,601958,金钼股份,60,1.0,0.7149034198146638,0.7149034198146638,Top |rho| within random pair sample; not global full-market top edge
2025-12-31,60,300623.XSHE,300623,捷捷微电,688107.XSHG,688107,安路科技,60,1.0,0.7142198477510999,0.7142198477510999,Top |rho| within random pair sample; not global full-market top edge
2025-12-31,60,300292.XSHE,300292,吴通控股,301581.XSHE,301581,黄山谷捷,60,1.0,0.7139915933879551,0.7139915933879551,Top |rho| within random pair sample; not global full-market top edge
2025-12-31,60,300853.XSHE,300853,申昊科技,301596.XSHE,301596,瑞迪智驱,60,1.0,0.7131637508261768,0.7131637508261768,Top |rho| within random pair sample; not global full-market top edge
2025-12-31,60,002873.XSHE,002873,新天药业,300534.XSHE,300534,陇神戎发,60,1.0,0.7124818551587248,0.7124818551587248,Top |rho| within random pair sample; not global full-market top edge
2025-12-31,60,300176.XSHE,300176,鸿特科技,300912.XSHE,300912,凯龙高科,60,1.0,0.7100759571316629,0.7100759571316629,Top |rho| within random pair sample; not global full-market top edge
2025-12-31,60,301037.XSHE,301037,保立佳,688338.XSHG,688338,赛科希德,60,1.0,0.7096183273977699,0.7096183273977699,Top |rho| within random pair sample; not global full-market top edge
2025-12-31,60,300378.XSHE,300378,鼎捷数智,300687.XSHE,300687,赛意信息,60,1.0,0.7057408696286933,0.7057408696286933,Top |rho| within random pair sample; not global full-market top edge
2025-12-31,60,002996.XSHE,002996,顺博合金,603937.XSHG,603937,丽岛新材,60,1.0,0.7036664408885517,0.7036664408885517,Top |rho| within random pair sample; not global full-market top edge
2025-12-31,60,300105.XSHE,300105,龙源技术,600787.XSHG,600787,中储股份,60,1.0,0.702073176823679,0.702073176823679,Top |rho| within random pair sample; not global full-market top edge
2025-12-31,60,002316.XSHE,002316,亚联发展,301314.XSHE,301314,科瑞思,60,1.0,0.7005803388441344,0.7005803388441344,Top |rho| within random pair sample; not global full-market top edge
2025-12-31,60,300439.XSHE,300439,美康生物,603303.XSHG,603303,得邦照明,60,1.0,0.7001073385125571,0.7001073385125571,Top |rho| within random pair sample; not global full-market top edge
2025-12-31,60,300231.XSHE,300231,银信科技,688609.XSHG,688609,九联科技,60,1.0,0.6998854021417451,0.6998854021417451,Top |rho| within random pair sample; not global full-market top edge
2025-12-31,60,002063.XSHE,002063,远光软件,300231.XSHE,300231,银信科技,60,1.0,0.6995602458711154,0.6995602458711154,Top |rho| within random pair sample; not global full-market top edge
2025-12-31,60,000717.XSHE,000717,中南股份,300021.XSHE,300021,大禹节水,60,1.0,0.6983897456765082,0.6983897456765082,Top |rho| within random pair sample; not global full-market top edge
2025-12-31,60,002055.XSHE,002055,ST得润,300088.XSHE,300088,长信科技,60,1.0,0.6976975434830746,0.6976975434830746,Top |rho| within random pair sample; not global full-market top edge
2025-12-31,60,002042.XSHE,002042,华孚时尚,002068.XSHE,002068,黑猫股份,60,1.0,0.6951131227794781,0.6951131227794781,Top |rho| within random pair sample; not global full-market top edge
2025-12-31,60,300404.XSHE,300404,博济医药,600521.XSHG,600521,华海药业,60,1.0,0.6948426043099504,0.6948426043099504,Top |rho| within random pair sample; not global full-market top edge
2025-12-31,60,300883.XSHE,300883,龙利得,688355.XSHG,688355,明志科技,60,1.0,0.6934345512646687,0.6934345512646687,Top |rho| within random pair sample; not global full-market top edge
2025-12-31,60,301269.XSHE,301269,华大九天,688126.XSHG,688126,沪硅产业,60,1.0,0.6923673496168521,0.6923673496168521,Top |rho| within random pair sample; not global full-market top edge
2025-12-31,60,002063.XSHE,002063,远光软件,300603.XSHE,300603,立昂技术,60,1.0,0.6894627473743438,0.6894627473743438,Top |rho| within random pair sample; not global full-market top edge
2025-12-31,60,300769.XSHE,300769,德方纳米,603105.XSHG,603105,芯能科技,60,1.0,0.688443292181128,0.688443292181128,Top |rho| within random pair sample; not global full-market top edge
2025-12-31,60,001378.XSHE,001378,德冠新材,300193.XSHE,300193,佳士科技,60,1.0,0.6881978265582449,0.6881978265582449,Top |rho| within random pair sample; not global full-market top edge
2025-12-31,60,300891.XSHE,300891,惠云钛业,603819.XSHG,603819,神力股份,60,1.0,0.685673291999689,0.685673291999689,Top |rho| within random pair sample; not global full-market top edge
2025-12-31,60,002399.XSHE,002399,海普瑞,603982.XSHG,603982,泉峰汽车,60,1.0,0.6851341293266855,0.6851341293266855,Top |rho| within random pair sample; not global full-market top edge
2025-12-31,60,000790.XSHE,000790,华神科技,002323.XSHE,002323,*ST雅博,60,1.0,0.6836886113187994,0.6836886113187994,Top |rho| within random pair sample; not global full-market top edge
2025-12-31,60,300828.XSHE,300828,锐新科技,301151.XSHE,301151,冠龙节能,60,1.0,0.6833074788038794,0.6833074788038794,Top |rho| within random pair sample; not global full-market top edge
2025-12-31,60,002377.XSHE,002377,国创高新,300823.XSHE,300823,建科智能,60,1.0,0.6821467150492969,0.6821467150492969,Top |rho| within random pair sample; not global full-market top edge
2025-12-31,60,300279.XSHE,300279,和晶科技,300365.XSHE,300365,恒华科技,60,1.0,0.6818804077502512,0.6818804077502512,Top |rho| within random pair sample; not global full-market top edge
2025-12-31,60,300599.XSHE,300599,雄塑科技,600476.XSHG,600476,*ST湘邮,60,1.0,0.6812710866053444,0.6812710866053444,Top |rho| within random pair sample; not global full-market top edge
2025-12-31,60,300176.XSHE,300176,鸿特科技,603987.XSHG,603987,康德莱,60,1.0,0.6786110060769245,0.6786110060769245,Top |rho| within random pair sample; not global full-market top edge
2025-12-31,60,300601.XSHE,300601,康泰生物,688163.XSHG,688163,赛伦生物,60,1.0,0.6782708632051478,0.6782708632051478,Top |rho| within random pair sample; not global full-market top edge
2025-12-31,60,002021.XSHE,002021,中捷资源,002526.XSHE,002526,山东矿机,60,1.0,0.6772272992858668,0.6772272992858668,Top |rho| within random pair sample; not global full-market top edge
2025-12-31,60,300241.XSHE,300241,瑞丰光电,603289.XSHG,603289,泰瑞机器,60,1.0,0.676043622775202,0.676043622775202,Top |rho| within random pair sample; not global full-market top edge
2025-12-31,60,002381.XSHE,002381,双箭股份,301585.XSHE,301585,蓝宇股份,60,1.0,0.6752352554418668,0.6752352554418668,Top |rho| within random pair sample; not global full-market top edge
2025-12-31,60,300583.XSHE,300583,赛托生物,301303.XSHE,301303,真兰仪表,60,1.0,0.6732048606686734,0.6732048606686734,Top |rho| within random pair sample; not global full-market top edge
2025-12-31,60,001201.XSHE,001201,东瑞股份,600128.XSHG,600128,苏豪弘业,60,1.0,0.6688255456049312,0.6688255456049312,Top |rho| within random pair sample; not global full-market top edge
2025-12-31,60,002161.XSHE,002161,远望谷,301273.XSHE,301273,瑞晨环保,60,1.0,0.6681181096986049,0.6681181096986049,Top |rho| within random pair sample; not global full-market top edge
2025-12-31,60,301260.XSHE,301260,格力博,601002.XSHG,601002,晋亿实业,60,1.0,0.66794540074738,0.66794540074738,Top |rho| within random pair sample; not global full-market top edge
2025-12-31,60,300527.XSHE,300527,ST应急,600967.XSHG,600967,内蒙一机,60,1.0,0.6660593894225448,0.6660593894225448,Top |rho| within random pair sample; not global full-market top edge
2025-12-31,60,000021.XSHE,000021,深科技,000878.XSHE,000878,云南铜业,60,1.0,0.6653340390953952,0.6653340390953952,Top |rho| within random pair sample; not global full-market top edge
2025-12-31,60,000931.XSHE,000931,中关村,688276.XSHG,688276,百克生物,60,1.0,0.664652887299235,0.664652887299235,Top |rho| within random pair sample; not global full-market top edge
2025-12-31,60,002406.XSHE,002406,远东传动,002467.XSHE,002467,二六三,60,1.0,0.6642479900741908,0.6642479900741908,Top |rho| within random pair sample; not global full-market top edge
2025-12-31,60,300854.XSHE,300854,中兰环保,600235.XSHG,600235,民丰特纸,60,1.0,0.6641357440363463,0.6641357440363463,Top |rho| within random pair sample; not global full-market top edge
2025-12-31,60,000607.XSHE,000607,华媒控股,600749.XSHG,600749,西藏旅游,60,1.0,0.6621766377616968,0.6621766377616968,Top |rho| within random pair sample; not global full-market top edge
2025-12-31,60,002606.XSHE,002606,大连电瓷,600268.XSHG,600268,国电南自,60,1.0,0.6606280802745451,0.6606280802745451,Top |rho| within random pair sample; not global full-market top edge
2025-12-31,60,300441.XSHE,300441,鲍斯股份,688315.XSHG,688315,诺禾致源,60,1.0,0.6592139274409756,0.6592139274409756,Top |rho| within random pair sample; not global full-market top edge
2025-12-31,60,002826.XSHE,002826,易明医药,600847.XSHG,600847,万里股份,60,1.0,0.658187096046865,0.658187096046865,Top |rho| within random pair sample; not global full-market top edge
2025-12-31,60,002921.XSHE,002921,联诚精密,300828.XSHE,300828,锐新科技,60,1.0,0.657182897933914,0.657182897933914,Top |rho| within random pair sample; not global full-market top edge
2025-12-31,60,000789.XSHE,000789,万年青,300583.XSHE,300583,赛托生物,60,1.0,0.6567917439309013,0.6567917439309013,Top |rho| within random pair sample; not global full-market top edge
2025-12-31,60,301239.XSHE,301239,普瑞眼科,688163.XSHG,688163,赛伦生物,60,1.0,0.6537251072660787,0.6537251072660787,Top |rho| within random pair sample; not global full-market top edge
2025-12-31,60,000707.XSHE,000707,双环科技,002282.XSHE,002282,博深股份,60,1.0,0.6517633716155321,0.6517633716155321,Top |rho| within random pair sample; not global full-market top edge
2025-12-31,60,300148.XSHE,300148,天舟文化,301101.XSHE,301101,明月镜片,60,1.0,0.650962937419621,0.650962937419621,Top |rho| within random pair sample; not global full-market top edge
2025-12-31,60,300070.XSHE,300070,碧水源,601375.XSHG,601375,中原证券,60,1.0,0.6508249251732274,0.6508249251732274,Top |rho| within random pair sample; not global full-market top edge
2025-12-31,60,002580.XSHE,002580,圣阳股份,301587.XSHE,301587,中瑞股份,60,1.0,0.6502640591927301,0.6502640591927301,Top |rho| within random pair sample; not global full-market top edge
2025-12-31,60,002560.XSHE,002560,通达股份,603070.XSHG,603070,万控智造,60,1.0,0.6498383878496728,0.6498383878496728,Top |rho| within random pair sample; not global full-market top edge
2025-12-31,60,002726.XSHE,002726,ST龙大,002746.XSHE,002746,仙坛股份,60,1.0,0.6496353209073418,0.6496353209073418,Top |rho| within random pair sample; not global full-market top edge
2025-12-31,60,002380.XSHE,002380,科远智慧,002708.XSHE,002708,光洋股份,60,1.0,0.6490780778646379,0.6490780778646379,Top |rho| within random pair sample; not global full-market top edge
2025-12-31,60,300135.XSHE,300135,宝利国际,301223.XSHE,301223,中荣股份,60,1.0,0.6475796326393589,0.6475796326393589,Top |rho| within random pair sample; not global full-market top edge
2025-12-31,60,300852.XSHE,300852,四会富仕,601231.XSHG,601231,环旭电子,60,1.0,0.6471625428623005,0.6471625428623005,Top |rho| within random pair sample; not global full-market top edge
2025-12-31,60,000910.XSHE,000910,大亚圣象,002360.XSHE,002360,ST同德,60,1.0,0.646951442157673,0.646951442157673,Top |rho| within random pair sample; not global full-market top edge
2025-12-31,60,002152.XSHE,002152,广电运通,300951.XSHE,300951,博硕科技,60,1.0,0.6466566197213651,0.6466566197213651,Top |rho| within random pair sample; not global full-market top edge
2025-12-31,60,000813.XSHE,000813,德展健康,300314.XSHE,300314,戴维医疗,60,1.0,0.6465239510416543,0.6465239510416543,Top |rho| within random pair sample; not global full-market top edge
2025-12-31,60,300823.XSHE,300823,建科智能,300864.XSHE,300864,南大环境,60,1.0,0.6462301412794402,0.6462301412794402,Top |rho| within random pair sample; not global full-market top edge
2025-12-31,60,300514.XSHE,300514,友讯达,301115.XSHE,301115,联检科技,60,1.0,0.6460316722676364,0.6460316722676364,Top |rho| within random pair sample; not global full-market top edge
2025-12-31,60,300802.XSHE,300802,矩子科技,688216.XSHG,688216,气派科技,60,1.0,0.6444473531365907,0.6444473531365907,Top |rho| within random pair sample; not global full-market top edge
2025-12-31,60,300058.XSHE,300058,蓝色光标,603039.XSHG,603039,泛微网络,60,1.0,0.6434206983652433,0.6434206983652433,Top |rho| within random pair sample; not global full-market top edge
2025-12-31,60,300514.XSHE,300514,友讯达,301588.XSHE,301588,美新科技,60,1.0,0.642313659533222,0.642313659533222,Top |rho| within random pair sample; not global full-market top edge
2025-12-31,60,300883.XSHE,300883,龙利得,603161.XSHG,603161,科华控股,60,1.0,0.6421955611479266,0.6421955611479266,Top |rho| within random pair sample; not global full-market top edge
2025-12-31,60,002483.XSHE,002483,润邦股份,600528.XSHG,600528,中铁工业,60,1.0,0.6414946325707289,0.6414946325707289,Top |rho| within random pair sample; not global full-market top edge
2025-12-31,60,002483.XSHE,002483,润邦股份,002641.XSHE,002641,公元股份,60,1.0,0.6410380831699819,0.6410380831699819,Top |rho| within random pair sample; not global full-market top edge
2025-12-31,60,000529.XSHE,000529,广弘控股,002809.XSHE,002809,红墙股份,60,1.0,0.6410325629386464,0.6410325629386464,Top |rho| within random pair sample; not global full-market top edge
2025-12-31,60,300916.XSHE,300916,朗特智能,301023.XSHE,301023,奕帆传动,60,1.0,0.6395386348054289,0.6395386348054289,Top |rho| within random pair sample; not global full-market top edge
2025-12-31,60,300424.XSHE,300424,航新科技,600560.XSHG,600560,金自天正,54,0.9,0.6388330659756306,0.6388330659756306,Top |rho| within random pair sample; not global full-market top edge
2025-12-31,60,300987.XSHE,300987,川网传媒,301006.XSHE,301006,迈拓股份,60,1.0,0.6387070201416848,0.6387070201416848,Top |rho| within random pair sample; not global full-market top edge
2025-12-31,60,002283.XSHE,002283,天润工业,603768.XSHG,603768,常青股份,60,1.0,0.638508546485837,0.638508546485837,Top |rho| within random pair sample; not global full-market top edge
2026-09-03,60,002544.XSHE,002544,普天科技,600501.XSHG,600501,航天晨光,60,1.0,0.8986890177881797,0.8986890177881797,Top |rho| within random pair sample; not global full-market top edge
2026-09-03,60,000750.XSHE,000750,国海证券,600109.XSHG,600109,国金证券,60,1.0,0.8820930972964168,0.8820930972964168,Top |rho| within random pair sample; not global full-market top edge
2026-09-03,60,300625.XSHE,300625,三雄极光,301298.XSHE,301298,东利机械,60,1.0,0.8818985465493362,0.8818985465493362,Top |rho| within random pair sample; not global full-market top edge
2026-09-03,60,301010.XSHE,301010,晶雪节能,603041.XSHG,603041,美思德,60,1.0,0.8789921015856336,0.8789921015856336,Top |rho| within random pair sample; not global full-market top edge
2026-09-03,60,000663.XSHE,000663,永安林业,002535.XSHE,002535,林州重机,60,1.0,0.8760179891608005,0.8760179891608005,Top |rho| within random pair sample; not global full-market top edge
2026-09-03,60,002186.XSHE,002186,全聚德,002187.XSHE,002187,广百股份,60,1.0,0.86825813957854,0.86825813957854,Top |rho| within random pair sample; not global full-market top edge
2026-09-03,60,301229.XSHE,301229,纽泰格,600202.XSHG,600202,哈空调,60,1.0,0.8666387823944612,0.8666387823944612,Top |rho| within random pair sample; not global full-market top edge
2026-09-03,60,000623.XSHE,000623,吉林敖东,002926.XSHE,002926,华西证券,60,1.0,0.8598433606689584,0.8598433606689584,Top |rho| within random pair sample; not global full-market top edge
2026-09-03,60,301006.XSHE,301006,迈拓股份,603238.XSHG,603238,诺邦股份,60,1.0,0.859509711245499,0.859509711245499,Top |rho| within random pair sample; not global full-market top edge
2026-09-03,60,301298.XSHE,301298,东利机械,603117.XSHG,603117,万林物流,60,1.0,0.8511217360936969,0.8511217360936969,Top |rho| within random pair sample; not global full-market top edge
2026-09-03,60,301032.XSHE,301032,新柴股份,301170.XSHE,301170,锡南科技,60,1.0,0.8501611039661051,0.8501611039661051,Top |rho| within random pair sample; not global full-market top edge
2026-09-03,60,000514.XSHE,000514,渝开发,002133.XSHE,002133,广宇集团,60,1.0,0.8494089146487425,0.8494089146487425,Top |rho| within random pair sample; not global full-market top edge
2026-09-03,60,002692.XSHE,002692,远程股份,603030.XSHG,603030,全筑股份,60,1.0,0.8444309303623407,0.8444309303623407,Top |rho| within random pair sample; not global full-market top edge
2026-09-03,60,002551.XSHE,002551,尚荣医疗,301009.XSHE,301009,可靠股份,60,1.0,0.8435373744547376,0.8435373744547376,Top |rho| within random pair sample; not global full-market top edge
2026-09-03,60,301001.XSHE,301001,凯淳股份,301359.XSHE,301359,东南电子,60,1.0,0.8418217754327657,0.8418217754327657,Top |rho| within random pair sample; not global full-market top edge
2026-09-03,60,002671.XSHE,002671,龙泉股份,300675.XSHE,300675,建科院,60,1.0,0.8360485444177266,0.8360485444177266,Top |rho| within random pair sample; not global full-market top edge
2026-09-03,60,002287.XSHE,002287,奇正藏药,600812.XSHG,600812,华北制药,60,1.0,0.8342610499498677,0.8342610499498677,Top |rho| within random pair sample; not global full-market top edge
2026-09-03,60,000557.XSHE,000557,西部创业,002561.XSHE,002561,徐家汇,60,1.0,0.8334664500831896,0.8334664500831896,Top |rho| within random pair sample; not global full-market top edge
2026-09-03,60,002722.XSHE,002722,物产金轮,603096.XSHG,603096,新经典,60,1.0,0.8321948657425968,0.8321948657425968,Top |rho| within random pair sample; not global full-market top edge
2026-09-03,60,300796.XSHE,300796,贝斯美,688466.XSHG,688466,金科环境,60,1.0,0.8314504379649725,0.8314504379649725,Top |rho| within random pair sample; not global full-market top edge
2026-09-03,60,002080.XSHE,002080,中材科技,301511.XSHE,301511,德福科技,60,1.0,0.8287560631870922,0.8287560631870922,Top |rho| within random pair sample; not global full-market top edge
2026-09-03,60,002186.XSHE,002186,全聚德,603238.XSHG,603238,诺邦股份,60,1.0,0.8258143983662677,0.8258143983662677,Top |rho| within random pair sample; not global full-market top edge
2026-09-03,60,301229.XSHE,301229,纽泰格,600463.XSHG,600463,空港股份,60,1.0,0.8241685490670015,0.8241685490670015,Top |rho| within random pair sample; not global full-market top edge
2026-09-03,60,002799.XSHE,002799,环球印务,301009.XSHE,301009,可靠股份,60,1.0,0.8238649608509011,0.8238649608509011,Top |rho| within random pair sample; not global full-market top edge
2026-09-03,60,000426.XSHE,000426,兴业银锡,603799.XSHG,603799,华友钴业,60,1.0,0.8234351387838585,0.8234351387838585,Top |rho| within random pair sample; not global full-market top edge
2026-09-03,60,000605.XSHE,000605,渤海股份,600168.XSHG,600168,武汉控股,60,1.0,0.8206266936032002,0.8206266936032002,Top |rho| within random pair sample; not global full-market top edge
2026-09-03,60,000919.XSHE,000919,金陵药业,300406.XSHE,300406,九强生物,60,1.0,0.8191530949385591,0.8191530949385591,Top |rho| within random pair sample; not global full-market top edge
2026-09-03,60,000663.XSHE,000663,永安林业,600512.XSHG,600512,腾达建设,60,1.0,0.8189814599504955,0.8189814599504955,Top |rho| within random pair sample; not global full-market top edge
2026-09-03,60,000158.XSHE,000158,常山北明,300339.XSHE,300339,润和软件,60,1.0,0.8158092644673891,0.8158092644673891,Top |rho| within random pair sample; not global full-market top edge
2026-09-03,60,002347.XSHE,002347,泰尔股份,600592.XSHG,600592,龙溪股份,60,1.0,0.8143768193010295,0.8143768193010295,Top |rho| within random pair sample; not global full-market top edge
2026-09-03,60,000401.XSHE,000401,金隅冀东,600616.XSHG,600616,金枫酒业,60,1.0,0.809839784444654,0.809839784444654,Top |rho| within random pair sample; not global full-market top edge
2026-09-03,60,002337.XSHE,002337,赛象科技,301355.XSHE,301355,南王科技,60,1.0,0.8094353448760501,0.8094353448760501,Top |rho| within random pair sample; not global full-market top edge
2026-09-03,60,300851.XSHE,300851,交大思诺,688217.XSHG,688217,睿昂基因,60,1.0,0.8086943607084509,0.8086943607084509,Top |rho| within random pair sample; not global full-market top edge
2026-09-03,60,002790.XSHE,002790,瑞尔特,301001.XSHE,301001,凯淳股份,60,1.0,0.8051164740424331,0.8051164740424331,Top |rho| within random pair sample; not global full-market top edge
2026-09-03,60,301255.XSHE,301255,通力科技,301268.XSHE,301268,铭利达,60,1.0,0.8041609219139193,0.8041609219139193,Top |rho| within random pair sample; not global full-market top edge
2026-09-03,60,002198.XSHE,002198,ST嘉应,600543.XSHG,600543,*ST莫高,60,1.0,0.8035521757249932,0.8035521757249932,Top |rho| within random pair sample; not global full-market top edge
2026-09-03,60,000686.XSHE,000686,东北证券,601059.XSHG,601059,信达证券,60,1.0,0.8031940352279898,0.8031940352279898,Top |rho| within random pair sample; not global full-market top edge
2026-09-03,60,000975.XSHE,000975,山金国际,001337.XSHE,001337,四川黄金,60,1.0,0.7998210288092582,0.7998210288092582,Top |rho| within random pair sample; not global full-market top edge
2026-09-03,60,002780.XSHE,002780,三夫户外,300350.XSHE,300350,华鹏飞,60,1.0,0.7959382449175479,0.7959382449175479,Top |rho| within random pair sample; not global full-market top edge
2026-09-03,60,000607.XSHE,000607,华媒控股,002269.XSHE,002269,美邦服饰,60,1.0,0.795839219764765,0.795839219764765,Top |rho| within random pair sample; not global full-market top edge
2026-09-03,60,300275.XSHE,300275,梅安森,603860.XSHG,603860,中公高科,60,1.0,0.7935581091923631,0.7935581091923631,Top |rho| within random pair sample; not global full-market top edge
2026-09-03,60,002181.XSHE,002181,粤传媒,002878.XSHE,002878,元隆雅图,60,1.0,0.7934827380322619,0.7934827380322619,Top |rho| within random pair sample; not global full-market top edge
2026-09-03,60,002836.XSHE,002836,新宏泽,300796.XSHE,300796,贝斯美,60,1.0,0.792224277865138,0.792224277865138,Top |rho| within random pair sample; not global full-market top edge
2026-09-03,60,002544.XSHE,002544,普天科技,300129.XSHE,300129,泰胜风能,60,1.0,0.7903572739766567,0.7903572739766567,Top |rho| within random pair sample; not global full-market top edge
2026-09-03,60,002269.XSHE,002269,美邦服饰,301001.XSHE,301001,凯淳股份,60,1.0,0.7889827569047407,0.7889827569047407,Top |rho| within random pair sample; not global full-market top edge
2026-09-03,60,300363.XSHE,300363,博腾股份,688073.XSHG,688073,毕得医药,60,1.0,0.7866853742831379,0.7866853742831379,Top |rho| within random pair sample; not global full-market top edge
2026-09-03,60,300782.XSHE,300782,卓胜微,688313.XSHG,688313,仕佳光子,60,1.0,0.7859551768208075,0.7859551768208075,Top |rho| within random pair sample; not global full-market top edge
2026-09-03,60,300279.XSHE,300279,和晶科技,600666.XSHG,600666,奥瑞德,60,1.0,0.7855224626487581,0.7855224626487581,Top |rho| within random pair sample; not global full-market top edge
2026-09-03,60,300258.XSHE,300258,精锻科技,300484.XSHE,300484,蓝海华腾,60,1.0,0.7839966382173892,0.7839966382173892,Top |rho| within random pair sample; not global full-market top edge
2026-09-03,60,300595.XSHE,300595,欧普康视,688298.XSHG,688298,东方生物,60,1.0,0.7838109251950427,0.7838109251950427,Top |rho| within random pair sample; not global full-market top edge
2026-09-03,60,002093.XSHE,002093,国脉科技,002405.XSHE,002405,四维图新,60,1.0,0.7835696115698986,0.7835696115698986,Top |rho| within random pair sample; not global full-market top edge
2026-09-03,60,300732.XSHE,300732,设研院,688579.XSHG,688579,地纬智能,60,1.0,0.783352217032362,0.783352217032362,Top |rho| within random pair sample; not global full-market top edge
2026-09-03,60,002393.XSHE,002393,力生制药,301370.XSHE,301370,国科恒泰,60,1.0,0.7824830426792577,0.7824830426792577,Top |rho| within random pair sample; not global full-market top edge
2026-09-03,60,002316.XSHE,002316,亚联发展,600716.XSHG,600716,凤凰股份,60,1.0,0.7821804335164684,0.7821804335164684,Top |rho| within random pair sample; not global full-market top edge
2026-09-03,60,300042.XSHE,300042,朗科科技,688625.XSHG,688625,呈和科技,60,1.0,0.7819033056967676,0.7819033056967676,Top |rho| within random pair sample; not global full-market top edge
2026-09-03,60,002593.XSHE,002593,日上集团,300512.XSHE,300512,中亚股份,60,1.0,0.7809980999075123,0.7809980999075123,Top |rho| within random pair sample; not global full-market top edge
2026-09-03,60,300466.XSHE,300466,赛摩智能,300500.XSHE,300500,启迪设计,60,1.0,0.7796801087750904,0.7796801087750904,Top |rho| within random pair sample; not global full-market top edge
2026-09-03,60,300160.XSHE,300160,秀强股份,603136.XSHG,603136,天目湖,60,1.0,0.7795952852839002,0.7795952852839002,Top |rho| within random pair sample; not global full-market top edge
2026-09-03,60,301272.XSHE,301272,英华特,603968.XSHG,603968,醋化股份,60,1.0,0.7783979755648787,0.7783979755648787,Top |rho| within random pair sample; not global full-market top edge
2026-09-03,60,300759.XSHE,300759,康龙化成,688293.XSHG,688293,奥浦迈,60,1.0,0.778082028052109,0.778082028052109,Top |rho| within random pair sample; not global full-market top edge
2026-09-03,60,001238.XSHE,001238,浙江正特,300800.XSHE,300800,力合科技,60,1.0,0.778072723487545,0.778072723487545,Top |rho| within random pair sample; not global full-market top edge
2026-09-03,60,002224.XSHE,002224,三力士,300172.XSHE,300172,中电环保,60,1.0,0.7774149625642159,0.7774149625642159,Top |rho| within random pair sample; not global full-market top edge
2026-09-03,60,002373.XSHE,002373,千方科技,301558.XSHE,301558,三态股份,60,1.0,0.7769904074615319,0.7769904074615319,Top |rho| within random pair sample; not global full-market top edge
2026-09-03,60,002119.XSHE,002119,康强电子,300263.XSHE,300263,隆华科技,60,1.0,0.7754367725768467,0.7754367725768467,Top |rho| within random pair sample; not global full-market top edge
2026-09-03,60,300971.XSHE,300971,博亚精工,301298.XSHE,301298,东利机械,60,1.0,0.7753214451770402,0.7753214451770402,Top |rho| within random pair sample; not global full-market top edge
2026-09-03,60,002340.XSHE,002340,格林美,600338.XSHG,600338,西藏珠峰,60,1.0,0.7753018582585238,0.7753018582585238,Top |rho| within random pair sample; not global full-market top edge
2026-09-03,60,300713.XSHE,300713,英可瑞,300899.XSHE,300899,上海凯鑫,60,1.0,0.7752061301362576,0.7752061301362576,Top |rho| within random pair sample; not global full-market top edge
2026-09-03,60,000868.XSHE,000868,安凯客车,300732.XSHE,300732,设研院,60,1.0,0.7738698531654808,0.7738698531654808,Top |rho| within random pair sample; not global full-market top edge
2026-09-03,60,300306.XSHE,300306,远方信息,688588.XSHG,688588,凌志软件,60,1.0,0.7737574195028514,0.7737574195028514,Top |rho| within random pair sample; not global full-market top edge
2026-09-03,60,000570.XSHE,000570,苏常柴A,603908.XSHG,603908,牧高笛,60,1.0,0.7734495550439826,0.7734495550439826,Top |rho| within random pair sample; not global full-market top edge
2026-09-03,60,300177.XSHE,300177,中海达,301320.XSHE,301320,豪江智能,60,1.0,0.7733893687426109,0.7733893687426109,Top |rho| within random pair sample; not global full-market top edge
2026-09-03,60,300549.XSHE,300549,优德精密,301088.XSHE,301088,戎美股份,60,1.0,0.7724346412058392,0.7724346412058392,Top |rho| within random pair sample; not global full-market top edge
2026-09-03,60,002796.XSHE,002796,世嘉科技,301115.XSHE,301115,联检科技,60,1.0,0.7701763032885399,0.7701763032885399,Top |rho| within random pair sample; not global full-market top edge
2026-09-03,60,002471.XSHE,002471,中超控股,600592.XSHG,600592,龙溪股份,60,1.0,0.7695199428247516,0.7695199428247516,Top |rho| within random pair sample; not global full-market top edge
2026-09-03,60,002877.XSHE,002877,智能自控,301300.XSHE,301300,远翔新材,60,1.0,0.7687955638078112,0.7687955638078112,Top |rho| within random pair sample; not global full-market top edge
2026-09-03,60,300713.XSHE,300713,英可瑞,300930.XSHE,300930,屹通新材,60,1.0,0.7687360380850569,0.7687360380850569,Top |rho| within random pair sample; not global full-market top edge
2026-09-03,60,300956.XSHE,300956,英力股份,688560.XSHG,688560,明冠新材,60,1.0,0.7673942000690451,0.7673942000690451,Top |rho| within random pair sample; not global full-market top edge
2026-09-03,60,002343.XSHE,002343,慈文传媒,600448.XSHG,600448,华纺股份,60,1.0,0.7648022719547749,0.7648022719547749,Top |rho| within random pair sample; not global full-market top edge
2026-09-03,60,301028.XSHE,301028,鼎熔岩,688239.XSHG,688239,航宇科技,60,1.0,0.7616914090580105,0.7616914090580105,Top |rho| within random pair sample; not global full-market top edge
2026-09-03,60,002276.XSHE,002276,万马股份,300217.XSHE,300217,东方电热,60,1.0,0.7608211449814012,0.7608211449814012,Top |rho| within random pair sample; not global full-market top edge
2026-09-03,60,301272.XSHE,301272,英华特,600697.XSHG,600697,欧亚集团,60,1.0,0.7606907063684434,0.7606907063684434,Top |rho| within random pair sample; not global full-market top edge
2026-09-03,60,002080.XSHE,002080,中材科技,002436.XSHE,002436,兴森科技,60,1.0,0.7602787508220693,0.7602787508220693,Top |rho| within random pair sample; not global full-market top edge
2026-09-03,60,301312.XSHE,301312,智立方,688807.XSHG,688807,优迅股份,60,1.0,0.7597035270934894,0.7597035270934894,Top |rho| within random pair sample; not global full-market top edge
2026-09-03,60,001306.XSHE,001306,夏厦精密,300539.XSHE,300539,横河精密,60,1.0,0.7589646361273232,0.7589646361273232,Top |rho| within random pair sample; not global full-market top edge
2026-09-03,60,002666.XSHE,002666,德联集团,688468.XSHG,688468,科美诊断,60,1.0,0.7585383361384866,0.7585383361384866,Top |rho| within random pair sample; not global full-market top edge
2026-09-03,60,300539.XSHE,300539,横河精密,688510.XSHG,688510,航亚科技,60,1.0,0.7581777416395673,0.7581777416395673,Top |rho| within random pair sample; not global full-market top edge
2026-09-03,60,300160.XSHE,300160,秀强股份,600249.XSHG,600249,两面针,60,1.0,0.7578163858834854,0.7578163858834854,Top |rho| within random pair sample; not global full-market top edge
2026-09-03,60,002523.XSHE,002523,天桥起重,603810.XSHG,603810,丰山集团,60,1.0,0.7558541689408421,0.7558541689408421,Top |rho| within random pair sample; not global full-market top edge
2026-09-03,60,000058.XSHE,000058,深赛格,600527.XSHG,600527,江南高纤,60,1.0,0.7540839035882274,0.7540839035882274,Top |rho| within random pair sample; not global full-market top edge
2026-09-03,60,301069.XSHE,301069,凯盛新材,603948.XSHG,603948,建业股份,60,1.0,0.7538789684227508,0.7538789684227508,Top |rho| within random pair sample; not global full-market top edge
2026-09-03,60,301137.XSHE,301137,哈焊华通,600468.XSHG,600468,百利电气,60,1.0,0.7529657288030432,0.7529657288030432,Top |rho| within random pair sample; not global full-market top edge
2026-09-03,60,300614.XSHE,300614,百川畅银,603326.XSHG,603326,我乐家居,60,1.0,0.752431183847821,0.752431183847821,Top |rho| within random pair sample; not global full-market top edge
2026-09-03,60,002402.XSHE,002402,和而泰,688165.XSHG,688165,埃夫特,60,1.0,0.7522502310018575,0.7522502310018575,Top |rho| within random pair sample; not global full-market top edge
2026-09-03,60,300732.XSHE,300732,设研院,688560.XSHG,688560,明冠新材,60,1.0,0.7521216142383469,0.7521216142383469,Top |rho| within random pair sample; not global full-market top edge
2026-09-03,60,002399.XSHE,002399,海普瑞,300294.XSHE,300294,博雅生物,60,1.0,0.7515472694721396,0.7515472694721396,Top |rho| within random pair sample; not global full-market top edge
2026-09-03,60,002802.XSHE,002802,洪汇新材,603787.XSHG,603787,新日股份,60,1.0,0.751419131699111,0.751419131699111,Top |rho| within random pair sample; not global full-market top edge
2026-09-03,60,002712.XSHE,002712,思美传媒,301299.XSHE,301299,卓创资讯,60,1.0,0.750811424109447,0.750811424109447,Top |rho| within random pair sample; not global full-market top edge
2026-09-03,60,300570.XSHE,300570,太辰光,301021.XSHE,301021,英诺激光,60,1.0,0.7502909309070299,0.7502909309070299,Top |rho| within random pair sample; not global full-market top edge
2026-09-03,60,300034.XSHE,300034,钢研高纳,605123.XSHG,605123,派克新材,60,1.0,0.7498856561223459,0.7498856561223459,Top |rho| within random pair sample; not global full-market top edge
2026-09-03,60,002269.XSHE,002269,美邦服饰,301167.XSHE,301167,建研设计,60,1.0,0.7484531130382509,0.7484531130382509,Top |rho| within random pair sample; not global full-market top edge
2015-12-31,120,000589.XSHE,000589,贵州轮胎,601218.XSHG,601218,吉鑫科技,115,0.9583333333333334,0.9294413370601557,0.9294413370601557,Top |rho| within random pair sample; not global full-market top edge
2015-12-31,120,000776.XSHE,000776,广发证券,000783.XSHE,000783,长江证券,120,1.0,0.923850112099864,0.923850112099864,Top |rho| within random pair sample; not global full-market top edge
2015-12-31,120,000731.XSHE,000731,四川美丰,600616.XSHG,600616,金枫酒业,120,1.0,0.9089964549781742,0.9089964549781742,Top |rho| within random pair sample; not global full-market top edge
2015-12-31,120,000728.XSHE,000728,国元证券,002500.XSHE,002500,山西证券,120,1.0,0.9015519063978633,0.9015519063978633,Top |rho| within random pair sample; not global full-market top edge
2015-12-31,120,000822.XSHE,000822,山东海化,600322.XSHG,600322,津投城开,120,1.0,0.8988288544600797,0.8988288544600797,Top |rho| within random pair sample; not global full-market top edge
2015-12-31,120,002627.XSHE,002627,三峡旅游,300105.XSHE,300105,龙源技术,120,1.0,0.8982688601767478,0.8982688601767478,Top |rho| within random pair sample; not global full-market top edge
2015-12-31,120,000739.XSHE,000739,普洛药业,600469.XSHG,600469,风神股份,116,0.9666666666666667,0.8893725490120442,0.8893725490120442,Top |rho| within random pair sample; not global full-market top edge
2015-12-31,120,000537.XSHE,000537,绿发电力,600082.XSHG,600082,ST海泰,120,1.0,0.8873200408785618,0.8873200408785618,Top |rho| within random pair sample; not global full-market top edge
2015-12-31,120,000758.XSHE,000758,中色股份,600222.XSHG,600222,太龙药业,120,1.0,0.8868166090583467,0.8868166090583467,Top |rho| within random pair sample; not global full-market top edge
2015-12-31,120,002017.XSHE,002017,东信和平,600458.XSHG,600458,时代新材,120,1.0,0.8858741575326545,0.8858741575326545,Top |rho| within random pair sample; not global full-market top edge
2015-12-31,120,000731.XSHE,000731,四川美丰,601677.XSHG,601677,明泰铝业,120,1.0,0.8857912301632197,0.8857912301632197,Top |rho| within random pair sample; not global full-market top edge
2015-12-31,120,000528.XSHE,000528,柳工,002267.XSHE,002267,陕天然气,120,1.0,0.8853114415270965,0.8853114415270965,Top |rho| within random pair sample; not global full-market top edge
2015-12-31,120,000822.XSHE,000822,山东海化,600742.XSHG,600742,富维股份,120,1.0,0.8830607879299359,0.8830607879299359,Top |rho| within random pair sample; not global full-market top edge
2015-12-31,120,002073.XSHE,002073,软控股份,300139.XSHE,300139,晓程科技,114,0.95,0.881188829108276,0.881188829108276,Top |rho| within random pair sample; not global full-market top edge
2015-12-31,120,000531.XSHE,000531,穗恒运A,600327.XSHG,600327,大东方,120,1.0,0.8811029809832802,0.8811029809832802,Top |rho| within random pair sample; not global full-market top edge
2015-12-31,120,000686.XSHE,000686,东北证券,601688.XSHG,601688,华泰证券,120,1.0,0.8807233813085021,0.8807233813085021,Top |rho| within random pair sample; not global full-market top edge
2015-12-31,120,300185.XSHE,300185,通裕重工,600523.XSHG,600523,贵航股份,120,1.0,0.8793944797022387,0.8793944797022387,Top |rho| within random pair sample; not global full-market top edge
2015-12-31,120,000895.XSHE,000895,双汇发展,600011.XSHG,600011,华能国际,120,1.0,0.879311721201618,0.879311721201618,Top |rho| within random pair sample; not global full-market top edge
2015-12-31,120,300225.XSHE,300225,金力泰,601677.XSHG,601677,明泰铝业,120,1.0,0.8781512666482661,0.8781512666482661,Top |rho| within random pair sample; not global full-market top edge
2015-12-31,120,000635.XSHE,000635,英力特,002521.XSHE,002521,齐峰新材,115,0.9583333333333334,0.8748823458181797,0.8748823458181797,Top |rho| within random pair sample; not global full-market top edge
2015-12-31,120,300046.XSHE,300046,台基股份,601218.XSHG,601218,吉鑫科技,120,1.0,0.874612754207986,0.874612754207986,Top |rho| within random pair sample; not global full-market top edge
2015-12-31,120,000909.XSHE,000909,*ST数源,600883.XSHG,600883,博闻科技,116,0.9666666666666667,0.8743749226456818,0.8743749226456818,Top |rho| within random pair sample; not global full-market top edge
2015-12-31,120,000968.XSHE,000968,蓝焰控股,600569.XSHG,600569,安阳钢铁,114,0.95,0.8731863876858444,0.8731863876858444,Top |rho| within random pair sample; not global full-market top edge
2015-12-31,120,000096.XSHE,000096,广聚能源,300105.XSHE,300105,龙源技术,120,1.0,0.8727030453611627,0.8727030453611627,Top |rho| within random pair sample; not global full-market top edge
2015-12-31,120,300111.XSHE,300111,向日葵,600308.XSHG,600308,华泰股份,116,0.9666666666666667,0.8727018770097595,0.8727018770097595,Top |rho| within random pair sample; not global full-market top edge
2015-12-31,120,002046.XSHE,002046,国机精工,002177.XSHE,002177,御银股份,116,0.9666666666666667,0.870258219732067,0.870258219732067,Top |rho| within random pair sample; not global full-market top edge
2015-12-31,120,002767.XSHE,002767,先锋电子,603315.XSHG,603315,福鞍股份,120,1.0,0.8692915533233347,0.8692915533233347,Top |rho| within random pair sample; not global full-market top edge
2015-12-31,120,002627.XSHE,002627,三峡旅游,600550.XSHG,600550,保变电气,120,1.0,0.8677730646527821,0.8677730646527821,Top |rho| within random pair sample; not global full-market top edge
2015-12-31,120,000758.XSHE,000758,中色股份,600409.XSHG,600409,三友化工,120,1.0,0.8671001376536799,0.8671001376536799,Top |rho| within random pair sample; not global full-market top edge
2015-12-31,120,000958.XSHE,000958,电投产融,600550.XSHG,600550,保变电气,112,0.9333333333333333,0.866863269677207,0.866863269677207,Top |rho| within random pair sample; not global full-market top edge
2015-12-31,120,002144.XSHE,002144,宏达高科,600218.XSHG,600218,全柴动力,112,0.9333333333333333,0.866030712393689,0.866030712393689,Top |rho| within random pair sample; not global full-market top edge
2015-12-31,120,000531.XSHE,000531,穗恒运A,600550.XSHG,600550,保变电气,120,1.0,0.8655659132434734,0.8655659132434734,Top |rho| within random pair sample; not global full-market top edge
2015-12-31,120,000682.XSHE,000682,东方电子,002017.XSHE,002017,东信和平,120,1.0,0.8650934083373168,0.8650934083373168,Top |rho| within random pair sample; not global full-market top edge
2015-12-31,120,002017.XSHE,002017,东信和平,300046.XSHE,300046,台基股份,120,1.0,0.8645327780939054,0.8645327780939054,Top |rho| within random pair sample; not global full-market top edge
2015-12-31,120,002328.XSHE,002328,新朋股份,600249.XSHG,600249,两面针,115,0.9583333333333334,0.8642474320589352,0.8642474320589352,Top |rho| within random pair sample; not global full-market top edge
2015-12-31,120,000026.XSHE,000026,飞亚达,600523.XSHG,600523,贵航股份,120,1.0,0.8640929851684956,0.8640929851684956,Top |rho| within random pair sample; not global full-market top edge
2015-12-31,120,000823.XSHE,000823,超声电子,600985.XSHG,600985,淮北矿业,120,1.0,0.8638497771094367,0.8638497771094367,Top |rho| within random pair sample; not global full-market top edge
2015-12-31,120,000811.XSHE,000811,冰轮环境,300139.XSHE,300139,晓程科技,120,1.0,0.863749444201326,0.863749444201326,Top |rho| within random pair sample; not global full-market top edge
2015-12-31,120,002013.XSHE,002013,中航机电,600765.XSHG,600765,中航重机,112,0.9333333333333333,0.8637250563049813,0.8637250563049813,Top |rho| within random pair sample; not global full-market top edge
2015-12-31,120,300305.XSHE,300305,裕兴股份,600825.XSHG,600825,新华传媒,118,0.9833333333333333,0.8630654389380448,0.8630654389380448,Top |rho| within random pair sample; not global full-market top edge
2015-12-31,120,000528.XSHE,000528,柳工,600059.XSHG,600059,古越龙山,120,1.0,0.8629871784925935,0.8629871784925935,Top |rho| within random pair sample; not global full-market top edge
2015-12-31,120,000421.XSHE,000421,南京公用,600021.XSHG,600021,上海电力,109,0.9083333333333333,0.8628182090140336,0.8628182090140336,Top |rho| within random pair sample; not global full-market top edge
2015-12-31,120,000731.XSHE,000731,四川美丰,600888.XSHG,600888,新疆众和,120,1.0,0.8623145411639457,0.8623145411639457,Top |rho| within random pair sample; not global full-market top edge
2015-12-31,120,300039.XSHE,300039,上海凯宝,300225.XSHE,300225,金力泰,120,1.0,0.8614059490911243,0.8614059490911243,Top |rho| within random pair sample; not global full-market top edge
2015-12-31,120,000537.XSHE,000537,绿发电力,002420.XSHE,002420,毅昌科技,120,1.0,0.8610352653132864,0.8610352653132864,Top |rho| within random pair sample; not global full-market top edge
2015-12-31,120,002144.XSHE,002144,宏达高科,601177.XSHG,601177,杭齿前进,120,1.0,0.8609906411838583,0.8609906411838583,Top |rho| within random pair sample; not global full-market top edge
2015-12-31,120,000897.XSHE,000897,津滨发展,600509.XSHG,600509,天富能源,120,1.0,0.8605568831137106,0.8605568831137106,Top |rho| within random pair sample; not global full-market top edge
2015-12-31,120,000906.XSHE,000906,浙商中拓,600330.XSHG,600330,天通股份,115,0.9583333333333334,0.8598817833394757,0.8598817833394757,Top |rho| within random pair sample; not global full-market top edge
2015-12-31,120,002623.XSHE,002623,亚玛顿,300129.XSHE,300129,泰胜风能,112,0.9333333333333333,0.8592813666942318,0.8592813666942318,Top |rho| within random pair sample; not global full-market top edge
2015-12-31,120,000096.XSHE,000096,广聚能源,600302.XSHG,600302,ST标准,120,1.0,0.8592210521118729,0.8592210521118729,Top |rho| within random pair sample; not global full-market top edge
2015-12-31,120,000531.XSHE,000531,穗恒运A,600116.XSHG,600116,三峡水利,120,1.0,0.8590104588734693,0.8590104588734693,Top |rho| within random pair sample; not global full-market top edge
2015-12-31,120,002521.XSHE,002521,齐峰新材,300121.XSHE,300121,阳谷华泰,115,0.9583333333333334,0.8589600023589559,0.8589600023589559,Top |rho| within random pair sample; not global full-market top edge
2015-12-31,120,002561.XSHE,002561,徐家汇,600628.XSHG,600628,新世界,120,1.0,0.858722000029805,0.858722000029805,Top |rho| within random pair sample; not global full-market top edge
2015-12-31,120,002449.XSHE,002449,国星光电,600965.XSHG,600965,*ST福成,115,0.9583333333333334,0.8586729305361045,0.8586729305361045,Top |rho| within random pair sample; not global full-market top edge
2015-12-31,120,000859.XSHE,000859,国风新材,300055.XSHE,300055,万邦达,116,0.9666666666666667,0.8577600062483653,0.8577600062483653,Top |rho| within random pair sample; not global full-market top edge
2015-12-31,120,000728.XSHE,000728,国元证券,601901.XSHG,601901,方正证券,116,0.9666666666666667,0.85774462930594,0.85774462930594,Top |rho| within random pair sample; not global full-market top edge
2015-12-31,120,000932.XSHE,000932,华菱钢铁,600132.XSHG,600132,重庆啤酒,113,0.9416666666666667,0.8574312344877466,0.8574312344877466,Top |rho| within random pair sample; not global full-market top edge
2015-12-31,120,300256.XSHE,300256,星星科技,601218.XSHG,601218,吉鑫科技,111,0.925,0.8566963064698737,0.8566963064698737,Top |rho| within random pair sample; not global full-market top edge
2015-12-31,120,002017.XSHE,002017,东信和平,600119.XSHG,600119,*ST长投,116,0.9666666666666667,0.8565479225051978,0.8565479225051978,Top |rho| within random pair sample; not global full-market top edge
2015-12-31,120,002144.XSHE,002144,宏达高科,300256.XSHE,300256,星星科技,111,0.925,0.8565213140804511,0.8565213140804511,Top |rho| within random pair sample; not global full-market top edge
2015-12-31,120,000692.XSHE,000692,惠天热电,600308.XSHG,600308,华泰股份,118,0.9833333333333333,0.8564349872928911,0.8564349872928911,Top |rho| within random pair sample; not global full-market top edge
2015-12-31,120,000637.XSHE,000637,茂化实华,600469.XSHG,600469,风神股份,116,0.9666666666666667,0.856044856180096,0.856044856180096,Top |rho| within random pair sample; not global full-market top edge
2015-12-31,120,002564.XSHE,002564,天沃科技,300330.XSHE,300330,计通退,116,0.9666666666666667,0.8560221175382684,0.8560221175382684,Top |rho| within random pair sample; not global full-market top edge
2015-12-31,120,002420.XSHE,002420,毅昌科技,600143.XSHG,600143,金发科技,120,1.0,0.8557750156340987,0.8557750156340987,Top |rho| within random pair sample; not global full-market top edge
2015-12-31,120,000159.XSHE,000159,国际实业,600616.XSHG,600616,金枫酒业,120,1.0,0.8552528875098373,0.8552528875098373,Top |rho| within random pair sample; not global full-market top edge
2015-12-31,120,300050.XSHE,300050,世纪鼎利,300307.XSHE,300307,慈星股份,120,1.0,0.8549799338361117,0.8549799338361117,Top |rho| within random pair sample; not global full-market top edge
2015-12-31,120,000338.XSHE,000338,潍柴动力,601117.XSHG,601117,中国化学,120,1.0,0.8547965434521725,0.8547965434521725,Top |rho| within random pair sample; not global full-market top edge
2015-12-31,120,000811.XSHE,000811,冰轮环境,600851.XSHG,600851,海欣股份,111,0.925,0.854692170820534,0.854692170820534,Top |rho| within random pair sample; not global full-market top edge
2015-12-31,120,002540.XSHE,002540,亚太科技,601177.XSHG,601177,杭齿前进,120,1.0,0.8546434251031212,0.8546434251031212,Top |rho| within random pair sample; not global full-market top edge
2015-12-31,120,002065.XSHE,002065,东华软件,600331.XSHG,600331,宏达股份,108,0.9,0.8541676616382479,0.8541676616382479,Top |rho| within random pair sample; not global full-market top edge
2015-12-31,120,000731.XSHE,000731,四川美丰,603126.XSHG,603126,中材节能,118,0.9833333333333333,0.8540940597324232,0.8540940597324232,Top |rho| within random pair sample; not global full-market top edge
2015-12-31,120,000809.XSHE,000809,和展能源,600008.XSHG,600008,首创环保,120,1.0,0.8539573512174471,0.8539573512174471,Top |rho| within random pair sample; not global full-market top edge
2015-12-31,120,002165.XSHE,002165,红宝丽,300055.XSHE,300055,万邦达,114,0.95,0.8537203115818053,0.8537203115818053,Top |rho| within random pair sample; not global full-market top edge
2015-12-31,120,000498.XSHE,000498,山东路桥,600308.XSHG,600308,华泰股份,118,0.9833333333333333,0.8531392299119163,0.8531392299119163,Top |rho| within random pair sample; not global full-market top edge
2015-12-31,120,002585.XSHE,002585,双星新材,600711.XSHG,600711,盛屯矿业,120,1.0,0.8530845792089559,0.8530845792089559,Top |rho| within random pair sample; not global full-market top edge
2015-12-31,120,000616.XSHE,000616,*ST海投,601360.XSHG,601360,三六零,119,0.9916666666666667,0.8530119746752162,0.8530119746752162,Top |rho| within random pair sample; not global full-market top edge
2015-12-31,120,000498.XSHE,000498,山东路桥,000758.XSHE,000758,中色股份,120,1.0,0.8529581616753248,0.8529581616753248,Top |rho| within random pair sample; not global full-market top edge
2015-12-31,120,300105.XSHE,300105,龙源技术,603126.XSHG,603126,中材节能,118,0.9833333333333333,0.8527485812680461,0.8527485812680461,Top |rho| within random pair sample; not global full-market top edge
2015-12-31,120,002185.XSHE,002185,华天科技,600128.XSHG,600128,苏豪弘业,120,1.0,0.852452611012897,0.852452611012897,Top |rho| within random pair sample; not global full-market top edge
2015-12-31,120,000006.XSHE,000006,深振业A,000029.XSHE,000029,深深房A,120,1.0,0.8520063017272363,0.8520063017272363,Top |rho| within random pair sample; not global full-market top edge
2015-12-31,120,000848.XSHE,000848,承德露露,600557.XSHG,600557,康缘药业,120,1.0,0.8519769980204055,0.8519769980204055,Top |rho| within random pair sample; not global full-market top edge
2015-12-31,120,000997.XSHE,000997,新大陆,002585.XSHE,002585,双星新材,120,1.0,0.8513400834893667,0.8513400834893667,Top |rho| within random pair sample; not global full-market top edge
2015-12-31,120,300295.XSHE,300295,*ST三六五,300378.XSHE,300378,鼎捷数智,114,0.95,0.8511896617935636,0.8511896617935636,Top |rho| within random pair sample; not global full-market top edge
2015-12-31,120,000906.XSHE,000906,浙商中拓,002564.XSHE,002564,天沃科技,116,0.9666666666666667,0.8509280849525294,0.8509280849525294,Top |rho| within random pair sample; not global full-market top edge
2015-12-31,120,000951.XSHE,000951,中国重汽,600509.XSHG,600509,天富能源,120,1.0,0.8508462489726397,0.8508462489726397,Top |rho| within random pair sample; not global full-market top edge
2015-12-31,120,000619.XSHE,000619,海螺新材,603167.XSHG,603167,渤海轮渡,120,1.0,0.8508401920596635,0.8508401920596635,Top |rho| within random pair sample; not global full-market top edge
2015-12-31,120,000338.XSHE,000338,潍柴动力,600509.XSHG,600509,天富能源,120,1.0,0.8507773760758479,0.8507773760758479,Top |rho| within random pair sample; not global full-market top edge
2015-12-31,120,002152.XSHE,002152,广电运通,300433.XSHE,300433,蓝思科技,114,0.95,0.8506323551672077,0.8506323551672077,Top |rho| within random pair sample; not global full-market top edge
2015-12-31,120,000581.XSHE,000581,威孚高科,002408.XSHE,002408,齐翔腾达,115,0.9583333333333334,0.8506012987081247,0.8506012987081247,Top |rho| within random pair sample; not global full-market top edge
2015-12-31,120,000731.XSHE,000731,四川美丰,601985.XSHG,601985,中国核电,120,1.0,0.8504808523574289,0.8504808523574289,Top |rho| within random pair sample; not global full-market top edge
2015-12-31,120,000968.XSHE,000968,蓝焰控股,600192.XSHG,600192,长城电工,114,0.95,0.850274959765446,0.850274959765446,Top |rho| within random pair sample; not global full-market top edge
2015-12-31,120,000570.XSHE,000570,苏常柴A,601798.XSHG,601798,蓝科高新,120,1.0,0.8501662858399802,0.8501662858399802,Top |rho| within random pair sample; not global full-market top edge
2015-12-31,120,002046.XSHE,002046,国机精工,600825.XSHG,600825,新华传媒,118,0.9833333333333333,0.8495623613716231,0.8495623613716231,Top |rho| within random pair sample; not global full-market top edge
2015-12-31,120,002478.XSHE,002478,常宝股份,600738.XSHG,600738,丽尚国潮,120,1.0,0.8484325271604848,0.8484325271604848,Top |rho| within random pair sample; not global full-market top edge
2015-12-31,120,002576.XSHE,002576,通达动力,600316.XSHG,600316,洪都航空,116,0.9666666666666667,0.8483062248173042,0.8483062248173042,Top |rho| within random pair sample; not global full-market top edge
2015-12-31,120,000404.XSHE,000404,长虹华意,000528.XSHE,000528,柳工,120,1.0,0.8474176476617896,0.8474176476617896,Top |rho| within random pair sample; not global full-market top edge
2015-12-31,120,000767.XSHE,000767,晋控电力,600616.XSHG,600616,金枫酒业,118,0.9833333333333333,0.8473279016088129,0.8473279016088129,Top |rho| within random pair sample; not global full-market top edge
2015-12-31,120,002046.XSHE,002046,国机精工,002152.XSHE,002152,广电运通,120,1.0,0.8470378614134983,0.8470378614134983,Top |rho| within random pair sample; not global full-market top edge
2015-12-31,120,002501.XSHE,002501,*ST利源,300172.XSHE,300172,中电环保,114,0.95,0.846980092798092,0.846980092798092,Top |rho| within random pair sample; not global full-market top edge
2015-12-31,120,002120.XSHE,002120,韵达股份,300171.XSHE,300171,东富龙,114,0.95,0.8469571096957106,0.8469571096957106,Top |rho| within random pair sample; not global full-market top edge
2016-12-30,120,002401.XSHE,002401,中远海科,300074.XSHE,300074,华平股份,120,1.0,0.8190458666658568,0.8190458666658568,Top |rho| within random pair sample; not global full-market top edge
2016-12-30,120,300009.XSHE,300009,安科生物,300333.XSHE,300333,兆日科技,120,1.0,0.7890621084345211,0.7890621084345211,Top |rho| within random pair sample; not global full-market top edge
2016-12-30,120,000762.XSHE,000762,西藏矿业,002340.XSHE,002340,格林美,120,1.0,0.7602087361112638,0.7602087361112638,Top |rho| within random pair sample; not global full-market top edge
2016-12-30,120,002279.XSHE,002279,久其软件,300171.XSHE,300171,东富龙,120,1.0,0.7581298964059576,0.7581298964059576,Top |rho| within random pair sample; not global full-market top edge
2016-12-30,120,300170.XSHE,300170,汉得信息,300253.XSHE,300253,卫宁健康,120,1.0,0.7548096256707918,0.7548096256707918,Top |rho| within random pair sample; not global full-market top edge
2016-12-30,120,002657.XSHE,002657,中科金财,300205.XSHE,300205,*ST天喻,120,1.0,0.7407062364729768,0.7407062364729768,Top |rho| within random pair sample; not global full-market top edge
2016-12-30,120,002244.XSHE,002244,滨江集团,600606.XSHG,600606,绿地控股,120,1.0,0.7385405561279303,0.7385405561279303,Top |rho| within random pair sample; not global full-market top edge
2016-12-30,120,000878.XSHE,000878,云南铜业,000960.XSHE,000960,锡业股份,110,0.9166666666666666,0.7369438092122479,0.7369438092122479,Top |rho| within random pair sample; not global full-market top edge
2016-12-30,120,300075.XSHE,300075,数字政通,300358.XSHE,300358,楚天科技,112,0.9333333333333333,0.726442817632749,0.726442817632749,Top |rho| within random pair sample; not global full-market top edge
2016-12-30,120,002546.XSHE,002546,新联电子,300360.XSHE,300360,炬华科技,116,0.9666666666666667,0.7242060431188829,0.7242060431188829,Top |rho| within random pair sample; not global full-market top edge
2016-12-30,120,000933.XSHE,000933,神火股份,601699.XSHG,601699,潞安环能,120,1.0,0.7239612887240832,0.7239612887240832,Top |rho| within random pair sample; not global full-market top edge
2016-12-30,120,300001.XSHE,300001,特锐德,300032.XSHE,300032,金龙机电,119,0.9916666666666667,0.7236047127821787,0.7236047127821787,Top |rho| within random pair sample; not global full-market top edge
2016-12-30,120,300188.XSHE,300188,国投智能,300377.XSHE,300377,赢时胜,120,1.0,0.7161742182290468,0.7161742182290468,Top |rho| within random pair sample; not global full-market top edge
2016-12-30,120,000933.XSHE,000933,神火股份,600971.XSHG,600971,恒源煤电,120,1.0,0.7136905317767088,0.7136905317767088,Top |rho| within random pair sample; not global full-market top edge
2016-12-30,120,002536.XSHE,002536,飞龙股份,600846.XSHG,600846,同济科技,120,1.0,0.7132887311423606,0.7132887311423606,Top |rho| within random pair sample; not global full-market top edge
2016-12-30,120,300170.XSHE,300170,汉得信息,600229.XSHG,600229,城市传媒,120,1.0,0.7119668874344678,0.7119668874344678,Top |rho| within random pair sample; not global full-market top edge
2016-12-30,120,300113.XSHE,300113,顺网科技,300188.XSHE,300188,国投智能,120,1.0,0.7098579286530916,0.7098579286530916,Top |rho| within random pair sample; not global full-market top edge
2016-12-30,120,002527.XSHE,002527,新时达,600291.XSHG,600291,退市西水,120,1.0,0.7089136181934343,0.7089136181934343,Top |rho| within random pair sample; not global full-market top edge
2016-12-30,120,002279.XSHE,002279,久其软件,600580.XSHG,600580,卧龙电驱,112,0.9333333333333333,0.7075675038631096,0.7075675038631096,Top |rho| within random pair sample; not global full-market top edge
2016-12-30,120,000623.XSHE,000623,吉林敖东,000685.XSHE,000685,中山公用,120,1.0,0.7067035135231566,0.7067035135231566,Top |rho| within random pair sample; not global full-market top edge
2016-12-30,120,002448.XSHE,002448,中原内配,300032.XSHE,300032,金龙机电,119,0.9916666666666667,0.7045078760418079,0.7045078760418079,Top |rho| within random pair sample; not global full-market top edge
2016-12-30,120,002063.XSHE,002063,远光软件,002334.XSHE,002334,英威腾,109,0.9083333333333333,0.7042948985136636,0.7042948985136636,Top |rho| within random pair sample; not global full-market top edge
2016-12-30,120,000665.XSHE,000665,湖北广电,600805.XSHG,600805,悦达投资,120,1.0,0.7034022066462158,0.7034022066462158,Top |rho| within random pair sample; not global full-market top edge
2016-12-30,120,002145.XSHE,002145,钛能化学,002601.XSHE,002601,龙佰集团,116,0.9666666666666667,0.7011143707419931,0.7011143707419931,Top |rho| within random pair sample; not global full-market top edge
2016-12-30,120,000799.XSHE,000799,酒鬼酒,600702.XSHG,600702,舍得酒业,120,1.0,0.700450160546978,0.700450160546978,Top |rho| within random pair sample; not global full-market top edge
2016-12-30,120,000973.XSHE,000973,佛塑科技,002340.XSHE,002340,格林美,120,1.0,0.6957362946616801,0.6957362946616801,Top |rho| within random pair sample; not global full-market top edge
2016-12-30,120,300131.XSHE,300131,英唐智控,601313.XSHG,601313,江南嘉捷,120,1.0,0.6954756854256982,0.6954756854256982,Top |rho| within random pair sample; not global full-market top edge
2016-12-30,120,002528.XSHE,002528,*ST英飞,300475.XSHE,300475,香农芯创,114,0.95,0.6947391213561731,0.6947391213561731,Top |rho| within random pair sample; not global full-market top edge
2016-12-30,120,300171.XSHE,300171,东富龙,600757.XSHG,600757,长江传媒,120,1.0,0.6937620457511599,0.6937620457511599,Top |rho| within random pair sample; not global full-market top edge
2016-12-30,120,002315.XSHE,002315,焦点科技,002657.XSHE,002657,中科金财,120,1.0,0.693702681266899,0.693702681266899,Top |rho| within random pair sample; not global full-market top edge
2016-12-30,120,002681.XSHE,002681,奋达科技,600218.XSHG,600218,全柴动力,110,0.9166666666666666,0.6927502263400618,0.6927502263400618,Top |rho| within random pair sample; not global full-market top edge
2016-12-30,120,002751.XSHE,002751,易尚退,300048.XSHE,300048,合康新能,110,0.9166666666666666,0.6920713617570439,0.6920713617570439,Top |rho| within random pair sample; not global full-market top edge
2016-12-30,120,001696.XSHE,001696,宗申动力,300245.XSHE,300245,ST天玑,120,1.0,0.6899112990820335,0.6899112990820335,Top |rho| within random pair sample; not global full-market top edge
2016-12-30,120,300024.XSHE,300024,机器人,300187.XSHE,300187,永清环保,120,1.0,0.6891715324262211,0.6891715324262211,Top |rho| within random pair sample; not global full-market top edge
2016-12-30,120,002467.XSHE,002467,二六三,300283.XSHE,300283,温州宏丰,120,1.0,0.6836455003031884,0.6836455003031884,Top |rho| within random pair sample; not global full-market top edge
2016-12-30,120,002067.XSHE,002067,景兴纸业,600081.XSHG,600081,东风科技,120,1.0,0.6831070236980789,0.6831070236980789,Top |rho| within random pair sample; not global full-market top edge
2016-12-30,120,300112.XSHE,300112,万讯自控,300222.XSHE,300222,科大智能,120,1.0,0.6819410745409202,0.6819410745409202,Top |rho| within random pair sample; not global full-market top edge
2016-12-30,120,300137.XSHE,300137,先河环保,603568.XSHG,603568,伟明环保,120,1.0,0.6817799645405448,0.6817799645405448,Top |rho| within random pair sample; not global full-market top edge
2016-12-30,120,300235.XSHE,300235,方直科技,300392.XSHE,300392,腾信退,120,1.0,0.6813518103689981,0.6813518103689981,Top |rho| within random pair sample; not global full-market top edge
2016-12-30,120,002152.XSHE,002152,广电运通,002590.XSHE,002590,万安科技,120,1.0,0.6811933158890545,0.6811933158890545,Top |rho| within random pair sample; not global full-market top edge
2016-12-30,120,300168.XSHE,300168,万达信息,601258.XSHG,601258,*ST庞大,114,0.95,0.6810693577410055,0.6810693577410055,Top |rho| within random pair sample; not global full-market top edge
2016-12-30,120,002063.XSHE,002063,远光软件,600229.XSHG,600229,城市传媒,109,0.9083333333333333,0.6801378170179664,0.6801378170179664,Top |rho| within random pair sample; not global full-market top edge
2016-12-30,120,000756.XSHE,000756,新华制药,002490.XSHE,002490,山东墨龙,120,1.0,0.6795494278689412,0.6795494278689412,Top |rho| within random pair sample; not global full-market top edge
2016-12-30,120,000705.XSHE,000705,浙江震元,601360.XSHG,601360,三六零,120,1.0,0.6785329373519878,0.6785329373519878,Top |rho| within random pair sample; not global full-market top edge
2016-12-30,120,002004.XSHE,002004,华邦健康,300171.XSHE,300171,东富龙,120,1.0,0.6777786243938817,0.6777786243938817,Top |rho| within random pair sample; not global full-market top edge
2016-12-30,120,300192.XSHE,300192,科德教育,300245.XSHE,300245,ST天玑,120,1.0,0.677243029677857,0.677243029677857,Top |rho| within random pair sample; not global full-market top edge
2016-12-30,120,300131.XSHE,300131,英唐智控,300270.XSHE,300270,中威电子,120,1.0,0.6760017819997522,0.6760017819997522,Top |rho| within random pair sample; not global full-market top edge
2016-12-30,120,002023.XSHE,002023,海特高新,002414.XSHE,002414,高德红外,120,1.0,0.6759861529326345,0.6759861529326345,Top |rho| within random pair sample; not global full-market top edge
2016-12-30,120,002274.XSHE,002274,华昌化工,002467.XSHE,002467,二六三,119,0.9916666666666667,0.674919013959779,0.674919013959779,Top |rho| within random pair sample; not global full-market top edge
2016-12-30,120,002789.XSHE,002789,*ST建艺,603520.XSHG,603520,司太立,120,1.0,0.6745874996361141,0.6745874996361141,Top |rho| within random pair sample; not global full-market top edge
2016-12-30,120,002130.XSHE,002130,沃尔核材,300259.XSHE,300259,新天科技,112,0.9333333333333333,0.6739530222185605,0.6739530222185605,Top |rho| within random pair sample; not global full-market top edge
2016-12-30,120,300112.XSHE,300112,万讯自控,300478.XSHE,300478,杭州高新,120,1.0,0.6735167026511273,0.6735167026511273,Top |rho| within random pair sample; not global full-market top edge
2016-12-30,120,002197.XSHE,002197,证通电子,300369.XSHE,300369,绿盟科技,120,1.0,0.6729890290995841,0.6729890290995841,Top |rho| within random pair sample; not global full-market top edge
2016-12-30,120,000005.XSHE,000005,ST星源,002337.XSHE,002337,赛象科技,120,1.0,0.6712743040844736,0.6712743040844736,Top |rho| within random pair sample; not global full-market top edge
2016-12-30,120,300214.XSHE,300214,日科化学,600580.XSHG,600580,卧龙电驱,112,0.9333333333333333,0.6709384424824603,0.6709384424824603,Top |rho| within random pair sample; not global full-market top edge
2016-12-30,120,002681.XSHE,002681,奋达科技,300290.XSHE,300290,ST荣科,110,0.9166666666666666,0.6702536863440319,0.6702536863440319,Top |rho| within random pair sample; not global full-market top edge
2016-12-30,120,300270.XSHE,300270,中威电子,600405.XSHG,600405,动力源,120,1.0,0.6702039392679898,0.6702039392679898,Top |rho| within random pair sample; not global full-market top edge
2016-12-30,120,000973.XSHE,000973,佛塑科技,002497.XSHE,002497,雅化集团,120,1.0,0.6694228605731264,0.6694228605731264,Top |rho| within random pair sample; not global full-market top edge
2016-12-30,120,002070.XSHE,002070,众和退,002466.XSHE,002466,天齐锂业,118,0.9833333333333333,0.6687031869041454,0.6687031869041454,Top |rho| within random pair sample; not global full-market top edge
2016-12-30,120,002276.XSHE,002276,万马股份,002284.XSHE,002284,亚太股份,120,1.0,0.6680627980213513,0.6680627980213513,Top |rho| within random pair sample; not global full-market top edge
2016-12-30,120,000005.XSHE,000005,ST星源,002671.XSHE,002671,龙泉股份,117,0.975,0.667971551787242,0.667971551787242,Top |rho| within random pair sample; not global full-market top edge
2016-12-30,120,300245.XSHE,300245,ST天玑,600292.XSHG,600292,电投水电,120,1.0,0.667928169096222,0.667928169096222,Top |rho| within random pair sample; not global full-market top edge
2016-12-30,120,000559.XSHE,000559,万向钱潮,002681.XSHE,002681,奋达科技,110,0.9166666666666666,0.6676033313836793,0.6676033313836793,Top |rho| within random pair sample; not global full-market top edge
2016-12-30,120,000665.XSHE,000665,湖北广电,002441.XSHE,002441,众业达,120,1.0,0.6671728080642138,0.6671728080642138,Top |rho| within random pair sample; not global full-market top edge
2016-12-30,120,002612.XSHE,002612,朗姿股份,002751.XSHE,002751,易尚退,110,0.9166666666666666,0.6645510682044764,0.6645510682044764,Top |rho| within random pair sample; not global full-market top edge
2016-12-30,120,002063.XSHE,002063,远光软件,002698.XSHE,002698,博实股份,109,0.9083333333333333,0.663925946373967,0.663925946373967,Top |rho| within random pair sample; not global full-market top edge
2016-12-30,120,002195.XSHE,002195,岩山科技,300079.XSHE,300079,数码视讯,120,1.0,0.6636989198552499,0.6636989198552499,Top |rho| within random pair sample; not global full-market top edge
2016-12-30,120,002741.XSHE,002741,光华科技,600193.XSHG,600193,退市创兴,120,1.0,0.6632620082134404,0.6632620082134404,Top |rho| within random pair sample; not global full-market top edge
2016-12-30,120,300101.XSHE,300101,振芯科技,300283.XSHE,300283,温州宏丰,120,1.0,0.6630771074874255,0.6630771074874255,Top |rho| within random pair sample; not global full-market top edge
2016-12-30,120,002401.XSHE,002401,中远海科,002463.XSHE,002463,沪电股份,120,1.0,0.6620214847000145,0.6620214847000145,Top |rho| within random pair sample; not global full-market top edge
2016-12-30,120,300036.XSHE,300036,超图软件,300333.XSHE,300333,兆日科技,120,1.0,0.6614485967864319,0.6614485967864319,Top |rho| within random pair sample; not global full-market top edge
2016-12-30,120,300170.XSHE,300170,汉得信息,300328.XSHE,300328,宜安科技,114,0.95,0.6607412571113955,0.6607412571113955,Top |rho| within random pair sample; not global full-market top edge
2016-12-30,120,300235.XSHE,300235,方直科技,300439.XSHE,300439,美康生物,120,1.0,0.6586525820653377,0.6586525820653377,Top |rho| within random pair sample; not global full-market top edge
2016-12-30,120,300009.XSHE,300009,安科生物,300259.XSHE,300259,新天科技,112,0.9333333333333333,0.6583769762836889,0.6583769762836889,Top |rho| within random pair sample; not global full-market top edge
2016-12-30,120,300001.XSHE,300001,特锐德,300078.XSHE,300078,思创智联,120,1.0,0.6576514567991829,0.6576514567991829,Top |rho| within random pair sample; not global full-market top edge
2016-12-30,120,000762.XSHE,000762,西藏矿业,600081.XSHG,600081,东风科技,120,1.0,0.6573669645825269,0.6573669645825269,Top |rho| within random pair sample; not global full-market top edge
2016-12-30,120,300204.XSHE,300204,舒泰神,300235.XSHE,300235,方直科技,120,1.0,0.6564968063818105,0.6564968063818105,Top |rho| within random pair sample; not global full-market top edge
2016-12-30,120,002361.XSHE,002361,神剑股份,600550.XSHG,600550,保变电气,120,1.0,0.6558981038458616,0.6558981038458616,Top |rho| within random pair sample; not global full-market top edge
2016-12-30,120,000979.XSHE,000979,中弘退,600665.XSHG,600665,天地源,120,1.0,0.6546062306519155,0.6546062306519155,Top |rho| within random pair sample; not global full-market top edge
2016-12-30,120,002340.XSHE,002340,格林美,002460.XSHE,002460,赣锋锂业,118,0.9833333333333333,0.6528953663183861,0.6528953663183861,Top |rho| within random pair sample; not global full-market top edge
2016-12-30,120,002067.XSHE,002067,景兴纸业,002416.XSHE,002416,爱施德,120,1.0,0.6526692309524911,0.6526692309524911,Top |rho| within random pair sample; not global full-market top edge
2016-12-30,120,000005.XSHE,000005,ST星源,300151.XSHE,300151,昌红科技,120,1.0,0.6525789962536138,0.6525789962536138,Top |rho| within random pair sample; not global full-market top edge
2016-12-30,120,000545.XSHE,000545,金浦钛业,600135.XSHG,600135,乐凯胶片,120,1.0,0.6521418648474773,0.6521418648474773,Top |rho| within random pair sample; not global full-market top edge
2016-12-30,120,300231.XSHE,300231,银信科技,300380.XSHE,300380,安硕信息,109,0.9083333333333333,0.6518025945977289,0.6518025945977289,Top |rho| within random pair sample; not global full-market top edge
2016-12-30,120,002340.XSHE,002340,格林美,600405.XSHG,600405,动力源,120,1.0,0.6517469159007879,0.6517469159007879,Top |rho| within random pair sample; not global full-market top edge
2016-12-30,120,002267.XSHE,002267,陕天然气,601368.XSHG,601368,绿城水务,117,0.975,0.6514154116966264,0.6514154116966264,Top |rho| within random pair sample; not global full-market top edge
2016-12-30,120,002152.XSHE,002152,广电运通,300328.XSHE,300328,宜安科技,114,0.95,0.6513519387677232,0.6513519387677232,Top |rho| within random pair sample; not global full-market top edge
2016-12-30,120,000410.XSHE,000410,沈阳机床,600550.XSHG,600550,保变电气,120,1.0,0.6513293607600051,0.6513293607600051,Top |rho| within random pair sample; not global full-market top edge
2016-12-30,120,000016.XSHE,000016,*ST康佳A,300171.XSHE,300171,东富龙,120,1.0,0.6508394821774874,0.6508394821774874,Top |rho| within random pair sample; not global full-market top edge
2016-12-30,120,300016.XSHE,300016,北陆药业,600206.XSHG,600206,有研新材,120,1.0,0.6506568515433465,0.6506568515433465,Top |rho| within random pair sample; not global full-market top edge
2016-12-30,120,002130.XSHE,002130,沃尔核材,002506.XSHE,002506,协鑫集成,120,1.0,0.6505549212454447,0.6505549212454447,Top |rho| within random pair sample; not global full-market top edge
2016-12-30,120,300024.XSHE,300024,机器人,300030.XSHE,300030,阳普医疗,120,1.0,0.6505038120506313,0.6505038120506313,Top |rho| within random pair sample; not global full-market top edge
2016-12-30,120,300006.XSHE,300006,莱美药业,600193.XSHG,600193,退市创兴,120,1.0,0.6505035611597041,0.6505035611597041,Top |rho| within random pair sample; not global full-market top edge
2016-12-30,120,000778.XSHE,000778,新兴铸管,600022.XSHG,600022,山东钢铁,120,1.0,0.6495189963023391,0.6495189963023391,Top |rho| within random pair sample; not global full-market top edge
2016-12-30,120,002385.XSHE,002385,大北农,600366.XSHG,600366,宁波韵升,120,1.0,0.6486020348957087,0.6486020348957087,Top |rho| within random pair sample; not global full-market top edge
2016-12-30,120,000507.XSHE,000507,珠海港,601000.XSHG,601000,唐山港,112,0.9333333333333333,0.6481670092873738,0.6481670092873738,Top |rho| within random pair sample; not global full-market top edge
2016-12-30,120,000099.XSHE,000099,中信海直,300010.XSHE,300010,ST豆神,120,1.0,0.6479035071458529,0.6479035071458529,Top |rho| within random pair sample; not global full-market top edge
2016-12-30,120,000572.XSHE,000572,海马汽车,600033.XSHG,600033,福建高速,120,1.0,0.6443022747255019,0.6443022747255019,Top |rho| within random pair sample; not global full-market top edge
2016-12-30,120,002148.XSHE,002148,北纬科技,002153.XSHE,002153,石基信息,120,1.0,0.6441020873993522,0.6441020873993522,Top |rho| within random pair sample; not global full-market top edge
2016-12-30,120,002111.XSHE,002111,威海广泰,002130.XSHE,002130,沃尔核材,120,1.0,0.6440076798661986,0.6440076798661986,Top |rho| within random pair sample; not global full-market top edge
2017-12-29,120,000831.XSHE,000831,中国稀土,600549.XSHG,600549,厦门钨业,120,1.0,0.8012490822268339,0.8012490822268339,Top |rho| within random pair sample; not global full-market top edge
2017-12-29,120,000715.XSHE,000715,中兴商业,300005.XSHE,300005,探路者,120,1.0,0.7801010249108138,0.7801010249108138,Top |rho| within random pair sample; not global full-market top edge
2017-12-29,120,000758.XSHE,000758,中色股份,002428.XSHE,002428,云南锗业,120,1.0,0.7674064899066351,0.7674064899066351,Top |rho| within random pair sample; not global full-market top edge
2017-12-29,120,300305.XSHE,300305,裕兴股份,300378.XSHE,300378,鼎捷数智,120,1.0,0.7640116639788973,0.7640116639788973,Top |rho| within random pair sample; not global full-market top edge
2017-12-29,120,300442.XSHE,300442,润泽科技,300660.XSHE,300660,江苏雷利,120,1.0,0.7623132536119502,0.7623132536119502,Top |rho| within random pair sample; not global full-market top edge
2017-12-29,120,002097.XSHE,002097,山河智能,300005.XSHE,300005,探路者,120,1.0,0.7521936167941451,0.7521936167941451,Top |rho| within random pair sample; not global full-market top edge
2017-12-29,120,001896.XSHE,001896,豫能控股,601968.XSHG,601968,宝钢包装,120,1.0,0.7518823348781971,0.7518823348781971,Top |rho| within random pair sample; not global full-market top edge
2017-12-29,120,300033.XSHE,300033,同花顺,300059.XSHE,300059,东方财富,120,1.0,0.7512477846113932,0.7512477846113932,Top |rho| within random pair sample; not global full-market top edge
2017-12-29,120,002657.XSHE,002657,中科金财,300293.XSHE,300293,蓝英装备,120,1.0,0.7494900723304685,0.7494900723304685,Top |rho| within random pair sample; not global full-market top edge
2017-12-29,120,300160.XSHE,300160,秀强股份,300305.XSHE,300305,裕兴股份,115,0.9583333333333334,0.748589650057122,0.748589650057122,Top |rho| within random pair sample; not global full-market top edge
2017-12-29,120,300169.XSHE,300169,天晟新材,300315.XSHE,300315,掌趣科技,120,1.0,0.7431218702632886,0.7431218702632886,Top |rho| within random pair sample; not global full-market top edge
2017-12-29,120,000709.XSHE,000709,河钢股份,600282.XSHG,600282,南钢股份,120,1.0,0.7364367420107508,0.7364367420107508,Top |rho| within random pair sample; not global full-market top edge
2017-12-29,120,300126.XSHE,300126,锐奇股份,600730.XSHG,600730,*ST高科,120,1.0,0.7331044939894312,0.7331044939894312,Top |rho| within random pair sample; not global full-market top edge
2017-12-29,120,002144.XSHE,002144,宏达高科,002591.XSHE,002591,恒大高新,117,0.975,0.7309391790061541,0.7309391790061541,Top |rho| within random pair sample; not global full-market top edge
2017-12-29,120,300442.XSHE,300442,润泽科技,300647.XSHE,300647,超频三,120,1.0,0.7252277802056352,0.7252277802056352,Top |rho| within random pair sample; not global full-market top edge
2017-12-29,120,000919.XSHE,000919,金陵药业,300107.XSHE,300107,建新股份,120,1.0,0.7207616309170857,0.7207616309170857,Top |rho| within random pair sample; not global full-market top edge
2017-12-29,120,000419.XSHE,000419,通程控股,300307.XSHE,300307,慈星股份,120,1.0,0.7190047916944449,0.7190047916944449,Top |rho| within random pair sample; not global full-market top edge
2017-12-29,120,300329.XSHE,300329,海伦钢琴,600652.XSHG,600652,退市游久,120,1.0,0.7167518170753263,0.7167518170753263,Top |rho| within random pair sample; not global full-market top edge
2017-12-29,120,002169.XSHE,002169,智光电气,600218.XSHG,600218,全柴动力,120,1.0,0.7167234725846153,0.7167234725846153,Top |rho| within random pair sample; not global full-market top edge
2017-12-29,120,002789.XSHE,002789,*ST建艺,002870.XSHE,002870,香山股份,120,1.0,0.7137658933071559,0.7137658933071559,Top |rho| within random pair sample; not global full-market top edge
2017-12-29,120,300079.XSHE,300079,数码视讯,300150.XSHE,300150,世纪瑞尔,114,0.95,0.7135563849960255,0.7135563849960255,Top |rho| within random pair sample; not global full-market top edge
2017-12-29,120,002169.XSHE,002169,智光电气,600824.XSHG,600824,益民集团,120,1.0,0.7112536482010986,0.7112536482010986,Top |rho| within random pair sample; not global full-market top edge
2017-12-29,120,300417.XSHE,300417,南华仪器,300557.XSHE,300557,理工光科,120,1.0,0.7111595301259916,0.7111595301259916,Top |rho| within random pair sample; not global full-market top edge
2017-12-29,120,300023.XSHE,300023,宝德退,300354.XSHE,300354,东华测试,120,1.0,0.7109222959796685,0.7109222959796685,Top |rho| within random pair sample; not global full-market top edge
2017-12-29,120,300442.XSHE,300442,润泽科技,603580.XSHG,603580,艾艾精工,120,1.0,0.7105309880684023,0.7105309880684023,Top |rho| within random pair sample; not global full-market top edge
2017-12-29,120,002870.XSHE,002870,香山股份,601968.XSHG,601968,宝钢包装,120,1.0,0.7097938312009027,0.7097938312009027,Top |rho| within random pair sample; not global full-market top edge
2017-12-29,120,300111.XSHE,300111,向日葵,300329.XSHE,300329,海伦钢琴,120,1.0,0.7078007127875652,0.7078007127875652,Top |rho| within random pair sample; not global full-market top edge
2017-12-29,120,300040.XSHE,300040,九洲集团,300047.XSHE,300047,天源迪科,110,0.9166666666666666,0.7059776534861036,0.7059776534861036,Top |rho| within random pair sample; not global full-market top edge
2017-12-29,120,002487.XSHE,002487,大金重工,300583.XSHE,300583,赛托生物,120,1.0,0.7056405601218816,0.7056405601218816,Top |rho| within random pair sample; not global full-market top edge
2017-12-29,120,002818.XSHE,002818,富森美,603966.XSHG,603966,法兰泰克,120,1.0,0.7053122953085926,0.7053122953085926,Top |rho| within random pair sample; not global full-market top edge
2017-12-29,120,300204.XSHE,300204,舒泰神,300380.XSHE,300380,安硕信息,120,1.0,0.7052409722089219,0.7052409722089219,Top |rho| within random pair sample; not global full-market top edge
2017-12-29,120,000948.XSHE,000948,南天信息,300303.XSHE,300303,聚飞光电,120,1.0,0.7044475947761748,0.7044475947761748,Top |rho| within random pair sample; not global full-market top edge
2017-12-29,120,300333.XSHE,300333,兆日科技,601929.XSHG,601929,吉视传媒,120,1.0,0.7041490162396885,0.7041490162396885,Top |rho| within random pair sample; not global full-market top edge
2017-12-29,120,300169.XSHE,300169,天晟新材,603908.XSHG,603908,牧高笛,120,1.0,0.7040772156438887,0.7040772156438887,Top |rho| within random pair sample; not global full-market top edge
2017-12-29,120,002325.XSHE,002325,*ST洪涛,600538.XSHG,600538,国发股份,120,1.0,0.7005309633434819,0.7005309633434819,Top |rho| within random pair sample; not global full-market top edge
2017-12-29,120,300330.XSHE,300330,计通退,300557.XSHE,300557,理工光科,120,1.0,0.6999858322895058,0.6999858322895058,Top |rho| within random pair sample; not global full-market top edge
2017-12-29,120,300007.XSHE,300007,汉威科技,300348.XSHE,300348,长亮科技,120,1.0,0.6974954793756325,0.6974954793756325,Top |rho| within random pair sample; not global full-market top edge
2017-12-29,120,300204.XSHE,300204,舒泰神,300442.XSHE,300442,润泽科技,120,1.0,0.6959253939244144,0.6959253939244144,Top |rho| within random pair sample; not global full-market top edge
2017-12-29,120,002111.XSHE,002111,威海广泰,603901.XSHG,603901,永创智能,120,1.0,0.6953445168854502,0.6953445168854502,Top |rho| within random pair sample; not global full-market top edge
2017-12-29,120,002328.XSHE,002328,新朋股份,603041.XSHG,603041,美思德,120,1.0,0.6952570068686996,0.6952570068686996,Top |rho| within random pair sample; not global full-market top edge
2017-12-29,120,002325.XSHE,002325,*ST洪涛,002483.XSHE,002483,润邦股份,120,1.0,0.6949115558756865,0.6949115558756865,Top |rho| within random pair sample; not global full-market top edge
2017-12-29,120,000545.XSHE,000545,金浦钛业,600067.XSHG,600067,冠城新材,120,1.0,0.6943423742066918,0.6943423742066918,Top |rho| within random pair sample; not global full-market top edge
2017-12-29,120,300126.XSHE,300126,锐奇股份,300487.XSHE,300487,蓝晓科技,120,1.0,0.6932211214262931,0.6932211214262931,Top |rho| within random pair sample; not global full-market top edge
2017-12-29,120,002870.XSHE,002870,香山股份,002873.XSHE,002873,新天药业,120,1.0,0.6904940501056764,0.6904940501056764,Top |rho| within random pair sample; not global full-market top edge
2017-12-29,120,000589.XSHE,000589,贵州轮胎,000701.XSHE,000701,厦门信达,120,1.0,0.6889082197803982,0.6889082197803982,Top |rho| within random pair sample; not global full-market top edge
2017-12-29,120,000701.XSHE,000701,厦门信达,601208.XSHG,601208,东材科技,120,1.0,0.687052790875037,0.687052790875037,Top |rho| within random pair sample; not global full-market top edge
2017-12-29,120,000545.XSHE,000545,金浦钛业,002428.XSHE,002428,云南锗业,120,1.0,0.6854746647687062,0.6854746647687062,Top |rho| within random pair sample; not global full-market top edge
2017-12-29,120,300217.XSHE,300217,东方电热,600218.XSHG,600218,全柴动力,120,1.0,0.6849088882105165,0.6849088882105165,Top |rho| within random pair sample; not global full-market top edge
2017-12-29,120,000027.XSHE,000027,深圳能源,600979.XSHG,600979,广安爱众,120,1.0,0.6823107332371878,0.6823107332371878,Top |rho| within random pair sample; not global full-market top edge
2017-12-29,120,002144.XSHE,002144,宏达高科,603966.XSHG,603966,法兰泰克,120,1.0,0.6818025555266483,0.6818025555266483,Top |rho| within random pair sample; not global full-market top edge
2017-12-29,120,002487.XSHE,002487,大金重工,002820.XSHE,002820,桂发祥,120,1.0,0.6814651632961031,0.6814651632961031,Top |rho| within random pair sample; not global full-market top edge
2017-12-29,120,002328.XSHE,002328,新朋股份,600996.XSHG,600996,贵广网络,117,0.975,0.6813830297617312,0.6813830297617312,Top |rho| within random pair sample; not global full-market top edge
2017-12-29,120,300005.XSHE,300005,探路者,600168.XSHG,600168,武汉控股,120,1.0,0.6807333350068776,0.6807333350068776,Top |rho| within random pair sample; not global full-market top edge
2017-12-29,120,300380.XSHE,300380,安硕信息,600446.XSHG,600446,金证股份,120,1.0,0.6806539621735004,0.6806539621735004,Top |rho| within random pair sample; not global full-market top edge
2017-12-29,120,000919.XSHE,000919,金陵药业,300326.XSHE,300326,ST凯利,120,1.0,0.679084608459919,0.679084608459919,Top |rho| within random pair sample; not global full-market top edge
2017-12-29,120,002871.XSHE,002871,伟隆股份,603139.XSHG,603139,康惠股份,120,1.0,0.6768673376154557,0.6768673376154557,Top |rho| within random pair sample; not global full-market top edge
2017-12-29,120,300126.XSHE,300126,锐奇股份,603226.XSHG,603226,菲林格尔,117,0.975,0.6762326681200198,0.6762326681200198,Top |rho| within random pair sample; not global full-market top edge
2017-12-29,120,300099.XSHE,300099,尤洛卡,600501.XSHG,600501,航天晨光,120,1.0,0.6756188724259439,0.6756188724259439,Top |rho| within random pair sample; not global full-market top edge
2017-12-29,120,300120.XSHE,300120,经纬辉开,300160.XSHE,300160,秀强股份,115,0.9583333333333334,0.6747948301190403,0.6747948301190403,Top |rho| within random pair sample; not global full-market top edge
2017-12-29,120,002393.XSHE,002393,力生制药,603906.XSHG,603906,龙蟠科技,120,1.0,0.673233015203285,0.673233015203285,Top |rho| within random pair sample; not global full-market top edge
2017-12-29,120,300339.XSHE,300339,润和软件,300641.XSHE,300641,正丹股份,118,0.9833333333333333,0.6731942212796791,0.6731942212796791,Top |rho| within random pair sample; not global full-market top edge
2017-12-29,120,300062.XSHE,300062,中能电气,300421.XSHE,300421,力星股份,120,1.0,0.6726242405794854,0.6726242405794854,Top |rho| within random pair sample; not global full-market top edge
2017-12-29,120,300154.XSHE,300154,瑞凌股份,300354.XSHE,300354,东华测试,120,1.0,0.6709905704488418,0.6709905704488418,Top |rho| within random pair sample; not global full-market top edge
2017-12-29,120,300160.XSHE,300160,秀强股份,601218.XSHG,601218,吉鑫科技,115,0.9583333333333334,0.6706284259763856,0.6706284259763856,Top |rho| within random pair sample; not global full-market top edge
2017-12-29,120,002666.XSHE,002666,德联集团,002870.XSHE,002870,香山股份,120,1.0,0.6704705522650828,0.6704705522650828,Top |rho| within random pair sample; not global full-market top edge
2017-12-29,120,300286.XSHE,300286,安科瑞,600605.XSHG,600605,汇通能源,120,1.0,0.6701510057612236,0.6701510057612236,Top |rho| within random pair sample; not global full-market top edge
2017-12-29,120,000419.XSHE,000419,通程控股,002031.XSHE,002031,巨轮智能,120,1.0,0.6689235385777353,0.6689235385777353,Top |rho| within random pair sample; not global full-market top edge
2017-12-29,120,300025.XSHE,300025,华星创业,300051.XSHE,300051,琏升科技,120,1.0,0.6685782587052019,0.6685782587052019,Top |rho| within random pair sample; not global full-market top edge
2017-12-29,120,001896.XSHE,001896,豫能控股,002031.XSHE,002031,巨轮智能,120,1.0,0.6678174724284129,0.6678174724284129,Top |rho| within random pair sample; not global full-market top edge
2017-12-29,120,300047.XSHE,300047,天源迪科,300599.XSHE,300599,雄塑科技,120,1.0,0.667593713760912,0.667593713760912,Top |rho| within random pair sample; not global full-market top edge
2017-12-29,120,300421.XSHE,300421,力星股份,603633.XSHG,603633,徕木股份,120,1.0,0.667254620084563,0.667254620084563,Top |rho| within random pair sample; not global full-market top edge
2017-12-29,120,002616.XSHE,002616,长青集团,300172.XSHE,300172,中电环保,120,1.0,0.6670670924754062,0.6670670924754062,Top |rho| within random pair sample; not global full-market top edge
2017-12-29,120,000919.XSHE,000919,金陵药业,600156.XSHG,600156,华升股份,120,1.0,0.6669199313816858,0.6669199313816858,Top |rho| within random pair sample; not global full-market top edge
2017-12-29,120,002857.XSHE,002857,三晖电气,002870.XSHE,002870,香山股份,112,0.9333333333333333,0.6667446752964757,0.6667446752964757,Top |rho| within random pair sample; not global full-market top edge
2017-12-29,120,002487.XSHE,002487,大金重工,600982.XSHG,600982,宁波能源,120,1.0,0.665347420913257,0.665347420913257,Top |rho| within random pair sample; not global full-market top edge
2017-12-29,120,300286.XSHE,300286,安科瑞,603159.XSHG,603159,上海亚虹,120,1.0,0.6644818089146741,0.6644818089146741,Top |rho| within random pair sample; not global full-market top edge
2017-12-29,120,000880.XSHE,000880,潍柴重机,300553.XSHE,300553,集智股份,120,1.0,0.6639656862111631,0.6639656862111631,Top |rho| within random pair sample; not global full-market top edge
2017-12-29,120,000419.XSHE,000419,通程控股,300412.XSHE,300412,迦南科技,120,1.0,0.6627225023065214,0.6627225023065214,Top |rho| within random pair sample; not global full-market top edge
2017-12-29,120,300211.XSHE,300211,*ST亿通,300557.XSHE,300557,理工光科,120,1.0,0.6625471032388548,0.6625471032388548,Top |rho| within random pair sample; not global full-market top edge
2017-12-29,120,002328.XSHE,002328,新朋股份,600488.XSHG,600488,津药药业,120,1.0,0.662343573520509,0.662343573520509,Top |rho| within random pair sample; not global full-market top edge
2017-12-29,120,002079.XSHE,002079,苏州固锝,300458.XSHE,300458,全志科技,120,1.0,0.6608246422317016,0.6608246422317016,Top |rho| within random pair sample; not global full-market top edge
2017-12-29,120,002532.XSHE,002532,天山铝业,300460.XSHE,300460,ST惠伦,120,1.0,0.6600911089311797,0.6600911089311797,Top |rho| within random pair sample; not global full-market top edge
2017-12-29,120,000623.XSHE,000623,吉林敖东,002736.XSHE,002736,国信证券,120,1.0,0.6598531066376794,0.6598531066376794,Top |rho| within random pair sample; not global full-market top edge
2017-12-29,120,002593.XSHE,002593,日上集团,300339.XSHE,300339,润和软件,118,0.9833333333333333,0.6598463392304081,0.6598463392304081,Top |rho| within random pair sample; not global full-market top edge
2017-12-29,120,002144.XSHE,002144,宏达高科,300155.XSHE,300155,安居宝,120,1.0,0.6597516765756736,0.6597516765756736,Top |rho| within random pair sample; not global full-market top edge
2017-12-29,120,002144.XSHE,002144,宏达高科,002416.XSHE,002416,爱施德,120,1.0,0.6592478266616475,0.6592478266616475,Top |rho| within random pair sample; not global full-market top edge
2017-12-29,120,300112.XSHE,300112,万讯自控,603015.XSHG,603015,弘讯科技,110,0.9166666666666666,0.6589043254544418,0.6589043254544418,Top |rho| within random pair sample; not global full-market top edge
2017-12-29,120,002577.XSHE,002577,雷柏科技,603116.XSHG,603116,红蜻蜓,117,0.975,0.6584517581260314,0.6584517581260314,Top |rho| within random pair sample; not global full-market top edge
2017-12-29,120,000937.XSHE,000937,冀中能源,601118.XSHG,601118,海南橡胶,114,0.95,0.6580984629320407,0.6580984629320407,Top |rho| within random pair sample; not global full-market top edge
2017-12-29,120,000026.XSHE,000026,飞亚达,600730.XSHG,600730,*ST高科,120,1.0,0.6575051416884967,0.6575051416884967,Top |rho| within random pair sample; not global full-market top edge
2017-12-29,120,300262.XSHE,300262,*ST巴安,600481.XSHG,600481,双良节能,120,1.0,0.6574146419688193,0.6574146419688193,Top |rho| within random pair sample; not global full-market top edge
2017-12-29,120,002342.XSHE,002342,巨力索具,300007.XSHE,300007,汉威科技,120,1.0,0.6567469061364254,0.6567469061364254,Top |rho| within random pair sample; not global full-market top edge
2017-12-29,120,002487.XSHE,002487,大金重工,600327.XSHG,600327,大东方,120,1.0,0.6556866082497779,0.6556866082497779,Top |rho| within random pair sample; not global full-market top edge
2017-12-29,120,300262.XSHE,300262,*ST巴安,600526.XSHG,600526,菲达环保,120,1.0,0.655324872215679,0.655324872215679,Top |rho| within random pair sample; not global full-market top edge
2017-12-29,120,300354.XSHE,300354,东华测试,600853.XSHG,600853,龙建股份,120,1.0,0.6552513492407364,0.6552513492407364,Top |rho| within random pair sample; not global full-market top edge
2017-12-29,120,002762.XSHE,002762,金发拉比,300632.XSHE,300632,光莆股份,120,1.0,0.6548421350295411,0.6548421350295411,Top |rho| within random pair sample; not global full-market top edge
2017-12-29,120,002566.XSHE,002566,益盛药业,300632.XSHE,300632,光莆股份,120,1.0,0.65467123697354,0.65467123697354,Top |rho| within random pair sample; not global full-market top edge
2017-12-29,120,002375.XSHE,002375,亚厦股份,002474.XSHE,002474,榕基软件,120,1.0,0.6540869824100402,0.6540869824100402,Top |rho| within random pair sample; not global full-market top edge
2017-12-29,120,000026.XSHE,000026,飞亚达,300516.XSHE,300516,久之洋,120,1.0,0.6533537877504162,0.6533537877504162,Top |rho| within random pair sample; not global full-market top edge
2017-12-29,120,002205.XSHE,002205,国统股份,002577.XSHE,002577,雷柏科技,120,1.0,0.6530936061712603,0.6530936061712603,Top |rho| within random pair sample; not global full-market top edge
2018-12-28,120,000686.XSHE,000686,东北证券,002500.XSHE,002500,山西证券,120,1.0,0.9436944758188783,0.9436944758188783,Top |rho| within random pair sample; not global full-market top edge
2018-12-28,120,000686.XSHE,000686,东北证券,601881.XSHG,601881,中国银河,120,1.0,0.9013704579061198,0.9013704579061198,Top |rho| within random pair sample; not global full-market top edge
2018-12-28,120,000700.XSHE,000700,模塑科技,002325.XSHE,002325,*ST洪涛,120,1.0,0.8431801237001352,0.8431801237001352,Top |rho| within random pair sample; not global full-market top edge
2018-12-28,120,000166.XSHE,000166,申万宏源,601375.XSHG,601375,中原证券,120,1.0,0.8331632942498642,0.8331632942498642,Top |rho| within random pair sample; not global full-market top edge
2018-12-28,120,300273.XSHE,300273,和佳退,601163.XSHG,601163,三角轮胎,120,1.0,0.8330009685370887,0.8330009685370887,Top |rho| within random pair sample; not global full-market top edge
2018-12-28,120,000859.XSHE,000859,国风新材,600439.XSHG,600439,ST瑞贝卡,120,1.0,0.8282927058003806,0.8282927058003806,Top |rho| within random pair sample; not global full-market top edge
2018-12-28,120,002574.XSHE,002574,明牌珠宝,601366.XSHG,601366,利群股份,120,1.0,0.8281469579808384,0.8281469579808384,Top |rho| within random pair sample; not global full-market top edge
2018-12-28,120,300380.XSHE,300380,安硕信息,600571.XSHG,600571,信雅达,120,1.0,0.8238217503688051,0.8238217503688051,Top |rho| within random pair sample; not global full-market top edge
2018-12-28,120,000404.XSHE,000404,长虹华意,600168.XSHG,600168,武汉控股,120,1.0,0.8226667330525653,0.8226667330525653,Top |rho| within random pair sample; not global full-market top edge
2018-12-28,120,000997.XSHE,000997,新大陆,603383.XSHG,603383,顶点软件,120,1.0,0.8148877945117095,0.8148877945117095,Top |rho| within random pair sample; not global full-market top edge
2018-12-28,120,002561.XSHE,002561,徐家汇,600190.XSHG,600190,退市锦港,120,1.0,0.8130756644997179,0.8130756644997179,Top |rho| within random pair sample; not global full-market top edge
2018-12-28,120,000016.XSHE,000016,*ST康佳A,000417.XSHE,000417,合百集团,120,1.0,0.8103149104689441,0.8103149104689441,Top |rho| within random pair sample; not global full-market top edge
2018-12-28,120,000875.XSHE,000875,电投绿能,600361.XSHG,600361,创新新材,120,1.0,0.8080849089672273,0.8080849089672273,Top |rho| within random pair sample; not global full-market top edge
2018-12-28,120,300194.XSHE,300194,福安药业,603968.XSHG,603968,醋化股份,120,1.0,0.8066756859845919,0.8066756859845919,Top |rho| within random pair sample; not global full-market top edge
2018-12-28,120,000157.XSHE,000157,中联重科,000837.XSHE,000837,秦川机床,120,1.0,0.8050871122669195,0.8050871122669195,Top |rho| within random pair sample; not global full-market top edge
2018-12-28,120,000419.XSHE,000419,通程控股,002533.XSHE,002533,金杯电工,120,1.0,0.8033228302706371,0.8033228302706371,Top |rho| within random pair sample; not global full-market top edge
2018-12-28,120,000822.XSHE,000822,山东海化,002428.XSHE,002428,云南锗业,120,1.0,0.7981548541787031,0.7981548541787031,Top |rho| within random pair sample; not global full-market top edge
2018-12-28,120,002535.XSHE,002535,林州重机,600237.XSHG,600237,铜峰电子,120,1.0,0.7964451352685579,0.7964451352685579,Top |rho| within random pair sample; not global full-market top edge
2018-12-28,120,002363.XSHE,002363,隆基机械,603980.XSHG,603980,吉华集团,120,1.0,0.7962995832255076,0.7962995832255076,Top |rho| within random pair sample; not global full-market top edge
2018-12-28,120,300075.XSHE,300075,数字政通,601138.XSHG,601138,工业富联,120,1.0,0.7942834716347628,0.7942834716347628,Top |rho| within random pair sample; not global full-market top edge
2018-12-28,120,000404.XSHE,000404,长虹华意,000878.XSHE,000878,云南铜业,120,1.0,0.7932504737374313,0.7932504737374313,Top |rho| within random pair sample; not global full-market top edge
2018-12-28,120,000885.XSHE,000885,城发环境,600449.XSHG,600449,宁夏建材,120,1.0,0.7927766099917273,0.7927766099917273,Top |rho| within random pair sample; not global full-market top edge
2018-12-28,120,002378.XSHE,002378,章源钨业,600367.XSHG,600367,红星发展,120,1.0,0.7922760001588407,0.7922760001588407,Top |rho| within random pair sample; not global full-market top edge
2018-12-28,120,000012.XSHE,000012,南玻A,000402.XSHE,000402,金融街,120,1.0,0.791017407271865,0.791017407271865,Top |rho| within random pair sample; not global full-market top edge
2018-12-28,120,300442.XSHE,300442,润泽科技,600361.XSHG,600361,创新新材,120,1.0,0.7894571026767174,0.7894571026767174,Top |rho| within random pair sample; not global full-market top edge
2018-12-28,120,002073.XSHE,002073,软控股份,600594.XSHG,600594,益佰制药,120,1.0,0.789242912731379,0.789242912731379,Top |rho| within random pair sample; not global full-market top edge
2018-12-28,120,002574.XSHE,002574,明牌珠宝,600594.XSHG,600594,益佰制药,120,1.0,0.7890040487293083,0.7890040487293083,Top |rho| within random pair sample; not global full-market top edge
2018-12-28,120,000919.XSHE,000919,金陵药业,002186.XSHE,002186,全聚德,120,1.0,0.7879517344589874,0.7879517344589874,Top |rho| within random pair sample; not global full-market top edge
2018-12-28,120,002060.XSHE,002060,广东建工,600713.XSHG,600713,南京医药,120,1.0,0.7854814174030341,0.7854814174030341,Top |rho| within random pair sample; not global full-market top edge
2018-12-28,120,000859.XSHE,000859,国风新材,600415.XSHG,600415,小商品城,120,1.0,0.7845959024147702,0.7845959024147702,Top |rho| within random pair sample; not global full-market top edge
2018-12-28,120,002283.XSHE,002283,天润工业,600717.XSHG,600717,天津港,120,1.0,0.7825054525123638,0.7825054525123638,Top |rho| within random pair sample; not global full-market top edge
2018-12-28,120,000883.XSHE,000883,湖北能源,601163.XSHG,601163,三角轮胎,120,1.0,0.781917186468476,0.781917186468476,Top |rho| within random pair sample; not global full-market top edge
2018-12-28,120,002013.XSHE,002013,中航机电,600038.XSHG,600038,中直股份,120,1.0,0.780552439443277,0.780552439443277,Top |rho| within random pair sample; not global full-market top edge
2018-12-28,120,000156.XSHE,000156,华数传媒,600839.XSHG,600839,四川长虹,120,1.0,0.7802970547832343,0.7802970547832343,Top |rho| within random pair sample; not global full-market top edge
2018-12-28,120,000900.XSHE,000900,现代投资,600390.XSHG,600390,五矿资本,120,1.0,0.7794366866413737,0.7794366866413737,Top |rho| within random pair sample; not global full-market top edge
2018-12-28,120,000859.XSHE,000859,国风新材,600127.XSHG,600127,金健米业,120,1.0,0.7791466473801583,0.7791466473801583,Top |rho| within random pair sample; not global full-market top edge
2018-12-28,120,002533.XSHE,002533,金杯电工,300442.XSHE,300442,润泽科技,120,1.0,0.7777078542149708,0.7777078542149708,Top |rho| within random pair sample; not global full-market top edge
2018-12-28,120,300307.XSHE,300307,慈星股份,600881.XSHG,600881,亚泰集团,120,1.0,0.7772129047546029,0.7772129047546029,Top |rho| within random pair sample; not global full-market top edge
2018-12-28,120,002561.XSHE,002561,徐家汇,600901.XSHG,600901,江苏金租,120,1.0,0.7756841178878586,0.7756841178878586,Top |rho| within random pair sample; not global full-market top edge
2018-12-28,120,000725.XSHE,000725,京东方A,000997.XSHE,000997,新大陆,120,1.0,0.7750939626003049,0.7750939626003049,Top |rho| within random pair sample; not global full-market top edge
2018-12-28,120,000725.XSHE,000725,京东方A,600035.XSHG,600035,楚天高速,120,1.0,0.7747736594447056,0.7747736594447056,Top |rho| within random pair sample; not global full-market top edge
2018-12-28,120,300147.XSHE,300147,*ST香雪,300569.XSHE,300569,天能重工,120,1.0,0.7747533215979587,0.7747533215979587,Top |rho| within random pair sample; not global full-market top edge
2018-12-28,120,002273.XSHE,002273,水晶光电,601211.XSHG,601211,国泰海通,120,1.0,0.7746451441866979,0.7746451441866979,Top |rho| within random pair sample; not global full-market top edge
2018-12-28,120,000878.XSHE,000878,云南铜业,601117.XSHG,601117,中国化学,120,1.0,0.7736830056110525,0.7736830056110525,Top |rho| within random pair sample; not global full-market top edge
2018-12-28,120,000859.XSHE,000859,国风新材,600509.XSHG,600509,天富能源,120,1.0,0.7735356592138674,0.7735356592138674,Top |rho| within random pair sample; not global full-market top edge
2018-12-28,120,002574.XSHE,002574,明牌珠宝,600558.XSHG,600558,大西洋,120,1.0,0.7733160667367664,0.7733160667367664,Top |rho| within random pair sample; not global full-market top edge
2018-12-28,120,000090.XSHE,000090,天健集团,600428.XSHG,600428,中远海特,120,1.0,0.7730435582309453,0.7730435582309453,Top |rho| within random pair sample; not global full-market top edge
2018-12-28,120,002340.XSHE,002340,格林美,002588.XSHE,002588,史丹利,120,1.0,0.771649717470483,0.771649717470483,Top |rho| within random pair sample; not global full-market top edge
2018-12-28,120,002574.XSHE,002574,明牌珠宝,601880.XSHG,601880,辽港股份,120,1.0,0.771323588056503,0.771323588056503,Top |rho| within random pair sample; not global full-market top edge
2018-12-28,120,000901.XSHE,000901,航天科技,002222.XSHE,002222,福晶科技,120,1.0,0.7711589853927496,0.7711589853927496,Top |rho| within random pair sample; not global full-market top edge
2018-12-28,120,000702.XSHE,000702,正虹科技,600396.XSHG,600396,华电辽能,120,1.0,0.770429089511762,0.770429089511762,Top |rho| within random pair sample; not global full-market top edge
2018-12-28,120,002185.XSHE,002185,华天科技,300496.XSHE,300496,中科创达,120,1.0,0.7704143589152511,0.7704143589152511,Top |rho| within random pair sample; not global full-market top edge
2018-12-28,120,000581.XSHE,000581,威孚高科,600565.XSHG,600565,ST迪马,120,1.0,0.7703031622729092,0.7703031622729092,Top |rho| within random pair sample; not global full-market top edge
2018-12-28,120,000016.XSHE,000016,*ST康佳A,300307.XSHE,300307,慈星股份,120,1.0,0.7697989276817113,0.7697989276817113,Top |rho| within random pair sample; not global full-market top edge
2018-12-28,120,002097.XSHE,002097,山河智能,603385.XSHG,603385,惠达卫浴,116,0.9666666666666667,0.7690494962281677,0.7690494962281677,Top |rho| within random pair sample; not global full-market top edge
2018-12-28,120,002140.XSHE,002140,东华科技,600353.XSHG,600353,旭光电子,120,1.0,0.7690144546620613,0.7690144546620613,Top |rho| within random pair sample; not global full-market top edge
2018-12-28,120,002393.XSHE,002393,力生制药,600488.XSHG,600488,津药药业,120,1.0,0.7681869050851564,0.7681869050851564,Top |rho| within random pair sample; not global full-market top edge
2018-12-28,120,300354.XSHE,300354,东华测试,600551.XSHG,600551,时代出版,120,1.0,0.7678932570858681,0.7678932570858681,Top |rho| within random pair sample; not global full-market top edge
2018-12-28,120,001896.XSHE,001896,豫能控股,601996.XSHG,601996,丰林集团,120,1.0,0.767336496943717,0.767336496943717,Top |rho| within random pair sample; not global full-market top edge
2018-12-28,120,000751.XSHE,000751,锌业股份,600980.XSHG,600980,北矿科技,120,1.0,0.7659020125399193,0.7659020125399193,Top |rho| within random pair sample; not global full-market top edge
2018-12-28,120,002133.XSHE,002133,广宇集团,600561.XSHG,600561,江西长运,120,1.0,0.7645046337545938,0.7645046337545938,Top |rho| within random pair sample; not global full-market top edge
2018-12-28,120,300155.XSHE,300155,安居宝,600118.XSHG,600118,中国卫星,120,1.0,0.764267267098256,0.764267267098256,Top |rho| within random pair sample; not global full-market top edge
2018-12-28,120,002818.XSHE,002818,富森美,603488.XSHG,603488,展鹏科技,120,1.0,0.7636466995159467,0.7636466995159467,Top |rho| within random pair sample; not global full-market top edge
2018-12-28,120,300020.XSHE,300020,ST银江,300353.XSHE,300353,东土科技,120,1.0,0.7636449632786872,0.7636449632786872,Top |rho| within random pair sample; not global full-market top edge
2018-12-28,120,000637.XSHE,000637,茂化实华,600361.XSHG,600361,创新新材,120,1.0,0.7632710305085462,0.7632710305085462,Top |rho| within random pair sample; not global full-market top edge
2018-12-28,120,002298.XSHE,002298,中电鑫龙,300415.XSHE,300415,伊之密,120,1.0,0.7632024529994593,0.7632024529994593,Top |rho| within random pair sample; not global full-market top edge
2018-12-28,120,000559.XSHE,000559,万向钱潮,300455.XSHE,300455,航天智装,117,0.975,0.7624434511309749,0.7624434511309749,Top |rho| within random pair sample; not global full-market top edge
2018-12-28,120,002133.XSHE,002133,广宇集团,601086.XSHG,601086,国芳集团,120,1.0,0.7620706236053507,0.7620706236053507,Top |rho| within random pair sample; not global full-market top edge
2018-12-28,120,002284.XSHE,002284,亚太股份,300591.XSHE,300591,万里马,120,1.0,0.7617187993488652,0.7617187993488652,Top |rho| within random pair sample; not global full-market top edge
2018-12-28,120,000716.XSHE,000716,黑芝麻,300147.XSHE,300147,*ST香雪,120,1.0,0.7614426183765972,0.7614426183765972,Top |rho| within random pair sample; not global full-market top edge
2018-12-28,120,000850.XSHE,000850,华茂股份,002344.XSHE,002344,海宁皮城,120,1.0,0.7612000982283745,0.7612000982283745,Top |rho| within random pair sample; not global full-market top edge
2018-12-28,120,300200.XSHE,300200,高盟新材,600415.XSHG,600415,小商品城,120,1.0,0.7600749277826513,0.7600749277826513,Top |rho| within random pair sample; not global full-market top edge
2018-12-28,120,000060.XSHE,000060,中金岭南,600409.XSHG,600409,三友化工,120,1.0,0.7600424171499564,0.7600424171499564,Top |rho| within random pair sample; not global full-market top edge
2018-12-28,120,002186.XSHE,002186,全聚德,603298.XSHG,603298,杭叉集团,120,1.0,0.75967162363493,0.75967162363493,Top |rho| within random pair sample; not global full-market top edge
2018-12-28,120,300185.XSHE,300185,通裕重工,600594.XSHG,600594,益佰制药,120,1.0,0.7590790916199107,0.7590790916199107,Top |rho| within random pair sample; not global full-market top edge
2018-12-28,120,002588.XSHE,002588,史丹利,300591.XSHE,300591,万里马,120,1.0,0.7590367281097318,0.7590367281097318,Top |rho| within random pair sample; not global full-market top edge
2018-12-28,120,002474.XSHE,002474,榕基软件,300660.XSHE,300660,江苏雷利,120,1.0,0.7588296029674297,0.7588296029674297,Top |rho| within random pair sample; not global full-market top edge
2018-12-28,120,000599.XSHE,000599,青岛双星,002429.XSHE,002429,兆驰股份,120,1.0,0.7577581532476194,0.7577581532476194,Top |rho| within random pair sample; not global full-market top edge
2018-12-28,120,000700.XSHE,000700,模塑科技,600628.XSHG,600628,新世界,120,1.0,0.7573518753230176,0.7573518753230176,Top |rho| within random pair sample; not global full-market top edge
2018-12-28,120,000026.XSHE,000026,飞亚达,600059.XSHG,600059,古越龙山,120,1.0,0.756387288705331,0.756387288705331,Top |rho| within random pair sample; not global full-market top edge
2018-12-28,120,002393.XSHE,002393,力生制药,600933.XSHG,600933,爱柯迪,120,1.0,0.7557133111093323,0.7557133111093323,Top |rho| within random pair sample; not global full-market top edge
2018-12-28,120,002156.XSHE,002156,通富微电,603232.XSHG,603232,格尔软件,120,1.0,0.7549476565235383,0.7549476565235383,Top |rho| within random pair sample; not global full-market top edge
2018-12-28,120,000716.XSHE,000716,黑芝麻,600381.XSHG,600381,*ST春天,120,1.0,0.7545939514929103,0.7545939514929103,Top |rho| within random pair sample; not global full-market top edge
2018-12-28,120,002139.XSHE,002139,拓邦股份,600206.XSHG,600206,有研新材,120,1.0,0.7542392468022419,0.7542392468022419,Top |rho| within random pair sample; not global full-market top edge
2018-12-28,120,002186.XSHE,002186,全聚德,603416.XSHG,603416,信捷电气,120,1.0,0.75300456673771,0.75300456673771,Top |rho| within random pair sample; not global full-market top edge
2018-12-28,120,000612.XSHE,000612,焦作万方,600017.XSHG,600017,日照港,120,1.0,0.7527337271180997,0.7527337271180997,Top |rho| within random pair sample; not global full-market top edge
2018-12-28,120,300287.XSHE,300287,飞利信,601326.XSHG,601326,秦港股份,120,1.0,0.7524341923142198,0.7524341923142198,Top |rho| within random pair sample; not global full-market top edge
2018-12-28,120,000530.XSHE,000530,冰山冷热,002574.XSHE,002574,明牌珠宝,120,1.0,0.752383446959739,0.752383446959739,Top |rho| within random pair sample; not global full-market top edge
2018-12-28,120,000900.XSHE,000900,现代投资,600218.XSHG,600218,全柴动力,120,1.0,0.7522320051480871,0.7522320051480871,Top |rho| within random pair sample; not global full-market top edge
2018-12-28,120,000859.XSHE,000859,国风新材,601200.XSHG,601200,上海环境,120,1.0,0.7514699868199937,0.7514699868199937,Top |rho| within random pair sample; not global full-market top edge
2018-12-28,120,000826.XSHE,000826,*ST启环,300354.XSHE,300354,东华测试,120,1.0,0.7499504886536065,0.7499504886536065,Top |rho| within random pair sample; not global full-market top edge
2018-12-28,120,000099.XSHE,000099,中信海直,002037.XSHE,002037,保利联合,113,0.9416666666666667,0.7498308963137078,0.7498308963137078,Top |rho| within random pair sample; not global full-market top edge
2018-12-28,120,300417.XSHE,300417,南华仪器,300569.XSHE,300569,天能重工,120,1.0,0.7494722385073761,0.7494722385073761,Top |rho| within random pair sample; not global full-market top edge
2018-12-28,120,300387.XSHE,300387,富邦科技,600592.XSHG,600592,龙溪股份,120,1.0,0.7493728722284781,0.7493728722284781,Top |rho| within random pair sample; not global full-market top edge
2018-12-28,120,000822.XSHE,000822,山东海化,601158.XSHG,601158,重庆水务,120,1.0,0.7484906970496585,0.7484906970496585,Top |rho| within random pair sample; not global full-market top edge
2018-12-28,120,000715.XSHE,000715,中兴商业,600135.XSHG,600135,乐凯胶片,120,1.0,0.7482252016656886,0.7482252016656886,Top |rho| within random pair sample; not global full-market top edge
2018-12-28,120,002561.XSHE,002561,徐家汇,601878.XSHG,601878,浙商证券,120,1.0,0.7477983721178756,0.7477983721178756,Top |rho| within random pair sample; not global full-market top edge
2018-12-28,120,002140.XSHE,002140,东华科技,600551.XSHG,600551,时代出版,120,1.0,0.7472735011935079,0.7472735011935079,Top |rho| within random pair sample; not global full-market top edge
2018-12-28,120,000919.XSHE,000919,金陵药业,601333.XSHG,601333,广深铁路,120,1.0,0.74663030872726,0.74663030872726,Top |rho| within random pair sample; not global full-market top edge
2018-12-28,120,300397.XSHE,300397,天和防务,600343.XSHG,600343,航天动力,120,1.0,0.7465901676151665,0.7465901676151665,Top |rho| within random pair sample; not global full-market top edge
2019-12-31,120,300002.XSHE,300002,神州泰岳,300018.XSHE,300018,中元股份,120,1.0,0.7802570388051157,0.7802570388051157,Top |rho| within random pair sample; not global full-market top edge
2019-12-31,120,002128.XSHE,002128,电投能源,600348.XSHG,600348,华阳股份,120,1.0,0.7755045370513921,0.7755045370513921,Top |rho| within random pair sample; not global full-market top edge
2019-12-31,120,000776.XSHE,000776,广发证券,002344.XSHE,002344,海宁皮城,120,1.0,0.7674596142398104,0.7674596142398104,Top |rho| within random pair sample; not global full-market top edge
2019-12-31,120,002377.XSHE,002377,国创高新,601611.XSHG,601611,中国核建,120,1.0,0.7482682545491466,0.7482682545491466,Top |rho| within random pair sample; not global full-market top edge
2019-12-31,120,300050.XSHE,300050,世纪鼎利,603917.XSHG,603917,合力科技,120,1.0,0.736529355332248,0.736529355332248,Top |rho| within random pair sample; not global full-market top edge
2019-12-31,120,002469.XSHE,002469,三维化学,600515.XSHG,600515,海南机场,120,1.0,0.7262783447857469,0.7262783447857469,Top |rho| within random pair sample; not global full-market top edge
2019-12-31,120,300245.XSHE,300245,ST天玑,300378.XSHE,300378,鼎捷数智,120,1.0,0.72314218014232,0.72314218014232,Top |rho| within random pair sample; not global full-market top edge
2019-12-31,120,300135.XSHE,300135,宝利国际,601366.XSHG,601366,利群股份,120,1.0,0.7172063539588667,0.7172063539588667,Top |rho| within random pair sample; not global full-market top edge
2019-12-31,120,300047.XSHE,300047,天源迪科,300335.XSHE,300335,迪森股份,120,1.0,0.7131776727926655,0.7131776727926655,Top |rho| within random pair sample; not global full-market top edge
2019-12-31,120,000839.XSHE,000839,国安股份,601869.XSHG,601869,长飞光纤,120,1.0,0.7116649441761586,0.7116649441761586,Top |rho| within random pair sample; not global full-market top edge
2019-12-31,120,300120.XSHE,300120,经纬辉开,300250.XSHE,300250,初灵信息,120,1.0,0.7082909528289757,0.7082909528289757,Top |rho| within random pair sample; not global full-market top edge
2019-12-31,120,002580.XSHE,002580,圣阳股份,600077.XSHG,600077,*ST宋都,120,1.0,0.7049962410942,0.7049962410942,Top |rho| within random pair sample; not global full-market top edge
2019-12-31,120,000812.XSHE,000812,陕西金叶,600190.XSHG,600190,退市锦港,120,1.0,0.7037175497686242,0.7037175497686242,Top |rho| within random pair sample; not global full-market top edge
2019-12-31,120,300145.XSHE,300145,南方泵业,603917.XSHG,603917,合力科技,120,1.0,0.7036617334928295,0.7036617334928295,Top |rho| within random pair sample; not global full-market top edge
2019-12-31,120,000753.XSHE,000753,漳州发展,600235.XSHG,600235,民丰特纸,120,1.0,0.701645651292861,0.701645651292861,Top |rho| within random pair sample; not global full-market top edge
2019-12-31,120,300017.XSHE,300017,网宿科技,300195.XSHE,300195,长荣股份,120,1.0,0.6986672709246242,0.6986672709246242,Top |rho| within random pair sample; not global full-market top edge
2019-12-31,120,000014.XSHE,000014,沙河股份,002314.XSHE,002314,南山控股,120,1.0,0.6948549614879832,0.6948549614879832,Top |rho| within random pair sample; not global full-market top edge
2019-12-31,120,000548.XSHE,000548,湖南投资,002342.XSHE,002342,巨力索具,120,1.0,0.6940033866626615,0.6940033866626615,Top |rho| within random pair sample; not global full-market top edge
2019-12-31,120,002277.XSHE,002277,友阿股份,603917.XSHG,603917,合力科技,120,1.0,0.6936719381366144,0.6936719381366144,Top |rho| within random pair sample; not global full-market top edge
2019-12-31,120,000753.XSHE,000753,漳州发展,000880.XSHE,000880,潍柴重机,120,1.0,0.69104690745425,0.69104690745425,Top |rho| within random pair sample; not global full-market top edge
2019-12-31,120,001696.XSHE,001696,宗申动力,600960.XSHG,600960,渤海汽车,120,1.0,0.6883273633947194,0.6883273633947194,Top |rho| within random pair sample; not global full-market top edge
2019-12-31,120,000777.XSHE,000777,中核科技,600982.XSHG,600982,宁波能源,120,1.0,0.688073289744676,0.688073289744676,Top |rho| within random pair sample; not global full-market top edge
2019-12-31,120,000753.XSHE,000753,漳州发展,603580.XSHG,603580,艾艾精工,120,1.0,0.6876894234180208,0.6876894234180208,Top |rho| within random pair sample; not global full-market top edge
2019-12-31,120,000929.XSHE,000929,兰州黄河,300301.XSHE,300301,ST长方,120,1.0,0.6873679801840872,0.6873679801840872,Top |rho| within random pair sample; not global full-market top edge
2019-12-31,120,000592.XSHE,000592,平潭发展,002170.XSHE,002170,芭田股份,120,1.0,0.6860530323856618,0.6860530323856618,Top |rho| within random pair sample; not global full-market top edge
2019-12-31,120,300185.XSHE,300185,通裕重工,600820.XSHG,600820,隧道股份,120,1.0,0.6841786171421781,0.6841786171421781,Top |rho| within random pair sample; not global full-market top edge
2019-12-31,120,300020.XSHE,300020,ST银江,300295.XSHE,300295,*ST三六五,120,1.0,0.6841048633534437,0.6841048633534437,Top |rho| within random pair sample; not global full-market top edge
2019-12-31,120,300171.XSHE,300171,东富龙,600973.XSHG,600973,宝胜股份,120,1.0,0.6839828706896944,0.6839828706896944,Top |rho| within random pair sample; not global full-market top edge
2019-12-31,120,300228.XSHE,300228,富瑞特装,300299.XSHE,300299,富春股份,120,1.0,0.6823963968188809,0.6823963968188809,Top |rho| within random pair sample; not global full-market top edge
2019-12-31,120,002544.XSHE,002544,普天科技,300288.XSHE,300288,朗玛信息,120,1.0,0.6819793501236451,0.6819793501236451,Top |rho| within random pair sample; not global full-market top edge
2019-12-31,120,002040.XSHE,002040,南京港,300599.XSHE,300599,雄塑科技,120,1.0,0.677893847691422,0.677893847691422,Top |rho| within random pair sample; not global full-market top edge
2019-12-31,120,002573.XSHE,002573,清新环境,300557.XSHE,300557,理工光科,120,1.0,0.6777305068883439,0.6777305068883439,Top |rho| within random pair sample; not global full-market top edge
2019-12-31,120,000637.XSHE,000637,茂化实华,300243.XSHE,300243,瑞丰高材,120,1.0,0.6762069044378748,0.6762069044378748,Top |rho| within random pair sample; not global full-market top edge
2019-12-31,120,000822.XSHE,000822,山东海化,601001.XSHG,601001,晋控煤业,120,1.0,0.6756961264887292,0.6756961264887292,Top |rho| within random pair sample; not global full-market top edge
2019-12-31,120,000521.XSHE,000521,长虹美菱,603331.XSHG,603331,百达精工,120,1.0,0.6746093811910612,0.6746093811910612,Top |rho| within random pair sample; not global full-market top edge
2019-12-31,120,000570.XSHE,000570,苏常柴A,002632.XSHE,002632,道明光学,120,1.0,0.6745938012450589,0.6745938012450589,Top |rho| within random pair sample; not global full-market top edge
2019-12-31,120,300228.XSHE,300228,富瑞特装,600692.XSHG,600692,亚通股份,120,1.0,0.6742196747631335,0.6742196747631335,Top |rho| within random pair sample; not global full-market top edge
2019-12-31,120,300295.XSHE,300295,*ST三六五,601019.XSHG,601019,山东出版,120,1.0,0.6680207190470745,0.6680207190470745,Top |rho| within random pair sample; not global full-market top edge
2019-12-31,120,000521.XSHE,000521,长虹美菱,002308.XSHE,002308,*ST威创,120,1.0,0.6678429643464883,0.6678429643464883,Top |rho| within random pair sample; not global full-market top edge
2019-12-31,120,000551.XSHE,000551,创元科技,603019.XSHG,603019,中科曙光,120,1.0,0.666406419221895,0.666406419221895,Top |rho| within random pair sample; not global full-market top edge
2019-12-31,120,002480.XSHE,002480,新筑股份,002543.XSHE,002543,万和电气,120,1.0,0.666139404045127,0.666139404045127,Top |rho| within random pair sample; not global full-market top edge
2019-12-31,120,300024.XSHE,300024,机器人,300333.XSHE,300333,兆日科技,120,1.0,0.6635475148184404,0.6635475148184404,Top |rho| within random pair sample; not global full-market top edge
2019-12-31,120,300272.XSHE,300272,开能健康,600594.XSHG,600594,益佰制药,120,1.0,0.662962087191802,0.662962087191802,Top |rho| within random pair sample; not global full-market top edge
2019-12-31,120,000540.XSHE,000540,*ST中天,600190.XSHG,600190,退市锦港,120,1.0,0.662928529072482,0.662928529072482,Top |rho| within random pair sample; not global full-market top edge
2019-12-31,120,002204.XSHE,002204,大连重工,601016.XSHG,601016,节能风电,120,1.0,0.662475005001638,0.662475005001638,Top |rho| within random pair sample; not global full-market top edge
2019-12-31,120,300038.XSHE,300038,数知退,300645.XSHE,300645,正元智慧,120,1.0,0.6620682844963968,0.6620682844963968,Top |rho| within random pair sample; not global full-market top edge
2019-12-31,120,002226.XSHE,002226,江南化工,002454.XSHE,002454,松芝股份,120,1.0,0.6615585631553673,0.6615585631553673,Top |rho| within random pair sample; not global full-market top edge
2019-12-31,120,300430.XSHE,300430,*ST益通,601869.XSHG,601869,长飞光纤,120,1.0,0.6612116794710198,0.6612116794710198,Top |rho| within random pair sample; not global full-market top edge
2019-12-31,120,000060.XSHE,000060,中金岭南,600577.XSHG,600577,精达股份,120,1.0,0.6598927082943624,0.6598927082943624,Top |rho| within random pair sample; not global full-market top edge
2019-12-31,120,002433.XSHE,002433,太安退,300181.XSHE,300181,佐力药业,120,1.0,0.6597698484992524,0.6597698484992524,Top |rho| within random pair sample; not global full-market top edge
2019-12-31,120,000901.XSHE,000901,航天科技,600967.XSHG,600967,内蒙一机,120,1.0,0.6592538430898027,0.6592538430898027,Top |rho| within random pair sample; not global full-market top edge
2019-12-31,120,000419.XSHE,000419,通程控股,002667.XSHE,002667,*ST威领,120,1.0,0.6578574920557054,0.6578574920557054,Top |rho| within random pair sample; not global full-market top edge
2019-12-31,120,000828.XSHE,000828,东莞控股,600757.XSHG,600757,长江传媒,120,1.0,0.6556745602945042,0.6556745602945042,Top |rho| within random pair sample; not global full-market top edge
2019-12-31,120,000420.XSHE,000420,吉林化纤,601010.XSHG,601010,ST文峰,120,1.0,0.6545573860061858,0.6545573860061858,Top |rho| within random pair sample; not global full-market top edge
2019-12-31,120,000027.XSHE,000027,深圳能源,000828.XSHE,000828,东莞控股,120,1.0,0.654503874747504,0.654503874747504,Top |rho| within random pair sample; not global full-market top edge
2019-12-31,120,300309.XSHE,300309,吉艾退,600969.XSHG,600969,郴电国际,120,1.0,0.653930585325774,0.653930585325774,Top |rho| within random pair sample; not global full-market top edge
2019-12-31,120,300519.XSHE,300519,新光药业,600704.XSHG,600704,物产中大,120,1.0,0.6537160036887022,0.6537160036887022,Top |rho| within random pair sample; not global full-market top edge
2019-12-31,120,002133.XSHE,002133,广宇集团,603100.XSHG,603100,川仪股份,120,1.0,0.6524736309822948,0.6524736309822948,Top |rho| within random pair sample; not global full-market top edge
2019-12-31,120,002470.XSHE,002470,金正大,600586.XSHG,600586,金晶科技,120,1.0,0.6523979653910117,0.6523979653910117,Top |rho| within random pair sample; not global full-market top edge
2019-12-31,120,000709.XSHE,000709,河钢股份,600691.XSHG,600691,潞化科技,120,1.0,0.652158096601599,0.652158096601599,Top |rho| within random pair sample; not global full-market top edge
2019-12-31,120,300254.XSHE,300254,仟源医药,600594.XSHG,600594,益佰制药,120,1.0,0.6519454573758999,0.6519454573758999,Top |rho| within random pair sample; not global full-market top edge
2019-12-31,120,000623.XSHE,000623,吉林敖东,600973.XSHG,600973,宝胜股份,120,1.0,0.6511152422031579,0.6511152422031579,Top |rho| within random pair sample; not global full-market top edge
2019-12-31,120,300245.XSHE,300245,ST天玑,300726.XSHE,300726,宏达电子,120,1.0,0.650498433917901,0.650498433917901,Top |rho| within random pair sample; not global full-market top edge
2019-12-31,120,000965.XSHE,000965,天保基建,300430.XSHE,300430,*ST益通,120,1.0,0.650420850572833,0.650420850572833,Top |rho| within random pair sample; not global full-market top edge
2019-12-31,120,002112.XSHE,002112,三变科技,002598.XSHE,002598,ST章鼓,120,1.0,0.6499600668647967,0.6499600668647967,Top |rho| within random pair sample; not global full-market top edge
2019-12-31,120,000521.XSHE,000521,长虹美菱,600382.XSHG,600382,广东明珠,120,1.0,0.6497241289631617,0.6497241289631617,Top |rho| within random pair sample; not global full-market top edge
2019-12-31,120,000997.XSHE,000997,新大陆,300213.XSHE,300213,佳讯飞鸿,120,1.0,0.649088336485595,0.649088336485595,Top |rho| within random pair sample; not global full-market top edge
2019-12-31,120,002792.XSHE,002792,通宇通讯,300597.XSHE,300597,吉大通信,120,1.0,0.6486510940629887,0.6486510940629887,Top |rho| within random pair sample; not global full-market top edge
2019-12-31,120,000705.XSHE,000705,浙江震元,600692.XSHG,600692,亚通股份,120,1.0,0.6456516553236931,0.6456516553236931,Top |rho| within random pair sample; not global full-market top edge
2019-12-31,120,000404.XSHE,000404,长虹华意,600222.XSHG,600222,太龙药业,120,1.0,0.6456140239477136,0.6456140239477136,Top |rho| within random pair sample; not global full-market top edge
2019-12-31,120,300230.XSHE,300230,永利股份,300665.XSHE,300665,飞鹿股份,120,1.0,0.6453342744916761,0.6453342744916761,Top |rho| within random pair sample; not global full-market top edge
2019-12-31,120,000819.XSHE,000819,岳阳兴长,300185.XSHE,300185,通裕重工,120,1.0,0.6448226983628702,0.6448226983628702,Top |rho| within random pair sample; not global full-market top edge
2019-12-31,120,300222.XSHE,300222,科大智能,600522.XSHG,600522,中天科技,120,1.0,0.6434455909970346,0.6434455909970346,Top |rho| within random pair sample; not global full-market top edge
2019-12-31,120,000059.XSHE,000059,华锦股份,601188.XSHG,601188,龙江交通,120,1.0,0.6430949985945836,0.6430949985945836,Top |rho| within random pair sample; not global full-market top edge
2019-12-31,120,000685.XSHE,000685,中山公用,601766.XSHG,601766,中国中车,120,1.0,0.6427018361070158,0.6427018361070158,Top |rho| within random pair sample; not global full-market top edge
2019-12-31,120,002936.XSHE,002936,郑州银行,600077.XSHG,600077,*ST宋都,120,1.0,0.6423124775049949,0.6423124775049949,Top |rho| within random pair sample; not global full-market top edge
2019-12-31,120,000837.XSHE,000837,秦川机床,601368.XSHG,601368,绿城水务,120,1.0,0.6422058925585397,0.6422058925585397,Top |rho| within random pair sample; not global full-market top edge
2019-12-31,120,300171.XSHE,300171,东富龙,600008.XSHG,600008,首创环保,120,1.0,0.6415659988502157,0.6415659988502157,Top |rho| within random pair sample; not global full-market top edge
2019-12-31,120,002198.XSHE,002198,ST嘉应,002433.XSHE,002433,太安退,120,1.0,0.640891921958939,0.640891921958939,Top |rho| within random pair sample; not global full-market top edge
2019-12-31,120,001696.XSHE,001696,宗申动力,600684.XSHG,600684,珠江股份,120,1.0,0.6408838528705315,0.6408838528705315,Top |rho| within random pair sample; not global full-market top edge
2019-12-31,120,300011.XSHE,300011,鼎汉技术,300050.XSHE,300050,世纪鼎利,120,1.0,0.6406875781104565,0.6406875781104565,Top |rho| within random pair sample; not global full-market top edge
2019-12-31,120,300330.XSHE,300330,计通退,600992.XSHG,600992,贵绳股份,120,1.0,0.6406008712535045,0.6406008712535045,Top |rho| within random pair sample; not global full-market top edge
2019-12-31,120,002533.XSHE,002533,金杯电工,600761.XSHG,600761,安徽合力,118,0.9833333333333333,0.6403903488267849,0.6403903488267849,Top |rho| within random pair sample; not global full-market top edge
2019-12-31,120,002551.XSHE,002551,尚荣医疗,002566.XSHE,002566,益盛药业,120,1.0,0.6403416125591617,0.6403416125591617,Top |rho| within random pair sample; not global full-market top edge
2019-12-31,120,002398.XSHE,002398,垒知集团,002561.XSHE,002561,徐家汇,120,1.0,0.6399253640405284,0.6399253640405284,Top |rho| within random pair sample; not global full-market top edge
2019-12-31,120,300266.XSHE,300266,兴源环境,600172.XSHG,600172,黄河旋风,120,1.0,0.6398699076165408,0.6398699076165408,Top |rho| within random pair sample; not global full-market top edge
2019-12-31,120,000880.XSHE,000880,潍柴重机,300288.XSHE,300288,朗玛信息,120,1.0,0.6393977100389394,0.6393977100389394,Top |rho| within random pair sample; not global full-market top edge
2019-12-31,120,002300.XSHE,002300,太阳电缆,600192.XSHG,600192,长城电工,120,1.0,0.6392043102400207,0.6392043102400207,Top |rho| within random pair sample; not global full-market top edge
2019-12-31,120,000420.XSHE,000420,吉林化纤,300254.XSHE,300254,仟源医药,120,1.0,0.6381092069200399,0.6381092069200399,Top |rho| within random pair sample; not global full-market top edge
2019-12-31,120,300250.XSHE,300250,初灵信息,600761.XSHG,600761,安徽合力,120,1.0,0.6378224655445922,0.6378224655445922,Top |rho| within random pair sample; not global full-market top edge
2019-12-31,120,000419.XSHE,000419,通程控股,603955.XSHG,603955,大千生态,120,1.0,0.63777319712641,0.63777319712641,Top |rho| within random pair sample; not global full-market top edge
2019-12-31,120,000722.XSHE,000722,湖南发展,600929.XSHG,600929,雪天盐业,120,1.0,0.6376544003998446,0.6376544003998446,Top |rho| within random pair sample; not global full-market top edge
2019-12-31,120,000839.XSHE,000839,国安股份,603359.XSHG,603359,*ST东珠,120,1.0,0.6372843789940736,0.6372843789940736,Top |rho| within random pair sample; not global full-market top edge
2019-12-31,120,002470.XSHE,002470,金正大,600148.XSHG,600148,长春一东,120,1.0,0.6360410534124591,0.6360410534124591,Top |rho| within random pair sample; not global full-market top edge
2019-12-31,120,000637.XSHE,000637,茂化实华,603357.XSHG,603357,设计总院,120,1.0,0.6357941299779504,0.6357941299779504,Top |rho| within random pair sample; not global full-market top edge
2019-12-31,120,000514.XSHE,000514,渝开发,600773.XSHG,600773,西藏城投,120,1.0,0.6348213001558257,0.6348213001558257,Top |rho| within random pair sample; not global full-market top edge
2019-12-31,120,000876.XSHE,000876,新希望,603363.XSHG,603363,傲农生物,120,1.0,0.6339306748800428,0.6339306748800428,Top |rho| within random pair sample; not global full-market top edge
2019-12-31,120,002503.XSHE,002503,*ST搜特,002580.XSHE,002580,圣阳股份,120,1.0,0.6334509898025943,0.6334509898025943,Top |rho| within random pair sample; not global full-market top edge
2019-12-31,120,300135.XSHE,300135,宝利国际,601727.XSHG,601727,上海电气,120,1.0,0.6325785466558541,0.6325785466558541,Top |rho| within random pair sample; not global full-market top edge
2019-12-31,120,300018.XSHE,300018,中元股份,600838.XSHG,600838,上海九百,120,1.0,0.6323642250999932,0.6323642250999932,Top |rho| within random pair sample; not global full-market top edge
2020-12-31,120,000623.XSHE,000623,吉林敖东,601688.XSHG,601688,华泰证券,120,1.0,0.8330786975365492,0.8330786975365492,Top |rho| within random pair sample; not global full-market top edge
2020-12-31,120,002150.XSHE,002150,正泰电源,603928.XSHG,603928,兴业股份,120,1.0,0.7784907181332942,0.7784907181332942,Top |rho| within random pair sample; not global full-market top edge
2020-12-31,120,000166.XSHE,000166,申万宏源,601162.XSHG,601162,天风证券,120,1.0,0.7737158512624422,0.7737158512624422,Top |rho| within random pair sample; not global full-market top edge
2020-12-31,120,000001.XSHE,000001,平安银行,601166.XSHG,601166,兴业银行,120,1.0,0.7687442114284563,0.7687442114284563,Top |rho| within random pair sample; not global full-market top edge
2020-12-31,120,000166.XSHE,000166,申万宏源,000783.XSHE,000783,长江证券,120,1.0,0.7598821792811369,0.7598821792811369,Top |rho| within random pair sample; not global full-market top edge
2020-12-31,120,000657.XSHE,000657,中钨高新,601958.XSHG,601958,金钼股份,120,1.0,0.7575558481579693,0.7575558481579693,Top |rho| within random pair sample; not global full-market top edge
2020-12-31,120,002388.XSHE,002388,新亚制程,002790.XSHE,002790,瑞尔特,120,1.0,0.7510134384208167,0.7510134384208167,Top |rho| within random pair sample; not global full-market top edge
2020-12-31,120,002657.XSHE,002657,中科金财,600446.XSHG,600446,金证股份,120,1.0,0.7473611667775584,0.7473611667775584,Top |rho| within random pair sample; not global full-market top edge
2020-12-31,120,300055.XSHE,300055,万邦达,300150.XSHE,300150,世纪瑞尔,120,1.0,0.7374084038865041,0.7374084038865041,Top |rho| within random pair sample; not global full-market top edge
2020-12-31,120,002401.XSHE,002401,中远海科,688086.XSHG,688086,退市紫晶,120,1.0,0.731619101044684,0.731619101044684,Top |rho| within random pair sample; not global full-market top edge
2020-12-31,120,300250.XSHE,300250,初灵信息,300281.XSHE,300281,金明精机,120,1.0,0.7268704664209409,0.7268704664209409,Top |rho| within random pair sample; not global full-market top edge
2020-12-31,120,000563.XSHE,000563,陕国投A,002583.XSHE,002583,海能达,120,1.0,0.7230029015366163,0.7230029015366163,Top |rho| within random pair sample; not global full-market top edge
2020-12-31,120,002926.XSHE,002926,华西证券,600755.XSHG,600755,厦门国贸,118,0.9833333333333333,0.7093425018495968,0.7093425018495968,Top |rho| within random pair sample; not global full-market top edge
2020-12-31,120,000989.XSHE,000989,九芝堂,600713.XSHG,600713,南京医药,120,1.0,0.7015946252369727,0.7015946252369727,Top |rho| within random pair sample; not global full-market top edge
2020-12-31,120,300259.XSHE,300259,新天科技,300336.XSHE,300336,新文退,120,1.0,0.6996635445931463,0.6996635445931463,Top |rho| within random pair sample; not global full-market top edge
2020-12-31,120,000758.XSHE,000758,中色股份,000878.XSHE,000878,云南铜业,120,1.0,0.6962521040228469,0.6962521040228469,Top |rho| within random pair sample; not global full-market top edge
2020-12-31,120,000547.XSHE,000547,航天发展,600372.XSHG,600372,中航机载,120,1.0,0.6902264913479257,0.6902264913479257,Top |rho| within random pair sample; not global full-market top edge
2020-12-31,120,300017.XSHE,300017,网宿科技,300328.XSHE,300328,宜安科技,120,1.0,0.6880953556836021,0.6880953556836021,Top |rho| within random pair sample; not global full-market top edge
2020-12-31,120,300407.XSHE,300407,凯发电气,300420.XSHE,300420,五洋自控,120,1.0,0.6852973560057147,0.6852973560057147,Top |rho| within random pair sample; not global full-market top edge
2020-12-31,120,000554.XSHE,000554,泰山石油,600583.XSHG,600583,海油工程,120,1.0,0.6848813186676073,0.6848813186676073,Top |rho| within random pair sample; not global full-market top edge
2020-12-31,120,000042.XSHE,000042,中洲控股,002725.XSHE,002725,跃岭股份,120,1.0,0.6848376848136001,0.6848376848136001,Top |rho| within random pair sample; not global full-market top edge
2020-12-31,120,002119.XSHE,002119,康强电子,603383.XSHG,603383,顶点软件,120,1.0,0.6846102388788118,0.6846102388788118,Top |rho| within random pair sample; not global full-market top edge
2020-12-31,120,300105.XSHE,300105,龙源技术,300217.XSHE,300217,东方电热,120,1.0,0.6841126081661301,0.6841126081661301,Top |rho| within random pair sample; not global full-market top edge
2020-12-31,120,000419.XSHE,000419,通程控股,603367.XSHG,603367,辰欣药业,120,1.0,0.6828472762592145,0.6828472762592145,Top |rho| within random pair sample; not global full-market top edge
2020-12-31,120,002178.XSHE,002178,延华智能,601929.XSHG,601929,吉视传媒,120,1.0,0.6825688165113104,0.6825688165113104,Top |rho| within random pair sample; not global full-market top edge
2020-12-31,120,300263.XSHE,300263,隆华科技,300533.XSHE,300533,冰川网络,120,1.0,0.6812600353403091,0.6812600353403091,Top |rho| within random pair sample; not global full-market top edge
2020-12-31,120,300236.XSHE,300236,上海新阳,600183.XSHG,600183,生益科技,120,1.0,0.6758082255250967,0.6758082255250967,Top |rho| within random pair sample; not global full-market top edge
2020-12-31,120,000753.XSHE,000753,漳州发展,600512.XSHG,600512,腾达建设,120,1.0,0.6753539149676426,0.6753539149676426,Top |rho| within random pair sample; not global full-market top edge
2020-12-31,120,000909.XSHE,000909,*ST数源,601929.XSHG,601929,吉视传媒,120,1.0,0.6749683405101992,0.6749683405101992,Top |rho| within random pair sample; not global full-market top edge
2020-12-31,120,000825.XSHE,000825,太钢不锈,601068.XSHG,601068,中铝国际,118,0.9833333333333333,0.6709340764452583,0.6709340764452583,Top |rho| within random pair sample; not global full-market top edge
2020-12-31,120,002926.XSHE,002926,华西证券,600622.XSHG,600622,光大嘉宝,120,1.0,0.6696403552035561,0.6696403552035561,Top |rho| within random pair sample; not global full-market top edge
2020-12-31,120,000818.XSHE,000818,航锦科技,600879.XSHG,600879,航天电子,114,0.95,0.669272245317162,0.669272245317162,Top |rho| within random pair sample; not global full-market top edge
2020-12-31,120,002093.XSHE,002093,国脉科技,002150.XSHE,002150,正泰电源,120,1.0,0.6686044153173751,0.6686044153173751,Top |rho| within random pair sample; not global full-market top edge
2020-12-31,120,000819.XSHE,000819,岳阳兴长,002521.XSHE,002521,齐峰新材,120,1.0,0.6655307870174775,0.6655307870174775,Top |rho| within random pair sample; not global full-market top edge
2020-12-31,120,002929.XSHE,002929,润建股份,300571.XSHE,300571,平治信息,120,1.0,0.6641770350934652,0.6641770350934652,Top |rho| within random pair sample; not global full-market top edge
2020-12-31,120,002341.XSHE,002341,ST新纶,002929.XSHE,002929,润建股份,120,1.0,0.6633810580093731,0.6633810580093731,Top |rho| within random pair sample; not global full-market top edge
2020-12-31,120,300084.XSHE,300084,海默科技,300359.XSHE,300359,全通教育,120,1.0,0.6621399920007388,0.6621399920007388,Top |rho| within random pair sample; not global full-market top edge
2020-12-31,120,002815.XSHE,002815,崇达技术,300533.XSHE,300533,冰川网络,120,1.0,0.6620428145423127,0.6620428145423127,Top |rho| within random pair sample; not global full-market top edge
2020-12-31,120,002115.XSHE,002115,三维通信,688312.XSHG,688312,燕麦科技,114,0.95,0.6613415930031759,0.6613415930031759,Top |rho| within random pair sample; not global full-market top edge
2020-12-31,120,300165.XSHE,300165,天瑞仪器,300550.XSHE,300550,和仁科技,120,1.0,0.6610018747937851,0.6610018747937851,Top |rho| within random pair sample; not global full-market top edge
2020-12-31,120,002268.XSHE,002268,电科网安,601869.XSHG,601869,长飞光纤,120,1.0,0.6598705782493532,0.6598705782493532,Top |rho| within random pair sample; not global full-market top edge
2020-12-31,120,002521.XSHE,002521,齐峰新材,002542.XSHE,002542,*ST中岩,120,1.0,0.6594374993263444,0.6594374993263444,Top |rho| within random pair sample; not global full-market top edge
2020-12-31,120,002148.XSHE,002148,北纬科技,002403.XSHE,002403,爱仕达,120,1.0,0.6574725965766719,0.6574725965766719,Top |rho| within random pair sample; not global full-market top edge
2020-12-31,120,002150.XSHE,002150,正泰电源,002654.XSHE,002654,万润科技,120,1.0,0.6569509329333104,0.6569509329333104,Top |rho| within random pair sample; not global full-market top edge
2020-12-31,120,000852.XSHE,000852,石化机械,002150.XSHE,002150,正泰电源,120,1.0,0.6565222584887077,0.6565222584887077,Top |rho| within random pair sample; not global full-market top edge
2020-12-31,120,300467.XSHE,300467,迅游科技,600796.XSHG,600796,钱江生化,120,1.0,0.6538930011569283,0.6538930011569283,Top |rho| within random pair sample; not global full-market top edge
2020-12-31,120,000892.XSHE,000892,欢瑞世纪,002217.XSHE,002217,ST合力泰,120,1.0,0.6526779872388974,0.6526779872388974,Top |rho| within random pair sample; not global full-market top edge
2020-12-31,120,002110.XSHE,002110,三钢闽光,600997.XSHG,600997,开滦股份,120,1.0,0.652445024423929,0.652445024423929,Top |rho| within random pair sample; not global full-market top edge
2020-12-31,120,002605.XSHE,002605,姚记科技,600640.XSHG,600640,国脉文化,120,1.0,0.6519795741817389,0.6519795741817389,Top |rho| within random pair sample; not global full-market top edge
2020-12-31,120,002619.XSHE,002619,*ST艾格,300353.XSHE,300353,东土科技,114,0.95,0.6519041633082309,0.6519041633082309,Top |rho| within random pair sample; not global full-market top edge
2020-12-31,120,002955.XSHE,002955,鸿合科技,300170.XSHE,300170,汉得信息,120,1.0,0.6516169155137871,0.6516169155137871,Top |rho| within random pair sample; not global full-market top edge
2020-12-31,120,300533.XSHE,300533,冰川网络,603286.XSHG,603286,日盈电子,120,1.0,0.650184815551748,0.650184815551748,Top |rho| within random pair sample; not global full-market top edge
2020-12-31,120,002797.XSHE,002797,第一创业,600909.XSHG,600909,华安证券,120,1.0,0.6491703891670827,0.6491703891670827,Top |rho| within random pair sample; not global full-market top edge
2020-12-31,120,002215.XSHE,002215,诺普信,600843.XSHG,600843,上工申贝,120,1.0,0.648382247460853,0.648382247460853,Top |rho| within random pair sample; not global full-market top edge
2020-12-31,120,000008.XSHE,000008,神州高铁,002195.XSHE,002195,岩山科技,120,1.0,0.6482834957463257,0.6482834957463257,Top |rho| within random pair sample; not global full-market top edge
2020-12-31,120,000825.XSHE,000825,太钢不锈,600035.XSHG,600035,楚天高速,118,0.9833333333333333,0.6464240892451514,0.6464240892451514,Top |rho| within random pair sample; not global full-market top edge
2020-12-31,120,300236.XSHE,300236,上海新阳,688138.XSHG,688138,清溢光电,120,1.0,0.6460295734247895,0.6460295734247895,Top |rho| within random pair sample; not global full-market top edge
2020-12-31,120,002958.XSHE,002958,青农商行,601328.XSHG,601328,交通银行,120,1.0,0.6452332432738719,0.6452332432738719,Top |rho| within random pair sample; not global full-market top edge
2020-12-31,120,002391.XSHE,002391,长青股份,601368.XSHG,601368,绿城水务,120,1.0,0.642528696595792,0.642528696595792,Top |rho| within random pair sample; not global full-market top edge
2020-12-31,120,000529.XSHE,000529,广弘控股,603357.XSHG,603357,设计总院,120,1.0,0.6424669100123197,0.6424669100123197,Top |rho| within random pair sample; not global full-market top edge
2020-12-31,120,000819.XSHE,000819,岳阳兴长,002273.XSHE,002273,水晶光电,120,1.0,0.6423887330446464,0.6423887330446464,Top |rho| within random pair sample; not global full-market top edge
2020-12-31,120,002491.XSHE,002491,通鼎互联,300002.XSHE,300002,神州泰岳,120,1.0,0.6423391879541251,0.6423391879541251,Top |rho| within random pair sample; not global full-market top edge
2020-12-31,120,300230.XSHE,300230,永利股份,300640.XSHE,300640,德艺文创,120,1.0,0.641452783541086,0.641452783541086,Top |rho| within random pair sample; not global full-market top edge
2020-12-31,120,002296.XSHE,002296,辉煌科技,002888.XSHE,002888,惠威科技,120,1.0,0.6389655929603321,0.6389655929603321,Top |rho| within random pair sample; not global full-market top edge
2020-12-31,120,000565.XSHE,000565,渝三峡A,603999.XSHG,603999,读者传媒,120,1.0,0.6383443313382637,0.6383443313382637,Top |rho| within random pair sample; not global full-market top edge
2020-12-31,120,000819.XSHE,000819,岳阳兴长,600640.XSHG,600640,国脉文化,120,1.0,0.6380730491563839,0.6380730491563839,Top |rho| within random pair sample; not global full-market top edge
2020-12-31,120,002790.XSHE,002790,瑞尔特,601900.XSHG,601900,南方传媒,120,1.0,0.637917506272306,0.637917506272306,Top |rho| within random pair sample; not global full-market top edge
2020-12-31,120,002460.XSHE,002460,赣锋锂业,603799.XSHG,603799,华友钴业,120,1.0,0.6370124762320233,0.6370124762320233,Top |rho| within random pair sample; not global full-market top edge
2020-12-31,120,002492.XSHE,002492,恒基达鑫,600843.XSHG,600843,上工申贝,120,1.0,0.6368622219742451,0.6368622219742451,Top |rho| within random pair sample; not global full-market top edge
2020-12-31,120,300557.XSHE,300557,理工光科,300649.XSHE,300649,杭州园林,120,1.0,0.6359746136236247,0.6359746136236247,Top |rho| within random pair sample; not global full-market top edge
2020-12-31,120,300047.XSHE,300047,天源迪科,300284.XSHE,300284,苏交科,114,0.95,0.6359363633016121,0.6359363633016121,Top |rho| within random pair sample; not global full-market top edge
2020-12-31,120,000606.XSHE,000606,顺利退,002148.XSHE,002148,北纬科技,120,1.0,0.6346194795349952,0.6346194795349952,Top |rho| within random pair sample; not global full-market top edge
2020-12-31,120,000401.XSHE,000401,金隅冀东,603357.XSHG,603357,设计总院,120,1.0,0.6345567690695503,0.6345567690695503,Top |rho| within random pair sample; not global full-market top edge
2020-12-31,120,002095.XSHE,002095,生意宝,601519.XSHG,601519,大智慧,120,1.0,0.6343675192817081,0.6343675192817081,Top |rho| within random pair sample; not global full-market top edge
2020-12-31,120,300282.XSHE,300282,三盛退,300691.XSHE,300691,联合光电,120,1.0,0.6325533077939959,0.6325533077939959,Top |rho| within random pair sample; not global full-market top edge
2020-12-31,120,000529.XSHE,000529,广弘控股,603917.XSHG,603917,合力科技,120,1.0,0.6306480203392503,0.6306480203392503,Top |rho| within random pair sample; not global full-market top edge
2020-12-31,120,300047.XSHE,300047,天源迪科,603508.XSHG,603508,思维列控,120,1.0,0.6298796139480264,0.6298796139480264,Top |rho| within random pair sample; not global full-market top edge
2020-12-31,120,002474.XSHE,002474,榕基软件,300753.XSHE,300753,爱朋医疗,120,1.0,0.6287421288423793,0.6287421288423793,Top |rho| within random pair sample; not global full-market top edge
2020-12-31,120,002522.XSHE,002522,浙江众成,600602.XSHG,600602,云赛智联,120,1.0,0.6287096937026138,0.6287096937026138,Top |rho| within random pair sample; not global full-market top edge
2020-12-31,120,002073.XSHE,002073,软控股份,002809.XSHE,002809,红墙股份,120,1.0,0.6279279835490618,0.6279279835490618,Top |rho| within random pair sample; not global full-market top edge
2020-12-31,120,002161.XSHE,002161,远望谷,300303.XSHE,300303,聚飞光电,120,1.0,0.6270183624641913,0.6270183624641913,Top |rho| within random pair sample; not global full-market top edge
2020-12-31,120,000852.XSHE,000852,石化机械,600678.XSHG,600678,ST金顶,120,1.0,0.6262623995539278,0.6262623995539278,Top |rho| within random pair sample; not global full-market top edge
2020-12-31,120,002142.XSHE,002142,宁波银行,600000.XSHG,600000,浦发银行,120,1.0,0.6260525748136051,0.6260525748136051,Top |rho| within random pair sample; not global full-market top edge
2020-12-31,120,300184.XSHE,300184,力源信息,688200.XSHG,688200,华峰测控,120,1.0,0.6253476102654991,0.6253476102654991,Top |rho| within random pair sample; not global full-market top edge
2020-12-31,120,300084.XSHE,300084,海默科技,300332.XSHE,300332,天壕能源,120,1.0,0.6248086378591353,0.6248086378591353,Top |rho| within random pair sample; not global full-market top edge
2020-12-31,120,300017.XSHE,300017,网宿科技,300039.XSHE,300039,上海凯宝,120,1.0,0.6245604847318107,0.6245604847318107,Top |rho| within random pair sample; not global full-market top edge
2020-12-31,120,000661.XSHE,000661,长春高新,603127.XSHG,603127,昭衍新药,120,1.0,0.6242104889875034,0.6242104889875034,Top |rho| within random pair sample; not global full-market top edge
2020-12-31,120,002231.XSHE,002231,*ST奥维,300170.XSHE,300170,汉得信息,120,1.0,0.6210070919578453,0.6210070919578453,Top |rho| within random pair sample; not global full-market top edge
2020-12-31,120,002777.XSHE,002777,久远银海,600498.XSHG,600498,烽火通信,120,1.0,0.6195904073340864,0.6195904073340864,Top |rho| within random pair sample; not global full-market top edge
2020-12-31,120,002523.XSHE,002523,天桥起重,600708.XSHG,600708,光明地产,120,1.0,0.6193087582766433,0.6193087582766433,Top |rho| within random pair sample; not global full-market top edge
2020-12-31,120,002401.XSHE,002401,中远海科,300069.XSHE,300069,金利华电,114,0.95,0.6185298886376692,0.6185298886376692,Top |rho| within random pair sample; not global full-market top edge
2020-12-31,120,300017.XSHE,300017,网宿科技,300284.XSHE,300284,苏交科,114,0.95,0.61848237584863,0.61848237584863,Top |rho| within random pair sample; not global full-market top edge
2020-12-31,120,002246.XSHE,002246,北化股份,600705.XSHG,600705,中航产融,120,1.0,0.6182721347776047,0.6182721347776047,Top |rho| within random pair sample; not global full-market top edge
2020-12-31,120,002929.XSHE,002929,润建股份,300493.XSHE,300493,润欣科技,120,1.0,0.6176957527872768,0.6176957527872768,Top |rho| within random pair sample; not global full-market top edge
2020-12-31,120,002079.XSHE,002079,苏州固锝,002474.XSHE,002474,榕基软件,118,0.9833333333333333,0.6175743747523909,0.6175743747523909,Top |rho| within random pair sample; not global full-market top edge
2020-12-31,120,002376.XSHE,002376,新北洋,600633.XSHG,600633,浙数文化,120,1.0,0.6160295310515327,0.6160295310515327,Top |rho| within random pair sample; not global full-market top edge
2020-12-31,120,000553.XSHE,000553,安道麦A,002307.XSHE,002307,北新路桥,120,1.0,0.6156817076643729,0.6156817076643729,Top |rho| within random pair sample; not global full-market top edge
2020-12-31,120,300049.XSHE,300049,福瑞医科,300548.XSHE,300548,长芯博创,120,1.0,0.614781361745864,0.614781361745864,Top |rho| within random pair sample; not global full-market top edge
2020-12-31,120,002299.XSHE,002299,圣农发展,300498.XSHE,300498,温氏股份,120,1.0,0.6146043311300815,0.6146043311300815,Top |rho| within random pair sample; not global full-market top edge
2020-12-31,120,002657.XSHE,002657,中科金财,300055.XSHE,300055,万邦达,120,1.0,0.6137176519756314,0.6137176519756314,Top |rho| within random pair sample; not global full-market top edge
2021-12-31,120,000667.XSHE,000667,ST美置,600708.XSHG,600708,光明地产,120,1.0,0.7484505825499753,0.7484505825499753,Top |rho| within random pair sample; not global full-market top edge
2021-12-31,120,300528.XSHE,300528,幸福蓝海,603999.XSHG,603999,读者传媒,120,1.0,0.7417251977014804,0.7417251977014804,Top |rho| within random pair sample; not global full-market top edge
2021-12-31,120,002911.XSHE,002911,佛燃能源,603706.XSHG,603706,东方环宇,120,1.0,0.7283714021978326,0.7283714021978326,Top |rho| within random pair sample; not global full-market top edge
2021-12-31,120,002958.XSHE,002958,青农商行,600016.XSHG,600016,民生银行,120,1.0,0.7270205829161175,0.7270205829161175,Top |rho| within random pair sample; not global full-market top edge
2021-12-31,120,000878.XSHE,000878,云南铜业,600531.XSHG,600531,豫光金铅,120,1.0,0.7059386034330963,0.7059386034330963,Top |rho| within random pair sample; not global full-market top edge
2021-12-31,120,002371.XSHE,002371,北方华创,002409.XSHE,002409,雅克科技,120,1.0,0.6786095941706618,0.6786095941706618,Top |rho| within random pair sample; not global full-market top edge
2021-12-31,120,000568.XSHE,000568,泸州老窖,000799.XSHE,000799,酒鬼酒,120,1.0,0.6748395310649389,0.6748395310649389,Top |rho| within random pair sample; not global full-market top edge
2021-12-31,120,002404.XSHE,002404,嘉欣丝绸,603955.XSHG,603955,大千生态,120,1.0,0.664120237012267,0.664120237012267,Top |rho| within random pair sample; not global full-market top edge
2021-12-31,120,000552.XSHE,000552,甘肃能化,002828.XSHE,002828,贝肯能源,120,1.0,0.6630522368487017,0.6630522368487017,Top |rho| within random pair sample; not global full-market top edge
2021-12-31,120,300067.XSHE,300067,安诺其,688679.XSHG,688679,通源环境,120,1.0,0.6443944092985846,0.6443944092985846,Top |rho| within random pair sample; not global full-market top edge
2021-12-31,120,300403.XSHE,300403,汉宇集团,603709.XSHG,603709,中源家居,120,1.0,0.6439463678467816,0.6439463678467816,Top |rho| within random pair sample; not global full-market top edge
2021-12-31,120,300458.XSHE,300458,全志科技,688012.XSHG,688012,中微公司,120,1.0,0.6325518343360149,0.6325518343360149,Top |rho| within random pair sample; not global full-market top edge
2021-12-31,120,002069.XSHE,002069,獐子岛,002591.XSHE,002591,恒大高新,120,1.0,0.6324808324942451,0.6324808324942451,Top |rho| within random pair sample; not global full-market top edge
2021-12-31,120,000059.XSHE,000059,华锦股份,000698.XSHE,000698,ST沈化,120,1.0,0.628480744699828,0.628480744699828,Top |rho| within random pair sample; not global full-market top edge
2021-12-31,120,002589.XSHE,002589,瑞康医药,603709.XSHG,603709,中源家居,120,1.0,0.6232464773441843,0.6232464773441843,Top |rho| within random pair sample; not global full-market top edge
2021-12-31,120,002613.XSHE,002613,北玻股份,600321.XSHG,600321,正源股份,120,1.0,0.6220304067340482,0.6220304067340482,Top |rho| within random pair sample; not global full-market top edge
2021-12-31,120,002412.XSHE,002412,汉森制药,300039.XSHE,300039,上海凯宝,120,1.0,0.6203368847164282,0.6203368847164282,Top |rho| within random pair sample; not global full-market top edge
2021-12-31,120,002128.XSHE,002128,电投能源,600188.XSHG,600188,兖矿能源,120,1.0,0.6174910701684817,0.6174910701684817,Top |rho| within random pair sample; not global full-market top edge
2021-12-31,120,002277.XSHE,002277,友阿股份,600077.XSHG,600077,*ST宋都,120,1.0,0.6162545660377311,0.6162545660377311,Top |rho| within random pair sample; not global full-market top edge
2021-12-31,120,000617.XSHE,000617,中油资本,601688.XSHG,601688,华泰证券,120,1.0,0.6113665215400871,0.6113665215400871,Top |rho| within random pair sample; not global full-market top edge
2021-12-31,120,300013.XSHE,300013,新宁物流,300330.XSHE,300330,计通退,120,1.0,0.6095803731728816,0.6095803731728816,Top |rho| within random pair sample; not global full-market top edge
2021-12-31,120,000900.XSHE,000900,现代投资,600567.XSHG,600567,山鹰国际,120,1.0,0.6023947723739504,0.6023947723739504,Top |rho| within random pair sample; not global full-market top edge
2021-12-31,120,000088.XSHE,000088,盐田港,603316.XSHG,603316,诚邦股份,120,1.0,0.5972960647027646,0.5972960647027646,Top |rho| within random pair sample; not global full-market top edge
2021-12-31,120,002148.XSHE,002148,北纬科技,300074.XSHE,300074,华平股份,120,1.0,0.5956665930875795,0.5956665930875795,Top |rho| within random pair sample; not global full-market top edge
2021-12-31,120,002517.XSHE,002517,恺英网络,300043.XSHE,300043,星辉娱乐,120,1.0,0.5942154961054185,0.5942154961054185,Top |rho| within random pair sample; not global full-market top edge
2021-12-31,120,000627.XSHE,000627,*ST天茂,600606.XSHG,600606,绿地控股,120,1.0,0.5936374753237889,0.5936374753237889,Top |rho| within random pair sample; not global full-market top edge
2021-12-31,120,002061.XSHE,002061,浙江交科,600794.XSHG,600794,保税科技,120,1.0,0.5926419975354116,0.5926419975354116,Top |rho| within random pair sample; not global full-market top edge
2021-12-31,120,300611.XSHE,300611,美力科技,688528.XSHG,688528,秦川物联,120,1.0,0.5915072496393643,0.5915072496393643,Top |rho| within random pair sample; not global full-market top edge
2021-12-31,120,000006.XSHE,000006,深振业A,603316.XSHG,603316,诚邦股份,120,1.0,0.586131283133783,0.586131283133783,Top |rho| within random pair sample; not global full-market top edge
2021-12-31,120,300197.XSHE,300197,节能铁汉,600697.XSHG,600697,欧亚集团,120,1.0,0.584342540115132,0.584342540115132,Top |rho| within random pair sample; not global full-market top edge
2021-12-31,120,000680.XSHE,000680,山推股份,002208.XSHE,002208,合肥城建,120,1.0,0.5832142299072436,0.5832142299072436,Top |rho| within random pair sample; not global full-market top edge
2021-12-31,120,002911.XSHE,002911,佛燃能源,603727.XSHG,603727,博迈科,120,1.0,0.5828921375979179,0.5828921375979179,Top |rho| within random pair sample; not global full-market top edge
2021-12-31,120,002412.XSHE,002412,汉森制药,600790.XSHG,600790,轻纺城,120,1.0,0.5825607682644788,0.5825607682644788,Top |rho| within random pair sample; not global full-market top edge
2021-12-31,120,000619.XSHE,000619,海螺新材,300889.XSHE,300889,爱克股份,120,1.0,0.5774896226564001,0.5774896226564001,Top |rho| within random pair sample; not global full-market top edge
2021-12-31,120,002846.XSHE,002846,英联股份,688215.XSHG,688215,瑞晟智能,120,1.0,0.577120771198492,0.577120771198492,Top |rho| within random pair sample; not global full-market top edge
2021-12-31,120,000514.XSHE,000514,渝开发,600321.XSHG,600321,正源股份,120,1.0,0.5750883879368769,0.5750883879368769,Top |rho| within random pair sample; not global full-market top edge
2021-12-31,120,000605.XSHE,000605,渤海股份,000797.XSHE,000797,中国武夷,120,1.0,0.5744830827521363,0.5744830827521363,Top |rho| within random pair sample; not global full-market top edge
2021-12-31,120,000419.XSHE,000419,通程控股,300664.XSHE,300664,鹏鹞环保,120,1.0,0.5743318314851971,0.5743318314851971,Top |rho| within random pair sample; not global full-market top edge
2021-12-31,120,000869.XSHE,000869,张裕A,600419.XSHG,600419,天润乳业,120,1.0,0.5729242833234716,0.5729242833234716,Top |rho| within random pair sample; not global full-market top edge
2021-12-31,120,003029.XSHE,003029,吉大正元,300352.XSHE,300352,ST信源,120,1.0,0.5673487397063977,0.5673487397063977,Top |rho| within random pair sample; not global full-market top edge
2021-12-31,120,300392.XSHE,300392,腾信退,603958.XSHG,603958,哈森股份,120,1.0,0.565916069720549,0.565916069720549,Top |rho| within random pair sample; not global full-market top edge
2021-12-31,120,002148.XSHE,002148,北纬科技,002467.XSHE,002467,二六三,120,1.0,0.5652414701491056,0.5652414701491056,Top |rho| within random pair sample; not global full-market top edge
2021-12-31,120,002787.XSHE,002787,华源控股,603041.XSHG,603041,美思德,120,1.0,0.5625112803169603,0.5625112803169603,Top |rho| within random pair sample; not global full-market top edge
2021-12-31,120,002146.XSHE,002146,荣盛发展,601166.XSHG,601166,兴业银行,120,1.0,0.5596108188501365,0.5596108188501365,Top |rho| within random pair sample; not global full-market top edge
2021-12-31,120,000973.XSHE,000973,佛塑科技,600475.XSHG,600475,华光环能,120,1.0,0.5583825554944477,0.5583825554944477,Top |rho| within random pair sample; not global full-market top edge
2021-12-31,120,000859.XSHE,000859,国风新材,002588.XSHE,002588,史丹利,120,1.0,0.5581892778977487,0.5581892778977487,Top |rho| within random pair sample; not global full-market top edge
2021-12-31,120,000790.XSHE,000790,华神科技,600713.XSHG,600713,南京医药,120,1.0,0.5578732946242269,0.5578732946242269,Top |rho| within random pair sample; not global full-market top edge
2021-12-31,120,002761.XSHE,002761,浙江建投,688616.XSHG,688616,西力科技,120,1.0,0.5575001851222571,0.5575001851222571,Top |rho| within random pair sample; not global full-market top edge
2021-12-31,120,002807.XSHE,002807,江阴银行,600657.XSHG,600657,信达地产,120,1.0,0.5561047413621122,0.5561047413621122,Top |rho| within random pair sample; not global full-market top edge
2021-12-31,120,000554.XSHE,000554,泰山石油,600759.XSHG,600759,ST洲际,120,1.0,0.5554723763520147,0.5554723763520147,Top |rho| within random pair sample; not global full-market top edge
2021-12-31,120,002873.XSHE,002873,新天药业,300267.XSHE,300267,尔康制药,120,1.0,0.5542966407300998,0.5542966407300998,Top |rho| within random pair sample; not global full-market top edge
2021-12-31,120,002526.XSHE,002526,山东矿机,002963.XSHE,002963,豪尔赛,120,1.0,0.5536068749819467,0.5536068749819467,Top |rho| within random pair sample; not global full-market top edge
2021-12-31,120,002051.XSHE,002051,中工国际,600757.XSHG,600757,长江传媒,120,1.0,0.552495102737848,0.552495102737848,Top |rho| within random pair sample; not global full-market top edge
2021-12-31,120,002591.XSHE,002591,恒大高新,603389.XSHG,603389,亚振家居,120,1.0,0.5520280661230187,0.5520280661230187,Top |rho| within random pair sample; not global full-market top edge
2021-12-31,120,002528.XSHE,002528,*ST英飞,300295.XSHE,300295,*ST三六五,120,1.0,0.5516953915813798,0.5516953915813798,Top |rho| within random pair sample; not global full-market top edge
2021-12-31,120,002115.XSHE,002115,三维通信,003018.XSHE,003018,金富科技,120,1.0,0.551138077964039,0.551138077964039,Top |rho| within random pair sample; not global full-market top edge
2021-12-31,120,000619.XSHE,000619,海螺新材,601000.XSHG,601000,唐山港,120,1.0,0.55054794322081,0.55054794322081,Top |rho| within random pair sample; not global full-market top edge
2021-12-31,120,002069.XSHE,002069,獐子岛,600613.XSHG,600613,神奇制药,120,1.0,0.5486033533210863,0.5486033533210863,Top |rho| within random pair sample; not global full-market top edge
2021-12-31,120,002115.XSHE,002115,三维通信,300299.XSHE,300299,富春股份,120,1.0,0.5465378846376924,0.5465378846376924,Top |rho| within random pair sample; not global full-market top edge
2021-12-31,120,002404.XSHE,002404,嘉欣丝绸,600278.XSHG,600278,东方创业,120,1.0,0.5458822054836001,0.5458822054836001,Top |rho| within random pair sample; not global full-market top edge
2021-12-31,120,002905.XSHE,002905,金逸影视,300133.XSHE,300133,华策影视,120,1.0,0.5453651982275511,0.5453651982275511,Top |rho| within random pair sample; not global full-market top edge
2021-12-31,120,002848.XSHE,002848,高斯贝尔,600825.XSHG,600825,新华传媒,120,1.0,0.5452781529484944,0.5452781529484944,Top |rho| within random pair sample; not global full-market top edge
2021-12-31,120,300140.XSHE,300140,节能环境,300425.XSHE,300425,中建环能,120,1.0,0.5444756418826086,0.5444756418826086,Top |rho| within random pair sample; not global full-market top edge
2021-12-31,120,300074.XSHE,300074,华平股份,603608.XSHG,603608,天创时尚,120,1.0,0.5429048457113451,0.5429048457113451,Top |rho| within random pair sample; not global full-market top edge
2021-12-31,120,002136.XSHE,002136,安纳达,002218.XSHE,002218,拓日新能,120,1.0,0.5408434723271401,0.5408434723271401,Top |rho| within random pair sample; not global full-market top edge
2021-12-31,120,000026.XSHE,000026,飞亚达,605500.XSHG,605500,森林包装,120,1.0,0.5405633924193399,0.5405633924193399,Top |rho| within random pair sample; not global full-market top edge
2021-12-31,120,002787.XSHE,002787,华源控股,601007.XSHG,601007,金陵饭店,120,1.0,0.5404809444735769,0.5404809444735769,Top |rho| within random pair sample; not global full-market top edge
2021-12-31,120,002404.XSHE,002404,嘉欣丝绸,600135.XSHG,600135,乐凯胶片,120,1.0,0.5403083938980483,0.5403083938980483,Top |rho| within random pair sample; not global full-market top edge
2021-12-31,120,002333.XSHE,002333,罗普斯金,600743.XSHG,600743,华远控股,120,1.0,0.5402035884861539,0.5402035884861539,Top |rho| within random pair sample; not global full-market top edge
2021-12-31,120,000593.XSHE,000593,德龙汇能,300335.XSHE,300335,迪森股份,120,1.0,0.5396997047436002,0.5396997047436002,Top |rho| within random pair sample; not global full-market top edge
2021-12-31,120,300528.XSHE,300528,幸福蓝海,603116.XSHG,603116,红蜻蜓,120,1.0,0.5394196492902984,0.5394196492902984,Top |rho| within random pair sample; not global full-market top edge
2021-12-31,120,000151.XSHE,000151,中成股份,603817.XSHG,603817,海峡环保,120,1.0,0.5387570216086752,0.5387570216086752,Top |rho| within random pair sample; not global full-market top edge
2021-12-31,120,003018.XSHE,003018,金富科技,600560.XSHG,600560,金自天正,120,1.0,0.5355097258682933,0.5355097258682933,Top |rho| within random pair sample; not global full-market top edge
2021-12-31,120,300324.XSHE,300324,旋极信息,600805.XSHG,600805,悦达投资,120,1.0,0.5345821079636917,0.5345821079636917,Top |rho| within random pair sample; not global full-market top edge
2021-12-31,120,002981.XSHE,002981,朝阳科技,300654.XSHE,300654,世纪天鸿,120,1.0,0.5334692633597974,0.5334692633597974,Top |rho| within random pair sample; not global full-market top edge
2021-12-31,120,000807.XSHE,000807,云铝股份,603612.XSHG,603612,索通发展,120,1.0,0.5324559043636959,0.5324559043636959,Top |rho| within random pair sample; not global full-market top edge
2021-12-31,120,002083.XSHE,002083,孚日股份,603880.XSHG,603880,南卫股份,120,1.0,0.5318215644486596,0.5318215644486596,Top |rho| within random pair sample; not global full-market top edge
2021-12-31,120,000517.XSHE,000517,荣安地产,601099.XSHG,601099,太平洋,120,1.0,0.531502053341009,0.531502053341009,Top |rho| within random pair sample; not global full-market top edge
2021-12-31,120,000156.XSHE,000156,华数传媒,601858.XSHG,601858,中国科传,120,1.0,0.5311436540712039,0.5311436540712039,Top |rho| within random pair sample; not global full-market top edge
2021-12-31,120,002394.XSHE,002394,联发股份,002641.XSHE,002641,公元股份,120,1.0,0.5311034525375412,0.5311034525375412,Top |rho| within random pair sample; not global full-market top edge
2021-12-31,120,000404.XSHE,000404,长虹华意,002652.XSHE,002652,扬子新材,120,1.0,0.5273479785824209,0.5273479785824209,Top |rho| within random pair sample; not global full-market top edge
2021-12-31,120,002228.XSHE,002228,合兴包装,300135.XSHE,300135,宝利国际,120,1.0,0.5265773946487771,0.5265773946487771,Top |rho| within random pair sample; not global full-market top edge
2021-12-31,120,000510.XSHE,000510,新金路,600227.XSHG,600227,赤天化,120,1.0,0.5261988560031493,0.5261988560031493,Top |rho| within random pair sample; not global full-market top edge
2021-12-31,120,002921.XSHE,002921,联诚精密,300862.XSHE,300862,蓝盾光电,120,1.0,0.526062397596538,0.526062397596538,Top |rho| within random pair sample; not global full-market top edge
2021-12-31,120,000552.XSHE,000552,甘肃能化,000685.XSHE,000685,中山公用,120,1.0,0.5254355728238153,0.5254355728238153,Top |rho| within random pair sample; not global full-market top edge
2021-12-31,120,002288.XSHE,002288,*ST超华,002756.XSHE,002756,永兴材料,120,1.0,0.5249340864505607,0.5249340864505607,Top |rho| within random pair sample; not global full-market top edge
2021-12-31,120,002848.XSHE,002848,高斯贝尔,300020.XSHE,300020,ST银江,120,1.0,0.5235193791803572,0.5235193791803572,Top |rho| within random pair sample; not global full-market top edge
2021-12-31,120,002404.XSHE,002404,嘉欣丝绸,601900.XSHG,601900,南方传媒,120,1.0,0.5230975486356527,0.5230975486356527,Top |rho| within random pair sample; not global full-market top edge
2021-12-31,120,002067.XSHE,002067,景兴纸业,600697.XSHG,600697,欧亚集团,120,1.0,0.5220450762894928,0.5220450762894928,Top |rho| within random pair sample; not global full-market top edge
2021-12-31,120,002051.XSHE,002051,中工国际,002788.XSHE,002788,鹭燕医药,120,1.0,0.5220261586671794,0.5220261586671794,Top |rho| within random pair sample; not global full-market top edge
2021-12-31,120,000096.XSHE,000096,广聚能源,002144.XSHE,002144,宏达高科,120,1.0,0.5219999770279595,0.5219999770279595,Top |rho| within random pair sample; not global full-market top edge
2021-12-31,120,000717.XSHE,000717,中南股份,600792.XSHG,600792,云煤能源,120,1.0,0.5213548198610349,0.5213548198610349,Top |rho| within random pair sample; not global full-market top edge
2021-12-31,120,000830.XSHE,000830,鲁西化工,002386.XSHE,002386,天原股份,120,1.0,0.5211670090193502,0.5211670090193502,Top |rho| within random pair sample; not global full-market top edge
2021-12-31,120,000605.XSHE,000605,渤海股份,603569.XSHG,603569,长久物流,120,1.0,0.5194351002598527,0.5194351002598527,Top |rho| within random pair sample; not global full-market top edge
2021-12-31,120,000900.XSHE,000900,现代投资,300697.XSHE,300697,电工合金,120,1.0,0.5188832437729867,0.5188832437729867,Top |rho| within random pair sample; not global full-market top edge
2021-12-31,120,300521.XSHE,300521,爱司凯,688379.XSHG,688379,华光新材,120,1.0,0.5188037485066856,0.5188037485066856,Top |rho| within random pair sample; not global full-market top edge
2021-12-31,120,002388.XSHE,002388,新亚制程,603860.XSHG,603860,中公高科,120,1.0,0.5186631779072748,0.5186631779072748,Top |rho| within random pair sample; not global full-market top edge
2021-12-31,120,000951.XSHE,000951,中国重汽,688425.XSHG,688425,铁建重工,120,1.0,0.5172628803696426,0.5172628803696426,Top |rho| within random pair sample; not global full-market top edge
2021-12-31,120,002197.XSHE,002197,证通电子,300242.XSHE,300242,佳云科技,120,1.0,0.5164761083885117,0.5164761083885117,Top |rho| within random pair sample; not global full-market top edge
2021-12-31,120,300583.XSHE,300583,赛托生物,603648.XSHG,603648,畅联股份,120,1.0,0.5153790569403152,0.5153790569403152,Top |rho| within random pair sample; not global full-market top edge
2022-12-30,120,000518.XSHE,000518,四环生物,600513.XSHG,600513,联环药业,120,1.0,0.8498846094450494,0.8498846094450494,Top |rho| within random pair sample; not global full-market top edge
2022-12-30,120,000430.XSHE,000430,张家界,600054.XSHG,600054,黄山旅游,120,1.0,0.842622173780355,0.842622173780355,Top |rho| within random pair sample; not global full-market top edge
2022-12-30,120,000650.XSHE,000650,仁和药业,300255.XSHE,300255,常山药业,120,1.0,0.828188233641121,0.828188233641121,Top |rho| within random pair sample; not global full-market top edge
2022-12-30,120,300283.XSHE,300283,温州宏丰,300484.XSHE,300484,蓝海华腾,120,1.0,0.8240038642754439,0.8240038642754439,Top |rho| within random pair sample; not global full-market top edge
2022-12-30,120,300599.XSHE,300599,雄塑科技,603038.XSHG,603038,华立股份,120,1.0,0.8152326357997063,0.8152326357997063,Top |rho| within random pair sample; not global full-market top edge
2022-12-30,120,300281.XSHE,300281,金明精机,300411.XSHE,300411,金盾股份,120,1.0,0.7623381167800324,0.7623381167800324,Top |rho| within random pair sample; not global full-market top edge
2022-12-30,120,300458.XSHE,300458,全志科技,605358.XSHG,605358,立昂微,120,1.0,0.759243381922992,0.759243381922992,Top |rho| within random pair sample; not global full-market top edge
2022-12-30,120,000069.XSHE,000069,华侨城A,600649.XSHG,600649,城投控股,120,1.0,0.7560645361279269,0.7560645361279269,Top |rho| within random pair sample; not global full-market top edge
2022-12-30,120,000028.XSHE,000028,国药一致,600511.XSHG,600511,国药股份,120,1.0,0.7560467849118858,0.7560467849118858,Top |rho| within random pair sample; not global full-market top edge
2022-12-30,120,300355.XSHE,300355,蒙草生态,300961.XSHE,300961,深水海纳,120,1.0,0.7555136296967055,0.7555136296967055,Top |rho| within random pair sample; not global full-market top edge
2022-12-30,120,300292.XSHE,300292,吴通控股,300886.XSHE,300886,华业香料,113,0.9416666666666667,0.7534587643787648,0.7534587643787648,Top |rho| within random pair sample; not global full-market top edge
2022-12-30,120,002602.XSHE,002602,世纪华通,300291.XSHE,300291,百纳千成,120,1.0,0.7381200430924212,0.7381200430924212,Top |rho| within random pair sample; not global full-market top edge
2022-12-30,120,002936.XSHE,002936,郑州银行,600808.XSHG,600808,马钢股份,120,1.0,0.7357265780281831,0.7357265780281831,Top |rho| within random pair sample; not global full-market top edge
2022-12-30,120,000078.XSHE,000078,ST海王,601607.XSHG,601607,上海医药,120,1.0,0.7328167899692408,0.7328167899692408,Top |rho| within random pair sample; not global full-market top edge
2022-12-30,120,300236.XSHE,300236,上海新阳,688110.XSHG,688110,东芯股份,120,1.0,0.7312782310351902,0.7312782310351902,Top |rho| within random pair sample; not global full-market top edge
2022-12-30,120,300215.XSHE,300215,电科院,605006.XSHG,605006,山东玻纤,120,1.0,0.7309293061187621,0.7309293061187621,Top |rho| within random pair sample; not global full-market top edge
2022-12-30,120,300749.XSHE,300749,顶固集创,600768.XSHG,600768,富邦新材,120,1.0,0.7276960433621291,0.7276960433621291,Top |rho| within random pair sample; not global full-market top edge
2022-12-30,120,300276.XSHE,300276,三丰智能,300644.XSHE,300644,南京聚隆,120,1.0,0.726081826861902,0.726081826861902,Top |rho| within random pair sample; not global full-market top edge
2022-12-30,120,002521.XSHE,002521,齐峰新材,600108.XSHG,600108,亚盛集团,120,1.0,0.7118008931910648,0.7118008931910648,Top |rho| within random pair sample; not global full-market top edge
2022-12-30,120,300746.XSHE,300746,汉嘉数智,600248.XSHG,600248,陕建股份,120,1.0,0.7098590392564275,0.7098590392564275,Top |rho| within random pair sample; not global full-market top edge
2022-12-30,120,300800.XSHE,300800,力合科技,600135.XSHG,600135,乐凯胶片,120,1.0,0.7052579983120122,0.7052579983120122,Top |rho| within random pair sample; not global full-market top edge
2022-12-30,120,300031.XSHE,300031,宝通科技,300459.XSHE,300459,汤姆猫,120,1.0,0.701939312066558,0.701939312066558,Top |rho| within random pair sample; not global full-market top edge
2022-12-30,120,000667.XSHE,000667,ST美置,300295.XSHE,300295,*ST三六五,120,1.0,0.7016301069439154,0.7016301069439154,Top |rho| within random pair sample; not global full-market top edge
2022-12-30,120,300155.XSHE,300155,安居宝,300291.XSHE,300291,百纳千成,120,1.0,0.6988914491412822,0.6988914491412822,Top |rho| within random pair sample; not global full-market top edge
2022-12-30,120,300383.XSHE,300383,光环新网,600797.XSHG,600797,浙大网新,120,1.0,0.6982478849548195,0.6982478849548195,Top |rho| within random pair sample; not global full-market top edge
2022-12-30,120,300270.XSHE,300270,中威电子,688004.XSHG,688004,博汇科技,120,1.0,0.6970788652418239,0.6970788652418239,Top |rho| within random pair sample; not global full-market top edge
2022-12-30,120,000932.XSHE,000932,华菱钢铁,600231.XSHG,600231,凌钢股份,120,1.0,0.694824814234929,0.694824814234929,Top |rho| within random pair sample; not global full-market top edge
2022-12-30,120,300334.XSHE,300334,津膜科技,600232.XSHG,600232,金鹰股份,120,1.0,0.6948195329552906,0.6948195329552906,Top |rho| within random pair sample; not global full-market top edge
2022-12-30,120,000088.XSHE,000088,盐田港,601008.XSHG,601008,连云港,109,0.9083333333333333,0.6947301113665251,0.6947301113665251,Top |rho| within random pair sample; not global full-market top edge
2022-12-30,120,300419.XSHE,300419,ST浩丰,300701.XSHE,300701,森霸传感,109,0.9083333333333333,0.6944525247517341,0.6944525247517341,Top |rho| within random pair sample; not global full-market top edge
2022-12-30,120,002736.XSHE,002736,国信证券,601236.XSHG,601236,红塔证券,120,1.0,0.6933862019539277,0.6933862019539277,Top |rho| within random pair sample; not global full-market top edge
2022-12-30,120,300279.XSHE,300279,和晶科技,300419.XSHE,300419,ST浩丰,109,0.9083333333333333,0.6925359172948178,0.6925359172948178,Top |rho| within random pair sample; not global full-market top edge
2022-12-30,120,000918.XSHE,000918,*ST嘉凯,600748.XSHG,600748,上实发展,120,1.0,0.6883663669030718,0.6883663669030718,Top |rho| within random pair sample; not global full-market top edge
2022-12-30,120,002465.XSHE,002465,海格通信,600118.XSHG,600118,中国卫星,120,1.0,0.6876705997378348,0.6876705997378348,Top |rho| within random pair sample; not global full-market top edge
2022-12-30,120,000563.XSHE,000563,陕国投A,600751.XSHG,600751,海航科技,120,1.0,0.6858590066941037,0.6858590066941037,Top |rho| within random pair sample; not global full-market top edge
2022-12-30,120,300215.XSHE,300215,电科院,600590.XSHG,600590,泰豪科技,120,1.0,0.6825716613468072,0.6825716613468072,Top |rho| within random pair sample; not global full-market top edge
2022-12-30,120,300102.XSHE,300102,乾照光电,300292.XSHE,300292,吴通控股,120,1.0,0.6788234684126196,0.6788234684126196,Top |rho| within random pair sample; not global full-market top edge
2022-12-30,120,300455.XSHE,300455,航天智装,300889.XSHE,300889,爱克股份,120,1.0,0.6784837230000452,0.6784837230000452,Top |rho| within random pair sample; not global full-market top edge
2022-12-30,120,301007.XSHE,301007,德迈仕,301036.XSHE,301036,双乐股份,120,1.0,0.6781942460045555,0.6781942460045555,Top |rho| within random pair sample; not global full-market top edge
2022-12-30,120,300198.XSHE,300198,*ST纳川,601002.XSHG,601002,晋亿实业,120,1.0,0.6737434777821575,0.6737434777821575,Top |rho| within random pair sample; not global full-market top edge
2022-12-30,120,300227.XSHE,300227,光韵达,688233.XSHG,688233,神工股份,120,1.0,0.6727046484156548,0.6727046484156548,Top |rho| within random pair sample; not global full-market top edge
2022-12-30,120,300211.XSHE,300211,*ST亿通,603803.XSHG,603803,瑞斯康达,120,1.0,0.6722664096208861,0.6722664096208861,Top |rho| within random pair sample; not global full-market top edge
2022-12-30,120,002521.XSHE,002521,齐峰新材,300106.XSHE,300106,西部牧业,120,1.0,0.6682895058231009,0.6682895058231009,Top |rho| within random pair sample; not global full-market top edge
2022-12-30,120,300375.XSHE,300375,鹏翎股份,600653.XSHG,600653,申华控股,120,1.0,0.6678531864737551,0.6678531864737551,Top |rho| within random pair sample; not global full-market top edge
2022-12-30,120,300283.XSHE,300283,温州宏丰,301008.XSHE,301008,宏昌科技,120,1.0,0.6660386349476238,0.6660386349476238,Top |rho| within random pair sample; not global full-market top edge
2022-12-30,120,002664.XSHE,002664,信质集团,300643.XSHE,300643,万通智控,120,1.0,0.6650726894958052,0.6650726894958052,Top |rho| within random pair sample; not global full-market top edge
2022-12-30,120,300581.XSHE,300581,晨曦航空,601606.XSHG,601606,长城军工,120,1.0,0.6646194548735322,0.6646194548735322,Top |rho| within random pair sample; not global full-market top edge
2022-12-30,120,300897.XSHE,300897,山科智能,688619.XSHG,688619,罗普特,120,1.0,0.6644271623257462,0.6644271623257462,Top |rho| within random pair sample; not global full-market top edge
2022-12-30,120,000636.XSHE,000636,风华高科,605058.XSHG,605058,澳弘电子,120,1.0,0.6634349431998683,0.6634349431998683,Top |rho| within random pair sample; not global full-market top edge
2022-12-30,120,002913.XSHE,002913,奥士康,300241.XSHE,300241,瑞丰光电,120,1.0,0.6618377928639736,0.6618377928639736,Top |rho| within random pair sample; not global full-market top edge
2022-12-30,120,002284.XSHE,002284,亚太股份,300580.XSHE,300580,贝斯特,120,1.0,0.6609223759604623,0.6609223759604623,Top |rho| within random pair sample; not global full-market top edge
2022-12-30,120,300523.XSHE,300523,辰安科技,300561.XSHE,300561,汇金科技,120,1.0,0.6574413931324032,0.6574413931324032,Top |rho| within random pair sample; not global full-market top edge
2022-12-30,120,002412.XSHE,002412,汉森制药,605177.XSHG,605177,东亚药业,120,1.0,0.6567909751067009,0.6567909751067009,Top |rho| within random pair sample; not global full-market top edge
2022-12-30,120,300099.XSHE,300099,尤洛卡,605389.XSHG,605389,长龄液压,120,1.0,0.6564968244999658,0.6564968244999658,Top |rho| within random pair sample; not global full-market top edge
2022-12-30,120,000639.XSHE,000639,ST西王,603779.XSHG,603779,威龙股份,120,1.0,0.6560199928563428,0.6560199928563428,Top |rho| within random pair sample; not global full-market top edge
2022-12-30,120,300815.XSHE,300815,玉禾田,301151.XSHE,301151,冠龙节能,120,1.0,0.6553487896959596,0.6553487896959596,Top |rho| within random pair sample; not global full-market top edge
2022-12-30,120,300343.XSHE,300343,联创股份,300618.XSHE,300618,寒锐钴业,120,1.0,0.6547737799812058,0.6547737799812058,Top |rho| within random pair sample; not global full-market top edge
2022-12-30,120,300579.XSHE,300579,数字认证,300608.XSHE,300608,思特奇,120,1.0,0.6542765840892253,0.6542765840892253,Top |rho| within random pair sample; not global full-market top edge
2022-12-30,120,300842.XSHE,300842,帝科股份,601126.XSHG,601126,四方股份,120,1.0,0.653538557380199,0.653538557380199,Top |rho| within random pair sample; not global full-market top edge
2022-12-30,120,300355.XSHE,300355,蒙草生态,601011.XSHG,601011,宝泰隆,120,1.0,0.6534786519693455,0.6534786519693455,Top |rho| within random pair sample; not global full-market top edge
2022-12-30,120,300732.XSHE,300732,设研院,600307.XSHG,600307,酒钢宏兴,120,1.0,0.6533719074282771,0.6533719074282771,Top |rho| within random pair sample; not global full-market top edge
2022-12-30,120,300746.XSHE,300746,汉嘉数智,600516.XSHG,600516,方大炭素,120,1.0,0.6529117316434755,0.6529117316434755,Top |rho| within random pair sample; not global full-market top edge
2022-12-30,120,002813.XSHE,002813,路畅科技,600178.XSHG,600178,东安动力,120,1.0,0.6525527283029122,0.6525527283029122,Top |rho| within random pair sample; not global full-market top edge
2022-12-30,120,002152.XSHE,002152,广电运通,300188.XSHE,300188,国投智能,120,1.0,0.652141448330299,0.652141448330299,Top |rho| within random pair sample; not global full-market top edge
2022-12-30,120,300175.XSHE,300175,朗源股份,600097.XSHG,600097,开创国际,120,1.0,0.6515932504515191,0.6515932504515191,Top |rho| within random pair sample; not global full-market top edge
2022-12-30,120,300270.XSHE,300270,中威电子,600894.XSHG,600894,广日股份,120,1.0,0.6509014825695867,0.6509014825695867,Top |rho| within random pair sample; not global full-market top edge
2022-12-30,120,300929.XSHE,300929,华骐环保,600293.XSHG,600293,三峡新材,120,1.0,0.6499608835341492,0.6499608835341492,Top |rho| within random pair sample; not global full-market top edge
2022-12-30,120,000788.XSHE,000788,北大医药,600535.XSHG,600535,天士力,120,1.0,0.64953996851488,0.64953996851488,Top |rho| within random pair sample; not global full-market top edge
2022-12-30,120,000010.XSHE,000010,*ST美丽,601368.XSHG,601368,绿城水务,120,1.0,0.649047171956539,0.649047171956539,Top |rho| within random pair sample; not global full-market top edge
2022-12-30,120,300818.XSHE,300818,耐普矿机,600135.XSHG,600135,乐凯胶片,120,1.0,0.6486722770912023,0.6486722770912023,Top |rho| within random pair sample; not global full-market top edge
2022-12-30,120,000859.XSHE,000859,国风新材,300868.XSHE,300868,杰美特,120,1.0,0.6485861558407298,0.6485861558407298,Top |rho| within random pair sample; not global full-market top edge
2022-12-30,120,000039.XSHE,000039,中集集团,601336.XSHG,601336,新华保险,120,1.0,0.6475717553731553,0.6475717553731553,Top |rho| within random pair sample; not global full-market top edge
2022-12-30,120,300889.XSHE,300889,爱克股份,300913.XSHE,300913,兆龙互连,120,1.0,0.6472242814433381,0.6472242814433381,Top |rho| within random pair sample; not global full-market top edge
2022-12-30,120,300414.XSHE,300414,中光防雷,688528.XSHG,688528,秦川物联,120,1.0,0.6463778543150663,0.6463778543150663,Top |rho| within random pair sample; not global full-market top edge
2022-12-30,120,002899.XSHE,002899,英派斯,300281.XSHE,300281,金明精机,120,1.0,0.6463514890021648,0.6463514890021648,Top |rho| within random pair sample; not global full-market top edge
2022-12-30,120,000828.XSHE,000828,东莞控股,600755.XSHG,600755,厦门国贸,120,1.0,0.6455287901732536,0.6455287901732536,Top |rho| within random pair sample; not global full-market top edge
2022-12-30,120,300126.XSHE,300126,锐奇股份,300815.XSHE,300815,玉禾田,120,1.0,0.6452058071789666,0.6452058071789666,Top |rho| within random pair sample; not global full-market top edge
2022-12-30,120,300162.XSHE,300162,雷曼光电,301218.XSHE,301218,华是科技,120,1.0,0.6445264406228456,0.6445264406228456,Top |rho| within random pair sample; not global full-market top edge
2022-12-30,120,000555.XSHE,000555,神州信息,300277.XSHE,300277,汽轮科技,120,1.0,0.6441771661441574,0.6441771661441574,Top |rho| within random pair sample; not global full-market top edge
2022-12-30,120,300976.XSHE,300976,达瑞电子,301182.XSHE,301182,凯旺科技,120,1.0,0.6440204957516089,0.6440204957516089,Top |rho| within random pair sample; not global full-market top edge
2022-12-30,120,300597.XSHE,300597,吉大通信,688585.XSHG,688585,上纬新材,120,1.0,0.6437523908393245,0.6437523908393245,Top |rho| within random pair sample; not global full-market top edge
2022-12-30,120,300184.XSHE,300184,力源信息,603717.XSHG,603717,天域生物,120,1.0,0.6431372540920097,0.6431372540920097,Top |rho| within random pair sample; not global full-market top edge
2022-12-30,120,300067.XSHE,300067,安诺其,603788.XSHG,603788,宁波高发,120,1.0,0.6407223775830364,0.6407223775830364,Top |rho| within random pair sample; not global full-market top edge
2022-12-30,120,000910.XSHE,000910,大亚圣象,601099.XSHG,601099,太平洋,120,1.0,0.6407154467731634,0.6407154467731634,Top |rho| within random pair sample; not global full-market top edge
2022-12-30,120,300375.XSHE,300375,鹏翎股份,600330.XSHG,600330,天通股份,120,1.0,0.6398838601181425,0.6398838601181425,Top |rho| within random pair sample; not global full-market top edge
2022-12-30,120,300304.XSHE,300304,云意电气,688509.XSHG,688509,正元地信,120,1.0,0.6391551797249475,0.6391551797249475,Top |rho| within random pair sample; not global full-market top edge
2022-12-30,120,000401.XSHE,000401,金隅冀东,600611.XSHG,600611,大众交通,120,1.0,0.638325307132703,0.638325307132703,Top |rho| within random pair sample; not global full-market top edge
2022-12-30,120,300058.XSHE,300058,蓝色光标,300264.XSHE,300264,佳创视讯,120,1.0,0.6381797792255474,0.6381797792255474,Top |rho| within random pair sample; not global full-market top edge
2022-12-30,120,002224.XSHE,002224,三力士,300190.XSHE,300190,维尔利,120,1.0,0.6379827348688369,0.6379827348688369,Top |rho| within random pair sample; not global full-market top edge
2022-12-30,120,300828.XSHE,300828,锐新科技,603166.XSHG,603166,福达股份,120,1.0,0.6379524538628604,0.6379524538628604,Top |rho| within random pair sample; not global full-market top edge
2022-12-30,120,300006.XSHE,300006,莱美药业,600513.XSHG,600513,联环药业,120,1.0,0.6379324410524011,0.6379324410524011,Top |rho| within random pair sample; not global full-market top edge
2022-12-30,120,000415.XSHE,000415,渤海租赁,600231.XSHG,600231,凌钢股份,120,1.0,0.6378639815407917,0.6378639815407917,Top |rho| within random pair sample; not global full-market top edge
2022-12-30,120,003816.XSHE,003816,中国广核,600008.XSHG,600008,首创环保,120,1.0,0.6377167491808469,0.6377167491808469,Top |rho| within random pair sample; not global full-market top edge
2022-12-30,120,003816.XSHE,003816,中国广核,600830.XSHG,600830,香溢融通,120,1.0,0.6367475059554354,0.6367475059554354,Top |rho| within random pair sample; not global full-market top edge
2022-12-30,120,002455.XSHE,002455,百川股份,300907.XSHE,300907,康平科技,120,1.0,0.6351919522730474,0.6351919522730474,Top |rho| within random pair sample; not global full-market top edge
2022-12-30,120,000100.XSHE,000100,TCL科技,002939.XSHE,002939,长城证券,120,1.0,0.6350222514713559,0.6350222514713559,Top |rho| within random pair sample; not global full-market top edge
2022-12-30,120,000810.XSHE,000810,创维数字,300220.XSHE,300220,金运激光,120,1.0,0.6343522159103488,0.6343522159103488,Top |rho| within random pair sample; not global full-market top edge
2022-12-30,120,300244.XSHE,300244,迪安诊断,603387.XSHG,603387,基蛋生物,120,1.0,0.6337072658448352,0.6337072658448352,Top |rho| within random pair sample; not global full-market top edge
2022-12-30,120,002391.XSHE,002391,长青股份,300306.XSHE,300306,远方信息,120,1.0,0.6332342986143631,0.6332342986143631,Top |rho| within random pair sample; not global full-market top edge
2022-12-30,120,300234.XSHE,300234,开尔新材,601177.XSHG,601177,杭齿前进,120,1.0,0.6327488797218742,0.6327488797218742,Top |rho| within random pair sample; not global full-market top edge
2023-12-29,120,000783.XSHE,000783,长江证券,601108.XSHG,601108,财通证券,120,1.0,0.8504168608770024,0.8504168608770024,Top |rho| within random pair sample; not global full-market top edge
2023-12-29,120,300768.XSHE,300768,迪普科技,600718.XSHG,600718,东软集团,120,1.0,0.8272798197552762,0.8272798197552762,Top |rho| within random pair sample; not global full-market top edge
2023-12-29,120,000402.XSHE,000402,金融街,600708.XSHG,600708,光明地产,120,1.0,0.816272705626131,0.816272705626131,Top |rho| within random pair sample; not global full-market top edge
2023-12-29,120,002302.XSHE,002302,西部建设,600425.XSHG,600425,青松建化,120,1.0,0.7890633460927687,0.7890633460927687,Top |rho| within random pair sample; not global full-market top edge
2023-12-29,120,300082.XSHE,300082,奥克股份,300477.XSHE,300477,ST合纵,120,1.0,0.7648645491089634,0.7648645491089634,Top |rho| within random pair sample; not global full-market top edge
2023-12-29,120,000997.XSHE,000997,新大陆,002491.XSHE,002491,通鼎互联,120,1.0,0.7609253944882088,0.7609253944882088,Top |rho| within random pair sample; not global full-market top edge
2023-12-29,120,300068.XSHE,300068,ST南都,603105.XSHG,603105,芯能科技,120,1.0,0.7534559928653991,0.7534559928653991,Top |rho| within random pair sample; not global full-market top edge
2023-12-29,120,300658.XSHE,300658,延江股份,600539.XSHG,600539,狮头股份,120,1.0,0.7482933061327136,0.7482933061327136,Top |rho| within random pair sample; not global full-market top edge
2023-12-29,120,300306.XSHE,300306,远方信息,300493.XSHE,300493,润欣科技,120,1.0,0.7270353982321014,0.7270353982321014,Top |rho| within random pair sample; not global full-market top edge
2023-12-29,120,002121.XSHE,002121,科陆电子,688330.XSHG,688330,宏力达,120,1.0,0.7242956335296006,0.7242956335296006,Top |rho| within random pair sample; not global full-market top edge
2023-12-29,120,000901.XSHE,000901,航天科技,002413.XSHE,002413,雷科防务,120,1.0,0.7180505957621804,0.7180505957621804,Top |rho| within random pair sample; not global full-market top edge
2023-12-29,120,300349.XSHE,300349,金卡智能,300903.XSHE,300903,科翔股份,120,1.0,0.7176494320275657,0.7176494320275657,Top |rho| within random pair sample; not global full-market top edge
2023-12-29,120,300349.XSHE,300349,金卡智能,300689.XSHE,300689,澄天伟业,120,1.0,0.7112716158873461,0.7112716158873461,Top |rho| within random pair sample; not global full-market top edge
2023-12-29,120,002467.XSHE,002467,二六三,300017.XSHE,300017,网宿科技,120,1.0,0.7079209751083715,0.7079209751083715,Top |rho| within random pair sample; not global full-market top edge
2023-12-29,120,002973.XSHE,002973,侨银股份,601368.XSHG,601368,绿城水务,120,1.0,0.7071293535718238,0.7071293535718238,Top |rho| within random pair sample; not global full-market top edge
2023-12-29,120,002225.XSHE,002225,濮耐股份,300891.XSHE,300891,惠云钛业,120,1.0,0.7055702022353482,0.7055702022353482,Top |rho| within random pair sample; not global full-market top edge
2023-12-29,120,002373.XSHE,002373,千方科技,301330.XSHE,301330,熵基科技,120,1.0,0.7015113154465331,0.7015113154465331,Top |rho| within random pair sample; not global full-market top edge
2023-12-29,120,300458.XSHE,300458,全志科技,600171.XSHG,600171,上海贝岭,120,1.0,0.7011815403113427,0.7011815403113427,Top |rho| within random pair sample; not global full-market top edge
2023-12-29,120,000591.XSHE,000591,太阳能,002733.XSHE,002733,雄韬股份,120,1.0,0.7000051709531112,0.7000051709531112,Top |rho| within random pair sample; not global full-market top edge
2023-12-29,120,300424.XSHE,300424,航新科技,688586.XSHG,688586,江航装备,120,1.0,0.6982207005737109,0.6982207005737109,Top |rho| within random pair sample; not global full-market top edge
2023-12-29,120,002073.XSHE,002073,软控股份,002190.XSHE,002190,成飞集成,120,1.0,0.6953178288524737,0.6953178288524737,Top |rho| within random pair sample; not global full-market top edge
2023-12-29,120,300543.XSHE,300543,朗科智能,688209.XSHG,688209,英集芯,120,1.0,0.6864743607681602,0.6864743607681602,Top |rho| within random pair sample; not global full-market top edge
2023-12-29,120,002204.XSHE,002204,大连重工,300259.XSHE,300259,新天科技,120,1.0,0.6863840102330049,0.6863840102330049,Top |rho| within random pair sample; not global full-market top edge
2023-12-29,120,300148.XSHE,300148,天舟文化,300315.XSHE,300315,掌趣科技,120,1.0,0.6831278173331583,0.6831278173331583,Top |rho| within random pair sample; not global full-market top edge
2023-12-29,120,300281.XSHE,300281,金明精机,301189.XSHE,301189,奥尼电子,120,1.0,0.6804162684588595,0.6804162684588595,Top |rho| within random pair sample; not global full-market top edge
2023-12-29,120,003030.XSHE,003030,祖名股份,600419.XSHG,600419,天润乳业,120,1.0,0.6797539828006989,0.6797539828006989,Top |rho| within random pair sample; not global full-market top edge
2023-12-29,120,300708.XSHE,300708,聚灿光电,300940.XSHE,300940,南极光,120,1.0,0.6794464610245466,0.6794464610245466,Top |rho| within random pair sample; not global full-market top edge
2023-12-29,120,000001.XSHE,000001,平安银行,001227.XSHE,001227,兰州银行,120,1.0,0.6784112209352728,0.6784112209352728,Top |rho| within random pair sample; not global full-market top edge
2023-12-29,120,002636.XSHE,002636,金安国纪,600460.XSHG,600460,士兰微,120,1.0,0.6778936986242041,0.6778936986242041,Top |rho| within random pair sample; not global full-market top edge
2023-12-29,120,000519.XSHE,000519,中兵红箭,300696.XSHE,300696,爱乐达,120,1.0,0.6768180895245061,0.6768180895245061,Top |rho| within random pair sample; not global full-market top edge
2023-12-29,120,000731.XSHE,000731,四川美丰,601678.XSHG,601678,滨化股份,120,1.0,0.6733633323425541,0.6733633323425541,Top |rho| within random pair sample; not global full-market top edge
2023-12-29,120,300472.XSHE,300472,ST新元,600171.XSHG,600171,上海贝岭,120,1.0,0.6717760276160554,0.6717760276160554,Top |rho| within random pair sample; not global full-market top edge
2023-12-29,120,300618.XSHE,300618,寒锐钴业,688560.XSHG,688560,明冠新材,120,1.0,0.6696451615403944,0.6696451615403944,Top |rho| within random pair sample; not global full-market top edge
2023-12-29,120,300422.XSHE,300422,博世科,300692.XSHE,300692,中赋科技,120,1.0,0.669418845181066,0.669418845181066,Top |rho| within random pair sample; not global full-market top edge
2023-12-29,120,002404.XSHE,002404,嘉欣丝绸,603214.XSHG,603214,爱婴室,120,1.0,0.6678399141536153,0.6678399141536153,Top |rho| within random pair sample; not global full-market top edge
2023-12-29,120,002107.XSHE,002107,沃华医药,600488.XSHG,600488,津药药业,120,1.0,0.6666255264171513,0.6666255264171513,Top |rho| within random pair sample; not global full-market top edge
2023-12-29,120,002741.XSHE,002741,光华科技,002983.XSHE,002983,芯瑞达,120,1.0,0.6649324769089784,0.6649324769089784,Top |rho| within random pair sample; not global full-market top edge
2023-12-29,120,301086.XSHE,301086,鸿富瀚,601231.XSHG,601231,环旭电子,120,1.0,0.6632381637537605,0.6632381637537605,Top |rho| within random pair sample; not global full-market top edge
2023-12-29,120,300885.XSHE,300885,海昌新材,301043.XSHE,301043,绿岛风,120,1.0,0.6620992748342239,0.6620992748342239,Top |rho| within random pair sample; not global full-market top edge
2023-12-29,120,000506.XSHE,000506,招金黄金,002155.XSHE,002155,湖南黄金,120,1.0,0.6618293078665891,0.6618293078665891,Top |rho| within random pair sample; not global full-market top edge
2023-12-29,120,002298.XSHE,002298,中电鑫龙,603328.XSHG,603328,依顿电子,120,1.0,0.6612648585365405,0.6612648585365405,Top |rho| within random pair sample; not global full-market top edge
2023-12-29,120,300766.XSHE,300766,每日互动,301248.XSHE,301248,杰创智能,120,1.0,0.6606930942309632,0.6606930942309632,Top |rho| within random pair sample; not global full-market top edge
2023-12-29,120,002611.XSHE,002611,东方精工,688697.XSHG,688697,纽威数控,120,1.0,0.6601861038305344,0.6601861038305344,Top |rho| within random pair sample; not global full-market top edge
2023-12-29,120,002673.XSHE,002673,西部证券,601828.XSHG,601828,美凯龙,120,1.0,0.659704455507289,0.659704455507289,Top |rho| within random pair sample; not global full-market top edge
2023-12-29,120,002242.XSHE,002242,九阳股份,002996.XSHE,002996,顺博合金,120,1.0,0.6590118614384258,0.6590118614384258,Top |rho| within random pair sample; not global full-market top edge
2023-12-29,120,300449.XSHE,300449,汉邦高科,600345.XSHG,600345,长江通信,120,1.0,0.658086795248021,0.658086795248021,Top |rho| within random pair sample; not global full-market top edge
2023-12-29,120,002214.XSHE,002214,大立科技,002402.XSHE,002402,和而泰,120,1.0,0.6574442396176057,0.6574442396176057,Top |rho| within random pair sample; not global full-market top edge
2023-12-29,120,300618.XSHE,300618,寒锐钴业,301071.XSHE,301071,力量钻石,120,1.0,0.6572369338353212,0.6572369338353212,Top |rho| within random pair sample; not global full-market top edge
2023-12-29,120,300390.XSHE,300390,天华新能,300393.XSHE,300393,中来股份,120,1.0,0.6555948888936867,0.6555948888936867,Top |rho| within random pair sample; not global full-market top edge
2023-12-29,120,300292.XSHE,300292,吴通控股,300447.XSHE,300447,全信股份,120,1.0,0.655424150900769,0.655424150900769,Top |rho| within random pair sample; not global full-market top edge
2023-12-29,120,002412.XSHE,002412,汉森制药,600713.XSHG,600713,南京医药,120,1.0,0.6524395766215543,0.6524395766215543,Top |rho| within random pair sample; not global full-market top edge
2023-12-29,120,300411.XSHE,300411,金盾股份,603618.XSHG,603618,杭电股份,120,1.0,0.6521631969668398,0.6521631969668398,Top |rho| within random pair sample; not global full-market top edge
2023-12-29,120,300454.XSHE,300454,深信服,600536.XSHG,600536,中国软件,120,1.0,0.6498353995108145,0.6498353995108145,Top |rho| within random pair sample; not global full-market top edge
2023-12-29,120,300491.XSHE,300491,通合科技,688479.XSHG,688479,友车科技,120,1.0,0.6483875072127678,0.6483875072127678,Top |rho| within random pair sample; not global full-market top edge
2023-12-29,120,300440.XSHE,300440,运达科技,688173.XSHG,688173,希荻微,120,1.0,0.6480592736305748,0.6480592736305748,Top |rho| within random pair sample; not global full-market top edge
2023-12-29,120,002296.XSHE,002296,辉煌科技,300024.XSHE,300024,机器人,120,1.0,0.6479807624961951,0.6479807624961951,Top |rho| within random pair sample; not global full-market top edge
2023-12-29,120,002624.XSHE,002624,完美世界,300785.XSHE,300785,值得买,120,1.0,0.6466126742539305,0.6466126742539305,Top |rho| within random pair sample; not global full-market top edge
2023-12-29,120,300382.XSHE,300382,斯莱克,600770.XSHG,600770,综艺股份,120,1.0,0.6454623139198392,0.6454623139198392,Top |rho| within random pair sample; not global full-market top edge
2023-12-29,120,001212.XSHE,001212,中旗新材,688350.XSHG,688350,富淼科技,120,1.0,0.6454450487218933,0.6454450487218933,Top |rho| within random pair sample; not global full-market top edge
2023-12-29,120,002074.XSHE,002074,国轩高科,002812.XSHE,002812,恩捷股份,120,1.0,0.64498109876965,0.64498109876965,Top |rho| within random pair sample; not global full-market top edge
2023-12-29,120,000636.XSHE,000636,风华高科,603236.XSHG,603236,移远通信,120,1.0,0.6434484372889566,0.6434484372889566,Top |rho| within random pair sample; not global full-market top edge
2023-12-29,120,002836.XSHE,002836,新宏泽,688681.XSHG,688681,科汇股份,120,1.0,0.6434020630197822,0.6434020630197822,Top |rho| within random pair sample; not global full-market top edge
2023-12-29,120,300582.XSHE,300582,英飞特,300843.XSHE,300843,胜蓝股份,120,1.0,0.6432030459893724,0.6432030459893724,Top |rho| within random pair sample; not global full-market top edge
2023-12-29,120,003001.XSHE,003001,中岩大地,300599.XSHE,300599,雄塑科技,120,1.0,0.6428135430436068,0.6428135430436068,Top |rho| within random pair sample; not global full-market top edge
2023-12-29,120,300516.XSHE,300516,久之洋,688400.XSHG,688400,凌云光,120,1.0,0.6421869491630137,0.6421869491630137,Top |rho| within random pair sample; not global full-market top edge
2023-12-29,120,300377.XSHE,300377,赢时胜,601990.XSHG,601990,南京证券,120,1.0,0.6421263975846034,0.6421263975846034,Top |rho| within random pair sample; not global full-market top edge
2023-12-29,120,000901.XSHE,000901,航天科技,002171.XSHE,002171,楚江新材,120,1.0,0.6419352386555393,0.6419352386555393,Top |rho| within random pair sample; not global full-market top edge
2023-12-29,120,300382.XSHE,300382,斯莱克,600847.XSHG,600847,万里股份,120,1.0,0.6414675261021657,0.6414675261021657,Top |rho| within random pair sample; not global full-market top edge
2023-12-29,120,000066.XSHE,000066,中国长城,002268.XSHE,002268,电科网安,120,1.0,0.6397259985582997,0.6397259985582997,Top |rho| within random pair sample; not global full-market top edge
2023-12-29,120,002326.XSHE,002326,永太科技,300890.XSHE,300890,翔丰华,120,1.0,0.6378042307338795,0.6378042307338795,Top |rho| within random pair sample; not global full-market top edge
2023-12-29,120,002677.XSHE,002677,浙江美大,002833.XSHE,002833,弘亚数控,120,1.0,0.6377271217563494,0.6377271217563494,Top |rho| within random pair sample; not global full-market top edge
2023-12-29,120,300459.XSHE,300459,汤姆猫,601949.XSHG,601949,中国出版,120,1.0,0.6372070506866648,0.6372070506866648,Top |rho| within random pair sample; not global full-market top edge
2023-12-29,120,000880.XSHE,000880,潍柴重机,688215.XSHG,688215,瑞晟智能,120,1.0,0.6369735081831275,0.6369735081831275,Top |rho| within random pair sample; not global full-market top edge
2023-12-29,120,002206.XSHE,002206,海利得,688353.XSHG,688353,华盛锂电,120,1.0,0.6363668664804532,0.6363668664804532,Top |rho| within random pair sample; not global full-market top edge
2023-12-29,120,002745.XSHE,002745,木林森,300493.XSHE,300493,润欣科技,120,1.0,0.6360248266950974,0.6360248266950974,Top |rho| within random pair sample; not global full-market top edge
2023-12-29,120,002016.XSHE,002016,世荣兆业,002091.XSHE,002091,江苏国泰,120,1.0,0.6358575527738438,0.6358575527738438,Top |rho| within random pair sample; not global full-market top edge
2023-12-29,120,300870.XSHE,300870,欧陆通,688093.XSHG,688093,世华科技,120,1.0,0.6354471820712121,0.6354471820712121,Top |rho| within random pair sample; not global full-market top edge
2023-12-29,120,002486.XSHE,002486,嘉麟杰,300891.XSHE,300891,惠云钛业,120,1.0,0.6354425236809981,0.6354425236809981,Top |rho| within random pair sample; not global full-market top edge
2023-12-29,120,300477.XSHE,300477,ST合纵,603260.XSHG,603260,合盛硅业,120,1.0,0.6351280308583224,0.6351280308583224,Top |rho| within random pair sample; not global full-market top edge
2023-12-29,120,002249.XSHE,002249,大洋电机,300091.XSHE,300091,*ST金灵,120,1.0,0.6341698060973877,0.6341698060973877,Top |rho| within random pair sample; not global full-market top edge
2023-12-29,120,300747.XSHE,300747,锐科激光,688697.XSHG,688697,纽威数控,120,1.0,0.6340964822780574,0.6340964822780574,Top |rho| within random pair sample; not global full-market top edge
2023-12-29,120,002533.XSHE,002533,金杯电工,300127.XSHE,300127,银河磁体,120,1.0,0.6332530349667723,0.6332530349667723,Top |rho| within random pair sample; not global full-market top edge
2023-12-29,120,002651.XSHE,002651,利君股份,603308.XSHG,603308,应流股份,120,1.0,0.632593084109821,0.632593084109821,Top |rho| within random pair sample; not global full-market top edge
2023-12-29,120,300211.XSHE,300211,*ST亿通,301389.XSHE,301389,隆扬电子,120,1.0,0.6325487388084596,0.6325487388084596,Top |rho| within random pair sample; not global full-market top edge
2023-12-29,120,002035.XSHE,002035,华帝股份,300894.XSHE,300894,火星人,120,1.0,0.6314961040823412,0.6314961040823412,Top |rho| within random pair sample; not global full-market top edge
2023-12-29,120,300710.XSHE,300710,万隆光电,688051.XSHG,688051,佳华科技,120,1.0,0.6305242120251525,0.6305242120251525,Top |rho| within random pair sample; not global full-market top edge
2023-12-29,120,002931.XSHE,002931,锋龙股份,603390.XSHG,603390,通达电气,120,1.0,0.629936641755377,0.629936641755377,Top |rho| within random pair sample; not global full-market top edge
2023-12-29,120,002469.XSHE,002469,三维化学,601399.XSHG,601399,国机重装,120,1.0,0.6286946762865947,0.6286946762865947,Top |rho| within random pair sample; not global full-market top edge
2023-12-29,120,300133.XSHE,300133,华策影视,600228.XSHG,600228,返利科技,120,1.0,0.6283311405051446,0.6283311405051446,Top |rho| within random pair sample; not global full-market top edge
2023-12-29,120,300103.XSHE,300103,达刚控股,601956.XSHG,601956,东贝集团,120,1.0,0.6259712682141174,0.6259712682141174,Top |rho| within random pair sample; not global full-market top edge
2023-12-29,120,002628.XSHE,002628,成都路桥,300715.XSHE,300715,凯伦股份,120,1.0,0.6258884305067683,0.6258884305067683,Top |rho| within random pair sample; not global full-market top edge
2023-12-29,120,300961.XSHE,300961,深水海纳,688096.XSHG,688096,京源环保,120,1.0,0.6230617207658842,0.6230617207658842,Top |rho| within random pair sample; not global full-market top edge
2023-12-29,120,002649.XSHE,002649,博彦科技,300689.XSHE,300689,澄天伟业,120,1.0,0.6228367176100198,0.6228367176100198,Top |rho| within random pair sample; not global full-market top edge
2023-12-29,120,300992.XSHE,300992,泰福泵业,688681.XSHG,688681,科汇股份,120,1.0,0.6227124764110785,0.6227124764110785,Top |rho| within random pair sample; not global full-market top edge
2023-12-29,120,000430.XSHE,000430,张家界,600400.XSHG,600400,红豆股份,120,1.0,0.6226141756129066,0.6226141756129066,Top |rho| within random pair sample; not global full-market top edge
2023-12-29,120,002301.XSHE,002301,齐心集团,003003.XSHE,003003,天元股份,120,1.0,0.621230581122381,0.621230581122381,Top |rho| within random pair sample; not global full-market top edge
2023-12-29,120,300454.XSHE,300454,深信服,688590.XSHG,688590,新致软件,120,1.0,0.6211025409078125,0.6211025409078125,Top |rho| within random pair sample; not global full-market top edge
2023-12-29,120,001213.XSHE,001213,中铁特货,600787.XSHG,600787,中储股份,120,1.0,0.620898000770092,0.620898000770092,Top |rho| within random pair sample; not global full-market top edge
2023-12-29,120,002407.XSHE,002407,多氟多,301063.XSHE,301063,海锅股份,120,1.0,0.6205700388931876,0.6205700388931876,Top |rho| within random pair sample; not global full-market top edge
2023-12-29,120,002414.XSHE,002414,高德红外,688391.XSHG,688391,钜泉科技,120,1.0,0.6201673431623108,0.6201673431623108,Top |rho| within random pair sample; not global full-market top edge
2024-12-31,120,002939.XSHE,002939,长城证券,601375.XSHG,601375,中原证券,120,1.0,0.9256271184582454,0.9256271184582454,Top |rho| within random pair sample; not global full-market top edge
2024-12-31,120,300869.XSHE,300869,康泰医学,688026.XSHG,688026,洁特生物,120,1.0,0.8858454857920006,0.8858454857920006,Top |rho| within random pair sample; not global full-market top edge
2024-12-31,120,002240.XSHE,002240,盛新锂能,002756.XSHE,002756,永兴材料,120,1.0,0.872617182352034,0.872617182352034,Top |rho| within random pair sample; not global full-market top edge
2024-12-31,120,300244.XSHE,300244,迪安诊断,300869.XSHE,300869,康泰医学,120,1.0,0.8674369943066891,0.8674369943066891,Top |rho| within random pair sample; not global full-market top edge
2024-12-31,120,002466.XSHE,002466,天齐锂业,002738.XSHE,002738,中矿资源,120,1.0,0.8590527170260351,0.8590527170260351,Top |rho| within random pair sample; not global full-market top edge
2024-12-31,120,300253.XSHE,300253,卫宁健康,688158.XSHG,688158,优刻得,120,1.0,0.8559961492106515,0.8559961492106515,Top |rho| within random pair sample; not global full-market top edge
2024-12-31,120,301043.XSHE,301043,绿岛风,301468.XSHE,301468,博盈特焊,120,1.0,0.8544365402668992,0.8544365402668992,Top |rho| within random pair sample; not global full-market top edge
2024-12-31,120,300246.XSHE,300246,宝莱特,300834.XSHE,300834,星辉环材,120,1.0,0.8531941586811698,0.8531941586811698,Top |rho| within random pair sample; not global full-market top edge
2024-12-31,120,301258.XSHE,301258,富士莱,688468.XSHG,688468,科美诊断,120,1.0,0.8526382385488159,0.8526382385488159,Top |rho| within random pair sample; not global full-market top edge
2024-12-31,120,300358.XSHE,300358,楚天科技,301168.XSHE,301168,通灵股份,120,1.0,0.8509016973363998,0.8509016973363998,Top |rho| within random pair sample; not global full-market top edge
2024-12-31,120,300171.XSHE,300171,东富龙,601065.XSHG,601065,江盐集团,120,1.0,0.8498639986148236,0.8498639986148236,Top |rho| within random pair sample; not global full-market top edge
2024-12-31,120,001218.XSHE,001218,丽臣实业,603681.XSHG,603681,永冠新材,120,1.0,0.8485368155548592,0.8485368155548592,Top |rho| within random pair sample; not global full-market top edge
2024-12-31,120,002446.XSHE,002446,盛路通信,688158.XSHG,688158,优刻得,120,1.0,0.8468136000412545,0.8468136000412545,Top |rho| within random pair sample; not global full-market top edge
2024-12-31,120,300920.XSHE,300920,润阳科技,688078.XSHG,688078,龙软科技,120,1.0,0.844348846307627,0.844348846307627,Top |rho| within random pair sample; not global full-market top edge
2024-12-31,120,300003.XSHE,300003,乐普医疗,300676.XSHE,300676,华大基因,120,1.0,0.8434573796278455,0.8434573796278455,Top |rho| within random pair sample; not global full-market top edge
2024-12-31,120,300118.XSHE,300118,东方日升,688223.XSHG,688223,晶科能源,120,1.0,0.8433039361640918,0.8433039361640918,Top |rho| within random pair sample; not global full-market top edge
2024-12-31,120,002567.XSHE,002567,唐人神,300498.XSHE,300498,温氏股份,120,1.0,0.8406690455131696,0.8406690455131696,Top |rho| within random pair sample; not global full-market top edge
2024-12-31,120,300316.XSHE,300316,晶盛机电,688439.XSHG,688439,振华风光,120,1.0,0.839910485315185,0.839910485315185,Top |rho| within random pair sample; not global full-market top edge
2024-12-31,120,300246.XSHE,300246,宝莱特,300610.XSHE,300610,晨化股份,120,1.0,0.8366197456281399,0.8366197456281399,Top |rho| within random pair sample; not global full-market top edge
2024-12-31,120,002060.XSHE,002060,广东建工,600017.XSHG,600017,日照港,120,1.0,0.836067748643081,0.836067748643081,Top |rho| within random pair sample; not global full-market top edge
2024-12-31,120,300413.XSHE,300413,芒果超媒,300725.XSHE,300725,药石科技,120,1.0,0.8347359171934551,0.8347359171934551,Top |rho| within random pair sample; not global full-market top edge
2024-12-31,120,300676.XSHE,300676,华大基因,688026.XSHG,688026,洁特生物,120,1.0,0.8343889612627327,0.8343889612627327,Top |rho| within random pair sample; not global full-market top edge
2024-12-31,120,002696.XSHE,002696,百洋股份,300246.XSHE,300246,宝莱特,120,1.0,0.8333772911897088,0.8333772911897088,Top |rho| within random pair sample; not global full-market top edge
2024-12-31,120,300453.XSHE,300453,三鑫医疗,300834.XSHE,300834,星辉环材,120,1.0,0.8326988340734911,0.8326988340734911,Top |rho| within random pair sample; not global full-market top edge
2024-12-31,120,301196.XSHE,301196,唯科科技,688280.XSHG,688280,精进电动,120,1.0,0.8326238993484883,0.8326238993484883,Top |rho| within random pair sample; not global full-market top edge
2024-12-31,120,301028.XSHE,301028,鼎熔岩,688215.XSHG,688215,瑞晟智能,120,1.0,0.8324555689080654,0.8324555689080654,Top |rho| within random pair sample; not global full-market top edge
2024-12-31,120,000596.XSHE,000596,古井贡酒,603589.XSHG,603589,口子窖,120,1.0,0.8319328196998512,0.8319328196998512,Top |rho| within random pair sample; not global full-market top edge
2024-12-31,120,300012.XSHE,300012,华测检测,300357.XSHE,300357,我武生物,120,1.0,0.8318138227778253,0.8318138227778253,Top |rho| within random pair sample; not global full-market top edge
2024-12-31,120,300995.XSHE,300995,奇德新材,603937.XSHG,603937,丽岛新材,120,1.0,0.8315725531738499,0.8315725531738499,Top |rho| within random pair sample; not global full-market top edge
2024-12-31,120,300232.XSHE,300232,洲明科技,301113.XSHE,301113,雅艺科技,120,1.0,0.8314457640103924,0.8314457640103924,Top |rho| within random pair sample; not global full-market top edge
2024-12-31,120,300643.XSHE,300643,万通智控,688007.XSHG,688007,光峰科技,120,1.0,0.8309385264214412,0.8309385264214412,Top |rho| within random pair sample; not global full-market top edge
2024-12-31,120,002258.XSHE,002258,利尔化学,301216.XSHE,301216,万凯新材,120,1.0,0.8276867601088186,0.8276867601088186,Top |rho| within random pair sample; not global full-market top edge
2024-12-31,120,300230.XSHE,300230,永利股份,300453.XSHE,300453,三鑫医疗,120,1.0,0.8253295343026243,0.8253295343026243,Top |rho| within random pair sample; not global full-market top edge
2024-12-31,120,300357.XSHE,300357,我武生物,688391.XSHG,688391,钜泉科技,120,1.0,0.8252364289589786,0.8252364289589786,Top |rho| within random pair sample; not global full-market top edge
2024-12-31,120,301170.XSHE,301170,锡南科技,301195.XSHE,301195,北路智控,120,1.0,0.822996863180032,0.822996863180032,Top |rho| within random pair sample; not global full-market top edge
2024-12-31,120,300083.XSHE,300083,创世纪,688659.XSHG,688659,元琛科技,120,1.0,0.8225324863285726,0.8225324863285726,Top |rho| within random pair sample; not global full-market top edge
2024-12-31,120,301235.XSHE,301235,华康洁净,688468.XSHG,688468,科美诊断,120,1.0,0.8225116975083314,0.8225116975083314,Top |rho| within random pair sample; not global full-market top edge
2024-12-31,120,301225.XSHE,301225,恒勃股份,688519.XSHG,688519,南亚新材,120,1.0,0.8224556918091893,0.8224556918091893,Top |rho| within random pair sample; not global full-market top edge
2024-12-31,120,002060.XSHE,002060,广东建工,600755.XSHG,600755,厦门国贸,120,1.0,0.8211608887181691,0.8211608887181691,Top |rho| within random pair sample; not global full-market top edge
2024-12-31,120,300515.XSHE,300515,三德科技,688505.XSHG,688505,复旦张江,120,1.0,0.8204294540993856,0.8204294540993856,Top |rho| within random pair sample; not global full-market top edge
2024-12-31,120,301132.XSHE,301132,满坤科技,688159.XSHG,688159,有方科技,120,1.0,0.820176710534635,0.820176710534635,Top |rho| within random pair sample; not global full-market top edge
2024-12-31,120,002860.XSHE,002860,星帅尔,603926.XSHG,603926,铁流股份,120,1.0,0.8200518898637714,0.8200518898637714,Top |rho| within random pair sample; not global full-market top edge
2024-12-31,120,002483.XSHE,002483,润邦股份,603089.XSHG,603089,正裕工业,120,1.0,0.8197957839970682,0.8197957839970682,Top |rho| within random pair sample; not global full-market top edge
2024-12-31,120,002466.XSHE,002466,天齐锂业,003022.XSHE,003022,联泓新科,120,1.0,0.8192186868131075,0.8192186868131075,Top |rho| within random pair sample; not global full-market top edge
2024-12-31,120,300568.XSHE,300568,星源材质,688386.XSHG,688386,泛亚微透,120,1.0,0.8183728450061747,0.8183728450061747,Top |rho| within random pair sample; not global full-market top edge
2024-12-31,120,002675.XSHE,002675,东诚药业,688098.XSHG,688098,申联生物,120,1.0,0.8183704397046829,0.8183704397046829,Top |rho| within random pair sample; not global full-market top edge
2024-12-31,120,300285.XSHE,300285,国瓷材料,688148.XSHG,688148,芳源股份,120,1.0,0.8182827851852191,0.8182827851852191,Top |rho| within random pair sample; not global full-market top edge
2024-12-31,120,001366.XSHE,001366,播恩集团,002825.XSHE,002825,纳尔股份,120,1.0,0.8178699698217963,0.8178699698217963,Top |rho| within random pair sample; not global full-market top edge
2024-12-31,120,002498.XSHE,002498,汉缆股份,688616.XSHG,688616,西力科技,120,1.0,0.8176659219639149,0.8176659219639149,Top |rho| within random pair sample; not global full-market top edge
2024-12-31,120,301277.XSHE,301277,新天地,688309.XSHG,688309,恒誉科技,120,1.0,0.8176139901249162,0.8176139901249162,Top |rho| within random pair sample; not global full-market top edge
2024-12-31,120,002578.XSHE,002578,闽发铝业,603880.XSHG,603880,南卫股份,120,1.0,0.8170072312211608,0.8170072312211608,Top |rho| within random pair sample; not global full-market top edge
2024-12-31,120,002511.XSHE,002511,中顺洁柔,300171.XSHE,300171,东富龙,120,1.0,0.8154305963678878,0.8154305963678878,Top |rho| within random pair sample; not global full-market top edge
2024-12-31,120,002326.XSHE,002326,永太科技,301029.XSHE,301029,怡合达,120,1.0,0.8153797356957307,0.8153797356957307,Top |rho| within random pair sample; not global full-market top edge
2024-12-31,120,000570.XSHE,000570,苏常柴A,603276.XSHG,603276,恒兴新材,120,1.0,0.8151124763174912,0.8151124763174912,Top |rho| within random pair sample; not global full-market top edge
2024-12-31,120,300636.XSHE,300636,同和药业,688029.XSHG,688029,南微医学,120,1.0,0.8141037693067182,0.8141037693067182,Top |rho| within random pair sample; not global full-market top edge
2024-12-31,120,300601.XSHE,300601,康泰生物,601688.XSHG,601688,华泰证券,120,1.0,0.8109250358783998,0.8109250358783998,Top |rho| within random pair sample; not global full-market top edge
2024-12-31,120,301107.XSHE,301107,瑜欣电子,603321.XSHG,603321,梅轮电梯,120,1.0,0.8093710631936368,0.8093710631936368,Top |rho| within random pair sample; not global full-market top edge
2024-12-31,120,000043.XSHE,001914,招商积余,300737.XSHE,300737,科顺股份,120,1.0,0.8081024355326488,0.8081024355326488,Top |rho| within random pair sample; not global full-market top edge
2024-12-31,120,002090.XSHE,002090,金智科技,688330.XSHG,688330,宏力达,120,1.0,0.8080108033190757,0.8080108033190757,Top |rho| within random pair sample; not global full-market top edge
2024-12-31,120,000589.XSHE,000589,贵州轮胎,300160.XSHE,300160,秀强股份,120,1.0,0.8067587172355514,0.8067587172355514,Top |rho| within random pair sample; not global full-market top edge
2024-12-31,120,301225.XSHE,301225,恒勃股份,301588.XSHE,301588,美新科技,120,1.0,0.8065174633566747,0.8065174633566747,Top |rho| within random pair sample; not global full-market top edge
2024-12-31,120,002391.XSHE,002391,长青股份,300358.XSHE,300358,楚天科技,120,1.0,0.8060313921334974,0.8060313921334974,Top |rho| within random pair sample; not global full-market top edge
2024-12-31,120,300227.XSHE,300227,光韵达,688011.XSHG,688011,新光光电,120,1.0,0.8054288268685189,0.8054288268685189,Top |rho| within random pair sample; not global full-market top edge
2024-12-31,120,301022.XSHE,301022,海泰科,688280.XSHG,688280,精进电动,120,1.0,0.8052874474223157,0.8052874474223157,Top |rho| within random pair sample; not global full-market top edge
2024-12-31,120,002063.XSHE,002063,远光软件,300259.XSHE,300259,新天科技,120,1.0,0.8040600540027221,0.8040600540027221,Top |rho| within random pair sample; not global full-market top edge
2024-12-31,120,300351.XSHE,300351,永贵电器,688586.XSHG,688586,江航装备,120,1.0,0.8024480490346666,0.8024480490346666,Top |rho| within random pair sample; not global full-market top edge
2024-12-31,120,300946.XSHE,300946,恒而达,688178.XSHG,688178,万德斯,120,1.0,0.8019616793770368,0.8019616793770368,Top |rho| within random pair sample; not global full-market top edge
2024-12-31,120,000570.XSHE,000570,苏常柴A,002448.XSHE,002448,中原内配,120,1.0,0.8014264748295954,0.8014264748295954,Top |rho| within random pair sample; not global full-market top edge
2024-12-31,120,301090.XSHE,301090,华润材料,301332.XSHE,301332,德尔玛,120,1.0,0.8013107836395902,0.8013107836395902,Top |rho| within random pair sample; not global full-market top edge
2024-12-31,120,300841.XSHE,300841,康华生物,301580.XSHE,301580,爱迪特,120,1.0,0.800909311855651,0.800909311855651,Top |rho| within random pair sample; not global full-market top edge
2024-12-31,120,300643.XSHE,300643,万通智控,301195.XSHE,301195,北路智控,120,1.0,0.8006882613843134,0.8006882613843134,Top |rho| within random pair sample; not global full-market top edge
2024-12-31,120,300871.XSHE,300871,回盛生物,603231.XSHG,603231,索宝蛋白,120,1.0,0.799577568228002,0.799577568228002,Top |rho| within random pair sample; not global full-market top edge
2024-12-31,120,301219.XSHE,301219,腾远钴业,600196.XSHG,600196,复星医药,120,1.0,0.7992279312844026,0.7992279312844026,Top |rho| within random pair sample; not global full-market top edge
2024-12-31,120,002439.XSHE,002439,启明星辰,688308.XSHG,688308,欧科亿,120,1.0,0.7990338428004621,0.7990338428004621,Top |rho| within random pair sample; not global full-market top edge
2024-12-31,120,002074.XSHE,002074,国轩高科,301168.XSHE,301168,通灵股份,120,1.0,0.7989599199799023,0.7989599199799023,Top |rho| within random pair sample; not global full-market top edge
2024-12-31,120,000783.XSHE,000783,长江证券,600663.XSHG,600663,陆家嘴,120,1.0,0.7984209732198634,0.7984209732198634,Top |rho| within random pair sample; not global full-market top edge
2024-12-31,120,002825.XSHE,002825,纳尔股份,300614.XSHE,300614,百川畅银,120,1.0,0.7984044479878973,0.7984044479878973,Top |rho| within random pair sample; not global full-market top edge
2024-12-31,120,002675.XSHE,002675,东诚药业,688505.XSHG,688505,复旦张江,120,1.0,0.7976438884500415,0.7976438884500415,Top |rho| within random pair sample; not global full-market top edge
2024-12-31,120,300867.XSHE,300867,圣元环保,603357.XSHG,603357,设计总院,120,1.0,0.7971107071703241,0.7971107071703241,Top |rho| within random pair sample; not global full-market top edge
2024-12-31,120,301105.XSHE,301105,鸿铭股份,688330.XSHG,688330,宏力达,120,1.0,0.7968178938540378,0.7968178938540378,Top |rho| within random pair sample; not global full-market top edge
2024-12-31,120,002375.XSHE,002375,亚厦股份,300190.XSHE,300190,维尔利,120,1.0,0.7963455388451693,0.7963455388451693,Top |rho| within random pair sample; not global full-market top edge
2024-12-31,120,300039.XSHE,300039,上海凯宝,301260.XSHE,301260,格力博,120,1.0,0.7958857113943962,0.7958857113943962,Top |rho| within random pair sample; not global full-market top edge
2024-12-31,120,301276.XSHE,301276,嘉曼服饰,688585.XSHG,688585,上纬新材,120,1.0,0.7956403565203027,0.7956403565203027,Top |rho| within random pair sample; not global full-market top edge
2024-12-31,120,002767.XSHE,002767,先锋电子,603089.XSHG,603089,正裕工业,120,1.0,0.7952835581303619,0.7952835581303619,Top |rho| within random pair sample; not global full-market top edge
2024-12-31,120,301185.XSHE,301185,鸥玛软件,688098.XSHG,688098,申联生物,120,1.0,0.7949963678205259,0.7949963678205259,Top |rho| within random pair sample; not global full-market top edge
2024-12-31,120,300837.XSHE,300837,浙矿股份,600459.XSHG,600459,贵研铂业,120,1.0,0.7948224379421475,0.7948224379421475,Top |rho| within random pair sample; not global full-market top edge
2024-12-31,120,300230.XSHE,300230,永利股份,301203.XSHE,301203,国泰环保,120,1.0,0.7946679670142911,0.7946679670142911,Top |rho| within random pair sample; not global full-market top edge
2024-12-31,120,003003.XSHE,003003,天元股份,301003.XSHE,301003,江苏博云,120,1.0,0.7945028901418055,0.7945028901418055,Top |rho| within random pair sample; not global full-market top edge
2024-12-31,120,002522.XSHE,002522,浙江众成,300074.XSHE,300074,华平股份,120,1.0,0.7942555679119279,0.7942555679119279,Top |rho| within random pair sample; not global full-market top edge
2024-12-31,120,002558.XSHE,002558,巨人网络,688556.XSHG,688556,高测股份,120,1.0,0.7929123949774116,0.7929123949774116,Top |rho| within random pair sample; not global full-market top edge
2024-12-31,120,300065.XSHE,300065,海兰信,300455.XSHE,300455,航天智装,120,1.0,0.7922743196567895,0.7922743196567895,Top |rho| within random pair sample; not global full-market top edge
2024-12-31,120,002176.XSHE,002176,江特电机,301216.XSHE,301216,万凯新材,120,1.0,0.7915637435322098,0.7915637435322098,Top |rho| within random pair sample; not global full-market top edge
2024-12-31,120,300286.XSHE,300286,安科瑞,300349.XSHE,300349,金卡智能,120,1.0,0.7915070380341717,0.7915070380341717,Top |rho| within random pair sample; not global full-market top edge
2024-12-31,120,300234.XSHE,300234,开尔新材,300289.XSHE,300289,利德曼,120,1.0,0.791444895295236,0.791444895295236,Top |rho| within random pair sample; not global full-market top edge
2024-12-31,120,300174.XSHE,300174,元力股份,688184.XSHG,688184,ST帕瓦,120,1.0,0.7913510228745373,0.7913510228745373,Top |rho| within random pair sample; not global full-market top edge
2024-12-31,120,002340.XSHE,002340,格林美,300257.XSHE,300257,开山股份,120,1.0,0.7903804699128625,0.7903804699128625,Top |rho| within random pair sample; not global full-market top edge
2024-12-31,120,002004.XSHE,002004,华邦健康,002498.XSHE,002498,汉缆股份,120,1.0,0.7901064055723929,0.7901064055723929,Top |rho| within random pair sample; not global full-market top edge
2024-12-31,120,300617.XSHE,300617,安靠智电,301468.XSHE,301468,博盈特焊,120,1.0,0.7887109098731907,0.7887109098731907,Top |rho| within random pair sample; not global full-market top edge
2024-12-31,120,300643.XSHE,300643,万通智控,300834.XSHE,300834,星辉环材,120,1.0,0.7884816322250164,0.7884816322250164,Top |rho| within random pair sample; not global full-market top edge
2024-12-31,120,300837.XSHE,300837,浙矿股份,603151.XSHG,603151,邦基科技,120,1.0,0.7883746053770121,0.7883746053770121,Top |rho| within random pair sample; not global full-market top edge
2025-12-31,120,000860.XSHE,000860,顺鑫农业,600199.XSHG,600199,金种子酒,120,1.0,0.8185831223126621,0.8185831223126621,Top |rho| within random pair sample; not global full-market top edge
2025-12-31,120,002381.XSHE,002381,双箭股份,603768.XSHG,603768,常青股份,120,1.0,0.7542565323925425,0.7542565323925425,Top |rho| within random pair sample; not global full-market top edge
2025-12-31,120,000548.XSHE,000548,湖南投资,002817.XSHE,002817,黄山胶囊,120,1.0,0.7463949613896427,0.7463949613896427,Top |rho| within random pair sample; not global full-market top edge
2025-12-31,120,002236.XSHE,002236,大华股份,600584.XSHG,600584,长电科技,120,1.0,0.7423303327284694,0.7423303327284694,Top |rho| within random pair sample; not global full-market top edge
2025-12-31,120,002817.XSHE,002817,黄山胶囊,301059.XSHE,301059,金三江,120,1.0,0.7416904444306516,0.7416904444306516,Top |rho| within random pair sample; not global full-market top edge
2025-12-31,120,002323.XSHE,002323,*ST雅博,002470.XSHE,002470,金正大,120,1.0,0.7342681964603744,0.7342681964603744,Top |rho| within random pair sample; not global full-market top edge
2025-12-31,120,300498.XSHE,300498,温氏股份,603477.XSHG,603477,巨星农牧,120,1.0,0.7289635276226324,0.7289635276226324,Top |rho| within random pair sample; not global full-market top edge
2025-12-31,120,300110.XSHE,300110,华仁药业,603387.XSHG,603387,基蛋生物,120,1.0,0.7260956951991574,0.7260956951991574,Top |rho| within random pair sample; not global full-market top edge
2025-12-31,120,002719.XSHE,002719,ST麦趣,600051.XSHG,600051,宁波联合,120,1.0,0.720773408090876,0.720773408090876,Top |rho| within random pair sample; not global full-market top edge
2025-12-31,120,000792.XSHE,000792,盐湖股份,600338.XSHG,600338,西藏珠峰,120,1.0,0.7098197244439756,0.7098197244439756,Top |rho| within random pair sample; not global full-market top edge
2025-12-31,120,000596.XSHE,000596,古井贡酒,600519.XSHG,600519,贵州茅台,120,1.0,0.7013139929651664,0.7013139929651664,Top |rho| within random pair sample; not global full-market top edge
2025-12-31,120,000931.XSHE,000931,中关村,301166.XSHE,301166,优宁维,120,1.0,0.6995306566565512,0.6995306566565512,Top |rho| within random pair sample; not global full-market top edge
2025-12-31,120,000790.XSHE,000790,华神科技,603387.XSHG,603387,基蛋生物,120,1.0,0.6950653391379211,0.6950653391379211,Top |rho| within random pair sample; not global full-market top edge
2025-12-31,120,000931.XSHE,000931,中关村,301429.XSHE,301429,森泰股份,120,1.0,0.6936103666653628,0.6936103666653628,Top |rho| within random pair sample; not global full-market top edge
2025-12-31,120,000701.XSHE,000701,厦门信达,002398.XSHE,002398,垒知集团,120,1.0,0.6788082125661048,0.6788082125661048,Top |rho| within random pair sample; not global full-market top edge
2025-12-31,120,002817.XSHE,002817,黄山胶囊,003008.XSHE,003008,开普检测,120,1.0,0.6775395891113518,0.6775395891113518,Top |rho| within random pair sample; not global full-market top edge
2025-12-31,120,002587.XSHE,002587,奥拓电子,300800.XSHE,300800,力合科技,120,1.0,0.6651380346673799,0.6651380346673799,Top |rho| within random pair sample; not global full-market top edge
2025-12-31,120,000155.XSHE,000155,川能动力,002176.XSHE,002176,江特电机,114,0.95,0.6624006435552268,0.6624006435552268,Top |rho| within random pair sample; not global full-market top edge
2025-12-31,120,002935.XSHE,002935,天奥电子,688439.XSHG,688439,振华风光,120,1.0,0.6490798980932819,0.6490798980932819,Top |rho| within random pair sample; not global full-market top edge
2025-12-31,120,300074.XSHE,300074,华平股份,300305.XSHE,300305,裕兴股份,120,1.0,0.6487975177362593,0.6487975177362593,Top |rho| within random pair sample; not global full-market top edge
2025-12-31,120,300074.XSHE,300074,华平股份,300834.XSHE,300834,星辉环材,120,1.0,0.6482103183974662,0.6482103183974662,Top |rho| within random pair sample; not global full-market top edge
2025-12-31,120,002686.XSHE,002686,亿利达,605108.XSHG,605108,同庆楼,120,1.0,0.6342416001297745,0.6342416001297745,Top |rho| within random pair sample; not global full-market top edge
2025-12-31,120,300895.XSHE,300895,铜牛信息,603927.XSHG,603927,中科软,120,1.0,0.6299311165555262,0.6299311165555262,Top |rho| within random pair sample; not global full-market top edge
2025-12-31,120,000707.XSHE,000707,双环科技,301390.XSHE,301390,经纬股份,120,1.0,0.6295916762137757,0.6295916762137757,Top |rho| within random pair sample; not global full-market top edge
2025-12-31,120,300625.XSHE,300625,三雄极光,603880.XSHG,603880,南卫股份,120,1.0,0.6283904898110302,0.6283904898110302,Top |rho| within random pair sample; not global full-market top edge
2025-12-31,120,002495.XSHE,002495,佳隆股份,600679.XSHG,600679,上海凤凰,120,1.0,0.6277412470802484,0.6277412470802484,Top |rho| within random pair sample; not global full-market top edge
2025-12-31,120,300239.XSHE,300239,东宝生物,300851.XSHE,300851,交大思诺,120,1.0,0.6249864695635993,0.6249864695635993,Top |rho| within random pair sample; not global full-market top edge
2025-12-31,120,000731.XSHE,000731,四川美丰,002539.XSHE,002539,云图控股,120,1.0,0.6200327624962249,0.6200327624962249,Top |rho| within random pair sample; not global full-market top edge
2025-12-31,120,002566.XSHE,002566,益盛药业,600479.XSHG,600479,千金药业,120,1.0,0.6171853747852462,0.6171853747852462,Top |rho| within random pair sample; not global full-market top edge
2025-12-31,120,000731.XSHE,000731,四川美丰,301098.XSHE,301098,金埔园林,120,1.0,0.6152158461565675,0.6152158461565675,Top |rho| within random pair sample; not global full-market top edge
2025-12-31,120,002172.XSHE,002172,澳洋健康,603029.XSHG,603029,天鹅股份,114,0.95,0.6140230398629405,0.6140230398629405,Top |rho| within random pair sample; not global full-market top edge
2025-12-31,120,300853.XSHE,300853,申昊科技,688681.XSHG,688681,科汇股份,120,1.0,0.610465357231548,0.610465357231548,Top |rho| within random pair sample; not global full-market top edge
2025-12-31,120,300738.XSHE,300738,奥飞数据,603881.XSHG,603881,数据港,120,1.0,0.6067483440798149,0.6067483440798149,Top |rho| within random pair sample; not global full-market top edge
2025-12-31,120,000977.XSHE,000977,浪潮信息,600570.XSHG,600570,恒生电子,120,1.0,0.6050319431646121,0.6050319431646121,Top |rho| within random pair sample; not global full-market top edge
2025-12-31,120,300441.XSHE,300441,鲍斯股份,301090.XSHE,301090,华润材料,120,1.0,0.6033985360011281,0.6033985360011281,Top |rho| within random pair sample; not global full-market top edge
2025-12-31,120,301095.XSHE,301095,广立微,301536.XSHE,301536,星宸科技,120,1.0,0.6030040127744367,0.6030040127744367,Top |rho| within random pair sample; not global full-market top edge
2025-12-31,120,002172.XSHE,002172,澳洋健康,600455.XSHG,600455,博通股份,114,0.95,0.6021465151721999,0.6021465151721999,Top |rho| within random pair sample; not global full-market top edge
2025-12-31,120,300915.XSHE,300915,海融科技,603729.XSHG,603729,ST龙韵,120,1.0,0.6014803169881159,0.6014803169881159,Top |rho| within random pair sample; not global full-market top edge
2025-12-31,120,300239.XSHE,300239,东宝生物,603188.XSHG,603188,亚邦股份,120,1.0,0.6001046266958339,0.6001046266958339,Top |rho| within random pair sample; not global full-market top edge
2025-12-31,120,002368.XSHE,002368,太极股份,688595.XSHG,688595,芯海科技,120,1.0,0.599634265928124,0.599634265928124,Top |rho| within random pair sample; not global full-market top edge
2025-12-31,120,002817.XSHE,002817,黄山胶囊,300241.XSHE,300241,瑞丰光电,120,1.0,0.5991451046676336,0.5991451046676336,Top |rho| within random pair sample; not global full-market top edge
2025-12-31,120,300800.XSHE,300800,力合科技,301508.XSHE,301508,中机认检,120,1.0,0.5967408818603417,0.5967408818603417,Top |rho| within random pair sample; not global full-market top edge
2025-12-31,120,300075.XSHE,300075,数字政通,603383.XSHG,603383,顶点软件,120,1.0,0.5955465251432127,0.5955465251432127,Top |rho| within random pair sample; not global full-market top edge
2025-12-31,120,002380.XSHE,002380,科远智慧,688080.XSHG,688080,映翰通,120,1.0,0.5951210895648533,0.5951210895648533,Top |rho| within random pair sample; not global full-market top edge
2025-12-31,120,300735.XSHE,300735,光弘科技,688207.XSHG,688207,格灵深瞳,120,1.0,0.5950779475138508,0.5950779475138508,Top |rho| within random pair sample; not global full-market top edge
2025-12-31,120,300891.XSHE,300891,惠云钛业,600367.XSHG,600367,红星发展,120,1.0,0.5950772270955229,0.5950772270955229,Top |rho| within random pair sample; not global full-market top edge
2025-12-31,120,301098.XSHE,301098,金埔园林,600616.XSHG,600616,金枫酒业,120,1.0,0.5947969635626973,0.5947969635626973,Top |rho| within random pair sample; not global full-market top edge
2025-12-31,120,000088.XSHE,000088,盐田港,600310.XSHG,600310,广西能源,120,1.0,0.5947707556427547,0.5947707556427547,Top |rho| within random pair sample; not global full-market top edge
2025-12-31,120,000759.XSHE,000759,中百集团,600778.XSHG,600778,友好集团,120,1.0,0.5944926356266184,0.5944926356266184,Top |rho| within random pair sample; not global full-market top edge
2025-12-31,120,300763.XSHE,300763,锦浪科技,300919.XSHE,300919,中伟新材,120,1.0,0.5906400162497135,0.5906400162497135,Top |rho| within random pair sample; not global full-market top edge
2025-12-31,120,002282.XSHE,002282,博深股份,600903.XSHG,600903,贵州燃气,120,1.0,0.5894215900257035,0.5894215900257035,Top |rho| within random pair sample; not global full-market top edge
2025-12-31,120,301290.XSHE,301290,东星医疗,600455.XSHG,600455,博通股份,120,1.0,0.5876866733604105,0.5876866733604105,Top |rho| within random pair sample; not global full-market top edge
2025-12-31,120,301198.XSHE,301198,喜悦智行,688576.XSHG,688576,西山科技,120,1.0,0.587189663124687,0.587189663124687,Top |rho| within random pair sample; not global full-market top edge
2025-12-31,120,002524.XSHE,002524,光正眼科,600137.XSHG,600137,浪莎股份,120,1.0,0.5852399402463946,0.5852399402463946,Top |rho| within random pair sample; not global full-market top edge
2025-12-31,120,300422.XSHE,300422,博世科,300535.XSHE,300535,达威股份,120,1.0,0.5846412999099554,0.5846412999099554,Top |rho| within random pair sample; not global full-market top edge
2025-12-31,120,002835.XSHE,002835,同为股份,300550.XSHE,300550,和仁科技,120,1.0,0.5838013731599339,0.5838013731599339,Top |rho| within random pair sample; not global full-market top edge
2025-12-31,120,300504.XSHE,300504,天邑股份,301239.XSHE,301239,普瑞眼科,120,1.0,0.5810751709353398,0.5810751709353398,Top |rho| within random pair sample; not global full-market top edge
2025-12-31,120,300053.XSHE,300053,航宇微,688512.XSHG,688512,慧智微,120,1.0,0.5806207887178519,0.5806207887178519,Top |rho| within random pair sample; not global full-market top edge
2025-12-31,120,300243.XSHE,300243,瑞丰高材,601966.XSHG,601966,玲珑轮胎,120,1.0,0.5794893515458297,0.5794893515458297,Top |rho| within random pair sample; not global full-market top edge
2025-12-31,120,001308.XSHE,001308,康冠科技,603341.XSHG,603341,龙旗科技,120,1.0,0.5783659141625052,0.5783659141625052,Top |rho| within random pair sample; not global full-market top edge
2025-12-31,120,300031.XSHE,300031,宝通科技,300613.XSHE,300613,富瀚微,120,1.0,0.576876683888096,0.576876683888096,Top |rho| within random pair sample; not global full-market top edge
2025-12-31,120,300396.XSHE,300396,ST迪瑞,605567.XSHG,605567,春雪食品,120,1.0,0.576708773612906,0.576708773612906,Top |rho| within random pair sample; not global full-market top edge
2025-12-31,120,002145.XSHE,002145,钛能化学,002690.XSHE,002690,美亚光电,120,1.0,0.5760584104249182,0.5760584104249182,Top |rho| within random pair sample; not global full-market top edge
2025-12-31,120,002011.XSHE,002011,盾安环境,301291.XSHE,301291,明阳电气,120,1.0,0.5751197379018284,0.5751197379018284,Top |rho| within random pair sample; not global full-market top edge
2025-12-31,120,301049.XSHE,301049,超越科技,301167.XSHE,301167,建研设计,120,1.0,0.5734142434993768,0.5734142434993768,Top |rho| within random pair sample; not global full-market top edge
2025-12-31,120,300845.XSHE,300845,捷安高科,605186.XSHG,605186,健麾信息,120,1.0,0.5704589026431565,0.5704589026431565,Top |rho| within random pair sample; not global full-market top edge
2025-12-31,120,002340.XSHE,002340,格林美,688525.XSHG,688525,佰维存储,120,1.0,0.5699561237413912,0.5699561237413912,Top |rho| within random pair sample; not global full-market top edge
2025-12-31,120,002777.XSHE,002777,久远银海,600602.XSHG,600602,云赛智联,120,1.0,0.5697485193102786,0.5697485193102786,Top |rho| within random pair sample; not global full-market top edge
2025-12-31,120,001308.XSHE,001308,康冠科技,300112.XSHE,300112,万讯自控,120,1.0,0.568887308610392,0.568887308610392,Top |rho| within random pair sample; not global full-market top edge
2025-12-31,120,000166.XSHE,000166,申万宏源,601162.XSHG,601162,天风证券,120,1.0,0.5685105562083121,0.5685105562083121,Top |rho| within random pair sample; not global full-market top edge
2025-12-31,120,002247.XSHE,002247,聚力文化,688479.XSHG,688479,友车科技,120,1.0,0.5684865264313498,0.5684865264313498,Top |rho| within random pair sample; not global full-market top edge
2025-12-31,120,000554.XSHE,000554,泰山石油,600189.XSHG,600189,泉阳泉,120,1.0,0.5666829454664595,0.5666829454664595,Top |rho| within random pair sample; not global full-market top edge
2025-12-31,120,002559.XSHE,002559,亚威股份,688432.XSHG,688432,有研硅,120,1.0,0.5663939502002747,0.5663939502002747,Top |rho| within random pair sample; not global full-market top edge
2025-12-31,120,001373.XSHE,001373,翔腾新材,688701.XSHG,688701,卓锦股份,120,1.0,0.5650659313822712,0.5650659313822712,Top |rho| within random pair sample; not global full-market top edge
2025-12-31,120,300355.XSHE,300355,蒙草生态,603070.XSHG,603070,万控智造,120,1.0,0.5648734015007368,0.5648734015007368,Top |rho| within random pair sample; not global full-market top edge
2025-12-31,120,000812.XSHE,000812,陕西金叶,300883.XSHE,300883,龙利得,120,1.0,0.5632867869899143,0.5632867869899143,Top |rho| within random pair sample; not global full-market top edge
2025-12-31,120,000404.XSHE,000404,长虹华意,600768.XSHG,600768,富邦新材,120,1.0,0.5620965597002343,0.5620965597002343,Top |rho| within random pair sample; not global full-market top edge
2025-12-31,120,300851.XSHE,300851,交大思诺,301499.XSHE,301499,维科精密,120,1.0,0.5619716834370543,0.5619716834370543,Top |rho| within random pair sample; not global full-market top edge
2025-12-31,120,000573.XSHE,000573,粤宏远A,600876.XSHG,600876,凯盛新能,120,1.0,0.5616149077802085,0.5616149077802085,Top |rho| within random pair sample; not global full-market top edge
2025-12-31,120,002615.XSHE,002615,哈尔斯,300621.XSHE,300621,维业股份,120,1.0,0.5613020505867646,0.5613020505867646,Top |rho| within random pair sample; not global full-market top edge
2025-12-31,120,002828.XSHE,002828,贝肯能源,600883.XSHG,600883,博闻科技,120,1.0,0.560739345004798,0.560739345004798,Top |rho| within random pair sample; not global full-market top edge
2025-12-31,120,000883.XSHE,000883,湖北能源,601985.XSHG,601985,中国核电,120,1.0,0.5602258044047689,0.5602258044047689,Top |rho| within random pair sample; not global full-market top edge
2025-12-31,120,300284.XSHE,300284,苏交科,300374.XSHE,300374,中铁装配,120,1.0,0.5594401640761301,0.5594401640761301,Top |rho| within random pair sample; not global full-market top edge
2025-12-31,120,002442.XSHE,002442,龙星科技,002573.XSHE,002573,清新环境,120,1.0,0.5593076778651758,0.5593076778651758,Top |rho| within random pair sample; not global full-market top edge
2025-12-31,120,000605.XSHE,000605,渤海股份,603689.XSHG,603689,皖天然气,120,1.0,0.5579270001112265,0.5579270001112265,Top |rho| within random pair sample; not global full-market top edge
2025-12-31,120,301206.XSHE,301206,三元生物,301296.XSHE,301296,新巨丰,120,1.0,0.5571506586737845,0.5571506586737845,Top |rho| within random pair sample; not global full-market top edge
2025-12-31,120,002186.XSHE,002186,全聚德,601007.XSHG,601007,金陵饭店,120,1.0,0.5558154088146731,0.5558154088146731,Top |rho| within random pair sample; not global full-market top edge
2025-12-31,120,300894.XSHE,300894,火星人,301515.XSHE,301515,港通医疗,120,1.0,0.5558023151875265,0.5558023151875265,Top |rho| within random pair sample; not global full-market top edge
2025-12-31,120,000726.XSHE,000726,鲁泰A,688057.XSHG,688057,金达莱,120,1.0,0.5554302685015466,0.5554302685015466,Top |rho| within random pair sample; not global full-market top edge
2025-12-31,120,002493.XSHE,002493,荣盛石化,600500.XSHG,600500,中化国际,110,0.9166666666666666,0.5552813446472962,0.5552813446472962,Top |rho| within random pair sample; not global full-market top edge
2025-12-31,120,002224.XSHE,002224,三力士,002719.XSHE,002719,ST麦趣,120,1.0,0.5551819575831681,0.5551819575831681,Top |rho| within random pair sample; not global full-market top edge
2025-12-31,120,000570.XSHE,000570,苏常柴A,600470.XSHG,600470,六国化工,120,1.0,0.5541107554754735,0.5541107554754735,Top |rho| within random pair sample; not global full-market top edge
2025-12-31,120,002375.XSHE,002375,亚厦股份,603578.XSHG,603578,三星新材,120,1.0,0.5541014707611084,0.5541014707611084,Top |rho| within random pair sample; not global full-market top edge
2025-12-31,120,300110.XSHE,300110,华仁药业,600743.XSHG,600743,华远控股,120,1.0,0.5539469702424517,0.5539469702424517,Top |rho| within random pair sample; not global full-market top edge
2025-12-31,120,002609.XSHE,002609,捷顺科技,300590.XSHE,300590,移为通信,120,1.0,0.5535953744175414,0.5535953744175414,Top |rho| within random pair sample; not global full-market top edge
2025-12-31,120,300287.XSHE,300287,飞利信,600770.XSHG,600770,综艺股份,120,1.0,0.5534163430952442,0.5534163430952442,Top |rho| within random pair sample; not global full-market top edge
2025-12-31,120,002092.XSHE,002092,中泰化学,300425.XSHE,300425,中建环能,120,1.0,0.5532464135836539,0.5532464135836539,Top |rho| within random pair sample; not global full-market top edge
2025-12-31,120,001278.XSHE,001278,一彬科技,603022.XSHG,603022,新通联,120,1.0,0.552635438248414,0.552635438248414,Top |rho| within random pair sample; not global full-market top edge
2025-12-31,120,002494.XSHE,002494,华斯股份,300311.XSHE,300311,任子行,120,1.0,0.5524829867341584,0.5524829867341584,Top |rho| within random pair sample; not global full-market top edge
2025-12-31,120,000605.XSHE,000605,渤海股份,301370.XSHE,301370,国科恒泰,120,1.0,0.5519650955322627,0.5519650955322627,Top |rho| within random pair sample; not global full-market top edge
2026-09-03,120,300220.XSHE,300220,金运激光,603321.XSHG,603321,梅轮电梯,120,1.0,0.8875287595619532,0.8875287595619532,Top |rho| within random pair sample; not global full-market top edge
2026-09-03,120,002188.XSHE,002188,中天服务,300621.XSHE,300621,维业股份,120,1.0,0.8675408046069717,0.8675408046069717,Top |rho| within random pair sample; not global full-market top edge
2026-09-03,120,000750.XSHE,000750,国海证券,600109.XSHG,600109,国金证券,120,1.0,0.8542631103274622,0.8542631103274622,Top |rho| within random pair sample; not global full-market top edge
2026-09-03,120,300126.XSHE,300126,锐奇股份,300350.XSHE,300350,华鹏飞,120,1.0,0.8504615152757712,0.8504615152757712,Top |rho| within random pair sample; not global full-market top edge
2026-09-03,120,300240.XSHE,300240,飞力达,603321.XSHG,603321,梅轮电梯,120,1.0,0.8455126900182207,0.8455126900182207,Top |rho| within random pair sample; not global full-market top edge
2026-09-03,120,000619.XSHE,000619,海螺新材,301355.XSHE,301355,南王科技,120,1.0,0.8422346002822081,0.8422346002822081,Top |rho| within random pair sample; not global full-market top edge
2026-09-03,120,002495.XSHE,002495,佳隆股份,603536.XSHG,603536,惠发食品,120,1.0,0.8392222591298809,0.8392222591298809,Top |rho| within random pair sample; not global full-market top edge
2026-09-03,120,000888.XSHE,000888,峨眉山A,600138.XSHG,600138,中青旅,120,1.0,0.836310576783634,0.836310576783634,Top |rho| within random pair sample; not global full-market top edge
2026-09-03,120,000548.XSHE,000548,湖南投资,300621.XSHE,300621,维业股份,120,1.0,0.8193837294861975,0.8193837294861975,Top |rho| within random pair sample; not global full-market top edge
2026-09-03,120,002383.XSHE,002383,合众思壮,301311.XSHE,301311,昆船智能,120,1.0,0.81638908181382,0.81638908181382,Top |rho| within random pair sample; not global full-market top edge
2026-09-03,120,000605.XSHE,000605,渤海股份,601599.XSHG,601599,浙文影业,120,1.0,0.8109184497846148,0.8109184497846148,Top |rho| within random pair sample; not global full-market top edge
2026-09-03,120,002790.XSHE,002790,瑞尔特,600202.XSHG,600202,哈空调,120,1.0,0.8076723699476784,0.8076723699476784,Top |rho| within random pair sample; not global full-market top edge
2026-09-03,120,002097.XSHE,002097,山河智能,002337.XSHE,002337,赛象科技,120,1.0,0.7988917320713865,0.7988917320713865,Top |rho| within random pair sample; not global full-market top edge
2026-09-03,120,300240.XSHE,300240,飞力达,603168.XSHG,603168,莎普爱思,120,1.0,0.7981319046745696,0.7981319046745696,Top |rho| within random pair sample; not global full-market top edge
2026-09-03,120,300030.XSHE,300030,阳普医疗,603385.XSHG,603385,惠达卫浴,120,1.0,0.7967854534834801,0.7967854534834801,Top |rho| within random pair sample; not global full-market top edge
2026-09-03,120,002188.XSHE,002188,中天服务,300614.XSHE,300614,百川畅银,120,1.0,0.7955943733943183,0.7955943733943183,Top |rho| within random pair sample; not global full-market top edge
2026-09-03,120,002817.XSHE,002817,黄山胶囊,603028.XSHG,603028,赛福天,120,1.0,0.7939795602177689,0.7939795602177689,Top |rho| within random pair sample; not global full-market top edge
2026-09-03,120,300466.XSHE,300466,赛摩智能,300513.XSHE,300513,恒实科技,120,1.0,0.7930243162969101,0.7930243162969101,Top |rho| within random pair sample; not global full-market top edge
2026-09-03,120,300288.XSHE,300288,朗玛信息,300678.XSHE,300678,中科信息,120,1.0,0.7855769681361012,0.7855769681361012,Top |rho| within random pair sample; not global full-market top edge
2026-09-03,120,002523.XSHE,002523,天桥起重,002593.XSHE,002593,日上集团,120,1.0,0.7842525882725906,0.7842525882725906,Top |rho| within random pair sample; not global full-market top edge
2026-09-03,120,000548.XSHE,000548,湖南投资,002524.XSHE,002524,光正眼科,120,1.0,0.7785135552302277,0.7785135552302277,Top |rho| within random pair sample; not global full-market top edge
2026-09-03,120,002707.XSHE,002707,众信旅游,600223.XSHG,600223,福瑞达,120,1.0,0.7771901738959169,0.7771901738959169,Top |rho| within random pair sample; not global full-market top edge
2026-09-03,120,003003.XSHE,003003,天元股份,688701.XSHG,688701,卓锦股份,120,1.0,0.775404911558623,0.775404911558623,Top |rho| within random pair sample; not global full-market top edge
2026-09-03,120,000605.XSHE,000605,渤海股份,002663.XSHE,002663,普邦股份,120,1.0,0.7752021011871114,0.7752021011871114,Top |rho| within random pair sample; not global full-market top edge
2026-09-03,120,002363.XSHE,002363,隆基机械,300597.XSHE,300597,吉大通信,120,1.0,0.7742752316482189,0.7742752316482189,Top |rho| within random pair sample; not global full-market top edge
2026-09-03,120,300837.XSHE,300837,浙矿股份,301359.XSHE,301359,东南电子,120,1.0,0.7706945477046027,0.7706945477046027,Top |rho| within random pair sample; not global full-market top edge
2026-09-03,120,002224.XSHE,002224,三力士,300220.XSHE,300220,金运激光,120,1.0,0.7663501019565773,0.7663501019565773,Top |rho| within random pair sample; not global full-market top edge
2026-09-03,120,000757.XSHE,000757,浩物股份,301103.XSHE,301103,何氏眼科,120,1.0,0.7657354050726418,0.7657354050726418,Top |rho| within random pair sample; not global full-market top edge
2026-09-03,120,002065.XSHE,002065,东华软件,300271.XSHE,300271,华宇软件,120,1.0,0.7639844290171133,0.7639844290171133,Top |rho| within random pair sample; not global full-market top edge
2026-09-03,120,001373.XSHE,001373,翔腾新材,002247.XSHE,002247,聚力文化,120,1.0,0.7610403999768354,0.7610403999768354,Top |rho| within random pair sample; not global full-market top edge
2026-09-03,120,000619.XSHE,000619,海螺新材,000868.XSHE,000868,安凯客车,120,1.0,0.7605021899788565,0.7605021899788565,Top |rho| within random pair sample; not global full-market top edge
2026-09-03,120,002643.XSHE,002643,万润股份,688230.XSHG,688230,芯导科技,120,1.0,0.760360208051611,0.760360208051611,Top |rho| within random pair sample; not global full-market top edge
2026-09-03,120,300645.XSHE,300645,正元智慧,300971.XSHE,300971,博亚精工,120,1.0,0.7602116886398234,0.7602116886398234,Top |rho| within random pair sample; not global full-market top edge
2026-09-03,120,300666.XSHE,300666,江丰电子,688138.XSHG,688138,清溢光电,120,1.0,0.7591811156631162,0.7591811156631162,Top |rho| within random pair sample; not global full-market top edge
2026-09-03,120,002576.XSHE,002576,通达动力,300549.XSHE,300549,优德精密,120,1.0,0.7562848419036732,0.7562848419036732,Top |rho| within random pair sample; not global full-market top edge
2026-09-03,120,300602.XSHE,300602,飞荣达,300990.XSHE,300990,同飞股份,120,1.0,0.755173980666994,0.755173980666994,Top |rho| within random pair sample; not global full-market top edge
2026-09-03,120,002224.XSHE,002224,三力士,002799.XSHE,002799,环球印务,120,1.0,0.7508092977689839,0.7508092977689839,Top |rho| within random pair sample; not global full-market top edge
2026-09-03,120,000975.XSHE,000975,山金国际,002155.XSHE,002155,湖南黄金,114,0.95,0.7475733975902835,0.7475733975902835,Top |rho| within random pair sample; not global full-market top edge
2026-09-03,120,300063.XSHE,300063,天龙集团,688095.XSHG,688095,福昕软件,120,1.0,0.7434761103808891,0.7434761103808891,Top |rho| within random pair sample; not global full-market top edge
2026-09-03,120,002664.XSHE,002664,信质集团,688165.XSHG,688165,埃夫特,120,1.0,0.7417388956232406,0.7417388956232406,Top |rho| within random pair sample; not global full-market top edge
2026-09-03,120,300995.XSHE,300995,奇德新材,688681.XSHG,688681,科汇股份,120,1.0,0.7415174865206777,0.7415174865206777,Top |rho| within random pair sample; not global full-market top edge
2026-09-03,120,002523.XSHE,002523,天桥起重,603982.XSHG,603982,泉峰汽车,120,1.0,0.7414954329427205,0.7414954329427205,Top |rho| within random pair sample; not global full-market top edge
2026-09-03,120,002622.XSHE,002622,皓宸医疗,603326.XSHG,603326,我乐家居,120,1.0,0.7400945804773743,0.7400945804773743,Top |rho| within random pair sample; not global full-market top edge
2026-09-03,120,301065.XSHE,301065,本立科技,603729.XSHG,603729,ST龙韵,118,0.9833333333333333,0.7395420205941584,0.7395420205941584,Top |rho| within random pair sample; not global full-market top edge
2026-09-03,120,002461.XSHE,002461,珠江啤酒,600573.XSHG,600573,惠泉啤酒,120,1.0,0.7394394362558235,0.7394394362558235,Top |rho| within random pair sample; not global full-market top edge
2026-09-03,120,002009.XSHE,002009,天奇股份,688165.XSHG,688165,埃夫特,120,1.0,0.7381681160956368,0.7381681160956368,Top |rho| within random pair sample; not global full-market top edge
2026-09-03,120,300238.XSHE,300238,冠昊生物,688670.XSHG,688670,金迪克,120,1.0,0.7375219462969961,0.7375219462969961,Top |rho| within random pair sample; not global full-market top edge
2026-09-03,120,002022.XSHE,002022,科华生物,600097.XSHG,600097,开创国际,120,1.0,0.7371866615556629,0.7371866615556629,Top |rho| within random pair sample; not global full-market top edge
2026-09-03,120,300240.XSHE,300240,飞力达,300899.XSHE,300899,上海凯鑫,118,0.9833333333333333,0.7361169065955394,0.7361169065955394,Top |rho| within random pair sample; not global full-market top edge
2026-09-03,120,002097.XSHE,002097,山河智能,688588.XSHG,688588,凌志软件,120,1.0,0.7350738285238625,0.7350738285238625,Top |rho| within random pair sample; not global full-market top edge
2026-09-03,120,000637.XSHE,000637,茂化实华,605122.XSHG,605122,四方新材,120,1.0,0.7343091506258523,0.7343091506258523,Top |rho| within random pair sample; not global full-market top edge
2026-09-03,120,002186.XSHE,002186,全聚德,600787.XSHG,600787,中储股份,120,1.0,0.7327750516947827,0.7327750516947827,Top |rho| within random pair sample; not global full-market top edge
2026-09-03,120,002232.XSHE,002232,启明信息,300479.XSHE,300479,神思电子,120,1.0,0.7319139277515662,0.7319139277515662,Top |rho| within random pair sample; not global full-market top edge
2026-09-03,120,300271.XSHE,300271,华宇软件,600880.XSHG,600880,博瑞传播,120,1.0,0.7312893876524934,0.7312893876524934,Top |rho| within random pair sample; not global full-market top edge
2026-09-03,120,301300.XSHE,301300,远翔新材,600774.XSHG,600774,汉商集团,120,1.0,0.7287752122075594,0.7287752122075594,Top |rho| within random pair sample; not global full-market top edge
2026-09-03,120,300512.XSHE,300512,中亚股份,688132.XSHG,688132,邦彦技术,120,1.0,0.7287194793447428,0.7287194793447428,Top |rho| within random pair sample; not global full-market top edge
2026-09-03,120,002337.XSHE,002337,赛象科技,300451.XSHE,300451,创业慧康,120,1.0,0.7275660804100499,0.7275660804100499,Top |rho| within random pair sample; not global full-market top edge
2026-09-03,120,003003.XSHE,003003,天元股份,301300.XSHE,301300,远翔新材,120,1.0,0.7275491275581873,0.7275491275581873,Top |rho| within random pair sample; not global full-market top edge
2026-09-03,120,002835.XSHE,002835,同为股份,600448.XSHG,600448,华纺股份,120,1.0,0.7259868103609224,0.7259868103609224,Top |rho| within random pair sample; not global full-market top edge
2026-09-03,120,000790.XSHE,000790,华神科技,002495.XSHE,002495,佳隆股份,120,1.0,0.7251649277355368,0.7251649277355368,Top |rho| within random pair sample; not global full-market top edge
2026-09-03,120,002562.XSHE,002562,兄弟科技,688588.XSHG,688588,凌志软件,120,1.0,0.7243619799874833,0.7243619799874833,Top |rho| within random pair sample; not global full-market top edge
2026-09-03,120,002295.XSHE,002295,精艺股份,301167.XSHE,301167,建研设计,120,1.0,0.7242721082957871,0.7242721082957871,Top |rho| within random pair sample; not global full-market top edge
2026-09-03,120,002495.XSHE,002495,佳隆股份,600833.XSHG,600833,第一医药,120,1.0,0.7231566113124837,0.7231566113124837,Top |rho| within random pair sample; not global full-market top edge
2026-09-03,120,002835.XSHE,002835,同为股份,603028.XSHG,603028,赛福天,120,1.0,0.7227825337634374,0.7227825337634374,Top |rho| within random pair sample; not global full-market top edge
2026-09-03,120,002098.XSHE,002098,浔兴股份,603326.XSHG,603326,我乐家居,120,1.0,0.720200481650898,0.720200481650898,Top |rho| within random pair sample; not global full-market top edge
2026-09-03,120,002413.XSHE,002413,雷科防务,002935.XSHE,002935,天奥电子,120,1.0,0.7197263861051396,0.7197263861051396,Top |rho| within random pair sample; not global full-market top edge
2026-09-03,120,002401.XSHE,002401,中远海科,301032.XSHE,301032,新柴股份,120,1.0,0.7188103372626928,0.7188103372626928,Top |rho| within random pair sample; not global full-market top edge
2026-09-03,120,002996.XSHE,002996,顺博合金,003003.XSHE,003003,天元股份,120,1.0,0.7169367250602829,0.7169367250602829,Top |rho| within random pair sample; not global full-market top edge
2026-09-03,120,300824.XSHE,300824,北鼎股份,301175.XSHE,301175,中科环保,120,1.0,0.7168376963858643,0.7168376963858643,Top |rho| within random pair sample; not global full-market top edge
2026-09-03,120,300884.XSHE,300884,狄耐克,688420.XSHG,688420,美腾科技,120,1.0,0.7151962718232242,0.7151962718232242,Top |rho| within random pair sample; not global full-market top edge
2026-09-03,120,000612.XSHE,000612,焦作万方,601677.XSHG,601677,明泰铝业,120,1.0,0.7150295365733343,0.7150295365733343,Top |rho| within random pair sample; not global full-market top edge
2026-09-03,120,301066.XSHE,301066,万事利,301192.XSHE,301192,泰祥股份,120,1.0,0.7143140650139137,0.7143140650139137,Top |rho| within random pair sample; not global full-market top edge
2026-09-03,120,000570.XSHE,000570,苏常柴A,002247.XSHE,002247,聚力文化,120,1.0,0.7138219771726662,0.7138219771726662,Top |rho| within random pair sample; not global full-market top edge
2026-09-03,120,002065.XSHE,002065,东华软件,002405.XSHE,002405,四维图新,120,1.0,0.7138154107196772,0.7138154107196772,Top |rho| within random pair sample; not global full-market top edge
2026-09-03,120,300220.XSHE,300220,金运激光,300375.XSHE,300375,鹏翎股份,120,1.0,0.7136585069515126,0.7136585069515126,Top |rho| within random pair sample; not global full-market top edge
2026-09-03,120,300842.XSHE,300842,帝科股份,688665.XSHG,688665,四方光电,120,1.0,0.7124860441751397,0.7124860441751397,Top |rho| within random pair sample; not global full-market top edge
2026-09-03,120,300034.XSHE,300034,钢研高纳,300455.XSHE,300455,航天智装,120,1.0,0.7114770114027557,0.7114770114027557,Top |rho| within random pair sample; not global full-market top edge
2026-09-03,120,000561.XSHE,000561,烽火电子,300549.XSHE,300549,优德精密,120,1.0,0.7096725215446915,0.7096725215446915,Top |rho| within random pair sample; not global full-market top edge
2026-09-03,120,002343.XSHE,002343,慈文传媒,603041.XSHG,603041,美思德,120,1.0,0.7092575635981228,0.7092575635981228,Top |rho| within random pair sample; not global full-market top edge
2026-09-03,120,300701.XSHE,300701,森霸传感,688060.XSHG,688060,云涌科技,120,1.0,0.7088231677582049,0.7088231677582049,Top |rho| within random pair sample; not global full-market top edge
2026-09-03,120,002523.XSHE,002523,天桥起重,300423.XSHE,300423,昇辉科技,120,1.0,0.7078833046163032,0.7078833046163032,Top |rho| within random pair sample; not global full-market top edge
2026-09-03,120,002566.XSHE,002566,益盛药业,600351.XSHG,600351,亚宝药业,120,1.0,0.7078465840720363,0.7078465840720363,Top |rho| within random pair sample; not global full-market top edge
2026-09-03,120,300451.XSHE,300451,创业慧康,600658.XSHG,600658,电子城,120,1.0,0.7064535287885901,0.7064535287885901,Top |rho| within random pair sample; not global full-market top edge
2026-09-03,120,002513.XSHE,002513,蓝丰生化,300707.XSHE,300707,威唐工业,120,1.0,0.7059885279600475,0.7059885279600475,Top |rho| within random pair sample; not global full-market top edge
2026-09-03,120,002451.XSHE,002451,摩恩电气,600883.XSHG,600883,博闻科技,120,1.0,0.7058855666757887,0.7058855666757887,Top |rho| within random pair sample; not global full-market top edge
2026-09-03,120,002530.XSHE,002530,金财互联,688616.XSHG,688616,西力科技,120,1.0,0.7056950567809895,0.7056950567809895,Top |rho| within random pair sample; not global full-market top edge
2026-09-03,120,002676.XSHE,002676,顺威股份,603686.XSHG,603686,福龙马,120,1.0,0.7055305188347027,0.7055305188347027,Top |rho| within random pair sample; not global full-market top edge
2026-09-03,120,000757.XSHE,000757,浩物股份,600356.XSHG,600356,恒丰纸业,120,1.0,0.7046987448040918,0.7046987448040918,Top |rho| within random pair sample; not global full-market top edge
2026-09-03,120,300074.XSHE,300074,华平股份,688395.XSHG,688395,正弦电气,120,1.0,0.7032083180955726,0.7032083180955726,Top |rho| within random pair sample; not global full-market top edge
2026-09-03,120,002495.XSHE,002495,佳隆股份,300160.XSHE,300160,秀强股份,120,1.0,0.7030727228526281,0.7030727228526281,Top |rho| within random pair sample; not global full-market top edge
2026-09-03,120,002877.XSHE,002877,智能自控,688588.XSHG,688588,凌志软件,120,1.0,0.7017462851143433,0.7017462851143433,Top |rho| within random pair sample; not global full-market top edge
2026-09-03,120,300610.XSHE,300610,晨化股份,603739.XSHG,603739,蔚蓝生物,120,1.0,0.7014066299119422,0.7014066299119422,Top |rho| within random pair sample; not global full-market top edge
2026-09-03,120,300659.XSHE,300659,中孚信息,301011.XSHE,301011,华立科技,120,1.0,0.7013764321610214,0.7013764321610214,Top |rho| within random pair sample; not global full-market top edge
2026-09-03,120,300032.XSHE,300032,金龙机电,301386.XSHE,301386,未来电器,120,1.0,0.700946213596532,0.700946213596532,Top |rho| within random pair sample; not global full-market top edge
2026-09-03,120,002835.XSHE,002835,同为股份,300324.XSHE,300324,旋极信息,120,1.0,0.7006616171489592,0.7006616171489592,Top |rho| within random pair sample; not global full-market top edge
2026-09-03,120,002316.XSHE,002316,亚联发展,600805.XSHG,600805,悦达投资,120,1.0,0.7006216521621479,0.7006216521621479,Top |rho| within random pair sample; not global full-market top edge
2026-09-03,120,300375.XSHE,300375,鹏翎股份,300423.XSHE,300423,昇辉科技,120,1.0,0.7002782167547918,0.7002782167547918,Top |rho| within random pair sample; not global full-market top edge
2026-09-03,120,002852.XSHE,002852,道道全,600774.XSHG,600774,汉商集团,120,1.0,0.7001357209162652,0.7001357209162652,Top |rho| within random pair sample; not global full-market top edge
2026-09-03,120,000701.XSHE,000701,厦门信达,688616.XSHG,688616,西力科技,120,1.0,0.699882154270585,0.699882154270585,Top |rho| within random pair sample; not global full-market top edge
2026-09-03,120,000963.XSHE,000963,华东医药,688739.XSHG,688739,成大生物,120,1.0,0.6966208165963518,0.6966208165963518,Top |rho| within random pair sample; not global full-market top edge
2016-12-30,252,000166.XSHE,000166,申万宏源,601788.XSHG,601788,光大证券,244,0.9682539682539683,0.9136026507089176,0.9136026507089176,Top |rho| within random pair sample; not global full-market top edge
2016-12-30,252,002736.XSHE,002736,国信证券,601788.XSHG,601788,光大证券,252,1.0,0.9040321162021232,0.9040321162021232,Top |rho| within random pair sample; not global full-market top edge
2016-12-30,252,000166.XSHE,000166,申万宏源,002736.XSHE,002736,国信证券,244,0.9682539682539683,0.8985687277729758,0.8985687277729758,Top |rho| within random pair sample; not global full-market top edge
2016-12-30,252,002657.XSHE,002657,中科金财,300085.XSHE,300085,银之杰,247,0.9801587301587301,0.8945295215225827,0.8945295215225827,Top |rho| within random pair sample; not global full-market top edge
2016-12-30,252,000539.XSHE,000539,粤电力A,600269.XSHG,600269,赣粤高速,252,1.0,0.8577324675763469,0.8577324675763469,Top |rho| within random pair sample; not global full-market top edge
2016-12-30,252,000027.XSHE,000027,深圳能源,600033.XSHG,600033,福建高速,252,1.0,0.8574153383332822,0.8574153383332822,Top |rho| within random pair sample; not global full-market top edge
2016-12-30,252,002063.XSHE,002063,远光软件,601218.XSHG,601218,吉鑫科技,241,0.9563492063492064,0.8415606102094123,0.8415606102094123,Top |rho| within random pair sample; not global full-market top edge
2016-12-30,252,000728.XSHE,000728,国元证券,600369.XSHG,600369,西南证券,231,0.9166666666666666,0.8415566302040794,0.8415566302040794,Top |rho| within random pair sample; not global full-market top edge
2016-12-30,252,000027.XSHE,000027,深圳能源,600811.XSHG,600811,*ST东方,252,1.0,0.840674300970789,0.840674300970789,Top |rho| within random pair sample; not global full-market top edge
2016-12-30,252,000728.XSHE,000728,国元证券,000783.XSHE,000783,长江证券,231,0.9166666666666666,0.8404334668959501,0.8404334668959501,Top |rho| within random pair sample; not global full-market top edge
2016-12-30,252,002327.XSHE,002327,富安娜,601218.XSHG,601218,吉鑫科技,252,1.0,0.8399432926645791,0.8399432926645791,Top |rho| within random pair sample; not global full-market top edge
2016-12-30,252,002004.XSHE,002004,华邦健康,600959.XSHG,600959,江苏有线,252,1.0,0.8309814407203999,0.8309814407203999,Top |rho| within random pair sample; not global full-market top edge
2016-12-30,252,000157.XSHE,000157,中联重科,600031.XSHG,600031,三一重工,252,1.0,0.8267560404286136,0.8267560404286136,Top |rho| within random pair sample; not global full-market top edge
2016-12-30,252,002063.XSHE,002063,远光软件,002376.XSHE,002376,新北洋,233,0.9246031746031746,0.8239958642810333,0.8239958642810333,Top |rho| within random pair sample; not global full-market top edge
2016-12-30,252,002104.XSHE,002104,恒宝股份,601928.XSHG,601928,凤凰传媒,252,1.0,0.8239363864734554,0.8239363864734554,Top |rho| within random pair sample; not global full-market top edge
2016-12-30,252,300074.XSHE,300074,华平股份,300369.XSHE,300369,绿盟科技,252,1.0,0.8235099781460266,0.8235099781460266,Top |rho| within random pair sample; not global full-market top edge
2016-12-30,252,002471.XSHE,002471,中超控股,600503.XSHG,600503,华丽家族,252,1.0,0.8233073749907391,0.8233073749907391,Top |rho| within random pair sample; not global full-market top edge
2016-12-30,252,300154.XSHE,300154,瑞凌股份,300229.XSHE,300229,拓尔思,252,1.0,0.8224256163221868,0.8224256163221868,Top |rho| within random pair sample; not global full-market top edge
2016-12-30,252,000750.XSHE,000750,国海证券,000883.XSHE,000883,湖北能源,232,0.9206349206349206,0.8203406063471353,0.8203406063471353,Top |rho| within random pair sample; not global full-market top edge
2016-12-30,252,300022.XSHE,300022,吉峰科技,603789.XSHG,603789,ST星农,233,0.9246031746031746,0.8203228077333337,0.8203228077333337,Top |rho| within random pair sample; not global full-market top edge
2016-12-30,252,002267.XSHE,002267,陕天然气,600033.XSHG,600033,福建高速,249,0.9880952380952381,0.8187792156877028,0.8187792156877028,Top |rho| within random pair sample; not global full-market top edge
2016-12-30,252,002275.XSHE,002275,桂林三金,002382.XSHE,002382,蓝帆医疗,252,1.0,0.8186526931383195,0.8186526931383195,Top |rho| within random pair sample; not global full-market top edge
2016-12-30,252,001696.XSHE,001696,宗申动力,002073.XSHE,002073,软控股份,252,1.0,0.8173323007768591,0.8173323007768591,Top |rho| within random pair sample; not global full-market top edge
2016-12-30,252,002022.XSHE,002022,科华生物,300204.XSHE,300204,舒泰神,252,1.0,0.8146859325572225,0.8146859325572225,Top |rho| within random pair sample; not global full-market top edge
2016-12-30,252,000665.XSHE,000665,湖北广电,600846.XSHG,600846,同济科技,246,0.9761904761904762,0.8132975282551715,0.8132975282551715,Top |rho| within random pair sample; not global full-market top edge
2016-12-30,252,002017.XSHE,002017,东信和平,300107.XSHE,300107,建新股份,243,0.9642857142857143,0.8131762684452575,0.8131762684452575,Top |rho| within random pair sample; not global full-market top edge
2016-12-30,252,000551.XSHE,000551,创元科技,600825.XSHG,600825,新华传媒,231,0.9166666666666666,0.8101507393010878,0.8101507393010878,Top |rho| within random pair sample; not global full-market top edge
2016-12-30,252,000868.XSHE,000868,安凯客车,300129.XSHE,300129,泰胜风能,252,1.0,0.8090659922546866,0.8090659922546866,Top |rho| within random pair sample; not global full-market top edge
2016-12-30,252,002649.XSHE,002649,博彦科技,300105.XSHE,300105,龙源技术,252,1.0,0.8084738908057107,0.8084738908057107,Top |rho| within random pair sample; not global full-market top edge
2016-12-30,252,300214.XSHE,300214,日科化学,600757.XSHG,600757,长江传媒,252,1.0,0.8080623163630055,0.8080623163630055,Top |rho| within random pair sample; not global full-market top edge
2016-12-30,252,300107.XSHE,300107,建新股份,300171.XSHE,300171,东富龙,252,1.0,0.8064368234715314,0.8064368234715314,Top |rho| within random pair sample; not global full-market top edge
2016-12-30,252,000598.XSHE,000598,兴蓉环境,300129.XSHE,300129,泰胜风能,252,1.0,0.8046641063942483,0.8046641063942483,Top |rho| within random pair sample; not global full-market top edge
2016-12-30,252,002698.XSHE,002698,博实股份,300074.XSHE,300074,华平股份,246,0.9761904761904762,0.8045870941098617,0.8045870941098617,Top |rho| within random pair sample; not global full-market top edge
2016-12-30,252,002104.XSHE,002104,恒宝股份,300387.XSHE,300387,富邦科技,252,1.0,0.8039933298031913,0.8039933298031913,Top |rho| within random pair sample; not global full-market top edge
2016-12-30,252,000713.XSHE,000713,国投丰乐,002004.XSHE,002004,华邦健康,252,1.0,0.8025489737032215,0.8025489737032215,Top |rho| within random pair sample; not global full-market top edge
2016-12-30,252,000528.XSHE,000528,柳工,601991.XSHG,601991,大唐发电,241,0.9563492063492064,0.801656691013659,0.801656691013659,Top |rho| within random pair sample; not global full-market top edge
2016-12-30,252,300154.XSHE,300154,瑞凌股份,603167.XSHG,603167,渤海轮渡,252,1.0,0.8010778922351924,0.8010778922351924,Top |rho| within random pair sample; not global full-market top edge
2016-12-30,252,002144.XSHE,002144,宏达高科,601928.XSHG,601928,凤凰传媒,252,1.0,0.8001211071123084,0.8001211071123084,Top |rho| within random pair sample; not global full-market top edge
2016-12-30,252,002130.XSHE,002130,沃尔核材,300297.XSHE,300297,蓝盾退,242,0.9603174603174603,0.7998738302873837,0.7998738302873837,Top |rho| within random pair sample; not global full-market top edge
2016-12-30,252,002195.XSHE,002195,岩山科技,300248.XSHE,300248,新开普,243,0.9642857142857143,0.7996326909041572,0.7996326909041572,Top |rho| within random pair sample; not global full-market top edge
2016-12-30,252,002585.XSHE,002585,双星新材,603167.XSHG,603167,渤海轮渡,246,0.9761904761904762,0.7995659032094715,0.7995659032094715,Top |rho| within random pair sample; not global full-market top edge
2016-12-30,252,002398.XSHE,002398,垒知集团,601007.XSHG,601007,金陵饭店,252,1.0,0.7984429782943593,0.7984429782943593,Top |rho| within random pair sample; not global full-market top edge
2016-12-30,252,000650.XSHE,000650,仁和药业,600744.XSHG,600744,华银电力,236,0.9365079365079365,0.7978621149262219,0.7978621149262219,Top |rho| within random pair sample; not global full-market top edge
2016-12-30,252,002318.XSHE,002318,久立特材,600292.XSHG,600292,电投水电,252,1.0,0.7976860816903106,0.7976860816903106,Top |rho| within random pair sample; not global full-market top edge
2016-12-30,252,300231.XSHE,300231,银信科技,600292.XSHG,600292,电投水电,241,0.9563492063492064,0.7966510299084529,0.7966510299084529,Top |rho| within random pair sample; not global full-market top edge
2016-12-30,252,002009.XSHE,002009,天奇股份,600289.XSHG,600289,ST信通,250,0.9920634920634921,0.7965747217078214,0.7965747217078214,Top |rho| within random pair sample; not global full-market top edge
2016-12-30,252,000088.XSHE,000088,盐田港,000507.XSHE,000507,珠海港,252,1.0,0.7965261922734342,0.7965261922734342,Top |rho| within random pair sample; not global full-market top edge
2016-12-30,252,002130.XSHE,002130,沃尔核材,300199.XSHE,300199,翰宇药业,252,1.0,0.796289128753764,0.796289128753764,Top |rho| within random pair sample; not global full-market top edge
2016-12-30,252,000598.XSHE,000598,兴蓉环境,002344.XSHE,002344,海宁皮城,252,1.0,0.7947466331644207,0.7947466331644207,Top |rho| within random pair sample; not global full-market top edge
2016-12-30,252,300024.XSHE,300024,机器人,300105.XSHE,300105,龙源技术,252,1.0,0.7946568493151166,0.7946568493151166,Top |rho| within random pair sample; not global full-market top edge
2016-12-30,252,000692.XSHE,000692,惠天热电,603116.XSHG,603116,红蜻蜓,252,1.0,0.7945449336183262,0.7945449336183262,Top |rho| within random pair sample; not global full-market top edge
2016-12-30,252,000402.XSHE,000402,金融街,600376.XSHG,600376,首开股份,252,1.0,0.793978606629183,0.793978606629183,Top |rho| within random pair sample; not global full-market top edge
2016-12-30,252,000701.XSHE,000701,厦门信达,600586.XSHG,600586,金晶科技,252,1.0,0.793800024466982,0.793800024466982,Top |rho| within random pair sample; not global full-market top edge
2016-12-30,252,002063.XSHE,002063,远光软件,002689.XSHE,002689,ST远智,241,0.9563492063492064,0.7937924910156082,0.7937924910156082,Top |rho| within random pair sample; not global full-market top edge
2016-12-30,252,000931.XSHE,000931,中关村,002420.XSHE,002420,毅昌科技,252,1.0,0.7936524322668798,0.7936524322668798,Top |rho| within random pair sample; not global full-market top edge
2016-12-30,252,000692.XSHE,000692,惠天热电,600850.XSHG,600850,电科数字,247,0.9801587301587301,0.7934279046958446,0.7934279046958446,Top |rho| within random pair sample; not global full-market top edge
2016-12-30,252,000598.XSHE,000598,兴蓉环境,000826.XSHE,000826,*ST启环,234,0.9285714285714286,0.7933287626721486,0.7933287626721486,Top |rho| within random pair sample; not global full-market top edge
2016-12-30,252,300007.XSHE,300007,汉威科技,300147.XSHE,300147,*ST香雪,252,1.0,0.7927552051686192,0.7927552051686192,Top |rho| within random pair sample; not global full-market top edge
2016-12-30,252,000650.XSHE,000650,仁和药业,600973.XSHG,600973,宝胜股份,227,0.9007936507936508,0.7920561950091787,0.7920561950091787,Top |rho| within random pair sample; not global full-market top edge
2016-12-30,252,300204.XSHE,300204,舒泰神,600744.XSHG,600744,华银电力,236,0.9365079365079365,0.7915119104506683,0.7915119104506683,Top |rho| within random pair sample; not global full-market top edge
2016-12-30,252,300075.XSHE,300075,数字政通,300424.XSHE,300424,航新科技,248,0.9841269841269841,0.7909685720673697,0.7909685720673697,Top |rho| within random pair sample; not global full-market top edge
2016-12-30,252,000692.XSHE,000692,惠天热电,600815.XSHG,600815,厦工股份,252,1.0,0.7907050640608667,0.7907050640608667,Top |rho| within random pair sample; not global full-market top edge
2016-12-30,252,002177.XSHE,002177,御银股份,600292.XSHG,600292,电投水电,252,1.0,0.7905782634372791,0.7905782634372791,Top |rho| within random pair sample; not global full-market top edge
2016-12-30,252,000931.XSHE,000931,中关村,300170.XSHE,300170,汉得信息,252,1.0,0.7904452170997353,0.7904452170997353,Top |rho| within random pair sample; not global full-market top edge
2016-12-30,252,000931.XSHE,000931,中关村,300274.XSHE,300274,阳光电源,246,0.9761904761904762,0.7898605873107861,0.7898605873107861,Top |rho| within random pair sample; not global full-market top edge
2016-12-30,252,001696.XSHE,001696,宗申动力,300397.XSHE,300397,天和防务,252,1.0,0.7893574523411363,0.7893574523411363,Top |rho| within random pair sample; not global full-market top edge
2016-12-30,252,002420.XSHE,002420,毅昌科技,600509.XSHG,600509,天富能源,235,0.9325396825396826,0.7888597641644309,0.7888597641644309,Top |rho| within random pair sample; not global full-market top edge
2016-12-30,252,002197.XSHE,002197,证通电子,300059.XSHE,300059,东方财富,246,0.9761904761904762,0.7887282406395993,0.7887282406395993,Top |rho| within random pair sample; not global full-market top edge
2016-12-30,252,002004.XSHE,002004,华邦健康,600308.XSHG,600308,华泰股份,246,0.9761904761904762,0.7887247032876961,0.7887247032876961,Top |rho| within random pair sample; not global full-market top edge
2016-12-30,252,300075.XSHE,300075,数字政通,603019.XSHG,603019,中科曙光,248,0.9841269841269841,0.7886389902413923,0.7886389902413923,Top |rho| within random pair sample; not global full-market top edge
2016-12-30,252,002144.XSHE,002144,宏达高科,300289.XSHE,300289,利德曼,252,1.0,0.7885859888288801,0.7885859888288801,Top |rho| within random pair sample; not global full-market top edge
2016-12-30,252,000589.XSHE,000589,贵州轮胎,601928.XSHG,601928,凤凰传媒,252,1.0,0.7878975735448306,0.7878975735448306,Top |rho| within random pair sample; not global full-market top edge
2016-12-30,252,000060.XSHE,000060,中金岭南,601958.XSHG,601958,金钼股份,250,0.9920634920634921,0.7878010729246806,0.7878010729246806,Top |rho| within random pair sample; not global full-market top edge
2016-12-30,252,000826.XSHE,000826,*ST启环,601928.XSHG,601928,凤凰传媒,234,0.9285714285714286,0.787109843292609,0.787109843292609,Top |rho| within random pair sample; not global full-market top edge
2016-12-30,252,000027.XSHE,000027,深圳能源,601099.XSHG,601099,太平洋,245,0.9722222222222222,0.7867881568233897,0.7867881568233897,Top |rho| within random pair sample; not global full-market top edge
2016-12-30,252,000686.XSHE,000686,东北证券,600812.XSHG,600812,华北制药,243,0.9642857142857143,0.7865422081728843,0.7865422081728843,Top |rho| within random pair sample; not global full-market top edge
2016-12-30,252,000062.XSHE,000062,深圳华强,002487.XSHE,002487,大金重工,236,0.9365079365079365,0.7864728121310848,0.7864728121310848,Top |rho| within random pair sample; not global full-market top edge
2016-12-30,252,002276.XSHE,002276,万马股份,300358.XSHE,300358,楚天科技,238,0.9444444444444444,0.7864442479060677,0.7864442479060677,Top |rho| within random pair sample; not global full-market top edge
2016-12-30,252,002457.XSHE,002457,青龙管业,600229.XSHG,600229,城市传媒,252,1.0,0.786230131796171,0.786230131796171,Top |rho| within random pair sample; not global full-market top edge
2016-12-30,252,300171.XSHE,300171,东富龙,300286.XSHE,300286,安科瑞,252,1.0,0.7857903336329987,0.7857903336329987,Top |rho| within random pair sample; not global full-market top edge
2016-12-30,252,002487.XSHE,002487,大金重工,300412.XSHE,300412,迦南科技,246,0.9761904761904762,0.785245029656547,0.785245029656547,Top |rho| within random pair sample; not global full-market top edge
2016-12-30,252,300086.XSHE,300086,康芝药业,300130.XSHE,300130,新国都,242,0.9603174603174603,0.7849631586318443,0.7849631586318443,Top |rho| within random pair sample; not global full-market top edge
2016-12-30,252,000692.XSHE,000692,惠天热电,000830.XSHE,000830,鲁西化工,252,1.0,0.7845956837891452,0.7845956837891452,Top |rho| within random pair sample; not global full-market top edge
2016-12-30,252,002327.XSHE,002327,富安娜,601515.XSHG,601515,衢州东峰,252,1.0,0.7845378243509227,0.7845378243509227,Top |rho| within random pair sample; not global full-market top edge
2016-12-30,252,000701.XSHE,000701,厦门信达,600783.XSHG,600783,鲁信创投,250,0.9920634920634921,0.7842518012030432,0.7842518012030432,Top |rho| within random pair sample; not global full-market top edge
2016-12-30,252,000777.XSHE,000777,中核科技,600835.XSHG,600835,上海机电,252,1.0,0.7842496219612473,0.7842496219612473,Top |rho| within random pair sample; not global full-market top edge
2016-12-30,252,000701.XSHE,000701,厦门信达,300358.XSHE,300358,楚天科技,238,0.9444444444444444,0.7836761192970259,0.7836761192970259,Top |rho| within random pair sample; not global full-market top edge
2016-12-30,252,000589.XSHE,000589,贵州轮胎,000830.XSHE,000830,鲁西化工,252,1.0,0.7835955531875645,0.7835955531875645,Top |rho| within random pair sample; not global full-market top edge
2016-12-30,252,300214.XSHE,300214,日科化学,600812.XSHG,600812,华北制药,250,0.9920634920634921,0.783463599894439,0.783463599894439,Top |rho| within random pair sample; not global full-market top edge
2016-12-30,252,000559.XSHE,000559,万向钱潮,600210.XSHG,600210,紫江企业,252,1.0,0.7833954199840477,0.7833954199840477,Top |rho| within random pair sample; not global full-market top edge
2016-12-30,252,002267.XSHE,002267,陕天然气,300039.XSHE,300039,上海凯宝,249,0.9880952380952381,0.783387826794533,0.783387826794533,Top |rho| within random pair sample; not global full-market top edge
2016-12-30,252,000523.XSHE,000523,红棉股份,000529.XSHE,000529,广弘控股,248,0.9841269841269841,0.7832939053100494,0.7832939053100494,Top |rho| within random pair sample; not global full-market top edge
2016-12-30,252,002185.XSHE,002185,华天科技,601218.XSHG,601218,吉鑫科技,252,1.0,0.7831759993057613,0.7831759993057613,Top |rho| within random pair sample; not global full-market top edge
2016-12-30,252,002487.XSHE,002487,大金重工,300248.XSHE,300248,新开普,243,0.9642857142857143,0.7830196820062183,0.7830196820062183,Top |rho| within random pair sample; not global full-market top edge
2016-12-30,252,300171.XSHE,300171,东富龙,300248.XSHE,300248,新开普,243,0.9642857142857143,0.7829682652980969,0.7829682652980969,Top |rho| within random pair sample; not global full-market top edge
2016-12-30,252,002022.XSHE,002022,科华生物,300130.XSHE,300130,新国都,242,0.9603174603174603,0.7826779871236773,0.7826779871236773,Top |rho| within random pair sample; not global full-market top edge
2016-12-30,252,300018.XSHE,300018,中元股份,300075.XSHE,300075,数字政通,248,0.9841269841269841,0.7824803453391728,0.7824803453391728,Top |rho| within random pair sample; not global full-market top edge
2016-12-30,252,300001.XSHE,300001,特锐德,600756.XSHG,600756,浪潮软件,247,0.9801587301587301,0.782359503656966,0.782359503656966,Top |rho| within random pair sample; not global full-market top edge
2016-12-30,252,002376.XSHE,002376,新北洋,300387.XSHE,300387,富邦科技,244,0.9682539682539683,0.7822605165155859,0.7822605165155859,Top |rho| within random pair sample; not global full-market top edge
2016-12-30,252,002315.XSHE,002315,焦点科技,300271.XSHE,300271,华宇软件,242,0.9603174603174603,0.7821582940651884,0.7821582940651884,Top |rho| within random pair sample; not global full-market top edge
2017-12-29,252,000937.XSHE,000937,冀中能源,600997.XSHG,600997,开滦股份,252,1.0,0.7997268592992414,0.7997268592992414,Top |rho| within random pair sample; not global full-market top edge
2017-12-29,252,002166.XSHE,002166,莱茵生物,600789.XSHG,600789,鲁抗医药,252,1.0,0.7619799851975008,0.7619799851975008,Top |rho| within random pair sample; not global full-market top edge
2017-12-29,252,002815.XSHE,002815,崇达技术,300538.XSHE,300538,同益股份,252,1.0,0.7301337202710363,0.7301337202710363,Top |rho| within random pair sample; not global full-market top edge
2017-12-29,252,300126.XSHE,300126,锐奇股份,300460.XSHE,300460,ST惠伦,241,0.9563492063492064,0.7087382381102444,0.7087382381102444,Top |rho| within random pair sample; not global full-market top edge
2017-12-29,252,300239.XSHE,300239,东宝生物,600222.XSHG,600222,太龙药业,248,0.9841269841269841,0.7084793404975783,0.7084793404975783,Top |rho| within random pair sample; not global full-market top edge
2017-12-29,252,002144.XSHE,002144,宏达高科,300018.XSHE,300018,中元股份,252,1.0,0.7055250796996783,0.7055250796996783,Top |rho| within random pair sample; not global full-market top edge
2017-12-29,252,000630.XSHE,000630,铜陵有色,000983.XSHE,000983,山西焦煤,252,1.0,0.7030889292489496,0.7030889292489496,Top |rho| within random pair sample; not global full-market top edge
2017-12-29,252,000738.XSHE,000738,航发控制,002190.XSHE,002190,成飞集成,252,1.0,0.6954798787913268,0.6954798787913268,Top |rho| within random pair sample; not global full-market top edge
2017-12-29,252,002657.XSHE,002657,中科金财,300329.XSHE,300329,海伦钢琴,252,1.0,0.6920353805316496,0.6920353805316496,Top |rho| within random pair sample; not global full-market top edge
2017-12-29,252,300139.XSHE,300139,晓程科技,601929.XSHG,601929,吉视传媒,252,1.0,0.6910725670513663,0.6910725670513663,Top |rho| within random pair sample; not global full-market top edge
2017-12-29,252,002788.XSHE,002788,鹭燕医药,300530.XSHE,300530,领湃科技,252,1.0,0.6877409942681895,0.6877409942681895,Top |rho| within random pair sample; not global full-market top edge
2017-12-29,252,002532.XSHE,002532,天山铝业,300305.XSHE,300305,裕兴股份,252,1.0,0.6873694709434323,0.6873694709434323,Top |rho| within random pair sample; not global full-market top edge
2017-12-29,252,300074.XSHE,300074,华平股份,300378.XSHE,300378,鼎捷数智,242,0.9603174603174603,0.6812592731000547,0.6812592731000547,Top |rho| within random pair sample; not global full-market top edge
2017-12-29,252,300147.XSHE,300147,*ST香雪,601929.XSHG,601929,吉视传媒,252,1.0,0.6790277098728342,0.6790277098728342,Top |rho| within random pair sample; not global full-market top edge
2017-12-29,252,002566.XSHE,002566,益盛药业,300283.XSHE,300283,温州宏丰,243,0.9642857142857143,0.6761070087378442,0.6761070087378442,Top |rho| within random pair sample; not global full-market top edge
2017-12-29,252,002063.XSHE,002063,远光软件,300047.XSHE,300047,天源迪科,233,0.9246031746031746,0.6730463212438258,0.6730463212438258,Top |rho| within random pair sample; not global full-market top edge
2017-12-29,252,000861.XSHE,000861,海印股份,300079.XSHE,300079,数码视讯,252,1.0,0.6717449106297952,0.6717449106297952,Top |rho| within random pair sample; not global full-market top edge
2017-12-29,252,300024.XSHE,300024,机器人,300126.XSHE,300126,锐奇股份,252,1.0,0.667189653602539,0.667189653602539,Top |rho| within random pair sample; not global full-market top edge
2017-12-29,252,000901.XSHE,000901,航天科技,600523.XSHG,600523,贵航股份,252,1.0,0.6670881993334924,0.6670881993334924,Top |rho| within random pair sample; not global full-market top edge
2017-12-29,252,000665.XSHE,000665,湖北广电,300079.XSHE,300079,数码视讯,252,1.0,0.6616297228686758,0.6616297228686758,Top |rho| within random pair sample; not global full-market top edge
2017-12-29,252,002566.XSHE,002566,益盛药业,601208.XSHG,601208,东材科技,252,1.0,0.6616049051276415,0.6616049051276415,Top |rho| within random pair sample; not global full-market top edge
2017-12-29,252,002144.XSHE,002144,宏达高科,002433.XSHE,002433,太安退,252,1.0,0.660236190719519,0.660236190719519,Top |rho| within random pair sample; not global full-market top edge
2017-12-29,252,000713.XSHE,000713,国投丰乐,002566.XSHE,002566,益盛药业,252,1.0,0.6597343142828134,0.6597343142828134,Top |rho| within random pair sample; not global full-market top edge
2017-12-29,252,002186.XSHE,002186,全聚德,603100.XSHG,603100,川仪股份,252,1.0,0.6585867148385947,0.6585867148385947,Top |rho| within random pair sample; not global full-market top edge
2017-12-29,252,002815.XSHE,002815,崇达技术,300555.XSHE,300555,ST路通,252,1.0,0.657505609309816,0.657505609309816,Top |rho| within random pair sample; not global full-market top edge
2017-12-29,252,002627.XSHE,002627,三峡旅游,300147.XSHE,300147,*ST香雪,252,1.0,0.6527875298421186,0.6527875298421186,Top |rho| within random pair sample; not global full-market top edge
2017-12-29,252,300105.XSHE,300105,龙源技术,300305.XSHE,300305,裕兴股份,252,1.0,0.6524618167881036,0.6524618167881036,Top |rho| within random pair sample; not global full-market top edge
2017-12-29,252,300254.XSHE,300254,仟源医药,601929.XSHG,601929,吉视传媒,252,1.0,0.6513058632778758,0.6513058632778758,Top |rho| within random pair sample; not global full-market top edge
2017-12-29,252,000598.XSHE,000598,兴蓉环境,600461.XSHG,600461,洪城环境,252,1.0,0.6494144062685119,0.6494144062685119,Top |rho| within random pair sample; not global full-market top edge
2017-12-29,252,002197.XSHE,002197,证通电子,300329.XSHE,300329,海伦钢琴,252,1.0,0.649404599560228,0.649404599560228,Top |rho| within random pair sample; not global full-market top edge
2017-12-29,252,002337.XSHE,002337,赛象科技,300171.XSHE,300171,东富龙,252,1.0,0.649042322661645,0.649042322661645,Top |rho| within random pair sample; not global full-market top edge
2017-12-29,252,002063.XSHE,002063,远光软件,600571.XSHG,600571,信雅达,252,1.0,0.6478675125088258,0.6478675125088258,Top |rho| within random pair sample; not global full-market top edge
2017-12-29,252,300107.XSHE,300107,建新股份,300255.XSHE,300255,常山药业,252,1.0,0.647443923440083,0.647443923440083,Top |rho| within random pair sample; not global full-market top edge
2017-12-29,252,002328.XSHE,002328,新朋股份,300004.XSHE,300004,南风股份,232,0.9206349206349206,0.6393421035834228,0.6393421035834228,Top |rho| within random pair sample; not global full-market top edge
2017-12-29,252,300214.XSHE,300214,日科化学,600561.XSHG,600561,江西长运,252,1.0,0.6390981556972735,0.6390981556972735,Top |rho| within random pair sample; not global full-market top edge
2017-12-29,252,300250.XSHE,300250,初灵信息,300553.XSHE,300553,集智股份,252,1.0,0.6380600591918977,0.6380600591918977,Top |rho| within random pair sample; not global full-market top edge
2017-12-29,252,000897.XSHE,000897,津滨发展,002431.XSHE,002431,ST棕榈,252,1.0,0.6374207150073111,0.6374207150073111,Top |rho| within random pair sample; not global full-market top edge
2017-12-29,252,300314.XSHE,300314,戴维医疗,603309.XSHG,603309,维力医疗,252,1.0,0.6373684868163751,0.6373684868163751,Top |rho| within random pair sample; not global full-market top edge
2017-12-29,252,002433.XSHE,002433,太安退,600513.XSHG,600513,联环药业,252,1.0,0.6355632257618145,0.6355632257618145,Top |rho| within random pair sample; not global full-market top edge
2017-12-29,252,000552.XSHE,000552,甘肃能化,600531.XSHG,600531,豫光金铅,252,1.0,0.6352902040908132,0.6352902040908132,Top |rho| within random pair sample; not global full-market top edge
2017-12-29,252,002791.XSHE,002791,坚朗五金,300339.XSHE,300339,润和软件,250,0.9920634920634921,0.6351623889102338,0.6351623889102338,Top |rho| within random pair sample; not global full-market top edge
2017-12-29,252,002337.XSHE,002337,赛象科技,300205.XSHE,300205,*ST天喻,252,1.0,0.6347308496353316,0.6347308496353316,Top |rho| within random pair sample; not global full-market top edge
2017-12-29,252,000650.XSHE,000650,仁和药业,300126.XSHE,300126,锐奇股份,252,1.0,0.6339957439407613,0.6339957439407613,Top |rho| within random pair sample; not global full-market top edge
2017-12-29,252,300305.XSHE,300305,裕兴股份,600611.XSHG,600611,大众交通,252,1.0,0.633179303038151,0.633179303038151,Top |rho| within random pair sample; not global full-market top edge
2017-12-29,252,002431.XSHE,002431,ST棕榈,600155.XSHG,600155,华创云信,252,1.0,0.6321390324170273,0.6321390324170273,Top |rho| within random pair sample; not global full-market top edge
2017-12-29,252,300205.XSHE,300205,*ST天喻,603015.XSHG,603015,弘讯科技,252,1.0,0.6306971572932231,0.6306971572932231,Top |rho| within random pair sample; not global full-market top edge
2017-12-29,252,000570.XSHE,000570,苏常柴A,600168.XSHG,600168,武汉控股,245,0.9722222222222222,0.6300915179793098,0.6300915179793098,Top |rho| within random pair sample; not global full-market top edge
2017-12-29,252,300029.XSHE,300029,天龙退,300329.XSHE,300329,海伦钢琴,252,1.0,0.6291381557535786,0.6291381557535786,Top |rho| within random pair sample; not global full-market top edge
2017-12-29,252,000861.XSHE,000861,海印股份,603100.XSHG,603100,川仪股份,252,1.0,0.6287041278961464,0.6287041278961464,Top |rho| within random pair sample; not global full-market top edge
2017-12-29,252,002229.XSHE,002229,鸿博股份,603000.XSHG,603000,人民网,252,1.0,0.6280264263088561,0.6280264263088561,Top |rho| within random pair sample; not global full-market top edge
2017-12-29,252,002577.XSHE,002577,雷柏科技,603999.XSHG,603999,读者传媒,248,0.9841269841269841,0.6277485727057979,0.6277485727057979,Top |rho| within random pair sample; not global full-market top edge
2017-12-29,252,000421.XSHE,000421,南京公用,300205.XSHE,300205,*ST天喻,252,1.0,0.6275541932309436,0.6275541932309436,Top |rho| within random pair sample; not global full-market top edge
2017-12-29,252,002111.XSHE,002111,威海广泰,300239.XSHE,300239,东宝生物,252,1.0,0.6265882286957567,0.6265882286957567,Top |rho| within random pair sample; not global full-market top edge
2017-12-29,252,300007.XSHE,300007,汉威科技,300368.XSHE,300368,汇金股份,239,0.9484126984126984,0.6262495097501385,0.6262495097501385,Top |rho| within random pair sample; not global full-market top edge
2017-12-29,252,000948.XSHE,000948,南天信息,002111.XSHE,002111,威海广泰,252,1.0,0.6259804558914763,0.6259804558914763,Top |rho| within random pair sample; not global full-market top edge
2017-12-29,252,002533.XSHE,002533,金杯电工,600356.XSHG,600356,恒丰纸业,252,1.0,0.6256682228024432,0.6256682228024432,Top |rho| within random pair sample; not global full-market top edge
2017-12-29,252,002144.XSHE,002144,宏达高科,002329.XSHE,002329,皇氏集团,252,1.0,0.6250919649774997,0.6250919649774997,Top |rho| within random pair sample; not global full-market top edge
2017-12-29,252,300048.XSHE,300048,合康新能,600222.XSHG,600222,太龙药业,248,0.9841269841269841,0.6240528236124582,0.6240528236124582,Top |rho| within random pair sample; not global full-market top edge
2017-12-29,252,002144.XSHE,002144,宏达高科,300048.XSHE,300048,合康新能,252,1.0,0.621787698716375,0.621787698716375,Top |rho| within random pair sample; not global full-market top edge
2017-12-29,252,000795.XSHE,000795,英洛华,600206.XSHG,600206,有研新材,252,1.0,0.6216187892817834,0.6216187892817834,Top |rho| within random pair sample; not global full-market top edge
2017-12-29,252,002266.XSHE,002266,浙富控股,002666.XSHE,002666,德联集团,252,1.0,0.6206517878434897,0.6206517878434897,Top |rho| within random pair sample; not global full-market top edge
2017-12-29,252,000795.XSHE,000795,英洛华,600058.XSHG,600058,五矿发展,252,1.0,0.6204608128127888,0.6204608128127888,Top |rho| within random pair sample; not global full-market top edge
2017-12-29,252,300305.XSHE,300305,裕兴股份,601595.XSHG,601595,上海电影,252,1.0,0.6204110381612823,0.6204110381612823,Top |rho| within random pair sample; not global full-market top edge
2017-12-29,252,300293.XSHE,300293,蓝英装备,300354.XSHE,300354,东华测试,252,1.0,0.6204011030337062,0.6204011030337062,Top |rho| within random pair sample; not global full-market top edge
2017-12-29,252,000861.XSHE,000861,海印股份,300330.XSHE,300330,计通退,252,1.0,0.6183516895103157,0.6183516895103157,Top |rho| within random pair sample; not global full-market top edge
2017-12-29,252,300326.XSHE,300326,ST凯利,300439.XSHE,300439,美康生物,252,1.0,0.617447807888028,0.617447807888028,Top |rho| within random pair sample; not global full-market top edge
2017-12-29,252,002368.XSHE,002368,太极股份,300079.XSHE,300079,数码视讯,232,0.9206349206349206,0.6169802999726101,0.6169802999726101,Top |rho| within random pair sample; not global full-market top edge
2017-12-29,252,002790.XSHE,002790,瑞尔特,300378.XSHE,300378,鼎捷数智,252,1.0,0.616422002858407,0.616422002858407,Top |rho| within random pair sample; not global full-market top edge
2017-12-29,252,300254.XSHE,300254,仟源医药,300339.XSHE,300339,润和软件,250,0.9920634920634921,0.6155821752329803,0.6155821752329803,Top |rho| within random pair sample; not global full-market top edge
2017-12-29,252,002084.XSHE,002084,海鸥住工,600237.XSHG,600237,铜峰电子,252,1.0,0.6154243615508487,0.6154243615508487,Top |rho| within random pair sample; not global full-market top edge
2017-12-29,252,002791.XSHE,002791,坚朗五金,300460.XSHE,300460,ST惠伦,241,0.9563492063492064,0.6144596520484719,0.6144596520484719,Top |rho| within random pair sample; not global full-market top edge
2017-12-29,252,000701.XSHE,000701,厦门信达,000713.XSHE,000713,国投丰乐,252,1.0,0.6133570392155269,0.6133570392155269,Top |rho| within random pair sample; not global full-market top edge
2017-12-29,252,300126.XSHE,300126,锐奇股份,600288.XSHG,600288,大恒科技,252,1.0,0.6131775450598332,0.6131775450598332,Top |rho| within random pair sample; not global full-market top edge
2017-12-29,252,300354.XSHE,300354,东华测试,603015.XSHG,603015,弘讯科技,252,1.0,0.6128255621291818,0.6128255621291818,Top |rho| within random pair sample; not global full-market top edge
2017-12-29,252,300270.XSHE,300270,中威电子,300538.XSHE,300538,同益股份,252,1.0,0.6127445745110041,0.6127445745110041,Top |rho| within random pair sample; not global full-market top edge
2017-12-29,252,300305.XSHE,300305,裕兴股份,300379.XSHE,300379,东通退,252,1.0,0.611863331223438,0.611863331223438,Top |rho| within random pair sample; not global full-market top edge
2017-12-29,252,300314.XSHE,300314,戴维医疗,603001.XSHG,603001,奥康国际,252,1.0,0.6093768197067985,0.6093768197067985,Top |rho| within random pair sample; not global full-market top edge
2017-12-29,252,002627.XSHE,002627,三峡旅游,603060.XSHG,603060,国检集团,252,1.0,0.609190443573267,0.609190443573267,Top |rho| within random pair sample; not global full-market top edge
2017-12-29,252,000598.XSHE,000598,兴蓉环境,600052.XSHG,600052,东望时代,252,1.0,0.6076650975744234,0.6076650975744234,Top |rho| within random pair sample; not global full-market top edge
2017-12-29,252,002471.XSHE,002471,中超控股,300171.XSHE,300171,东富龙,241,0.9563492063492064,0.6073115967104777,0.6073115967104777,Top |rho| within random pair sample; not global full-market top edge
2017-12-29,252,300205.XSHE,300205,*ST天喻,601968.XSHG,601968,宝钢包装,252,1.0,0.6063607315991004,0.6063607315991004,Top |rho| within random pair sample; not global full-market top edge
2017-12-29,252,300111.XSHE,300111,向日葵,601798.XSHG,601798,蓝科高新,252,1.0,0.6062591661366576,0.6062591661366576,Top |rho| within random pair sample; not global full-market top edge
2017-12-29,252,002105.XSHE,002105,信隆健康,002328.XSHE,002328,新朋股份,252,1.0,0.6061899984833579,0.6061899984833579,Top |rho| within random pair sample; not global full-market top edge
2017-12-29,252,002550.XSHE,002550,千红制药,300329.XSHE,300329,海伦钢琴,252,1.0,0.6053883247028505,0.6053883247028505,Top |rho| within random pair sample; not global full-market top edge
2017-12-29,252,300039.XSHE,300039,上海凯宝,300214.XSHE,300214,日科化学,252,1.0,0.605369027115134,0.605369027115134,Top |rho| within random pair sample; not global full-market top edge
2017-12-29,252,002474.XSHE,002474,榕基软件,603999.XSHG,603999,读者传媒,248,0.9841269841269841,0.6023802239806788,0.6023802239806788,Top |rho| within random pair sample; not global full-market top edge
2017-12-29,252,002063.XSHE,002063,远光软件,002243.XSHE,002243,力合科创,252,1.0,0.601549608413984,0.601549608413984,Top |rho| within random pair sample; not global full-market top edge
2017-12-29,252,000948.XSHE,000948,南天信息,603203.XSHG,603203,快克智能,252,1.0,0.6013484541877787,0.6013484541877787,Top |rho| within random pair sample; not global full-market top edge
2017-12-29,252,002187.XSHE,002187,广百股份,600128.XSHG,600128,苏豪弘业,252,1.0,0.6012972090736787,0.6012972090736787,Top |rho| within random pair sample; not global full-market top edge
2017-12-29,252,000655.XSHE,000655,金岭矿业,600508.XSHG,600508,上海能源,252,1.0,0.6005232176201447,0.6005232176201447,Top |rho| within random pair sample; not global full-market top edge
2017-12-29,252,002566.XSHE,002566,益盛药业,300550.XSHE,300550,和仁科技,252,1.0,0.599515343313358,0.599515343313358,Top |rho| within random pair sample; not global full-market top edge
2017-12-29,252,300307.XSHE,300307,慈星股份,300485.XSHE,300485,赛升药业,252,1.0,0.5992937139812947,0.5992937139812947,Top |rho| within random pair sample; not global full-market top edge
2017-12-29,252,300039.XSHE,300039,上海凯宝,600128.XSHG,600128,苏豪弘业,252,1.0,0.5992162633497713,0.5992162633497713,Top |rho| within random pair sample; not global full-market top edge
2017-12-29,252,300139.XSHE,300139,晓程科技,300549.XSHE,300549,优德精密,252,1.0,0.5987991233768601,0.5987991233768601,Top |rho| within random pair sample; not global full-market top edge
2017-12-29,252,300119.XSHE,300119,瑞普生物,603100.XSHG,603100,川仪股份,252,1.0,0.5982233068517034,0.5982233068517034,Top |rho| within random pair sample; not global full-market top edge
2017-12-29,252,002793.XSHE,002793,罗欣药业,300534.XSHE,300534,陇神戎发,252,1.0,0.5982043367124101,0.5982043367124101,Top |rho| within random pair sample; not global full-market top edge
2017-12-29,252,002818.XSHE,002818,富森美,300509.XSHE,300509,新美星,247,0.9801587301587301,0.5970761106408796,0.5970761106408796,Top |rho| within random pair sample; not global full-market top edge
2017-12-29,252,000983.XSHE,000983,山西焦煤,600408.XSHG,600408,安泰集团,252,1.0,0.5967484445693958,0.5967484445693958,Top |rho| within random pair sample; not global full-market top edge
2017-12-29,252,300126.XSHE,300126,锐奇股份,300328.XSHE,300328,宜安科技,252,1.0,0.5965004133165496,0.5965004133165496,Top |rho| within random pair sample; not global full-market top edge
2017-12-29,252,000783.XSHE,000783,长江证券,601211.XSHG,601211,国泰海通,252,1.0,0.5957149651623244,0.5957149651623244,Top |rho| within random pair sample; not global full-market top edge
2018-12-28,252,002283.XSHE,002283,天润工业,300307.XSHE,300307,慈星股份,252,1.0,0.819931551033083,0.819931551033083,Top |rho| within random pair sample; not global full-market top edge
2018-12-28,252,002284.XSHE,002284,亚太股份,002590.XSHE,002590,万安科技,252,1.0,0.7995866012595665,0.7995866012595665,Top |rho| within random pair sample; not global full-market top edge
2018-12-28,252,001896.XSHE,001896,豫能控股,600969.XSHG,600969,郴电国际,252,1.0,0.7871209664793718,0.7871209664793718,Top |rho| within random pair sample; not global full-market top edge
2018-12-28,252,000783.XSHE,000783,长江证券,600958.XSHG,600958,东方证券,252,1.0,0.7823777346473204,0.7823777346473204,Top |rho| within random pair sample; not global full-market top edge
2018-12-28,252,001896.XSHE,001896,豫能控股,600963.XSHG,600963,岳阳林纸,252,1.0,0.7802900860846995,0.7802900860846995,Top |rho| within random pair sample; not global full-market top edge
2018-12-28,252,002535.XSHE,002535,林州重机,300625.XSHE,300625,三雄极光,252,1.0,0.7700458364176119,0.7700458364176119,Top |rho| within random pair sample; not global full-market top edge
2018-12-28,252,000859.XSHE,000859,国风新材,002144.XSHE,002144,宏达高科,252,1.0,0.7691216855505195,0.7691216855505195,Top |rho| within random pair sample; not global full-market top edge
2018-12-28,252,000837.XSHE,000837,秦川机床,603100.XSHG,603100,川仪股份,252,1.0,0.7619515270710955,0.7619515270710955,Top |rho| within random pair sample; not global full-market top edge
2018-12-28,252,002104.XSHE,002104,恒宝股份,002298.XSHE,002298,中电鑫龙,252,1.0,0.7604425037338298,0.7604425037338298,Top |rho| within random pair sample; not global full-market top edge
2018-12-28,252,002682.XSHE,002682,龙洲股份,600854.XSHG,600854,春兰股份,252,1.0,0.7594293321787011,0.7594293321787011,Top |rho| within random pair sample; not global full-market top edge
2018-12-28,252,000419.XSHE,000419,通程控股,600415.XSHG,600415,小商品城,252,1.0,0.7589845653546545,0.7589845653546545,Top |rho| within random pair sample; not global full-market top edge
2018-12-28,252,000837.XSHE,000837,秦川机床,601163.XSHG,601163,三角轮胎,252,1.0,0.7576456547673163,0.7576456547673163,Top |rho| within random pair sample; not global full-market top edge
2018-12-28,252,000733.XSHE,000733,振华科技,600797.XSHG,600797,浙大网新,252,1.0,0.7570923215652818,0.7570923215652818,Top |rho| within random pair sample; not global full-market top edge
2018-12-28,252,002187.XSHE,002187,广百股份,600320.XSHG,600320,振华重工,252,1.0,0.7544130157000952,0.7544130157000952,Top |rho| within random pair sample; not global full-market top edge
2018-12-28,252,000919.XSHE,000919,金陵药业,300417.XSHE,300417,南华仪器,252,1.0,0.7533615895846887,0.7533615895846887,Top |rho| within random pair sample; not global full-market top edge
2018-12-28,252,002535.XSHE,002535,林州重机,300331.XSHE,300331,苏大维格,252,1.0,0.7513396824428619,0.7513396824428619,Top |rho| within random pair sample; not global full-market top edge
2018-12-28,252,000758.XSHE,000758,中色股份,000933.XSHE,000933,神火股份,252,1.0,0.7507636889364154,0.7507636889364154,Top |rho| within random pair sample; not global full-market top edge
2018-12-28,252,000685.XSHE,000685,中山公用,600190.XSHG,600190,退市锦港,252,1.0,0.7504211534761567,0.7504211534761567,Top |rho| within random pair sample; not global full-market top edge
2018-12-28,252,002533.XSHE,002533,金杯电工,600814.XSHG,600814,杭州解百,252,1.0,0.7483530324337289,0.7483530324337289,Top |rho| within random pair sample; not global full-market top edge
2018-12-28,252,002682.XSHE,002682,龙洲股份,600820.XSHG,600820,隧道股份,252,1.0,0.7470118016735582,0.7470118016735582,Top |rho| within random pair sample; not global full-market top edge
2018-12-28,252,002393.XSHE,002393,力生制药,601200.XSHG,601200,上海环境,252,1.0,0.7467094122667097,0.7467094122667097,Top |rho| within random pair sample; not global full-market top edge
2018-12-28,252,000708.XSHE,000708,中信特钢,600282.XSHG,600282,南钢股份,248,0.9841269841269841,0.7417956856137804,0.7417956856137804,Top |rho| within random pair sample; not global full-market top edge
2018-12-28,252,002283.XSHE,002283,天润工业,300190.XSHE,300190,维尔利,252,1.0,0.7408076143588898,0.7408076143588898,Top |rho| within random pair sample; not global full-market top edge
2018-12-28,252,002347.XSHE,002347,泰尔股份,300239.XSHE,300239,东宝生物,252,1.0,0.739885352781872,0.739885352781872,Top |rho| within random pair sample; not global full-market top edge
2018-12-28,252,002354.XSHE,002354,天娱数科,603258.XSHG,603258,电魂网络,241,0.9563492063492064,0.7398124676462814,0.7398124676462814,Top |rho| within random pair sample; not global full-market top edge
2018-12-28,252,002144.XSHE,002144,宏达高科,002593.XSHE,002593,日上集团,252,1.0,0.7387593491309626,0.7387593491309626,Top |rho| within random pair sample; not global full-market top edge
2018-12-28,252,002535.XSHE,002535,林州重机,600435.XSHG,600435,北方导航,252,1.0,0.7383187544962218,0.7383187544962218,Top |rho| within random pair sample; not global full-market top edge
2018-12-28,252,002253.XSHE,002253,川大智胜,300213.XSHE,300213,佳讯飞鸿,246,0.9761904761904762,0.738092265167234,0.738092265167234,Top |rho| within random pair sample; not global full-market top edge
2018-12-28,252,002144.XSHE,002144,宏达高科,600805.XSHG,600805,悦达投资,252,1.0,0.7343076282227212,0.7343076282227212,Top |rho| within random pair sample; not global full-market top edge
2018-12-28,252,000598.XSHE,000598,兴蓉环境,600790.XSHG,600790,轻纺城,252,1.0,0.7324297930086763,0.7324297930086763,Top |rho| within random pair sample; not global full-market top edge
2018-12-28,252,000598.XSHE,000598,兴蓉环境,603766.XSHG,603766,隆鑫通用,252,1.0,0.7320422504525755,0.7320422504525755,Top |rho| within random pair sample; not global full-market top edge
2018-12-28,252,300185.XSHE,300185,通裕重工,600067.XSHG,600067,冠城新材,252,1.0,0.7300486005862584,0.7300486005862584,Top |rho| within random pair sample; not global full-market top edge
2018-12-28,252,002104.XSHE,002104,恒宝股份,300024.XSHE,300024,机器人,252,1.0,0.7292349210350945,0.7292349210350945,Top |rho| within random pair sample; not global full-market top edge
2018-12-28,252,002535.XSHE,002535,林州重机,600995.XSHG,600995,南网储能,252,1.0,0.7281437819473631,0.7281437819473631,Top |rho| within random pair sample; not global full-market top edge
2018-12-28,252,300218.XSHE,300218,安利股份,603116.XSHG,603116,红蜻蜓,252,1.0,0.7265524973402095,0.7265524973402095,Top |rho| within random pair sample; not global full-market top edge
2018-12-28,252,000833.XSHE,000833,粤桂股份,600676.XSHG,600676,久事动娱,252,1.0,0.7215175732044852,0.7215175732044852,Top |rho| within random pair sample; not global full-market top edge
2018-12-28,252,000809.XSHE,000809,和展能源,601608.XSHG,601608,中信重工,250,0.9920634920634921,0.7206050591824744,0.7206050591824744,Top |rho| within random pair sample; not global full-market top edge
2018-12-28,252,000859.XSHE,000859,国风新材,600428.XSHG,600428,中远海特,252,1.0,0.720471415931061,0.720471415931061,Top |rho| within random pair sample; not global full-market top edge
2018-12-28,252,000059.XSHE,000059,华锦股份,000685.XSHE,000685,中山公用,252,1.0,0.718848499586022,0.718848499586022,Top |rho| within random pair sample; not global full-market top edge
2018-12-28,252,000700.XSHE,000700,模塑科技,002393.XSHE,002393,力生制药,252,1.0,0.7183874307202132,0.7183874307202132,Top |rho| within random pair sample; not global full-market top edge
2018-12-28,252,000919.XSHE,000919,金陵药业,600063.XSHG,600063,皖维高新,252,1.0,0.7171195581355223,0.7171195581355223,Top |rho| within random pair sample; not global full-market top edge
2018-12-28,252,300082.XSHE,300082,奥克股份,300307.XSHE,300307,慈星股份,252,1.0,0.716688887582909,0.716688887582909,Top |rho| within random pair sample; not global full-market top edge
2018-12-28,252,300405.XSHE,300405,科隆股份,600755.XSHG,600755,厦门国贸,252,1.0,0.7145959051584266,0.7145959051584266,Top |rho| within random pair sample; not global full-market top edge
2018-12-28,252,000090.XSHE,000090,天健集团,000685.XSHE,000685,中山公用,252,1.0,0.7141660236285579,0.7141660236285579,Top |rho| within random pair sample; not global full-market top edge
2018-12-28,252,000828.XSHE,000828,东莞控股,600496.XSHG,600496,精工钢构,252,1.0,0.7100803735396325,0.7100803735396325,Top |rho| within random pair sample; not global full-market top edge
2018-12-28,252,000761.XSHE,000761,本钢板材,600971.XSHG,600971,恒源煤电,252,1.0,0.7099835736836134,0.7099835736836134,Top |rho| within random pair sample; not global full-market top edge
2018-12-28,252,000417.XSHE,000417,合百集团,000419.XSHE,000419,通程控股,252,1.0,0.7097702710330406,0.7097702710330406,Top |rho| within random pair sample; not global full-market top edge
2018-12-28,252,000715.XSHE,000715,中兴商业,000978.XSHE,000978,桂林旅游,252,1.0,0.7097680643554417,0.7097680643554417,Top |rho| within random pair sample; not global full-market top edge
2018-12-28,252,000623.XSHE,000623,吉林敖东,601901.XSHG,601901,方正证券,252,1.0,0.7096955737086225,0.7096955737086225,Top |rho| within random pair sample; not global full-market top edge
2018-12-28,252,000059.XSHE,000059,华锦股份,000623.XSHE,000623,吉林敖东,252,1.0,0.7092662015090989,0.7092662015090989,Top |rho| within random pair sample; not global full-market top edge
2018-12-28,252,002249.XSHE,002249,大洋电机,601777.XSHG,601777,千里科技,252,1.0,0.7090708606162118,0.7090708606162118,Top |rho| within random pair sample; not global full-market top edge
2018-12-28,252,002272.XSHE,002272,川润股份,600237.XSHG,600237,铜峰电子,252,1.0,0.7075689553586354,0.7075689553586354,Top |rho| within random pair sample; not global full-market top edge
2018-12-28,252,002186.XSHE,002186,全聚德,600168.XSHG,600168,武汉控股,252,1.0,0.7074684823439082,0.7074684823439082,Top |rho| within random pair sample; not global full-market top edge
2018-12-28,252,300150.XSHE,300150,世纪瑞尔,300190.XSHE,300190,维尔利,252,1.0,0.7069099496052889,0.7069099496052889,Top |rho| within random pair sample; not global full-market top edge
2018-12-28,252,000883.XSHE,000883,湖北能源,600592.XSHG,600592,龙溪股份,252,1.0,0.7053385975162343,0.7053385975162343,Top |rho| within random pair sample; not global full-market top edge
2018-12-28,252,300172.XSHE,300172,中电环保,300215.XSHE,300215,电科院,252,1.0,0.704273558866695,0.704273558866695,Top |rho| within random pair sample; not global full-market top edge
2018-12-28,252,002467.XSHE,002467,二六三,600168.XSHG,600168,武汉控股,252,1.0,0.7036463215598169,0.7036463215598169,Top |rho| within random pair sample; not global full-market top edge
2018-12-28,252,300304.XSHE,300304,云意电气,600731.XSHG,600731,湖南海利,252,1.0,0.7034658608283086,0.7034658608283086,Top |rho| within random pair sample; not global full-market top edge
2018-12-28,252,002498.XSHE,002498,汉缆股份,600067.XSHG,600067,冠城新材,252,1.0,0.7031432905052106,0.7031432905052106,Top |rho| within random pair sample; not global full-market top edge
2018-12-28,252,002535.XSHE,002535,林州重机,603226.XSHG,603226,菲林格尔,252,1.0,0.7031190037783789,0.7031190037783789,Top |rho| within random pair sample; not global full-market top edge
2018-12-28,252,002279.XSHE,002279,久其软件,300098.XSHE,300098,高新兴,251,0.996031746031746,0.7028494095886695,0.7028494095886695,Top |rho| within random pair sample; not global full-market top edge
2018-12-28,252,002487.XSHE,002487,大金重工,600279.XSHG,600279,重庆港,252,1.0,0.7020712593856223,0.7020712593856223,Top |rho| within random pair sample; not global full-market top edge
2018-12-28,252,002187.XSHE,002187,广百股份,002329.XSHE,002329,皇氏集团,252,1.0,0.7010107614368286,0.7010107614368286,Top |rho| within random pair sample; not global full-market top edge
2018-12-28,252,000753.XSHE,000753,漳州发展,600676.XSHG,600676,久事动娱,252,1.0,0.7002767524125968,0.7002767524125968,Top |rho| within random pair sample; not global full-market top edge
2018-12-28,252,000761.XSHE,000761,本钢板材,600123.XSHG,600123,兰花科创,252,1.0,0.6996867048925062,0.6996867048925062,Top |rho| within random pair sample; not global full-market top edge
2018-12-28,252,002855.XSHE,002855,捷荣技术,600292.XSHG,600292,电投水电,252,1.0,0.6994889456587986,0.6994889456587986,Top |rho| within random pair sample; not global full-market top edge
2018-12-28,252,002284.XSHE,002284,亚太股份,300516.XSHE,300516,久之洋,252,1.0,0.6989484776079985,0.6989484776079985,Top |rho| within random pair sample; not global full-market top edge
2018-12-28,252,002073.XSHE,002073,软控股份,002106.XSHE,002106,莱宝高科,241,0.9563492063492064,0.6977783417392686,0.6977783417392686,Top |rho| within random pair sample; not global full-market top edge
2018-12-28,252,000059.XSHE,000059,华锦股份,002378.XSHE,002378,章源钨业,252,1.0,0.6970115541058062,0.6970115541058062,Top |rho| within random pair sample; not global full-market top edge
2018-12-28,252,000570.XSHE,000570,苏常柴A,300307.XSHE,300307,慈星股份,252,1.0,0.6961204824598789,0.6961204824598789,Top |rho| within random pair sample; not global full-market top edge
2018-12-28,252,000698.XSHE,000698,ST沈化,600320.XSHG,600320,振华重工,252,1.0,0.6960114407803392,0.6960114407803392,Top |rho| within random pair sample; not global full-market top edge
2018-12-28,252,000970.XSHE,000970,中科三环,600500.XSHG,600500,中化国际,252,1.0,0.6951282246193694,0.6951282246193694,Top |rho| within random pair sample; not global full-market top edge
2018-12-28,252,002682.XSHE,002682,龙洲股份,603090.XSHG,603090,宏盛股份,252,1.0,0.6950216689202247,0.6950216689202247,Top |rho| within random pair sample; not global full-market top edge
2018-12-28,252,000657.XSHE,000657,中钨高新,601969.XSHG,601969,海南矿业,252,1.0,0.6945830974039019,0.6945830974039019,Top |rho| within random pair sample; not global full-market top edge
2018-12-28,252,300405.XSHE,300405,科隆股份,600279.XSHG,600279,重庆港,252,1.0,0.693648899535828,0.693648899535828,Top |rho| within random pair sample; not global full-market top edge
2018-12-28,252,002073.XSHE,002073,软控股份,002280.XSHE,002280,ST联络,241,0.9563492063492064,0.6934328059713205,0.6934328059713205,Top |rho| within random pair sample; not global full-market top edge
2018-12-28,252,300190.XSHE,300190,维尔利,300573.XSHE,300573,兴齐眼药,252,1.0,0.6929600680674418,0.6929600680674418,Top |rho| within random pair sample; not global full-market top edge
2018-12-28,252,000700.XSHE,000700,模塑科技,300048.XSHE,300048,合康新能,252,1.0,0.6922943239673588,0.6922943239673588,Top |rho| within random pair sample; not global full-market top edge
2018-12-28,252,002762.XSHE,002762,金发拉比,603116.XSHG,603116,红蜻蜓,252,1.0,0.6922364343092794,0.6922364343092794,Top |rho| within random pair sample; not global full-market top edge
2018-12-28,252,001896.XSHE,001896,豫能控股,002379.XSHE,002379,宏桥控股,252,1.0,0.6921296498497851,0.6921296498497851,Top |rho| within random pair sample; not global full-market top edge
2018-12-28,252,001896.XSHE,001896,豫能控股,601958.XSHG,601958,金钼股份,252,1.0,0.6912573970424666,0.6912573970424666,Top |rho| within random pair sample; not global full-market top edge
2018-12-28,252,300336.XSHE,300336,新文退,600415.XSHG,600415,小商品城,252,1.0,0.6910417225645836,0.6910417225645836,Top |rho| within random pair sample; not global full-market top edge
2018-12-28,252,002407.XSHE,002407,多氟多,600755.XSHG,600755,厦门国贸,252,1.0,0.6905519378994964,0.6905519378994964,Top |rho| within random pair sample; not global full-market top edge
2018-12-28,252,000753.XSHE,000753,漳州发展,002535.XSHE,002535,林州重机,252,1.0,0.6904761281613317,0.6904761281613317,Top |rho| within random pair sample; not global full-market top edge
2018-12-28,252,000700.XSHE,000700,模塑科技,603536.XSHG,603536,惠发食品,252,1.0,0.6902326050224517,0.6902326050224517,Top |rho| within random pair sample; not global full-market top edge
2018-12-28,252,300385.XSHE,300385,ST雪浪,600616.XSHG,600616,金枫酒业,252,1.0,0.6901386479047611,0.6901386479047611,Top |rho| within random pair sample; not global full-market top edge
2018-12-28,252,002593.XSHE,002593,日上集团,600396.XSHG,600396,华电辽能,252,1.0,0.6900249730257919,0.6900249730257919,Top |rho| within random pair sample; not global full-market top edge
2018-12-28,252,002104.XSHE,002104,恒宝股份,300025.XSHE,300025,华星创业,252,1.0,0.6895592668725244,0.6895592668725244,Top |rho| within random pair sample; not global full-market top edge
2018-12-28,252,002593.XSHE,002593,日上集团,300020.XSHE,300020,ST银江,252,1.0,0.6892356862958865,0.6892356862958865,Top |rho| within random pair sample; not global full-market top edge
2018-12-28,252,000153.XSHE,000153,丰原药业,000705.XSHE,000705,浙江震元,252,1.0,0.6888087486784935,0.6888087486784935,Top |rho| within random pair sample; not global full-market top edge
2018-12-28,252,300190.XSHE,300190,维尔利,601019.XSHG,601019,山东出版,252,1.0,0.6883497549296659,0.6883497549296659,Top |rho| within random pair sample; not global full-market top edge
2018-12-28,252,000570.XSHE,000570,苏常柴A,002406.XSHE,002406,远东传动,252,1.0,0.6882604815783887,0.6882604815783887,Top |rho| within random pair sample; not global full-market top edge
2018-12-28,252,002868.XSHE,002868,绿康生化,601616.XSHG,601616,广电电气,252,1.0,0.6879696110052792,0.6879696110052792,Top |rho| within random pair sample; not global full-market top edge
2018-12-28,252,002551.XSHE,002551,尚荣医疗,600496.XSHG,600496,精工钢构,252,1.0,0.6876768427721052,0.6876768427721052,Top |rho| within random pair sample; not global full-market top edge
2018-12-28,252,000751.XSHE,000751,锌业股份,600531.XSHG,600531,豫光金铅,252,1.0,0.6875813463063518,0.6875813463063518,Top |rho| within random pair sample; not global full-market top edge
2018-12-28,252,000059.XSHE,000059,华锦股份,601866.XSHG,601866,中远海发,252,1.0,0.6874802254628654,0.6874802254628654,Top |rho| within random pair sample; not global full-market top edge
2018-12-28,252,002593.XSHE,002593,日上集团,300055.XSHE,300055,万邦达,252,1.0,0.6863430462630535,0.6863430462630535,Top |rho| within random pair sample; not global full-market top edge
2018-12-28,252,000551.XSHE,000551,创元科技,002590.XSHE,002590,万安科技,252,1.0,0.6862352227971826,0.6862352227971826,Top |rho| within random pair sample; not global full-market top edge
2018-12-28,252,002144.XSHE,002144,宏达高科,600731.XSHG,600731,湖南海利,252,1.0,0.6859016229718261,0.6859016229718261,Top |rho| within random pair sample; not global full-market top edge
2018-12-28,252,000059.XSHE,000059,华锦股份,600331.XSHG,600331,宏达股份,252,1.0,0.6846737531668587,0.6846737531668587,Top |rho| within random pair sample; not global full-market top edge
2019-12-31,252,000960.XSHE,000960,锡业股份,601101.XSHG,601101,昊华能源,250,0.9920634920634921,0.7783382210495098,0.7783382210495098,Top |rho| within random pair sample; not global full-market top edge
2019-12-31,252,000709.XSHE,000709,河钢股份,000822.XSHE,000822,山东海化,252,1.0,0.77139644181124,0.77139644181124,Top |rho| within random pair sample; not global full-market top edge
2019-12-31,252,002156.XSHE,002156,通富微电,002185.XSHE,002185,华天科技,245,0.9722222222222222,0.7603675345046467,0.7603675345046467,Top |rho| within random pair sample; not global full-market top edge
2019-12-31,252,000926.XSHE,000926,福星股份,000937.XSHE,000937,冀中能源,252,1.0,0.7436031670752006,0.7436031670752006,Top |rho| within random pair sample; not global full-market top edge
2019-12-31,252,002839.XSHE,002839,张家港行,600643.XSHG,600643,爱建集团,252,1.0,0.7431256855541866,0.7431256855541866,Top |rho| within random pair sample; not global full-market top edge
2019-12-31,252,000822.XSHE,000822,山东海化,600802.XSHG,600802,福建水泥,252,1.0,0.7347821746794468,0.7347821746794468,Top |rho| within random pair sample; not global full-market top edge
2019-12-31,252,002344.XSHE,002344,海宁皮城,600978.XSHG,600978,*ST宜生,252,1.0,0.7273715360034436,0.7273715360034436,Top |rho| within random pair sample; not global full-market top edge
2019-12-31,252,000712.XSHE,000712,锦龙股份,600369.XSHG,600369,西南证券,252,1.0,0.7245871746440413,0.7245871746440413,Top |rho| within random pair sample; not global full-market top edge
2019-12-31,252,000519.XSHE,000519,中兵红箭,000738.XSHE,000738,航发控制,252,1.0,0.7229984793478725,0.7229984793478725,Top |rho| within random pair sample; not global full-market top edge
2019-12-31,252,000709.XSHE,000709,河钢股份,600997.XSHG,600997,开滦股份,252,1.0,0.7227418088020093,0.7227418088020093,Top |rho| within random pair sample; not global full-market top edge
2019-12-31,252,000541.XSHE,000541,佛山照明,002394.XSHE,002394,联发股份,252,1.0,0.7226518818709227,0.7226518818709227,Top |rho| within random pair sample; not global full-market top edge
2019-12-31,252,000778.XSHE,000778,新兴铸管,601179.XSHG,601179,中国西电,252,1.0,0.7224596554016206,0.7224596554016206,Top |rho| within random pair sample; not global full-market top edge
2019-12-31,252,300288.XSHE,300288,朗玛信息,603139.XSHG,603139,康惠股份,252,1.0,0.7136690584883755,0.7136690584883755,Top |rho| within random pair sample; not global full-market top edge
2019-12-31,252,300320.XSHE,300320,海达股份,300665.XSHE,300665,飞鹿股份,252,1.0,0.7081986550557124,0.7081986550557124,Top |rho| within random pair sample; not global full-market top edge
2019-12-31,252,300442.XSHE,300442,润泽科技,603139.XSHG,603139,康惠股份,252,1.0,0.7081074195914377,0.7081074195914377,Top |rho| within random pair sample; not global full-market top edge
2019-12-31,252,002066.XSHE,002066,瑞泰科技,600125.XSHG,600125,铁龙物流,252,1.0,0.7055600615710336,0.7055600615710336,Top |rho| within random pair sample; not global full-market top edge
2019-12-31,252,000903.XSHE,000903,ST云动,600033.XSHG,600033,福建高速,252,1.0,0.7028441474755458,0.7028441474755458,Top |rho| within random pair sample; not global full-market top edge
2019-12-31,252,002400.XSHE,002400,省广集团,601222.XSHG,601222,林洋能源,252,1.0,0.7011664189493557,0.7011664189493557,Top |rho| within random pair sample; not global full-market top edge
2019-12-31,252,002474.XSHE,002474,榕基软件,300020.XSHE,300020,ST银江,252,1.0,0.7003846987665332,0.7003846987665332,Top |rho| within random pair sample; not global full-market top edge
2019-12-31,252,002133.XSHE,002133,广宇集团,002743.XSHE,002743,富煌钢构,252,1.0,0.6976480215144976,0.6976480215144976,Top |rho| within random pair sample; not global full-market top edge
2019-12-31,252,002087.XSHE,002087,新纺退,002433.XSHE,002433,太安退,252,1.0,0.6939147377805737,0.6939147377805737,Top |rho| within random pair sample; not global full-market top edge
2019-12-31,252,000559.XSHE,000559,万向钱潮,600586.XSHG,600586,金晶科技,252,1.0,0.6927020325652447,0.6927020325652447,Top |rho| within random pair sample; not global full-market top edge
2019-12-31,252,000059.XSHE,000059,华锦股份,002433.XSHE,002433,太安退,252,1.0,0.6913004543004168,0.6913004543004168,Top |rho| within random pair sample; not global full-market top edge
2019-12-31,252,002945.XSHE,002945,华林证券,601162.XSHG,601162,天风证券,232,0.9206349206349206,0.6906496595852728,0.6906496595852728,Top |rho| within random pair sample; not global full-market top edge
2019-12-31,252,002490.XSHE,002490,山东墨龙,600159.XSHG,600159,大龙地产,252,1.0,0.6880916868953116,0.6880916868953116,Top |rho| within random pair sample; not global full-market top edge
2019-12-31,252,300135.XSHE,300135,宝利国际,603286.XSHG,603286,日盈电子,244,0.9682539682539683,0.6861506042471002,0.6861506042471002,Top |rho| within random pair sample; not global full-market top edge
2019-12-31,252,002128.XSHE,002128,电投能源,601186.XSHG,601186,中国铁建,252,1.0,0.6845143407755486,0.6845143407755486,Top |rho| within random pair sample; not global full-market top edge
2019-12-31,252,002067.XSHE,002067,景兴纸业,601992.XSHG,601992,金隅集团,252,1.0,0.6804825942403979,0.6804825942403979,Top |rho| within random pair sample; not global full-market top edge
2019-12-31,252,000598.XSHE,000598,兴蓉环境,000685.XSHE,000685,中山公用,252,1.0,0.6798771824316918,0.6798771824316918,Top |rho| within random pair sample; not global full-market top edge
2019-12-31,252,000959.XSHE,000959,首钢股份,601699.XSHG,601699,潞安环能,252,1.0,0.6775232006157005,0.6775232006157005,Top |rho| within random pair sample; not global full-market top edge
2019-12-31,252,000908.XSHE,000908,石药景峰,002898.XSHE,002898,赛隆退,252,1.0,0.6728287477350517,0.6728287477350517,Top |rho| within random pair sample; not global full-market top edge
2019-12-31,252,000828.XSHE,000828,东莞控股,600291.XSHG,600291,退市西水,252,1.0,0.672389705625148,0.672389705625148,Top |rho| within random pair sample; not global full-market top edge
2019-12-31,252,000768.XSHE,000768,中航西飞,600184.XSHG,600184,光电股份,252,1.0,0.6723273611013736,0.6723273611013736,Top |rho| within random pair sample; not global full-market top edge
2019-12-31,252,300024.XSHE,300024,机器人,601377.XSHG,601377,兴业证券,252,1.0,0.6720409069339524,0.6720409069339524,Top |rho| within random pair sample; not global full-market top edge
2019-12-31,252,000960.XSHE,000960,锡业股份,600068.XSHG,600068,葛洲坝,252,1.0,0.6714991679730654,0.6714991679730654,Top |rho| within random pair sample; not global full-market top edge
2019-12-31,252,002275.XSHE,002275,桂林三金,603116.XSHG,603116,红蜻蜓,252,1.0,0.6697769296062651,0.6697769296062651,Top |rho| within random pair sample; not global full-market top edge
2019-12-31,252,002839.XSHE,002839,张家港行,600269.XSHG,600269,赣粤高速,252,1.0,0.668406422933122,0.668406422933122,Top |rho| within random pair sample; not global full-market top edge
2019-12-31,252,002431.XSHE,002431,ST棕榈,600780.XSHG,600780,通宝能源,252,1.0,0.667006212435468,0.667006212435468,Top |rho| within random pair sample; not global full-market top edge
2019-12-31,252,002620.XSHE,002620,*ST瑞和,300024.XSHE,300024,机器人,252,1.0,0.6664404717745213,0.6664404717745213,Top |rho| within random pair sample; not global full-market top edge
2019-12-31,252,002104.XSHE,002104,恒宝股份,002544.XSHE,002544,普天科技,252,1.0,0.6652454949991888,0.6652454949991888,Top |rho| within random pair sample; not global full-market top edge
2019-12-31,252,002029.XSHE,002029,七匹狼,002183.XSHE,002183,怡亚通,247,0.9801587301587301,0.6647172642064956,0.6647172642064956,Top |rho| within random pair sample; not global full-market top edge
2019-12-31,252,000528.XSHE,000528,柳工,600015.XSHG,600015,华夏银行,252,1.0,0.6643456008908705,0.6643456008908705,Top |rho| within random pair sample; not global full-market top edge
2019-12-31,252,000521.XSHE,000521,长虹美菱,600846.XSHG,600846,同济科技,252,1.0,0.6637812042845919,0.6637812042845919,Top |rho| within random pair sample; not global full-market top edge
2019-12-31,252,002108.XSHE,002108,沧州明珠,002433.XSHE,002433,太安退,252,1.0,0.6634791372604159,0.6634791372604159,Top |rho| within random pair sample; not global full-market top edge
2019-12-31,252,300243.XSHE,300243,瑞丰高材,600791.XSHG,600791,京能置业,252,1.0,0.6627479344942844,0.6627479344942844,Top |rho| within random pair sample; not global full-market top edge
2019-12-31,252,000685.XSHE,000685,中山公用,601019.XSHG,601019,山东出版,252,1.0,0.6615652006509806,0.6615652006509806,Top |rho| within random pair sample; not global full-market top edge
2019-12-31,252,300254.XSHE,300254,仟源医药,600773.XSHG,600773,西藏城投,252,1.0,0.6598813209661815,0.6598813209661815,Top |rho| within random pair sample; not global full-market top edge
2019-12-31,252,300336.XSHE,300336,新文退,600843.XSHG,600843,上工申贝,252,1.0,0.6559770513822492,0.6559770513822492,Top |rho| within random pair sample; not global full-market top edge
2019-12-31,252,002400.XSHE,002400,省广集团,002433.XSHE,002433,太安退,252,1.0,0.655096294747561,0.655096294747561,Top |rho| within random pair sample; not global full-market top edge
2019-12-31,252,002031.XSHE,002031,巨轮智能,300295.XSHE,300295,*ST三六五,252,1.0,0.6539376744471592,0.6539376744471592,Top |rho| within random pair sample; not global full-market top edge
2019-12-31,252,002062.XSHE,002062,宏润建设,600723.XSHG,600723,首商股份,252,1.0,0.6537983089814852,0.6537983089814852,Top |rho| within random pair sample; not global full-market top edge
2019-12-31,252,002067.XSHE,002067,景兴纸业,300024.XSHE,300024,机器人,252,1.0,0.6527042493241405,0.6527042493241405,Top |rho| within random pair sample; not global full-market top edge
2019-12-31,252,300064.XSHE,300064,金刚退,600495.XSHG,600495,晋西车轴,252,1.0,0.6519098243079307,0.6519098243079307,Top |rho| within random pair sample; not global full-market top edge
2019-12-31,252,002620.XSHE,002620,*ST瑞和,600594.XSHG,600594,益佰制药,252,1.0,0.6517069477685511,0.6517069477685511,Top |rho| within random pair sample; not global full-market top edge
2019-12-31,252,000929.XSHE,000929,兰州黄河,002344.XSHE,002344,海宁皮城,252,1.0,0.6516582583991036,0.6516582583991036,Top |rho| within random pair sample; not global full-market top edge
2019-12-31,252,000751.XSHE,000751,锌业股份,600121.XSHG,600121,郑州煤电,252,1.0,0.6514374765148239,0.6514374765148239,Top |rho| within random pair sample; not global full-market top edge
2019-12-31,252,300049.XSHE,300049,福瑞医科,300150.XSHE,300150,世纪瑞尔,252,1.0,0.6508594138960047,0.6508594138960047,Top |rho| within random pair sample; not global full-market top edge
2019-12-31,252,002527.XSHE,002527,新时达,600959.XSHG,600959,江苏有线,252,1.0,0.649507776805239,0.649507776805239,Top |rho| within random pair sample; not global full-market top edge
2019-12-31,252,000419.XSHE,000419,通程控股,000822.XSHE,000822,山东海化,252,1.0,0.6494269824750588,0.6494269824750588,Top |rho| within random pair sample; not global full-market top edge
2019-12-31,252,002342.XSHE,002342,巨力索具,600533.XSHG,600533,栖霞建设,252,1.0,0.6474557550331133,0.6474557550331133,Top |rho| within random pair sample; not global full-market top edge
2019-12-31,252,000926.XSHE,000926,福星股份,601002.XSHG,601002,晋亿实业,252,1.0,0.6471063305536949,0.6471063305536949,Top |rho| within random pair sample; not global full-market top edge
2019-12-31,252,002490.XSHE,002490,山东墨龙,002554.XSHE,002554,惠博普,246,0.9761904761904762,0.6469984148953136,0.6469984148953136,Top |rho| within random pair sample; not global full-market top edge
2019-12-31,252,000960.XSHE,000960,锡业股份,600409.XSHG,600409,三友化工,252,1.0,0.6458741633408681,0.6458741633408681,Top |rho| within random pair sample; not global full-market top edge
2019-12-31,252,000548.XSHE,000548,湖南投资,600515.XSHG,600515,海南机场,252,1.0,0.6455950220649812,0.6455950220649812,Top |rho| within random pair sample; not global full-market top edge
2019-12-31,252,000685.XSHE,000685,中山公用,300358.XSHE,300358,楚天科技,241,0.9563492063492064,0.645148443476777,0.645148443476777,Top |rho| within random pair sample; not global full-market top edge
2019-12-31,252,002186.XSHE,002186,全聚德,600773.XSHG,600773,西藏城投,252,1.0,0.6449548428780755,0.6449548428780755,Top |rho| within random pair sample; not global full-market top edge
2019-12-31,252,300254.XSHE,300254,仟源医药,300439.XSHE,300439,美康生物,252,1.0,0.6441125120887702,0.6441125120887702,Top |rho| within random pair sample; not global full-market top edge
2019-12-31,252,000528.XSHE,000528,柳工,600160.XSHG,600160,巨化股份,252,1.0,0.6439002303857932,0.6439002303857932,Top |rho| within random pair sample; not global full-market top edge
2019-12-31,252,000498.XSHE,000498,山东路桥,601001.XSHG,601001,晋控煤业,241,0.9563492063492064,0.6424741930541236,0.6424741930541236,Top |rho| within random pair sample; not global full-market top edge
2019-12-31,252,000960.XSHE,000960,锡业股份,002620.XSHE,002620,*ST瑞和,252,1.0,0.6421952611762015,0.6421952611762015,Top |rho| within random pair sample; not global full-market top edge
2019-12-31,252,002124.XSHE,002124,天邦食品,002385.XSHE,002385,大北农,248,0.9841269841269841,0.641807017602332,0.641807017602332,Top |rho| within random pair sample; not global full-market top edge
2019-12-31,252,002283.XSHE,002283,天润工业,603139.XSHG,603139,康惠股份,252,1.0,0.6416668438951003,0.6416668438951003,Top |rho| within random pair sample; not global full-market top edge
2019-12-31,252,002277.XSHE,002277,友阿股份,300377.XSHE,300377,赢时胜,252,1.0,0.6391598182910483,0.6391598182910483,Top |rho| within random pair sample; not global full-market top edge
2019-12-31,252,000937.XSHE,000937,冀中能源,600499.XSHG,600499,科达制造,252,1.0,0.638989958365056,0.638989958365056,Top |rho| within random pair sample; not global full-market top edge
2019-12-31,252,002128.XSHE,002128,电投能源,002516.XSHE,002516,旷达科技,252,1.0,0.6384241568596286,0.6384241568596286,Top |rho| within random pair sample; not global full-market top edge
2019-12-31,252,002929.XSHE,002929,润建股份,300252.XSHE,300252,金信诺,252,1.0,0.6382690847322161,0.6382690847322161,Top |rho| within random pair sample; not global full-market top edge
2019-12-31,252,300254.XSHE,300254,仟源医药,300517.XSHE,300517,海波重科,252,1.0,0.6382525749028733,0.6382525749028733,Top |rho| within random pair sample; not global full-market top edge
2019-12-31,252,002691.XSHE,002691,*ST冀凯,300049.XSHE,300049,福瑞医科,252,1.0,0.6377258732644777,0.6377258732644777,Top |rho| within random pair sample; not global full-market top edge
2019-12-31,252,002087.XSHE,002087,新纺退,600120.XSHG,600120,浙江东方,252,1.0,0.6364996698843878,0.6364996698843878,Top |rho| within random pair sample; not global full-market top edge
2019-12-31,252,000983.XSHE,000983,山西焦煤,601225.XSHG,601225,陕西煤业,252,1.0,0.6364874964822529,0.6364874964822529,Top |rho| within random pair sample; not global full-market top edge
2019-12-31,252,002222.XSHE,002222,福晶科技,300222.XSHE,300222,科大智能,252,1.0,0.635952329922283,0.635952329922283,Top |rho| within random pair sample; not global full-market top edge
2019-12-31,252,002775.XSHE,002775,文科股份,601000.XSHG,601000,唐山港,252,1.0,0.6356465995335073,0.6356465995335073,Top |rho| within random pair sample; not global full-market top edge
2019-12-31,252,002736.XSHE,002736,国信证券,002839.XSHE,002839,张家港行,252,1.0,0.6355496187219208,0.6355496187219208,Top |rho| within random pair sample; not global full-market top edge
2019-12-31,252,002062.XSHE,002062,宏润建设,600909.XSHG,600909,华安证券,252,1.0,0.6351161664298496,0.6351161664298496,Top |rho| within random pair sample; not global full-market top edge
2019-12-31,252,002067.XSHE,002067,景兴纸业,002340.XSHE,002340,格林美,252,1.0,0.6340910055304018,0.6340910055304018,Top |rho| within random pair sample; not global full-market top edge
2019-12-31,252,300358.XSHE,300358,楚天科技,300668.XSHE,300668,杰恩股份,241,0.9563492063492064,0.6340112815348448,0.6340112815348448,Top |rho| within random pair sample; not global full-market top edge
2019-12-31,252,000012.XSHE,000012,南玻A,600252.XSHG,600252,中恒集团,252,1.0,0.6332932854546447,0.6332932854546447,Top |rho| within random pair sample; not global full-market top edge
2019-12-31,252,002673.XSHE,002673,西部证券,600551.XSHG,600551,时代出版,252,1.0,0.63328202903578,0.63328202903578,Top |rho| within random pair sample; not global full-market top edge
2019-12-31,252,000960.XSHE,000960,锡业股份,002275.XSHE,002275,桂林三金,252,1.0,0.6326110910127891,0.6326110910127891,Top |rho| within random pair sample; not global full-market top edge
2019-12-31,252,000012.XSHE,000012,南玻A,300064.XSHE,300064,金刚退,252,1.0,0.6323689907297778,0.6323689907297778,Top |rho| within random pair sample; not global full-market top edge
2019-12-31,252,002029.XSHE,002029,七匹狼,600293.XSHG,600293,三峡新材,252,1.0,0.6321844380139449,0.6321844380139449,Top |rho| within random pair sample; not global full-market top edge
2019-12-31,252,002051.XSHE,002051,中工国际,600382.XSHG,600382,广东明珠,250,0.9920634920634921,0.6318668436573772,0.6318668436573772,Top |rho| within random pair sample; not global full-market top edge
2019-12-31,252,000060.XSHE,000060,中金岭南,600008.XSHG,600008,首创环保,252,1.0,0.6317056319804941,0.6317056319804941,Top |rho| within random pair sample; not global full-market top edge
2019-12-31,252,300231.XSHE,300231,银信科技,600970.XSHG,600970,中材国际,252,1.0,0.6304703740157382,0.6304703740157382,Top |rho| within random pair sample; not global full-market top edge
2019-12-31,252,002026.XSHE,002026,山东威达,603116.XSHG,603116,红蜻蜓,252,1.0,0.6304286965162742,0.6304286965162742,Top |rho| within random pair sample; not global full-market top edge
2019-12-31,252,300049.XSHE,300049,福瑞医科,600537.XSHG,600537,*ST亿晶,252,1.0,0.6303182499457296,0.6303182499457296,Top |rho| within random pair sample; not global full-market top edge
2019-12-31,252,002160.XSHE,002160,常铝股份,603331.XSHG,603331,百达精工,252,1.0,0.6301311842365459,0.6301311842365459,Top |rho| within random pair sample; not global full-market top edge
2019-12-31,252,002420.XSHE,002420,毅昌科技,600978.XSHG,600978,*ST宜生,250,0.9920634920634921,0.6298309131565217,0.6298309131565217,Top |rho| within random pair sample; not global full-market top edge
2019-12-31,252,002276.XSHE,002276,万马股份,603331.XSHG,603331,百达精工,252,1.0,0.6290413524004853,0.6290413524004853,Top |rho| within random pair sample; not global full-market top edge
2019-12-31,252,000548.XSHE,000548,湖南投资,002544.XSHE,002544,普天科技,252,1.0,0.6290308022060032,0.6290308022060032,Top |rho| within random pair sample; not global full-market top edge
2020-12-31,252,002939.XSHE,002939,长城证券,600369.XSHG,600369,西南证券,252,1.0,0.8060868015923449,0.8060868015923449,Top |rho| within random pair sample; not global full-market top edge
2020-12-31,252,002673.XSHE,002673,西部证券,600109.XSHG,600109,国金证券,241,0.9563492063492064,0.7609821640927529,0.7609821640927529,Top |rho| within random pair sample; not global full-market top edge
2020-12-31,252,000717.XSHE,000717,中南股份,600569.XSHG,600569,安阳钢铁,252,1.0,0.7467832422496173,0.7467832422496173,Top |rho| within random pair sample; not global full-market top edge
2020-12-31,252,000852.XSHE,000852,石化机械,603036.XSHG,603036,如通股份,252,1.0,0.720782284228885,0.720782284228885,Top |rho| within random pair sample; not global full-market top edge
2020-12-31,252,000657.XSHE,000657,中钨高新,002378.XSHE,002378,章源钨业,252,1.0,0.7156974078322544,0.7156974078322544,Top |rho| within random pair sample; not global full-market top edge
2020-12-31,252,000613.XSHE,000613,东海A退,000735.XSHE,000735,罗牛山,252,1.0,0.7097313315233069,0.7097313315233069,Top |rho| within random pair sample; not global full-market top edge
2020-12-31,252,002474.XSHE,002474,榕基软件,300229.XSHE,300229,拓尔思,252,1.0,0.7093355219333948,0.7093355219333948,Top |rho| within random pair sample; not global full-market top edge
2020-12-31,252,000028.XSHE,000028,国药一致,600511.XSHG,600511,国药股份,252,1.0,0.7055905656731726,0.7055905656731726,Top |rho| within random pair sample; not global full-market top edge
2020-12-31,252,002296.XSHE,002296,辉煌科技,600446.XSHG,600446,金证股份,252,1.0,0.6758208670580084,0.6758208670580084,Top |rho| within random pair sample; not global full-market top edge
2020-12-31,252,000761.XSHE,000761,本钢板材,601005.XSHG,601005,重庆钢铁,252,1.0,0.673678504221387,0.673678504221387,Top |rho| within random pair sample; not global full-market top edge
2020-12-31,252,002722.XSHE,002722,物产金轮,600571.XSHG,600571,信雅达,252,1.0,0.6712096372661153,0.6712096372661153,Top |rho| within random pair sample; not global full-market top edge
2020-12-31,252,000709.XSHE,000709,河钢股份,601211.XSHG,601211,国泰海通,252,1.0,0.6696452096311897,0.6696452096311897,Top |rho| within random pair sample; not global full-market top edge
2020-12-31,252,000528.XSHE,000528,柳工,600567.XSHG,600567,山鹰国际,252,1.0,0.6692922708017504,0.6692922708017504,Top |rho| within random pair sample; not global full-market top edge
2020-12-31,252,002628.XSHE,002628,成都路桥,600266.XSHG,600266,城建发展,252,1.0,0.6682598711554557,0.6682598711554557,Top |rho| within random pair sample; not global full-market top edge
2020-12-31,252,000761.XSHE,000761,本钢板材,600017.XSHG,600017,日照港,252,1.0,0.6664581084759429,0.6664581084759429,Top |rho| within random pair sample; not global full-market top edge
2020-12-31,252,000709.XSHE,000709,河钢股份,601997.XSHG,601997,贵阳银行,252,1.0,0.6558223073527806,0.6558223073527806,Top |rho| within random pair sample; not global full-market top edge
2020-12-31,252,000898.XSHE,000898,鞍钢股份,601318.XSHG,601318,中国平安,252,1.0,0.654046575450064,0.654046575450064,Top |rho| within random pair sample; not global full-market top edge
2020-12-31,252,000166.XSHE,000166,申万宏源,600571.XSHG,600571,信雅达,252,1.0,0.6532723699540547,0.6532723699540547,Top |rho| within random pair sample; not global full-market top edge
2020-12-31,252,002195.XSHE,002195,岩山科技,002303.XSHE,002303,美盈森,252,1.0,0.6480361446573794,0.6480361446573794,Top |rho| within random pair sample; not global full-market top edge
2020-12-31,252,000900.XSHE,000900,现代投资,002628.XSHE,002628,成都路桥,252,1.0,0.6478057016367987,0.6478057016367987,Top |rho| within random pair sample; not global full-market top edge
2020-12-31,252,000852.XSHE,000852,石化机械,600583.XSHG,600583,海油工程,252,1.0,0.6450587403859253,0.6450587403859253,Top |rho| within random pair sample; not global full-market top edge
2020-12-31,252,002161.XSHE,002161,远望谷,002436.XSHE,002436,兴森科技,252,1.0,0.6437913008415083,0.6437913008415083,Top |rho| within random pair sample; not global full-market top edge
2020-12-31,252,000613.XSHE,000613,东海A退,002596.XSHE,002596,海南瑞泽,252,1.0,0.6436418656471475,0.6436418656471475,Top |rho| within random pair sample; not global full-market top edge
2020-12-31,252,300135.XSHE,300135,宝利国际,300176.XSHE,300176,鸿特科技,252,1.0,0.6406858678521786,0.6406858678521786,Top |rho| within random pair sample; not global full-market top edge
2020-12-31,252,300333.XSHE,300333,兆日科技,300557.XSHE,300557,理工光科,252,1.0,0.6406709688449214,0.6406709688449214,Top |rho| within random pair sample; not global full-market top edge
2020-12-31,252,000623.XSHE,000623,吉林敖东,601988.XSHG,601988,中国银行,252,1.0,0.640518492438492,0.640518492438492,Top |rho| within random pair sample; not global full-market top edge
2020-12-31,252,000948.XSHE,000948,南天信息,300017.XSHE,300017,网宿科技,252,1.0,0.6392854829126289,0.6392854829126289,Top |rho| within random pair sample; not global full-market top edge
2020-12-31,252,002926.XSHE,002926,华西证券,601860.XSHG,601860,紫金银行,252,1.0,0.6359262575265463,0.6359262575265463,Top |rho| within random pair sample; not global full-market top edge
2020-12-31,252,002268.XSHE,002268,电科网安,603383.XSHG,603383,顶点软件,252,1.0,0.6357332836067593,0.6357332836067593,Top |rho| within random pair sample; not global full-market top edge
2020-12-31,252,002527.XSHE,002527,新时达,600458.XSHG,600458,时代新材,252,1.0,0.6355809754930485,0.6355809754930485,Top |rho| within random pair sample; not global full-market top edge
2020-12-31,252,002067.XSHE,002067,景兴纸业,600308.XSHG,600308,华泰股份,252,1.0,0.634140036459819,0.634140036459819,Top |rho| within random pair sample; not global full-market top edge
2020-12-31,252,300369.XSHE,300369,绿盟科技,688168.XSHG,688168,安博通,252,1.0,0.6336918735619852,0.6336918735619852,Top |rho| within random pair sample; not global full-market top edge
2020-12-31,252,002440.XSHE,002440,闰土股份,600987.XSHG,600987,航民股份,252,1.0,0.6335527190501647,0.6335527190501647,Top |rho| within random pair sample; not global full-market top edge
2020-12-31,252,002657.XSHE,002657,中科金财,601375.XSHG,601375,中原证券,252,1.0,0.6324451589766013,0.6324451589766013,Top |rho| within random pair sample; not global full-market top edge
2020-12-31,252,300223.XSHE,300223,君正股份,603690.XSHG,603690,至纯科技,252,1.0,0.6283947478170208,0.6283947478170208,Top |rho| within random pair sample; not global full-market top edge
2020-12-31,252,002244.XSHE,002244,滨江集团,601009.XSHG,601009,南京银行,252,1.0,0.6268107892122888,0.6268107892122888,Top |rho| within random pair sample; not global full-market top edge
2020-12-31,252,300560.XSHE,300560,中富通,603220.XSHG,603220,中贝通信,252,1.0,0.6265366456230742,0.6265366456230742,Top |rho| within random pair sample; not global full-market top edge
2020-12-31,252,300311.XSHE,300311,任子行,300356.XSHE,300356,光一退,252,1.0,0.6263520537376148,0.6263520537376148,Top |rho| within random pair sample; not global full-market top edge
2020-12-31,252,002736.XSHE,002736,国信证券,002769.XSHE,002769,普路通,252,1.0,0.625056880409553,0.625056880409553,Top |rho| within random pair sample; not global full-market top edge
2020-12-31,252,002583.XSHE,002583,海能达,300319.XSHE,300319,麦捷科技,252,1.0,0.6222991134654928,0.6222991134654928,Top |rho| within random pair sample; not global full-market top edge
2020-12-31,252,002199.XSHE,002199,东晶电子,601519.XSHG,601519,大智慧,252,1.0,0.6220198384809928,0.6220198384809928,Top |rho| within random pair sample; not global full-market top edge
2020-12-31,252,002380.XSHE,002380,科远智慧,300130.XSHE,300130,新国都,252,1.0,0.6210001288211818,0.6210001288211818,Top |rho| within random pair sample; not global full-market top edge
2020-12-31,252,000932.XSHE,000932,华菱钢铁,600569.XSHG,600569,安阳钢铁,252,1.0,0.6206473211836868,0.6206473211836868,Top |rho| within random pair sample; not global full-market top edge
2020-12-31,252,000960.XSHE,000960,锡业股份,601992.XSHG,601992,金隅集团,252,1.0,0.6173616183356109,0.6173616183356109,Top |rho| within random pair sample; not global full-market top edge
2020-12-31,252,002224.XSHE,002224,三力士,688118.XSHG,688118,普元信息,252,1.0,0.6158325170978332,0.6158325170978332,Top |rho| within random pair sample; not global full-market top edge
2020-12-31,252,002195.XSHE,002195,岩山科技,002388.XSHE,002388,新亚制程,252,1.0,0.6149282570078676,0.6149282570078676,Top |rho| within random pair sample; not global full-market top edge
2020-12-31,252,002482.XSHE,002482,广田集团,600128.XSHG,600128,苏豪弘业,252,1.0,0.6125409836365557,0.6125409836365557,Top |rho| within random pair sample; not global full-market top edge
2020-12-31,252,000753.XSHE,000753,漳州发展,002337.XSHE,002337,赛象科技,252,1.0,0.6117690987709031,0.6117690987709031,Top |rho| within random pair sample; not global full-market top edge
2020-12-31,252,002119.XSHE,002119,康强电子,002217.XSHE,002217,ST合力泰,252,1.0,0.611406080002686,0.611406080002686,Top |rho| within random pair sample; not global full-market top edge
2020-12-31,252,002380.XSHE,002380,科远智慧,300380.XSHE,300380,安硕信息,252,1.0,0.6110282857236997,0.6110282857236997,Top |rho| within random pair sample; not global full-market top edge
2020-12-31,252,300319.XSHE,300319,麦捷科技,603019.XSHG,603019,中科曙光,252,1.0,0.6105305406660954,0.6105305406660954,Top |rho| within random pair sample; not global full-market top edge
2020-12-31,252,000563.XSHE,000563,陕国投A,300231.XSHE,300231,银信科技,252,1.0,0.6103973694959426,0.6103973694959426,Top |rho| within random pair sample; not global full-market top edge
2020-12-31,252,000528.XSHE,000528,柳工,002939.XSHE,002939,长城证券,252,1.0,0.6098062541237472,0.6098062541237472,Top |rho| within random pair sample; not global full-market top edge
2020-12-31,252,002649.XSHE,002649,博彦科技,601869.XSHG,601869,长飞光纤,252,1.0,0.6097450028286744,0.6097450028286744,Top |rho| within random pair sample; not global full-market top edge
2020-12-31,252,002484.XSHE,002484,江海股份,600171.XSHG,600171,上海贝岭,252,1.0,0.6096141040518454,0.6096141040518454,Top |rho| within random pair sample; not global full-market top edge
2020-12-31,252,002095.XSHE,002095,生意宝,002512.XSHE,002512,ST达华,246,0.9761904761904762,0.6092934919156233,0.6092934919156233,Top |rho| within random pair sample; not global full-market top edge
2020-12-31,252,002849.XSHE,002849,威星智能,600128.XSHG,600128,苏豪弘业,252,1.0,0.6074104241835341,0.6074104241835341,Top |rho| within random pair sample; not global full-market top edge
2020-12-31,252,002024.XSHE,002024,ST易购,601019.XSHG,601019,山东出版,252,1.0,0.6068145793901516,0.6068145793901516,Top |rho| within random pair sample; not global full-market top edge
2020-12-31,252,000680.XSHE,000680,山推股份,600623.XSHG,600623,华谊集团,252,1.0,0.6061961542732092,0.6061961542732092,Top |rho| within random pair sample; not global full-market top edge
2020-12-31,252,002523.XSHE,002523,天桥起重,601002.XSHG,601002,晋亿实业,252,1.0,0.6058076379990295,0.6058076379990295,Top |rho| within random pair sample; not global full-market top edge
2020-12-31,252,000917.XSHE,000917,电广传媒,600783.XSHG,600783,鲁信创投,252,1.0,0.6056187630279364,0.6056187630279364,Top |rho| within random pair sample; not global full-market top edge
2020-12-31,252,002657.XSHE,002657,中科金财,603117.XSHG,603117,万林物流,252,1.0,0.6052593045656135,0.6052593045656135,Top |rho| within random pair sample; not global full-market top edge
2020-12-31,252,000065.XSHE,000065,北方国际,600356.XSHG,600356,恒丰纸业,252,1.0,0.6049951529179926,0.6049951529179926,Top |rho| within random pair sample; not global full-market top edge
2020-12-31,252,002339.XSHE,002339,积成电子,600379.XSHG,600379,宝光股份,252,1.0,0.6044807497303979,0.6044807497303979,Top |rho| within random pair sample; not global full-market top edge
2020-12-31,252,002073.XSHE,002073,软控股份,002482.XSHE,002482,广田集团,252,1.0,0.6042308672271757,0.6042308672271757,Top |rho| within random pair sample; not global full-market top edge
2020-12-31,252,300304.XSHE,300304,云意电气,300647.XSHE,300647,超频三,252,1.0,0.6036814234756828,0.6036814234756828,Top |rho| within random pair sample; not global full-market top edge
2020-12-31,252,000627.XSHE,000627,*ST天茂,601390.XSHG,601390,中国中铁,252,1.0,0.6032686645499584,0.6032686645499584,Top |rho| within random pair sample; not global full-market top edge
2020-12-31,252,000825.XSHE,000825,太钢不锈,600018.XSHG,600018,上港集团,250,0.9920634920634921,0.6029486656481965,0.6029486656481965,Top |rho| within random pair sample; not global full-market top edge
2020-12-31,252,002115.XSHE,002115,三维通信,600846.XSHG,600846,同济科技,235,0.9325396825396826,0.6023777254116266,0.6023777254116266,Top |rho| within random pair sample; not global full-market top edge
2020-12-31,252,002429.XSHE,002429,兆驰股份,688020.XSHG,688020,方邦股份,252,1.0,0.6019455735339714,0.6019455735339714,Top |rho| within random pair sample; not global full-market top edge
2020-12-31,252,000932.XSHE,000932,华菱钢铁,600820.XSHG,600820,隧道股份,252,1.0,0.6010677170571299,0.6010677170571299,Top |rho| within random pair sample; not global full-market top edge
2020-12-31,252,002053.XSHE,002053,云南能投,601929.XSHG,601929,吉视传媒,252,1.0,0.6010198557702169,0.6010198557702169,Top |rho| within random pair sample; not global full-market top edge
2020-12-31,252,002546.XSHE,002546,新联电子,600312.XSHG,600312,平高电气,252,1.0,0.6005199978559453,0.6005199978559453,Top |rho| within random pair sample; not global full-market top edge
2020-12-31,252,000969.XSHE,000969,安泰科技,603030.XSHG,603030,全筑股份,252,1.0,0.6003639027660306,0.6003639027660306,Top |rho| within random pair sample; not global full-market top edge
2020-12-31,252,000623.XSHE,000623,吉林敖东,603117.XSHG,603117,万林物流,252,1.0,0.5996727448181585,0.5996727448181585,Top |rho| within random pair sample; not global full-market top edge
2020-12-31,252,300047.XSHE,300047,天源迪科,300135.XSHE,300135,宝利国际,252,1.0,0.5994954402672367,0.5994954402672367,Top |rho| within random pair sample; not global full-market top edge
2020-12-31,252,300015.XSHE,300015,爱尔眼科,300685.XSHE,300685,艾德生物,250,0.9920634920634921,0.5984752865254266,0.5984752865254266,Top |rho| within random pair sample; not global full-market top edge
2020-12-31,252,300474.XSHE,300474,景嘉微,600360.XSHG,600360,华微电子,252,1.0,0.5980473376732759,0.5980473376732759,Top |rho| within random pair sample; not global full-market top edge
2020-12-31,252,002528.XSHE,002528,*ST英飞,300270.XSHE,300270,中威电子,246,0.9761904761904762,0.5980381215449992,0.5980381215449992,Top |rho| within random pair sample; not global full-market top edge
2020-12-31,252,002296.XSHE,002296,辉煌科技,002449.XSHE,002449,国星光电,252,1.0,0.5978354676051196,0.5978354676051196,Top |rho| within random pair sample; not global full-market top edge
2020-12-31,252,002347.XSHE,002347,泰尔股份,002446.XSHE,002446,盛路通信,252,1.0,0.596365106690856,0.596365106690856,Top |rho| within random pair sample; not global full-market top edge
2020-12-31,252,000600.XSHE,000600,建投能源,600795.XSHG,600795,国电电力,252,1.0,0.596355161234335,0.596355161234335,Top |rho| within random pair sample; not global full-market top edge
2020-12-31,252,002463.XSHE,002463,沪电股份,002902.XSHE,002902,铭普光磁,242,0.9603174603174603,0.5954340118473075,0.5954340118473075,Top |rho| within random pair sample; not global full-market top edge
2020-12-31,252,000563.XSHE,000563,陕国投A,601368.XSHG,601368,绿城水务,252,1.0,0.5948281920615462,0.5948281920615462,Top |rho| within random pair sample; not global full-market top edge
2020-12-31,252,001979.XSHE,001979,招商蛇口,600322.XSHG,600322,津投城开,244,0.9682539682539683,0.5947563283706514,0.5947563283706514,Top |rho| within random pair sample; not global full-market top edge
2020-12-31,252,000852.XSHE,000852,石化机械,601766.XSHG,601766,中国中车,252,1.0,0.5942109692464186,0.5942109692464186,Top |rho| within random pair sample; not global full-market top edge
2020-12-31,252,002751.XSHE,002751,易尚退,300047.XSHE,300047,天源迪科,252,1.0,0.5939323219649544,0.5939323219649544,Top |rho| within random pair sample; not global full-market top edge
2020-12-31,252,000783.XSHE,000783,长江证券,600000.XSHG,600000,浦发银行,252,1.0,0.5938441377881507,0.5938441377881507,Top |rho| within random pair sample; not global full-market top edge
2020-12-31,252,002374.XSHE,002374,中锐股份,600008.XSHG,600008,首创环保,245,0.9722222222222222,0.5933798264396103,0.5933798264396103,Top |rho| within random pair sample; not global full-market top edge
2020-12-31,252,300504.XSHE,300504,天邑股份,600850.XSHG,600850,电科数字,252,1.0,0.5932836744797294,0.5932836744797294,Top |rho| within random pair sample; not global full-market top edge
2020-12-31,252,002725.XSHE,002725,跃岭股份,601519.XSHG,601519,大智慧,252,1.0,0.5931251087298521,0.5931251087298521,Top |rho| within random pair sample; not global full-market top edge
2020-12-31,252,300059.XSHE,300059,东方财富,300231.XSHE,300231,银信科技,252,1.0,0.5926537910109623,0.5926537910109623,Top |rho| within random pair sample; not global full-market top edge
2020-12-31,252,000055.XSHE,000055,方大集团,600340.XSHG,600340,*ST华幸,252,1.0,0.592046454623933,0.592046454623933,Top |rho| within random pair sample; not global full-market top edge
2020-12-31,252,000825.XSHE,000825,太钢不锈,002474.XSHE,002474,榕基软件,250,0.9920634920634921,0.5917875188671119,0.5917875188671119,Top |rho| within random pair sample; not global full-market top edge
2020-12-31,252,000677.XSHE,000677,ST海龙,603817.XSHG,603817,海峡环保,252,1.0,0.5906682433508579,0.5906682433508579,Top |rho| within random pair sample; not global full-market top edge
2020-12-31,252,000676.XSHE,000676,智度股份,600208.XSHG,600208,衢州发展,252,1.0,0.5905215321497057,0.5905215321497057,Top |rho| within random pair sample; not global full-market top edge
2020-12-31,252,002079.XSHE,002079,苏州固锝,002579.XSHE,002579,中京电子,239,0.9484126984126984,0.5905183692139618,0.5905183692139618,Top |rho| within random pair sample; not global full-market top edge
2020-12-31,252,002133.XSHE,002133,广宇集团,600787.XSHG,600787,中储股份,252,1.0,0.5897548597132944,0.5897548597132944,Top |rho| within random pair sample; not global full-market top edge
2020-12-31,252,002916.XSHE,002916,深南电路,600703.XSHG,600703,三安光电,252,1.0,0.5887533062418571,0.5887533062418571,Top |rho| within random pair sample; not global full-market top edge
2020-12-31,252,002374.XSHE,002374,中锐股份,600010.XSHG,600010,包钢股份,252,1.0,0.5886465387458983,0.5886465387458983,Top |rho| within random pair sample; not global full-market top edge
2021-12-31,252,002646.XSHE,002646,天佑德酒,600616.XSHG,600616,金枫酒业,252,1.0,0.8073640838842935,0.8073640838842935,Top |rho| within random pair sample; not global full-market top edge
2021-12-31,252,000019.XSHE,000019,深粮控股,000505.XSHE,000505,京粮控股,252,1.0,0.7333209445893901,0.7333209445893901,Top |rho| within random pair sample; not global full-market top edge
2021-12-31,252,000858.XSHE,000858,五粮液,600809.XSHG,600809,山西汾酒,252,1.0,0.6850263745823075,0.6850263745823075,Top |rho| within random pair sample; not global full-market top edge
2021-12-31,252,000401.XSHE,000401,金隅冀东,600326.XSHG,600326,西藏天路,227,0.9007936507936508,0.5909534403892773,0.5909534403892773,Top |rho| within random pair sample; not global full-market top edge
2021-12-31,252,002295.XSHE,002295,精艺股份,600768.XSHG,600768,富邦新材,252,1.0,0.5785727030245592,0.5785727030245592,Top |rho| within random pair sample; not global full-market top edge
2021-12-31,252,002104.XSHE,002104,恒宝股份,300368.XSHE,300368,汇金股份,252,1.0,0.5759019405469042,0.5759019405469042,Top |rho| within random pair sample; not global full-market top edge
2021-12-31,252,000623.XSHE,000623,吉林敖东,000686.XSHE,000686,东北证券,252,1.0,0.5702640307734979,0.5702640307734979,Top |rho| within random pair sample; not global full-market top edge
2021-12-31,252,000685.XSHE,000685,中山公用,300664.XSHE,300664,鹏鹞环保,252,1.0,0.5631242377449115,0.5631242377449115,Top |rho| within random pair sample; not global full-market top edge
2021-12-31,252,002389.XSHE,002389,航天彩虹,603678.XSHG,603678,火炬电子,252,1.0,0.5624901689603587,0.5624901689603587,Top |rho| within random pair sample; not global full-market top edge
2021-12-31,252,002389.XSHE,002389,航天彩虹,300775.XSHE,300775,三角防务,252,1.0,0.5586528075660888,0.5586528075660888,Top |rho| within random pair sample; not global full-market top edge
2021-12-31,252,002436.XSHE,002436,兴森科技,002579.XSHE,002579,中京电子,252,1.0,0.5532769011873625,0.5532769011873625,Top |rho| within random pair sample; not global full-market top edge
2021-12-31,252,300135.XSHE,300135,宝利国际,300539.XSHE,300539,横河精密,252,1.0,0.546704247628104,0.546704247628104,Top |rho| within random pair sample; not global full-market top edge
2021-12-31,252,000637.XSHE,000637,茂化实华,603980.XSHG,603980,吉华集团,252,1.0,0.5413137341750689,0.5413137341750689,Top |rho| within random pair sample; not global full-market top edge
2021-12-31,252,300458.XSHE,300458,全志科技,300671.XSHE,300671,富满微,252,1.0,0.5389046864682997,0.5389046864682997,Top |rho| within random pair sample; not global full-market top edge
2021-12-31,252,002182.XSHE,002182,宝武镁业,601958.XSHG,601958,金钼股份,252,1.0,0.5388450994830146,0.5388450994830146,Top |rho| within random pair sample; not global full-market top edge
2021-12-31,252,000717.XSHE,000717,中南股份,000807.XSHE,000807,云铝股份,252,1.0,0.5368937324999488,0.5368937324999488,Top |rho| within random pair sample; not global full-market top edge
2021-12-31,252,002593.XSHE,002593,日上集团,300154.XSHE,300154,瑞凌股份,252,1.0,0.5312624328630332,0.5312624328630332,Top |rho| within random pair sample; not global full-market top edge
2021-12-31,252,000426.XSHE,000426,兴业银锡,002532.XSHE,002532,天山铝业,252,1.0,0.526818984145205,0.526818984145205,Top |rho| within random pair sample; not global full-market top edge
2021-12-31,252,002815.XSHE,002815,崇达技术,603283.XSHG,603283,赛腾股份,252,1.0,0.5260249182175399,0.5260249182175399,Top |rho| within random pair sample; not global full-market top edge
2021-12-31,252,002769.XSHE,002769,普路通,002931.XSHE,002931,锋龙股份,252,1.0,0.5242772859591851,0.5242772859591851,Top |rho| within random pair sample; not global full-market top edge
2021-12-31,252,002449.XSHE,002449,国星光电,300538.XSHE,300538,同益股份,252,1.0,0.5210854224186304,0.5210854224186304,Top |rho| within random pair sample; not global full-market top edge
2021-12-31,252,300197.XSHE,300197,节能铁汉,600824.XSHG,600824,益民集团,252,1.0,0.51670971030801,0.51670971030801,Top |rho| within random pair sample; not global full-market top edge
2021-12-31,252,300606.XSHE,300606,金太阳,300809.XSHE,300809,华辰装备,246,0.9761904761904762,0.515544505183665,0.515544505183665,Top |rho| within random pair sample; not global full-market top edge
2021-12-31,252,002474.XSHE,002474,榕基软件,300561.XSHE,300561,汇金科技,252,1.0,0.5145354603525769,0.5145354603525769,Top |rho| within random pair sample; not global full-market top edge
2021-12-31,252,300163.XSHE,300163,先锋新材,300201.XSHE,300201,海伦哲,252,1.0,0.5132858683835102,0.5132858683835102,Top |rho| within random pair sample; not global full-market top edge
2021-12-31,252,002115.XSHE,002115,三维通信,300154.XSHE,300154,瑞凌股份,243,0.9642857142857143,0.5109144445056231,0.5109144445056231,Top |rho| within random pair sample; not global full-market top edge
2021-12-31,252,002649.XSHE,002649,博彦科技,600797.XSHG,600797,浙大网新,252,1.0,0.510510982878847,0.510510982878847,Top |rho| within random pair sample; not global full-market top edge
2021-12-31,252,300555.XSHE,300555,ST路通,300694.XSHE,300694,蠡湖股份,252,1.0,0.5074360142474468,0.5074360142474468,Top |rho| within random pair sample; not global full-market top edge
2021-12-31,252,002539.XSHE,002539,云图控股,600063.XSHG,600063,皖维高新,252,1.0,0.4998791055300298,0.4998791055300298,Top |rho| within random pair sample; not global full-market top edge
2021-12-31,252,000625.XSHE,000625,长安汽车,002594.XSHE,002594,比亚迪,252,1.0,0.49902153576332964,0.49902153576332964,Top |rho| within random pair sample; not global full-market top edge
2021-12-31,252,002538.XSHE,002538,ST司特,300505.XSHE,300505,川金诺,252,1.0,0.497829909066801,0.497829909066801,Top |rho| within random pair sample; not global full-market top edge
2021-12-31,252,300177.XSHE,300177,中海达,300493.XSHE,300493,润欣科技,252,1.0,0.4974355964685169,0.4974355964685169,Top |rho| within random pair sample; not global full-market top edge
2021-12-31,252,002408.XSHE,002408,齐翔腾达,600075.XSHG,600075,新疆天业,252,1.0,0.4942798534885543,0.4942798534885543,Top |rho| within random pair sample; not global full-market top edge
2021-12-31,252,002295.XSHE,002295,精艺股份,600117.XSHG,600117,西宁特钢,252,1.0,0.4924856214201243,0.4924856214201243,Top |rho| within random pair sample; not global full-market top edge
2021-12-31,252,000686.XSHE,000686,东北证券,002945.XSHE,002945,华林证券,252,1.0,0.4920464242988662,0.4920464242988662,Top |rho| within random pair sample; not global full-market top edge
2021-12-31,252,300689.XSHE,300689,澄天伟业,688135.XSHG,688135,利扬芯片,252,1.0,0.4916952511039317,0.4916952511039317,Top |rho| within random pair sample; not global full-market top edge
2021-12-31,252,002466.XSHE,002466,天齐锂业,600110.XSHG,600110,诺德股份,252,1.0,0.49078480132401836,0.49078480132401836,Top |rho| within random pair sample; not global full-market top edge
2021-12-31,252,000949.XSHE,000949,新乡化纤,600527.XSHG,600527,江南高纤,252,1.0,0.4873552588394903,0.4873552588394903,Top |rho| within random pair sample; not global full-market top edge
2021-12-31,252,002274.XSHE,002274,华昌化工,600409.XSHG,600409,三友化工,252,1.0,0.48643553549853935,0.48643553549853935,Top |rho| within random pair sample; not global full-market top edge
2021-12-31,252,000037.XSHE,000037,深南电A,600956.XSHG,600956,新天绿能,252,1.0,0.48531597381274133,0.48531597381274133,Top |rho| within random pair sample; not global full-market top edge
2021-12-31,252,300236.XSHE,300236,上海新阳,688286.XSHG,688286,敏芯股份,252,1.0,0.48270801969966354,0.48270801969966354,Top |rho| within random pair sample; not global full-market top edge
2021-12-31,252,002866.XSHE,002866,传艺科技,600756.XSHG,600756,浪潮软件,252,1.0,0.4827040495998648,0.4827040495998648,Top |rho| within random pair sample; not global full-market top edge
2021-12-31,252,000635.XSHE,000635,英力特,600590.XSHG,600590,泰豪科技,252,1.0,0.4821452828256994,0.4821452828256994,Top |rho| within random pair sample; not global full-market top edge
2021-12-31,252,300154.XSHE,300154,瑞凌股份,688228.XSHG,688228,开普云,252,1.0,0.4812077215096678,0.4812077215096678,Top |rho| within random pair sample; not global full-market top edge
2021-12-31,252,000665.XSHE,000665,湖北广电,002682.XSHE,002682,龙洲股份,252,1.0,0.479492518427382,0.479492518427382,Top |rho| within random pair sample; not global full-market top edge
2021-12-31,252,300555.XSHE,300555,ST路通,600520.XSHG,600520,三佳科技,252,1.0,0.4792787538644182,0.4792787538644182,Top |rho| within random pair sample; not global full-market top edge
2021-12-31,252,000856.XSHE,000856,冀东装备,600565.XSHG,600565,ST迪马,252,1.0,0.47912805864354807,0.47912805864354807,Top |rho| within random pair sample; not global full-market top edge
2021-12-31,252,000701.XSHE,000701,厦门信达,600831.XSHG,600831,广电网络,252,1.0,0.47491761130542465,0.47491761130542465,Top |rho| within random pair sample; not global full-market top edge
2021-12-31,252,000965.XSHE,000965,天保基建,600266.XSHG,600266,城建发展,252,1.0,0.47455807131667477,0.47455807131667477,Top |rho| within random pair sample; not global full-market top edge
2021-12-31,252,002277.XSHE,002277,友阿股份,603042.XSHG,603042,华脉科技,252,1.0,0.4717866058416355,0.4717866058416355,Top |rho| within random pair sample; not global full-market top edge
2021-12-31,252,000936.XSHE,000936,华西股份,002296.XSHE,002296,辉煌科技,252,1.0,0.4703790730877919,0.4703790730877919,Top |rho| within random pair sample; not global full-market top edge
2021-12-31,252,000697.XSHE,000697,炼石航空,300424.XSHE,300424,航新科技,246,0.9761904761904762,0.46884018067407546,0.46884018067407546,Top |rho| within random pair sample; not global full-market top edge
2021-12-31,252,000895.XSHE,000895,双汇发展,600872.XSHG,600872,中炬高新,252,1.0,0.4685426835024445,0.4685426835024445,Top |rho| within random pair sample; not global full-market top edge
2021-12-31,252,000807.XSHE,000807,云铝股份,002842.XSHE,002842,翔鹭钨业,252,1.0,0.46731523381892587,0.46731523381892587,Top |rho| within random pair sample; not global full-market top edge
2021-12-31,252,000671.XSHE,000671,ST阳光城,002133.XSHE,002133,广宇集团,252,1.0,0.465883906679819,0.465883906679819,Top |rho| within random pair sample; not global full-market top edge
2021-12-31,252,300330.XSHE,300330,计通退,600345.XSHG,600345,长江通信,252,1.0,0.4657696604703676,0.4657696604703676,Top |rho| within random pair sample; not global full-market top edge
2021-12-31,252,000830.XSHE,000830,鲁西化工,600230.XSHG,600230,沧州大化,252,1.0,0.46575786625796856,0.46575786625796856,Top |rho| within random pair sample; not global full-market top edge
2021-12-31,252,002040.XSHE,002040,南京港,601789.XSHG,601789,宁波建工,252,1.0,0.46518725665159044,0.46518725665159044,Top |rho| within random pair sample; not global full-market top edge
2021-12-31,252,002303.XSHE,002303,美盈森,300150.XSHE,300150,世纪瑞尔,252,1.0,0.463544936051609,0.463544936051609,Top |rho| within random pair sample; not global full-market top edge
2021-12-31,252,300395.XSHE,300395,菲利华,600862.XSHG,600862,中航高科,252,1.0,0.4626473860084867,0.4626473860084867,Top |rho| within random pair sample; not global full-market top edge
2021-12-31,252,300210.XSHE,300210,森远股份,300694.XSHE,300694,蠡湖股份,252,1.0,0.46263495021168827,0.46263495021168827,Top |rho| within random pair sample; not global full-market top edge
2021-12-31,252,002526.XSHE,002526,山东矿机,600528.XSHG,600528,中铁工业,252,1.0,0.4625260437822826,0.4625260437822826,Top |rho| within random pair sample; not global full-market top edge
2021-12-31,252,002144.XSHE,002144,宏达高科,603682.XSHG,603682,锦和商管,252,1.0,0.4622836813470739,0.4622836813470739,Top |rho| within random pair sample; not global full-market top edge
2021-12-31,252,002716.XSHE,002716,湖南白银,600961.XSHG,600961,株冶集团,250,0.9920634920634921,0.4622232503778407,0.4622232503778407,Top |rho| within random pair sample; not global full-market top edge
2021-12-31,252,300718.XSHE,300718,长盛轴承,300817.XSHE,300817,双飞集团,252,1.0,0.4582701769183056,0.4582701769183056,Top |rho| within random pair sample; not global full-market top edge
2021-12-31,252,000826.XSHE,000826,*ST启环,300425.XSHE,300425,中建环能,241,0.9563492063492064,0.4576970477263031,0.4576970477263031,Top |rho| within random pair sample; not global full-market top edge
2021-12-31,252,000702.XSHE,000702,正虹科技,601858.XSHG,601858,中国科传,252,1.0,0.4537298040734803,0.4537298040734803,Top |rho| within random pair sample; not global full-market top edge
2021-12-31,252,002087.XSHE,002087,新纺退,600622.XSHG,600622,光大嘉宝,252,1.0,0.4536993608478649,0.4536993608478649,Top |rho| within random pair sample; not global full-market top edge
2021-12-31,252,300611.XSHE,300611,美力科技,601500.XSHG,601500,通用股份,252,1.0,0.45255798058097285,0.45255798058097285,Top |rho| within random pair sample; not global full-market top edge
2021-12-31,252,002228.XSHE,002228,合兴包装,300074.XSHE,300074,华平股份,252,1.0,0.45241396141704215,0.45241396141704215,Top |rho| within random pair sample; not global full-market top edge
2021-12-31,252,002787.XSHE,002787,华源控股,600605.XSHG,600605,汇通能源,252,1.0,0.4521591358737367,0.4521591358737367,Top |rho| within random pair sample; not global full-market top edge
2021-12-31,252,000789.XSHE,000789,万年青,000926.XSHE,000926,福星股份,252,1.0,0.4520324537544115,0.4520324537544115,Top |rho| within random pair sample; not global full-market top edge
2021-12-31,252,002842.XSHE,002842,翔鹭钨业,300748.XSHE,300748,金力永磁,252,1.0,0.4516966792826738,0.4516966792826738,Top |rho| within random pair sample; not global full-market top edge
2021-12-31,252,002500.XSHE,002500,山西证券,300309.XSHE,300309,吉艾退,252,1.0,0.45160906876783513,0.45160906876783513,Top |rho| within random pair sample; not global full-market top edge
2021-12-31,252,000732.XSHE,000732,ST泰禾,002305.XSHE,002305,*ST南置,252,1.0,0.451099074893516,0.451099074893516,Top |rho| within random pair sample; not global full-market top edge
2021-12-31,252,002417.XSHE,002417,深南退,002467.XSHE,002467,二六三,252,1.0,0.44916477237593466,0.44916477237593466,Top |rho| within random pair sample; not global full-market top edge
2021-12-31,252,300170.XSHE,300170,汉得信息,300324.XSHE,300324,旋极信息,252,1.0,0.4487056452578159,0.4487056452578159,Top |rho| within random pair sample; not global full-market top edge
2021-12-31,252,002114.XSHE,002114,罗平锌电,002386.XSHE,002386,天原股份,252,1.0,0.4484595582713463,0.4484595582713463,Top |rho| within random pair sample; not global full-market top edge
2021-12-31,252,002358.XSHE,002358,森源电气,603530.XSHG,603530,神马电力,250,0.9920634920634921,0.4480817322149478,0.4480817322149478,Top |rho| within random pair sample; not global full-market top edge
2021-12-31,252,002474.XSHE,002474,榕基软件,600410.XSHG,600410,华胜天成,252,1.0,0.4475655151074409,0.4475655151074409,Top |rho| within random pair sample; not global full-market top edge
2021-12-31,252,000685.XSHE,000685,中山公用,601801.XSHG,601801,皖新传媒,252,1.0,0.4467641672713259,0.4467641672713259,Top |rho| within random pair sample; not global full-market top edge
2021-12-31,252,002561.XSHE,002561,徐家汇,600232.XSHG,600232,金鹰股份,252,1.0,0.4446251900213857,0.4446251900213857,Top |rho| within random pair sample; not global full-market top edge
2021-12-31,252,300643.XSHE,300643,万通智控,600689.XSHG,600689,上海三毛,252,1.0,0.44449141232138206,0.44449141232138206,Top |rho| within random pair sample; not global full-market top edge
2021-12-31,252,002106.XSHE,002106,莱宝高科,002787.XSHE,002787,华源控股,252,1.0,0.44435706860972146,0.44435706860972146,Top |rho| within random pair sample; not global full-market top edge
2021-12-31,252,300584.XSHE,300584,海辰药业,600420.XSHG,600420,国药现代,252,1.0,0.44422940879696515,0.44422940879696515,Top |rho| within random pair sample; not global full-market top edge
2021-12-31,252,000736.XSHE,000736,中交发展,600077.XSHG,600077,*ST宋都,252,1.0,0.4434956992771265,0.4434956992771265,Top |rho| within random pair sample; not global full-market top edge
2021-12-31,252,002420.XSHE,002420,毅昌科技,002494.XSHE,002494,华斯股份,250,0.9920634920634921,0.44332262668784456,0.44332262668784456,Top |rho| within random pair sample; not global full-market top edge
2021-12-31,252,000605.XSHE,000605,渤海股份,603012.XSHG,603012,创力集团,252,1.0,0.4430884629006279,0.4430884629006279,Top |rho| within random pair sample; not global full-market top edge
2021-12-31,252,002065.XSHE,002065,东华软件,002152.XSHE,002152,广电运通,252,1.0,0.44068648279527145,0.44068648279527145,Top |rho| within random pair sample; not global full-market top edge
2021-12-31,252,002593.XSHE,002593,日上集团,300838.XSHE,300838,浙江力诺,252,1.0,0.44024537862734753,0.44024537862734753,Top |rho| within random pair sample; not global full-market top edge
2021-12-31,252,300063.XSHE,300063,天龙集团,300449.XSHE,300449,汉邦高科,246,0.9761904761904762,0.43959013824359805,0.43959013824359805,Top |rho| within random pair sample; not global full-market top edge
2021-12-31,252,000514.XSHE,000514,渝开发,000732.XSHE,000732,ST泰禾,252,1.0,0.43925653850594937,0.43925653850594937,Top |rho| within random pair sample; not global full-market top edge
2021-12-31,252,300067.XSHE,300067,安诺其,603316.XSHG,603316,诚邦股份,252,1.0,0.43839476953688894,0.43839476953688894,Top |rho| within random pair sample; not global full-market top edge
2021-12-31,252,300063.XSHE,300063,天龙集团,300826.XSHE,300826,测绘股份,252,1.0,0.43793215160368754,0.43793215160368754,Top |rho| within random pair sample; not global full-market top edge
2021-12-31,252,300535.XSHE,300535,达威股份,605003.XSHG,605003,众望布艺,252,1.0,0.43548885399468845,0.43548885399468845,Top |rho| within random pair sample; not global full-market top edge
2021-12-31,252,002494.XSHE,002494,华斯股份,002546.XSHE,002546,新联电子,252,1.0,0.43546458525236986,0.43546458525236986,Top |rho| within random pair sample; not global full-market top edge
2021-12-31,252,002633.XSHE,002633,申科股份,603316.XSHG,603316,诚邦股份,252,1.0,0.4353934340499665,0.4353934340499665,Top |rho| within random pair sample; not global full-market top edge
2021-12-31,252,002498.XSHE,002498,汉缆股份,603530.XSHG,603530,神马电力,252,1.0,0.4326700522126812,0.4326700522126812,Top |rho| within random pair sample; not global full-market top edge
2021-12-31,252,300242.XSHE,300242,佳云科技,603860.XSHG,603860,中公高科,252,1.0,0.43148617882526824,0.43148617882526824,Top |rho| within random pair sample; not global full-market top edge
2021-12-31,252,002574.XSHE,002574,明牌珠宝,600768.XSHG,600768,富邦新材,252,1.0,0.43126347110445695,0.43126347110445695,Top |rho| within random pair sample; not global full-market top edge
2022-12-30,252,000166.XSHE,000166,申万宏源,601162.XSHG,601162,天风证券,252,1.0,0.8159004957425384,0.8159004957425384,Top |rho| within random pair sample; not global full-market top edge
2022-12-30,252,002736.XSHE,002736,国信证券,600837.XSHG,600837,海通证券,252,1.0,0.811246603581289,0.811246603581289,Top |rho| within random pair sample; not global full-market top edge
2022-12-30,252,300126.XSHE,300126,锐奇股份,300644.XSHE,300644,南京聚隆,252,1.0,0.7492833448403762,0.7492833448403762,Top |rho| within random pair sample; not global full-market top edge
2022-12-30,252,300183.XSHE,300183,东软载波,300739.XSHE,300739,明阳电路,252,1.0,0.727567198221949,0.727567198221949,Top |rho| within random pair sample; not global full-market top edge
2022-12-30,252,300017.XSHE,300017,网宿科技,300369.XSHE,300369,绿盟科技,252,1.0,0.713745229950925,0.713745229950925,Top |rho| within random pair sample; not global full-market top edge
2022-12-30,252,300448.XSHE,300448,浩云科技,300899.XSHE,300899,上海凯鑫,252,1.0,0.705274183088552,0.705274183088552,Top |rho| within random pair sample; not global full-market top edge
2022-12-30,252,002026.XSHE,002026,山东威达,300484.XSHE,300484,蓝海华腾,252,1.0,0.7038343506761153,0.7038343506761153,Top |rho| within random pair sample; not global full-market top edge
2022-12-30,252,000987.XSHE,000987,越秀资本,600999.XSHG,600999,招商证券,252,1.0,0.6953170420605671,0.6953170420605671,Top |rho| within random pair sample; not global full-market top edge
2022-12-30,252,300129.XSHE,300129,泰胜风能,603667.XSHG,603667,五洲新春,252,1.0,0.6937306529827453,0.6937306529827453,Top |rho| within random pair sample; not global full-market top edge
2022-12-30,252,300405.XSHE,300405,科隆股份,688466.XSHG,688466,金科环境,252,1.0,0.6922681350810309,0.6922681350810309,Top |rho| within random pair sample; not global full-market top edge
2022-12-30,252,000823.XSHE,000823,超声电子,300155.XSHE,300155,安居宝,252,1.0,0.690714428096874,0.690714428096874,Top |rho| within random pair sample; not global full-market top edge
2022-12-30,252,300017.XSHE,300017,网宿科技,300414.XSHE,300414,中光防雷,252,1.0,0.6886303471300594,0.6886303471300594,Top |rho| within random pair sample; not global full-market top edge
2022-12-30,252,300221.XSHE,300221,银禧科技,300923.XSHE,300923,研奥股份,252,1.0,0.6811728259154399,0.6811728259154399,Top |rho| within random pair sample; not global full-market top edge
2022-12-30,252,002709.XSHE,002709,天赐材料,600110.XSHG,600110,诺德股份,243,0.9642857142857143,0.679668314726481,0.679668314726481,Top |rho| within random pair sample; not global full-market top edge
2022-12-30,252,300899.XSHE,300899,上海凯鑫,300923.XSHE,300923,研奥股份,252,1.0,0.6779029434907118,0.6779029434907118,Top |rho| within random pair sample; not global full-market top edge
2022-12-30,252,000090.XSHE,000090,天健集团,600748.XSHG,600748,上实发展,252,1.0,0.6773911055340162,0.6773911055340162,Top |rho| within random pair sample; not global full-market top edge
2022-12-30,252,000691.XSHE,000691,亚太实业,300126.XSHE,300126,锐奇股份,252,1.0,0.6771426240522853,0.6771426240522853,Top |rho| within random pair sample; not global full-market top edge
2022-12-30,252,300385.XSHE,300385,ST雪浪,300868.XSHE,300868,杰美特,252,1.0,0.6763703083220726,0.6763703083220726,Top |rho| within random pair sample; not global full-market top edge
2022-12-30,252,002152.XSHE,002152,广电运通,300271.XSHE,300271,华宇软件,252,1.0,0.6725225347672554,0.6725225347672554,Top |rho| within random pair sample; not global full-market top edge
2022-12-30,252,300184.XSHE,300184,力源信息,300293.XSHE,300293,蓝英装备,252,1.0,0.6709430458049035,0.6709430458049035,Top |rho| within random pair sample; not global full-market top edge
2022-12-30,252,300162.XSHE,300162,雷曼光电,300322.XSHE,300322,硕贝德,252,1.0,0.6683291606068534,0.6683291606068534,Top |rho| within random pair sample; not global full-market top edge
2022-12-30,252,300422.XSHE,300422,博世科,601330.XSHG,601330,绿色动力,252,1.0,0.6672159854014649,0.6672159854014649,Top |rho| within random pair sample; not global full-market top edge
2022-12-30,252,000967.XSHE,000967,盈峰环境,002429.XSHE,002429,兆驰股份,246,0.9761904761904762,0.6658612750247939,0.6658612750247939,Top |rho| within random pair sample; not global full-market top edge
2022-12-30,252,002249.XSHE,002249,大洋电机,300082.XSHE,300082,奥克股份,252,1.0,0.6658019532928685,0.6658019532928685,Top |rho| within random pair sample; not global full-market top edge
2022-12-30,252,300425.XSHE,300425,中建环能,300599.XSHE,300599,雄塑科技,252,1.0,0.6645241028715909,0.6645241028715909,Top |rho| within random pair sample; not global full-market top edge
2022-12-30,252,300227.XSHE,300227,光韵达,688312.XSHG,688312,燕麦科技,252,1.0,0.6635434954544797,0.6635434954544797,Top |rho| within random pair sample; not global full-market top edge
2022-12-30,252,300150.XSHE,300150,世纪瑞尔,300493.XSHE,300493,润欣科技,252,1.0,0.6617100459358498,0.6617100459358498,Top |rho| within random pair sample; not global full-market top edge
2022-12-30,252,300445.XSHE,300445,康斯特,300868.XSHE,300868,杰美特,252,1.0,0.6617008826620452,0.6617008826620452,Top |rho| within random pair sample; not global full-market top edge
2022-12-30,252,300484.XSHE,300484,蓝海华腾,300739.XSHE,300739,明阳电路,252,1.0,0.6598456598630326,0.6598456598630326,Top |rho| within random pair sample; not global full-market top edge
2022-12-30,252,000887.XSHE,000887,中鼎股份,688162.XSHG,688162,巨一科技,252,1.0,0.6595991279868654,0.6595991279868654,Top |rho| within random pair sample; not global full-market top edge
2022-12-30,252,003015.XSHE,003015,日久光电,300221.XSHE,300221,银禧科技,252,1.0,0.6583239074016554,0.6583239074016554,Top |rho| within random pair sample; not global full-market top edge
2022-12-30,252,002008.XSHE,002008,大族激光,002273.XSHE,002273,水晶光电,252,1.0,0.6580207730607984,0.6580207730607984,Top |rho| within random pair sample; not global full-market top edge
2022-12-30,252,000997.XSHE,000997,新大陆,300085.XSHE,300085,银之杰,252,1.0,0.6569197588398414,0.6569197588398414,Top |rho| within random pair sample; not global full-market top edge
2022-12-30,252,300183.XSHE,300183,东软载波,300259.XSHE,300259,新天科技,252,1.0,0.6563638354726515,0.6563638354726515,Top |rho| within random pair sample; not global full-market top edge
2022-12-30,252,002655.XSHE,002655,共达电声,300183.XSHE,300183,东软载波,252,1.0,0.654457409328446,0.654457409328446,Top |rho| within random pair sample; not global full-market top edge
2022-12-30,252,300444.XSHE,300444,双杰电气,300995.XSHE,300995,奇德新材,252,1.0,0.6540392945338296,0.6540392945338296,Top |rho| within random pair sample; not global full-market top edge
2022-12-30,252,300303.XSHE,300303,聚飞光电,300460.XSHE,300460,ST惠伦,252,1.0,0.6514159039637171,0.6514159039637171,Top |rho| within random pair sample; not global full-market top edge
2022-12-30,252,000785.XSHE,000785,居然智家,603001.XSHG,603001,奥康国际,252,1.0,0.6513010380957683,0.6513010380957683,Top |rho| within random pair sample; not global full-market top edge
2022-12-30,252,002074.XSHE,002074,国轩高科,603659.XSHG,603659,璞泰来,252,1.0,0.6507986259028183,0.6507986259028183,Top |rho| within random pair sample; not global full-market top edge
2022-12-30,252,300004.XSHE,300004,南风股份,300126.XSHE,300126,锐奇股份,252,1.0,0.6491891771159712,0.6491891771159712,Top |rho| within random pair sample; not global full-market top edge
2022-12-30,252,002522.XSHE,002522,浙江众成,688165.XSHG,688165,埃夫特,252,1.0,0.6466698874715798,0.6466698874715798,Top |rho| within random pair sample; not global full-market top edge
2022-12-30,252,300152.XSHE,300152,*ST动力,688616.XSHG,688616,西力科技,252,1.0,0.6460747971365648,0.6460747971365648,Top |rho| within random pair sample; not global full-market top edge
2022-12-30,252,000962.XSHE,000962,东方钽业,000988.XSHE,000988,华工科技,252,1.0,0.6460025147056246,0.6460025147056246,Top |rho| within random pair sample; not global full-market top edge
2022-12-30,252,300810.XSHE,300810,中科海讯,300900.XSHE,300900,广联航空,252,1.0,0.6451741777972388,0.6451741777972388,Top |rho| within random pair sample; not global full-market top edge
2022-12-30,252,300259.XSHE,300259,新天科技,601609.XSHG,601609,金田股份,252,1.0,0.6446332419502208,0.6446332419502208,Top |rho| within random pair sample; not global full-market top edge
2022-12-30,252,300826.XSHE,300826,测绘股份,688057.XSHG,688057,金达莱,252,1.0,0.6439140863004948,0.6439140863004948,Top |rho| within random pair sample; not global full-market top edge
2022-12-30,252,300375.XSHE,300375,鹏翎股份,603013.XSHG,603013,亚普股份,252,1.0,0.6419053380735789,0.6419053380735789,Top |rho| within random pair sample; not global full-market top edge
2022-12-30,252,300221.XSHE,300221,银禧科技,603879.XSHG,603879,永悦科技,252,1.0,0.6406090768926053,0.6406090768926053,Top |rho| within random pair sample; not global full-market top edge
2022-12-30,252,000878.XSHE,000878,云南铜业,600888.XSHG,600888,新疆众和,252,1.0,0.6388918869382911,0.6388918869382911,Top |rho| within random pair sample; not global full-market top edge
2022-12-30,252,000878.XSHE,000878,云南铜业,600569.XSHG,600569,安阳钢铁,252,1.0,0.6383209847081174,0.6383209847081174,Top |rho| within random pair sample; not global full-market top edge
2022-12-30,252,300184.XSHE,300184,力源信息,300665.XSHE,300665,飞鹿股份,252,1.0,0.6375003728381619,0.6375003728381619,Top |rho| within random pair sample; not global full-market top edge
2022-12-30,252,000425.XSHE,000425,徐工机械,002392.XSHE,002392,北京利尔,237,0.9404761904761905,0.636545586575175,0.636545586575175,Top |rho| within random pair sample; not global full-market top edge
2022-12-30,252,300329.XSHE,300329,海伦钢琴,300333.XSHE,300333,兆日科技,252,1.0,0.6353148565213405,0.6353148565213405,Top |rho| within random pair sample; not global full-market top edge
2022-12-30,252,002787.XSHE,002787,华源控股,605058.XSHG,605058,澳弘电子,252,1.0,0.6324795862504983,0.6324795862504983,Top |rho| within random pair sample; not global full-market top edge
2022-12-30,252,002631.XSHE,002631,德尔未来,300183.XSHE,300183,东软载波,252,1.0,0.6314833197906126,0.6314833197906126,Top |rho| within random pair sample; not global full-market top edge
2022-12-30,252,300296.XSHE,300296,利亚德,600718.XSHG,600718,东软集团,252,1.0,0.6288382228005552,0.6288382228005552,Top |rho| within random pair sample; not global full-market top edge
2022-12-30,252,000425.XSHE,000425,徐工机械,600569.XSHG,600569,安阳钢铁,237,0.9404761904761905,0.6281132221366853,0.6281132221366853,Top |rho| within random pair sample; not global full-market top edge
2022-12-30,252,300445.XSHE,300445,康斯特,300607.XSHE,300607,拓斯达,252,1.0,0.6277101122332343,0.6277101122332343,Top |rho| within random pair sample; not global full-market top edge
2022-12-30,252,000823.XSHE,000823,超声电子,002288.XSHE,002288,*ST超华,246,0.9761904761904762,0.6271902570899572,0.6271902570899572,Top |rho| within random pair sample; not global full-market top edge
2022-12-30,252,300177.XSHE,300177,中海达,300701.XSHE,300701,森霸传感,252,1.0,0.6258020647576074,0.6258020647576074,Top |rho| within random pair sample; not global full-market top edge
2022-12-30,252,300310.XSHE,300310,宜通世纪,600718.XSHG,600718,东软集团,252,1.0,0.6254282681313524,0.6254282681313524,Top |rho| within random pair sample; not global full-market top edge
2022-12-30,252,000014.XSHE,000014,沙河股份,600823.XSHG,600823,*ST世茂,252,1.0,0.6251939640232727,0.6251939640232727,Top |rho| within random pair sample; not global full-market top edge
2022-12-30,252,300020.XSHE,300020,ST银江,300561.XSHE,300561,汇金科技,252,1.0,0.6239193513348027,0.6239193513348027,Top |rho| within random pair sample; not global full-market top edge
2022-12-30,252,000903.XSHE,000903,ST云动,300126.XSHE,300126,锐奇股份,252,1.0,0.6213961973047408,0.6213961973047408,Top |rho| within random pair sample; not global full-market top edge
2022-12-30,252,002500.XSHE,002500,山西证券,601995.XSHG,601995,中金公司,252,1.0,0.62105727449521,0.62105727449521,Top |rho| within random pair sample; not global full-market top edge
2022-12-30,252,300826.XSHE,300826,测绘股份,300935.XSHE,300935,盈建科,252,1.0,0.6202445562492792,0.6202445562492792,Top |rho| within random pair sample; not global full-market top edge
2022-12-30,252,300441.XSHE,300441,鲍斯股份,300607.XSHE,300607,拓斯达,252,1.0,0.6191347951896922,0.6191347951896922,Top |rho| within random pair sample; not global full-market top edge
2022-12-30,252,002185.XSHE,002185,华天科技,300637.XSHE,300637,扬帆新材,252,1.0,0.6187727991457777,0.6187727991457777,Top |rho| within random pair sample; not global full-market top edge
2022-12-30,252,300429.XSHE,300429,强力新材,600345.XSHG,600345,长江通信,241,0.9563492063492064,0.6179588853784361,0.6179588853784361,Top |rho| within random pair sample; not global full-market top edge
2022-12-30,252,300197.XSHE,300197,节能铁汉,300958.XSHE,300958,建工修复,252,1.0,0.6179129368578037,0.6179129368578037,Top |rho| within random pair sample; not global full-market top edge
2022-12-30,252,000612.XSHE,000612,焦作万方,601200.XSHG,601200,上海环境,252,1.0,0.6176334479867026,0.6176334479867026,Top |rho| within random pair sample; not global full-market top edge
2022-12-30,252,300664.XSHE,300664,鹏鹞环保,300717.XSHE,300717,华信新材,252,1.0,0.6173017719702614,0.6173017719702614,Top |rho| within random pair sample; not global full-market top edge
2022-12-30,252,300293.XSHE,300293,蓝英装备,688165.XSHG,688165,埃夫特,252,1.0,0.6172557917047454,0.6172557917047454,Top |rho| within random pair sample; not global full-market top edge
2022-12-30,252,300034.XSHE,300034,钢研高纳,300900.XSHE,300900,广联航空,252,1.0,0.6172032717290928,0.6172032717290928,Top |rho| within random pair sample; not global full-market top edge
2022-12-30,252,002239.XSHE,002239,奥特佳,002540.XSHE,002540,亚太科技,248,0.9841269841269841,0.617128677594378,0.617128677594378,Top |rho| within random pair sample; not global full-market top edge
2022-12-30,252,300739.XSHE,300739,明阳电路,603186.XSHG,603186,华正新材,252,1.0,0.6165390522174649,0.6165390522174649,Top |rho| within random pair sample; not global full-market top edge
2022-12-30,252,300219.XSHE,300219,鸿利智汇,688088.XSHG,688088,虹软科技,252,1.0,0.6163496465131962,0.6163496465131962,Top |rho| within random pair sample; not global full-market top edge
2022-12-30,252,300195.XSHE,300195,长荣股份,300891.XSHE,300891,惠云钛业,252,1.0,0.6156544808627792,0.6156544808627792,Top |rho| within random pair sample; not global full-market top edge
2022-12-30,252,003016.XSHE,003016,欣贺股份,300834.XSHE,300834,星辉环材,234,0.9285714285714286,0.6151798397937445,0.6151798397937445,Top |rho| within random pair sample; not global full-market top edge
2022-12-30,252,300076.XSHE,300076,*ST宁视,603725.XSHG,603725,天安新材,252,1.0,0.6144630833072076,0.6144630833072076,Top |rho| within random pair sample; not global full-market top edge
2022-12-30,252,300120.XSHE,300120,经纬辉开,688277.XSHG,688277,天智航,252,1.0,0.6143964753582456,0.6143964753582456,Top |rho| within random pair sample; not global full-market top edge
2022-12-30,252,300528.XSHE,300528,幸福蓝海,600138.XSHG,600138,中青旅,252,1.0,0.6140229818839306,0.6140229818839306,Top |rho| within random pair sample; not global full-market top edge
2022-12-30,252,300155.XSHE,300155,安居宝,603956.XSHG,603956,威派格,252,1.0,0.6135287550947233,0.6135287550947233,Top |rho| within random pair sample; not global full-market top edge
2022-12-30,252,300454.XSHE,300454,深信服,688023.XSHG,688023,安恒信息,252,1.0,0.613500821953495,0.613500821953495,Top |rho| within random pair sample; not global full-market top edge
2022-12-30,252,300190.XSHE,300190,维尔利,300826.XSHE,300826,测绘股份,252,1.0,0.6131484022483134,0.6131484022483134,Top |rho| within random pair sample; not global full-market top edge
2022-12-30,252,300321.XSHE,300321,同大股份,688585.XSHG,688585,上纬新材,252,1.0,0.6128886839307068,0.6128886839307068,Top |rho| within random pair sample; not global full-market top edge
2022-12-30,252,300371.XSHE,300371,汇中股份,688055.XSHG,688055,龙腾光电,252,1.0,0.6122439078172692,0.6122439078172692,Top |rho| within random pair sample; not global full-market top edge
2022-12-30,252,300291.XSHE,300291,百纳千成,603790.XSHG,603790,雅运股份,252,1.0,0.6116185359370134,0.6116185359370134,Top |rho| within random pair sample; not global full-market top edge
2022-12-30,252,002004.XSHE,002004,华邦健康,605006.XSHG,605006,山东玻纤,252,1.0,0.6111352666846829,0.6111352666846829,Top |rho| within random pair sample; not global full-market top edge
2022-12-30,252,300190.XSHE,300190,维尔利,605298.XSHG,605298,必得科技,252,1.0,0.6107017245479792,0.6107017245479792,Top |rho| within random pair sample; not global full-market top edge
2022-12-30,252,300155.XSHE,300155,安居宝,300514.XSHE,300514,友讯达,252,1.0,0.6097511840394293,0.6097511840394293,Top |rho| within random pair sample; not global full-market top edge
2022-12-30,252,300812.XSHE,300812,易天股份,688055.XSHG,688055,龙腾光电,252,1.0,0.609563323882466,0.609563323882466,Top |rho| within random pair sample; not global full-market top edge
2022-12-30,252,000063.XSHE,000063,中兴通讯,600183.XSHG,600183,生益科技,252,1.0,0.6092261840092287,0.6092261840092287,Top |rho| within random pair sample; not global full-market top edge
2022-12-30,252,300504.XSHE,300504,天邑股份,600776.XSHG,600776,东方通信,252,1.0,0.6091863012722092,0.6091863012722092,Top |rho| within random pair sample; not global full-market top edge
2022-12-30,252,300185.XSHE,300185,通裕重工,300445.XSHE,300445,康斯特,252,1.0,0.6091568253954713,0.6091568253954713,Top |rho| within random pair sample; not global full-market top edge
2022-12-30,252,300190.XSHE,300190,维尔利,300929.XSHE,300929,华骐环保,252,1.0,0.6091351554692784,0.6091351554692784,Top |rho| within random pair sample; not global full-market top edge
2022-12-30,252,300045.XSHE,300045,华力创通,300227.XSHE,300227,光韵达,252,1.0,0.6088071839479163,0.6088071839479163,Top |rho| within random pair sample; not global full-market top edge
2022-12-30,252,002605.XSHE,002605,姚记科技,300459.XSHE,300459,汤姆猫,252,1.0,0.608666753824283,0.608666753824283,Top |rho| within random pair sample; not global full-market top edge
2022-12-30,252,300852.XSHE,300852,四会富仕,605588.XSHG,605588,冠石科技,252,1.0,0.608316787245636,0.608316787245636,Top |rho| within random pair sample; not global full-market top edge
2022-12-30,252,000021.XSHE,000021,深科技,000158.XSHE,000158,常山北明,252,1.0,0.6079803910961888,0.6079803910961888,Top |rho| within random pair sample; not global full-market top edge
2023-12-29,252,300409.XSHE,300409,道氏技术,688388.XSHG,688388,嘉元科技,252,1.0,0.7776586752398192,0.7776586752398192,Top |rho| within random pair sample; not global full-market top edge
2023-12-29,252,002132.XSHE,002132,恒星科技,002996.XSHE,002996,顺博合金,252,1.0,0.69620657408049,0.69620657408049,Top |rho| within random pair sample; not global full-market top edge
2023-12-29,252,000786.XSHE,000786,北新建材,603801.XSHG,603801,志邦家居,252,1.0,0.681489256157437,0.681489256157437,Top |rho| within random pair sample; not global full-market top edge
2023-12-29,252,300182.XSHE,300182,捷成股份,300987.XSHE,300987,川网传媒,252,1.0,0.6678812507775079,0.6678812507775079,Top |rho| within random pair sample; not global full-market top edge
2023-12-29,252,002074.XSHE,002074,国轩高科,300919.XSHE,300919,中伟新材,252,1.0,0.666158994227372,0.666158994227372,Top |rho| within random pair sample; not global full-market top edge
2023-12-29,252,002278.XSHE,002278,神开股份,600538.XSHG,600538,国发股份,252,1.0,0.6589050965678664,0.6589050965678664,Top |rho| within random pair sample; not global full-market top edge
2023-12-29,252,300207.XSHE,300207,欣旺达,688388.XSHG,688388,嘉元科技,252,1.0,0.6567543529261212,0.6567543529261212,Top |rho| within random pair sample; not global full-market top edge
2023-12-29,252,000788.XSHE,000788,北大医药,002550.XSHE,002550,千红制药,252,1.0,0.6507026408229991,0.6507026408229991,Top |rho| within random pair sample; not global full-market top edge
2023-12-29,252,002573.XSHE,002573,清新环境,300152.XSHE,300152,*ST动力,241,0.9563492063492064,0.6401430744455506,0.6401430744455506,Top |rho| within random pair sample; not global full-market top edge
2023-12-29,252,000002.XSHE,000002,万科A,300917.XSHE,300917,特发服务,252,1.0,0.632204745247152,0.632204745247152,Top |rho| within random pair sample; not global full-market top edge
2023-12-29,252,002958.XSHE,002958,青农商行,601992.XSHG,601992,金隅集团,252,1.0,0.6281434076594098,0.6281434076594098,Top |rho| within random pair sample; not global full-market top edge
2023-12-29,252,002121.XSHE,002121,科陆电子,002518.XSHE,002518,科士达,252,1.0,0.6268881342184579,0.6268881342184579,Top |rho| within random pair sample; not global full-market top edge
2023-12-29,252,003022.XSHE,003022,联泓新科,603185.XSHG,603185,弘元绿能,252,1.0,0.6210992373920231,0.6210992373920231,Top |rho| within random pair sample; not global full-market top edge
2023-12-29,252,300327.XSHE,300327,中颖电子,603078.XSHG,603078,江化微,252,1.0,0.6206941194999416,0.6206941194999416,Top |rho| within random pair sample; not global full-market top edge
2023-12-29,252,300579.XSHE,300579,数字认证,688227.XSHG,688227,品高股份,252,1.0,0.6202695441819222,0.6202695441819222,Top |rho| within random pair sample; not global full-market top edge
2023-12-29,252,300281.XSHE,300281,金明精机,300658.XSHE,300658,延江股份,252,1.0,0.6197442693341091,0.6197442693341091,Top |rho| within random pair sample; not global full-market top edge
2023-12-29,252,000788.XSHE,000788,北大医药,000790.XSHE,000790,华神科技,242,0.9603174603174603,0.6160871346804965,0.6160871346804965,Top |rho| within random pair sample; not global full-market top edge
2023-12-29,252,000032.XSHE,000032,深桑达A,300768.XSHE,300768,迪普科技,252,1.0,0.6128775076815508,0.6128775076815508,Top |rho| within random pair sample; not global full-market top edge
2023-12-29,252,300373.XSHE,300373,扬杰科技,688589.XSHG,688589,力合微,252,1.0,0.6042031024036956,0.6042031024036956,Top |rho| within random pair sample; not global full-market top edge
2023-12-29,252,300274.XSHE,300274,阳光电源,300861.XSHE,300861,美畅股份,252,1.0,0.5993682160113262,0.5993682160113262,Top |rho| within random pair sample; not global full-market top edge
2023-12-29,252,000788.XSHE,000788,北大医药,605199.XSHG,605199,ST葫芦娃,252,1.0,0.5992491187489658,0.5992491187489658,Top |rho| within random pair sample; not global full-market top edge
2023-12-29,252,002421.XSHE,002421,达实智能,300353.XSHE,300353,东土科技,252,1.0,0.597299760937249,0.597299760937249,Top |rho| within random pair sample; not global full-market top edge
2023-12-29,252,000155.XSHE,000155,川能动力,002245.XSHE,002245,蔚蓝锂芯,252,1.0,0.5966501176569482,0.5966501176569482,Top |rho| within random pair sample; not global full-market top edge
2023-12-29,252,002500.XSHE,002500,山西证券,601456.XSHG,601456,国联民生,252,1.0,0.5961247325975385,0.5961247325975385,Top |rho| within random pair sample; not global full-market top edge
2023-12-29,252,002378.XSHE,002378,章源钨业,600392.XSHG,600392,盛和资源,252,1.0,0.5947532694488736,0.5947532694488736,Top |rho| within random pair sample; not global full-market top edge
2023-12-29,252,002545.XSHE,002545,东方铁塔,600727.XSHG,600727,鲁北化工,252,1.0,0.5940557993141226,0.5940557993141226,Top |rho| within random pair sample; not global full-market top edge
2023-12-29,252,000088.XSHE,000088,盐田港,002040.XSHE,002040,南京港,252,1.0,0.5922690134510458,0.5922690134510458,Top |rho| within random pair sample; not global full-market top edge
2023-12-29,252,300024.XSHE,300024,机器人,688081.XSHG,688081,兴图新科,252,1.0,0.5917442884320184,0.5917442884320184,Top |rho| within random pair sample; not global full-market top edge
2023-12-29,252,002743.XSHE,002743,富煌钢构,601996.XSHG,601996,丰林集团,252,1.0,0.5903089752521543,0.5903089752521543,Top |rho| within random pair sample; not global full-market top edge
2023-12-29,252,001216.XSHE,001216,华瓷股份,002392.XSHE,002392,北京利尔,252,1.0,0.5881843342787706,0.5881843342787706,Top |rho| within random pair sample; not global full-market top edge
2023-12-29,252,002743.XSHE,002743,富煌钢构,600935.XSHG,600935,华塑股份,252,1.0,0.5839596833586679,0.5839596833586679,Top |rho| within random pair sample; not global full-market top edge
2023-12-29,252,000799.XSHE,000799,酒鬼酒,600197.XSHG,600197,伊力特,252,1.0,0.578535683772775,0.578535683772775,Top |rho| within random pair sample; not global full-market top edge
2023-12-29,252,000612.XSHE,000612,焦作万方,000830.XSHE,000830,鲁西化工,252,1.0,0.5782528533995934,0.5782528533995934,Top |rho| within random pair sample; not global full-market top edge
2023-12-29,252,002312.XSHE,002312,川发龙蟒,600876.XSHG,600876,凯盛新能,252,1.0,0.5771171251155934,0.5771171251155934,Top |rho| within random pair sample; not global full-market top edge
2023-12-29,252,300940.XSHE,300940,南极光,301176.XSHE,301176,逸豪新材,252,1.0,0.5763553585746184,0.5763553585746184,Top |rho| within random pair sample; not global full-market top edge
2023-12-29,252,300640.XSHE,300640,德艺文创,603458.XSHG,603458,勘设股份,252,1.0,0.5759989595680546,0.5759989595680546,Top |rho| within random pair sample; not global full-market top edge
2023-12-29,252,002288.XSHE,002288,*ST超华,300940.XSHE,300940,南极光,252,1.0,0.5736482019394298,0.5736482019394298,Top |rho| within random pair sample; not global full-market top edge
2023-12-29,252,002372.XSHE,002372,伟星新材,002677.XSHE,002677,浙江美大,252,1.0,0.5732309149069035,0.5732309149069035,Top |rho| within random pair sample; not global full-market top edge
2023-12-29,252,300666.XSHE,300666,江丰电子,688596.XSHG,688596,正帆科技,252,1.0,0.5718416201023282,0.5718416201023282,Top |rho| within random pair sample; not global full-market top edge
2023-12-29,252,300046.XSHE,300046,台基股份,600360.XSHG,600360,华微电子,252,1.0,0.5712998722956545,0.5712998722956545,Top |rho| within random pair sample; not global full-market top edge
2023-12-29,252,000997.XSHE,000997,新大陆,300383.XSHE,300383,光环新网,252,1.0,0.5706390599415098,0.5706390599415098,Top |rho| within random pair sample; not global full-market top edge
2023-12-29,252,300036.XSHE,300036,超图软件,300531.XSHE,300531,优博讯,252,1.0,0.5705915955730577,0.5705915955730577,Top |rho| within random pair sample; not global full-market top edge
2023-12-29,252,000565.XSHE,000565,渝三峡A,002836.XSHE,002836,新宏泽,252,1.0,0.5688189436128144,0.5688189436128144,Top |rho| within random pair sample; not global full-market top edge
2023-12-29,252,300099.XSHE,300099,尤洛卡,603328.XSHG,603328,依顿电子,252,1.0,0.5678762956458522,0.5678762956458522,Top |rho| within random pair sample; not global full-market top edge
2023-12-29,252,000968.XSHE,000968,蓝焰控股,600997.XSHG,600997,开滦股份,252,1.0,0.567784200809993,0.567784200809993,Top |rho| within random pair sample; not global full-market top edge
2023-12-29,252,300543.XSHE,300543,朗科智能,600590.XSHG,600590,泰豪科技,252,1.0,0.5662700407906495,0.5662700407906495,Top |rho| within random pair sample; not global full-market top edge
2023-12-29,252,002745.XSHE,002745,木林森,600360.XSHG,600360,华微电子,252,1.0,0.5650620928560534,0.5650620928560534,Top |rho| within random pair sample; not global full-market top edge
2023-12-29,252,002562.XSHE,002562,兄弟科技,300107.XSHE,300107,建新股份,252,1.0,0.564882696919876,0.564882696919876,Top |rho| within random pair sample; not global full-market top edge
2023-12-29,252,000420.XSHE,000420,吉林化纤,300477.XSHE,300477,ST合纵,252,1.0,0.5647096026224012,0.5647096026224012,Top |rho| within random pair sample; not global full-market top edge
2023-12-29,252,300091.XSHE,300091,*ST金灵,688565.XSHG,688565,力源科技,252,1.0,0.564696239754616,0.564696239754616,Top |rho| within random pair sample; not global full-market top edge
2023-12-29,252,002202.XSHE,002202,金风科技,688707.XSHG,688707,振华新材,252,1.0,0.561149371997993,0.561149371997993,Top |rho| within random pair sample; not global full-market top edge
2023-12-29,252,000825.XSHE,000825,太钢不锈,603323.XSHG,603323,苏农银行,252,1.0,0.5599378049330748,0.5599378049330748,Top |rho| within random pair sample; not global full-market top edge
2023-12-29,252,002544.XSHE,002544,普天科技,300319.XSHE,300319,麦捷科技,241,0.9563492063492064,0.5592102969476732,0.5592102969476732,Top |rho| within random pair sample; not global full-market top edge
2023-12-29,252,000011.XSHE,000011,深物业A,000029.XSHE,000029,深深房A,252,1.0,0.5590876460302616,0.5590876460302616,Top |rho| within random pair sample; not global full-market top edge
2023-12-29,252,002666.XSHE,002666,德联集团,300717.XSHE,300717,华信新材,252,1.0,0.5585811495608171,0.5585811495608171,Top |rho| within random pair sample; not global full-market top edge
2023-12-29,252,002484.XSHE,002484,江海股份,600580.XSHG,600580,卧龙电驱,252,1.0,0.5568730471786396,0.5568730471786396,Top |rho| within random pair sample; not global full-market top edge
2023-12-29,252,300046.XSHE,300046,台基股份,300543.XSHE,300543,朗科智能,252,1.0,0.5564776482236585,0.5564776482236585,Top |rho| within random pair sample; not global full-market top edge
2023-12-29,252,002774.XSHE,002774,快意电梯,002890.XSHE,002890,弘宇股份,252,1.0,0.5545151746512363,0.5545151746512363,Top |rho| within random pair sample; not global full-market top edge
2023-12-29,252,001258.XSHE,001258,立新能源,601908.XSHG,601908,京运通,252,1.0,0.554051492481095,0.554051492481095,Top |rho| within random pair sample; not global full-market top edge
2023-12-29,252,000938.XSHE,000938,紫光股份,688183.XSHG,688183,生益电子,252,1.0,0.5514070389071392,0.5514070389071392,Top |rho| within random pair sample; not global full-market top edge
2023-12-29,252,300830.XSHE,300830,金现代,688509.XSHG,688509,正元地信,252,1.0,0.5510354482640122,0.5510354482640122,Top |rho| within random pair sample; not global full-market top edge
2023-12-29,252,002296.XSHE,002296,辉煌科技,600184.XSHG,600184,光电股份,252,1.0,0.5505165113541435,0.5505165113541435,Top |rho| within random pair sample; not global full-market top edge
2023-12-29,252,300219.XSHE,300219,鸿利智汇,300613.XSHE,300613,富瀚微,241,0.9563492063492064,0.5495265398182427,0.5495265398182427,Top |rho| within random pair sample; not global full-market top edge
2023-12-29,252,300590.XSHE,300590,移为通信,688655.XSHG,688655,迅捷兴,252,1.0,0.5494459224846694,0.5494459224846694,Top |rho| within random pair sample; not global full-market top edge
2023-12-29,252,300772.XSHE,300772,运达股份,603098.XSHG,603098,森特股份,252,1.0,0.5493788519702537,0.5493788519702537,Top |rho| within random pair sample; not global full-market top edge
2023-12-29,252,002551.XSHE,002551,尚荣医疗,002817.XSHE,002817,黄山胶囊,252,1.0,0.5484684251893945,0.5484684251893945,Top |rho| within random pair sample; not global full-market top edge
2023-12-29,252,002055.XSHE,002055,ST得润,300241.XSHE,300241,瑞丰光电,252,1.0,0.5476654082033975,0.5476654082033975,Top |rho| within random pair sample; not global full-market top edge
2023-12-29,252,300076.XSHE,300076,*ST宁视,600198.XSHG,600198,大唐电信,252,1.0,0.5476205754580407,0.5476205754580407,Top |rho| within random pair sample; not global full-market top edge
2023-12-29,252,300077.XSHE,300077,国民技术,603650.XSHG,603650,彤程新材,252,1.0,0.5475423314884317,0.5475423314884317,Top |rho| within random pair sample; not global full-market top edge
2023-12-29,252,000959.XSHE,000959,首钢股份,600512.XSHG,600512,腾达建设,252,1.0,0.5473805403541646,0.5473805403541646,Top |rho| within random pair sample; not global full-market top edge
2023-12-29,252,300422.XSHE,300422,博世科,300948.XSHE,300948,冠中生态,252,1.0,0.5469316694304777,0.5469316694304777,Top |rho| within random pair sample; not global full-market top edge
2023-12-29,252,002075.XSHE,002075,沙钢股份,600939.XSHG,600939,重庆建工,252,1.0,0.5455395638486615,0.5455395638486615,Top |rho| within random pair sample; not global full-market top edge
2023-12-29,252,003043.XSHE,003043,华亚智能,300346.XSHE,300346,南大光电,237,0.9404761904761905,0.5440803742107517,0.5440803742107517,Top |rho| within random pair sample; not global full-market top edge
2023-12-29,252,301063.XSHE,301063,海锅股份,600207.XSHG,600207,安彩高科,252,1.0,0.5437927942588754,0.5437927942588754,Top |rho| within random pair sample; not global full-market top edge
2023-12-29,252,000626.XSHE,000626,远大控股,002303.XSHE,002303,美盈森,252,1.0,0.5437077484733966,0.5437077484733966,Top |rho| within random pair sample; not global full-market top edge
2023-12-29,252,300720.XSHE,300720,海川智能,301125.XSHE,301125,腾亚精工,252,1.0,0.5427841649796881,0.5427841649796881,Top |rho| within random pair sample; not global full-market top edge
2023-12-29,252,300543.XSHE,300543,朗科智能,688165.XSHG,688165,埃夫特,252,1.0,0.5396154814480476,0.5396154814480476,Top |rho| within random pair sample; not global full-market top edge
2023-12-29,252,300479.XSHE,300479,神思电子,300830.XSHE,300830,金现代,252,1.0,0.5379754476600113,0.5379754476600113,Top |rho| within random pair sample; not global full-market top edge
2023-12-29,252,001230.XSHE,001230,劲旅环境,688367.XSHG,688367,工大高科,252,1.0,0.5371289508861867,0.5371289508861867,Top |rho| within random pair sample; not global full-market top edge
2023-12-29,252,002938.XSHE,002938,鹏鼎控股,688589.XSHG,688589,力合微,252,1.0,0.5368253533969722,0.5368253533969722,Top |rho| within random pair sample; not global full-market top edge
2023-12-29,252,300608.XSHE,300608,思特奇,300766.XSHE,300766,每日互动,252,1.0,0.5359958954913525,0.5359958954913525,Top |rho| within random pair sample; not global full-market top edge
2023-12-29,252,000656.XSHE,000656,金科股份,600606.XSHG,600606,绿地控股,241,0.9563492063492064,0.5335506781021065,0.5335506781021065,Top |rho| within random pair sample; not global full-market top edge
2023-12-29,252,002296.XSHE,002296,辉煌科技,300397.XSHE,300397,天和防务,252,1.0,0.5333025528630515,0.5333025528630515,Top |rho| within random pair sample; not global full-market top edge
2023-12-29,252,300724.XSHE,300724,捷佳伟创,603051.XSHG,603051,鹿山新材,252,1.0,0.5330422918874236,0.5330422918874236,Top |rho| within random pair sample; not global full-market top edge
2023-12-29,252,300393.XSHE,300393,中来股份,601877.XSHG,601877,正泰电器,252,1.0,0.5320079664131192,0.5320079664131192,Top |rho| within random pair sample; not global full-market top edge
2023-12-29,252,002373.XSHE,002373,千方科技,688588.XSHG,688588,凌志软件,252,1.0,0.5319863134227896,0.5319863134227896,Top |rho| within random pair sample; not global full-market top edge
2023-12-29,252,300987.XSHE,300987,川网传媒,301171.XSHE,301171,易点天下,252,1.0,0.5319595951463479,0.5319595951463479,Top |rho| within random pair sample; not global full-market top edge
2023-12-29,252,000969.XSHE,000969,安泰科技,300259.XSHE,300259,新天科技,252,1.0,0.5312226736831254,0.5312226736831254,Top |rho| within random pair sample; not global full-market top edge
2023-12-29,252,000401.XSHE,000401,金隅冀东,600390.XSHG,600390,五矿资本,252,1.0,0.5309618307198244,0.5309618307198244,Top |rho| within random pair sample; not global full-market top edge
2023-12-29,252,002412.XSHE,002412,汉森制药,300412.XSHE,300412,迦南科技,252,1.0,0.530015225111277,0.530015225111277,Top |rho| within random pair sample; not global full-market top edge
2023-12-29,252,300018.XSHE,300018,中元股份,301003.XSHE,301003,江苏博云,252,1.0,0.5299248686744531,0.5299248686744531,Top |rho| within random pair sample; not global full-market top edge
2023-12-29,252,000887.XSHE,000887,中鼎股份,002540.XSHE,002540,亚太科技,252,1.0,0.5292880059491408,0.5292880059491408,Top |rho| within random pair sample; not global full-market top edge
2023-12-29,252,300283.XSHE,300283,温州宏丰,300320.XSHE,300320,海达股份,252,1.0,0.5287971855941695,0.5287971855941695,Top |rho| within random pair sample; not global full-market top edge
2023-12-29,252,002449.XSHE,002449,国星光电,688509.XSHG,688509,正元地信,252,1.0,0.5286391821276283,0.5286391821276283,Top |rho| within random pair sample; not global full-market top edge
2023-12-29,252,300329.XSHE,300329,海伦钢琴,603980.XSHG,603980,吉华集团,252,1.0,0.5279707030041242,0.5279707030041242,Top |rho| within random pair sample; not global full-market top edge
2023-12-29,252,300607.XSHE,300607,拓斯达,688698.XSHG,688698,伟创电气,252,1.0,0.5278767091223925,0.5278767091223925,Top |rho| within random pair sample; not global full-market top edge
2023-12-29,252,002998.XSHE,002998,优彩资源,603637.XSHG,603637,镇海股份,252,1.0,0.5265564324779399,0.5265564324779399,Top |rho| within random pair sample; not global full-market top edge
2023-12-29,252,300081.XSHE,300081,ST恒信,300386.XSHE,300386,飞天诚信,252,1.0,0.5256589382648827,0.5256589382648827,Top |rho| within random pair sample; not global full-market top edge
2023-12-29,252,002129.XSHE,002129,TCL中环,688778.XSHG,688778,厦钨新能,252,1.0,0.5255038582892703,0.5255038582892703,Top |rho| within random pair sample; not global full-market top edge
2023-12-29,252,000656.XSHE,000656,金科股份,600376.XSHG,600376,首开股份,241,0.9563492063492064,0.524600716683037,0.524600716683037,Top |rho| within random pair sample; not global full-market top edge
2024-12-31,252,002839.XSHE,002839,张家港行,002948.XSHE,002948,青岛银行,252,1.0,0.8954248478585773,0.8954248478585773,Top |rho| within random pair sample; not global full-market top edge
2024-12-31,252,000987.XSHE,000987,越秀资本,601555.XSHG,601555,东吴证券,252,1.0,0.858987759845613,0.858987759845613,Top |rho| within random pair sample; not global full-market top edge
2024-12-31,252,300749.XSHE,300749,顶固集创,301057.XSHE,301057,汇隆新材,252,1.0,0.8547749077976394,0.8547749077976394,Top |rho| within random pair sample; not global full-market top edge
2024-12-31,252,301098.XSHE,301098,金埔园林,301290.XSHE,301290,东星医疗,252,1.0,0.8295753699023126,0.8295753699023126,Top |rho| within random pair sample; not global full-market top edge
2024-12-31,252,001268.XSHE,001268,联合精密,688659.XSHG,688659,元琛科技,252,1.0,0.8279636003577524,0.8279636003577524,Top |rho| within random pair sample; not global full-market top edge
2024-12-31,252,300126.XSHE,300126,锐奇股份,688199.XSHG,688199,久日新材,252,1.0,0.8246361964345218,0.8246361964345218,Top |rho| within random pair sample; not global full-market top edge
2024-12-31,252,000166.XSHE,000166,申万宏源,600369.XSHG,600369,西南证券,252,1.0,0.8240464482487204,0.8240464482487204,Top |rho| within random pair sample; not global full-market top edge
2024-12-31,252,301113.XSHE,301113,雅艺科技,688013.XSHG,688013,天臣医疗,252,1.0,0.8211243756775999,0.8211243756775999,Top |rho| within random pair sample; not global full-market top edge
2024-12-31,252,000898.XSHE,000898,鞍钢股份,600507.XSHG,600507,方大特钢,252,1.0,0.8180534986140346,0.8180534986140346,Top |rho| within random pair sample; not global full-market top edge
2024-12-31,252,000931.XSHE,000931,中关村,300883.XSHE,300883,龙利得,252,1.0,0.8163368725706045,0.8163368725706045,Top |rho| within random pair sample; not global full-market top edge
2024-12-31,252,002448.XSHE,002448,中原内配,603633.XSHG,603633,徕木股份,252,1.0,0.8145730866139363,0.8145730866139363,Top |rho| within random pair sample; not global full-market top edge
2024-12-31,252,301028.XSHE,301028,鼎熔岩,688485.XSHG,688485,九州一轨,252,1.0,0.8133789752299901,0.8133789752299901,Top |rho| within random pair sample; not global full-market top edge
2024-12-31,252,002696.XSHE,002696,百洋股份,600097.XSHG,600097,开创国际,252,1.0,0.8081514375666582,0.8081514375666582,Top |rho| within random pair sample; not global full-market top edge
2024-12-31,252,301043.XSHE,301043,绿岛风,688571.XSHG,688571,杭华股份,252,1.0,0.8063879456535217,0.8063879456535217,Top |rho| within random pair sample; not global full-market top edge
2024-12-31,252,300306.XSHE,300306,远方信息,688199.XSHG,688199,久日新材,252,1.0,0.802375468725137,0.802375468725137,Top |rho| within random pair sample; not global full-market top edge
2024-12-31,252,000607.XSHE,000607,华媒控股,600180.XSHG,600180,*ST瑞茂,252,1.0,0.7977153116433746,0.7977153116433746,Top |rho| within random pair sample; not global full-market top edge
2024-12-31,252,000055.XSHE,000055,方大集团,000789.XSHE,000789,万年青,252,1.0,0.7973266089446358,0.7973266089446358,Top |rho| within random pair sample; not global full-market top edge
2024-12-31,252,002081.XSHE,002081,金螳螂,600063.XSHG,600063,皖维高新,252,1.0,0.7925120583981705,0.7925120583981705,Top |rho| within random pair sample; not global full-market top edge
2024-12-31,252,000607.XSHE,000607,华媒控股,300414.XSHE,300414,中光防雷,252,1.0,0.7924388969208652,0.7924388969208652,Top |rho| within random pair sample; not global full-market top edge
2024-12-31,252,001230.XSHE,001230,劲旅环境,603903.XSHG,603903,中持股份,252,1.0,0.7917684571511453,0.7917684571511453,Top |rho| within random pair sample; not global full-market top edge
2024-12-31,252,300869.XSHE,300869,康泰医学,688561.XSHG,688561,奇安信,252,1.0,0.7898095502001768,0.7898095502001768,Top |rho| within random pair sample; not global full-market top edge
2024-12-31,252,301255.XSHE,301255,通力科技,688160.XSHG,688160,步科股份,252,1.0,0.7881369679624202,0.7881369679624202,Top |rho| within random pair sample; not global full-market top edge
2024-12-31,252,002921.XSHE,002921,联诚精密,688679.XSHG,688679,通源环境,252,1.0,0.7871685233095941,0.7871685233095941,Top |rho| within random pair sample; not global full-market top edge
2024-12-31,252,300854.XSHE,300854,中兰环保,603601.XSHG,603601,再升科技,252,1.0,0.7867125539436028,0.7867125539436028,Top |rho| within random pair sample; not global full-market top edge
2024-12-31,252,300335.XSHE,300335,迪森股份,688395.XSHG,688395,正弦电气,252,1.0,0.7867015533384553,0.7867015533384553,Top |rho| within random pair sample; not global full-market top edge
2024-12-31,252,002609.XSHE,002609,捷顺科技,688229.XSHG,688229,博睿数据,252,1.0,0.7860771471017094,0.7860771471017094,Top |rho| within random pair sample; not global full-market top edge
2024-12-31,252,000060.XSHE,000060,中金岭南,601609.XSHG,601609,金田股份,252,1.0,0.7858834490049846,0.7858834490049846,Top |rho| within random pair sample; not global full-market top edge
2024-12-31,252,002010.XSHE,002010,传化智联,600477.XSHG,600477,杭萧钢构,252,1.0,0.7857429140821455,0.7857429140821455,Top |rho| within random pair sample; not global full-market top edge
2024-12-31,252,300166.XSHE,300166,东方国信,300352.XSHE,300352,ST信源,252,1.0,0.7853732268736316,0.7853732268736316,Top |rho| within random pair sample; not global full-market top edge
2024-12-31,252,300055.XSHE,300055,万邦达,300789.XSHE,300789,唐源电气,252,1.0,0.7843237579181828,0.7843237579181828,Top |rho| within random pair sample; not global full-market top edge
2024-12-31,252,300195.XSHE,300195,长荣股份,301234.XSHE,301234,五洲医疗,252,1.0,0.7824984703468502,0.7824984703468502,Top |rho| within random pair sample; not global full-market top edge
2024-12-31,252,000756.XSHE,000756,新华制药,300434.XSHE,300434,金石亚药,252,1.0,0.7823131495834399,0.7823131495834399,Top |rho| within random pair sample; not global full-market top edge
2024-12-31,252,002048.XSHE,002048,宁波华翔,002249.XSHE,002249,大洋电机,252,1.0,0.7821896871446017,0.7821896871446017,Top |rho| within random pair sample; not global full-market top edge
2024-12-31,252,000790.XSHE,000790,华神科技,688468.XSHG,688468,科美诊断,252,1.0,0.7811263753130212,0.7811263753130212,Top |rho| within random pair sample; not global full-market top edge
2024-12-31,252,002330.XSHE,002330,得利斯,300335.XSHE,300335,迪森股份,252,1.0,0.7804483916106235,0.7804483916106235,Top |rho| within random pair sample; not global full-market top edge
2024-12-31,252,000153.XSHE,000153,丰原药业,300958.XSHE,300958,建工修复,252,1.0,0.7803568147917656,0.7803568147917656,Top |rho| within random pair sample; not global full-market top edge
2024-12-31,252,002330.XSHE,002330,得利斯,688565.XSHG,688565,力源科技,252,1.0,0.7800550654656905,0.7800550654656905,Top |rho| within random pair sample; not global full-market top edge
2024-12-31,252,300658.XSHE,300658,延江股份,603700.XSHG,603700,宁水集团,252,1.0,0.7795489368628727,0.7795489368628727,Top |rho| within random pair sample; not global full-market top edge
2024-12-31,252,002498.XSHE,002498,汉缆股份,603071.XSHG,603071,物产环能,252,1.0,0.7792508167142416,0.7792508167142416,Top |rho| within random pair sample; not global full-market top edge
2024-12-31,252,301007.XSHE,301007,德迈仕,301133.XSHE,301133,金钟股份,252,1.0,0.7779833715482577,0.7779833715482577,Top |rho| within random pair sample; not global full-market top edge
2024-12-31,252,002363.XSHE,002363,隆基机械,688669.XSHG,688669,聚石化学,252,1.0,0.7776156991048294,0.7776156991048294,Top |rho| within random pair sample; not global full-market top edge
2024-12-31,252,000919.XSHE,000919,金陵药业,688309.XSHG,688309,恒誉科技,252,1.0,0.7770279902298677,0.7770279902298677,Top |rho| within random pair sample; not global full-market top edge
2024-12-31,252,001260.XSHE,001260,坤泰股份,002836.XSHE,002836,新宏泽,252,1.0,0.7764892529954129,0.7764892529954129,Top |rho| within random pair sample; not global full-market top edge
2024-12-31,252,000655.XSHE,000655,金岭矿业,603937.XSHG,603937,丽岛新材,252,1.0,0.7748604789543735,0.7748604789543735,Top |rho| within random pair sample; not global full-market top edge
2024-12-31,252,002666.XSHE,002666,德联集团,002909.XSHE,002909,集泰股份,252,1.0,0.7744564470119081,0.7744564470119081,Top |rho| within random pair sample; not global full-market top edge
2024-12-31,252,300695.XSHE,300695,兆丰股份,688479.XSHG,688479,友车科技,252,1.0,0.7736812782450386,0.7736812782450386,Top |rho| within random pair sample; not global full-market top edge
2024-12-31,252,002798.XSHE,002798,帝欧水华,003017.XSHE,003017,大洋生物,252,1.0,0.7722256543430426,0.7722256543430426,Top |rho| within random pair sample; not global full-market top edge
2024-12-31,252,300247.XSHE,300247,融捷健康,300886.XSHE,300886,华业香料,252,1.0,0.7718069459942554,0.7718069459942554,Top |rho| within random pair sample; not global full-market top edge
2024-12-31,252,000407.XSHE,000407,胜利股份,688659.XSHG,688659,元琛科技,252,1.0,0.7713493216812856,0.7713493216812856,Top |rho| within random pair sample; not global full-market top edge
2024-12-31,252,301197.XSHE,301197,工大科雅,688021.XSHG,688021,奥福科技,252,1.0,0.7701240582857173,0.7701240582857173,Top |rho| within random pair sample; not global full-market top edge
2024-12-31,252,300614.XSHE,300614,百川畅银,605500.XSHG,605500,森林包装,252,1.0,0.7698377076216685,0.7698377076216685,Top |rho| within random pair sample; not global full-market top edge
2024-12-31,252,002228.XSHE,002228,合兴包装,605208.XSHG,605208,永茂泰,252,1.0,0.7688322888634813,0.7688322888634813,Top |rho| within random pair sample; not global full-market top edge
2024-12-31,252,300872.XSHE,300872,天阳科技,688058.XSHG,688058,宝兰德,252,1.0,0.7682888140219727,0.7682888140219727,Top |rho| within random pair sample; not global full-market top edge
2024-12-31,252,300113.XSHE,300113,顺网科技,301139.XSHE,301139,*ST元道,252,1.0,0.7673532286413258,0.7673532286413258,Top |rho| within random pair sample; not global full-market top edge
2024-12-31,252,300095.XSHE,300095,华伍股份,300227.XSHE,300227,光韵达,252,1.0,0.7666934722792036,0.7666934722792036,Top |rho| within random pair sample; not global full-market top edge
2024-12-31,252,300659.XSHE,300659,中孚信息,688215.XSHG,688215,瑞晟智能,252,1.0,0.7662244004048361,0.7662244004048361,Top |rho| within random pair sample; not global full-market top edge
2024-12-31,252,300501.XSHE,300501,海顺新材,300658.XSHE,300658,延江股份,252,1.0,0.7659277758344227,0.7659277758344227,Top |rho| within random pair sample; not global full-market top edge
2024-12-31,252,002585.XSHE,002585,双星新材,688280.XSHG,688280,精进电动,252,1.0,0.7633731515857373,0.7633731515857373,Top |rho| within random pair sample; not global full-market top edge
2024-12-31,252,300126.XSHE,300126,锐奇股份,300600.XSHE,300600,国瑞科技,250,0.9920634920634921,0.7614364286875555,0.7614364286875555,Top |rho| within random pair sample; not global full-market top edge
2024-12-31,252,000607.XSHE,000607,华媒控股,603321.XSHG,603321,梅轮电梯,252,1.0,0.7613995096862347,0.7613995096862347,Top |rho| within random pair sample; not global full-market top edge
2024-12-31,252,300659.XSHE,300659,中孚信息,688277.XSHG,688277,天智航,252,1.0,0.760975888133979,0.760975888133979,Top |rho| within random pair sample; not global full-market top edge
2024-12-31,252,002845.XSHE,002845,同兴达,688013.XSHG,688013,天臣医疗,252,1.0,0.7609703146765572,0.7609703146765572,Top |rho| within random pair sample; not global full-market top edge
2024-12-31,252,300535.XSHE,300535,达威股份,605287.XSHG,605287,德才股份,252,1.0,0.7605016297466276,0.7605016297466276,Top |rho| within random pair sample; not global full-market top edge
2024-12-31,252,300494.XSHE,300494,盛天网络,301185.XSHE,301185,鸥玛软件,252,1.0,0.7596700667237462,0.7596700667237462,Top |rho| within random pair sample; not global full-market top edge
2024-12-31,252,000968.XSHE,000968,蓝焰控股,603071.XSHG,603071,物产环能,252,1.0,0.7595984597773041,0.7595984597773041,Top |rho| within random pair sample; not global full-market top edge
2024-12-31,252,301192.XSHE,301192,泰祥股份,603987.XSHG,603987,康德莱,252,1.0,0.7593755392466157,0.7593755392466157,Top |rho| within random pair sample; not global full-market top edge
2024-12-31,252,001202.XSHE,001202,炬申股份,300126.XSHE,300126,锐奇股份,252,1.0,0.7593135169791907,0.7593135169791907,Top |rho| within random pair sample; not global full-market top edge
2024-12-31,252,000407.XSHE,000407,胜利股份,688350.XSHG,688350,富淼科技,252,1.0,0.7590972266096466,0.7590972266096466,Top |rho| within random pair sample; not global full-market top edge
2024-12-31,252,002881.XSHE,002881,美格智能,300571.XSHE,300571,平治信息,252,1.0,0.7587490738131711,0.7587490738131711,Top |rho| within random pair sample; not global full-market top edge
2024-12-31,252,000541.XSHE,000541,佛山照明,300485.XSHE,300485,赛升药业,252,1.0,0.7586765057109676,0.7586765057109676,Top |rho| within random pair sample; not global full-market top edge
2024-12-31,252,300566.XSHE,300566,激智科技,300684.XSHE,300684,中石科技,252,1.0,0.75819883604422,0.75819883604422,Top |rho| within random pair sample; not global full-market top edge
2024-12-31,252,002998.XSHE,002998,优彩资源,301063.XSHE,301063,海锅股份,252,1.0,0.757704585883397,0.757704585883397,Top |rho| within random pair sample; not global full-market top edge
2024-12-31,252,300331.XSHE,300331,苏大维格,688030.XSHG,688030,山石网科,252,1.0,0.7572899807468112,0.7572899807468112,Top |rho| within random pair sample; not global full-market top edge
2024-12-31,252,002386.XSHE,002386,天原股份,002539.XSHE,002539,云图控股,252,1.0,0.7569107581120751,0.7569107581120751,Top |rho| within random pair sample; not global full-market top edge
2024-12-31,252,301109.XSHE,301109,军信股份,688350.XSHG,688350,富淼科技,252,1.0,0.7562630047473428,0.7562630047473428,Top |rho| within random pair sample; not global full-market top edge
2024-12-31,252,300610.XSHE,300610,晨化股份,688171.XSHG,688171,纬德信息,252,1.0,0.75623566623134,0.75623566623134,Top |rho| within random pair sample; not global full-market top edge
2024-12-31,252,000655.XSHE,000655,金岭矿业,603903.XSHG,603903,中持股份,252,1.0,0.7560521406394581,0.7560521406394581,Top |rho| within random pair sample; not global full-market top edge
2024-12-31,252,301056.XSHE,301056,森赫股份,603680.XSHG,603680,今创集团,252,1.0,0.7549161890774971,0.7549161890774971,Top |rho| within random pair sample; not global full-market top edge
2024-12-31,252,001333.XSHE,001333,光华股份,600854.XSHG,600854,春兰股份,252,1.0,0.7540412485481942,0.7540412485481942,Top |rho| within random pair sample; not global full-market top edge
2024-12-31,252,300334.XSHE,300334,津膜科技,605500.XSHG,605500,森林包装,252,1.0,0.7533483265647659,0.7533483265647659,Top |rho| within random pair sample; not global full-market top edge
2024-12-31,252,002623.XSHE,002623,亚玛顿,688580.XSHG,688580,伟思医疗,252,1.0,0.7530604742575211,0.7530604742575211,Top |rho| within random pair sample; not global full-market top edge
2024-12-31,252,300884.XSHE,300884,狄耐克,688170.XSHG,688170,德龙激光,252,1.0,0.7524907793388927,0.7524907793388927,Top |rho| within random pair sample; not global full-market top edge
2024-12-31,252,300701.XSHE,300701,森霸传感,301320.XSHE,301320,豪江智能,252,1.0,0.7523307298626319,0.7523307298626319,Top |rho| within random pair sample; not global full-market top edge
2024-12-31,252,300539.XSHE,300539,横河精密,300955.XSHE,300955,嘉亨家化,252,1.0,0.7521465449271945,0.7521465449271945,Top |rho| within random pair sample; not global full-market top edge
2024-12-31,252,001333.XSHE,001333,光华股份,688669.XSHG,688669,聚石化学,252,1.0,0.7519419085851977,0.7519419085851977,Top |rho| within random pair sample; not global full-market top edge
2024-12-31,252,002228.XSHE,002228,合兴包装,300871.XSHE,300871,回盛生物,252,1.0,0.7512384745108495,0.7512384745108495,Top |rho| within random pair sample; not global full-market top edge
2024-12-31,252,002788.XSHE,002788,鹭燕医药,601177.XSHG,601177,杭齿前进,252,1.0,0.7508959283118583,0.7508959283118583,Top |rho| within random pair sample; not global full-market top edge
2024-12-31,252,002300.XSHE,002300,太阳电缆,002782.XSHE,002782,可立克,252,1.0,0.7502891278590089,0.7502891278590089,Top |rho| within random pair sample; not global full-market top edge
2024-12-31,252,300869.XSHE,300869,康泰医学,688526.XSHG,688526,科前生物,252,1.0,0.7500431144626061,0.7500431144626061,Top |rho| within random pair sample; not global full-market top edge
2024-12-31,252,301272.XSHE,301272,英华特,301359.XSHE,301359,东南电子,252,1.0,0.7500041085345791,0.7500041085345791,Top |rho| within random pair sample; not global full-market top edge
2024-12-31,252,002585.XSHE,002585,双星新材,688737.XSHG,688737,中自科技,252,1.0,0.7499371524688393,0.7499371524688393,Top |rho| within random pair sample; not global full-market top edge
2024-12-31,252,300580.XSHE,300580,贝斯特,603662.XSHG,603662,柯力传感,252,1.0,0.7489294555697555,0.7489294555697555,Top |rho| within random pair sample; not global full-market top edge
2024-12-31,252,300453.XSHE,300453,三鑫医疗,688203.XSHG,688203,海正生材,252,1.0,0.748071963925613,0.748071963925613,Top |rho| within random pair sample; not global full-market top edge
2024-12-31,252,002864.XSHE,002864,盘龙药业,300110.XSHE,300110,华仁药业,252,1.0,0.7478986647967686,0.7478986647967686,Top |rho| within random pair sample; not global full-market top edge
2024-12-31,252,300819.XSHE,300819,聚杰微纤,603385.XSHG,603385,惠达卫浴,252,1.0,0.74784306642522,0.74784306642522,Top |rho| within random pair sample; not global full-market top edge
2024-12-31,252,002201.XSHE,002201,九鼎新材,603022.XSHG,603022,新通联,252,1.0,0.7476213465596048,0.7476213465596048,Top |rho| within random pair sample; not global full-market top edge
2024-12-31,252,300658.XSHE,300658,延江股份,688316.XSHG,688316,青云科技,252,1.0,0.7475489823577361,0.7475489823577361,Top |rho| within random pair sample; not global full-market top edge
2024-12-31,252,000055.XSHE,000055,方大集团,688215.XSHG,688215,瑞晟智能,252,1.0,0.7473357111275722,0.7473357111275722,Top |rho| within random pair sample; not global full-market top edge
2024-12-31,252,300472.XSHE,300472,ST新元,688026.XSHG,688026,洁特生物,252,1.0,0.7470598566165924,0.7470598566165924,Top |rho| within random pair sample; not global full-market top edge
2024-12-31,252,002743.XSHE,002743,富煌钢构,688679.XSHG,688679,通源环境,241,0.9563492063492064,0.746745562226951,0.746745562226951,Top |rho| within random pair sample; not global full-market top edge
2025-12-31,252,300059.XSHE,300059,东方财富,600918.XSHG,600918,中泰证券,252,1.0,0.8278511827182576,0.8278511827182576,Top |rho| within random pair sample; not global full-market top edge
2025-12-31,252,300079.XSHE,300079,数码视讯,300365.XSHE,300365,恒华科技,252,1.0,0.7743268877120372,0.7743268877120372,Top |rho| within random pair sample; not global full-market top edge
2025-12-31,252,300864.XSHE,300864,南大环境,300923.XSHE,300923,研奥股份,252,1.0,0.7618629057204641,0.7618629057204641,Top |rho| within random pair sample; not global full-market top edge
2025-12-31,252,301180.XSHE,301180,万祥科技,688530.XSHG,688530,欧莱新材,252,1.0,0.7595089699898503,0.7595089699898503,Top |rho| within random pair sample; not global full-market top edge
2025-12-31,252,300594.XSHE,300594,ST朗进,301418.XSHE,301418,协昌科技,252,1.0,0.7541645065070988,0.7541645065070988,Top |rho| within random pair sample; not global full-market top edge
2025-12-31,252,301163.XSHE,301163,宏德股份,688329.XSHG,688329,艾隆科技,252,1.0,0.7045476485362415,0.7045476485362415,Top |rho| within random pair sample; not global full-market top edge
2025-12-31,252,002368.XSHE,002368,太极股份,603005.XSHG,603005,晶方科技,252,1.0,0.6984684984952811,0.6984684984952811,Top |rho| within random pair sample; not global full-market top edge
2025-12-31,252,000597.XSHE,000597,东北制药,300039.XSHE,300039,上海凯宝,252,1.0,0.6983952037002923,0.6983952037002923,Top |rho| within random pair sample; not global full-market top edge
2025-12-31,252,000728.XSHE,000728,国元证券,601211.XSHG,601211,国泰海通,249,0.9880952380952381,0.6919100885660732,0.6919100885660732,Top |rho| within random pair sample; not global full-market top edge
2025-12-31,252,002192.XSHE,002192,融捷股份,600338.XSHG,600338,西藏珠峰,252,1.0,0.6915061241039774,0.6915061241039774,Top |rho| within random pair sample; not global full-market top edge
2025-12-31,252,300007.XSHE,300007,汉威科技,300403.XSHE,300403,汉宇集团,252,1.0,0.6907894439734762,0.6907894439734762,Top |rho| within random pair sample; not global full-market top edge
2025-12-31,252,300424.XSHE,300424,航新科技,688285.XSHG,688285,高铁电气,246,0.9761904761904762,0.690438666752474,0.690438666752474,Top |rho| within random pair sample; not global full-market top edge
2025-12-31,252,300851.XSHE,300851,交大思诺,688057.XSHG,688057,金达莱,252,1.0,0.6896639431477942,0.6896639431477942,Top |rho| within random pair sample; not global full-market top edge
2025-12-31,252,300098.XSHE,300098,高新兴,301577.XSHE,301577,美信科技,252,1.0,0.6851680863457353,0.6851680863457353,Top |rho| within random pair sample; not global full-market top edge
2025-12-31,252,000927.XSHE,000927,中国铁物,600787.XSHG,600787,中储股份,252,1.0,0.6804723958905899,0.6804723958905899,Top |rho| within random pair sample; not global full-market top edge
2025-12-31,252,002736.XSHE,002736,国信证券,600739.XSHG,600739,辽宁成大,252,1.0,0.6801721993057624,0.6801721993057624,Top |rho| within random pair sample; not global full-market top edge
2025-12-31,252,300288.XSHE,300288,朗玛信息,300311.XSHE,300311,任子行,250,0.9920634920634921,0.6776022551518136,0.6776022551518136,Top |rho| within random pair sample; not global full-market top edge
2025-12-31,252,300479.XSHE,300479,神思电子,300678.XSHE,300678,中科信息,252,1.0,0.6724883088542273,0.6724883088542273,Top |rho| within random pair sample; not global full-market top edge
2025-12-31,252,300448.XSHE,300448,浩云科技,300590.XSHE,300590,移为通信,252,1.0,0.6713380031093297,0.6713380031093297,Top |rho| within random pair sample; not global full-market top edge
2025-12-31,252,300864.XSHE,300864,南大环境,688075.XSHG,688075,安旭生物,252,1.0,0.6682245326384929,0.6682245326384929,Top |rho| within random pair sample; not global full-market top edge
2025-12-31,252,301020.XSHE,301020,密封科技,301098.XSHE,301098,金埔园林,252,1.0,0.6629559400318725,0.6629559400318725,Top |rho| within random pair sample; not global full-market top edge
2025-12-31,252,300252.XSHE,300252,金信诺,300563.XSHE,300563,神宇股份,252,1.0,0.6600726969633858,0.6600726969633858,Top |rho| within random pair sample; not global full-market top edge
2025-12-31,252,300107.XSHE,300107,建新股份,300623.XSHE,300623,捷捷微电,252,1.0,0.6600101148926438,0.6600101148926438,Top |rho| within random pair sample; not global full-market top edge
2025-12-31,252,000919.XSHE,000919,金陵药业,301098.XSHE,301098,金埔园林,252,1.0,0.6581141937317311,0.6581141937317311,Top |rho| within random pair sample; not global full-market top edge
2025-12-31,252,300481.XSHE,300481,濮阳惠成,300594.XSHE,300594,ST朗进,252,1.0,0.6569608454490713,0.6569608454490713,Top |rho| within random pair sample; not global full-market top edge
2025-12-31,252,300359.XSHE,300359,全通教育,301221.XSHE,301221,光庭信息,252,1.0,0.6541324660837358,0.6541324660837358,Top |rho| within random pair sample; not global full-market top edge
2025-12-31,252,300802.XSHE,300802,矩子科技,688296.XSHG,688296,和达科技,252,1.0,0.654124517004666,0.654124517004666,Top |rho| within random pair sample; not global full-market top edge
2025-12-31,252,300369.XSHE,300369,绿盟科技,688118.XSHG,688118,普元信息,252,1.0,0.6527818637145322,0.6527818637145322,Top |rho| within random pair sample; not global full-market top edge
2025-12-31,252,300447.XSHE,300447,全信股份,300625.XSHE,300625,三雄极光,252,1.0,0.6523792357446668,0.6523792357446668,Top |rho| within random pair sample; not global full-market top edge
2025-12-31,252,002375.XSHE,002375,亚厦股份,300160.XSHE,300160,秀强股份,252,1.0,0.6523702947823022,0.6523702947823022,Top |rho| within random pair sample; not global full-market top edge
2025-12-31,252,000563.XSHE,000563,陕国投A,601456.XSHG,601456,国联民生,252,1.0,0.6511866972168521,0.6511866972168521,Top |rho| within random pair sample; not global full-market top edge
2025-12-31,252,301103.XSHE,301103,何氏眼科,688468.XSHG,688468,科美诊断,252,1.0,0.6498698751157235,0.6498698751157235,Top |rho| within random pair sample; not global full-market top edge
2025-12-31,252,301107.XSHE,301107,瑜欣电子,688067.XSHG,688067,爱威科技,252,1.0,0.6487622220379111,0.6487622220379111,Top |rho| within random pair sample; not global full-market top edge
2025-12-31,252,300279.XSHE,300279,和晶科技,300735.XSHE,300735,光弘科技,252,1.0,0.6473817465277116,0.6473817465277116,Top |rho| within random pair sample; not global full-market top edge
2025-12-31,252,002384.XSHE,002384,东山精密,603228.XSHG,603228,景旺电子,252,1.0,0.6472354632725074,0.6472354632725074,Top |rho| within random pair sample; not global full-market top edge
2025-12-31,252,300079.XSHE,300079,数码视讯,688371.XSHG,688371,菲沃泰,252,1.0,0.6440500721901027,0.6440500721901027,Top |rho| within random pair sample; not global full-market top edge
2025-12-31,252,300070.XSHE,300070,碧水源,300359.XSHE,300359,全通教育,252,1.0,0.6432568619149535,0.6432568619149535,Top |rho| within random pair sample; not global full-market top edge
2025-12-31,252,301272.XSHE,301272,英华特,301282.XSHE,301282,金禄电子,252,1.0,0.6413601349920051,0.6413601349920051,Top |rho| within random pair sample; not global full-market top edge
2025-12-31,252,300075.XSHE,300075,数字政通,688512.XSHG,688512,慧智微,252,1.0,0.6392351742093448,0.6392351742093448,Top |rho| within random pair sample; not global full-market top edge
2025-12-31,252,300303.XSHE,300303,聚飞光电,688777.XSHG,688777,中控技术,252,1.0,0.6383828777991463,0.6383828777991463,Top |rho| within random pair sample; not global full-market top edge
2025-12-31,252,300162.XSHE,300162,雷曼光电,688579.XSHG,688579,地纬智能,252,1.0,0.6348576458331174,0.6348576458331174,Top |rho| within random pair sample; not global full-market top edge
2025-12-31,252,300968.XSHE,300968,格林精密,688681.XSHG,688681,科汇股份,252,1.0,0.6340859522489265,0.6340859522489265,Top |rho| within random pair sample; not global full-market top edge
2025-12-31,252,002412.XSHE,002412,汉森制药,301103.XSHE,301103,何氏眼科,252,1.0,0.6340664498221792,0.6340664498221792,Top |rho| within random pair sample; not global full-market top edge
2025-12-31,252,300825.XSHE,300825,阿尔特,688320.XSHG,688320,禾川科技,252,1.0,0.6338518508116363,0.6338518508116363,Top |rho| within random pair sample; not global full-market top edge
2025-12-31,252,300412.XSHE,300412,迦南科技,300894.XSHE,300894,火星人,252,1.0,0.6325903995335445,0.6325903995335445,Top |rho| within random pair sample; not global full-market top edge
2025-12-31,252,002561.XSHE,002561,徐家汇,605567.XSHG,605567,春雪食品,252,1.0,0.6312316815669798,0.6312316815669798,Top |rho| within random pair sample; not global full-market top edge
2025-12-31,252,301115.XSHE,301115,联检科技,605177.XSHG,605177,东亚药业,252,1.0,0.629649211283089,0.629649211283089,Top |rho| within random pair sample; not global full-market top edge
2025-12-31,252,300851.XSHE,300851,交大思诺,688659.XSHG,688659,元琛科技,252,1.0,0.628287224139471,0.628287224139471,Top |rho| within random pair sample; not global full-market top edge
2025-12-31,252,300232.XSHE,300232,洲明科技,600061.XSHG,600061,国投资本,252,1.0,0.6280216396196243,0.6280216396196243,Top |rho| within random pair sample; not global full-market top edge
2025-12-31,252,300638.XSHE,300638,广和通,603005.XSHG,603005,晶方科技,252,1.0,0.6278667434519741,0.6278667434519741,Top |rho| within random pair sample; not global full-market top edge
2025-12-31,252,300317.XSHE,300317,珈伟新能,300375.XSHE,300375,鹏翎股份,252,1.0,0.6274240766954,0.6274240766954,Top |rho| within random pair sample; not global full-market top edge
2025-12-31,252,301135.XSHE,301135,瑞德智能,301163.XSHE,301163,宏德股份,252,1.0,0.6273712862248058,0.6273712862248058,Top |rho| within random pair sample; not global full-market top edge
2025-12-31,252,300140.XSHE,300140,节能环境,301429.XSHE,301429,森泰股份,252,1.0,0.6247916654548781,0.6247916654548781,Top |rho| within random pair sample; not global full-market top edge
2025-12-31,252,300608.XSHE,300608,思特奇,300793.XSHE,300793,佳禾智能,252,1.0,0.6247027646315488,0.6247027646315488,Top |rho| within random pair sample; not global full-market top edge
2025-12-31,252,000012.XSHE,000012,南玻A,601827.XSHG,601827,三峰环境,252,1.0,0.6234039079351846,0.6234039079351846,Top |rho| within random pair sample; not global full-market top edge
2025-12-31,252,300107.XSHE,300107,建新股份,300317.XSHE,300317,珈伟新能,252,1.0,0.6206802462817311,0.6206802462817311,Top |rho| within random pair sample; not global full-market top edge
2025-12-31,252,000600.XSHE,000600,建投能源,600780.XSHG,600780,通宝能源,252,1.0,0.6206671724340656,0.6206671724340656,Top |rho| within random pair sample; not global full-market top edge
2025-12-31,252,300287.XSHE,300287,飞利信,301418.XSHE,301418,协昌科技,252,1.0,0.620533149732086,0.620533149732086,Top |rho| within random pair sample; not global full-market top edge
2025-12-31,252,300018.XSHE,300018,中元股份,300310.XSHE,300310,宜通世纪,246,0.9761904761904762,0.618930829752908,0.618930829752908,Top |rho| within random pair sample; not global full-market top edge
2025-12-31,252,300912.XSHE,300912,凯龙高科,301006.XSHE,301006,迈拓股份,252,1.0,0.6188713182720564,0.6188713182720564,Top |rho| within random pair sample; not global full-market top edge
2025-12-31,252,300590.XSHE,300590,移为通信,601990.XSHG,601990,南京证券,252,1.0,0.6186368726865136,0.6186368726865136,Top |rho| within random pair sample; not global full-market top edge
2025-12-31,252,002334.XSHE,002334,英威腾,603025.XSHG,603025,大豪科技,252,1.0,0.6178596885988549,0.6178596885988549,Top |rho| within random pair sample; not global full-market top edge
2025-12-31,252,000605.XSHE,000605,渤海股份,300187.XSHE,300187,永清环保,252,1.0,0.6157916715561093,0.6157916715561093,Top |rho| within random pair sample; not global full-market top edge
2025-12-31,252,301167.XSHE,301167,建研设计,688509.XSHG,688509,正元地信,252,1.0,0.6156437913129709,0.6156437913129709,Top |rho| within random pair sample; not global full-market top edge
2025-12-31,252,300793.XSHE,300793,佳禾智能,301007.XSHE,301007,德迈仕,249,0.9880952380952381,0.615349326158645,0.615349326158645,Top |rho| within random pair sample; not global full-market top edge
2025-12-31,252,300802.XSHE,300802,矩子科技,688381.XSHG,688381,帝奥微,241,0.9563492063492064,0.6153287221691014,0.6153287221691014,Top |rho| within random pair sample; not global full-market top edge
2025-12-31,252,301113.XSHE,301113,雅艺科技,301266.XSHE,301266,宇邦新材,252,1.0,0.6145861836461152,0.6145861836461152,Top |rho| within random pair sample; not global full-market top edge
2025-12-31,252,301135.XSHE,301135,瑞德智能,301419.XSHE,301419,阿莱德,252,1.0,0.6141545218882628,0.6141545218882628,Top |rho| within random pair sample; not global full-market top edge
2025-12-31,252,002216.XSHE,002216,三全食品,002726.XSHE,002726,ST龙大,252,1.0,0.613981257272504,0.613981257272504,Top |rho| within random pair sample; not global full-market top edge
2025-12-31,252,300288.XSHE,300288,朗玛信息,301519.XSHE,301519,舜禹股份,252,1.0,0.6129875080903554,0.6129875080903554,Top |rho| within random pair sample; not global full-market top edge
2025-12-31,252,300279.XSHE,300279,和晶科技,600061.XSHG,600061,国投资本,252,1.0,0.6122370881750268,0.6122370881750268,Top |rho| within random pair sample; not global full-market top edge
2025-12-31,252,000931.XSHE,000931,中关村,301370.XSHE,301370,国科恒泰,252,1.0,0.6120481315862892,0.6120481315862892,Top |rho| within random pair sample; not global full-market top edge
2025-12-31,252,001219.XSHE,001219,青岛食品,300800.XSHE,300800,力合科技,252,1.0,0.6113440311076502,0.6113440311076502,Top |rho| within random pair sample; not global full-market top edge
2025-12-31,252,300107.XSHE,300107,建新股份,600843.XSHG,600843,上工申贝,252,1.0,0.6111775285038429,0.6111775285038429,Top |rho| within random pair sample; not global full-market top edge
2025-12-31,252,300621.XSHE,300621,维业股份,600386.XSHG,600386,北巴传媒,252,1.0,0.6109843909471243,0.6109843909471243,Top |rho| within random pair sample; not global full-market top edge
2025-12-31,252,002496.XSHE,002496,辉丰股份,300385.XSHE,300385,ST雪浪,250,0.9920634920634921,0.6108884359939027,0.6108884359939027,Top |rho| within random pair sample; not global full-market top edge
2025-12-31,252,300532.XSHE,300532,今天国际,301115.XSHE,301115,联检科技,252,1.0,0.6102451168210119,0.6102451168210119,Top |rho| within random pair sample; not global full-market top edge
2025-12-31,252,300241.XSHE,300241,瑞丰光电,600155.XSHG,600155,华创云信,252,1.0,0.6091264264224677,0.6091264264224677,Top |rho| within random pair sample; not global full-market top edge
2025-12-31,252,300288.XSHE,300288,朗玛信息,688590.XSHG,688590,新致软件,252,1.0,0.6087384223217789,0.6087384223217789,Top |rho| within random pair sample; not global full-market top edge
2025-12-31,252,300264.XSHE,300264,佳创视讯,688061.XSHG,688061,灿瑞科技,246,0.9761904761904762,0.607678802239132,0.607678802239132,Top |rho| within random pair sample; not global full-market top edge
2025-12-31,252,000800.XSHE,000800,一汽解放,300928.XSHE,300928,华安鑫创,252,1.0,0.6074278975271945,0.6074278975271945,Top |rho| within random pair sample; not global full-market top edge
2025-12-31,252,300440.XSHE,300440,运达科技,688530.XSHG,688530,欧莱新材,252,1.0,0.6064651327017542,0.6064651327017542,Top |rho| within random pair sample; not global full-market top edge
2025-12-31,252,300052.XSHE,300052,中青宝,603000.XSHG,603000,人民网,250,0.9920634920634921,0.6061525318574236,0.6061525318574236,Top |rho| within random pair sample; not global full-market top edge
2025-12-31,252,300279.XSHE,300279,和晶科技,688007.XSHG,688007,光峰科技,252,1.0,0.6061159283291141,0.6061159283291141,Top |rho| within random pair sample; not global full-market top edge
2025-12-31,252,300288.XSHE,300288,朗玛信息,688022.XSHG,688022,ST瀚川,252,1.0,0.6042012185013184,0.6042012185013184,Top |rho| within random pair sample; not global full-market top edge
2025-12-31,252,002835.XSHE,002835,同为股份,300597.XSHE,300597,吉大通信,252,1.0,0.60375577230751,0.60375577230751,Top |rho| within random pair sample; not global full-market top edge
2025-12-31,252,300046.XSHE,300046,台基股份,300590.XSHE,300590,移为通信,246,0.9761904761904762,0.6034896680150982,0.6034896680150982,Top |rho| within random pair sample; not global full-market top edge
2025-12-31,252,300975.XSHE,300975,商络电子,688030.XSHG,688030,山石网科,252,1.0,0.6033555914767902,0.6033555914767902,Top |rho| within random pair sample; not global full-market top edge
2025-12-31,252,002920.XSHE,002920,德赛西威,301221.XSHE,301221,光庭信息,252,1.0,0.6031078103288139,0.6031078103288139,Top |rho| within random pair sample; not global full-market top edge
2025-12-31,252,002156.XSHE,002156,通富微电,300623.XSHE,300623,捷捷微电,252,1.0,0.6029741447986553,0.6029741447986553,Top |rho| within random pair sample; not global full-market top edge
2025-12-31,252,000919.XSHE,000919,金陵药业,605567.XSHG,605567,春雪食品,252,1.0,0.602954846551259,0.602954846551259,Top |rho| within random pair sample; not global full-market top edge
2025-12-31,252,301267.XSHE,301267,华厦眼科,688057.XSHG,688057,金达莱,252,1.0,0.6029020824214503,0.6029020824214503,Top |rho| within random pair sample; not global full-market top edge
2025-12-31,252,002230.XSHE,002230,科大讯飞,002649.XSHE,002649,博彦科技,252,1.0,0.6027472658310306,0.6027472658310306,Top |rho| within random pair sample; not global full-market top edge
2025-12-31,252,300024.XSHE,300024,机器人,688058.XSHG,688058,宝兰德,252,1.0,0.6024765840501044,0.6024765840501044,Top |rho| within random pair sample; not global full-market top edge
2025-12-31,252,300047.XSHE,300047,天源迪科,300348.XSHE,300348,长亮科技,252,1.0,0.6021701854014245,0.6021701854014245,Top |rho| within random pair sample; not global full-market top edge
2025-12-31,252,300161.XSHE,300161,华中数控,301339.XSHE,301339,通行宝,252,1.0,0.6018962817502347,0.6018962817502347,Top |rho| within random pair sample; not global full-market top edge
2025-12-31,252,300831.XSHE,300831,ST派瑞,600460.XSHG,600460,士兰微,252,1.0,0.6017204259823667,0.6017204259823667,Top |rho| within random pair sample; not global full-market top edge
2025-12-31,252,300407.XSHE,300407,凯发电气,300425.XSHE,300425,中建环能,252,1.0,0.6004865342519546,0.6004865342519546,Top |rho| within random pair sample; not global full-market top edge
2025-12-31,252,000063.XSHE,000063,中兴通讯,300017.XSHE,300017,网宿科技,252,1.0,0.6001954777682147,0.6001954777682147,Top |rho| within random pair sample; not global full-market top edge
2025-12-31,252,300708.XSHE,300708,聚灿光电,688653.XSHG,688653,康希通信,252,1.0,0.6001788374275351,0.6001788374275351,Top |rho| within random pair sample; not global full-market top edge
2026-09-03,252,300417.XSHE,300417,南华仪器,688681.XSHG,688681,科汇股份,252,1.0,0.8133144758550519,0.8133144758550519,Top |rho| within random pair sample; not global full-market top edge
2026-09-03,252,000728.XSHE,000728,国元证券,600061.XSHG,600061,国投资本,252,1.0,0.7713834025983487,0.7713834025983487,Top |rho| within random pair sample; not global full-market top edge
2026-09-03,252,300499.XSHE,300499,高澜股份,301018.XSHE,301018,申菱环境,252,1.0,0.7640469916848918,0.7640469916848918,Top |rho| within random pair sample; not global full-market top edge
2026-09-03,252,000623.XSHE,000623,吉林敖东,002736.XSHE,002736,国信证券,252,1.0,0.755491395831294,0.755491395831294,Top |rho| within random pair sample; not global full-market top edge
2026-09-03,252,300148.XSHE,300148,天舟文化,300315.XSHE,300315,掌趣科技,252,1.0,0.7538565530294865,0.7538565530294865,Top |rho| within random pair sample; not global full-market top edge
2026-09-03,252,002188.XSHE,002188,中天服务,600883.XSHG,600883,博闻科技,252,1.0,0.7481722753464609,0.7481722753464609,Top |rho| within random pair sample; not global full-market top edge
2026-09-03,252,002237.XSHE,002237,恒邦股份,300139.XSHE,300139,晓程科技,252,1.0,0.7327353764424974,0.7327353764424974,Top |rho| within random pair sample; not global full-market top edge
2026-09-03,252,000426.XSHE,000426,兴业银锡,000630.XSHE,000630,铜陵有色,252,1.0,0.725193914016694,0.725193914016694,Top |rho| within random pair sample; not global full-market top edge
2026-09-03,252,002863.XSHE,002863,今飞凯达,600099.XSHG,600099,林海股份,252,1.0,0.724273472442712,0.724273472442712,Top |rho| within random pair sample; not global full-market top edge
2026-09-03,252,300030.XSHE,300030,阳普医疗,301258.XSHE,301258,富士莱,252,1.0,0.7229159975056525,0.7229159975056525,Top |rho| within random pair sample; not global full-market top edge
2026-09-03,252,000605.XSHE,000605,渤海股份,603329.XSHG,603329,上海雅仕,252,1.0,0.7220778380778656,0.7220778380778656,Top |rho| within random pair sample; not global full-market top edge
2026-09-03,252,300713.XSHE,300713,英可瑞,301170.XSHE,301170,锡南科技,252,1.0,0.7181574660903995,0.7181574660903995,Top |rho| within random pair sample; not global full-market top edge
2026-09-03,252,300074.XSHE,300074,华平股份,301298.XSHE,301298,东利机械,252,1.0,0.7172610972601364,0.7172610972601364,Top |rho| within random pair sample; not global full-market top edge
2026-09-03,252,002839.XSHE,002839,张家港行,601997.XSHG,601997,贵阳银行,252,1.0,0.7139228255449499,0.7139228255449499,Top |rho| within random pair sample; not global full-market top edge
2026-09-03,252,002863.XSHE,002863,今飞凯达,688616.XSHG,688616,西力科技,252,1.0,0.712784021809572,0.712784021809572,Top |rho| within random pair sample; not global full-market top edge
2026-09-03,252,001337.XSHE,001337,四川黄金,600547.XSHG,600547,山东黄金,252,1.0,0.710775864265613,0.710775864265613,Top |rho| within random pair sample; not global full-market top edge
2026-09-03,252,300601.XSHE,300601,康泰生物,301166.XSHE,301166,优宁维,252,1.0,0.7104388636473864,0.7104388636473864,Top |rho| within random pair sample; not global full-market top edge
2026-09-03,252,300008.XSHE,300008,天海防务,300722.XSHE,300722,新余国科,252,1.0,0.709675361562532,0.709675361562532,Top |rho| within random pair sample; not global full-market top edge
2026-09-03,252,002817.XSHE,002817,黄山胶囊,600796.XSHG,600796,钱江生化,252,1.0,0.6981820074662185,0.6981820074662185,Top |rho| within random pair sample; not global full-market top edge
2026-09-03,252,300824.XSHE,300824,北鼎股份,603022.XSHG,603022,新通联,252,1.0,0.6826826239652777,0.6826826239652777,Top |rho| within random pair sample; not global full-market top edge
2026-09-03,252,002472.XSHE,002472,双环传动,002896.XSHE,002896,中大力德,252,1.0,0.6792637395564727,0.6792637395564727,Top |rho| within random pair sample; not global full-market top edge
2026-09-03,252,000563.XSHE,000563,陕国投A,000726.XSHE,000726,鲁泰A,252,1.0,0.6785634890449075,0.6785634890449075,Top |rho| within random pair sample; not global full-market top edge
2026-09-03,252,300240.XSHE,300240,飞力达,688681.XSHG,688681,科汇股份,252,1.0,0.6712148027491613,0.6712148027491613,Top |rho| within random pair sample; not global full-market top edge
2026-09-03,252,301206.XSHE,301206,三元生物,688468.XSHG,688468,科美诊断,252,1.0,0.6706414664884832,0.6706414664884832,Top |rho| within random pair sample; not global full-market top edge
2026-09-03,252,002660.XSHE,002660,茂硕电源,605001.XSHG,605001,威奥股份,252,1.0,0.6681515159043074,0.6681515159043074,Top |rho| within random pair sample; not global full-market top edge
2026-09-03,252,002092.XSHE,002092,中泰化学,600409.XSHG,600409,三友化工,252,1.0,0.6673159816240981,0.6673159816240981,Top |rho| within random pair sample; not global full-market top edge
2026-09-03,252,300240.XSHE,300240,飞力达,600235.XSHG,600235,民丰特纸,252,1.0,0.6651093171175582,0.6651093171175582,Top |rho| within random pair sample; not global full-market top edge
2026-09-03,252,000899.XSHE,000899,赣能股份,600780.XSHG,600780,通宝能源,252,1.0,0.6639596210524628,0.6639596210524628,Top |rho| within random pair sample; not global full-market top edge
2026-09-03,252,002799.XSHE,002799,环球印务,688468.XSHG,688468,科美诊断,252,1.0,0.6628593581125036,0.6628593581125036,Top |rho| within random pair sample; not global full-market top edge
2026-09-03,252,300244.XSHE,300244,迪安诊断,300987.XSHE,300987,川网传媒,252,1.0,0.6602716428432414,0.6602716428432414,Top |rho| within random pair sample; not global full-market top edge
2026-09-03,252,002863.XSHE,002863,今飞凯达,688468.XSHG,688468,科美诊断,252,1.0,0.659152464296684,0.659152464296684,Top |rho| within random pair sample; not global full-market top edge
2026-09-03,252,300439.XSHE,300439,美康生物,603998.XSHG,603998,方盛制药,252,1.0,0.6581706008169863,0.6581706008169863,Top |rho| within random pair sample; not global full-market top edge
2026-09-03,252,300597.XSHE,300597,吉大通信,688393.XSHG,688393,安必平,252,1.0,0.6542205526230254,0.6542205526230254,Top |rho| within random pair sample; not global full-market top edge
2026-09-03,252,000605.XSHE,000605,渤海股份,002802.XSHE,002802,洪汇新材,252,1.0,0.6539677581126498,0.6539677581126498,Top |rho| within random pair sample; not global full-market top edge
2026-09-03,252,300271.XSHE,300271,华宇软件,300315.XSHE,300315,掌趣科技,252,1.0,0.6505703424369682,0.6505703424369682,Top |rho| within random pair sample; not global full-market top edge
2026-09-03,252,002649.XSHE,002649,博彦科技,601360.XSHG,601360,三六零,252,1.0,0.650078005926771,0.650078005926771,Top |rho| within random pair sample; not global full-market top edge
2026-09-03,252,000790.XSHE,000790,华神科技,603321.XSHG,603321,梅轮电梯,252,1.0,0.6497782990275422,0.6497782990275422,Top |rho| within random pair sample; not global full-market top edge
2026-09-03,252,300792.XSHE,300792,壹网壹创,300987.XSHE,300987,川网传媒,252,1.0,0.6485032491869388,0.6485032491869388,Top |rho| within random pair sample; not global full-market top edge
2026-09-03,252,300054.XSHE,300054,鼎龙股份,688012.XSHG,688012,中微公司,242,0.9603174603174603,0.6476190667017908,0.6476190667017908,Top |rho| within random pair sample; not global full-market top edge
2026-09-03,252,300412.XSHE,300412,迦南科技,600543.XSHG,600543,*ST莫高,250,0.9920634920634921,0.6424224611888292,0.6424224611888292,Top |rho| within random pair sample; not global full-market top edge
2026-09-03,252,002524.XSHE,002524,光正眼科,002566.XSHE,002566,益盛药业,252,1.0,0.6418081519228948,0.6418081519228948,Top |rho| within random pair sample; not global full-market top edge
2026-09-03,252,301065.XSHE,301065,本立科技,603357.XSHG,603357,设计总院,252,1.0,0.6405824761600492,0.6405824761600492,Top |rho| within random pair sample; not global full-market top edge
2026-09-03,252,300194.XSHE,300194,福安药业,300601.XSHE,300601,康泰生物,252,1.0,0.6348199622326365,0.6348199622326365,Top |rho| within random pair sample; not global full-market top edge
2026-09-03,252,300602.XSHE,300602,飞荣达,301041.XSHE,301041,金百泽,252,1.0,0.6344455317170559,0.6344455317170559,Top |rho| within random pair sample; not global full-market top edge
2026-09-03,252,300220.XSHE,300220,金运激光,300484.XSHE,300484,蓝海华腾,252,1.0,0.6328328605582992,0.6328328605582992,Top |rho| within random pair sample; not global full-market top edge
2026-09-03,252,002561.XSHE,002561,徐家汇,603908.XSHG,603908,牧高笛,252,1.0,0.6321461931450052,0.6321461931450052,Top |rho| within random pair sample; not global full-market top edge
2026-09-03,252,000503.XSHE,000503,国新健康,688232.XSHG,688232,新点软件,252,1.0,0.63123935990559,0.63123935990559,Top |rho| within random pair sample; not global full-market top edge
2026-09-03,252,300079.XSHE,300079,数码视讯,600640.XSHG,600640,国脉文化,252,1.0,0.6291668754192711,0.6291668754192711,Top |rho| within random pair sample; not global full-market top edge
2026-09-03,252,002968.XSHE,002968,新大正,603326.XSHG,603326,我乐家居,241,0.9563492063492064,0.6254410273404178,0.6254410273404178,Top |rho| within random pair sample; not global full-market top edge
2026-09-03,252,300074.XSHE,300074,华平股份,300177.XSHE,300177,中海达,252,1.0,0.6235868066928706,0.6235868066928706,Top |rho| within random pair sample; not global full-market top edge
2026-09-03,252,002741.XSHE,002741,光华科技,300196.XSHE,300196,长海股份,252,1.0,0.6233634608152282,0.6233634608152282,Top |rho| within random pair sample; not global full-market top edge
2026-09-03,252,002381.XSHE,002381,双箭股份,002441.XSHE,002441,众业达,252,1.0,0.6228060204867079,0.6228060204867079,Top |rho| within random pair sample; not global full-market top edge
2026-09-03,252,002732.XSHE,002732,燕塘乳业,300886.XSHE,300886,华业香料,252,1.0,0.6201521573812925,0.6201521573812925,Top |rho| within random pair sample; not global full-market top edge
2026-09-03,252,000897.XSHE,000897,津滨发展,600327.XSHG,600327,大东方,252,1.0,0.6196750469817359,0.6196750469817359,Top |rho| within random pair sample; not global full-market top edge
2026-09-03,252,002403.XSHE,002403,爱仕达,300694.XSHE,300694,蠡湖股份,252,1.0,0.6192847666566021,0.6192847666566021,Top |rho| within random pair sample; not global full-market top edge
2026-09-03,252,002797.XSHE,002797,第一创业,002926.XSHE,002926,华西证券,252,1.0,0.6187153622463065,0.6187153622463065,Top |rho| within random pair sample; not global full-market top edge
2026-09-03,252,000619.XSHE,000619,海螺新材,605122.XSHG,605122,四方新材,252,1.0,0.6180008750669249,0.6180008750669249,Top |rho| within random pair sample; not global full-market top edge
2026-09-03,252,300581.XSHE,300581,晨曦航空,688084.XSHG,688084,晶品特装,252,1.0,0.6176691214701528,0.6176691214701528,Top |rho| within random pair sample; not global full-market top edge
2026-09-03,252,301287.XSHE,301287,康力源,605180.XSHG,605180,华生科技,252,1.0,0.6167737402523176,0.6167737402523176,Top |rho| within random pair sample; not global full-market top edge
2026-09-03,252,300384.XSHE,300384,三联虹普,603096.XSHG,603096,新经典,252,1.0,0.6149602540629937,0.6149602540629937,Top |rho| within random pair sample; not global full-market top edge
2026-09-03,252,000514.XSHE,000514,渝开发,600159.XSHG,600159,大龙地产,252,1.0,0.6143619207043014,0.6143619207043014,Top |rho| within random pair sample; not global full-market top edge
2026-09-03,252,300451.XSHE,300451,创业慧康,301370.XSHE,301370,国科恒泰,246,0.9761904761904762,0.6142459639069097,0.6142459639069097,Top |rho| within random pair sample; not global full-market top edge
2026-09-03,252,002845.XSHE,002845,同兴达,688107.XSHG,688107,安路科技,252,1.0,0.6132774708066909,0.6132774708066909,Top |rho| within random pair sample; not global full-market top edge
2026-09-03,252,300231.XSHE,300231,银信科技,688588.XSHG,688588,凌志软件,241,0.9563492063492064,0.6092634070648405,0.6092634070648405,Top |rho| within random pair sample; not global full-market top edge
2026-09-03,252,300412.XSHE,300412,迦南科技,603066.XSHG,603066,音飞储存,252,1.0,0.6092334393128613,0.6092334393128613,Top |rho| within random pair sample; not global full-market top edge
2026-09-03,252,301089.XSHE,301089,拓新药业,688238.XSHG,688238,和元生物,252,1.0,0.6089122096162399,0.6089122096162399,Top |rho| within random pair sample; not global full-market top edge
2026-09-03,252,300442.XSHE,300442,润泽科技,300895.XSHE,300895,铜牛信息,245,0.9722222222222222,0.6088405736727112,0.6088405736727112,Top |rho| within random pair sample; not global full-market top edge
2026-09-03,252,300150.XSHE,300150,世纪瑞尔,300535.XSHE,300535,达威股份,252,1.0,0.6075130453704678,0.6075130453704678,Top |rho| within random pair sample; not global full-market top edge
2026-09-03,252,300168.XSHE,300168,万达信息,688060.XSHG,688060,云涌科技,252,1.0,0.6072649803809766,0.6072649803809766,Top |rho| within random pair sample; not global full-market top edge
2026-09-03,252,000868.XSHE,000868,安凯客车,603073.XSHG,603073,彩蝶实业,252,1.0,0.6072139420399534,0.6072139420399534,Top |rho| within random pair sample; not global full-market top edge
2026-09-03,252,002178.XSHE,002178,延华智能,002712.XSHE,002712,思美传媒,252,1.0,0.607133836958212,0.607133836958212,Top |rho| within random pair sample; not global full-market top edge
2026-09-03,252,300387.XSHE,300387,富邦科技,603357.XSHG,603357,设计总院,252,1.0,0.6064396555563454,0.6064396555563454,Top |rho| within random pair sample; not global full-market top edge
2026-09-03,252,300823.XSHE,300823,建科智能,688633.XSHG,688633,星球石墨,252,1.0,0.6060974544730381,0.6060974544730381,Top |rho| within random pair sample; not global full-market top edge
2026-09-03,252,002389.XSHE,002389,航天彩虹,302132.XSHE,302132,中航成飞,252,1.0,0.605073285806439,0.605073285806439,Top |rho| within random pair sample; not global full-market top edge
2026-09-03,252,301167.XSHE,301167,建研设计,688529.XSHG,688529,豪森智能,252,1.0,0.6046722786481411,0.6046722786481411,Top |rho| within random pair sample; not global full-market top edge
2026-09-03,252,300942.XSHE,300942,易瑞生物,600099.XSHG,600099,林海股份,252,1.0,0.604665174560923,0.604665174560923,Top |rho| within random pair sample; not global full-market top edge
2026-09-03,252,300439.XSHE,300439,美康生物,301558.XSHE,301558,三态股份,252,1.0,0.6038922114927939,0.6038922114927939,Top |rho| within random pair sample; not global full-market top edge
2026-09-03,252,300743.XSHE,300743,天地数码,301167.XSHE,301167,建研设计,252,1.0,0.6026347577126556,0.6026347577126556,Top |rho| within random pair sample; not global full-market top edge
2026-09-03,252,002627.XSHE,002627,三峡旅游,600054.XSHG,600054,黄山旅游,252,1.0,0.6013643930924562,0.6013643930924562,Top |rho| within random pair sample; not global full-market top edge
2026-09-03,252,002019.XSHE,002019,亿帆医药,688468.XSHG,688468,科美诊断,252,1.0,0.599982281760911,0.599982281760911,Top |rho| within random pair sample; not global full-market top edge
2026-09-03,252,300971.XSHE,300971,博亚精工,301006.XSHE,301006,迈拓股份,252,1.0,0.5999212342985809,0.5999212342985809,Top |rho| within random pair sample; not global full-market top edge
2026-09-03,252,002080.XSHE,002080,中材科技,600237.XSHG,600237,铜峰电子,252,1.0,0.5996324399371564,0.5996324399371564,Top |rho| within random pair sample; not global full-market top edge
2026-09-03,252,000652.XSHE,000652,泰达股份,600533.XSHG,600533,栖霞建设,252,1.0,0.5987868160849652,0.5987868160849652,Top |rho| within random pair sample; not global full-market top edge
2026-09-03,252,003025.XSHE,003025,思进智能,003028.XSHE,003028,振邦智能,252,1.0,0.5985092713285606,0.5985092713285606,Top |rho| within random pair sample; not global full-market top edge
2026-09-03,252,000560.XSHE,000560,我爱我家,600649.XSHG,600649,城投控股,252,1.0,0.5977151875299203,0.5977151875299203,Top |rho| within random pair sample; not global full-market top edge
2026-09-03,252,002387.XSHE,002387,维信诺,300545.XSHE,300545,联得装备,246,0.9761904761904762,0.5974702485689266,0.5974702485689266,Top |rho| within random pair sample; not global full-market top edge
2026-09-03,252,301037.XSHE,301037,保立佳,603332.XSHG,603332,苏州龙杰,252,1.0,0.5963021528229434,0.5963021528229434,Top |rho| within random pair sample; not global full-market top edge
2026-09-03,252,300015.XSHE,300015,爱尔眼科,301103.XSHE,301103,何氏眼科,252,1.0,0.5946310234793543,0.5946310234793543,Top |rho| within random pair sample; not global full-market top edge
2026-09-03,252,300571.XSHE,300571,平治信息,603220.XSHG,603220,中贝通信,252,1.0,0.5944718466875191,0.5944718466875191,Top |rho| within random pair sample; not global full-market top edge
2026-09-03,252,002497.XSHE,002497,雅化集团,300919.XSHE,300919,中伟新材,252,1.0,0.5916253811755945,0.5916253811755945,Top |rho| within random pair sample; not global full-market top edge
2026-09-03,252,002381.XSHE,002381,双箭股份,603048.XSHG,603048,浙江黎明,252,1.0,0.5900490752424169,0.5900490752424169,Top |rho| within random pair sample; not global full-market top edge
2026-09-03,252,002873.XSHE,002873,新天药业,600561.XSHG,600561,江西长运,252,1.0,0.5898975977617201,0.5898975977617201,Top |rho| within random pair sample; not global full-market top edge
2026-09-03,252,001201.XSHE,001201,东瑞股份,002646.XSHE,002646,天佑德酒,252,1.0,0.5890785633812932,0.5890785633812932,Top |rho| within random pair sample; not global full-market top edge
2026-09-03,252,002495.XSHE,002495,佳隆股份,600822.XSHG,600822,上海物贸,252,1.0,0.5873662683892277,0.5873662683892277,Top |rho| within random pair sample; not global full-market top edge
2026-09-03,252,300040.XSHE,300040,九洲集团,301609.XSHE,301609,山大电力,252,1.0,0.5869170749411717,0.5869170749411717,Top |rho| within random pair sample; not global full-market top edge
2026-09-03,252,000812.XSHE,000812,陕西金叶,002535.XSHE,002535,林州重机,252,1.0,0.586699169306739,0.586699169306739,Top |rho| within random pair sample; not global full-market top edge
2026-09-03,252,000636.XSHE,000636,风华高科,600237.XSHG,600237,铜峰电子,252,1.0,0.586324592000279,0.586324592000279,Top |rho| within random pair sample; not global full-market top edge
2026-09-03,252,002590.XSHE,002590,万安科技,603305.XSHG,603305,旭升集团,249,0.9880952380952381,0.5855788555534327,0.5855788555534327,Top |rho| within random pair sample; not global full-market top edge
2026-09-03,252,300682.XSHE,300682,朗新科技,603927.XSHG,603927,中科软,252,1.0,0.5825896089624099,0.5825896089624099,Top |rho| within random pair sample; not global full-market top edge
2026-09-03,252,001379.XSHE,001379,腾达科技,300150.XSHE,300150,世纪瑞尔,252,1.0,0.5821320546369235,0.5821320546369235,Top |rho| within random pair sample; not global full-market top edge
