analysis,alpha,bootstrap_id,D_star,success,convergence_warning
full_R3_R4_alpha_0.044394,0.04439426559183951,1,0.0016313153261518784,True,False
full_R3_R4_alpha_0.044394,0.04439426559183951,2,0.0018097687708253248,True,False
full_R3_R4_alpha_0.044394,0.04439426559183951,3,0.0031859550978999168,True,False
full_R3_R4_alpha_0.044394,0.04439426559183951,4,0.0018593985732328151,True,False
full_R3_R4_alpha_0.044394,0.04439426559183951,5,0.0021466499501151966,True,False
full_R3_R4_alpha_0.044394,0.04439426559183951,6,0.0019392479838955914,True,False
full_R3_R4_alpha_0.044394,0.04439426559183951,7,0.002102425059956776,True,False
full_R3_R4_alpha_0.044394,0.04439426559183951,8,0.001673471928896011,True,False
full_R3_R4_alpha_0.044394,0.04439426559183951,9,0.0011548252535846545,True,False
full_R3_R4_alpha_0.044394,0.04439426559183951,10,0.0017159076398771478,True,False
full_R3_R4_alpha_0.044394,0.04439426559183951,11,0.004050559898774653,True,False
full_R3_R4_alpha_0.044394,0.04439426559183951,12,0.0013408304980704565,True,False
full_R3_R4_alpha_0.044394,0.04439426559183951,13,0.0016410149042941137,True,False
full_R3_R4_alpha_0.044394,0.04439426559183951,14,0.002110188521044142,True,False
full_R3_R4_alpha_0.044394,0.04439426559183951,15,0.0024081755744880277,True,False
full_R3_R4_alpha_0.044394,0.04439426559183951,16,0.0020805791333831855,True,False
full_R3_R4_alpha_0.044394,0.04439426559183951,17,0.0021653276194844545,True,False
full_R3_R4_alpha_0.044394,0.04439426559183951,18,0.0022601673040097497,True,False
full_R3_R4_alpha_0.044394,0.04439426559183951,19,0.0013372552963699868,True,False
full_R3_R4_alpha_0.044394,0.04439426559183951,20,0.002236131577384662,True,False
full_R3_R4_alpha_0.044394,0.04439426559183951,21,0.00158659843195554,True,False
full_R3_R4_alpha_0.044394,0.04439426559183951,22,0.0016866030313089815,True,False
full_R3_R4_alpha_0.044394,0.04439426559183951,23,0.0021955387759832923,True,False
full_R3_R4_alpha_0.044394,0.04439426559183951,24,0.001735186504366102,True,False
full_R3_R4_alpha_0.044394,0.04439426559183951,25,0.0015371878693816144,True,False
full_R3_R4_alpha_0.044394,0.04439426559183951,26,0.0011487737608724877,True,False
full_R3_R4_alpha_0.044394,0.04439426559183951,27,0.0034335357467148516,True,False
full_R3_R4_alpha_0.044394,0.04439426559183951,28,0.0019669209870085956,True,False
full_R3_R4_alpha_0.044394,0.04439426559183951,29,0.0018234473548519765,True,False
full_R3_R4_alpha_0.044394,0.04439426559183951,30,0.0023344126015780735,True,False
full_R3_R4_alpha_0.044394,0.04439426559183951,31,0.002178388779420659,True,False
full_R3_R4_alpha_0.044394,0.04439426559183951,32,0.0031852075473218387,True,False
full_R3_R4_alpha_0.044394,0.04439426559183951,33,0.0027056112023733946,True,False
full_R3_R4_alpha_0.044394,0.04439426559183951,34,0.0028140818414748347,True,False
full_R3_R4_alpha_0.044394,0.04439426559183951,35,0.001954851077477147,True,False
full_R3_R4_alpha_0.044394,0.04439426559183951,36,0.0018923979024937675,True,False
full_R3_R4_alpha_0.044394,0.04439426559183951,37,0.001541142443024325,True,False
full_R3_R4_alpha_0.044394,0.04439426559183951,38,0.0015604367537059188,True,False
full_R3_R4_alpha_0.044394,0.04439426559183951,39,0.0019416689854447138,True,False
full_R3_R4_alpha_0.044394,0.04439426559183951,40,0.0019074627522538124,True,False
full_R3_R4_alpha_0.044394,0.04439426559183951,41,0.003733854862782336,True,False
full_R3_R4_alpha_0.044394,0.04439426559183951,42,0.002357388672323355,True,False
full_R3_R4_alpha_0.044394,0.04439426559183951,43,0.003191387451363852,True,False
full_R3_R4_alpha_0.044394,0.04439426559183951,44,0.001977652183600101,True,False
full_R3_R4_alpha_0.044394,0.04439426559183951,45,0.0032310764405500776,True,False
full_R3_R4_alpha_0.044394,0.04439426559183951,46,0.0020599291510955565,True,False
full_R3_R4_alpha_0.044394,0.04439426559183951,47,0.0022729619510131497,True,False
full_R3_R4_alpha_0.044394,0.04439426559183951,48,0.0019090178705424277,True,False
full_R3_R4_alpha_0.044394,0.04439426559183951,49,0.0020050575436784575,True,False
full_R3_R4_alpha_0.044394,0.04439426559183951,50,0.001330222924755508,True,False
full_R3_R4_alpha_0.044394,0.04439426559183951,51,0.001806795715247606,True,False
full_R3_R4_alpha_0.044394,0.04439426559183951,52,0.0029628556165012835,True,False
full_R3_R4_alpha_0.044394,0.04439426559183951,53,0.001895604585767785,True,False
full_R3_R4_alpha_0.044394,0.04439426559183951,54,0.00338640105663218,True,False
full_R3_R4_alpha_0.044394,0.04439426559183951,55,0.0018583584738114934,True,False
full_R3_R4_alpha_0.044394,0.04439426559183951,56,0.00134866541040062,True,False
full_R3_R4_alpha_0.044394,0.04439426559183951,57,0.0020552226085444702,True,False
full_R3_R4_alpha_0.044394,0.04439426559183951,58,0.002734400633100484,True,False
full_R3_R4_alpha_0.044394,0.04439426559183951,59,0.002371780953205523,True,False
full_R3_R4_alpha_0.044394,0.04439426559183951,60,0.0021678754801489194,True,False
full_R3_R4_alpha_0.044394,0.04439426559183951,61,0.002011643806252889,True,False
full_R3_R4_alpha_0.044394,0.04439426559183951,62,0.002363053252859582,True,False
full_R3_R4_alpha_0.044394,0.04439426559183951,63,0.0010622766660663503,True,False
full_R3_R4_alpha_0.044394,0.04439426559183951,64,0.0022523834350291257,True,False
full_R3_R4_alpha_0.044394,0.04439426559183951,65,0.0015646545206950766,True,False
full_R3_R4_alpha_0.044394,0.04439426559183951,66,0.002242888946612759,True,False
full_R3_R4_alpha_0.044394,0.04439426559183951,67,0.0016522292638215686,True,False
full_R3_R4_alpha_0.044394,0.04439426559183951,68,0.0014817448372217853,True,False
full_R3_R4_alpha_0.044394,0.04439426559183951,69,0.0018714865035402385,True,False
full_R3_R4_alpha_0.044394,0.04439426559183951,70,0.0017804264115409644,True,False
full_R3_R4_alpha_0.044394,0.04439426559183951,71,0.0017045091955649617,True,False
full_R3_R4_alpha_0.044394,0.04439426559183951,72,0.002232857644524684,True,False
full_R3_R4_alpha_0.044394,0.04439426559183951,73,0.00195404447177617,True,False
full_R3_R4_alpha_0.044394,0.04439426559183951,74,0.001354584369489384,True,False
full_R3_R4_alpha_0.044394,0.04439426559183951,75,0.002837573997944551,True,False
full_R3_R4_alpha_0.044394,0.04439426559183951,76,0.001625961135096527,True,False
full_R3_R4_alpha_0.044394,0.04439426559183951,77,0.002028360686679524,True,False
full_R3_R4_alpha_0.044394,0.04439426559183951,78,0.0016384943246143767,True,False
full_R3_R4_alpha_0.044394,0.04439426559183951,79,0.001655249722741718,True,False
full_R3_R4_alpha_0.044394,0.04439426559183951,80,0.0019963335107044877,True,False
full_R3_R4_alpha_0.044394,0.04439426559183951,81,0.002988899028177215,True,False
full_R3_R4_alpha_0.044394,0.04439426559183951,82,0.002360879964604152,True,False
full_R3_R4_alpha_0.044394,0.04439426559183951,83,0.0033329614730829623,True,False
full_R3_R4_alpha_0.044394,0.04439426559183951,84,0.0017615680813749207,True,False
full_R3_R4_alpha_0.044394,0.04439426559183951,85,0.0022082930922623133,True,False
full_R3_R4_alpha_0.044394,0.04439426559183951,86,0.0021498969906898185,True,False
full_R3_R4_alpha_0.044394,0.04439426559183951,87,0.0015943418763406125,True,False
full_R3_R4_alpha_0.044394,0.04439426559183951,88,0.002403603846998162,True,False
full_R3_R4_alpha_0.044394,0.04439426559183951,89,0.0015301594264844546,True,False
full_R3_R4_alpha_0.044394,0.04439426559183951,90,0.0013282739698963362,True,False
full_R3_R4_alpha_0.044394,0.04439426559183951,91,0.0016396423715496825,True,False
full_R3_R4_alpha_0.044394,0.04439426559183951,92,0.001857420313830998,True,False
full_R3_R4_alpha_0.044394,0.04439426559183951,93,0.0020583479332882976,True,False
full_R3_R4_alpha_0.044394,0.04439426559183951,94,0.0019535136809034105,True,False
full_R3_R4_alpha_0.044394,0.04439426559183951,95,0.002118170199145208,True,False
full_R3_R4_alpha_0.044394,0.04439426559183951,96,0.001774633201246343,True,False
full_R3_R4_alpha_0.044394,0.04439426559183951,97,0.002414106333000891,True,False
full_R3_R4_alpha_0.044394,0.04439426559183951,98,0.0020200251930259003,True,False
full_R3_R4_alpha_0.044394,0.04439426559183951,99,0.002314610956841202,True,False
full_R3_R4_alpha_0.044394,0.04439426559183951,100,0.002131871179524399,True,False
full_R3_R4_alpha_0.044394,0.04439426559183951,101,0.0019330624342223472,True,False
full_R3_R4_alpha_0.044394,0.04439426559183951,102,0.002290591117127309,True,False
full_R3_R4_alpha_0.044394,0.04439426559183951,103,0.0021485021838643288,True,False
full_R3_R4_alpha_0.044394,0.04439426559183951,104,0.002413787660304165,True,False
full_R3_R4_alpha_0.044394,0.04439426559183951,105,0.002431790277919452,True,False
full_R3_R4_alpha_0.044394,0.04439426559183951,106,0.0021139602371814587,True,False
full_R3_R4_alpha_0.044394,0.04439426559183951,107,0.0014039274580878696,True,False
full_R3_R4_alpha_0.044394,0.04439426559183951,108,0.0020500555079566193,True,False
full_R3_R4_alpha_0.044394,0.04439426559183951,109,0.0014746643578494578,True,False
full_R3_R4_alpha_0.044394,0.04439426559183951,110,0.0019700839521020995,True,False
full_R3_R4_alpha_0.044394,0.04439426559183951,111,0.0018510257856637759,True,False
full_R3_R4_alpha_0.044394,0.04439426559183951,112,0.0019780968406294163,True,False
full_R3_R4_alpha_0.044394,0.04439426559183951,113,0.0026410943554548883,True,False
full_R3_R4_alpha_0.044394,0.04439426559183951,114,0.0019346590581298124,True,False
full_R3_R4_alpha_0.044394,0.04439426559183951,115,0.002048193657671649,True,False
full_R3_R4_alpha_0.044394,0.04439426559183951,116,0.0019526655439984191,True,False
full_R3_R4_alpha_0.044394,0.04439426559183951,117,0.0020757266001803615,True,False
full_R3_R4_alpha_0.044394,0.04439426559183951,118,0.0015015959385597417,True,False
full_R3_R4_alpha_0.044394,0.04439426559183951,119,0.0015816186689369734,True,False
full_R3_R4_alpha_0.044394,0.04439426559183951,120,0.0018230566850367864,True,False
full_R3_R4_alpha_0.044394,0.04439426559183951,121,0.0023580676579025585,True,False
full_R3_R4_alpha_0.044394,0.04439426559183951,122,0.0016114435312510793,True,False
full_R3_R4_alpha_0.044394,0.04439426559183951,123,0.001673617340914212,True,False
full_R3_R4_alpha_0.044394,0.04439426559183951,124,0.002354473256315864,True,False
full_R3_R4_alpha_0.044394,0.04439426559183951,125,0.0020938218709075475,True,False
full_R3_R4_alpha_0.044394,0.04439426559183951,126,0.0023064612459319407,True,False
full_R3_R4_alpha_0.044394,0.04439426559183951,127,0.001973699238423609,True,False
full_R3_R4_alpha_0.044394,0.04439426559183951,128,0.00267395628610058,True,False
full_R3_R4_alpha_0.044394,0.04439426559183951,129,0.001970644714782062,True,False
full_R3_R4_alpha_0.044394,0.04439426559183951,130,0.002165764647899725,True,False
full_R3_R4_alpha_0.044394,0.04439426559183951,131,0.0029762281455513744,True,False
full_R3_R4_alpha_0.044394,0.04439426559183951,132,0.0030430451504206905,True,False
full_R3_R4_alpha_0.044394,0.04439426559183951,133,0.00235237939793859,True,False
full_R3_R4_alpha_0.044394,0.04439426559183951,134,0.001142409494657733,True,False
full_R3_R4_alpha_0.044394,0.04439426559183951,135,0.00178162243517844,True,False
full_R3_R4_alpha_0.044394,0.04439426559183951,136,0.0022253765574515093,True,False
full_R3_R4_alpha_0.044394,0.04439426559183951,137,0.0025767358751117653,True,False
full_R3_R4_alpha_0.044394,0.04439426559183951,138,0.0016180637779098519,True,False
full_R3_R4_alpha_0.044394,0.04439426559183951,139,0.0024201986873925154,True,False
full_R3_R4_alpha_0.044394,0.04439426559183951,140,0.0018998641747463357,True,False
full_R3_R4_alpha_0.044394,0.04439426559183951,141,0.002136870371203312,True,False
full_R3_R4_alpha_0.044394,0.04439426559183951,142,0.002171447296699768,True,False
full_R3_R4_alpha_0.044394,0.04439426559183951,143,0.002252230450471454,True,False
full_R3_R4_alpha_0.044394,0.04439426559183951,144,0.0018038502950416297,True,False
full_R3_R4_alpha_0.044394,0.04439426559183951,145,0.002862367710407652,True,False
full_R3_R4_alpha_0.044394,0.04439426559183951,146,0.001954088789826325,True,False
full_R3_R4_alpha_0.044394,0.04439426559183951,147,0.0013280636759328878,True,False
full_R3_R4_alpha_0.044394,0.04439426559183951,148,0.001546155509818456,True,False
full_R3_R4_alpha_0.044394,0.04439426559183951,149,0.0017458426558119896,True,False
full_R3_R4_alpha_0.044394,0.04439426559183951,150,0.0018222461048254684,True,False
full_R3_R4_alpha_0.044394,0.04439426559183951,151,0.0026721619823275432,True,False
full_R3_R4_alpha_0.044394,0.04439426559183951,152,0.002399626725615215,True,False
full_R3_R4_alpha_0.044394,0.04439426559183951,153,0.0018306278711183873,True,False
full_R3_R4_alpha_0.044394,0.04439426559183951,154,0.0014659551064724107,True,False
full_R3_R4_alpha_0.044394,0.04439426559183951,155,0.0012213180020032076,True,False
full_R3_R4_alpha_0.044394,0.04439426559183951,156,0.0021467556070927764,True,False
full_R3_R4_alpha_0.044394,0.04439426559183951,157,0.0028061605060771453,True,False
full_R3_R4_alpha_0.044394,0.04439426559183951,158,0.002406599557784938,True,False
full_R3_R4_alpha_0.044394,0.04439426559183951,159,0.002258353404126393,True,False
full_R3_R4_alpha_0.044394,0.04439426559183951,160,0.002049983269230557,True,False
full_R3_R4_alpha_0.044394,0.04439426559183951,161,0.0014473821224693136,True,False
full_R3_R4_alpha_0.044394,0.04439426559183951,162,0.0015905717423686518,True,False
full_R3_R4_alpha_0.044394,0.04439426559183951,163,0.0028230473430090174,True,False
full_R3_R4_alpha_0.044394,0.04439426559183951,164,0.0018151972668705595,True,False
full_R3_R4_alpha_0.044394,0.04439426559183951,165,0.001533648213177629,True,False
full_R3_R4_alpha_0.044394,0.04439426559183951,166,0.0015124760981528246,True,False
full_R3_R4_alpha_0.044394,0.04439426559183951,167,0.0020314363567853844,True,False
full_R3_R4_alpha_0.044394,0.04439426559183951,168,0.002103527870855078,True,False
full_R3_R4_alpha_0.044394,0.04439426559183951,169,0.0021854472444581834,True,False
full_R3_R4_alpha_0.044394,0.04439426559183951,170,0.002661130140814489,True,False
full_R3_R4_alpha_0.044394,0.04439426559183951,171,0.002825303438355127,True,False
full_R3_R4_alpha_0.044394,0.04439426559183951,172,0.0020177812002387186,True,False
full_R3_R4_alpha_0.044394,0.04439426559183951,173,0.0017369448022303965,True,False
full_R3_R4_alpha_0.044394,0.04439426559183951,174,0.0022137704267703555,True,False
full_R3_R4_alpha_0.044394,0.04439426559183951,175,0.0012951134924442528,True,False
full_R3_R4_alpha_0.044394,0.04439426559183951,176,0.0020869257382060474,True,False
full_R3_R4_alpha_0.044394,0.04439426559183951,177,0.0026553915411025955,True,False
full_R3_R4_alpha_0.044394,0.04439426559183951,178,0.0016578664239931418,True,False
full_R3_R4_alpha_0.044394,0.04439426559183951,179,0.0016358093899282993,True,False
full_R3_R4_alpha_0.044394,0.04439426559183951,180,0.0025173717598189044,True,False
full_R3_R4_alpha_0.044394,0.04439426559183951,181,0.002174879495503319,True,False
full_R3_R4_alpha_0.044394,0.04439426559183951,182,0.002121877520154935,True,False
full_R3_R4_alpha_0.044394,0.04439426559183951,183,0.002307126319092329,True,False
full_R3_R4_alpha_0.044394,0.04439426559183951,184,0.0026222671281752024,True,False
full_R3_R4_alpha_0.044394,0.04439426559183951,185,0.001867824734103117,True,False
full_R3_R4_alpha_0.044394,0.04439426559183951,186,0.0022093687104042365,True,False
full_R3_R4_alpha_0.044394,0.04439426559183951,187,0.001778856838679363,True,False
full_R3_R4_alpha_0.044394,0.04439426559183951,188,0.0013516689428007126,True,False
full_R3_R4_alpha_0.044394,0.04439426559183951,189,0.0018959309213566944,True,False
full_R3_R4_alpha_0.044394,0.04439426559183951,190,0.0015331313436657641,True,False
full_R3_R4_alpha_0.044394,0.04439426559183951,191,0.0017664558950247346,True,False
full_R3_R4_alpha_0.044394,0.04439426559183951,192,0.0027436413531033883,True,False
full_R3_R4_alpha_0.044394,0.04439426559183951,193,0.002266179475756461,True,False
full_R3_R4_alpha_0.044394,0.04439426559183951,194,0.002134048423543334,True,False
full_R3_R4_alpha_0.044394,0.04439426559183951,195,0.002294449303421229,True,False
full_R3_R4_alpha_0.044394,0.04439426559183951,196,0.0020538449771767093,True,False
full_R3_R4_alpha_0.044394,0.04439426559183951,197,0.002679967794527602,True,False
full_R3_R4_alpha_0.044394,0.04439426559183951,198,0.0019133318813732035,True,False
full_R3_R4_alpha_0.044394,0.04439426559183951,199,0.0021583402736057716,True,False
full_R3_R4_alpha_0.044394,0.04439426559183951,200,0.002409751850917536,True,False
full_R3_R4_alpha_0.044394,0.04439426559183951,201,0.0024575190504053422,True,False
full_R3_R4_alpha_0.044394,0.04439426559183951,202,0.002484768803192834,True,False
full_R3_R4_alpha_0.044394,0.04439426559183951,203,0.0017195174724247491,True,False
full_R3_R4_alpha_0.044394,0.04439426559183951,204,0.002994139072564678,True,False
full_R3_R4_alpha_0.044394,0.04439426559183951,205,0.0018993639698629448,True,False
full_R3_R4_alpha_0.044394,0.04439426559183951,206,0.003766530566059125,True,False
full_R3_R4_alpha_0.044394,0.04439426559183951,207,0.0015670287898853072,True,False
full_R3_R4_alpha_0.044394,0.04439426559183951,208,0.0020079762608412183,True,False
full_R3_R4_alpha_0.044394,0.04439426559183951,209,0.002722098190529409,True,False
full_R3_R4_alpha_0.044394,0.04439426559183951,210,0.0019053316936095848,True,False
full_R3_R4_alpha_0.044394,0.04439426559183951,211,0.0018032917246970591,True,False
full_R3_R4_alpha_0.044394,0.04439426559183951,212,0.0019078421327131628,True,False
full_R3_R4_alpha_0.044394,0.04439426559183951,213,0.0024199452141969416,True,False
full_R3_R4_alpha_0.044394,0.04439426559183951,214,0.0025274968659529645,True,False
full_R3_R4_alpha_0.044394,0.04439426559183951,215,0.0029574849007495576,True,False
full_R3_R4_alpha_0.044394,0.04439426559183951,216,0.002071168139505752,True,False
full_R3_R4_alpha_0.044394,0.04439426559183951,217,0.002688897456026572,True,False
full_R3_R4_alpha_0.044394,0.04439426559183951,218,0.001836872684922667,True,False
full_R3_R4_alpha_0.044394,0.04439426559183951,219,0.0018289437847727593,True,False
full_R3_R4_alpha_0.044394,0.04439426559183951,220,0.0019369263912364324,True,False
full_R3_R4_alpha_0.044394,0.04439426559183951,221,0.0015009824811802676,True,False
full_R3_R4_alpha_0.044394,0.04439426559183951,222,0.0018504182760544431,True,False
full_R3_R4_alpha_0.044394,0.04439426559183951,223,0.0015598654326302083,True,False
full_R3_R4_alpha_0.044394,0.04439426559183951,224,0.0012942607224333375,True,False
full_R3_R4_alpha_0.044394,0.04439426559183951,225,0.0018265206966000338,True,False
full_R3_R4_alpha_0.044394,0.04439426559183951,226,0.0018358842763351157,True,False
full_R3_R4_alpha_0.044394,0.04439426559183951,227,0.0014869165597821375,True,False
full_R3_R4_alpha_0.044394,0.04439426559183951,228,0.0018867790633221955,True,False
full_R3_R4_alpha_0.044394,0.04439426559183951,229,0.0018962291555366438,True,False
full_R3_R4_alpha_0.044394,0.04439426559183951,230,0.002191419788428447,True,False
full_R3_R4_alpha_0.044394,0.04439426559183951,231,0.002227263440059317,True,False
full_R3_R4_alpha_0.044394,0.04439426559183951,232,0.0018901419706401177,True,False
full_R3_R4_alpha_0.044394,0.04439426559183951,233,0.0019736761453546694,True,False
full_R3_R4_alpha_0.044394,0.04439426559183951,234,0.0023907583494687853,True,False
full_R3_R4_alpha_0.044394,0.04439426559183951,235,0.0017506641133671187,True,False
full_R3_R4_alpha_0.044394,0.04439426559183951,236,0.0021579511135880174,True,False
full_R3_R4_alpha_0.044394,0.04439426559183951,237,0.002204582058624399,True,False
full_R3_R4_alpha_0.044394,0.04439426559183951,238,0.001431373636936525,True,False
full_R3_R4_alpha_0.044394,0.04439426559183951,239,0.0029440048110312158,True,False
full_R3_R4_alpha_0.044394,0.04439426559183951,240,0.0016249508876613303,True,False
full_R3_R4_alpha_0.044394,0.04439426559183951,241,0.0017011951777248663,True,False
full_R3_R4_alpha_0.044394,0.04439426559183951,242,0.002045312461860753,True,False
full_R3_R4_alpha_0.044394,0.04439426559183951,243,0.002403848992348973,True,False
full_R3_R4_alpha_0.044394,0.04439426559183951,244,0.002539421917884169,True,False
full_R3_R4_alpha_0.044394,0.04439426559183951,245,0.0026228428744028355,True,False
full_R3_R4_alpha_0.044394,0.04439426559183951,246,0.002663791113954814,True,False
full_R3_R4_alpha_0.044394,0.04439426559183951,247,0.003286696764153566,True,False
full_R3_R4_alpha_0.044394,0.04439426559183951,248,0.0022769770425018357,True,False
full_R3_R4_alpha_0.044394,0.04439426559183951,249,0.0012846643932577994,True,False
full_R3_R4_alpha_0.044394,0.04439426559183951,250,0.0019588283931761784,True,False
full_R3_R4_alpha_0.044394,0.04439426559183951,251,0.002499649689475179,True,False
full_R3_R4_alpha_0.044394,0.04439426559183951,252,0.0027957657969451236,True,False
full_R3_R4_alpha_0.044394,0.04439426559183951,253,0.0012033760131058122,True,False
full_R3_R4_alpha_0.044394,0.04439426559183951,254,0.0018022608139138978,True,False
full_R3_R4_alpha_0.044394,0.04439426559183951,255,0.0017483203899179927,True,False
full_R3_R4_alpha_0.044394,0.04439426559183951,256,0.0017894848512883515,True,False
full_R3_R4_alpha_0.044394,0.04439426559183951,257,0.00209013474355873,True,False
full_R3_R4_alpha_0.044394,0.04439426559183951,258,0.0019481390688145413,True,False
full_R3_R4_alpha_0.044394,0.04439426559183951,259,0.001415035390201079,True,False
full_R3_R4_alpha_0.044394,0.04439426559183951,260,0.002862651377134479,True,False
full_R3_R4_alpha_0.044394,0.04439426559183951,261,0.0021738372472372256,True,False
full_R3_R4_alpha_0.044394,0.04439426559183951,262,0.002213986756762945,True,False
full_R3_R4_alpha_0.044394,0.04439426559183951,263,0.0021821063079240496,True,False
full_R3_R4_alpha_0.044394,0.04439426559183951,264,0.0015082455955461925,True,False
full_R3_R4_alpha_0.044394,0.04439426559183951,265,0.0019143248226826512,True,False
full_R3_R4_alpha_0.044394,0.04439426559183951,266,0.0021883699958343008,True,False
full_R3_R4_alpha_0.044394,0.04439426559183951,267,0.0016146976324739944,True,False
full_R3_R4_alpha_0.044394,0.04439426559183951,268,0.0021261468023157995,True,False
full_R3_R4_alpha_0.044394,0.04439426559183951,269,0.0021621266134509067,True,False
full_R3_R4_alpha_0.044394,0.04439426559183951,270,0.0021072077748640764,True,False
full_R3_R4_alpha_0.044394,0.04439426559183951,271,0.0018084352079155643,True,False
full_R3_R4_alpha_0.044394,0.04439426559183951,272,0.0025855587927119577,True,False
full_R3_R4_alpha_0.044394,0.04439426559183951,273,0.002947073848860623,True,False
full_R3_R4_alpha_0.044394,0.04439426559183951,274,0.001757591772677941,True,False
full_R3_R4_alpha_0.044394,0.04439426559183951,275,0.0014256003320101717,True,False
full_R3_R4_alpha_0.044394,0.04439426559183951,276,0.0028857561019658582,True,False
full_R3_R4_alpha_0.044394,0.04439426559183951,277,0.0020490641238458457,True,False
full_R3_R4_alpha_0.044394,0.04439426559183951,278,0.0021072974164996284,True,False
full_R3_R4_alpha_0.044394,0.04439426559183951,279,0.0021563942629169415,True,False
full_R3_R4_alpha_0.044394,0.04439426559183951,280,0.002766007359040039,True,False
full_R3_R4_alpha_0.044394,0.04439426559183951,281,0.0014940074991417677,True,False
full_R3_R4_alpha_0.044394,0.04439426559183951,282,0.0025820909957597455,True,False
full_R3_R4_alpha_0.044394,0.04439426559183951,283,0.001910911003340128,True,False
full_R3_R4_alpha_0.044394,0.04439426559183951,284,0.0017687045386583222,True,False
full_R3_R4_alpha_0.044394,0.04439426559183951,285,0.0026182047010850583,True,False
full_R3_R4_alpha_0.044394,0.04439426559183951,286,0.0016214870352399579,True,False
full_R3_R4_alpha_0.044394,0.04439426559183951,287,0.0025383073264564357,True,False
full_R3_R4_alpha_0.044394,0.04439426559183951,288,0.0014617228200019476,True,False
full_R3_R4_alpha_0.044394,0.04439426559183951,289,0.0023714144980884148,True,False
full_R3_R4_alpha_0.044394,0.04439426559183951,290,0.001441328549002701,True,False
full_R3_R4_alpha_0.044394,0.04439426559183951,291,0.00194243973743854,True,False
full_R3_R4_alpha_0.044394,0.04439426559183951,292,0.0021743409315607663,True,False
full_R3_R4_alpha_0.044394,0.04439426559183951,293,0.00208190708724813,True,False
full_R3_R4_alpha_0.044394,0.04439426559183951,294,0.0027077965552574808,True,False
full_R3_R4_alpha_0.044394,0.04439426559183951,295,0.0027820553811437384,True,False
full_R3_R4_alpha_0.044394,0.04439426559183951,296,0.002115892399820111,True,False
full_R3_R4_alpha_0.044394,0.04439426559183951,297,0.001871703742028033,True,False
full_R3_R4_alpha_0.044394,0.04439426559183951,298,0.001306161352042108,True,False
full_R3_R4_alpha_0.044394,0.04439426559183951,299,0.0019505231901432397,True,False
full_R3_R4_alpha_0.044394,0.04439426559183951,300,0.001621414411009045,True,False
full_R3_R4_alpha_0.044394,0.04439426559183951,301,0.002274467837980557,True,False
full_R3_R4_alpha_0.044394,0.04439426559183951,302,0.0023866712504674193,True,False
full_R3_R4_alpha_0.044394,0.04439426559183951,303,0.002416385493416846,True,False
full_R3_R4_alpha_0.044394,0.04439426559183951,304,0.002315390692144604,True,False
full_R3_R4_alpha_0.044394,0.04439426559183951,305,0.002069665514006687,True,False
full_R3_R4_alpha_0.044394,0.04439426559183951,306,0.0014220843025653097,True,False
full_R3_R4_alpha_0.044394,0.04439426559183951,307,0.0017666354997284525,True,False
full_R3_R4_alpha_0.044394,0.04439426559183951,308,0.0019577264045998756,True,False
full_R3_R4_alpha_0.044394,0.04439426559183951,309,0.001697668542828207,True,False
full_R3_R4_alpha_0.044394,0.04439426559183951,310,0.001902974044587399,True,False
full_R3_R4_alpha_0.044394,0.04439426559183951,311,0.002313256482817161,True,False
full_R3_R4_alpha_0.044394,0.04439426559183951,312,0.002190608673072805,True,False
full_R3_R4_alpha_0.044394,0.04439426559183951,313,0.0016042368650063755,True,False
full_R3_R4_alpha_0.044394,0.04439426559183951,314,0.0018111454286110459,True,False
full_R3_R4_alpha_0.044394,0.04439426559183951,315,0.0018692505394887707,True,False
full_R3_R4_alpha_0.044394,0.04439426559183951,316,0.0016444183347107159,True,False
full_R3_R4_alpha_0.044394,0.04439426559183951,317,0.0019331566207040863,True,False
full_R3_R4_alpha_0.044394,0.04439426559183951,318,0.0025251962568785613,True,False
full_R3_R4_alpha_0.044394,0.04439426559183951,319,0.001787260937765977,True,False
full_R3_R4_alpha_0.044394,0.04439426559183951,320,0.001917263578906034,True,False
full_R3_R4_alpha_0.044394,0.04439426559183951,321,0.001933770531280321,True,False
full_R3_R4_alpha_0.044394,0.04439426559183951,322,0.0029980255384964277,True,False
full_R3_R4_alpha_0.044394,0.04439426559183951,323,0.0021392872120607627,True,False
full_R3_R4_alpha_0.044394,0.04439426559183951,324,0.0017710697710184376,True,False
full_R3_R4_alpha_0.044394,0.04439426559183951,325,0.002173898639786784,True,False
full_R3_R4_alpha_0.044394,0.04439426559183951,326,0.0022342634648815354,True,False
full_R3_R4_alpha_0.044394,0.04439426559183951,327,0.0020979725609349582,True,False
full_R3_R4_alpha_0.044394,0.04439426559183951,328,0.0021989759640092714,True,False
full_R3_R4_alpha_0.044394,0.04439426559183951,329,0.0018459978528452055,True,False
full_R3_R4_alpha_0.044394,0.04439426559183951,330,0.0031665497502748664,True,False
full_R3_R4_alpha_0.044394,0.04439426559183951,331,0.0018915815739601687,True,False
full_R3_R4_alpha_0.044394,0.04439426559183951,332,0.0027327803945858976,True,False
full_R3_R4_alpha_0.044394,0.04439426559183951,333,0.0029017004610812453,True,False
full_R3_R4_alpha_0.044394,0.04439426559183951,334,0.004082881470965159,True,False
full_R3_R4_alpha_0.044394,0.04439426559183951,335,0.0017162634420435073,True,False
full_R3_R4_alpha_0.044394,0.04439426559183951,336,0.0016068537635490511,True,False
full_R3_R4_alpha_0.044394,0.04439426559183951,337,0.0023133171628938265,True,False
full_R3_R4_alpha_0.044394,0.04439426559183951,338,0.0024603643125674724,True,False
full_R3_R4_alpha_0.044394,0.04439426559183951,339,0.002358713791442501,True,False
full_R3_R4_alpha_0.044394,0.04439426559183951,340,0.002345260124607523,True,False
full_R3_R4_alpha_0.044394,0.04439426559183951,341,0.001904089509547382,True,False
full_R3_R4_alpha_0.044394,0.04439426559183951,342,0.0014374524168597352,True,False
full_R3_R4_alpha_0.044394,0.04439426559183951,343,0.002104754199935015,True,False
full_R3_R4_alpha_0.044394,0.04439426559183951,344,0.0017152924693677354,True,False
full_R3_R4_alpha_0.044394,0.04439426559183951,345,0.0021769116899671994,True,False
full_R3_R4_alpha_0.044394,0.04439426559183951,346,0.0018585421227592875,True,False
full_R3_R4_alpha_0.044394,0.04439426559183951,347,0.0023607117716205497,True,False
full_R3_R4_alpha_0.044394,0.04439426559183951,348,0.0019271210792668012,True,False
full_R3_R4_alpha_0.044394,0.04439426559183951,349,0.001571453174059985,True,False
full_R3_R4_alpha_0.044394,0.04439426559183951,350,0.001994669447306198,True,False
full_R3_R4_alpha_0.044394,0.04439426559183951,351,0.0018052149763802818,True,False
full_R3_R4_alpha_0.044394,0.04439426559183951,352,0.0026652629247552614,True,False
full_R3_R4_alpha_0.044394,0.04439426559183951,353,0.001942694228661705,True,False
full_R3_R4_alpha_0.044394,0.04439426559183951,354,0.0020222332477237825,True,False
full_R3_R4_alpha_0.044394,0.04439426559183951,355,0.0012552506938847364,True,False
full_R3_R4_alpha_0.044394,0.04439426559183951,356,0.0013838944728405528,True,False
full_R3_R4_alpha_0.044394,0.04439426559183951,357,0.0023167262225870272,True,False
full_R3_R4_alpha_0.044394,0.04439426559183951,358,0.002179731871016097,True,False
full_R3_R4_alpha_0.044394,0.04439426559183951,359,0.001824994450237306,True,False
full_R3_R4_alpha_0.044394,0.04439426559183951,360,0.0029237940219528826,True,False
full_R3_R4_alpha_0.044394,0.04439426559183951,361,0.0025225562039145476,True,False
full_R3_R4_alpha_0.044394,0.04439426559183951,362,0.0017339488712034556,True,False
full_R3_R4_alpha_0.044394,0.04439426559183951,363,0.001590778983584147,True,False
full_R3_R4_alpha_0.044394,0.04439426559183951,364,0.001688216619508658,True,False
full_R3_R4_alpha_0.044394,0.04439426559183951,365,0.0034823248278431198,True,False
full_R3_R4_alpha_0.044394,0.04439426559183951,366,0.00135979439959187,True,False
full_R3_R4_alpha_0.044394,0.04439426559183951,367,0.0029478971041477786,True,False
full_R3_R4_alpha_0.044394,0.04439426559183951,368,0.0019207906707226865,True,False
full_R3_R4_alpha_0.044394,0.04439426559183951,369,0.0016573365869264924,True,False
full_R3_R4_alpha_0.044394,0.04439426559183951,370,0.0024960067723390758,True,False
full_R3_R4_alpha_0.044394,0.04439426559183951,371,0.0020657783490011495,True,False
full_R3_R4_alpha_0.044394,0.04439426559183951,372,0.002310226995123792,True,False
full_R3_R4_alpha_0.044394,0.04439426559183951,373,0.0021984259194454295,True,False
full_R3_R4_alpha_0.044394,0.04439426559183951,374,0.0017441022843993814,True,False
full_R3_R4_alpha_0.044394,0.04439426559183951,375,0.001852042311352216,True,False
full_R3_R4_alpha_0.044394,0.04439426559183951,376,0.0020606252702666085,True,False
full_R3_R4_alpha_0.044394,0.04439426559183951,377,0.0014328581807270856,True,False
full_R3_R4_alpha_0.044394,0.04439426559183951,378,0.0016042074738418035,True,False
full_R3_R4_alpha_0.044394,0.04439426559183951,379,0.0022388960586693027,True,False
full_R3_R4_alpha_0.044394,0.04439426559183951,380,0.0017204134230278368,True,False
full_R3_R4_alpha_0.044394,0.04439426559183951,381,0.0013986119613281142,True,False
full_R3_R4_alpha_0.044394,0.04439426559183951,382,0.00276185092254012,True,False
full_R3_R4_alpha_0.044394,0.04439426559183951,383,0.002560198554466546,True,False
full_R3_R4_alpha_0.044394,0.04439426559183951,384,0.0023874305832101597,True,False
full_R3_R4_alpha_0.044394,0.04439426559183951,385,0.0012345157355846926,True,False
full_R3_R4_alpha_0.044394,0.04439426559183951,386,0.002720808888695604,True,False
full_R3_R4_alpha_0.044394,0.04439426559183951,387,0.002169303949479258,True,False
full_R3_R4_alpha_0.044394,0.04439426559183951,388,0.0019335308453564016,True,False
full_R3_R4_alpha_0.044394,0.04439426559183951,389,0.003049123687289172,True,False
full_R3_R4_alpha_0.044394,0.04439426559183951,390,0.002226520105730483,True,False
full_R3_R4_alpha_0.044394,0.04439426559183951,391,0.0016901364777034465,True,False
full_R3_R4_alpha_0.044394,0.04439426559183951,392,0.0030636257978524013,True,False
full_R3_R4_alpha_0.044394,0.04439426559183951,393,0.002410421318936882,True,False
full_R3_R4_alpha_0.044394,0.04439426559183951,394,0.0022734622945001772,True,False
full_R3_R4_alpha_0.044394,0.04439426559183951,395,0.002362688882760677,True,False
full_R3_R4_alpha_0.044394,0.04439426559183951,396,0.0019010415008247608,True,False
full_R3_R4_alpha_0.044394,0.04439426559183951,397,0.0030212009915815624,True,False
full_R3_R4_alpha_0.044394,0.04439426559183951,398,0.0019452646605900609,True,False
full_R3_R4_alpha_0.044394,0.04439426559183951,399,0.0017728615101181872,True,False
full_R3_R4_alpha_0.044394,0.04439426559183951,400,0.0021870395264229152,True,False
full_R3_R4_alpha_0.044394,0.04439426559183951,401,0.003065734428058319,True,False
full_R3_R4_alpha_0.044394,0.04439426559183951,402,0.0023819898281346973,True,False
full_R3_R4_alpha_0.044394,0.04439426559183951,403,0.0017415106318915158,True,False
full_R3_R4_alpha_0.044394,0.04439426559183951,404,0.0018124965245669674,True,False
full_R3_R4_alpha_0.044394,0.04439426559183951,405,0.002260029422415027,True,False
full_R3_R4_alpha_0.044394,0.04439426559183951,406,0.0011913630812513858,True,False
full_R3_R4_alpha_0.044394,0.04439426559183951,407,0.0020999533131883584,True,False
full_R3_R4_alpha_0.044394,0.04439426559183951,408,0.0034256967197798167,True,False
full_R3_R4_alpha_0.044394,0.04439426559183951,409,0.0026225630457797455,True,False
full_R3_R4_alpha_0.044394,0.04439426559183951,410,0.002371158330575367,True,False
full_R3_R4_alpha_0.044394,0.04439426559183951,411,0.001715979867134531,True,False
full_R3_R4_alpha_0.044394,0.04439426559183951,412,0.0017077357648154184,True,False
full_R3_R4_alpha_0.044394,0.04439426559183951,413,0.0045459692392218155,True,False
full_R3_R4_alpha_0.044394,0.04439426559183951,414,0.0016445470438224041,True,False
full_R3_R4_alpha_0.044394,0.04439426559183951,415,0.0026290370765414336,True,False
full_R3_R4_alpha_0.044394,0.04439426559183951,416,0.0015590933158566927,True,False
full_R3_R4_alpha_0.044394,0.04439426559183951,417,0.0021533627098030434,True,False
full_R3_R4_alpha_0.044394,0.04439426559183951,418,0.0023087514057633478,True,False
full_R3_R4_alpha_0.044394,0.04439426559183951,419,0.0022095880785190044,True,False
full_R3_R4_alpha_0.044394,0.04439426559183951,420,0.0014441904348055537,True,False
full_R3_R4_alpha_0.044394,0.04439426559183951,421,0.001979621308234955,True,False
full_R3_R4_alpha_0.044394,0.04439426559183951,422,0.0017065005327814103,True,False
full_R3_R4_alpha_0.044394,0.04439426559183951,423,0.0019800686823659695,True,False
full_R3_R4_alpha_0.044394,0.04439426559183951,424,0.0018347931965983677,True,False
full_R3_R4_alpha_0.044394,0.04439426559183951,425,0.0023463991797945402,True,False
full_R3_R4_alpha_0.044394,0.04439426559183951,426,0.001752721164744247,True,False
full_R3_R4_alpha_0.044394,0.04439426559183951,427,0.0015146801895721978,True,False
full_R3_R4_alpha_0.044394,0.04439426559183951,428,0.0016858772046764873,True,False
full_R3_R4_alpha_0.044394,0.04439426559183951,429,0.0021271286589185966,True,False
full_R3_R4_alpha_0.044394,0.04439426559183951,430,0.0033683211362255344,True,False
full_R3_R4_alpha_0.044394,0.04439426559183951,431,0.0014721318231171983,True,False
full_R3_R4_alpha_0.044394,0.04439426559183951,432,0.0016669792164450798,True,False
full_R3_R4_alpha_0.044394,0.04439426559183951,433,0.0018483188044632805,True,False
full_R3_R4_alpha_0.044394,0.04439426559183951,434,0.001515670443844016,True,False
full_R3_R4_alpha_0.044394,0.04439426559183951,435,0.001817168681051581,True,False
full_R3_R4_alpha_0.044394,0.04439426559183951,436,0.0029494075991975286,True,False
full_R3_R4_alpha_0.044394,0.04439426559183951,437,0.002136053004981676,True,False
full_R3_R4_alpha_0.044394,0.04439426559183951,438,0.002072219183229853,True,False
full_R3_R4_alpha_0.044394,0.04439426559183951,439,0.001365775220475122,True,False
full_R3_R4_alpha_0.044394,0.04439426559183951,440,0.001333455428325224,True,False
full_R3_R4_alpha_0.044394,0.04439426559183951,441,0.0019331332693878222,True,False
full_R3_R4_alpha_0.044394,0.04439426559183951,442,0.0014388597679146733,True,False
full_R3_R4_alpha_0.044394,0.04439426559183951,443,0.0016091464853655157,True,False
full_R3_R4_alpha_0.044394,0.04439426559183951,444,0.001656886971097365,True,False
full_R3_R4_alpha_0.044394,0.04439426559183951,445,0.0014720981326957275,True,False
full_R3_R4_alpha_0.044394,0.04439426559183951,446,0.0026961645057780766,True,False
full_R3_R4_alpha_0.044394,0.04439426559183951,447,0.0021295526157406263,True,False
full_R3_R4_alpha_0.044394,0.04439426559183951,448,0.0020736858775220134,True,False
full_R3_R4_alpha_0.044394,0.04439426559183951,449,0.0015560200268606337,True,False
full_R3_R4_alpha_0.044394,0.04439426559183951,450,0.0021881832481549556,True,False
full_R3_R4_alpha_0.044394,0.04439426559183951,451,0.001735672711185336,True,False
full_R3_R4_alpha_0.044394,0.04439426559183951,452,0.0014801762322566223,True,False
full_R3_R4_alpha_0.044394,0.04439426559183951,453,0.0022873437943085172,True,False
full_R3_R4_alpha_0.044394,0.04439426559183951,454,0.001151252383580654,True,False
full_R3_R4_alpha_0.044394,0.04439426559183951,455,0.0030719237048160387,True,False
full_R3_R4_alpha_0.044394,0.04439426559183951,456,0.003060259817930831,True,False
full_R3_R4_alpha_0.044394,0.04439426559183951,457,0.0037631483891370364,True,False
full_R3_R4_alpha_0.044394,0.04439426559183951,458,0.00205088937207758,True,False
full_R3_R4_alpha_0.044394,0.04439426559183951,459,0.002043699990166278,True,False
full_R3_R4_alpha_0.044394,0.04439426559183951,460,0.002029612900795573,True,False
full_R3_R4_alpha_0.044394,0.04439426559183951,461,0.0017745138262419058,True,False
full_R3_R4_alpha_0.044394,0.04439426559183951,462,0.0017689165258876853,True,False
full_R3_R4_alpha_0.044394,0.04439426559183951,463,0.0019351832712355395,True,False
full_R3_R4_alpha_0.044394,0.04439426559183951,464,0.0021580865768373748,True,False
full_R3_R4_alpha_0.044394,0.04439426559183951,465,0.0020425215973735146,True,False
full_R3_R4_alpha_0.044394,0.04439426559183951,466,0.0033409206212802207,True,False
full_R3_R4_alpha_0.044394,0.04439426559183951,467,0.00191794912226397,True,False
full_R3_R4_alpha_0.044394,0.04439426559183951,468,0.0019003392733882454,True,False
full_R3_R4_alpha_0.044394,0.04439426559183951,469,0.002477408705285175,True,False
full_R3_R4_alpha_0.044394,0.04439426559183951,470,0.002229558009662929,True,False
full_R3_R4_alpha_0.044394,0.04439426559183951,471,0.00224640135428695,True,False
full_R3_R4_alpha_0.044394,0.04439426559183951,472,0.002198281845630269,True,False
full_R3_R4_alpha_0.044394,0.04439426559183951,473,0.001668321417303924,True,False
full_R3_R4_alpha_0.044394,0.04439426559183951,474,0.0017577842147826481,True,False
full_R3_R4_alpha_0.044394,0.04439426559183951,475,0.002112895601685045,True,False
full_R3_R4_alpha_0.044394,0.04439426559183951,476,0.003125895662358001,True,False
full_R3_R4_alpha_0.044394,0.04439426559183951,477,0.001781489137121885,True,False
full_R3_R4_alpha_0.044394,0.04439426559183951,478,0.0018940275605953082,True,False
full_R3_R4_alpha_0.044394,0.04439426559183951,479,0.0018460106538803482,True,False
full_R3_R4_alpha_0.044394,0.04439426559183951,480,0.002307598819394478,True,False
full_R3_R4_alpha_0.044394,0.04439426559183951,481,0.0023185371487134975,True,False
full_R3_R4_alpha_0.044394,0.04439426559183951,482,0.001621841863675429,True,False
full_R3_R4_alpha_0.044394,0.04439426559183951,483,0.0020585786133385992,True,False
full_R3_R4_alpha_0.044394,0.04439426559183951,484,0.001351026853050218,True,False
full_R3_R4_alpha_0.044394,0.04439426559183951,485,0.0016461144609854145,True,False
full_R3_R4_alpha_0.044394,0.04439426559183951,486,0.003779946205967016,True,False
full_R3_R4_alpha_0.044394,0.04439426559183951,487,0.002265517284880543,True,False
full_R3_R4_alpha_0.044394,0.04439426559183951,488,0.0027449383126853305,True,False
full_R3_R4_alpha_0.044394,0.04439426559183951,489,0.00250231909542963,True,False
full_R3_R4_alpha_0.044394,0.04439426559183951,490,0.0018735761844930526,True,False
full_R3_R4_alpha_0.044394,0.04439426559183951,491,0.002320031493673145,True,False
full_R3_R4_alpha_0.044394,0.04439426559183951,492,0.0015688090776815765,True,False
full_R3_R4_alpha_0.044394,0.04439426559183951,493,0.0014876537016702675,True,False
full_R3_R4_alpha_0.044394,0.04439426559183951,494,0.001968356325254534,True,False
full_R3_R4_alpha_0.044394,0.04439426559183951,495,0.0012973110934403288,True,False
full_R3_R4_alpha_0.044394,0.04439426559183951,496,0.001865185435066715,True,False
full_R3_R4_alpha_0.044394,0.04439426559183951,497,0.001927949931163051,True,False
full_R3_R4_alpha_0.044394,0.04439426559183951,498,0.0015795036733048824,True,False
full_R3_R4_alpha_0.044394,0.04439426559183951,499,0.0016335515670759806,True,False
full_R3_R4_alpha_0.044394,0.04439426559183951,500,0.00178001909009395,True,False
full_R3_R4_alpha_0.044394,0.04439426559183951,501,0.0015276474106002231,True,False
full_R3_R4_alpha_0.044394,0.04439426559183951,502,0.0019936639775270906,True,False
full_R3_R4_alpha_0.044394,0.04439426559183951,503,0.0029039099255786234,True,False
full_R3_R4_alpha_0.044394,0.04439426559183951,504,0.0021066736508233656,True,False
full_R3_R4_alpha_0.044394,0.04439426559183951,505,0.0018805028262431757,True,False
full_R3_R4_alpha_0.044394,0.04439426559183951,506,0.0024970930175648876,True,False
full_R3_R4_alpha_0.044394,0.04439426559183951,507,0.0018062670130322917,True,False
full_R3_R4_alpha_0.044394,0.04439426559183951,508,0.002130119402969301,True,False
full_R3_R4_alpha_0.044394,0.04439426559183951,509,0.0018610157387882974,True,False
full_R3_R4_alpha_0.044394,0.04439426559183951,510,0.0020946122804607484,True,False
full_R3_R4_alpha_0.044394,0.04439426559183951,511,0.002229854365263031,True,False
full_R3_R4_alpha_0.044394,0.04439426559183951,512,0.002388117402509422,True,False
full_R3_R4_alpha_0.044394,0.04439426559183951,513,0.0018170145958209005,True,False
full_R3_R4_alpha_0.044394,0.04439426559183951,514,0.002959355735667837,True,False
full_R3_R4_alpha_0.044394,0.04439426559183951,515,0.0014740742841013912,True,False
full_R3_R4_alpha_0.044394,0.04439426559183951,516,0.002201888173108226,True,False
full_R3_R4_alpha_0.044394,0.04439426559183951,517,0.0020078456189109675,True,False
full_R3_R4_alpha_0.044394,0.04439426559183951,518,0.001624911023721449,True,False
full_R3_R4_alpha_0.044394,0.04439426559183951,519,0.0018140117234100603,True,False
full_R3_R4_alpha_0.044394,0.04439426559183951,520,0.0019411250969620696,True,False
full_R3_R4_alpha_0.044394,0.04439426559183951,521,0.001618751655316212,True,False
full_R3_R4_alpha_0.044394,0.04439426559183951,522,0.0020615383292073228,True,False
full_R3_R4_alpha_0.044394,0.04439426559183951,523,0.0025917209613038395,True,False
full_R3_R4_alpha_0.044394,0.04439426559183951,524,0.0014113295707672711,True,False
full_R3_R4_alpha_0.044394,0.04439426559183951,525,0.002082936953353621,True,False
full_R3_R4_alpha_0.044394,0.04439426559183951,526,0.002457341446741038,True,False
full_R3_R4_alpha_0.044394,0.04439426559183951,527,0.0023851838319959534,True,False
full_R3_R4_alpha_0.044394,0.04439426559183951,528,0.0014378097389281857,True,False
full_R3_R4_alpha_0.044394,0.04439426559183951,529,0.0015838272120502863,True,False
full_R3_R4_alpha_0.044394,0.04439426559183951,530,0.001761553665704503,True,False
full_R3_R4_alpha_0.044394,0.04439426559183951,531,0.00248059356710567,True,False
full_R3_R4_alpha_0.044394,0.04439426559183951,532,0.0019302248377772496,True,False
full_R3_R4_alpha_0.044394,0.04439426559183951,533,0.0016577895102059678,True,False
full_R3_R4_alpha_0.044394,0.04439426559183951,534,0.001925660453958237,True,False
full_R3_R4_alpha_0.044394,0.04439426559183951,535,0.0019004202319052826,True,False
full_R3_R4_alpha_0.044394,0.04439426559183951,536,0.0015864635434652112,True,False
full_R3_R4_alpha_0.044394,0.04439426559183951,537,0.002644370061020129,True,False
full_R3_R4_alpha_0.044394,0.04439426559183951,538,0.0030259515519943884,True,False
full_R3_R4_alpha_0.044394,0.04439426559183951,539,0.0013880162767686461,True,False
full_R3_R4_alpha_0.044394,0.04439426559183951,540,0.0019905765059143833,True,False
full_R3_R4_alpha_0.044394,0.04439426559183951,541,0.0014531872019532435,True,False
full_R3_R4_alpha_0.044394,0.04439426559183951,542,0.0020402238957277475,True,False
full_R3_R4_alpha_0.044394,0.04439426559183951,543,0.0022488310153338338,True,False
full_R3_R4_alpha_0.044394,0.04439426559183951,544,0.0024343534311420723,True,False
full_R3_R4_alpha_0.044394,0.04439426559183951,545,0.0015329482015180621,True,False
full_R3_R4_alpha_0.044394,0.04439426559183951,546,0.0027904083103560033,True,False
full_R3_R4_alpha_0.044394,0.04439426559183951,547,0.0020714007942846872,True,False
full_R3_R4_alpha_0.044394,0.04439426559183951,548,0.001575606021843306,True,False
full_R3_R4_alpha_0.044394,0.04439426559183951,549,0.0017589405260480951,True,False
full_R3_R4_alpha_0.044394,0.04439426559183951,550,0.003326783072812704,True,False
full_R3_R4_alpha_0.044394,0.04439426559183951,551,0.002417909511745728,True,False
full_R3_R4_alpha_0.044394,0.04439426559183951,552,0.0023889004586380496,True,False
full_R3_R4_alpha_0.044394,0.04439426559183951,553,0.002119377393774341,True,False
full_R3_R4_alpha_0.044394,0.04439426559183951,554,0.003052469336167729,True,False
full_R3_R4_alpha_0.044394,0.04439426559183951,555,0.0021653493006171098,True,False
full_R3_R4_alpha_0.044394,0.04439426559183951,556,0.0013396870418251583,True,False
full_R3_R4_alpha_0.044394,0.04439426559183951,557,0.0025540270998534215,True,False
full_R3_R4_alpha_0.044394,0.04439426559183951,558,0.0019420737752277152,True,False
full_R3_R4_alpha_0.044394,0.04439426559183951,559,0.002176042340721156,True,False
full_R3_R4_alpha_0.044394,0.04439426559183951,560,0.0018146227159112531,True,False
full_R3_R4_alpha_0.044394,0.04439426559183951,561,0.0023503460056671466,True,False
full_R3_R4_alpha_0.044394,0.04439426559183951,562,0.0026178017462102953,True,False
full_R3_R4_alpha_0.044394,0.04439426559183951,563,0.002350499499796411,True,False
full_R3_R4_alpha_0.044394,0.04439426559183951,564,0.0012981418618824123,True,False
full_R3_R4_alpha_0.044394,0.04439426559183951,565,0.0030960767398850162,True,False
full_R3_R4_alpha_0.044394,0.04439426559183951,566,0.0023571003778509836,True,False
full_R3_R4_alpha_0.044394,0.04439426559183951,567,0.0019793943969910544,True,False
full_R3_R4_alpha_0.044394,0.04439426559183951,568,0.001322862207120157,True,False
full_R3_R4_alpha_0.044394,0.04439426559183951,569,0.0045494571732439,True,False
full_R3_R4_alpha_0.044394,0.04439426559183951,570,0.002556288828675821,True,False
full_R3_R4_alpha_0.044394,0.04439426559183951,571,0.0024400179366764452,True,False
full_R3_R4_alpha_0.044394,0.04439426559183951,572,0.0019561209539053206,True,False
full_R3_R4_alpha_0.044394,0.04439426559183951,573,0.001918309489695043,True,False
full_R3_R4_alpha_0.044394,0.04439426559183951,574,0.0025246012564850494,True,False
full_R3_R4_alpha_0.044394,0.04439426559183951,575,0.001889635930424039,True,False
full_R3_R4_alpha_0.044394,0.04439426559183951,576,0.002643148763190864,True,False
full_R3_R4_alpha_0.044394,0.04439426559183951,577,0.0022425260591829154,True,False
full_R3_R4_alpha_0.044394,0.04439426559183951,578,0.0018823256480475854,True,False
full_R3_R4_alpha_0.044394,0.04439426559183951,579,0.0012229439641440038,True,False
full_R3_R4_alpha_0.044394,0.04439426559183951,580,0.0029848311932915463,True,False
full_R3_R4_alpha_0.044394,0.04439426559183951,581,0.0016773750390258104,True,False
full_R3_R4_alpha_0.044394,0.04439426559183951,582,0.002656437741452998,True,False
full_R3_R4_alpha_0.044394,0.04439426559183951,583,0.0019489376511841684,True,False
full_R3_R4_alpha_0.044394,0.04439426559183951,584,0.0017420635403093937,True,False
full_R3_R4_alpha_0.044394,0.04439426559183951,585,0.002848978166756739,True,False
full_R3_R4_alpha_0.044394,0.04439426559183951,586,0.0016574830820990773,True,False
full_R3_R4_alpha_0.044394,0.04439426559183951,587,0.0014049081857277364,True,False
full_R3_R4_alpha_0.044394,0.04439426559183951,588,0.0017437012797600823,True,False
full_R3_R4_alpha_0.044394,0.04439426559183951,589,0.0015646758672269773,True,False
full_R3_R4_alpha_0.044394,0.04439426559183951,590,0.001540970625857682,True,False
full_R3_R4_alpha_0.044394,0.04439426559183951,591,0.0031680140165916753,True,False
full_R3_R4_alpha_0.044394,0.04439426559183951,592,0.0021735099625457685,True,False
full_R3_R4_alpha_0.044394,0.04439426559183951,593,0.0022457609884817763,True,False
full_R3_R4_alpha_0.044394,0.04439426559183951,594,0.0012683730375844774,True,False
full_R3_R4_alpha_0.044394,0.04439426559183951,595,0.0023666127937307995,True,False
full_R3_R4_alpha_0.044394,0.04439426559183951,596,0.002290225480577639,True,False
full_R3_R4_alpha_0.044394,0.04439426559183951,597,0.0015550347279643154,True,False
full_R3_R4_alpha_0.044394,0.04439426559183951,598,0.0017526582356047907,True,False
full_R3_R4_alpha_0.044394,0.04439426559183951,599,0.0022558493726800534,True,False
full_R3_R4_alpha_0.044394,0.04439426559183951,600,0.0017386742079691438,True,False
full_R3_R4_alpha_0.044394,0.04439426559183951,601,0.002535534549476587,True,False
full_R3_R4_alpha_0.044394,0.04439426559183951,602,0.0023389391226992097,True,False
full_R3_R4_alpha_0.044394,0.04439426559183951,603,0.002189296015187712,True,False
full_R3_R4_alpha_0.044394,0.04439426559183951,604,0.001385698645799398,True,False
full_R3_R4_alpha_0.044394,0.04439426559183951,605,0.0020113683816030525,True,False
full_R3_R4_alpha_0.044394,0.04439426559183951,606,0.0028150781485716475,True,False
full_R3_R4_alpha_0.044394,0.04439426559183951,607,0.00228184554567335,True,False
full_R3_R4_alpha_0.044394,0.04439426559183951,608,0.0019556867059881728,True,False
full_R3_R4_alpha_0.044394,0.04439426559183951,609,0.0014839915754131438,True,False
full_R3_R4_alpha_0.044394,0.04439426559183951,610,0.002218859231457822,True,False
full_R3_R4_alpha_0.044394,0.04439426559183951,611,0.0017461911860881263,True,False
full_R3_R4_alpha_0.044394,0.04439426559183951,612,0.0015739806920040864,True,False
full_R3_R4_alpha_0.044394,0.04439426559183951,613,0.0018718915553637228,True,False
full_R3_R4_alpha_0.044394,0.04439426559183951,614,0.001995788574714117,True,False
full_R3_R4_alpha_0.044394,0.04439426559183951,615,0.0017061201305236576,True,False
full_R3_R4_alpha_0.044394,0.04439426559183951,616,0.002237692201874608,True,False
full_R3_R4_alpha_0.044394,0.04439426559183951,617,0.0017696918398522857,True,False
full_R3_R4_alpha_0.044394,0.04439426559183951,618,0.002391620689602752,True,False
full_R3_R4_alpha_0.044394,0.04439426559183951,619,0.0015477357336733742,True,False
full_R3_R4_alpha_0.044394,0.04439426559183951,620,0.0022807149592771877,True,False
full_R3_R4_alpha_0.044394,0.04439426559183951,621,0.001786475275766877,True,False
full_R3_R4_alpha_0.044394,0.04439426559183951,622,0.002681250951921481,True,False
full_R3_R4_alpha_0.044394,0.04439426559183951,623,0.0015608773521607908,True,False
full_R3_R4_alpha_0.044394,0.04439426559183951,624,0.0020811026288511,True,False
full_R3_R4_alpha_0.044394,0.04439426559183951,625,0.001862896020132893,True,False
full_R3_R4_alpha_0.044394,0.04439426559183951,626,0.002135679313567789,True,False
full_R3_R4_alpha_0.044394,0.04439426559183951,627,0.0023300674789837063,True,False
full_R3_R4_alpha_0.044394,0.04439426559183951,628,0.0015276344298043396,True,False
full_R3_R4_alpha_0.044394,0.04439426559183951,629,0.0024025217214051326,True,False
full_R3_R4_alpha_0.044394,0.04439426559183951,630,0.001841146669612376,True,False
full_R3_R4_alpha_0.044394,0.04439426559183951,631,0.0020426808128422903,True,False
full_R3_R4_alpha_0.044394,0.04439426559183951,632,0.0018245728641738054,True,False
full_R3_R4_alpha_0.044394,0.04439426559183951,633,0.001729308483280423,True,False
full_R3_R4_alpha_0.044394,0.04439426559183951,634,0.0025732525355372424,True,False
full_R3_R4_alpha_0.044394,0.04439426559183951,635,0.001865093798515191,True,False
full_R3_R4_alpha_0.044394,0.04439426559183951,636,0.0019187089060289872,True,False
full_R3_R4_alpha_0.044394,0.04439426559183951,637,0.0015090355768095608,True,False
full_R3_R4_alpha_0.044394,0.04439426559183951,638,0.0017433686848495411,True,False
full_R3_R4_alpha_0.044394,0.04439426559183951,639,0.0018173936704700816,True,False
full_R3_R4_alpha_0.044394,0.04439426559183951,640,0.0032808405389941624,True,False
full_R3_R4_alpha_0.044394,0.04439426559183951,641,0.0020659138076520402,True,False
full_R3_R4_alpha_0.044394,0.04439426559183951,642,0.0022667731152358813,True,False
full_R3_R4_alpha_0.044394,0.04439426559183951,643,0.001755461136650721,True,False
full_R3_R4_alpha_0.044394,0.04439426559183951,644,0.0024012637071731103,True,False
full_R3_R4_alpha_0.044394,0.04439426559183951,645,0.002626218606578459,True,False
full_R3_R4_alpha_0.044394,0.04439426559183951,646,0.0017259563039611243,True,False
full_R3_R4_alpha_0.044394,0.04439426559183951,647,0.0017794258012045557,True,False
full_R3_R4_alpha_0.044394,0.04439426559183951,648,0.0020262993528070952,True,False
full_R3_R4_alpha_0.044394,0.04439426559183951,649,0.003302338994632142,True,False
full_R3_R4_alpha_0.044394,0.04439426559183951,650,0.0024772205039318923,True,False
full_R3_R4_alpha_0.044394,0.04439426559183951,651,0.0032053229601708803,True,False
full_R3_R4_alpha_0.044394,0.04439426559183951,652,0.0021017940191679113,True,False
full_R3_R4_alpha_0.044394,0.04439426559183951,653,0.0018831983060719293,True,False
full_R3_R4_alpha_0.044394,0.04439426559183951,654,0.001960294665162181,True,False
full_R3_R4_alpha_0.044394,0.04439426559183951,655,0.002234159406042877,True,False
full_R3_R4_alpha_0.044394,0.04439426559183951,656,0.0019891163087201774,True,False
full_R3_R4_alpha_0.044394,0.04439426559183951,657,0.0014032692193446303,True,False
full_R3_R4_alpha_0.044394,0.04439426559183951,658,0.0023240556896050694,True,False
full_R3_R4_alpha_0.044394,0.04439426559183951,659,0.0022950937491104085,True,False
full_R3_R4_alpha_0.044394,0.04439426559183951,660,0.0020196918378501587,True,False
full_R3_R4_alpha_0.044394,0.04439426559183951,661,0.002924649132438781,True,False
full_R3_R4_alpha_0.044394,0.04439426559183951,662,0.0024238695165473456,True,False
full_R3_R4_alpha_0.044394,0.04439426559183951,663,0.0028191540096610696,True,False
full_R3_R4_alpha_0.044394,0.04439426559183951,664,0.002738717957409789,True,False
full_R3_R4_alpha_0.044394,0.04439426559183951,665,0.002651613708690126,True,False
full_R3_R4_alpha_0.044394,0.04439426559183951,666,0.0026202534762268847,True,False
full_R3_R4_alpha_0.044394,0.04439426559183951,667,0.002730950388567444,True,False
full_R3_R4_alpha_0.044394,0.04439426559183951,668,0.0017038800408274383,True,False
full_R3_R4_alpha_0.044394,0.04439426559183951,669,0.0028942614533436955,True,False
full_R3_R4_alpha_0.044394,0.04439426559183951,670,0.0017306061364173954,True,False
full_R3_R4_alpha_0.044394,0.04439426559183951,671,0.00317576681574366,True,False
full_R3_R4_alpha_0.044394,0.04439426559183951,672,0.0031561629897563248,True,False
full_R3_R4_alpha_0.044394,0.04439426559183951,673,0.0018030862989143017,True,False
full_R3_R4_alpha_0.044394,0.04439426559183951,674,0.0018151594372786592,True,False
full_R3_R4_alpha_0.044394,0.04439426559183951,675,0.0020229248725131617,True,False
full_R3_R4_alpha_0.044394,0.04439426559183951,676,0.0017022397634647943,True,False
full_R3_R4_alpha_0.044394,0.04439426559183951,677,0.0016504699753909708,True,False
full_R3_R4_alpha_0.044394,0.04439426559183951,678,0.00223336648904052,True,False
full_R3_R4_alpha_0.044394,0.04439426559183951,679,0.002702062890651722,True,False
full_R3_R4_alpha_0.044394,0.04439426559183951,680,0.0026347073346329286,True,False
full_R3_R4_alpha_0.044394,0.04439426559183951,681,0.001931361372903005,True,False
full_R3_R4_alpha_0.044394,0.04439426559183951,682,0.002764834160460033,True,False
full_R3_R4_alpha_0.044394,0.04439426559183951,683,0.0026491310960108086,True,False
full_R3_R4_alpha_0.044394,0.04439426559183951,684,0.0020562884355675884,True,False
full_R3_R4_alpha_0.044394,0.04439426559183951,685,0.0014224570558857873,True,False
full_R3_R4_alpha_0.044394,0.04439426559183951,686,0.0015738141718292045,True,False
full_R3_R4_alpha_0.044394,0.04439426559183951,687,0.0016259222739197243,True,False
full_R3_R4_alpha_0.044394,0.04439426559183951,688,0.003026662357350456,True,False
full_R3_R4_alpha_0.044394,0.04439426559183951,689,0.0015960102602798178,True,False
full_R3_R4_alpha_0.044394,0.04439426559183951,690,0.0015853897111488102,True,False
full_R3_R4_alpha_0.044394,0.04439426559183951,691,0.0023507230697161043,True,False
full_R3_R4_alpha_0.044394,0.04439426559183951,692,0.0021671498435047185,True,False
full_R3_R4_alpha_0.044394,0.04439426559183951,693,0.0031907326487655195,True,False
full_R3_R4_alpha_0.044394,0.04439426559183951,694,0.00237769983448133,True,False
full_R3_R4_alpha_0.044394,0.04439426559183951,695,0.0017167018294802318,True,False
full_R3_R4_alpha_0.044394,0.04439426559183951,696,0.0020108809818892275,True,False
full_R3_R4_alpha_0.044394,0.04439426559183951,697,0.0016232992948834767,True,False
full_R3_R4_alpha_0.044394,0.04439426559183951,698,0.002296276998391577,True,False
full_R3_R4_alpha_0.044394,0.04439426559183951,699,0.0018338207111785114,True,False
full_R3_R4_alpha_0.044394,0.04439426559183951,700,0.001897600654161499,True,False
full_R3_R4_alpha_0.044394,0.04439426559183951,701,0.0017439180114115912,True,False
full_R3_R4_alpha_0.044394,0.04439426559183951,702,0.0027597293014513416,True,False
full_R3_R4_alpha_0.044394,0.04439426559183951,703,0.0021383867605970094,True,False
full_R3_R4_alpha_0.044394,0.04439426559183951,704,0.0030306587574435427,True,False
full_R3_R4_alpha_0.044394,0.04439426559183951,705,0.001967577619031645,True,False
full_R3_R4_alpha_0.044394,0.04439426559183951,706,0.0018847220619989753,True,False
full_R3_R4_alpha_0.044394,0.04439426559183951,707,0.00213967845456582,True,False
full_R3_R4_alpha_0.044394,0.04439426559183951,708,0.004083696570991728,True,False
full_R3_R4_alpha_0.044394,0.04439426559183951,709,0.0020552143833171984,True,False
full_R3_R4_alpha_0.044394,0.04439426559183951,710,0.002157251079397462,True,False
full_R3_R4_alpha_0.044394,0.04439426559183951,711,0.0034056994827441774,True,False
full_R3_R4_alpha_0.044394,0.04439426559183951,712,0.0018330243558609576,True,False
full_R3_R4_alpha_0.044394,0.04439426559183951,713,0.004288871784953784,True,False
full_R3_R4_alpha_0.044394,0.04439426559183951,714,0.0023746783792283625,True,False
full_R3_R4_alpha_0.044394,0.04439426559183951,715,0.0036051580384359244,True,False
full_R3_R4_alpha_0.044394,0.04439426559183951,716,0.0017105263980709915,True,False
full_R3_R4_alpha_0.044394,0.04439426559183951,717,0.002691518973789999,True,False
full_R3_R4_alpha_0.044394,0.04439426559183951,718,0.0026040181445682927,True,False
full_R3_R4_alpha_0.044394,0.04439426559183951,719,0.0015720521788617234,True,False
full_R3_R4_alpha_0.044394,0.04439426559183951,720,0.0015723744105063408,True,False
full_R3_R4_alpha_0.044394,0.04439426559183951,721,0.0014790502041281527,True,False
full_R3_R4_alpha_0.044394,0.04439426559183951,722,0.0024260045591760174,True,False
full_R3_R4_alpha_0.044394,0.04439426559183951,723,0.0017441480943920756,True,False
full_R3_R4_alpha_0.044394,0.04439426559183951,724,0.0020108430080911124,True,False
full_R3_R4_alpha_0.044394,0.04439426559183951,725,0.0017489296848775158,True,False
full_R3_R4_alpha_0.044394,0.04439426559183951,726,0.0022376814187924344,True,False
full_R3_R4_alpha_0.044394,0.04439426559183951,727,0.0019818774789415487,True,False
full_R3_R4_alpha_0.044394,0.04439426559183951,728,0.002009590894823909,True,False
full_R3_R4_alpha_0.044394,0.04439426559183951,729,0.0029622559526538764,True,False
full_R3_R4_alpha_0.044394,0.04439426559183951,730,0.0021165870161210343,True,False
full_R3_R4_alpha_0.044394,0.04439426559183951,731,0.002699573418322474,True,False
full_R3_R4_alpha_0.044394,0.04439426559183951,732,0.001570401718615207,True,False
full_R3_R4_alpha_0.044394,0.04439426559183951,733,0.0031584264046330417,True,False
full_R3_R4_alpha_0.044394,0.04439426559183951,734,0.0035462127420679474,True,False
full_R3_R4_alpha_0.044394,0.04439426559183951,735,0.0015921368164863129,True,False
full_R3_R4_alpha_0.044394,0.04439426559183951,736,0.0016790895369814263,True,False
full_R3_R4_alpha_0.044394,0.04439426559183951,737,0.0020697695131644427,True,False
full_R3_R4_alpha_0.044394,0.04439426559183951,738,0.002540764231892766,True,False
full_R3_R4_alpha_0.044394,0.04439426559183951,739,0.0025777160577198466,True,False
full_R3_R4_alpha_0.044394,0.04439426559183951,740,0.0025055559091801734,True,False
full_R3_R4_alpha_0.044394,0.04439426559183951,741,0.0018695654880683994,True,False
full_R3_R4_alpha_0.044394,0.04439426559183951,742,0.002150292959083716,True,False
full_R3_R4_alpha_0.044394,0.04439426559183951,743,0.0019501490393552341,True,False
full_R3_R4_alpha_0.044394,0.04439426559183951,744,0.0021734623312924107,True,False
full_R3_R4_alpha_0.044394,0.04439426559183951,745,0.0012580183005146317,True,False
full_R3_R4_alpha_0.044394,0.04439426559183951,746,0.0018581889058915367,True,False
full_R3_R4_alpha_0.044394,0.04439426559183951,747,0.0034114898807955708,True,False
full_R3_R4_alpha_0.044394,0.04439426559183951,748,0.001833099694446329,True,False
full_R3_R4_alpha_0.044394,0.04439426559183951,749,0.0016317867782472456,True,False
full_R3_R4_alpha_0.044394,0.04439426559183951,750,0.0021553960333962423,True,False
full_R3_R4_alpha_0.044394,0.04439426559183951,751,0.0020286218835945534,True,False
full_R3_R4_alpha_0.044394,0.04439426559183951,752,0.0021863859863565766,True,False
full_R3_R4_alpha_0.044394,0.04439426559183951,753,0.002039466234411353,True,False
full_R3_R4_alpha_0.044394,0.04439426559183951,754,0.0022301075347418253,True,False
full_R3_R4_alpha_0.044394,0.04439426559183951,755,0.0022125989725843803,True,False
full_R3_R4_alpha_0.044394,0.04439426559183951,756,0.002415610802856035,True,False
full_R3_R4_alpha_0.044394,0.04439426559183951,757,0.0018209590929646876,True,False
full_R3_R4_alpha_0.044394,0.04439426559183951,758,0.0021933613476454133,True,False
full_R3_R4_alpha_0.044394,0.04439426559183951,759,0.0021809245324427838,True,False
full_R3_R4_alpha_0.044394,0.04439426559183951,760,0.0019041316644445013,True,False
full_R3_R4_alpha_0.044394,0.04439426559183951,761,0.0014438741868352638,True,False
full_R3_R4_alpha_0.044394,0.04439426559183951,762,0.001671973569415487,True,False
full_R3_R4_alpha_0.044394,0.04439426559183951,763,0.0020124146136119648,True,False
full_R3_R4_alpha_0.044394,0.04439426559183951,764,0.0018480094517404038,True,False
full_R3_R4_alpha_0.044394,0.04439426559183951,765,0.0021460784802416317,True,False
full_R3_R4_alpha_0.044394,0.04439426559183951,766,0.001410490832022762,True,False
full_R3_R4_alpha_0.044394,0.04439426559183951,767,0.001751962729273361,True,False
full_R3_R4_alpha_0.044394,0.04439426559183951,768,0.002405670400581954,True,False
full_R3_R4_alpha_0.044394,0.04439426559183951,769,0.0018131507447238624,True,False
full_R3_R4_alpha_0.044394,0.04439426559183951,770,0.0018451508848101037,True,False
full_R3_R4_alpha_0.044394,0.04439426559183951,771,0.00233334303109999,True,False
full_R3_R4_alpha_0.044394,0.04439426559183951,772,0.0019782829239741186,True,False
full_R3_R4_alpha_0.044394,0.04439426559183951,773,0.00197001432433022,True,False
full_R3_R4_alpha_0.044394,0.04439426559183951,774,0.003533499992451558,True,False
full_R3_R4_alpha_0.044394,0.04439426559183951,775,0.0022788612760096592,True,False
full_R3_R4_alpha_0.044394,0.04439426559183951,776,0.00170056919933904,True,False
full_R3_R4_alpha_0.044394,0.04439426559183951,777,0.001844441377250534,True,False
full_R3_R4_alpha_0.044394,0.04439426559183951,778,0.0029845175756978972,True,False
full_R3_R4_alpha_0.044394,0.04439426559183951,779,0.002068995493801059,True,False
full_R3_R4_alpha_0.044394,0.04439426559183951,780,0.0017472301456589545,True,False
full_R3_R4_alpha_0.044394,0.04439426559183951,781,0.002151654672301555,True,False
full_R3_R4_alpha_0.044394,0.04439426559183951,782,0.0026684823395352803,True,False
full_R3_R4_alpha_0.044394,0.04439426559183951,783,0.0014326025925193756,True,False
full_R3_R4_alpha_0.044394,0.04439426559183951,784,0.0019839496649260214,True,False
full_R3_R4_alpha_0.044394,0.04439426559183951,785,0.0023533460171290266,True,False
full_R3_R4_alpha_0.044394,0.04439426559183951,786,0.00220573663566591,True,False
full_R3_R4_alpha_0.044394,0.04439426559183951,787,0.003324508037060388,True,False
full_R3_R4_alpha_0.044394,0.04439426559183951,788,0.0024255766045523596,True,False
full_R3_R4_alpha_0.044394,0.04439426559183951,789,0.0019055363835334055,True,False
full_R3_R4_alpha_0.044394,0.04439426559183951,790,0.0023740027230587653,True,False
full_R3_R4_alpha_0.044394,0.04439426559183951,791,0.001563026835819529,True,False
full_R3_R4_alpha_0.044394,0.04439426559183951,792,0.0023765944557786567,True,False
full_R3_R4_alpha_0.044394,0.04439426559183951,793,0.002201738857821826,True,False
full_R3_R4_alpha_0.044394,0.04439426559183951,794,0.0015228778293698076,True,False
full_R3_R4_alpha_0.044394,0.04439426559183951,795,0.003491725225214108,True,False
full_R3_R4_alpha_0.044394,0.04439426559183951,796,0.0020190960297457694,True,False
full_R3_R4_alpha_0.044394,0.04439426559183951,797,0.002177899125517063,True,False
full_R3_R4_alpha_0.044394,0.04439426559183951,798,0.001727545048942161,True,False
full_R3_R4_alpha_0.044394,0.04439426559183951,799,0.002930255097321279,True,False
full_R3_R4_alpha_0.044394,0.04439426559183951,800,0.00370454937506304,True,False
full_R3_R4_alpha_0.044394,0.04439426559183951,801,0.0023635298135315556,True,False
full_R3_R4_alpha_0.044394,0.04439426559183951,802,0.0016695608339583163,True,False
full_R3_R4_alpha_0.044394,0.04439426559183951,803,0.0018738823827380378,True,False
full_R3_R4_alpha_0.044394,0.04439426559183951,804,0.0026043734117277167,True,False
full_R3_R4_alpha_0.044394,0.04439426559183951,805,0.0017578378411886647,True,False
full_R3_R4_alpha_0.044394,0.04439426559183951,806,0.002086282057555724,True,False
full_R3_R4_alpha_0.044394,0.04439426559183951,807,0.0028468326559149206,True,False
full_R3_R4_alpha_0.044394,0.04439426559183951,808,0.002641759643848805,True,False
full_R3_R4_alpha_0.044394,0.04439426559183951,809,0.002644771274528476,True,False
full_R3_R4_alpha_0.044394,0.04439426559183951,810,0.0036491967315510207,True,False
full_R3_R4_alpha_0.044394,0.04439426559183951,811,0.0018293061603542522,True,False
full_R3_R4_alpha_0.044394,0.04439426559183951,812,0.002271846295322012,True,False
full_R3_R4_alpha_0.044394,0.04439426559183951,813,0.001980395014534208,True,False
full_R3_R4_alpha_0.044394,0.04439426559183951,814,0.0018563657225072966,True,False
full_R3_R4_alpha_0.044394,0.04439426559183951,815,0.0020866378792566715,True,False
full_R3_R4_alpha_0.044394,0.04439426559183951,816,0.0029066409758965153,True,False
full_R3_R4_alpha_0.044394,0.04439426559183951,817,0.0026307802465620244,True,False
full_R3_R4_alpha_0.044394,0.04439426559183951,818,0.0015976761550215615,True,False
full_R3_R4_alpha_0.044394,0.04439426559183951,819,0.0023283098318100815,True,False
full_R3_R4_alpha_0.044394,0.04439426559183951,820,0.0013593778036908488,True,False
full_R3_R4_alpha_0.044394,0.04439426559183951,821,0.0022067462006954853,True,False
full_R3_R4_alpha_0.044394,0.04439426559183951,822,0.0027350226863972374,True,False
full_R3_R4_alpha_0.044394,0.04439426559183951,823,0.0027445458196024017,True,False
full_R3_R4_alpha_0.044394,0.04439426559183951,824,0.0016057808505172935,True,False
full_R3_R4_alpha_0.044394,0.04439426559183951,825,0.0020385903918723395,True,False
full_R3_R4_alpha_0.044394,0.04439426559183951,826,0.0030080680255924635,True,False
full_R3_R4_alpha_0.044394,0.04439426559183951,827,0.0016913854404699467,True,False
full_R3_R4_alpha_0.044394,0.04439426559183951,828,0.0015531069001976665,True,False
full_R3_R4_alpha_0.044394,0.04439426559183951,829,0.0012309456954678667,True,False
full_R3_R4_alpha_0.044394,0.04439426559183951,830,0.0024966470136538444,True,False
full_R3_R4_alpha_0.044394,0.04439426559183951,831,0.0016883177020029848,True,False
full_R3_R4_alpha_0.044394,0.04439426559183951,832,0.0018048706051278427,True,False
full_R3_R4_alpha_0.044394,0.04439426559183951,833,0.0025898236611267386,True,False
full_R3_R4_alpha_0.044394,0.04439426559183951,834,0.0014642078134152012,True,False
full_R3_R4_alpha_0.044394,0.04439426559183951,835,0.001834917042203886,True,False
full_R3_R4_alpha_0.044394,0.04439426559183951,836,0.002717087309416361,True,False
full_R3_R4_alpha_0.044394,0.04439426559183951,837,0.002073958516805945,True,False
full_R3_R4_alpha_0.044394,0.04439426559183951,838,0.0019821549497518287,True,False
full_R3_R4_alpha_0.044394,0.04439426559183951,839,0.00211435476269132,True,False
full_R3_R4_alpha_0.044394,0.04439426559183951,840,0.0025225045109711517,True,False
full_R3_R4_alpha_0.044394,0.04439426559183951,841,0.0012734547174844378,True,False
full_R3_R4_alpha_0.044394,0.04439426559183951,842,0.0021392261486094023,True,False
full_R3_R4_alpha_0.044394,0.04439426559183951,843,0.0014448318052549852,True,False
full_R3_R4_alpha_0.044394,0.04439426559183951,844,0.0017760901942574735,True,False
full_R3_R4_alpha_0.044394,0.04439426559183951,845,0.00227917686102922,True,False
full_R3_R4_alpha_0.044394,0.04439426559183951,846,0.002056874340712808,True,False
full_R3_R4_alpha_0.044394,0.04439426559183951,847,0.0023202367233729026,True,False
full_R3_R4_alpha_0.044394,0.04439426559183951,848,0.001849291180113963,True,False
full_R3_R4_alpha_0.044394,0.04439426559183951,849,0.0023674674037892033,True,False
full_R3_R4_alpha_0.044394,0.04439426559183951,850,0.0030071632706903215,True,False
full_R3_R4_alpha_0.044394,0.04439426559183951,851,0.002739532403429448,True,False
full_R3_R4_alpha_0.044394,0.04439426559183951,852,0.0019262384969153386,True,False
full_R3_R4_alpha_0.044394,0.04439426559183951,853,0.0018774168870707773,True,False
full_R3_R4_alpha_0.044394,0.04439426559183951,854,0.002496088756142483,True,False
full_R3_R4_alpha_0.044394,0.04439426559183951,855,0.0008926183422983679,True,False
full_R3_R4_alpha_0.044394,0.04439426559183951,856,0.002386833080543215,True,False
full_R3_R4_alpha_0.044394,0.04439426559183951,857,0.001515856086647271,True,False
full_R3_R4_alpha_0.044394,0.04439426559183951,858,0.0016409566287293232,True,False
full_R3_R4_alpha_0.044394,0.04439426559183951,859,0.0035994866078901313,True,False
full_R3_R4_alpha_0.044394,0.04439426559183951,860,0.0013816367565540602,True,False
full_R3_R4_alpha_0.044394,0.04439426559183951,861,0.0016716168077268616,True,False
full_R3_R4_alpha_0.044394,0.04439426559183951,862,0.0023739251999201623,True,False
full_R3_R4_alpha_0.044394,0.04439426559183951,863,0.0014922301597749578,True,False
full_R3_R4_alpha_0.044394,0.04439426559183951,864,0.002439311478163795,True,False
full_R3_R4_alpha_0.044394,0.04439426559183951,865,0.002721527055168079,True,False
full_R3_R4_alpha_0.044394,0.04439426559183951,866,0.001883975214795397,True,False
full_R3_R4_alpha_0.044394,0.04439426559183951,867,0.002100375836423967,True,False
full_R3_R4_alpha_0.044394,0.04439426559183951,868,0.0037598474793579394,True,False
full_R3_R4_alpha_0.044394,0.04439426559183951,869,0.0020071682941830357,True,False
full_R3_R4_alpha_0.044394,0.04439426559183951,870,0.0019849977660485216,True,False
full_R3_R4_alpha_0.044394,0.04439426559183951,871,0.001683854231525823,True,False
full_R3_R4_alpha_0.044394,0.04439426559183951,872,0.002308542122318004,True,False
full_R3_R4_alpha_0.044394,0.04439426559183951,873,0.0023536917365655904,True,False
full_R3_R4_alpha_0.044394,0.04439426559183951,874,0.0020771283472106384,True,False
full_R3_R4_alpha_0.044394,0.04439426559183951,875,0.0020151117666249206,True,False
full_R3_R4_alpha_0.044394,0.04439426559183951,876,0.003303143112761891,True,False
full_R3_R4_alpha_0.044394,0.04439426559183951,877,0.002258031327006115,True,False
full_R3_R4_alpha_0.044394,0.04439426559183951,878,0.0022010626192028684,True,False
full_R3_R4_alpha_0.044394,0.04439426559183951,879,0.0030179890666543465,True,False
full_R3_R4_alpha_0.044394,0.04439426559183951,880,0.0015957708255084659,True,False
full_R3_R4_alpha_0.044394,0.04439426559183951,881,0.001976950034793636,True,False
full_R3_R4_alpha_0.044394,0.04439426559183951,882,0.0023546427309669173,True,False
full_R3_R4_alpha_0.044394,0.04439426559183951,883,0.0016813798595030232,True,False
full_R3_R4_alpha_0.044394,0.04439426559183951,884,0.0017730722419361255,True,False
full_R3_R4_alpha_0.044394,0.04439426559183951,885,0.0015422297277701358,True,False
full_R3_R4_alpha_0.044394,0.04439426559183951,886,0.002563604745283511,True,False
full_R3_R4_alpha_0.044394,0.04439426559183951,887,0.0023505172008520783,True,False
full_R3_R4_alpha_0.044394,0.04439426559183951,888,0.001874606262859308,True,False
full_R3_R4_alpha_0.044394,0.04439426559183951,889,0.0024036888149026794,True,False
full_R3_R4_alpha_0.044394,0.04439426559183951,890,0.003309391463943461,True,False
full_R3_R4_alpha_0.044394,0.04439426559183951,891,0.0024722901693011155,True,False
full_R3_R4_alpha_0.044394,0.04439426559183951,892,0.0020497982020111134,True,False
full_R3_R4_alpha_0.044394,0.04439426559183951,893,0.002856872571387115,True,False
full_R3_R4_alpha_0.044394,0.04439426559183951,894,0.0018683433488831708,True,False
full_R3_R4_alpha_0.044394,0.04439426559183951,895,0.0018104731400010814,True,False
full_R3_R4_alpha_0.044394,0.04439426559183951,896,0.0023348013912262025,True,False
full_R3_R4_alpha_0.044394,0.04439426559183951,897,0.0011751166137729425,True,False
full_R3_R4_alpha_0.044394,0.04439426559183951,898,0.0014755183020587503,True,False
full_R3_R4_alpha_0.044394,0.04439426559183951,899,0.0015239596610477975,True,False
full_R3_R4_alpha_0.044394,0.04439426559183951,900,0.0014317736175585673,True,False
full_R3_R4_alpha_0.044394,0.04439426559183951,901,0.0019032834916207922,True,False
full_R3_R4_alpha_0.044394,0.04439426559183951,902,0.0022603483572357637,True,False
full_R3_R4_alpha_0.044394,0.04439426559183951,903,0.00209555043166483,True,False
full_R3_R4_alpha_0.044394,0.04439426559183951,904,0.0020168896815702555,True,False
full_R3_R4_alpha_0.044394,0.04439426559183951,905,0.0016884585201667858,True,False
full_R3_R4_alpha_0.044394,0.04439426559183951,906,0.001644872391842632,True,False
full_R3_R4_alpha_0.044394,0.04439426559183951,907,0.0018228866363431252,True,False
full_R3_R4_alpha_0.044394,0.04439426559183951,908,0.0016861938264628182,True,False
full_R3_R4_alpha_0.044394,0.04439426559183951,909,0.0015577163002269147,True,False
full_R3_R4_alpha_0.044394,0.04439426559183951,910,0.0015605740007518846,True,False
full_R3_R4_alpha_0.044394,0.04439426559183951,911,0.002476370247518667,True,False
full_R3_R4_alpha_0.044394,0.04439426559183951,912,0.001768149823855141,True,False
full_R3_R4_alpha_0.044394,0.04439426559183951,913,0.0015174645556248576,True,False
full_R3_R4_alpha_0.044394,0.04439426559183951,914,0.0019223387960456816,True,False
full_R3_R4_alpha_0.044394,0.04439426559183951,915,0.0017576223409433334,True,False
full_R3_R4_alpha_0.044394,0.04439426559183951,916,0.0012945265643393036,True,False
full_R3_R4_alpha_0.044394,0.04439426559183951,917,0.0024747721083187347,True,False
full_R3_R4_alpha_0.044394,0.04439426559183951,918,0.002784351360471995,True,False
full_R3_R4_alpha_0.044394,0.04439426559183951,919,0.0014957526783320623,True,False
full_R3_R4_alpha_0.044394,0.04439426559183951,920,0.002208741361344499,True,False
full_R3_R4_alpha_0.044394,0.04439426559183951,921,0.0014856509470415572,True,False
full_R3_R4_alpha_0.044394,0.04439426559183951,922,0.001542560332746962,True,False
full_R3_R4_alpha_0.044394,0.04439426559183951,923,0.0029506959528538394,True,False
full_R3_R4_alpha_0.044394,0.04439426559183951,924,0.0015052365982538146,True,False
full_R3_R4_alpha_0.044394,0.04439426559183951,925,0.002636339475569103,True,False
full_R3_R4_alpha_0.044394,0.04439426559183951,926,0.0020661925378709367,True,False
full_R3_R4_alpha_0.044394,0.04439426559183951,927,0.0021260499086095826,True,False
full_R3_R4_alpha_0.044394,0.04439426559183951,928,0.003373842964244338,True,False
full_R3_R4_alpha_0.044394,0.04439426559183951,929,0.002101230489301853,True,False
full_R3_R4_alpha_0.044394,0.04439426559183951,930,0.0016933089989589142,True,False
full_R3_R4_alpha_0.044394,0.04439426559183951,931,0.0016352281941874472,True,False
full_R3_R4_alpha_0.044394,0.04439426559183951,932,0.0025679498087854313,True,False
full_R3_R4_alpha_0.044394,0.04439426559183951,933,0.002432503439522494,True,False
full_R3_R4_alpha_0.044394,0.04439426559183951,934,0.0016678895232144786,True,False
full_R3_R4_alpha_0.044394,0.04439426559183951,935,0.0017025308252172342,True,False
full_R3_R4_alpha_0.044394,0.04439426559183951,936,0.0018808149666559853,True,False
full_R3_R4_alpha_0.044394,0.04439426559183951,937,0.001390033561789628,True,False
full_R3_R4_alpha_0.044394,0.04439426559183951,938,0.0025701024399601333,True,False
full_R3_R4_alpha_0.044394,0.04439426559183951,939,0.0019385950171555953,True,False
full_R3_R4_alpha_0.044394,0.04439426559183951,940,0.0013608471298508316,True,False
full_R3_R4_alpha_0.044394,0.04439426559183951,941,0.0016976045953790476,True,False
full_R3_R4_alpha_0.044394,0.04439426559183951,942,0.0018661831448719504,True,False
full_R3_R4_alpha_0.044394,0.04439426559183951,943,0.0021617340490974,True,False
full_R3_R4_alpha_0.044394,0.04439426559183951,944,0.0020646678889181427,True,False
full_R3_R4_alpha_0.044394,0.04439426559183951,945,0.0026461046726801098,True,False
full_R3_R4_alpha_0.044394,0.04439426559183951,946,0.002305528430564974,True,False
full_R3_R4_alpha_0.044394,0.04439426559183951,947,0.002178703666620404,True,False
full_R3_R4_alpha_0.044394,0.04439426559183951,948,0.0024962092183333806,True,False
full_R3_R4_alpha_0.044394,0.04439426559183951,949,0.003190726870600906,True,False
full_R3_R4_alpha_0.044394,0.04439426559183951,950,0.0017409642275143244,True,False
full_R3_R4_alpha_0.044394,0.04439426559183951,951,0.0016290202407225724,True,False
full_R3_R4_alpha_0.044394,0.04439426559183951,952,0.0022184274630770687,True,False
full_R3_R4_alpha_0.044394,0.04439426559183951,953,0.0018068037847178027,True,False
full_R3_R4_alpha_0.044394,0.04439426559183951,954,0.002165620004446286,True,False
full_R3_R4_alpha_0.044394,0.04439426559183951,955,0.001678824097534908,True,False
full_R3_R4_alpha_0.044394,0.04439426559183951,956,0.001962809091866717,True,False
full_R3_R4_alpha_0.044394,0.04439426559183951,957,0.0024996319200687603,True,False
full_R3_R4_alpha_0.044394,0.04439426559183951,958,0.002213453299253144,True,False
full_R3_R4_alpha_0.044394,0.04439426559183951,959,0.0021365746263398563,True,False
full_R3_R4_alpha_0.044394,0.04439426559183951,960,0.0015687300665333203,True,False
full_R3_R4_alpha_0.044394,0.04439426559183951,961,0.0025010182542548696,True,False
full_R3_R4_alpha_0.044394,0.04439426559183951,962,0.0017106609090857356,True,False
full_R3_R4_alpha_0.044394,0.04439426559183951,963,0.0028592252882844132,True,False
full_R3_R4_alpha_0.044394,0.04439426559183951,964,0.002048688339340751,True,False
full_R3_R4_alpha_0.044394,0.04439426559183951,965,0.0019736313685619596,True,False
full_R3_R4_alpha_0.044394,0.04439426559183951,966,0.0024669465150016926,True,False
full_R3_R4_alpha_0.044394,0.04439426559183951,967,0.00212532961359806,True,False
full_R3_R4_alpha_0.044394,0.04439426559183951,968,0.0015438874091017912,True,False
full_R3_R4_alpha_0.044394,0.04439426559183951,969,0.0023121876847666378,True,False
full_R3_R4_alpha_0.044394,0.04439426559183951,970,0.0023590267184524934,True,False
full_R3_R4_alpha_0.044394,0.04439426559183951,971,0.0021423920331484205,True,False
full_R3_R4_alpha_0.044394,0.04439426559183951,972,0.0010648448528193276,True,False
full_R3_R4_alpha_0.044394,0.04439426559183951,973,0.0013008325407566478,True,False
full_R3_R4_alpha_0.044394,0.04439426559183951,974,0.0022632298975222617,True,False
full_R3_R4_alpha_0.044394,0.04439426559183951,975,0.00207147925719558,True,False
full_R3_R4_alpha_0.044394,0.04439426559183951,976,0.0023455760702493465,True,False
full_R3_R4_alpha_0.044394,0.04439426559183951,977,0.0016636710577277415,True,False
full_R3_R4_alpha_0.044394,0.04439426559183951,978,0.0022505976578086452,True,False
full_R3_R4_alpha_0.044394,0.04439426559183951,979,0.002590742452392492,True,False
full_R3_R4_alpha_0.044394,0.04439426559183951,980,0.0015329825194722135,True,False
full_R3_R4_alpha_0.044394,0.04439426559183951,981,0.002374834727321198,True,False
full_R3_R4_alpha_0.044394,0.04439426559183951,982,0.0011538223473312168,True,False
full_R3_R4_alpha_0.044394,0.04439426559183951,983,0.002130279369469531,True,False
full_R3_R4_alpha_0.044394,0.04439426559183951,984,0.002545759528402766,True,False
full_R3_R4_alpha_0.044394,0.04439426559183951,985,0.0029748453645129917,True,False
full_R3_R4_alpha_0.044394,0.04439426559183951,986,0.0023841864797791937,True,False
full_R3_R4_alpha_0.044394,0.04439426559183951,987,0.0032241293678229727,True,False
full_R3_R4_alpha_0.044394,0.04439426559183951,988,0.0022529733204068813,True,False
full_R3_R4_alpha_0.044394,0.04439426559183951,989,0.001421790130829105,True,False
full_R3_R4_alpha_0.044394,0.04439426559183951,990,0.0020084892884654894,True,False
full_R3_R4_alpha_0.044394,0.04439426559183951,991,0.0020260395605386354,True,False
full_R3_R4_alpha_0.044394,0.04439426559183951,992,0.001632998051397376,True,False
full_R3_R4_alpha_0.044394,0.04439426559183951,993,0.0015085439201444973,True,False
full_R3_R4_alpha_0.044394,0.04439426559183951,994,0.00199749181326571,True,False
full_R3_R4_alpha_0.044394,0.04439426559183951,995,0.0016465190836002991,True,False
full_R3_R4_alpha_0.044394,0.04439426559183951,996,0.0017577734385647355,True,False
full_R3_R4_alpha_0.044394,0.04439426559183951,997,0.0017136293377823387,True,False
full_R3_R4_alpha_0.044394,0.04439426559183951,998,0.0016823562365905476,True,False
full_R3_R4_alpha_0.044394,0.04439426559183951,999,0.0015153925409731358,True,False
full_R3_R4_alpha_0.044394,0.04439426559183951,1000,0.001806431320586253,True,False
full_R3_R4_alpha_0.060000,0.06,1,0.0020352468467484466,True,False
full_R3_R4_alpha_0.060000,0.06,2,0.0014452007997216212,True,False
full_R3_R4_alpha_0.060000,0.06,3,0.0013984386071010232,True,False
full_R3_R4_alpha_0.060000,0.06,4,0.0020918783155736897,True,False
full_R3_R4_alpha_0.060000,0.06,5,0.002908866694137306,True,False
full_R3_R4_alpha_0.060000,0.06,6,0.0020498557811496456,True,False
full_R3_R4_alpha_0.060000,0.06,7,0.0015016002114825564,True,False
full_R3_R4_alpha_0.060000,0.06,8,0.0024689156425991904,True,False
full_R3_R4_alpha_0.060000,0.06,9,0.0026116372857065964,True,False
full_R3_R4_alpha_0.060000,0.06,10,0.0020948672113241065,True,False
full_R3_R4_alpha_0.060000,0.06,11,0.002036686601622782,True,False
full_R3_R4_alpha_0.060000,0.06,12,0.002289820639406838,True,False
full_R3_R4_alpha_0.060000,0.06,13,0.0014516450888996614,True,False
full_R3_R4_alpha_0.060000,0.06,14,0.0013751481681578898,True,False
full_R3_R4_alpha_0.060000,0.06,15,0.001631326515852393,True,False
full_R3_R4_alpha_0.060000,0.06,16,0.002128909773978507,True,False
full_R3_R4_alpha_0.060000,0.06,17,0.002662674089572092,True,False
full_R3_R4_alpha_0.060000,0.06,18,0.0031276926279960897,True,False
full_R3_R4_alpha_0.060000,0.06,19,0.0021110251927552756,True,False
full_R3_R4_alpha_0.060000,0.06,20,0.0019058090537375876,True,False
full_R3_R4_alpha_0.060000,0.06,21,0.00233812795462898,True,False
full_R3_R4_alpha_0.060000,0.06,22,0.0026210547988430298,True,False
full_R3_R4_alpha_0.060000,0.06,23,0.0020348830236019753,True,False
full_R3_R4_alpha_0.060000,0.06,24,0.001733095749060373,True,False
full_R3_R4_alpha_0.060000,0.06,25,0.0019065006559178714,True,False
full_R3_R4_alpha_0.060000,0.06,26,0.0022832535637667723,True,False
full_R3_R4_alpha_0.060000,0.06,27,0.0023694356009616277,True,False
full_R3_R4_alpha_0.060000,0.06,28,0.0015155444079096563,True,False
full_R3_R4_alpha_0.060000,0.06,29,0.0015978522137027476,True,False
full_R3_R4_alpha_0.060000,0.06,30,0.0008600932847745448,True,False
full_R3_R4_alpha_0.060000,0.06,31,0.001098185719269714,True,False
full_R3_R4_alpha_0.060000,0.06,32,0.001908752151073181,True,False
full_R3_R4_alpha_0.060000,0.06,33,0.0013857689731786114,True,False
full_R3_R4_alpha_0.060000,0.06,34,0.002186394444732629,True,False
full_R3_R4_alpha_0.060000,0.06,35,0.001711909893262961,True,False
full_R3_R4_alpha_0.060000,0.06,36,0.001873508383511258,True,False
full_R3_R4_alpha_0.060000,0.06,37,0.0025017686437400965,True,False
full_R3_R4_alpha_0.060000,0.06,38,0.001879169004363006,True,False
full_R3_R4_alpha_0.060000,0.06,39,0.0030914160745405318,True,False
full_R3_R4_alpha_0.060000,0.06,40,0.0025130578499339036,True,False
full_R3_R4_alpha_0.060000,0.06,41,0.0024799623871233256,True,False
full_R3_R4_alpha_0.060000,0.06,42,0.0015567831821613205,True,False
full_R3_R4_alpha_0.060000,0.06,43,0.0017161100748262542,True,False
full_R3_R4_alpha_0.060000,0.06,44,0.0020394168859202933,True,False
full_R3_R4_alpha_0.060000,0.06,45,0.0018654470747895174,True,False
full_R3_R4_alpha_0.060000,0.06,46,0.0018784547656678933,True,False
full_R3_R4_alpha_0.060000,0.06,47,0.0024105806174267294,True,False
full_R3_R4_alpha_0.060000,0.06,48,0.001954728754233748,True,False
full_R3_R4_alpha_0.060000,0.06,49,0.0011611358334455647,True,False
full_R3_R4_alpha_0.060000,0.06,50,0.001594828696064158,True,False
full_R3_R4_alpha_0.060000,0.06,51,0.0017730694343205023,True,False
full_R3_R4_alpha_0.060000,0.06,52,0.002171387284636143,True,False
full_R3_R4_alpha_0.060000,0.06,53,0.0016723351932394206,True,False
full_R3_R4_alpha_0.060000,0.06,54,0.0021115657820123214,True,False
full_R3_R4_alpha_0.060000,0.06,55,0.001638422366029332,True,False
full_R3_R4_alpha_0.060000,0.06,56,0.0019795285560434274,True,False
full_R3_R4_alpha_0.060000,0.06,57,0.00154058077621841,True,False
full_R3_R4_alpha_0.060000,0.06,58,0.0015471644984441455,True,False
full_R3_R4_alpha_0.060000,0.06,59,0.0013450640302292726,True,False
full_R3_R4_alpha_0.060000,0.06,60,0.0018317556138740287,True,False
full_R3_R4_alpha_0.060000,0.06,61,0.00175637253634218,True,False
full_R3_R4_alpha_0.060000,0.06,62,0.0012516346136030158,True,False
full_R3_R4_alpha_0.060000,0.06,63,0.001927323888198706,True,False
full_R3_R4_alpha_0.060000,0.06,64,0.0017586432977361776,True,False
full_R3_R4_alpha_0.060000,0.06,65,0.0015390305723995822,True,False
full_R3_R4_alpha_0.060000,0.06,66,0.0019798919107287256,True,False
full_R3_R4_alpha_0.060000,0.06,67,0.0010113852372959046,True,False
full_R3_R4_alpha_0.060000,0.06,68,0.0018923786206639368,True,False
full_R3_R4_alpha_0.060000,0.06,69,0.0014572781057981719,True,False
full_R3_R4_alpha_0.060000,0.06,70,0.0019649728465442728,True,False
full_R3_R4_alpha_0.060000,0.06,71,0.001643111575549519,True,False
full_R3_R4_alpha_0.060000,0.06,72,0.0016421733385531014,True,False
full_R3_R4_alpha_0.060000,0.06,73,0.0015044447454608074,True,False
full_R3_R4_alpha_0.060000,0.06,74,0.0016616389525525518,True,False
full_R3_R4_alpha_0.060000,0.06,75,0.0022588976189442523,True,False
full_R3_R4_alpha_0.060000,0.06,76,0.0016923749581328968,True,False
full_R3_R4_alpha_0.060000,0.06,77,0.0019155885406981414,True,False
full_R3_R4_alpha_0.060000,0.06,78,0.0021269348345100557,True,False
full_R3_R4_alpha_0.060000,0.06,79,0.001086579756448261,True,False
full_R3_R4_alpha_0.060000,0.06,80,0.0030038316117875457,True,False
full_R3_R4_alpha_0.060000,0.06,81,0.0013696268053138613,True,False
full_R3_R4_alpha_0.060000,0.06,82,0.001820639715536651,True,False
full_R3_R4_alpha_0.060000,0.06,83,0.002062568776689356,True,False
full_R3_R4_alpha_0.060000,0.06,84,0.0013004040771405192,True,False
full_R3_R4_alpha_0.060000,0.06,85,0.002036502253478051,True,False
full_R3_R4_alpha_0.060000,0.06,86,0.001246927046404562,True,False
full_R3_R4_alpha_0.060000,0.06,87,0.0019366874196926754,True,False
full_R3_R4_alpha_0.060000,0.06,88,0.0018198480306076059,True,False
full_R3_R4_alpha_0.060000,0.06,89,0.0019539181657819114,True,False
full_R3_R4_alpha_0.060000,0.06,90,0.0016425331476048672,True,False
full_R3_R4_alpha_0.060000,0.06,91,0.001992124888051921,True,False
full_R3_R4_alpha_0.060000,0.06,92,0.0014797128979286305,True,False
full_R3_R4_alpha_0.060000,0.06,93,0.0016624041491182236,True,False
full_R3_R4_alpha_0.060000,0.06,94,0.0019250655735178741,True,False
full_R3_R4_alpha_0.060000,0.06,95,0.0019020866353273368,True,False
full_R3_R4_alpha_0.060000,0.06,96,0.002088807667066577,True,False
full_R3_R4_alpha_0.060000,0.06,97,0.0013405681556582713,True,False
full_R3_R4_alpha_0.060000,0.06,98,0.0014464525360997269,True,False
full_R3_R4_alpha_0.060000,0.06,99,0.0020411627813223727,True,False
full_R3_R4_alpha_0.060000,0.06,100,0.0018974072076008539,True,False
full_R3_R4_alpha_0.060000,0.06,101,0.0022528375432599892,True,False
full_R3_R4_alpha_0.060000,0.06,102,0.0014127626900991886,True,False
full_R3_R4_alpha_0.060000,0.06,103,0.0017272719223068696,True,False
full_R3_R4_alpha_0.060000,0.06,104,0.0015589211261461304,True,False
full_R3_R4_alpha_0.060000,0.06,105,0.0016634568430911663,True,False
full_R3_R4_alpha_0.060000,0.06,106,0.002336537059090676,True,False
full_R3_R4_alpha_0.060000,0.06,107,0.001942645076918994,True,False
full_R3_R4_alpha_0.060000,0.06,108,0.0014880734232899434,True,False
full_R3_R4_alpha_0.060000,0.06,109,0.0024665769627766894,True,False
full_R3_R4_alpha_0.060000,0.06,110,0.002142084364728502,True,False
full_R3_R4_alpha_0.060000,0.06,111,0.002434811305286853,True,False
full_R3_R4_alpha_0.060000,0.06,112,0.0022206548912528656,True,False
full_R3_R4_alpha_0.060000,0.06,113,0.002118744108705313,True,False
full_R3_R4_alpha_0.060000,0.06,114,0.0018684783438369394,True,False
full_R3_R4_alpha_0.060000,0.06,115,0.0017037786107628457,True,False
full_R3_R4_alpha_0.060000,0.06,116,0.002291857386551327,True,False
full_R3_R4_alpha_0.060000,0.06,117,0.0025938190096214215,True,False
full_R3_R4_alpha_0.060000,0.06,118,0.002863753519151811,True,False
full_R3_R4_alpha_0.060000,0.06,119,0.0012293269202601018,True,False
full_R3_R4_alpha_0.060000,0.06,120,0.0015369645912109158,True,False
full_R3_R4_alpha_0.060000,0.06,121,0.001708744763666738,True,False
full_R3_R4_alpha_0.060000,0.06,122,0.0016067496255258056,True,False
full_R3_R4_alpha_0.060000,0.06,123,0.0030514695226286455,True,False
full_R3_R4_alpha_0.060000,0.06,124,0.002542113734236181,True,False
full_R3_R4_alpha_0.060000,0.06,125,0.0018278006384318897,True,False
full_R3_R4_alpha_0.060000,0.06,126,0.0020519445616432133,True,False
full_R3_R4_alpha_0.060000,0.06,127,0.0013462907632938342,True,False
full_R3_R4_alpha_0.060000,0.06,128,0.0024316622028685677,True,False
full_R3_R4_alpha_0.060000,0.06,129,0.0017644010755758258,True,False
full_R3_R4_alpha_0.060000,0.06,130,0.0024248270473808003,True,False
full_R3_R4_alpha_0.060000,0.06,131,0.0020456044133815013,True,False
full_R3_R4_alpha_0.060000,0.06,132,0.0016439778939945258,True,False
full_R3_R4_alpha_0.060000,0.06,133,0.0021850034791989284,True,False
full_R3_R4_alpha_0.060000,0.06,134,0.0016750425618225662,True,False
full_R3_R4_alpha_0.060000,0.06,135,0.0027640447242336095,True,False
full_R3_R4_alpha_0.060000,0.06,136,0.0011919019988062113,True,False
full_R3_R4_alpha_0.060000,0.06,137,0.00198910193475939,True,False
full_R3_R4_alpha_0.060000,0.06,138,0.0018085936199011999,True,False
full_R3_R4_alpha_0.060000,0.06,139,0.0018992742234215344,True,False
full_R3_R4_alpha_0.060000,0.06,140,0.0022191364730191503,True,False
full_R3_R4_alpha_0.060000,0.06,141,0.0014275995553253208,True,False
full_R3_R4_alpha_0.060000,0.06,142,0.0015110851964913207,True,False
full_R3_R4_alpha_0.060000,0.06,143,0.0013643963870381157,True,False
full_R3_R4_alpha_0.060000,0.06,144,0.00232700380471206,True,False
full_R3_R4_alpha_0.060000,0.06,145,0.0013436458739646958,True,False
full_R3_R4_alpha_0.060000,0.06,146,0.0023636922247527808,True,False
full_R3_R4_alpha_0.060000,0.06,147,0.0010343019953458102,True,False
full_R3_R4_alpha_0.060000,0.06,148,0.001466987891773225,True,False
full_R3_R4_alpha_0.060000,0.06,149,0.0017189582675133507,True,False
full_R3_R4_alpha_0.060000,0.06,150,0.002030568512479075,True,False
full_R3_R4_alpha_0.060000,0.06,151,0.0012630976886528174,True,False
full_R3_R4_alpha_0.060000,0.06,152,0.0021653841038599213,True,False
full_R3_R4_alpha_0.060000,0.06,153,0.002430312541869083,True,False
full_R3_R4_alpha_0.060000,0.06,154,0.0011363583020762894,True,False
full_R3_R4_alpha_0.060000,0.06,155,0.0020711950252263554,True,False
full_R3_R4_alpha_0.060000,0.06,156,0.0021741125827290935,True,False
full_R3_R4_alpha_0.060000,0.06,157,0.0015428731668068608,True,False
full_R3_R4_alpha_0.060000,0.06,158,0.0020729186779735137,True,False
full_R3_R4_alpha_0.060000,0.06,159,0.0009508794649192008,True,False
full_R3_R4_alpha_0.060000,0.06,160,0.0026311713351392647,True,False
full_R3_R4_alpha_0.060000,0.06,161,0.0022936396966813967,True,False
full_R3_R4_alpha_0.060000,0.06,162,0.0024945315594095546,True,False
full_R3_R4_alpha_0.060000,0.06,163,0.002140494215984248,True,False
full_R3_R4_alpha_0.060000,0.06,164,0.0018466966415582164,True,False
full_R3_R4_alpha_0.060000,0.06,165,0.0014623263483689625,True,False
full_R3_R4_alpha_0.060000,0.06,166,0.0017376881713446809,True,False
full_R3_R4_alpha_0.060000,0.06,167,0.0017679247218204677,True,False
full_R3_R4_alpha_0.060000,0.06,168,0.0018286462889996107,True,False
full_R3_R4_alpha_0.060000,0.06,169,0.002995664411387882,True,False
full_R3_R4_alpha_0.060000,0.06,170,0.002978922072202467,True,False
full_R3_R4_alpha_0.060000,0.06,171,0.0011534526748541794,True,False
full_R3_R4_alpha_0.060000,0.06,172,0.0017640469462565872,True,False
full_R3_R4_alpha_0.060000,0.06,173,0.0015756338763516838,True,False
full_R3_R4_alpha_0.060000,0.06,174,0.0015387302256546903,True,False
full_R3_R4_alpha_0.060000,0.06,175,0.00157765003373191,True,False
full_R3_R4_alpha_0.060000,0.06,176,0.0016447220175984203,True,False
full_R3_R4_alpha_0.060000,0.06,177,0.0019501119157820292,True,False
full_R3_R4_alpha_0.060000,0.06,178,0.001602558280156185,True,False
full_R3_R4_alpha_0.060000,0.06,179,0.0020349569336707792,True,False
full_R3_R4_alpha_0.060000,0.06,180,0.002155425198529312,True,False
full_R3_R4_alpha_0.060000,0.06,181,0.0023625752225745035,True,False
full_R3_R4_alpha_0.060000,0.06,182,0.0027199657706685285,True,False
full_R3_R4_alpha_0.060000,0.06,183,0.002137838495379286,True,False
full_R3_R4_alpha_0.060000,0.06,184,0.0017508909147767853,True,False
full_R3_R4_alpha_0.060000,0.06,185,0.0014377106900546998,True,False
full_R3_R4_alpha_0.060000,0.06,186,0.00266002804070224,True,False
full_R3_R4_alpha_0.060000,0.06,187,0.002349508103631889,True,False
full_R3_R4_alpha_0.060000,0.06,188,0.001351299283004674,True,False
full_R3_R4_alpha_0.060000,0.06,189,0.001693981999869749,True,False
full_R3_R4_alpha_0.060000,0.06,190,0.0017547777092657055,True,False
full_R3_R4_alpha_0.060000,0.06,191,0.0016431050687263546,True,False
full_R3_R4_alpha_0.060000,0.06,192,0.0025566590327499744,True,False
full_R3_R4_alpha_0.060000,0.06,193,0.0013805070879602207,True,False
full_R3_R4_alpha_0.060000,0.06,194,0.001770622479041984,True,False
full_R3_R4_alpha_0.060000,0.06,195,0.0015419554852104391,True,False
full_R3_R4_alpha_0.060000,0.06,196,0.0018971750632716979,True,False
full_R3_R4_alpha_0.060000,0.06,197,0.0014093301359605224,True,False
full_R3_R4_alpha_0.060000,0.06,198,0.002317057569082805,True,False
full_R3_R4_alpha_0.060000,0.06,199,0.0014024062236046022,True,False
full_R3_R4_alpha_0.060000,0.06,200,0.0014978808371564547,True,False
full_R3_R4_alpha_0.060000,0.06,201,0.0016285527036183278,True,False
full_R3_R4_alpha_0.060000,0.06,202,0.0017643516924454165,True,False
full_R3_R4_alpha_0.060000,0.06,203,0.0026216538821528606,True,False
full_R3_R4_alpha_0.060000,0.06,204,0.0016040078362669042,True,False
full_R3_R4_alpha_0.060000,0.06,205,0.001376083767955275,True,False
full_R3_R4_alpha_0.060000,0.06,206,0.0028350342836971276,True,False
full_R3_R4_alpha_0.060000,0.06,207,0.0020100102053824164,True,False
full_R3_R4_alpha_0.060000,0.06,208,0.0027936469465165595,True,False
full_R3_R4_alpha_0.060000,0.06,209,0.0018793808921792445,True,False
full_R3_R4_alpha_0.060000,0.06,210,0.0011566707208323986,True,False
full_R3_R4_alpha_0.060000,0.06,211,0.0018035657723028042,True,False
full_R3_R4_alpha_0.060000,0.06,212,0.001991727351122611,True,False
full_R3_R4_alpha_0.060000,0.06,213,0.0018734132424273024,True,False
full_R3_R4_alpha_0.060000,0.06,214,0.0016006951830013847,True,False
full_R3_R4_alpha_0.060000,0.06,215,0.002170736335442101,True,False
full_R3_R4_alpha_0.060000,0.06,216,0.001523924458948607,True,False
full_R3_R4_alpha_0.060000,0.06,217,0.001324369646959524,True,False
full_R3_R4_alpha_0.060000,0.06,218,0.0017939626809136784,True,False
full_R3_R4_alpha_0.060000,0.06,219,0.0011041267078497623,True,False
full_R3_R4_alpha_0.060000,0.06,220,0.0015720259009661928,True,False
full_R3_R4_alpha_0.060000,0.06,221,0.002154151317998727,True,False
full_R3_R4_alpha_0.060000,0.06,222,0.00347834258131141,True,False
full_R3_R4_alpha_0.060000,0.06,223,0.0014886332011007902,True,False
full_R3_R4_alpha_0.060000,0.06,224,0.001529269760572089,True,False
full_R3_R4_alpha_0.060000,0.06,225,0.0016994272415519602,True,False
full_R3_R4_alpha_0.060000,0.06,226,0.0017268962376049168,True,False
full_R3_R4_alpha_0.060000,0.06,227,0.0018199040203136284,True,False
full_R3_R4_alpha_0.060000,0.06,228,0.0017937364792658293,True,False
full_R3_R4_alpha_0.060000,0.06,229,0.0015780457089508671,True,False
full_R3_R4_alpha_0.060000,0.06,230,0.0023271964396706702,True,False
full_R3_R4_alpha_0.060000,0.06,231,0.0019766931409575263,True,False
full_R3_R4_alpha_0.060000,0.06,232,0.0017972967887274897,True,False
full_R3_R4_alpha_0.060000,0.06,233,0.002754555152036377,True,False
full_R3_R4_alpha_0.060000,0.06,234,0.0029906237639769338,True,False
full_R3_R4_alpha_0.060000,0.06,235,0.0025117325681035156,True,False
full_R3_R4_alpha_0.060000,0.06,236,0.0018809722260070656,True,False
full_R3_R4_alpha_0.060000,0.06,237,0.0015510690033789453,True,False
full_R3_R4_alpha_0.060000,0.06,238,0.002020036990042009,True,False
full_R3_R4_alpha_0.060000,0.06,239,0.0012192257194834077,True,False
full_R3_R4_alpha_0.060000,0.06,240,0.0016635395308542363,True,False
full_R3_R4_alpha_0.060000,0.06,241,0.00242756464254645,True,False
full_R3_R4_alpha_0.060000,0.06,242,0.0016311978138778926,True,False
full_R3_R4_alpha_0.060000,0.06,243,0.0020661687877909746,True,False
full_R3_R4_alpha_0.060000,0.06,244,0.0020284190797379997,True,False
full_R3_R4_alpha_0.060000,0.06,245,0.0013943744923862295,True,False
full_R3_R4_alpha_0.060000,0.06,246,0.0012791922320856276,True,False
full_R3_R4_alpha_0.060000,0.06,247,0.002579792381008103,True,False
full_R3_R4_alpha_0.060000,0.06,248,0.0027544896654074116,True,False
full_R3_R4_alpha_0.060000,0.06,249,0.0022310765710166587,True,False
full_R3_R4_alpha_0.060000,0.06,250,0.0015540628599021772,True,False
full_R3_R4_alpha_0.060000,0.06,251,0.0018095023983324273,True,False
full_R3_R4_alpha_0.060000,0.06,252,0.002399617440843327,True,False
full_R3_R4_alpha_0.060000,0.06,253,0.0013407408433078678,True,False
full_R3_R4_alpha_0.060000,0.06,254,0.002932477655326192,True,False
full_R3_R4_alpha_0.060000,0.06,255,0.0018742438356790458,True,False
full_R3_R4_alpha_0.060000,0.06,256,0.0015905082244448221,True,False
full_R3_R4_alpha_0.060000,0.06,257,0.0016035047600962357,True,False
full_R3_R4_alpha_0.060000,0.06,258,0.004418918307102885,True,False
full_R3_R4_alpha_0.060000,0.06,259,0.0016102040462094532,True,False
full_R3_R4_alpha_0.060000,0.06,260,0.001059682212949725,True,False
full_R3_R4_alpha_0.060000,0.06,261,0.0010896862973751957,True,False
full_R3_R4_alpha_0.060000,0.06,262,0.0019540031220144005,True,False
full_R3_R4_alpha_0.060000,0.06,263,0.0012417103424430048,True,False
full_R3_R4_alpha_0.060000,0.06,264,0.0021012804598991683,True,False
full_R3_R4_alpha_0.060000,0.06,265,0.0017179903113240683,True,False
full_R3_R4_alpha_0.060000,0.06,266,0.0019114038840538333,True,False
full_R3_R4_alpha_0.060000,0.06,267,0.002171368389399153,True,False
full_R3_R4_alpha_0.060000,0.06,268,0.0018293232706413716,True,False
full_R3_R4_alpha_0.060000,0.06,269,0.0022512140904325235,True,False
full_R3_R4_alpha_0.060000,0.06,270,0.0018917463626582636,True,False
full_R3_R4_alpha_0.060000,0.06,271,0.0020319202667248687,True,False
full_R3_R4_alpha_0.060000,0.06,272,0.0013802301742169248,True,False
full_R3_R4_alpha_0.060000,0.06,273,0.00303857905691054,True,False
full_R3_R4_alpha_0.060000,0.06,274,0.0014317559375690476,True,False
full_R3_R4_alpha_0.060000,0.06,275,0.0017976750844141685,True,False
full_R3_R4_alpha_0.060000,0.06,276,0.0009167746243944877,True,False
full_R3_R4_alpha_0.060000,0.06,277,0.002323934502302098,True,False
full_R3_R4_alpha_0.060000,0.06,278,0.0018922326853261858,True,False
full_R3_R4_alpha_0.060000,0.06,279,0.002403519993834573,True,False
full_R3_R4_alpha_0.060000,0.06,280,0.0018241956056554312,True,False
full_R3_R4_alpha_0.060000,0.06,281,0.0029251674088222905,True,False
full_R3_R4_alpha_0.060000,0.06,282,0.0015710621752636597,True,False
full_R3_R4_alpha_0.060000,0.06,283,0.0016865273470715505,True,False
full_R3_R4_alpha_0.060000,0.06,284,0.0022901732702201843,True,False
full_R3_R4_alpha_0.060000,0.06,285,0.0016181405861785826,True,False
full_R3_R4_alpha_0.060000,0.06,286,0.0022721415971317816,True,False
full_R3_R4_alpha_0.060000,0.06,287,0.001881851723620567,True,False
full_R3_R4_alpha_0.060000,0.06,288,0.0013996306870980373,True,False
full_R3_R4_alpha_0.060000,0.06,289,0.0018811496161431865,True,False
full_R3_R4_alpha_0.060000,0.06,290,0.001852165019214483,True,False
full_R3_R4_alpha_0.060000,0.06,291,0.0013260435188772067,True,False
full_R3_R4_alpha_0.060000,0.06,292,0.001587457138742239,True,False
full_R3_R4_alpha_0.060000,0.06,293,0.0013285381000159259,True,False
full_R3_R4_alpha_0.060000,0.06,294,0.0021955416690801334,True,False
full_R3_R4_alpha_0.060000,0.06,295,0.0016180134734657757,True,False
full_R3_R4_alpha_0.060000,0.06,296,0.001802161329906307,True,False
full_R3_R4_alpha_0.060000,0.06,297,0.002896563678430352,True,False
full_R3_R4_alpha_0.060000,0.06,298,0.001781173965854163,True,False
full_R3_R4_alpha_0.060000,0.06,299,0.0015827972121682785,True,False
full_R3_R4_alpha_0.060000,0.06,300,0.002018245782549993,True,False
full_R3_R4_alpha_0.060000,0.06,301,0.001700686827888392,True,False
full_R3_R4_alpha_0.060000,0.06,302,0.0020716272257489954,True,False
full_R3_R4_alpha_0.060000,0.06,303,0.0026410950634746166,True,False
full_R3_R4_alpha_0.060000,0.06,304,0.0014407267297757256,True,False
full_R3_R4_alpha_0.060000,0.06,305,0.001464047496346715,True,False
full_R3_R4_alpha_0.060000,0.06,306,0.002629156919491402,True,False
full_R3_R4_alpha_0.060000,0.06,307,0.0017965266763905552,True,False
full_R3_R4_alpha_0.060000,0.06,308,0.0017011950625779094,True,False
full_R3_R4_alpha_0.060000,0.06,309,0.002268488493094865,True,False
full_R3_R4_alpha_0.060000,0.06,310,0.00154978018753172,True,False
full_R3_R4_alpha_0.060000,0.06,311,0.0012538051270079345,True,False
full_R3_R4_alpha_0.060000,0.06,312,0.0019571842348048265,True,False
full_R3_R4_alpha_0.060000,0.06,313,0.0013813728848687797,True,False
full_R3_R4_alpha_0.060000,0.06,314,0.0018068103408978686,True,False
full_R3_R4_alpha_0.060000,0.06,315,0.001847949214121639,True,False
full_R3_R4_alpha_0.060000,0.06,316,0.001673500414618396,True,False
full_R3_R4_alpha_0.060000,0.06,317,0.0017537202322202667,True,False
full_R3_R4_alpha_0.060000,0.06,318,0.0020226909866656873,True,False
full_R3_R4_alpha_0.060000,0.06,319,0.002482735700447965,True,False
full_R3_R4_alpha_0.060000,0.06,320,0.0014522859432785004,True,False
full_R3_R4_alpha_0.060000,0.06,321,0.00197039833766657,True,False
full_R3_R4_alpha_0.060000,0.06,322,0.0017473116091452242,True,False
full_R3_R4_alpha_0.060000,0.06,323,0.0015538203783715483,True,False
full_R3_R4_alpha_0.060000,0.06,324,0.0017354400364452687,True,False
full_R3_R4_alpha_0.060000,0.06,325,0.002070797445374942,True,False
full_R3_R4_alpha_0.060000,0.06,326,0.0015396473871613725,True,False
full_R3_R4_alpha_0.060000,0.06,327,0.0019108704142222818,True,False
full_R3_R4_alpha_0.060000,0.06,328,0.0017641288924348623,True,False
full_R3_R4_alpha_0.060000,0.06,329,0.0015995537755541277,True,False
full_R3_R4_alpha_0.060000,0.06,330,0.0017854617025180276,True,False
full_R3_R4_alpha_0.060000,0.06,331,0.0024774583022652546,True,False
full_R3_R4_alpha_0.060000,0.06,332,0.0015959917603610573,True,False
full_R3_R4_alpha_0.060000,0.06,333,0.0015363886651621052,True,False
full_R3_R4_alpha_0.060000,0.06,334,0.0026200977742217614,True,False
full_R3_R4_alpha_0.060000,0.06,335,0.0027010788616466616,True,False
full_R3_R4_alpha_0.060000,0.06,336,0.0018068919927404286,True,False
full_R3_R4_alpha_0.060000,0.06,337,0.0021884216368482194,True,False
full_R3_R4_alpha_0.060000,0.06,338,0.002596938868011971,True,False
full_R3_R4_alpha_0.060000,0.06,339,0.002197682910903134,True,False
full_R3_R4_alpha_0.060000,0.06,340,0.0018281042532199425,True,False
full_R3_R4_alpha_0.060000,0.06,341,0.0015759386132352257,True,False
full_R3_R4_alpha_0.060000,0.06,342,0.001249856169880074,True,False
full_R3_R4_alpha_0.060000,0.06,343,0.0022062585641226796,True,False
full_R3_R4_alpha_0.060000,0.06,344,0.0022428126537361805,True,False
full_R3_R4_alpha_0.060000,0.06,345,0.0017731358451390628,True,False
full_R3_R4_alpha_0.060000,0.06,346,0.0011674795039185151,True,False
full_R3_R4_alpha_0.060000,0.06,347,0.0015910838213500861,True,False
full_R3_R4_alpha_0.060000,0.06,348,0.0013809026950663207,True,False
full_R3_R4_alpha_0.060000,0.06,349,0.0019381923925347088,True,False
full_R3_R4_alpha_0.060000,0.06,350,0.0019234858301110924,True,False
full_R3_R4_alpha_0.060000,0.06,351,0.002788540060693539,True,False
full_R3_R4_alpha_0.060000,0.06,352,0.0015793686221160683,True,False
full_R3_R4_alpha_0.060000,0.06,353,0.0020702818958851094,True,False
full_R3_R4_alpha_0.060000,0.06,354,0.0017565346935376675,True,False
full_R3_R4_alpha_0.060000,0.06,355,0.0009348776619758648,True,False
full_R3_R4_alpha_0.060000,0.06,356,0.0021461714766575673,True,False
full_R3_R4_alpha_0.060000,0.06,357,0.0012108328619543586,True,False
full_R3_R4_alpha_0.060000,0.06,358,0.0036818810971909885,True,False
full_R3_R4_alpha_0.060000,0.06,359,0.0013744162798152036,True,False
full_R3_R4_alpha_0.060000,0.06,360,0.001490419029350742,True,False
full_R3_R4_alpha_0.060000,0.06,361,0.0016136610544393935,True,False
full_R3_R4_alpha_0.060000,0.06,362,0.0017475743786318568,True,False
full_R3_R4_alpha_0.060000,0.06,363,0.0012990200308902542,True,False
full_R3_R4_alpha_0.060000,0.06,364,0.0014705965245434469,True,False
full_R3_R4_alpha_0.060000,0.06,365,0.002509230135022025,True,False
full_R3_R4_alpha_0.060000,0.06,366,0.0016708718653251403,True,False
full_R3_R4_alpha_0.060000,0.06,367,0.001851183271859042,True,False
full_R3_R4_alpha_0.060000,0.06,368,0.002032472684679295,True,False
full_R3_R4_alpha_0.060000,0.06,369,0.0016214452999261143,True,False
full_R3_R4_alpha_0.060000,0.06,370,0.001676940139374394,True,False
full_R3_R4_alpha_0.060000,0.06,371,0.0017727336604946335,True,False
full_R3_R4_alpha_0.060000,0.06,372,0.0014559742192939984,True,False
full_R3_R4_alpha_0.060000,0.06,373,0.002898283668152783,True,False
full_R3_R4_alpha_0.060000,0.06,374,0.0019225622913659074,True,False
full_R3_R4_alpha_0.060000,0.06,375,0.0014748231654216923,True,False
full_R3_R4_alpha_0.060000,0.06,376,0.002127695490887576,True,False
full_R3_R4_alpha_0.060000,0.06,377,0.0023678319037000973,True,False
full_R3_R4_alpha_0.060000,0.06,378,0.001669683723154466,True,False
full_R3_R4_alpha_0.060000,0.06,379,0.0018821498519860425,True,False
full_R3_R4_alpha_0.060000,0.06,380,0.0018336709678307796,True,False
full_R3_R4_alpha_0.060000,0.06,381,0.0015236299816672235,True,False
full_R3_R4_alpha_0.060000,0.06,382,0.0015291296466907638,True,False
full_R3_R4_alpha_0.060000,0.06,383,0.0018096475815958743,True,False
full_R3_R4_alpha_0.060000,0.06,384,0.0019140224025332266,True,False
full_R3_R4_alpha_0.060000,0.06,385,0.0016277645429383844,True,False
full_R3_R4_alpha_0.060000,0.06,386,0.0013355416631910355,True,False
full_R3_R4_alpha_0.060000,0.06,387,0.0013988519868244316,True,False
full_R3_R4_alpha_0.060000,0.06,388,0.0014989716076754583,True,False
full_R3_R4_alpha_0.060000,0.06,389,0.0015181574165682938,True,False
full_R3_R4_alpha_0.060000,0.06,390,0.0021897637335022866,True,False
full_R3_R4_alpha_0.060000,0.06,391,0.001540397053837371,True,False
full_R3_R4_alpha_0.060000,0.06,392,0.0010953836902156682,True,False
full_R3_R4_alpha_0.060000,0.06,393,0.001550662560909634,True,False
full_R3_R4_alpha_0.060000,0.06,394,0.0027152256616157556,True,False
full_R3_R4_alpha_0.060000,0.06,395,0.0011231524123251286,True,False
full_R3_R4_alpha_0.060000,0.06,396,0.0021039018229662464,True,False
full_R3_R4_alpha_0.060000,0.06,397,0.0021921494738796382,True,False
full_R3_R4_alpha_0.060000,0.06,398,0.0017680397072404699,True,False
full_R3_R4_alpha_0.060000,0.06,399,0.001517330636617596,True,False
full_R3_R4_alpha_0.060000,0.06,400,0.001473318883212548,True,False
full_R3_R4_alpha_0.060000,0.06,401,0.0015164883733054012,True,False
full_R3_R4_alpha_0.060000,0.06,402,0.0017564185994957291,True,False
full_R3_R4_alpha_0.060000,0.06,403,0.001614788879759377,True,False
full_R3_R4_alpha_0.060000,0.06,404,0.0032042965161848177,True,False
full_R3_R4_alpha_0.060000,0.06,405,0.002310729815808716,True,False
full_R3_R4_alpha_0.060000,0.06,406,0.0019561754993757045,True,False
full_R3_R4_alpha_0.060000,0.06,407,0.001763489165196142,True,False
full_R3_R4_alpha_0.060000,0.06,408,0.0013461029973712852,True,False
full_R3_R4_alpha_0.060000,0.06,409,0.0013059864664094812,True,False
full_R3_R4_alpha_0.060000,0.06,410,0.001189722623414701,True,False
full_R3_R4_alpha_0.060000,0.06,411,0.0020511630966760096,True,False
full_R3_R4_alpha_0.060000,0.06,412,0.00391678217636568,True,False
full_R3_R4_alpha_0.060000,0.06,413,0.0011493777063576603,True,False
full_R3_R4_alpha_0.060000,0.06,414,0.0013683716131016404,True,False
full_R3_R4_alpha_0.060000,0.06,415,0.0014750628613072003,True,False
full_R3_R4_alpha_0.060000,0.06,416,0.0017960599691286428,True,False
full_R3_R4_alpha_0.060000,0.06,417,0.001778629626786225,True,False
full_R3_R4_alpha_0.060000,0.06,418,0.002021482271744098,True,False
full_R3_R4_alpha_0.060000,0.06,419,0.0016758588356193063,True,False
full_R3_R4_alpha_0.060000,0.06,420,0.0014214213859245902,True,False
full_R3_R4_alpha_0.060000,0.06,421,0.0033452338311598918,True,False
full_R3_R4_alpha_0.060000,0.06,422,0.00159991904803087,True,False
full_R3_R4_alpha_0.060000,0.06,423,0.0014073744998662945,True,False
full_R3_R4_alpha_0.060000,0.06,424,0.00188078605312551,True,False
full_R3_R4_alpha_0.060000,0.06,425,0.003323052893703108,True,False
full_R3_R4_alpha_0.060000,0.06,426,0.0021993316114911226,True,False
full_R3_R4_alpha_0.060000,0.06,427,0.0020718131076304432,True,False
full_R3_R4_alpha_0.060000,0.06,428,0.0018312344945687216,True,False
full_R3_R4_alpha_0.060000,0.06,429,0.0025648862039863085,True,False
full_R3_R4_alpha_0.060000,0.06,430,0.0027853401391951223,True,False
full_R3_R4_alpha_0.060000,0.06,431,0.0018076237176410897,True,False
full_R3_R4_alpha_0.060000,0.06,432,0.0014323936604625407,True,False
full_R3_R4_alpha_0.060000,0.06,433,0.0017690483020984154,True,False
full_R3_R4_alpha_0.060000,0.06,434,0.002052394858559487,True,False
full_R3_R4_alpha_0.060000,0.06,435,0.0019154019481300256,True,False
full_R3_R4_alpha_0.060000,0.06,436,0.00143702425851225,True,False
full_R3_R4_alpha_0.060000,0.06,437,0.0014221918753013398,True,False
full_R3_R4_alpha_0.060000,0.06,438,0.0009815406653513419,True,False
full_R3_R4_alpha_0.060000,0.06,439,0.0018406375228959028,True,False
full_R3_R4_alpha_0.060000,0.06,440,0.0040105377317000345,True,False
full_R3_R4_alpha_0.060000,0.06,441,0.0024530231303405013,True,False
full_R3_R4_alpha_0.060000,0.06,442,0.0016818373789174678,True,False
full_R3_R4_alpha_0.060000,0.06,443,0.0018951812348966149,True,False
full_R3_R4_alpha_0.060000,0.06,444,0.002937807162288019,True,False
full_R3_R4_alpha_0.060000,0.06,445,0.001247958140694398,True,False
full_R3_R4_alpha_0.060000,0.06,446,0.0024950350698679192,True,False
full_R3_R4_alpha_0.060000,0.06,447,0.0031513560280355814,True,False
full_R3_R4_alpha_0.060000,0.06,448,0.0017994744268024034,True,False
full_R3_R4_alpha_0.060000,0.06,449,0.00199842561666589,True,False
full_R3_R4_alpha_0.060000,0.06,450,0.0018648484709233703,True,False
full_R3_R4_alpha_0.060000,0.06,451,0.0016318488620040935,True,False
full_R3_R4_alpha_0.060000,0.06,452,0.00173532076695417,True,False
full_R3_R4_alpha_0.060000,0.06,453,0.0017664188913978686,True,False
full_R3_R4_alpha_0.060000,0.06,454,0.0024563351548282644,True,False
full_R3_R4_alpha_0.060000,0.06,455,0.0017397717296292919,True,False
full_R3_R4_alpha_0.060000,0.06,456,0.0017607569121199631,True,False
full_R3_R4_alpha_0.060000,0.06,457,0.002775286048890443,True,False
full_R3_R4_alpha_0.060000,0.06,458,0.002011117918475386,True,False
full_R3_R4_alpha_0.060000,0.06,459,0.0019952053328147245,True,False
full_R3_R4_alpha_0.060000,0.06,460,0.0016530506187167053,True,False
full_R3_R4_alpha_0.060000,0.06,461,0.0017554464978238036,True,False
full_R3_R4_alpha_0.060000,0.06,462,0.0022463069751226293,True,False
full_R3_R4_alpha_0.060000,0.06,463,0.0014668072471975754,True,False
full_R3_R4_alpha_0.060000,0.06,464,0.001958708138987895,True,False
full_R3_R4_alpha_0.060000,0.06,465,0.003068774350106399,True,False
full_R3_R4_alpha_0.060000,0.06,466,0.002034176980432564,True,False
full_R3_R4_alpha_0.060000,0.06,467,0.0023825559021959466,True,False
full_R3_R4_alpha_0.060000,0.06,468,0.002231686052830942,True,False
full_R3_R4_alpha_0.060000,0.06,469,0.0015879842848901182,True,False
full_R3_R4_alpha_0.060000,0.06,470,0.00289866400118133,True,False
full_R3_R4_alpha_0.060000,0.06,471,0.002252125170449555,True,False
full_R3_R4_alpha_0.060000,0.06,472,0.0018552568893638703,True,False
full_R3_R4_alpha_0.060000,0.06,473,0.0022317129478074795,True,False
full_R3_R4_alpha_0.060000,0.06,474,0.0018285332273804628,True,False
full_R3_R4_alpha_0.060000,0.06,475,0.0012631356810777746,True,False
full_R3_R4_alpha_0.060000,0.06,476,0.002629241388247602,True,False
full_R3_R4_alpha_0.060000,0.06,477,0.001386428385475671,True,False
full_R3_R4_alpha_0.060000,0.06,478,0.002035577606602245,True,False
full_R3_R4_alpha_0.060000,0.06,479,0.001552009470225212,True,False
full_R3_R4_alpha_0.060000,0.06,480,0.0022419916638638055,True,False
full_R3_R4_alpha_0.060000,0.06,481,0.0017139845826554649,True,False
full_R3_R4_alpha_0.060000,0.06,482,0.0022263321010596716,True,False
full_R3_R4_alpha_0.060000,0.06,483,0.0018845548019893032,True,False
full_R3_R4_alpha_0.060000,0.06,484,0.002230314121350145,True,False
full_R3_R4_alpha_0.060000,0.06,485,0.0022295846946976277,True,False
full_R3_R4_alpha_0.060000,0.06,486,0.001260720925398067,True,False
full_R3_R4_alpha_0.060000,0.06,487,0.002315350179157474,True,False
full_R3_R4_alpha_0.060000,0.06,488,0.0012259945945060642,True,False
full_R3_R4_alpha_0.060000,0.06,489,0.001593962143149657,True,False
full_R3_R4_alpha_0.060000,0.06,490,0.0020695730815297334,True,False
full_R3_R4_alpha_0.060000,0.06,491,0.0016862917115728186,True,False
full_R3_R4_alpha_0.060000,0.06,492,0.0011983832806793466,True,False
full_R3_R4_alpha_0.060000,0.06,493,0.0018115378456270803,True,False
full_R3_R4_alpha_0.060000,0.06,494,0.0016428360436445525,True,False
full_R3_R4_alpha_0.060000,0.06,495,0.002031574830858043,True,False
full_R3_R4_alpha_0.060000,0.06,496,0.0021786596857001216,True,False
full_R3_R4_alpha_0.060000,0.06,497,0.0019303405400044116,True,False
full_R3_R4_alpha_0.060000,0.06,498,0.0018489364024048887,True,False
full_R3_R4_alpha_0.060000,0.06,499,0.0026493401143413164,True,False
full_R3_R4_alpha_0.060000,0.06,500,0.0012106914091205075,True,False
full_R3_R4_alpha_0.060000,0.06,501,0.0025036504137126866,True,False
full_R3_R4_alpha_0.060000,0.06,502,0.0027022465727654077,True,False
full_R3_R4_alpha_0.060000,0.06,503,0.002446586010156405,True,False
full_R3_R4_alpha_0.060000,0.06,504,0.0021812992161436644,True,False
full_R3_R4_alpha_0.060000,0.06,505,0.0017845855863750334,True,False
full_R3_R4_alpha_0.060000,0.06,506,0.0017632422436358545,True,False
full_R3_R4_alpha_0.060000,0.06,507,0.0027954101461145674,True,False
full_R3_R4_alpha_0.060000,0.06,508,0.0018400687860351671,True,False
full_R3_R4_alpha_0.060000,0.06,509,0.0015791777335276464,True,False
full_R3_R4_alpha_0.060000,0.06,510,0.0019613337081941544,True,False
full_R3_R4_alpha_0.060000,0.06,511,0.0012445956399877315,True,False
full_R3_R4_alpha_0.060000,0.06,512,0.0021301370646603065,True,False
full_R3_R4_alpha_0.060000,0.06,513,0.0015575269061588412,True,False
full_R3_R4_alpha_0.060000,0.06,514,0.003047727155448922,True,False
full_R3_R4_alpha_0.060000,0.06,515,0.0018208745957114256,True,False
full_R3_R4_alpha_0.060000,0.06,516,0.00263939622758774,True,False
full_R3_R4_alpha_0.060000,0.06,517,0.002417673932615953,True,False
full_R3_R4_alpha_0.060000,0.06,518,0.0014486324733539906,True,False
full_R3_R4_alpha_0.060000,0.06,519,0.001811295282224936,True,False
full_R3_R4_alpha_0.060000,0.06,520,0.001657047056402253,True,False
full_R3_R4_alpha_0.060000,0.06,521,0.001157310149605373,True,False
full_R3_R4_alpha_0.060000,0.06,522,0.00151520036256733,True,False
full_R3_R4_alpha_0.060000,0.06,523,0.002273399900654621,True,False
full_R3_R4_alpha_0.060000,0.06,524,0.00186549814122644,True,False
full_R3_R4_alpha_0.060000,0.06,525,0.0017723313771646407,True,False
full_R3_R4_alpha_0.060000,0.06,526,0.0020103021116567527,True,False
full_R3_R4_alpha_0.060000,0.06,527,0.0018383043719801043,True,False
full_R3_R4_alpha_0.060000,0.06,528,0.0020227568748056534,True,False
full_R3_R4_alpha_0.060000,0.06,529,0.0019029272854934358,True,False
full_R3_R4_alpha_0.060000,0.06,530,0.001584459357161697,True,False
full_R3_R4_alpha_0.060000,0.06,531,0.002206281841884227,True,False
full_R3_R4_alpha_0.060000,0.06,532,0.0013427926530979503,True,False
full_R3_R4_alpha_0.060000,0.06,533,0.0029309642811917746,True,False
full_R3_R4_alpha_0.060000,0.06,534,0.0018729289325813603,True,False
full_R3_R4_alpha_0.060000,0.06,535,0.0021742551397603027,True,False
full_R3_R4_alpha_0.060000,0.06,536,0.001478498726360067,True,False
full_R3_R4_alpha_0.060000,0.06,537,0.0028457731747861424,True,False
full_R3_R4_alpha_0.060000,0.06,538,0.0015090723523077155,True,False
full_R3_R4_alpha_0.060000,0.06,539,0.0026119753980273024,True,False
full_R3_R4_alpha_0.060000,0.06,540,0.0037864123443692027,True,False
full_R3_R4_alpha_0.060000,0.06,541,0.0018802122439657233,True,False
full_R3_R4_alpha_0.060000,0.06,542,0.0015666555519629737,True,False
full_R3_R4_alpha_0.060000,0.06,543,0.001880386033155359,True,False
full_R3_R4_alpha_0.060000,0.06,544,0.0021570811845942647,True,False
full_R3_R4_alpha_0.060000,0.06,545,0.0028370454213029763,True,False
full_R3_R4_alpha_0.060000,0.06,546,0.0022071954697485538,True,False
full_R3_R4_alpha_0.060000,0.06,547,0.001644817438815192,True,False
full_R3_R4_alpha_0.060000,0.06,548,0.0012749073429449327,True,False
full_R3_R4_alpha_0.060000,0.06,549,0.0011349721800651986,True,False
full_R3_R4_alpha_0.060000,0.06,550,0.0019476482297831159,True,False
full_R3_R4_alpha_0.060000,0.06,551,0.0016916021287052844,True,False
full_R3_R4_alpha_0.060000,0.06,552,0.0016957651020007196,True,False
full_R3_R4_alpha_0.060000,0.06,553,0.0015111781943688949,True,False
full_R3_R4_alpha_0.060000,0.06,554,0.0022114054847484597,True,False
full_R3_R4_alpha_0.060000,0.06,555,0.0017759060955642295,True,False
full_R3_R4_alpha_0.060000,0.06,556,0.001415575934756717,True,False
full_R3_R4_alpha_0.060000,0.06,557,0.00178404955893444,True,False
full_R3_R4_alpha_0.060000,0.06,558,0.00205431025365791,True,False
full_R3_R4_alpha_0.060000,0.06,559,0.0019407239464032757,True,False
full_R3_R4_alpha_0.060000,0.06,560,0.001805459135862881,True,False
full_R3_R4_alpha_0.060000,0.06,561,0.0010831579492675393,True,False
full_R3_R4_alpha_0.060000,0.06,562,0.0017592591643695095,True,False
full_R3_R4_alpha_0.060000,0.06,563,0.0018652132362793714,True,False
full_R3_R4_alpha_0.060000,0.06,564,0.0020578964975522867,True,False
full_R3_R4_alpha_0.060000,0.06,565,0.0017601616166751225,True,False
full_R3_R4_alpha_0.060000,0.06,566,0.0010943562589361534,True,False
full_R3_R4_alpha_0.060000,0.06,567,0.0022861909742405455,True,False
full_R3_R4_alpha_0.060000,0.06,568,0.001001401655091377,True,False
full_R3_R4_alpha_0.060000,0.06,569,0.0020470755155509047,True,False
full_R3_R4_alpha_0.060000,0.06,570,0.0014354803646864564,True,False
full_R3_R4_alpha_0.060000,0.06,571,0.0020556009288723648,True,False
full_R3_R4_alpha_0.060000,0.06,572,0.001070172068487248,True,False
full_R3_R4_alpha_0.060000,0.06,573,0.0025749682593191703,True,False
full_R3_R4_alpha_0.060000,0.06,574,0.0020705909051120493,True,False
full_R3_R4_alpha_0.060000,0.06,575,0.001859816613593103,True,False
full_R3_R4_alpha_0.060000,0.06,576,0.001397335718924876,True,False
full_R3_R4_alpha_0.060000,0.06,577,0.0012380618886848004,True,False
full_R3_R4_alpha_0.060000,0.06,578,0.0015062157489914884,True,False
full_R3_R4_alpha_0.060000,0.06,579,0.001590162807831033,True,False
full_R3_R4_alpha_0.060000,0.06,580,0.002410764093127799,True,False
full_R3_R4_alpha_0.060000,0.06,581,0.0014323952708698983,True,False
full_R3_R4_alpha_0.060000,0.06,582,0.0013027525946613995,True,False
full_R3_R4_alpha_0.060000,0.06,583,0.0018646657529902452,True,False
full_R3_R4_alpha_0.060000,0.06,584,0.0013938620370488354,True,False
full_R3_R4_alpha_0.060000,0.06,585,0.001267498498362994,True,False
full_R3_R4_alpha_0.060000,0.06,586,0.0013030122915130616,True,False
full_R3_R4_alpha_0.060000,0.06,587,0.0017207687781313934,True,False
full_R3_R4_alpha_0.060000,0.06,588,0.0020903766132052957,True,False
full_R3_R4_alpha_0.060000,0.06,589,0.0011562884841387375,True,False
full_R3_R4_alpha_0.060000,0.06,590,0.0018243468203365215,True,False
full_R3_R4_alpha_0.060000,0.06,591,0.003080703766855136,True,False
full_R3_R4_alpha_0.060000,0.06,592,0.0025052053428149183,True,False
full_R3_R4_alpha_0.060000,0.06,593,0.0014416461397397994,True,False
full_R3_R4_alpha_0.060000,0.06,594,0.0014684481252621752,True,False
full_R3_R4_alpha_0.060000,0.06,595,0.0013094185355428528,True,False
full_R3_R4_alpha_0.060000,0.06,596,0.0025426062470046,True,False
full_R3_R4_alpha_0.060000,0.06,597,0.0022690975139333562,True,False
full_R3_R4_alpha_0.060000,0.06,598,0.0015529618013656026,True,False
full_R3_R4_alpha_0.060000,0.06,599,0.0024438641989065683,True,False
full_R3_R4_alpha_0.060000,0.06,600,0.0013775831972686,True,False
full_R3_R4_alpha_0.060000,0.06,601,0.0011230986697518908,True,False
full_R3_R4_alpha_0.060000,0.06,602,0.0022118221072390735,True,False
full_R3_R4_alpha_0.060000,0.06,603,0.00225556214343594,True,False
full_R3_R4_alpha_0.060000,0.06,604,0.0022180068818528358,True,False
full_R3_R4_alpha_0.060000,0.06,605,0.0017557452343516847,True,False
full_R3_R4_alpha_0.060000,0.06,606,0.002985990145451206,True,False
full_R3_R4_alpha_0.060000,0.06,607,0.0017000975092826326,True,False
full_R3_R4_alpha_0.060000,0.06,608,0.0011292652568155707,True,False
full_R3_R4_alpha_0.060000,0.06,609,0.001916527656708352,True,False
full_R3_R4_alpha_0.060000,0.06,610,0.0017617927770460719,True,False
full_R3_R4_alpha_0.060000,0.06,611,0.0024826284494013154,True,False
full_R3_R4_alpha_0.060000,0.06,612,0.002231379627029154,True,False
full_R3_R4_alpha_0.060000,0.06,613,0.0014934520216715568,True,False
full_R3_R4_alpha_0.060000,0.06,614,0.0018586976260462006,True,False
full_R3_R4_alpha_0.060000,0.06,615,0.0020851621933715456,True,False
full_R3_R4_alpha_0.060000,0.06,616,0.0016628678012213624,True,False
full_R3_R4_alpha_0.060000,0.06,617,0.0018331897881942775,True,False
full_R3_R4_alpha_0.060000,0.06,618,0.0015885420592369206,True,False
full_R3_R4_alpha_0.060000,0.06,619,0.0015048058661792094,True,False
full_R3_R4_alpha_0.060000,0.06,620,0.0011376535246925533,True,False
full_R3_R4_alpha_0.060000,0.06,621,0.0014268855693164914,True,False
full_R3_R4_alpha_0.060000,0.06,622,0.002197663480373689,True,False
full_R3_R4_alpha_0.060000,0.06,623,0.0013782566534837988,True,False
full_R3_R4_alpha_0.060000,0.06,624,0.0021371235743100825,True,False
full_R3_R4_alpha_0.060000,0.06,625,0.0022296081908083154,True,False
full_R3_R4_alpha_0.060000,0.06,626,0.0013926673671078003,True,False
full_R3_R4_alpha_0.060000,0.06,627,0.0025872025055237928,True,False
full_R3_R4_alpha_0.060000,0.06,628,0.0019166298173575419,True,False
full_R3_R4_alpha_0.060000,0.06,629,0.0019369876977768645,True,False
full_R3_R4_alpha_0.060000,0.06,630,0.0014773496599238742,True,False
full_R3_R4_alpha_0.060000,0.06,631,0.0021101666270103153,True,False
full_R3_R4_alpha_0.060000,0.06,632,0.001404242750293769,True,False
full_R3_R4_alpha_0.060000,0.06,633,0.0017413974200254825,True,False
full_R3_R4_alpha_0.060000,0.06,634,0.002177397090391232,True,False
full_R3_R4_alpha_0.060000,0.06,635,0.0015458898535026147,True,False
full_R3_R4_alpha_0.060000,0.06,636,0.002151726247752782,True,False
full_R3_R4_alpha_0.060000,0.06,637,0.0023753879091019687,True,False
full_R3_R4_alpha_0.060000,0.06,638,0.0028718636364929574,True,False
full_R3_R4_alpha_0.060000,0.06,639,0.0019781852191719396,True,False
full_R3_R4_alpha_0.060000,0.06,640,0.0024881649269985202,True,False
full_R3_R4_alpha_0.060000,0.06,641,0.0015752413918892687,True,False
full_R3_R4_alpha_0.060000,0.06,642,0.0021458637209930058,True,False
full_R3_R4_alpha_0.060000,0.06,643,0.00243906629855187,True,False
full_R3_R4_alpha_0.060000,0.06,644,0.001436361828779094,True,False
full_R3_R4_alpha_0.060000,0.06,645,0.0025793654362352984,True,False
full_R3_R4_alpha_0.060000,0.06,646,0.001197435490772948,True,False
full_R3_R4_alpha_0.060000,0.06,647,0.0013271217664793838,True,False
full_R3_R4_alpha_0.060000,0.06,648,0.001561174118664103,True,False
full_R3_R4_alpha_0.060000,0.06,649,0.0021886701658340984,True,False
full_R3_R4_alpha_0.060000,0.06,650,0.0026937053045011793,True,False
full_R3_R4_alpha_0.060000,0.06,651,0.0038341271987292775,True,False
full_R3_R4_alpha_0.060000,0.06,652,0.0023735095415138244,True,False
full_R3_R4_alpha_0.060000,0.06,653,0.002139811231894167,True,False
full_R3_R4_alpha_0.060000,0.06,654,0.0012621897028435355,True,False
full_R3_R4_alpha_0.060000,0.06,655,0.0022443906760952342,True,False
full_R3_R4_alpha_0.060000,0.06,656,0.0015380796809883763,True,False
full_R3_R4_alpha_0.060000,0.06,657,0.0023673724654850272,True,False
full_R3_R4_alpha_0.060000,0.06,658,0.0016720673637948852,True,False
full_R3_R4_alpha_0.060000,0.06,659,0.001860599786808029,True,False
full_R3_R4_alpha_0.060000,0.06,660,0.001676307741194091,True,False
full_R3_R4_alpha_0.060000,0.06,661,0.002459556500867316,True,False
full_R3_R4_alpha_0.060000,0.06,662,0.0024132105634440226,True,False
full_R3_R4_alpha_0.060000,0.06,663,0.0032891359686066453,True,False
full_R3_R4_alpha_0.060000,0.06,664,0.0015365620348299096,True,False
full_R3_R4_alpha_0.060000,0.06,665,0.0031211967586595598,True,False
full_R3_R4_alpha_0.060000,0.06,666,0.001745148826570716,True,False
full_R3_R4_alpha_0.060000,0.06,667,0.0021241770180258955,True,False
full_R3_R4_alpha_0.060000,0.06,668,0.002119037331863629,True,False
full_R3_R4_alpha_0.060000,0.06,669,0.0021290992266551553,True,False
full_R3_R4_alpha_0.060000,0.06,670,0.0017850929075868584,True,False
full_R3_R4_alpha_0.060000,0.06,671,0.0012163899723734693,True,False
full_R3_R4_alpha_0.060000,0.06,672,0.0013100419122707085,True,False
full_R3_R4_alpha_0.060000,0.06,673,0.0015993228475750627,True,False
full_R3_R4_alpha_0.060000,0.06,674,0.0014416070567450873,True,False
full_R3_R4_alpha_0.060000,0.06,675,0.0024480739969239837,True,False
full_R3_R4_alpha_0.060000,0.06,676,0.0014518692562356316,True,False
full_R3_R4_alpha_0.060000,0.06,677,0.0016950760314486926,True,False
full_R3_R4_alpha_0.060000,0.06,678,0.0018797179699569704,True,False
full_R3_R4_alpha_0.060000,0.06,679,0.0013756321969635298,True,False
full_R3_R4_alpha_0.060000,0.06,680,0.0021924199904581436,True,False
full_R3_R4_alpha_0.060000,0.06,681,0.0017023114212180157,True,False
full_R3_R4_alpha_0.060000,0.06,682,0.0012484777789109121,True,False
full_R3_R4_alpha_0.060000,0.06,683,0.002160124445445676,True,False
full_R3_R4_alpha_0.060000,0.06,684,0.0017437052827279883,True,False
full_R3_R4_alpha_0.060000,0.06,685,0.003218780061133091,True,False
full_R3_R4_alpha_0.060000,0.06,686,0.0014202108639095406,True,False
full_R3_R4_alpha_0.060000,0.06,687,0.0016505271585980504,True,False
full_R3_R4_alpha_0.060000,0.06,688,0.002170194170161828,True,False
full_R3_R4_alpha_0.060000,0.06,689,0.0033786469023215095,True,False
full_R3_R4_alpha_0.060000,0.06,690,0.0016854050601146447,True,False
full_R3_R4_alpha_0.060000,0.06,691,0.0015603270912625663,True,False
full_R3_R4_alpha_0.060000,0.06,692,0.0019292948025977942,True,False
full_R3_R4_alpha_0.060000,0.06,693,0.0017282702541417721,True,False
full_R3_R4_alpha_0.060000,0.06,694,0.0014048501280983067,True,False
full_R3_R4_alpha_0.060000,0.06,695,0.0017350180769231597,True,False
full_R3_R4_alpha_0.060000,0.06,696,0.0013240285646837387,True,False
full_R3_R4_alpha_0.060000,0.06,697,0.001933829537838029,True,False
full_R3_R4_alpha_0.060000,0.06,698,0.0012736764742449233,True,False
full_R3_R4_alpha_0.060000,0.06,699,0.001816435773431266,True,False
full_R3_R4_alpha_0.060000,0.06,700,0.0014697811296975614,True,False
full_R3_R4_alpha_0.060000,0.06,701,0.001980084640788223,True,False
full_R3_R4_alpha_0.060000,0.06,702,0.0012214032491533076,True,False
full_R3_R4_alpha_0.060000,0.06,703,0.0023712264981745157,True,False
full_R3_R4_alpha_0.060000,0.06,704,0.002365849274221646,True,False
full_R3_R4_alpha_0.060000,0.06,705,0.0015207379921467399,True,False
full_R3_R4_alpha_0.060000,0.06,706,0.0024728503394443,True,False
full_R3_R4_alpha_0.060000,0.06,707,0.0026371523434471477,True,False
full_R3_R4_alpha_0.060000,0.06,708,0.0015834883905696934,True,False
full_R3_R4_alpha_0.060000,0.06,709,0.002075410664269282,True,False
full_R3_R4_alpha_0.060000,0.06,710,0.0014674210234577629,True,False
full_R3_R4_alpha_0.060000,0.06,711,0.002150119551686075,True,False
full_R3_R4_alpha_0.060000,0.06,712,0.0018965446406654207,True,False
full_R3_R4_alpha_0.060000,0.06,713,0.0012690208752914342,True,False
full_R3_R4_alpha_0.060000,0.06,714,0.001918653777569336,True,False
full_R3_R4_alpha_0.060000,0.06,715,0.0015486302723093565,True,False
full_R3_R4_alpha_0.060000,0.06,716,0.0016222178281370574,True,False
full_R3_R4_alpha_0.060000,0.06,717,0.0015127722072265546,True,False
full_R3_R4_alpha_0.060000,0.06,718,0.0026383434528624724,True,False
full_R3_R4_alpha_0.060000,0.06,719,0.002083865703695614,True,False
full_R3_R4_alpha_0.060000,0.06,720,0.001979805906613791,True,False
full_R3_R4_alpha_0.060000,0.06,721,0.0014070582517200386,True,False
full_R3_R4_alpha_0.060000,0.06,722,0.0018569505596239134,True,False
full_R3_R4_alpha_0.060000,0.06,723,0.001743250429027516,True,False
full_R3_R4_alpha_0.060000,0.06,724,0.001512846385834901,True,False
full_R3_R4_alpha_0.060000,0.06,725,0.001871410701898838,True,False
full_R3_R4_alpha_0.060000,0.06,726,0.0017058236380102683,True,False
full_R3_R4_alpha_0.060000,0.06,727,0.0013427604484791743,True,False
full_R3_R4_alpha_0.060000,0.06,728,0.003092552665986773,True,False
full_R3_R4_alpha_0.060000,0.06,729,0.001428007979820441,True,False
full_R3_R4_alpha_0.060000,0.06,730,0.001528786239769888,True,False
full_R3_R4_alpha_0.060000,0.06,731,0.0013732182175720336,True,False
full_R3_R4_alpha_0.060000,0.06,732,0.0017747785463324208,True,False
full_R3_R4_alpha_0.060000,0.06,733,0.0020598780030731023,True,False
full_R3_R4_alpha_0.060000,0.06,734,0.001950131758376,True,False
full_R3_R4_alpha_0.060000,0.06,735,0.00165159550528198,True,False
full_R3_R4_alpha_0.060000,0.06,736,0.0015271405652566782,True,False
full_R3_R4_alpha_0.060000,0.06,737,0.00119875860382575,True,False
full_R3_R4_alpha_0.060000,0.06,738,0.0017148992016825003,True,False
full_R3_R4_alpha_0.060000,0.06,739,0.0015184812568020986,True,False
full_R3_R4_alpha_0.060000,0.06,740,0.0017366426695332596,True,False
full_R3_R4_alpha_0.060000,0.06,741,0.0018608907178726845,True,False
full_R3_R4_alpha_0.060000,0.06,742,0.0034762176394036136,True,False
full_R3_R4_alpha_0.060000,0.06,743,0.0019266908629893935,True,False
full_R3_R4_alpha_0.060000,0.06,744,0.0016587311646263131,True,False
full_R3_R4_alpha_0.060000,0.06,745,0.0012255597420107911,True,False
full_R3_R4_alpha_0.060000,0.06,746,0.0024430853258304726,True,False
full_R3_R4_alpha_0.060000,0.06,747,0.0022076289219044145,True,False
full_R3_R4_alpha_0.060000,0.06,748,0.003102459512986988,True,False
full_R3_R4_alpha_0.060000,0.06,749,0.0020515597656409097,True,False
full_R3_R4_alpha_0.060000,0.06,750,0.0025277749403601465,True,False
full_R3_R4_alpha_0.060000,0.06,751,0.002696223998075556,True,False
full_R3_R4_alpha_0.060000,0.06,752,0.0017765852672819013,True,False
full_R3_R4_alpha_0.060000,0.06,753,0.0036206363611673764,True,False
full_R3_R4_alpha_0.060000,0.06,754,0.0024015786388465166,True,False
full_R3_R4_alpha_0.060000,0.06,755,0.0021775782327917554,True,False
full_R3_R4_alpha_0.060000,0.06,756,0.0013859244195212092,True,False
full_R3_R4_alpha_0.060000,0.06,757,0.00155397115118907,True,False
full_R3_R4_alpha_0.060000,0.06,758,0.002040756006133069,True,False
full_R3_R4_alpha_0.060000,0.06,759,0.001555562738906002,True,False
full_R3_R4_alpha_0.060000,0.06,760,0.0017931176994158654,True,False
full_R3_R4_alpha_0.060000,0.06,761,0.0017458997764500206,True,False
full_R3_R4_alpha_0.060000,0.06,762,0.0015499889965087746,True,False
full_R3_R4_alpha_0.060000,0.06,763,0.0010462961778156942,True,False
full_R3_R4_alpha_0.060000,0.06,764,0.0019455164505489649,True,False
full_R3_R4_alpha_0.060000,0.06,765,0.0021064022919306995,True,False
full_R3_R4_alpha_0.060000,0.06,766,0.002342426744448159,True,False
full_R3_R4_alpha_0.060000,0.06,767,0.0017974707415640543,True,False
full_R3_R4_alpha_0.060000,0.06,768,0.0010666932528742292,True,False
full_R3_R4_alpha_0.060000,0.06,769,0.0020988231148305185,True,False
full_R3_R4_alpha_0.060000,0.06,770,0.0018400700746240778,True,False
full_R3_R4_alpha_0.060000,0.06,771,0.0021363630212044,True,False
full_R3_R4_alpha_0.060000,0.06,772,0.0016847031947629981,True,False
full_R3_R4_alpha_0.060000,0.06,773,0.001657080443596512,True,False
full_R3_R4_alpha_0.060000,0.06,774,0.0015328824299728108,True,False
full_R3_R4_alpha_0.060000,0.06,775,0.001428993682232018,True,False
full_R3_R4_alpha_0.060000,0.06,776,0.0011954666335813094,True,False
full_R3_R4_alpha_0.060000,0.06,777,0.001474487003908101,True,False
full_R3_R4_alpha_0.060000,0.06,778,0.0018742856768452598,True,False
full_R3_R4_alpha_0.060000,0.06,779,0.00310685508569226,True,False
full_R3_R4_alpha_0.060000,0.06,780,0.003695542048636936,True,False
full_R3_R4_alpha_0.060000,0.06,781,0.002205588420340485,True,False
full_R3_R4_alpha_0.060000,0.06,782,0.001578693577013175,True,False
full_R3_R4_alpha_0.060000,0.06,783,0.0017234565379064264,True,False
full_R3_R4_alpha_0.060000,0.06,784,0.002378002829573032,True,False
full_R3_R4_alpha_0.060000,0.06,785,0.0018649768013883018,True,False
full_R3_R4_alpha_0.060000,0.06,786,0.002103467806558624,True,False
full_R3_R4_alpha_0.060000,0.06,787,0.002143347394754859,True,False
full_R3_R4_alpha_0.060000,0.06,788,0.0021018608324164505,True,False
full_R3_R4_alpha_0.060000,0.06,789,0.0016490502980637683,True,False
full_R3_R4_alpha_0.060000,0.06,790,0.0023736413357069576,True,False
full_R3_R4_alpha_0.060000,0.06,791,0.001497707941137628,True,False
full_R3_R4_alpha_0.060000,0.06,792,0.0017449818914014833,True,False
full_R3_R4_alpha_0.060000,0.06,793,0.0021703521247834843,True,False
full_R3_R4_alpha_0.060000,0.06,794,0.001477256623116324,True,False
full_R3_R4_alpha_0.060000,0.06,795,0.0014883818837967836,True,False
full_R3_R4_alpha_0.060000,0.06,796,0.0020735376366409295,True,False
full_R3_R4_alpha_0.060000,0.06,797,0.003378734749261424,True,False
full_R3_R4_alpha_0.060000,0.06,798,0.0018348131431191771,True,False
full_R3_R4_alpha_0.060000,0.06,799,0.001771093968860712,True,False
full_R3_R4_alpha_0.060000,0.06,800,0.00161712594606025,True,False
full_R3_R4_alpha_0.060000,0.06,801,0.0018120152767013443,True,False
full_R3_R4_alpha_0.060000,0.06,802,0.001592986962996878,True,False
full_R3_R4_alpha_0.060000,0.06,803,0.0015219071636607584,True,False
full_R3_R4_alpha_0.060000,0.06,804,0.0017555532324959409,True,False
full_R3_R4_alpha_0.060000,0.06,805,0.0018362113701982327,True,False
full_R3_R4_alpha_0.060000,0.06,806,0.0015211169517412376,True,False
full_R3_R4_alpha_0.060000,0.06,807,0.0016821810836225848,True,False
full_R3_R4_alpha_0.060000,0.06,808,0.0022118788854989862,True,False
full_R3_R4_alpha_0.060000,0.06,809,0.001196765333502369,True,False
full_R3_R4_alpha_0.060000,0.06,810,0.0015241633680210059,True,False
full_R3_R4_alpha_0.060000,0.06,811,0.002138976022458608,True,False
full_R3_R4_alpha_0.060000,0.06,812,0.0013071243863162511,True,False
full_R3_R4_alpha_0.060000,0.06,813,0.001836996333412137,True,False
full_R3_R4_alpha_0.060000,0.06,814,0.002239959053520237,True,False
full_R3_R4_alpha_0.060000,0.06,815,0.0017682035804074715,True,False
full_R3_R4_alpha_0.060000,0.06,816,0.0018487024007342633,True,False
full_R3_R4_alpha_0.060000,0.06,817,0.0018225736739423764,True,False
full_R3_R4_alpha_0.060000,0.06,818,0.0015602896856009975,True,False
full_R3_R4_alpha_0.060000,0.06,819,0.0024710336485422382,True,False
full_R3_R4_alpha_0.060000,0.06,820,0.0021832035721209963,True,False
full_R3_R4_alpha_0.060000,0.06,821,0.001661170092426662,True,False
full_R3_R4_alpha_0.060000,0.06,822,0.0015552217177640672,True,False
full_R3_R4_alpha_0.060000,0.06,823,0.0022461777934959944,True,False
full_R3_R4_alpha_0.060000,0.06,824,0.0016220506454229457,True,False
full_R3_R4_alpha_0.060000,0.06,825,0.0017743301267004084,True,False
full_R3_R4_alpha_0.060000,0.06,826,0.002006701575509949,True,False
full_R3_R4_alpha_0.060000,0.06,827,0.001484415081383625,True,False
full_R3_R4_alpha_0.060000,0.06,828,0.0021488168459761828,True,False
full_R3_R4_alpha_0.060000,0.06,829,0.0019835184193618396,True,False
full_R3_R4_alpha_0.060000,0.06,830,0.0023660615070459625,True,False
full_R3_R4_alpha_0.060000,0.06,831,0.002908812655896343,True,False
full_R3_R4_alpha_0.060000,0.06,832,0.001189861428265151,True,False
full_R3_R4_alpha_0.060000,0.06,833,0.002154871748150485,True,False
full_R3_R4_alpha_0.060000,0.06,834,0.0026751033884966366,True,False
full_R3_R4_alpha_0.060000,0.06,835,0.002045818984178571,True,False
full_R3_R4_alpha_0.060000,0.06,836,0.002523442575899207,True,False
full_R3_R4_alpha_0.060000,0.06,837,0.0013413183778412277,True,False
full_R3_R4_alpha_0.060000,0.06,838,0.0019138508748678033,True,False
full_R3_R4_alpha_0.060000,0.06,839,0.001698159905111906,True,False
full_R3_R4_alpha_0.060000,0.06,840,0.0017948795582216177,True,False
full_R3_R4_alpha_0.060000,0.06,841,0.002048280662924826,True,False
full_R3_R4_alpha_0.060000,0.06,842,0.0017322356746427988,True,False
full_R3_R4_alpha_0.060000,0.06,843,0.002122296889302019,True,False
full_R3_R4_alpha_0.060000,0.06,844,0.0013567543945066237,True,False
full_R3_R4_alpha_0.060000,0.06,845,0.0016154400878756181,True,False
full_R3_R4_alpha_0.060000,0.06,846,0.0018767384559740356,True,False
full_R3_R4_alpha_0.060000,0.06,847,0.0012306754072013784,True,False
full_R3_R4_alpha_0.060000,0.06,848,0.0018804170962028323,True,False
full_R3_R4_alpha_0.060000,0.06,849,0.0017601532721598712,True,False
full_R3_R4_alpha_0.060000,0.06,850,0.0015233256439921817,True,False
full_R3_R4_alpha_0.060000,0.06,851,0.0016602029932969973,True,False
full_R3_R4_alpha_0.060000,0.06,852,0.0015328998639216325,True,False
full_R3_R4_alpha_0.060000,0.06,853,0.001675521598820736,True,False
full_R3_R4_alpha_0.060000,0.06,854,0.0023942849196548644,True,False
full_R3_R4_alpha_0.060000,0.06,855,0.0016452254765545768,True,False
full_R3_R4_alpha_0.060000,0.06,856,0.0016589353434334488,True,False
full_R3_R4_alpha_0.060000,0.06,857,0.001966213556515644,True,False
full_R3_R4_alpha_0.060000,0.06,858,0.0015950505841849383,True,False
full_R3_R4_alpha_0.060000,0.06,859,0.0015340707307053044,True,False
full_R3_R4_alpha_0.060000,0.06,860,0.0016856741469017183,True,False
full_R3_R4_alpha_0.060000,0.06,861,0.0016185517981786085,True,False
full_R3_R4_alpha_0.060000,0.06,862,0.0015026592256578628,True,False
full_R3_R4_alpha_0.060000,0.06,863,0.0021389484886001936,True,False
full_R3_R4_alpha_0.060000,0.06,864,0.0016540094675545948,True,False
full_R3_R4_alpha_0.060000,0.06,865,0.0018252236883863184,True,False
full_R3_R4_alpha_0.060000,0.06,866,0.0012002561998211,True,False
full_R3_R4_alpha_0.060000,0.06,867,0.001287066486611807,True,False
full_R3_R4_alpha_0.060000,0.06,868,0.0016296126343590348,True,False
full_R3_R4_alpha_0.060000,0.06,869,0.0014879557300092347,True,False
full_R3_R4_alpha_0.060000,0.06,870,0.0027580960999710738,True,False
full_R3_R4_alpha_0.060000,0.06,871,0.0036084134949215803,True,False
full_R3_R4_alpha_0.060000,0.06,872,0.0031229967743133785,True,False
full_R3_R4_alpha_0.060000,0.06,873,0.0016760614594151454,True,False
full_R3_R4_alpha_0.060000,0.06,874,0.0011800919287058129,True,False
full_R3_R4_alpha_0.060000,0.06,875,0.001744432868937947,True,False
full_R3_R4_alpha_0.060000,0.06,876,0.00133522418451177,True,False
full_R3_R4_alpha_0.060000,0.06,877,0.0011993696779681443,True,False
full_R3_R4_alpha_0.060000,0.06,878,0.0018036176456803718,True,False
full_R3_R4_alpha_0.060000,0.06,879,0.0014865218091323835,True,False
full_R3_R4_alpha_0.060000,0.06,880,0.0013156996556748213,True,False
full_R3_R4_alpha_0.060000,0.06,881,0.0020007157228538125,True,False
full_R3_R4_alpha_0.060000,0.06,882,0.0015324928647960266,True,False
full_R3_R4_alpha_0.060000,0.06,883,0.0016646325414422908,True,False
full_R3_R4_alpha_0.060000,0.06,884,0.00153441223005825,True,False
full_R3_R4_alpha_0.060000,0.06,885,0.0019363119642860503,True,False
full_R3_R4_alpha_0.060000,0.06,886,0.0017882851462434311,True,False
full_R3_R4_alpha_0.060000,0.06,887,0.0014809848927510043,True,False
full_R3_R4_alpha_0.060000,0.06,888,0.0015115909065471088,True,False
full_R3_R4_alpha_0.060000,0.06,889,0.0017674435527269324,True,False
full_R3_R4_alpha_0.060000,0.06,890,0.0017128488023709417,True,False
full_R3_R4_alpha_0.060000,0.06,891,0.0019007596789426134,True,False
full_R3_R4_alpha_0.060000,0.06,892,0.0016190073783585734,True,False
full_R3_R4_alpha_0.060000,0.06,893,0.0015562694080753,True,False
full_R3_R4_alpha_0.060000,0.06,894,0.0013811386704432422,True,False
full_R3_R4_alpha_0.060000,0.06,895,0.0023277318765705214,True,False
full_R3_R4_alpha_0.060000,0.06,896,0.0024798504471053714,True,False
full_R3_R4_alpha_0.060000,0.06,897,0.0011926217151612146,True,False
full_R3_R4_alpha_0.060000,0.06,898,0.0014176062818799986,True,False
full_R3_R4_alpha_0.060000,0.06,899,0.002106294162773216,True,False
full_R3_R4_alpha_0.060000,0.06,900,0.0016385273622711092,True,False
full_R3_R4_alpha_0.060000,0.06,901,0.004168863928443495,True,False
full_R3_R4_alpha_0.060000,0.06,902,0.0024154321881541875,True,False
full_R3_R4_alpha_0.060000,0.06,903,0.0017914352883147387,True,False
full_R3_R4_alpha_0.060000,0.06,904,0.0015163744425937323,True,False
full_R3_R4_alpha_0.060000,0.06,905,0.0008677736764595536,True,False
full_R3_R4_alpha_0.060000,0.06,906,0.0016116662361647532,True,False
full_R3_R4_alpha_0.060000,0.06,907,0.001731616442191789,True,False
full_R3_R4_alpha_0.060000,0.06,908,0.0018797225101152254,True,False
full_R3_R4_alpha_0.060000,0.06,909,0.0016199681285856203,True,False
full_R3_R4_alpha_0.060000,0.06,910,0.0028003228711304317,True,False
full_R3_R4_alpha_0.060000,0.06,911,0.0016773827779617406,True,False
full_R3_R4_alpha_0.060000,0.06,912,0.002146528063153698,True,False
full_R3_R4_alpha_0.060000,0.06,913,0.0019285417637904373,True,False
full_R3_R4_alpha_0.060000,0.06,914,0.0015451793090029355,True,False
full_R3_R4_alpha_0.060000,0.06,915,0.0024006017697158206,True,False
full_R3_R4_alpha_0.060000,0.06,916,0.0026742226276290676,True,False
full_R3_R4_alpha_0.060000,0.06,917,0.0013391096801617696,True,False
full_R3_R4_alpha_0.060000,0.06,918,0.0014006468374140452,True,False
full_R3_R4_alpha_0.060000,0.06,919,0.00128259318154614,True,False
full_R3_R4_alpha_0.060000,0.06,920,0.0018719827988837475,True,False
full_R3_R4_alpha_0.060000,0.06,921,0.001563649383248813,True,False
full_R3_R4_alpha_0.060000,0.06,922,0.0024409215301494152,True,False
full_R3_R4_alpha_0.060000,0.06,923,0.0013963301795341138,True,False
full_R3_R4_alpha_0.060000,0.06,924,0.0021007241721240767,True,False
full_R3_R4_alpha_0.060000,0.06,925,0.002015433934079494,True,False
full_R3_R4_alpha_0.060000,0.06,926,0.001995313126605352,True,False
full_R3_R4_alpha_0.060000,0.06,927,0.0013659692206687529,True,False
full_R3_R4_alpha_0.060000,0.06,928,0.0024082217468429402,True,False
full_R3_R4_alpha_0.060000,0.06,929,0.0016697194004404352,True,False
full_R3_R4_alpha_0.060000,0.06,930,0.0016093710840280279,True,False
full_R3_R4_alpha_0.060000,0.06,931,0.0022969160093044656,True,False
full_R3_R4_alpha_0.060000,0.06,932,0.0016544806644201067,True,False
full_R3_R4_alpha_0.060000,0.06,933,0.0017238119024455317,True,False
full_R3_R4_alpha_0.060000,0.06,934,0.0016375392722393356,True,False
full_R3_R4_alpha_0.060000,0.06,935,0.0015586751846518255,True,False
full_R3_R4_alpha_0.060000,0.06,936,0.001967081425465809,True,False
full_R3_R4_alpha_0.060000,0.06,937,0.0031269016593747077,True,False
full_R3_R4_alpha_0.060000,0.06,938,0.0013200237586708994,True,False
full_R3_R4_alpha_0.060000,0.06,939,0.0012450629095536307,True,False
full_R3_R4_alpha_0.060000,0.06,940,0.0015656505555050537,True,False
full_R3_R4_alpha_0.060000,0.06,941,0.0017600260471628084,True,False
full_R3_R4_alpha_0.060000,0.06,942,0.0012029424600998886,True,False
full_R3_R4_alpha_0.060000,0.06,943,0.00266165360371051,True,False
full_R3_R4_alpha_0.060000,0.06,944,0.00262494608002637,True,False
full_R3_R4_alpha_0.060000,0.06,945,0.00155237764221812,True,False
full_R3_R4_alpha_0.060000,0.06,946,0.0017928902361418221,True,False
full_R3_R4_alpha_0.060000,0.06,947,0.0028063064974022975,True,False
full_R3_R4_alpha_0.060000,0.06,948,0.0018843327011882516,True,False
full_R3_R4_alpha_0.060000,0.06,949,0.0015534659925548918,True,False
full_R3_R4_alpha_0.060000,0.06,950,0.002538021203543091,True,False
full_R3_R4_alpha_0.060000,0.06,951,0.0023414262795785666,True,False
full_R3_R4_alpha_0.060000,0.06,952,0.0016835106905215903,True,False
full_R3_R4_alpha_0.060000,0.06,953,0.0014835134800382586,True,False
full_R3_R4_alpha_0.060000,0.06,954,0.0027513406402832987,True,False
full_R3_R4_alpha_0.060000,0.06,955,0.0022872829137022765,True,False
full_R3_R4_alpha_0.060000,0.06,956,0.0019884575511842956,True,False
full_R3_R4_alpha_0.060000,0.06,957,0.0016717154584974618,True,False
full_R3_R4_alpha_0.060000,0.06,958,0.0017252195571397363,True,False
full_R3_R4_alpha_0.060000,0.06,959,0.0009497141759340169,True,False
full_R3_R4_alpha_0.060000,0.06,960,0.0021096390816467956,True,False
full_R3_R4_alpha_0.060000,0.06,961,0.0017374978831621948,True,False
full_R3_R4_alpha_0.060000,0.06,962,0.002162959059043699,True,False
full_R3_R4_alpha_0.060000,0.06,963,0.0027170855203894613,True,False
full_R3_R4_alpha_0.060000,0.06,964,0.0015777718758575676,True,False
full_R3_R4_alpha_0.060000,0.06,965,0.002021145657095689,True,False
full_R3_R4_alpha_0.060000,0.06,966,0.0026307012787595064,True,False
full_R3_R4_alpha_0.060000,0.06,967,0.002654469267062468,True,False
full_R3_R4_alpha_0.060000,0.06,968,0.0018099065177426667,True,False
full_R3_R4_alpha_0.060000,0.06,969,0.0014098960459211281,True,False
full_R3_R4_alpha_0.060000,0.06,970,0.0023102456384728933,True,False
full_R3_R4_alpha_0.060000,0.06,971,0.001682883257062906,True,False
full_R3_R4_alpha_0.060000,0.06,972,0.0016600303072296435,True,False
full_R3_R4_alpha_0.060000,0.06,973,0.0022595633866868505,True,False
full_R3_R4_alpha_0.060000,0.06,974,0.0014954857952765694,True,False
full_R3_R4_alpha_0.060000,0.06,975,0.0029106125519401584,True,False
full_R3_R4_alpha_0.060000,0.06,976,0.001983340374861774,True,False
full_R3_R4_alpha_0.060000,0.06,977,0.0014768565874396292,True,False
full_R3_R4_alpha_0.060000,0.06,978,0.0022604137162655458,True,False
full_R3_R4_alpha_0.060000,0.06,979,0.001635462918139162,True,False
full_R3_R4_alpha_0.060000,0.06,980,0.002162210151723994,True,False
full_R3_R4_alpha_0.060000,0.06,981,0.001756283107689174,True,False
full_R3_R4_alpha_0.060000,0.06,982,0.0014132803132835621,True,False
full_R3_R4_alpha_0.060000,0.06,983,0.001443782158231485,True,False
full_R3_R4_alpha_0.060000,0.06,984,0.0017398321379056593,True,False
full_R3_R4_alpha_0.060000,0.06,985,0.0018628161590812172,True,False
full_R3_R4_alpha_0.060000,0.06,986,0.001961349082328073,True,False
full_R3_R4_alpha_0.060000,0.06,987,0.0019105917910858896,True,False
full_R3_R4_alpha_0.060000,0.06,988,0.0016618930025135673,True,False
full_R3_R4_alpha_0.060000,0.06,989,0.0018923098219221731,True,False
full_R3_R4_alpha_0.060000,0.06,990,0.0032728219544468948,True,False
full_R3_R4_alpha_0.060000,0.06,991,0.0017185869361850017,True,False
full_R3_R4_alpha_0.060000,0.06,992,0.0013795279473393701,True,False
full_R3_R4_alpha_0.060000,0.06,993,0.001193210592408892,True,False
full_R3_R4_alpha_0.060000,0.06,994,0.0024783002357394346,True,False
full_R3_R4_alpha_0.060000,0.06,995,0.0017781009811477307,True,False
full_R3_R4_alpha_0.060000,0.06,996,0.0021384224801777466,True,False
full_R3_R4_alpha_0.060000,0.06,997,0.0016728612551961844,True,False
full_R3_R4_alpha_0.060000,0.06,998,0.003020158897041297,True,False
full_R3_R4_alpha_0.060000,0.06,999,0.002052310370821838,True,False
full_R3_R4_alpha_0.060000,0.06,1000,0.0016474326095070305,True,False
full_R3_R4_alpha_0.080000,0.08,1,0.0024523259484104127,True,False
full_R3_R4_alpha_0.080000,0.08,2,0.0012698984884062106,True,False
full_R3_R4_alpha_0.080000,0.08,3,0.001492198055251092,True,False
full_R3_R4_alpha_0.080000,0.08,4,0.0017523204515037002,True,False
full_R3_R4_alpha_0.080000,0.08,5,0.0017995982894693054,True,False
full_R3_R4_alpha_0.080000,0.08,6,0.0023000974267987037,True,False
full_R3_R4_alpha_0.080000,0.08,7,0.0010438661140536173,True,False
full_R3_R4_alpha_0.080000,0.08,8,0.0023680411524088776,True,False
full_R3_R4_alpha_0.080000,0.08,9,0.0009292701724493746,True,False
full_R3_R4_alpha_0.080000,0.08,10,0.0018703438169260947,True,False
full_R3_R4_alpha_0.080000,0.08,11,0.0014706073631916045,True,False
full_R3_R4_alpha_0.080000,0.08,12,0.001582642705391755,True,False
full_R3_R4_alpha_0.080000,0.08,13,0.0026113251329924645,True,False
full_R3_R4_alpha_0.080000,0.08,14,0.0011772265885590535,True,False
full_R3_R4_alpha_0.080000,0.08,15,0.0019259891440298038,True,False
full_R3_R4_alpha_0.080000,0.08,16,0.0015341609352059055,True,False
full_R3_R4_alpha_0.080000,0.08,17,0.0025619603073524662,True,False
full_R3_R4_alpha_0.080000,0.08,18,0.001488607137490396,True,False
full_R3_R4_alpha_0.080000,0.08,19,0.0024405010499540525,True,False
full_R3_R4_alpha_0.080000,0.08,20,0.0018824781698609805,True,False
full_R3_R4_alpha_0.080000,0.08,21,0.0013085280675249296,True,False
full_R3_R4_alpha_0.080000,0.08,22,0.0016652615226521194,True,False
full_R3_R4_alpha_0.080000,0.08,23,0.0013392235615115225,True,False
full_R3_R4_alpha_0.080000,0.08,24,0.0015912060447007222,True,False
full_R3_R4_alpha_0.080000,0.08,25,0.0018515779742418871,True,False
full_R3_R4_alpha_0.080000,0.08,26,0.0011513224752295267,True,False
full_R3_R4_alpha_0.080000,0.08,27,0.0010008391400617533,True,False
full_R3_R4_alpha_0.080000,0.08,28,0.002215783353336971,True,False
full_R3_R4_alpha_0.080000,0.08,29,0.0018464690699928942,True,False
full_R3_R4_alpha_0.080000,0.08,30,0.001322591163112322,True,False
full_R3_R4_alpha_0.080000,0.08,31,0.001292110073785108,True,False
full_R3_R4_alpha_0.080000,0.08,32,0.0015552868598975428,True,False
full_R3_R4_alpha_0.080000,0.08,33,0.0016498267190200697,True,False
full_R3_R4_alpha_0.080000,0.08,34,0.0014254438615528562,True,False
full_R3_R4_alpha_0.080000,0.08,35,0.0013952055011490173,True,False
full_R3_R4_alpha_0.080000,0.08,36,0.002603449479768831,True,False
full_R3_R4_alpha_0.080000,0.08,37,0.0033591237695386467,True,False
full_R3_R4_alpha_0.080000,0.08,38,0.002072753723626554,True,False
full_R3_R4_alpha_0.080000,0.08,39,0.0015707723063606946,True,False
full_R3_R4_alpha_0.080000,0.08,40,0.003726524492159418,True,False
full_R3_R4_alpha_0.080000,0.08,41,0.0017411546175027475,True,False
full_R3_R4_alpha_0.080000,0.08,42,0.0017009836645361465,True,False
full_R3_R4_alpha_0.080000,0.08,43,0.0015033603075744139,True,False
full_R3_R4_alpha_0.080000,0.08,44,0.001558655970337616,True,False
full_R3_R4_alpha_0.080000,0.08,45,0.001558163063575192,True,False
full_R3_R4_alpha_0.080000,0.08,46,0.001537646642368001,True,False
full_R3_R4_alpha_0.080000,0.08,47,0.001426501291044391,True,False
full_R3_R4_alpha_0.080000,0.08,48,0.0011856196173379487,True,False
full_R3_R4_alpha_0.080000,0.08,49,0.002033904241669621,True,False
full_R3_R4_alpha_0.080000,0.08,50,0.0018469314420480395,True,False
full_R3_R4_alpha_0.080000,0.08,51,0.0022271125791763872,True,False
full_R3_R4_alpha_0.080000,0.08,52,0.0011677104151986977,True,False
full_R3_R4_alpha_0.080000,0.08,53,0.0012046005895482252,True,False
full_R3_R4_alpha_0.080000,0.08,54,0.001425343587348753,True,False
full_R3_R4_alpha_0.080000,0.08,55,0.0018611062803016777,True,False
full_R3_R4_alpha_0.080000,0.08,56,0.0025922345690417834,True,False
full_R3_R4_alpha_0.080000,0.08,57,0.0015557112229586828,True,False
full_R3_R4_alpha_0.080000,0.08,58,0.0012087642056761525,True,False
full_R3_R4_alpha_0.080000,0.08,59,0.002146853591416623,True,False
full_R3_R4_alpha_0.080000,0.08,60,0.0013121372930271745,True,False
full_R3_R4_alpha_0.080000,0.08,61,0.0024173396928166774,True,False
full_R3_R4_alpha_0.080000,0.08,62,0.001511905126360945,True,False
full_R3_R4_alpha_0.080000,0.08,63,0.0018435763494114475,True,False
full_R3_R4_alpha_0.080000,0.08,64,0.0014032642717827122,True,False
full_R3_R4_alpha_0.080000,0.08,65,0.0015416783218628269,True,False
full_R3_R4_alpha_0.080000,0.08,66,0.001688417450542889,True,False
full_R3_R4_alpha_0.080000,0.08,67,0.0017485157035732996,True,False
full_R3_R4_alpha_0.080000,0.08,68,0.001842002527341249,True,False
full_R3_R4_alpha_0.080000,0.08,69,0.0019671664361549657,True,False
full_R3_R4_alpha_0.080000,0.08,70,0.0017023914496474347,True,False
full_R3_R4_alpha_0.080000,0.08,71,0.0012043948268520956,True,False
full_R3_R4_alpha_0.080000,0.08,72,0.0017440840669849353,True,False
full_R3_R4_alpha_0.080000,0.08,73,0.001610885059733649,True,False
full_R3_R4_alpha_0.080000,0.08,74,0.0009572334584810596,True,False
full_R3_R4_alpha_0.080000,0.08,75,0.0019170784855612806,True,False
full_R3_R4_alpha_0.080000,0.08,76,0.0023372778560349604,True,False
full_R3_R4_alpha_0.080000,0.08,77,0.0016869528353079064,True,False
full_R3_R4_alpha_0.080000,0.08,78,0.0012213482231673584,True,False
full_R3_R4_alpha_0.080000,0.08,79,0.0015156147063756628,True,False
full_R3_R4_alpha_0.080000,0.08,80,0.0016246369781171032,True,False
full_R3_R4_alpha_0.080000,0.08,81,0.001611454790883068,True,False
full_R3_R4_alpha_0.080000,0.08,82,0.0017047980017867704,True,False
full_R3_R4_alpha_0.080000,0.08,83,0.0016523325149395286,True,False
full_R3_R4_alpha_0.080000,0.08,84,0.0023557847107858673,True,False
full_R3_R4_alpha_0.080000,0.08,85,0.0014206780056228898,True,False
full_R3_R4_alpha_0.080000,0.08,86,0.002126783848246624,True,False
full_R3_R4_alpha_0.080000,0.08,87,0.002375685607987652,True,False
full_R3_R4_alpha_0.080000,0.08,88,0.0014578091480142786,True,False
full_R3_R4_alpha_0.080000,0.08,89,0.0012440389230285484,True,False
full_R3_R4_alpha_0.080000,0.08,90,0.0014679859690958344,True,False
full_R3_R4_alpha_0.080000,0.08,91,0.0018735964600337803,True,False
full_R3_R4_alpha_0.080000,0.08,92,0.001748137159054497,True,False
full_R3_R4_alpha_0.080000,0.08,93,0.0015542335406962394,True,False
full_R3_R4_alpha_0.080000,0.08,94,0.0030721192144833823,True,False
full_R3_R4_alpha_0.080000,0.08,95,0.0015405431647538893,True,False
full_R3_R4_alpha_0.080000,0.08,96,0.0021544205199424695,True,False
full_R3_R4_alpha_0.080000,0.08,97,0.0011122312947743802,True,False
full_R3_R4_alpha_0.080000,0.08,98,0.0025130774763113257,True,False
full_R3_R4_alpha_0.080000,0.08,99,0.001543627238258652,True,False
full_R3_R4_alpha_0.080000,0.08,100,0.0024272563185409398,True,False
full_R3_R4_alpha_0.080000,0.08,101,0.003166541719915132,True,False
full_R3_R4_alpha_0.080000,0.08,102,0.0012078017795160904,True,False
full_R3_R4_alpha_0.080000,0.08,103,0.001627821956420697,True,False
full_R3_R4_alpha_0.080000,0.08,104,0.001409828437508334,True,False
full_R3_R4_alpha_0.080000,0.08,105,0.002402708326854449,True,False
full_R3_R4_alpha_0.080000,0.08,106,0.0017940704286219776,True,False
full_R3_R4_alpha_0.080000,0.08,107,0.0014975480255014345,True,False
full_R3_R4_alpha_0.080000,0.08,108,0.002102782857128219,True,False
full_R3_R4_alpha_0.080000,0.08,109,0.002423003647677043,True,False
full_R3_R4_alpha_0.080000,0.08,110,0.0016458645484214898,True,False
full_R3_R4_alpha_0.080000,0.08,111,0.0011567102408760628,True,False
full_R3_R4_alpha_0.080000,0.08,112,0.0012861256469553271,True,False
full_R3_R4_alpha_0.080000,0.08,113,0.00193159486634299,True,False
full_R3_R4_alpha_0.080000,0.08,114,0.001624192173668549,True,False
full_R3_R4_alpha_0.080000,0.08,115,0.0012008243002197456,True,False
full_R3_R4_alpha_0.080000,0.08,116,0.0021410428685192415,True,False
full_R3_R4_alpha_0.080000,0.08,117,0.0015648864545843404,True,False
full_R3_R4_alpha_0.080000,0.08,118,0.001285900167027441,True,False
full_R3_R4_alpha_0.080000,0.08,119,0.0014611282190710444,True,False
full_R3_R4_alpha_0.080000,0.08,120,0.00132566609450678,True,False
full_R3_R4_alpha_0.080000,0.08,121,0.0013661053780803362,True,False
full_R3_R4_alpha_0.080000,0.08,122,0.0024967539577450573,True,False
full_R3_R4_alpha_0.080000,0.08,123,0.0011650662782988,True,False
full_R3_R4_alpha_0.080000,0.08,124,0.001581680437630599,True,False
full_R3_R4_alpha_0.080000,0.08,125,0.0010113995693406825,True,False
full_R3_R4_alpha_0.080000,0.08,126,0.001454606333044736,True,False
full_R3_R4_alpha_0.080000,0.08,127,0.0017927522962051536,True,False
full_R3_R4_alpha_0.080000,0.08,128,0.0010285724041344613,True,False
full_R3_R4_alpha_0.080000,0.08,129,0.0012484844526021734,True,False
full_R3_R4_alpha_0.080000,0.08,130,0.001180897244244515,True,False
full_R3_R4_alpha_0.080000,0.08,131,0.00294979886719823,True,False
full_R3_R4_alpha_0.080000,0.08,132,0.0013661037638469525,True,False
full_R3_R4_alpha_0.080000,0.08,133,0.0013838879990837713,True,False
full_R3_R4_alpha_0.080000,0.08,134,0.0010064184973146962,True,False
full_R3_R4_alpha_0.080000,0.08,135,0.0015709883943024754,True,False
full_R3_R4_alpha_0.080000,0.08,136,0.0015731634610112665,True,False
full_R3_R4_alpha_0.080000,0.08,137,0.0016230618712758755,True,False
full_R3_R4_alpha_0.080000,0.08,138,0.0010849156857460603,True,False
full_R3_R4_alpha_0.080000,0.08,139,0.0030478792998415603,True,False
full_R3_R4_alpha_0.080000,0.08,140,0.0024296854520739104,True,False
full_R3_R4_alpha_0.080000,0.08,141,0.0013598477781004478,True,False
full_R3_R4_alpha_0.080000,0.08,142,0.0013706910936191227,True,False
full_R3_R4_alpha_0.080000,0.08,143,0.0022402897042452657,True,False
full_R3_R4_alpha_0.080000,0.08,144,0.0013906486777349903,True,False
full_R3_R4_alpha_0.080000,0.08,145,0.001804006228345732,True,False
full_R3_R4_alpha_0.080000,0.08,146,0.0017778479989474369,True,False
full_R3_R4_alpha_0.080000,0.08,147,0.0015789694230321984,True,False
full_R3_R4_alpha_0.080000,0.08,148,0.0023294040529569337,True,False
full_R3_R4_alpha_0.080000,0.08,149,0.0013967978084527281,True,False
full_R3_R4_alpha_0.080000,0.08,150,0.002300120878268998,True,False
full_R3_R4_alpha_0.080000,0.08,151,0.0011470161212421188,True,False
full_R3_R4_alpha_0.080000,0.08,152,0.0016423251078707172,True,False
full_R3_R4_alpha_0.080000,0.08,153,0.0006958700112374015,True,False
full_R3_R4_alpha_0.080000,0.08,154,0.0012228381330391333,True,False
full_R3_R4_alpha_0.080000,0.08,155,0.0008325205937262102,True,False
full_R3_R4_alpha_0.080000,0.08,156,0.0017285747771534367,True,False
full_R3_R4_alpha_0.080000,0.08,157,0.0014350825251827457,True,False
full_R3_R4_alpha_0.080000,0.08,158,0.001695729971222314,True,False
full_R3_R4_alpha_0.080000,0.08,159,0.001278548003826367,True,False
full_R3_R4_alpha_0.080000,0.08,160,0.0017565502343264733,True,False
full_R3_R4_alpha_0.080000,0.08,161,0.0013663371770720914,True,False
full_R3_R4_alpha_0.080000,0.08,162,0.0013351629659318159,True,False
full_R3_R4_alpha_0.080000,0.08,163,0.0020178834823928616,True,False
full_R3_R4_alpha_0.080000,0.08,164,0.001165958336039437,True,False
full_R3_R4_alpha_0.080000,0.08,165,0.001042090797882944,True,False
full_R3_R4_alpha_0.080000,0.08,166,0.002209780062901206,True,False
full_R3_R4_alpha_0.080000,0.08,167,0.0014625936124721005,True,False
full_R3_R4_alpha_0.080000,0.08,168,0.0017182354645062369,True,False
full_R3_R4_alpha_0.080000,0.08,169,0.0017349020303400677,True,False
full_R3_R4_alpha_0.080000,0.08,170,0.0018442417720079803,True,False
full_R3_R4_alpha_0.080000,0.08,171,0.0014491012256651213,True,False
full_R3_R4_alpha_0.080000,0.08,172,0.0008991963409713426,True,False
full_R3_R4_alpha_0.080000,0.08,173,0.0014976212036126998,True,False
full_R3_R4_alpha_0.080000,0.08,174,0.0014164239145634866,True,False
full_R3_R4_alpha_0.080000,0.08,175,0.0024998068906331773,True,False
full_R3_R4_alpha_0.080000,0.08,176,0.0021327351309633714,True,False
full_R3_R4_alpha_0.080000,0.08,177,0.0011928712431312745,True,False
full_R3_R4_alpha_0.080000,0.08,178,0.0011582469677475205,True,False
full_R3_R4_alpha_0.080000,0.08,179,0.001079889868198025,True,False
full_R3_R4_alpha_0.080000,0.08,180,0.0017915139242150502,True,False
full_R3_R4_alpha_0.080000,0.08,181,0.0008354126948035297,True,False
full_R3_R4_alpha_0.080000,0.08,182,0.0014195209236517457,True,False
full_R3_R4_alpha_0.080000,0.08,183,0.0016444622257276954,True,False
full_R3_R4_alpha_0.080000,0.08,184,0.0019017708603058057,True,False
full_R3_R4_alpha_0.080000,0.08,185,0.0007455650228314971,True,False
full_R3_R4_alpha_0.080000,0.08,186,0.002478822976286941,True,False
full_R3_R4_alpha_0.080000,0.08,187,0.0022828464906050443,True,False
full_R3_R4_alpha_0.080000,0.08,188,0.0029205685196842927,True,False
full_R3_R4_alpha_0.080000,0.08,189,0.0013737438492065707,True,False
full_R3_R4_alpha_0.080000,0.08,190,0.0016583089444040737,True,False
full_R3_R4_alpha_0.080000,0.08,191,0.0019625400596412507,True,False
full_R3_R4_alpha_0.080000,0.08,192,0.0011730110492347789,True,False
full_R3_R4_alpha_0.080000,0.08,193,0.0011356941112687317,True,False
full_R3_R4_alpha_0.080000,0.08,194,0.001349884503295795,True,False
full_R3_R4_alpha_0.080000,0.08,195,0.002105271019161231,True,False
full_R3_R4_alpha_0.080000,0.08,196,0.001339417372289605,True,False
full_R3_R4_alpha_0.080000,0.08,197,0.0015311043534300538,True,False
full_R3_R4_alpha_0.080000,0.08,198,0.001194707367316819,True,False
full_R3_R4_alpha_0.080000,0.08,199,0.001482728438634606,True,False
full_R3_R4_alpha_0.080000,0.08,200,0.0017501838540802223,True,False
full_R3_R4_alpha_0.080000,0.08,201,0.0012231567804087639,True,False
full_R3_R4_alpha_0.080000,0.08,202,0.0019839846860649013,True,False
full_R3_R4_alpha_0.080000,0.08,203,0.0016861620212473476,True,False
full_R3_R4_alpha_0.080000,0.08,204,0.0016766734705056926,True,False
full_R3_R4_alpha_0.080000,0.08,205,0.0012671800718622361,True,False
full_R3_R4_alpha_0.080000,0.08,206,0.001287493731371612,True,False
full_R3_R4_alpha_0.080000,0.08,207,0.0013127486076525354,True,False
full_R3_R4_alpha_0.080000,0.08,208,0.0020886549633136672,True,False
full_R3_R4_alpha_0.080000,0.08,209,0.002142802901470302,True,False
full_R3_R4_alpha_0.080000,0.08,210,0.0015491412327031258,True,False
full_R3_R4_alpha_0.080000,0.08,211,0.0015417242441868014,True,False
full_R3_R4_alpha_0.080000,0.08,212,0.0019279336951086498,True,False
full_R3_R4_alpha_0.080000,0.08,213,0.0020178070048849825,True,False
full_R3_R4_alpha_0.080000,0.08,214,0.0037280557444937653,True,False
full_R3_R4_alpha_0.080000,0.08,215,0.0012696949207963795,True,False
full_R3_R4_alpha_0.080000,0.08,216,0.001890564517627437,True,False
full_R3_R4_alpha_0.080000,0.08,217,0.0021259760640949935,True,False
full_R3_R4_alpha_0.080000,0.08,218,0.0015912039455594224,True,False
full_R3_R4_alpha_0.080000,0.08,219,0.0013899352368208014,True,False
full_R3_R4_alpha_0.080000,0.08,220,0.0020408831632263594,True,False
full_R3_R4_alpha_0.080000,0.08,221,0.0017365724171662358,True,False
full_R3_R4_alpha_0.080000,0.08,222,0.0012806230487346158,True,False
full_R3_R4_alpha_0.080000,0.08,223,0.0013633619787326134,True,False
full_R3_R4_alpha_0.080000,0.08,224,0.0019895734550289834,True,False
full_R3_R4_alpha_0.080000,0.08,225,0.0014786534503232562,True,False
full_R3_R4_alpha_0.080000,0.08,226,0.0013867316678425376,True,False
full_R3_R4_alpha_0.080000,0.08,227,0.0015908090377502243,True,False
full_R3_R4_alpha_0.080000,0.08,228,0.0016399368249207134,True,False
full_R3_R4_alpha_0.080000,0.08,229,0.001265101030453089,True,False
full_R3_R4_alpha_0.080000,0.08,230,0.001195799483365544,True,False
full_R3_R4_alpha_0.080000,0.08,231,0.001923842711070582,True,False
full_R3_R4_alpha_0.080000,0.08,232,0.0013173272318558749,True,False
full_R3_R4_alpha_0.080000,0.08,233,0.002461005987724096,True,False
full_R3_R4_alpha_0.080000,0.08,234,0.0016863832713744,True,False
full_R3_R4_alpha_0.080000,0.08,235,0.002314903243888264,True,False
full_R3_R4_alpha_0.080000,0.08,236,0.0014188833952287444,True,False
full_R3_R4_alpha_0.080000,0.08,237,0.0020038213442866446,True,False
full_R3_R4_alpha_0.080000,0.08,238,0.0017883783544057278,True,False
full_R3_R4_alpha_0.080000,0.08,239,0.0016575277460019466,True,False
full_R3_R4_alpha_0.080000,0.08,240,0.0013466130559893074,True,False
full_R3_R4_alpha_0.080000,0.08,241,0.001228282523745729,True,False
full_R3_R4_alpha_0.080000,0.08,242,0.0014327204560417518,True,False
full_R3_R4_alpha_0.080000,0.08,243,0.001807892106941774,True,False
full_R3_R4_alpha_0.080000,0.08,244,0.00142875488706855,True,False
full_R3_R4_alpha_0.080000,0.08,245,0.0015803486849833971,True,False
full_R3_R4_alpha_0.080000,0.08,246,0.0016804791045735388,True,False
full_R3_R4_alpha_0.080000,0.08,247,0.0014780071063080528,True,False
full_R3_R4_alpha_0.080000,0.08,248,0.0015195926072117333,True,False
full_R3_R4_alpha_0.080000,0.08,249,0.0016309975702088594,True,False
full_R3_R4_alpha_0.080000,0.08,250,0.0017306959874398712,True,False
full_R3_R4_alpha_0.080000,0.08,251,0.0010159986240139906,True,False
full_R3_R4_alpha_0.080000,0.08,252,0.0019866818940977946,True,False
full_R3_R4_alpha_0.080000,0.08,253,0.0015827375131649132,True,False
full_R3_R4_alpha_0.080000,0.08,254,0.0019934639919464087,True,False
full_R3_R4_alpha_0.080000,0.08,255,0.0017121777473361054,True,False
full_R3_R4_alpha_0.080000,0.08,256,0.0019617470470989114,True,False
full_R3_R4_alpha_0.080000,0.08,257,0.0016409362281633293,True,False
full_R3_R4_alpha_0.080000,0.08,258,0.001459782741821101,True,False
full_R3_R4_alpha_0.080000,0.08,259,0.001557809603544015,True,False
full_R3_R4_alpha_0.080000,0.08,260,0.001770904311560946,True,False
full_R3_R4_alpha_0.080000,0.08,261,0.0017451731666237682,True,False
full_R3_R4_alpha_0.080000,0.08,262,0.0016713097080791493,True,False
full_R3_R4_alpha_0.080000,0.08,263,0.0012397911376311774,True,False
full_R3_R4_alpha_0.080000,0.08,264,0.002001479754637909,True,False
full_R3_R4_alpha_0.080000,0.08,265,0.002702456700625875,True,False
full_R3_R4_alpha_0.080000,0.08,266,0.0014677716611567373,True,False
full_R3_R4_alpha_0.080000,0.08,267,0.0027641178634570497,True,False
full_R3_R4_alpha_0.080000,0.08,268,0.0020753397044706596,True,False
full_R3_R4_alpha_0.080000,0.08,269,0.0008201303199225356,True,False
full_R3_R4_alpha_0.080000,0.08,270,0.0020252871840409606,True,False
full_R3_R4_alpha_0.080000,0.08,271,0.0014296192903547552,True,False
full_R3_R4_alpha_0.080000,0.08,272,0.001358793402957962,True,False
full_R3_R4_alpha_0.080000,0.08,273,0.001047972815236053,True,False
full_R3_R4_alpha_0.080000,0.08,274,0.0012981743443820156,True,False
full_R3_R4_alpha_0.080000,0.08,275,0.0012365467492598447,True,False
full_R3_R4_alpha_0.080000,0.08,276,0.0013277246072427218,True,False
full_R3_R4_alpha_0.080000,0.08,277,0.0015237180744449802,True,False
full_R3_R4_alpha_0.080000,0.08,278,0.0012444825946019043,True,False
full_R3_R4_alpha_0.080000,0.08,279,0.0015010882096442462,True,False
full_R3_R4_alpha_0.080000,0.08,280,0.001634792027640201,True,False
full_R3_R4_alpha_0.080000,0.08,281,0.001281501929471572,True,False
full_R3_R4_alpha_0.080000,0.08,282,0.0013267701808377778,True,False
full_R3_R4_alpha_0.080000,0.08,283,0.001960260726361421,True,False
full_R3_R4_alpha_0.080000,0.08,284,0.0013496608217898644,True,False
full_R3_R4_alpha_0.080000,0.08,285,0.0013962656457587948,True,False
full_R3_R4_alpha_0.080000,0.08,286,0.0013632686712830241,True,False
full_R3_R4_alpha_0.080000,0.08,287,0.0012512752687508565,True,False
full_R3_R4_alpha_0.080000,0.08,288,0.002265341252106192,True,False
full_R3_R4_alpha_0.080000,0.08,289,0.0017458635283136336,True,False
full_R3_R4_alpha_0.080000,0.08,290,0.001631391062335587,True,False
full_R3_R4_alpha_0.080000,0.08,291,0.0011788498750079264,True,False
full_R3_R4_alpha_0.080000,0.08,292,0.0012877629023419319,True,False
full_R3_R4_alpha_0.080000,0.08,293,0.0011487218434902443,True,False
full_R3_R4_alpha_0.080000,0.08,294,0.0017909676609669896,True,False
full_R3_R4_alpha_0.080000,0.08,295,0.0012041641694771974,True,False
full_R3_R4_alpha_0.080000,0.08,296,0.0014766925289664082,True,False
full_R3_R4_alpha_0.080000,0.08,297,0.0013381359542637516,True,False
full_R3_R4_alpha_0.080000,0.08,298,0.0014494624881617759,True,False
full_R3_R4_alpha_0.080000,0.08,299,0.0014381927798946803,True,False
full_R3_R4_alpha_0.080000,0.08,300,0.0011663550347040153,True,False
full_R3_R4_alpha_0.080000,0.08,301,0.002491028848665732,True,False
full_R3_R4_alpha_0.080000,0.08,302,0.0013376894374344669,True,False
full_R3_R4_alpha_0.080000,0.08,303,0.0010289665653786069,True,False
full_R3_R4_alpha_0.080000,0.08,304,0.0013305233578004554,True,False
full_R3_R4_alpha_0.080000,0.08,305,0.0014803786614200432,True,False
full_R3_R4_alpha_0.080000,0.08,306,0.0019150644009945212,True,False
full_R3_R4_alpha_0.080000,0.08,307,0.0012624568428963611,True,False
full_R3_R4_alpha_0.080000,0.08,308,0.0017163251182533443,True,False
full_R3_R4_alpha_0.080000,0.08,309,0.0013751359387230017,True,False
full_R3_R4_alpha_0.080000,0.08,310,0.0013914831258302293,True,False
full_R3_R4_alpha_0.080000,0.08,311,0.00157818561102669,True,False
full_R3_R4_alpha_0.080000,0.08,312,0.0016773407328460718,True,False
full_R3_R4_alpha_0.080000,0.08,313,0.0016392375415882727,True,False
full_R3_R4_alpha_0.080000,0.08,314,0.0016739348466017294,True,False
full_R3_R4_alpha_0.080000,0.08,315,0.001355988500557801,True,False
full_R3_R4_alpha_0.080000,0.08,316,0.0016865984648463063,True,False
full_R3_R4_alpha_0.080000,0.08,317,0.002801384741408951,True,False
full_R3_R4_alpha_0.080000,0.08,318,0.0014583255077628445,True,False
full_R3_R4_alpha_0.080000,0.08,319,0.001852770669667969,True,False
full_R3_R4_alpha_0.080000,0.08,320,0.0012945257167254081,True,False
full_R3_R4_alpha_0.080000,0.08,321,0.0012631789619698085,True,False
full_R3_R4_alpha_0.080000,0.08,322,0.00202536700723499,True,False
full_R3_R4_alpha_0.080000,0.08,323,0.001511569210644927,True,False
full_R3_R4_alpha_0.080000,0.08,324,0.002262622807992749,True,False
full_R3_R4_alpha_0.080000,0.08,325,0.0015321381257228078,True,False
full_R3_R4_alpha_0.080000,0.08,326,0.001286395751932341,True,False
full_R3_R4_alpha_0.080000,0.08,327,0.0015081693639634472,True,False
full_R3_R4_alpha_0.080000,0.08,328,0.0011906540756865657,True,False
full_R3_R4_alpha_0.080000,0.08,329,0.0012100040322375377,True,False
full_R3_R4_alpha_0.080000,0.08,330,0.001638619085985181,True,False
full_R3_R4_alpha_0.080000,0.08,331,0.0018450051066344355,True,False
full_R3_R4_alpha_0.080000,0.08,332,0.0015316737548285312,True,False
full_R3_R4_alpha_0.080000,0.08,333,0.0011437457513865448,True,False
full_R3_R4_alpha_0.080000,0.08,334,0.001524934021326691,True,False
full_R3_R4_alpha_0.080000,0.08,335,0.0014420018138123327,True,False
full_R3_R4_alpha_0.080000,0.08,336,0.0014647544464690973,True,False
full_R3_R4_alpha_0.080000,0.08,337,0.0010052952853974763,True,False
full_R3_R4_alpha_0.080000,0.08,338,0.0015257606655010123,True,False
full_R3_R4_alpha_0.080000,0.08,339,0.000920822996012403,True,False
full_R3_R4_alpha_0.080000,0.08,340,0.0018643226164960852,True,False
full_R3_R4_alpha_0.080000,0.08,341,0.0019432424652377441,True,False
full_R3_R4_alpha_0.080000,0.08,342,0.0024103009081016956,True,False
full_R3_R4_alpha_0.080000,0.08,343,0.0017412293345395544,True,False
full_R3_R4_alpha_0.080000,0.08,344,0.0015290110695916237,True,False
full_R3_R4_alpha_0.080000,0.08,345,0.0015268485211424158,True,False
full_R3_R4_alpha_0.080000,0.08,346,0.00129603593990827,True,False
full_R3_R4_alpha_0.080000,0.08,347,0.002459381942688153,True,False
full_R3_R4_alpha_0.080000,0.08,348,0.0029780735242833684,True,False
full_R3_R4_alpha_0.080000,0.08,349,0.0016891707410622541,True,False
full_R3_R4_alpha_0.080000,0.08,350,0.0017670727832356675,True,False
full_R3_R4_alpha_0.080000,0.08,351,0.0018119384397881474,True,False
full_R3_R4_alpha_0.080000,0.08,352,0.0022987161683740496,True,False
full_R3_R4_alpha_0.080000,0.08,353,0.0010159725835362464,True,False
full_R3_R4_alpha_0.080000,0.08,354,0.0020177057631781347,True,False
full_R3_R4_alpha_0.080000,0.08,355,0.0013534296330352314,True,False
full_R3_R4_alpha_0.080000,0.08,356,0.001751065824197834,True,False
full_R3_R4_alpha_0.080000,0.08,357,0.0015442219445252518,True,False
full_R3_R4_alpha_0.080000,0.08,358,0.0018011537415787938,True,False
full_R3_R4_alpha_0.080000,0.08,359,0.002000649071933593,True,False
full_R3_R4_alpha_0.080000,0.08,360,0.0015247825722292006,True,False
full_R3_R4_alpha_0.080000,0.08,361,0.0015317773259016579,True,False
full_R3_R4_alpha_0.080000,0.08,362,0.0019198692899902435,True,False
full_R3_R4_alpha_0.080000,0.08,363,0.00226295255158516,True,False
full_R3_R4_alpha_0.080000,0.08,364,0.0008714241936575717,True,False
full_R3_R4_alpha_0.080000,0.08,365,0.0019008353026839498,True,False
full_R3_R4_alpha_0.080000,0.08,366,0.001309304780305811,True,False
full_R3_R4_alpha_0.080000,0.08,367,0.001943063439925029,True,False
full_R3_R4_alpha_0.080000,0.08,368,0.0009479822909724442,True,False
full_R3_R4_alpha_0.080000,0.08,369,0.0015556998879673913,True,False
full_R3_R4_alpha_0.080000,0.08,370,0.0026407677234207604,True,False
full_R3_R4_alpha_0.080000,0.08,371,0.001429499348934065,True,False
full_R3_R4_alpha_0.080000,0.08,372,0.0010258940979386475,True,False
full_R3_R4_alpha_0.080000,0.08,373,0.0013947804085188637,True,False
full_R3_R4_alpha_0.080000,0.08,374,0.0010748061086396342,True,False
full_R3_R4_alpha_0.080000,0.08,375,0.0013618484139602185,True,False
full_R3_R4_alpha_0.080000,0.08,376,0.0012330629182625659,True,False
full_R3_R4_alpha_0.080000,0.08,377,0.0012831094142546704,True,False
full_R3_R4_alpha_0.080000,0.08,378,0.0013667614923048722,True,False
full_R3_R4_alpha_0.080000,0.08,379,0.0015374106882619872,True,False
full_R3_R4_alpha_0.080000,0.08,380,0.0017854094952147583,True,False
full_R3_R4_alpha_0.080000,0.08,381,0.0018524816842650123,True,False
full_R3_R4_alpha_0.080000,0.08,382,0.0013341620358213817,True,False
full_R3_R4_alpha_0.080000,0.08,383,0.0016791676390350658,True,False
full_R3_R4_alpha_0.080000,0.08,384,0.0013079916768321382,True,False
full_R3_R4_alpha_0.080000,0.08,385,0.001809902505169821,True,False
full_R3_R4_alpha_0.080000,0.08,386,0.001345630544379708,True,False
full_R3_R4_alpha_0.080000,0.08,387,0.002379964223214416,True,False
full_R3_R4_alpha_0.080000,0.08,388,0.0014184637308736548,True,False
full_R3_R4_alpha_0.080000,0.08,389,0.0012413771348054434,True,False
full_R3_R4_alpha_0.080000,0.08,390,0.0030231396684081186,True,False
full_R3_R4_alpha_0.080000,0.08,391,0.0015152354565723097,True,False
full_R3_R4_alpha_0.080000,0.08,392,0.001281368146911987,True,False
full_R3_R4_alpha_0.080000,0.08,393,0.002058444312391334,True,False
full_R3_R4_alpha_0.080000,0.08,394,0.001202586366638198,True,False
full_R3_R4_alpha_0.080000,0.08,395,0.000891795456179837,True,False
full_R3_R4_alpha_0.080000,0.08,396,0.0014857930856979657,True,False
full_R3_R4_alpha_0.080000,0.08,397,0.0015108856231167164,True,False
full_R3_R4_alpha_0.080000,0.08,398,0.0014177616463321423,True,False
full_R3_R4_alpha_0.080000,0.08,399,0.0021563672774546966,True,False
full_R3_R4_alpha_0.080000,0.08,400,0.0011546495638540908,True,False
full_R3_R4_alpha_0.080000,0.08,401,0.0011142474195267515,True,False
full_R3_R4_alpha_0.080000,0.08,402,0.0013204848257224334,True,False
full_R3_R4_alpha_0.080000,0.08,403,0.0013036574772934142,True,False
full_R3_R4_alpha_0.080000,0.08,404,0.001982377531426645,True,False
full_R3_R4_alpha_0.080000,0.08,405,0.0017380567551999013,True,False
full_R3_R4_alpha_0.080000,0.08,406,0.0017130175741478272,True,False
full_R3_R4_alpha_0.080000,0.08,407,0.0017364037786974647,True,False
full_R3_R4_alpha_0.080000,0.08,408,0.0013710566722990674,True,False
full_R3_R4_alpha_0.080000,0.08,409,0.0014559959639044863,True,False
full_R3_R4_alpha_0.080000,0.08,410,0.0019162359630481502,True,False
full_R3_R4_alpha_0.080000,0.08,411,0.002188978755582421,True,False
full_R3_R4_alpha_0.080000,0.08,412,0.0018028626544154336,True,False
full_R3_R4_alpha_0.080000,0.08,413,0.0018036030305421658,True,False
full_R3_R4_alpha_0.080000,0.08,414,0.0012130610386817378,True,False
full_R3_R4_alpha_0.080000,0.08,415,0.002099220831560273,True,False
full_R3_R4_alpha_0.080000,0.08,416,0.002211591866982633,True,False
full_R3_R4_alpha_0.080000,0.08,417,0.001970845485843561,True,False
full_R3_R4_alpha_0.080000,0.08,418,0.0011516502975166864,True,False
full_R3_R4_alpha_0.080000,0.08,419,0.0024744427884044263,True,False
full_R3_R4_alpha_0.080000,0.08,420,0.0034164759192271224,True,False
full_R3_R4_alpha_0.080000,0.08,421,0.0013302771940501023,True,False
full_R3_R4_alpha_0.080000,0.08,422,0.001488259493413867,True,False
full_R3_R4_alpha_0.080000,0.08,423,0.0021562620646519044,True,False
full_R3_R4_alpha_0.080000,0.08,424,0.0016200123481201559,True,False
full_R3_R4_alpha_0.080000,0.08,425,0.0037478767614182737,True,False
full_R3_R4_alpha_0.080000,0.08,426,0.0016588749433307719,True,False
full_R3_R4_alpha_0.080000,0.08,427,0.0018625118565943313,True,False
full_R3_R4_alpha_0.080000,0.08,428,0.0015739125800895242,True,False
full_R3_R4_alpha_0.080000,0.08,429,0.001343160122624995,True,False
full_R3_R4_alpha_0.080000,0.08,430,0.0015356265520917632,True,False
full_R3_R4_alpha_0.080000,0.08,431,0.0011067640051426833,True,False
full_R3_R4_alpha_0.080000,0.08,432,0.0016842791243921117,True,False
full_R3_R4_alpha_0.080000,0.08,433,0.0017688868354547621,True,False
full_R3_R4_alpha_0.080000,0.08,434,0.001028921610756377,True,False
full_R3_R4_alpha_0.080000,0.08,435,0.0009954070773227884,True,False
full_R3_R4_alpha_0.080000,0.08,436,0.0013658012390150112,True,False
full_R3_R4_alpha_0.080000,0.08,437,0.0017930295864684663,True,False
full_R3_R4_alpha_0.080000,0.08,438,0.0012971794120432522,True,False
full_R3_R4_alpha_0.080000,0.08,439,0.0018379267731555848,True,False
full_R3_R4_alpha_0.080000,0.08,440,0.0012120702819735812,True,False
full_R3_R4_alpha_0.080000,0.08,441,0.0018927624350306106,True,False
full_R3_R4_alpha_0.080000,0.08,442,0.0018329468759590351,True,False
full_R3_R4_alpha_0.080000,0.08,443,0.002103874037459789,True,False
full_R3_R4_alpha_0.080000,0.08,444,0.0016875421505614325,True,False
full_R3_R4_alpha_0.080000,0.08,445,0.0022656337793623524,True,False
full_R3_R4_alpha_0.080000,0.08,446,0.0017901874957492432,True,False
full_R3_R4_alpha_0.080000,0.08,447,0.0026176435658936104,True,False
full_R3_R4_alpha_0.080000,0.08,448,0.0011968240681612743,True,False
full_R3_R4_alpha_0.080000,0.08,449,0.0021418941959438498,True,False
full_R3_R4_alpha_0.080000,0.08,450,0.0015683135959800095,True,False
full_R3_R4_alpha_0.080000,0.08,451,0.0021754359356530744,True,False
full_R3_R4_alpha_0.080000,0.08,452,0.0021578250717632233,True,False
full_R3_R4_alpha_0.080000,0.08,453,0.00129653430796834,True,False
full_R3_R4_alpha_0.080000,0.08,454,0.001782151174270631,True,False
full_R3_R4_alpha_0.080000,0.08,455,0.0011779483913435143,True,False
full_R3_R4_alpha_0.080000,0.08,456,0.0012644242586251023,True,False
full_R3_R4_alpha_0.080000,0.08,457,0.0016275708006411838,True,False
full_R3_R4_alpha_0.080000,0.08,458,0.0018070244674316326,True,False
full_R3_R4_alpha_0.080000,0.08,459,0.0012190892566515633,True,False
full_R3_R4_alpha_0.080000,0.08,460,0.001270216091386113,True,False
full_R3_R4_alpha_0.080000,0.08,461,0.0010289267806162536,True,False
full_R3_R4_alpha_0.080000,0.08,462,0.0010637100539667597,True,False
full_R3_R4_alpha_0.080000,0.08,463,0.001005346166812804,True,False
full_R3_R4_alpha_0.080000,0.08,464,0.001867261190227829,True,False
full_R3_R4_alpha_0.080000,0.08,465,0.0010542322718453184,True,False
full_R3_R4_alpha_0.080000,0.08,466,0.0023172913375244714,True,False
full_R3_R4_alpha_0.080000,0.08,467,0.0024947958260185662,True,False
full_R3_R4_alpha_0.080000,0.08,468,0.0007535552497894533,True,False
full_R3_R4_alpha_0.080000,0.08,469,0.00232131971153201,True,False
full_R3_R4_alpha_0.080000,0.08,470,0.0030523951632807716,True,False
full_R3_R4_alpha_0.080000,0.08,471,0.0025309702472322386,True,False
full_R3_R4_alpha_0.080000,0.08,472,0.002029278448342195,True,False
full_R3_R4_alpha_0.080000,0.08,473,0.0011941476394194464,True,False
full_R3_R4_alpha_0.080000,0.08,474,0.0014381075941346515,True,False
full_R3_R4_alpha_0.080000,0.08,475,0.002643129998355694,True,False
full_R3_R4_alpha_0.080000,0.08,476,0.0014827187824541998,True,False
full_R3_R4_alpha_0.080000,0.08,477,0.0022330428718938997,True,False
full_R3_R4_alpha_0.080000,0.08,478,0.002318133408574585,True,False
full_R3_R4_alpha_0.080000,0.08,479,0.0018658847624826809,True,False
full_R3_R4_alpha_0.080000,0.08,480,0.0009486462728438724,True,False
full_R3_R4_alpha_0.080000,0.08,481,0.0013352253718297833,True,False
full_R3_R4_alpha_0.080000,0.08,482,0.0012512718242316814,True,False
full_R3_R4_alpha_0.080000,0.08,483,0.0014245704086681106,True,False
full_R3_R4_alpha_0.080000,0.08,484,0.0014461405105629572,True,False
full_R3_R4_alpha_0.080000,0.08,485,0.0012515907174999166,True,False
full_R3_R4_alpha_0.080000,0.08,486,0.0021771616953532354,True,False
full_R3_R4_alpha_0.080000,0.08,487,0.002332844192125793,True,False
full_R3_R4_alpha_0.080000,0.08,488,0.0013894693342979192,True,False
full_R3_R4_alpha_0.080000,0.08,489,0.0025342083216731703,True,False
full_R3_R4_alpha_0.080000,0.08,490,0.0014837222413419625,True,False
full_R3_R4_alpha_0.080000,0.08,491,0.0022318523204191837,True,False
full_R3_R4_alpha_0.080000,0.08,492,0.0016080553956228521,True,False
full_R3_R4_alpha_0.080000,0.08,493,0.001539527368657946,True,False
full_R3_R4_alpha_0.080000,0.08,494,0.002740955038602086,True,False
full_R3_R4_alpha_0.080000,0.08,495,0.001318769449177002,True,False
full_R3_R4_alpha_0.080000,0.08,496,0.0013040677993071683,True,False
full_R3_R4_alpha_0.080000,0.08,497,0.0019514980558372635,True,False
full_R3_R4_alpha_0.080000,0.08,498,0.00166065818743155,True,False
full_R3_R4_alpha_0.080000,0.08,499,0.002094246826218133,True,False
full_R3_R4_alpha_0.080000,0.08,500,0.001546094170875289,True,False
full_R3_R4_alpha_0.080000,0.08,501,0.0014905361830709343,True,False
full_R3_R4_alpha_0.080000,0.08,502,0.0015600763755529118,True,False
full_R3_R4_alpha_0.080000,0.08,503,0.00240906524725111,True,False
full_R3_R4_alpha_0.080000,0.08,504,0.0019016376109264354,True,False
full_R3_R4_alpha_0.080000,0.08,505,0.00157670125435528,True,False
full_R3_R4_alpha_0.080000,0.08,506,0.0017579809234715147,True,False
full_R3_R4_alpha_0.080000,0.08,507,0.0018133155113083316,True,False
full_R3_R4_alpha_0.080000,0.08,508,0.001543220773649653,True,False
full_R3_R4_alpha_0.080000,0.08,509,0.0011697265932756574,True,False
full_R3_R4_alpha_0.080000,0.08,510,0.0006414055346124236,True,False
full_R3_R4_alpha_0.080000,0.08,511,0.001684487923429384,True,False
full_R3_R4_alpha_0.080000,0.08,512,0.0019127610474355696,True,False
full_R3_R4_alpha_0.080000,0.08,513,0.001175177509813411,True,False
full_R3_R4_alpha_0.080000,0.08,514,0.0027663842821677876,True,False
full_R3_R4_alpha_0.080000,0.08,515,0.001573618061640969,True,False
full_R3_R4_alpha_0.080000,0.08,516,0.0021283634431744354,True,False
full_R3_R4_alpha_0.080000,0.08,517,0.0016182604097115254,True,False
full_R3_R4_alpha_0.080000,0.08,518,0.0019297202129784873,True,False
full_R3_R4_alpha_0.080000,0.08,519,0.001781024515418931,True,False
full_R3_R4_alpha_0.080000,0.08,520,0.001296333171061073,True,False
full_R3_R4_alpha_0.080000,0.08,521,0.0016956722454771016,True,False
full_R3_R4_alpha_0.080000,0.08,522,0.0017530466720547069,True,False
full_R3_R4_alpha_0.080000,0.08,523,0.0019491031882333603,True,False
full_R3_R4_alpha_0.080000,0.08,524,0.0013062740572950414,True,False
full_R3_R4_alpha_0.080000,0.08,525,0.001736848062503587,True,False
full_R3_R4_alpha_0.080000,0.08,526,0.0026885456858092693,True,False
full_R3_R4_alpha_0.080000,0.08,527,0.0020190623560511246,True,False
full_R3_R4_alpha_0.080000,0.08,528,0.002207420538059486,True,False
full_R3_R4_alpha_0.080000,0.08,529,0.0012986762620718056,True,False
full_R3_R4_alpha_0.080000,0.08,530,0.0014990348108112127,True,False
full_R3_R4_alpha_0.080000,0.08,531,0.002219344198339953,True,False
full_R3_R4_alpha_0.080000,0.08,532,0.0014539345317021888,True,False
full_R3_R4_alpha_0.080000,0.08,533,0.0021594656467312143,True,False
full_R3_R4_alpha_0.080000,0.08,534,0.0012991471012377697,True,False
full_R3_R4_alpha_0.080000,0.08,535,0.0018713845590016547,True,False
full_R3_R4_alpha_0.080000,0.08,536,0.001076586457309885,True,False
full_R3_R4_alpha_0.080000,0.08,537,0.0013965667032198586,True,False
full_R3_R4_alpha_0.080000,0.08,538,0.0018272361062316549,True,False
full_R3_R4_alpha_0.080000,0.08,539,0.0014607470645681135,True,False
full_R3_R4_alpha_0.080000,0.08,540,0.0015276494497941564,True,False
full_R3_R4_alpha_0.080000,0.08,541,0.0020703072602650313,True,False
full_R3_R4_alpha_0.080000,0.08,542,0.001812294508126751,True,False
full_R3_R4_alpha_0.080000,0.08,543,0.0014099119022269854,True,False
full_R3_R4_alpha_0.080000,0.08,544,0.0009806462609529003,True,False
full_R3_R4_alpha_0.080000,0.08,545,0.0011491590556363417,True,False
full_R3_R4_alpha_0.080000,0.08,546,0.0021662037473249764,True,False
full_R3_R4_alpha_0.080000,0.08,547,0.002248572243725551,True,False
full_R3_R4_alpha_0.080000,0.08,548,0.001264682960538157,True,False
full_R3_R4_alpha_0.080000,0.08,549,0.0011852069620238597,True,False
full_R3_R4_alpha_0.080000,0.08,550,0.0014169433265041153,True,False
full_R3_R4_alpha_0.080000,0.08,551,0.0017853491204293595,True,False
full_R3_R4_alpha_0.080000,0.08,552,0.00157917142665552,True,False
full_R3_R4_alpha_0.080000,0.08,553,0.0013511180108619807,True,False
full_R3_R4_alpha_0.080000,0.08,554,0.001021528148657124,True,False
full_R3_R4_alpha_0.080000,0.08,555,0.002185131045137197,True,False
full_R3_R4_alpha_0.080000,0.08,556,0.0014253620364061326,True,False
full_R3_R4_alpha_0.080000,0.08,557,0.0012931157791600902,True,False
full_R3_R4_alpha_0.080000,0.08,558,0.0014604101810935513,True,False
full_R3_R4_alpha_0.080000,0.08,559,0.0017579791001620965,True,False
full_R3_R4_alpha_0.080000,0.08,560,0.001510581997921723,True,False
full_R3_R4_alpha_0.080000,0.08,561,0.0020780046726097514,True,False
full_R3_R4_alpha_0.080000,0.08,562,0.0008780281823179864,True,False
full_R3_R4_alpha_0.080000,0.08,563,0.0018787685845977728,True,False
full_R3_R4_alpha_0.080000,0.08,564,0.0022717661070193918,True,False
full_R3_R4_alpha_0.080000,0.08,565,0.0020409252282245554,True,False
full_R3_R4_alpha_0.080000,0.08,566,0.0019169049349936679,True,False
full_R3_R4_alpha_0.080000,0.08,567,0.0021853602864083796,True,False
full_R3_R4_alpha_0.080000,0.08,568,0.002500758665951822,True,False
full_R3_R4_alpha_0.080000,0.08,569,0.0018735407424481888,True,False
full_R3_R4_alpha_0.080000,0.08,570,0.001064793498887156,True,False
full_R3_R4_alpha_0.080000,0.08,571,0.0010708571409410769,True,False
full_R3_R4_alpha_0.080000,0.08,572,0.0016134384655718404,True,False
full_R3_R4_alpha_0.080000,0.08,573,0.0022819585266975963,True,False
full_R3_R4_alpha_0.080000,0.08,574,0.0011989651226319415,True,False
full_R3_R4_alpha_0.080000,0.08,575,0.0012917457353017392,True,False
full_R3_R4_alpha_0.080000,0.08,576,0.0019937560215665296,True,False
full_R3_R4_alpha_0.080000,0.08,577,0.001990091260434533,True,False
full_R3_R4_alpha_0.080000,0.08,578,0.0017279924652525414,True,False
full_R3_R4_alpha_0.080000,0.08,579,0.0012239480526861069,True,False
full_R3_R4_alpha_0.080000,0.08,580,0.0015640623153679708,True,False
full_R3_R4_alpha_0.080000,0.08,581,0.0012684772743583755,True,False
full_R3_R4_alpha_0.080000,0.08,582,0.0009960377063774268,True,False
full_R3_R4_alpha_0.080000,0.08,583,0.0016868163522416222,True,False
full_R3_R4_alpha_0.080000,0.08,584,0.0012590820059073275,True,False
full_R3_R4_alpha_0.080000,0.08,585,0.0012551159671728713,True,False
full_R3_R4_alpha_0.080000,0.08,586,0.0016140740906122107,True,False
full_R3_R4_alpha_0.080000,0.08,587,0.0014093171590383784,True,False
full_R3_R4_alpha_0.080000,0.08,588,0.002108582943258315,True,False
full_R3_R4_alpha_0.080000,0.08,589,0.0017734901665295228,True,False
full_R3_R4_alpha_0.080000,0.08,590,0.0021687180157950355,True,False
full_R3_R4_alpha_0.080000,0.08,591,0.0009960283572175031,True,False
full_R3_R4_alpha_0.080000,0.08,592,0.0017573137714241103,True,False
full_R3_R4_alpha_0.080000,0.08,593,0.0014814794657448819,True,False
full_R3_R4_alpha_0.080000,0.08,594,0.0023742309174544325,True,False
full_R3_R4_alpha_0.080000,0.08,595,0.001119994493861586,True,False
full_R3_R4_alpha_0.080000,0.08,596,0.0018634003512870004,True,False
full_R3_R4_alpha_0.080000,0.08,597,0.0019090840945218475,True,False
full_R3_R4_alpha_0.080000,0.08,598,0.0012766907587432616,True,False
full_R3_R4_alpha_0.080000,0.08,599,0.0013827090050767816,True,False
full_R3_R4_alpha_0.080000,0.08,600,0.0013777860191921084,True,False
full_R3_R4_alpha_0.080000,0.08,601,0.0014634001672430307,True,False
full_R3_R4_alpha_0.080000,0.08,602,0.0008482184496401381,True,False
full_R3_R4_alpha_0.080000,0.08,603,0.0018909229199929917,True,False
full_R3_R4_alpha_0.080000,0.08,604,0.0026559380296642403,True,False
full_R3_R4_alpha_0.080000,0.08,605,0.002094463790161617,True,False
full_R3_R4_alpha_0.080000,0.08,606,0.0015365035031184083,True,False
full_R3_R4_alpha_0.080000,0.08,607,0.001833412470832717,True,False
full_R3_R4_alpha_0.080000,0.08,608,0.0018330644843588314,True,False
full_R3_R4_alpha_0.080000,0.08,609,0.0018497174240957436,True,False
full_R3_R4_alpha_0.080000,0.08,610,0.0018143970216477692,True,False
full_R3_R4_alpha_0.080000,0.08,611,0.001458591896815678,True,False
full_R3_R4_alpha_0.080000,0.08,612,0.0015302730589816928,True,False
full_R3_R4_alpha_0.080000,0.08,613,0.001363197731512838,True,False
full_R3_R4_alpha_0.080000,0.08,614,0.0010480196381994595,True,False
full_R3_R4_alpha_0.080000,0.08,615,0.002216549002702617,True,False
full_R3_R4_alpha_0.080000,0.08,616,0.0016621342078063537,True,False
full_R3_R4_alpha_0.080000,0.08,617,0.0011194953108395952,True,False
full_R3_R4_alpha_0.080000,0.08,618,0.0017827365533559926,True,False
full_R3_R4_alpha_0.080000,0.08,619,0.0014778516724339376,True,False
full_R3_R4_alpha_0.080000,0.08,620,0.0014972655042213847,True,False
full_R3_R4_alpha_0.080000,0.08,621,0.0012292391062256167,True,False
full_R3_R4_alpha_0.080000,0.08,622,0.001196886309699278,True,False
full_R3_R4_alpha_0.080000,0.08,623,0.0017488813231548764,True,False
full_R3_R4_alpha_0.080000,0.08,624,0.0017049788838408887,True,False
full_R3_R4_alpha_0.080000,0.08,625,0.0013356577119559472,True,False
full_R3_R4_alpha_0.080000,0.08,626,0.0015049950807562817,True,False
full_R3_R4_alpha_0.080000,0.08,627,0.001005923538551952,True,False
full_R3_R4_alpha_0.080000,0.08,628,0.0014404728079745594,True,False
full_R3_R4_alpha_0.080000,0.08,629,0.0020642781444985803,True,False
full_R3_R4_alpha_0.080000,0.08,630,0.001125282936982409,True,False
full_R3_R4_alpha_0.080000,0.08,631,0.0010363258509402753,True,False
full_R3_R4_alpha_0.080000,0.08,632,0.0015071413769572346,True,False
full_R3_R4_alpha_0.080000,0.08,633,0.0013915178271807873,True,False
full_R3_R4_alpha_0.080000,0.08,634,0.0019135368927413285,True,False
full_R3_R4_alpha_0.080000,0.08,635,0.0025167735406531667,True,False
full_R3_R4_alpha_0.080000,0.08,636,0.0015769090801613568,True,False
full_R3_R4_alpha_0.080000,0.08,637,0.0017913487264139875,True,False
full_R3_R4_alpha_0.080000,0.08,638,0.0013182817326285103,True,False
full_R3_R4_alpha_0.080000,0.08,639,0.0028650649568324527,True,False
full_R3_R4_alpha_0.080000,0.08,640,0.002578735631228136,True,False
full_R3_R4_alpha_0.080000,0.08,641,0.001964829160612375,True,False
full_R3_R4_alpha_0.080000,0.08,642,0.0017221121025044535,True,False
full_R3_R4_alpha_0.080000,0.08,643,0.0015238413756054395,True,False
full_R3_R4_alpha_0.080000,0.08,644,0.0013920866233293335,True,False
full_R3_R4_alpha_0.080000,0.08,645,0.0011701747233020966,True,False
full_R3_R4_alpha_0.080000,0.08,646,0.001926614614357647,True,False
full_R3_R4_alpha_0.080000,0.08,647,0.0012200970926608526,True,False
full_R3_R4_alpha_0.080000,0.08,648,0.0011950474413892256,True,False
full_R3_R4_alpha_0.080000,0.08,649,0.0017657405298983858,True,False
full_R3_R4_alpha_0.080000,0.08,650,0.001789290253826463,True,False
full_R3_R4_alpha_0.080000,0.08,651,0.0025515208796693272,True,False
full_R3_R4_alpha_0.080000,0.08,652,0.0020840286272665745,True,False
full_R3_R4_alpha_0.080000,0.08,653,0.0011222720733637562,True,False
full_R3_R4_alpha_0.080000,0.08,654,0.0011748935318959708,True,False
full_R3_R4_alpha_0.080000,0.08,655,0.0016984128027230903,True,False
full_R3_R4_alpha_0.080000,0.08,656,0.0012615625776660083,True,False
full_R3_R4_alpha_0.080000,0.08,657,0.0017355879484026121,True,False
full_R3_R4_alpha_0.080000,0.08,658,0.0015427863521214262,True,False
full_R3_R4_alpha_0.080000,0.08,659,0.0018444498578011697,True,False
full_R3_R4_alpha_0.080000,0.08,660,0.0014048805343040553,True,False
full_R3_R4_alpha_0.080000,0.08,661,0.0011058927011889515,True,False
full_R3_R4_alpha_0.080000,0.08,662,0.0023257788804968258,True,False
full_R3_R4_alpha_0.080000,0.08,663,0.0020595504268977284,True,False
full_R3_R4_alpha_0.080000,0.08,664,0.0021529268575178223,True,False
full_R3_R4_alpha_0.080000,0.08,665,0.0015058011659824524,True,False
full_R3_R4_alpha_0.080000,0.08,666,0.001962825322789124,True,False
full_R3_R4_alpha_0.080000,0.08,667,0.001406126922357162,True,False
full_R3_R4_alpha_0.080000,0.08,668,0.002142580723866432,True,False
full_R3_R4_alpha_0.080000,0.08,669,0.0017117425716337519,True,False
full_R3_R4_alpha_0.080000,0.08,670,0.0019267696525709227,True,False
full_R3_R4_alpha_0.080000,0.08,671,0.0010748984122819375,True,False
full_R3_R4_alpha_0.080000,0.08,672,0.0016283266350532919,True,False
full_R3_R4_alpha_0.080000,0.08,673,0.0022580942596002623,True,False
full_R3_R4_alpha_0.080000,0.08,674,0.0013045295226237978,True,False
full_R3_R4_alpha_0.080000,0.08,675,0.001112881844885509,True,False
full_R3_R4_alpha_0.080000,0.08,676,0.0011202737324012353,True,False
full_R3_R4_alpha_0.080000,0.08,677,0.0013296373468367965,True,False
full_R3_R4_alpha_0.080000,0.08,678,0.0019398064553009032,True,False
full_R3_R4_alpha_0.080000,0.08,679,0.001728915047941253,True,False
full_R3_R4_alpha_0.080000,0.08,680,0.0016077125519767318,True,False
full_R3_R4_alpha_0.080000,0.08,681,0.0014928396986985677,True,False
full_R3_R4_alpha_0.080000,0.08,682,0.000732773027164316,True,False
full_R3_R4_alpha_0.080000,0.08,683,0.001219261433083346,True,False
full_R3_R4_alpha_0.080000,0.08,684,0.0014435348404364641,True,False
full_R3_R4_alpha_0.080000,0.08,685,0.0014996470861826652,True,False
full_R3_R4_alpha_0.080000,0.08,686,0.002389011946840782,True,False
full_R3_R4_alpha_0.080000,0.08,687,0.0012381804246685548,True,False
full_R3_R4_alpha_0.080000,0.08,688,0.0016561589212151014,True,False
full_R3_R4_alpha_0.080000,0.08,689,0.0010772311245250226,True,False
full_R3_R4_alpha_0.080000,0.08,690,0.0017679986477633,True,False
full_R3_R4_alpha_0.080000,0.08,691,0.0011813977734801216,True,False
full_R3_R4_alpha_0.080000,0.08,692,0.0022462180957547196,True,False
full_R3_R4_alpha_0.080000,0.08,693,0.0017867495313517517,True,False
full_R3_R4_alpha_0.080000,0.08,694,0.001174230522969139,True,False
full_R3_R4_alpha_0.080000,0.08,695,0.001402713691722867,True,False
full_R3_R4_alpha_0.080000,0.08,696,0.001938016304584871,True,False
full_R3_R4_alpha_0.080000,0.08,697,0.0013495419967860954,True,False
full_R3_R4_alpha_0.080000,0.08,698,0.0018213941165470904,True,False
full_R3_R4_alpha_0.080000,0.08,699,0.0016100161667040834,True,False
full_R3_R4_alpha_0.080000,0.08,700,0.0017065581061628842,True,False
full_R3_R4_alpha_0.080000,0.08,701,0.002251471810847237,True,False
full_R3_R4_alpha_0.080000,0.08,702,0.002504082492333252,True,False
full_R3_R4_alpha_0.080000,0.08,703,0.0015975130139861493,True,False
full_R3_R4_alpha_0.080000,0.08,704,0.0019280700658377886,True,False
full_R3_R4_alpha_0.080000,0.08,705,0.0009350444605552678,True,False
full_R3_R4_alpha_0.080000,0.08,706,0.0011582792817440542,True,False
full_R3_R4_alpha_0.080000,0.08,707,0.0009609681261821754,True,False
full_R3_R4_alpha_0.080000,0.08,708,0.0014087963002862324,True,False
full_R3_R4_alpha_0.080000,0.08,709,0.0017289109741548748,True,False
full_R3_R4_alpha_0.080000,0.08,710,0.0017080203246159049,True,False
full_R3_R4_alpha_0.080000,0.08,711,0.0015347202452823297,True,False
full_R3_R4_alpha_0.080000,0.08,712,0.0009017703351332974,True,False
full_R3_R4_alpha_0.080000,0.08,713,0.0015996902653291505,True,False
full_R3_R4_alpha_0.080000,0.08,714,0.00170624439960627,True,False
full_R3_R4_alpha_0.080000,0.08,715,0.001473761895836799,True,False
full_R3_R4_alpha_0.080000,0.08,716,0.001584290727034044,True,False
full_R3_R4_alpha_0.080000,0.08,717,0.0013949846800670434,True,False
full_R3_R4_alpha_0.080000,0.08,718,0.0016438036421001323,True,False
full_R3_R4_alpha_0.080000,0.08,719,0.0009759053737592174,True,False
full_R3_R4_alpha_0.080000,0.08,720,0.0019516153521209065,True,False
full_R3_R4_alpha_0.080000,0.08,721,0.002018336577498849,True,False
full_R3_R4_alpha_0.080000,0.08,722,0.001994009362925898,True,False
full_R3_R4_alpha_0.080000,0.08,723,0.0019250591442614303,True,False
full_R3_R4_alpha_0.080000,0.08,724,0.0014967914978204887,True,False
full_R3_R4_alpha_0.080000,0.08,725,0.0011631983465323907,True,False
full_R3_R4_alpha_0.080000,0.08,726,0.0017019973894444238,True,False
full_R3_R4_alpha_0.080000,0.08,727,0.0018272909725141739,True,False
full_R3_R4_alpha_0.080000,0.08,728,0.0009626566592972458,True,False
full_R3_R4_alpha_0.080000,0.08,729,0.0020296702518423724,True,False
full_R3_R4_alpha_0.080000,0.08,730,0.0016531781180014642,True,False
full_R3_R4_alpha_0.080000,0.08,731,0.001227306868116888,True,False
full_R3_R4_alpha_0.080000,0.08,732,0.0012908558675072566,True,False
full_R3_R4_alpha_0.080000,0.08,733,0.0017187898433722035,True,False
full_R3_R4_alpha_0.080000,0.08,734,0.0026604579240076093,True,False
full_R3_R4_alpha_0.080000,0.08,735,0.0018424889957325355,True,False
full_R3_R4_alpha_0.080000,0.08,736,0.0015214283706019608,True,False
full_R3_R4_alpha_0.080000,0.08,737,0.0014421611626060488,True,False
full_R3_R4_alpha_0.080000,0.08,738,0.0017418330594373833,True,False
full_R3_R4_alpha_0.080000,0.08,739,0.001568912850524723,True,False
full_R3_R4_alpha_0.080000,0.08,740,0.0027810011787285966,True,False
full_R3_R4_alpha_0.080000,0.08,741,0.0009593215120343008,True,False
full_R3_R4_alpha_0.080000,0.08,742,0.0020046688464958012,True,False
full_R3_R4_alpha_0.080000,0.08,743,0.0019808798177272887,True,False
full_R3_R4_alpha_0.080000,0.08,744,0.00230001490129204,True,False
full_R3_R4_alpha_0.080000,0.08,745,0.0013417054782059981,True,False
full_R3_R4_alpha_0.080000,0.08,746,0.0019358971576958143,True,False
full_R3_R4_alpha_0.080000,0.08,747,0.0023114328565689846,True,False
full_R3_R4_alpha_0.080000,0.08,748,0.001322734676779642,True,False
full_R3_R4_alpha_0.080000,0.08,749,0.002150666544420796,True,False
full_R3_R4_alpha_0.080000,0.08,750,0.0013835777657324945,True,False
full_R3_R4_alpha_0.080000,0.08,751,0.0017043415283453294,True,False
full_R3_R4_alpha_0.080000,0.08,752,0.0014845573343682985,True,False
full_R3_R4_alpha_0.080000,0.08,753,0.0018293231618947265,True,False
full_R3_R4_alpha_0.080000,0.08,754,0.0013545882117363317,True,False
full_R3_R4_alpha_0.080000,0.08,755,0.0011219124511051668,True,False
full_R3_R4_alpha_0.080000,0.08,756,0.002018791875799761,True,False
full_R3_R4_alpha_0.080000,0.08,757,0.0011635108007665858,True,False
full_R3_R4_alpha_0.080000,0.08,758,0.001318638211602409,True,False
full_R3_R4_alpha_0.080000,0.08,759,0.0012918466259268478,True,False
full_R3_R4_alpha_0.080000,0.08,760,0.001645256569447889,True,False
full_R3_R4_alpha_0.080000,0.08,761,0.0017358393398356389,True,False
full_R3_R4_alpha_0.080000,0.08,762,0.001732174300441262,True,False
full_R3_R4_alpha_0.080000,0.08,763,0.0014086605730007117,True,False
full_R3_R4_alpha_0.080000,0.08,764,0.0020694694209525432,True,False
full_R3_R4_alpha_0.080000,0.08,765,0.001906903618584961,True,False
full_R3_R4_alpha_0.080000,0.08,766,0.003374767901749817,True,False
full_R3_R4_alpha_0.080000,0.08,767,0.0018244333223451164,True,False
full_R3_R4_alpha_0.080000,0.08,768,0.001327916759689937,True,False
full_R3_R4_alpha_0.080000,0.08,769,0.002663964760526602,True,False
full_R3_R4_alpha_0.080000,0.08,770,0.0016800470949540406,True,False
full_R3_R4_alpha_0.080000,0.08,771,0.001791976872395759,True,False
full_R3_R4_alpha_0.080000,0.08,772,0.0026978527108381034,True,False
full_R3_R4_alpha_0.080000,0.08,773,0.002361059018875691,True,False
full_R3_R4_alpha_0.080000,0.08,774,0.0012967287875349075,True,False
full_R3_R4_alpha_0.080000,0.08,775,0.0015912599309632776,True,False
full_R3_R4_alpha_0.080000,0.08,776,0.0017589144260047836,True,False
full_R3_R4_alpha_0.080000,0.08,777,0.002732034839181627,True,False
full_R3_R4_alpha_0.080000,0.08,778,0.0023488636927129648,True,False
full_R3_R4_alpha_0.080000,0.08,779,0.0014319338539821591,True,False
full_R3_R4_alpha_0.080000,0.08,780,0.002448482278422325,True,False
full_R3_R4_alpha_0.080000,0.08,781,0.0012412385536654516,True,False
full_R3_R4_alpha_0.080000,0.08,782,0.001204848397035512,True,False
full_R3_R4_alpha_0.080000,0.08,783,0.001935244259589282,True,False
full_R3_R4_alpha_0.080000,0.08,784,0.0015495297425200355,True,False
full_R3_R4_alpha_0.080000,0.08,785,0.0013228264791308737,True,False
full_R3_R4_alpha_0.080000,0.08,786,0.0015606311135518442,True,False
full_R3_R4_alpha_0.080000,0.08,787,0.0027595969422459328,True,False
full_R3_R4_alpha_0.080000,0.08,788,0.0015419283550461912,True,False
full_R3_R4_alpha_0.080000,0.08,789,0.0013634524189268268,True,False
full_R3_R4_alpha_0.080000,0.08,790,0.0019018662196285568,True,False
full_R3_R4_alpha_0.080000,0.08,791,0.0020588072238259575,True,False
full_R3_R4_alpha_0.080000,0.08,792,0.0014514074088378664,True,False
full_R3_R4_alpha_0.080000,0.08,793,0.0013310580688317268,True,False
full_R3_R4_alpha_0.080000,0.08,794,0.0022767365362054,True,False
full_R3_R4_alpha_0.080000,0.08,795,0.0018805404806956493,True,False
full_R3_R4_alpha_0.080000,0.08,796,0.0014055389142595348,True,False
full_R3_R4_alpha_0.080000,0.08,797,0.002009747855226597,True,False
full_R3_R4_alpha_0.080000,0.08,798,0.001840418155833716,True,False
full_R3_R4_alpha_0.080000,0.08,799,0.001371805198768847,True,False
full_R3_R4_alpha_0.080000,0.08,800,0.0011188013748805897,True,False
full_R3_R4_alpha_0.080000,0.08,801,0.0016525628953979004,True,False
full_R3_R4_alpha_0.080000,0.08,802,0.0016009038593808162,True,False
full_R3_R4_alpha_0.080000,0.08,803,0.0024693942817120684,True,False
full_R3_R4_alpha_0.080000,0.08,804,0.0011843949003196657,True,False
full_R3_R4_alpha_0.080000,0.08,805,0.0013304297011130727,True,False
full_R3_R4_alpha_0.080000,0.08,806,0.0021358954598668864,True,False
full_R3_R4_alpha_0.080000,0.08,807,0.0018219953272196308,True,False
full_R3_R4_alpha_0.080000,0.08,808,0.0018091720985309754,True,False
full_R3_R4_alpha_0.080000,0.08,809,0.0013688841244174398,True,False
full_R3_R4_alpha_0.080000,0.08,810,0.0012411170409501542,True,False
full_R3_R4_alpha_0.080000,0.08,811,0.0013929621292517306,True,False
full_R3_R4_alpha_0.080000,0.08,812,0.0016844611833305094,True,False
full_R3_R4_alpha_0.080000,0.08,813,0.0009235148319545447,True,False
full_R3_R4_alpha_0.080000,0.08,814,0.0019502779261857735,True,False
full_R3_R4_alpha_0.080000,0.08,815,0.001552252953993852,True,False
full_R3_R4_alpha_0.080000,0.08,816,0.0022903023906247293,True,False
full_R3_R4_alpha_0.080000,0.08,817,0.001361142071780653,True,False
full_R3_R4_alpha_0.080000,0.08,818,0.0018351295344192452,True,False
full_R3_R4_alpha_0.080000,0.08,819,0.001398012263363787,True,False
full_R3_R4_alpha_0.080000,0.08,820,0.0013996860173406654,True,False
full_R3_R4_alpha_0.080000,0.08,821,0.0012031524395221841,True,False
full_R3_R4_alpha_0.080000,0.08,822,0.0014428670997466487,True,False
full_R3_R4_alpha_0.080000,0.08,823,0.0017109018009727433,True,False
full_R3_R4_alpha_0.080000,0.08,824,0.0016101934198489206,True,False
full_R3_R4_alpha_0.080000,0.08,825,0.0016287567886574359,True,False
full_R3_R4_alpha_0.080000,0.08,826,0.0017959874822015966,True,False
full_R3_R4_alpha_0.080000,0.08,827,0.002132435268347949,True,False
full_R3_R4_alpha_0.080000,0.08,828,0.0016519783139550613,True,False
full_R3_R4_alpha_0.080000,0.08,829,0.002123973293922996,True,False
full_R3_R4_alpha_0.080000,0.08,830,0.0021570840439052302,True,False
full_R3_R4_alpha_0.080000,0.08,831,0.0015899153703173522,True,False
full_R3_R4_alpha_0.080000,0.08,832,0.002364832218413387,True,False
full_R3_R4_alpha_0.080000,0.08,833,0.0027672968201306325,True,False
full_R3_R4_alpha_0.080000,0.08,834,0.0013723103702907148,True,False
full_R3_R4_alpha_0.080000,0.08,835,0.0011277787405764462,True,False
full_R3_R4_alpha_0.080000,0.08,836,0.0011033701679907652,True,False
full_R3_R4_alpha_0.080000,0.08,837,0.0016528554474979373,True,False
full_R3_R4_alpha_0.080000,0.08,838,0.0016256511398117439,True,False
full_R3_R4_alpha_0.080000,0.08,839,0.001618890876271587,True,False
full_R3_R4_alpha_0.080000,0.08,840,0.0019473136923992915,True,False
full_R3_R4_alpha_0.080000,0.08,841,0.0018618984063229664,True,False
full_R3_R4_alpha_0.080000,0.08,842,0.0013380716470067072,True,False
full_R3_R4_alpha_0.080000,0.08,843,0.0017504155028789257,True,False
full_R3_R4_alpha_0.080000,0.08,844,0.0018728866352674483,True,False
full_R3_R4_alpha_0.080000,0.08,845,0.0017436162571321011,True,False
full_R3_R4_alpha_0.080000,0.08,846,0.002219138561665901,True,False
full_R3_R4_alpha_0.080000,0.08,847,0.00137426134866787,True,False
full_R3_R4_alpha_0.080000,0.08,848,0.0017533935596891633,True,False
full_R3_R4_alpha_0.080000,0.08,849,0.0012182362317263024,True,False
full_R3_R4_alpha_0.080000,0.08,850,0.001668415849384554,True,False
full_R3_R4_alpha_0.080000,0.08,851,0.0015806921910311291,True,False
full_R3_R4_alpha_0.080000,0.08,852,0.0018045051320487488,True,False
full_R3_R4_alpha_0.080000,0.08,853,0.0018429942272822856,True,False
full_R3_R4_alpha_0.080000,0.08,854,0.0022279576880753654,True,False
full_R3_R4_alpha_0.080000,0.08,855,0.0015624159607140543,True,False
full_R3_R4_alpha_0.080000,0.08,856,0.0023797081702614043,True,False
full_R3_R4_alpha_0.080000,0.08,857,0.002093480154952979,True,False
full_R3_R4_alpha_0.080000,0.08,858,0.0017768679986309081,True,False
full_R3_R4_alpha_0.080000,0.08,859,0.0021871348361413674,True,False
full_R3_R4_alpha_0.080000,0.08,860,0.001189591292704433,True,False
full_R3_R4_alpha_0.080000,0.08,861,0.002650764396592855,True,False
full_R3_R4_alpha_0.080000,0.08,862,0.001249557960748706,True,False
full_R3_R4_alpha_0.080000,0.08,863,0.0016061315260106513,True,False
full_R3_R4_alpha_0.080000,0.08,864,0.0008731776928385713,True,False
full_R3_R4_alpha_0.080000,0.08,865,0.0016172396047081942,True,False
full_R3_R4_alpha_0.080000,0.08,866,0.002114101085294434,True,False
full_R3_R4_alpha_0.080000,0.08,867,0.0018840809174136331,True,False
full_R3_R4_alpha_0.080000,0.08,868,0.0015623710928164899,True,False
full_R3_R4_alpha_0.080000,0.08,869,0.0018425843541745987,True,False
full_R3_R4_alpha_0.080000,0.08,870,0.0022938581987864623,True,False
full_R3_R4_alpha_0.080000,0.08,871,0.0013061213911562404,True,False
full_R3_R4_alpha_0.080000,0.08,872,0.001842325944409967,True,False
full_R3_R4_alpha_0.080000,0.08,873,0.0016887697716962426,True,False
full_R3_R4_alpha_0.080000,0.08,874,0.0018009622817022162,True,False
full_R3_R4_alpha_0.080000,0.08,875,0.0012864422109071737,True,False
full_R3_R4_alpha_0.080000,0.08,876,0.001529441805159678,True,False
full_R3_R4_alpha_0.080000,0.08,877,0.0013928044587692891,True,False
full_R3_R4_alpha_0.080000,0.08,878,0.0018105172174568912,True,False
full_R3_R4_alpha_0.080000,0.08,879,0.0010074751668019124,True,False
full_R3_R4_alpha_0.080000,0.08,880,0.001309241447475264,True,False
full_R3_R4_alpha_0.080000,0.08,881,0.0031071772867615273,True,False
full_R3_R4_alpha_0.080000,0.08,882,0.001552557509389607,True,False
full_R3_R4_alpha_0.080000,0.08,883,0.0016322255940768309,True,False
full_R3_R4_alpha_0.080000,0.08,884,0.0016631607054327308,True,False
full_R3_R4_alpha_0.080000,0.08,885,0.003428696808863235,True,False
full_R3_R4_alpha_0.080000,0.08,886,0.0018477290484646043,True,False
full_R3_R4_alpha_0.080000,0.08,887,0.0014703734149560089,True,False
full_R3_R4_alpha_0.080000,0.08,888,0.002187638757362272,True,False
full_R3_R4_alpha_0.080000,0.08,889,0.001740996645273081,True,False
full_R3_R4_alpha_0.080000,0.08,890,0.0011755100884044242,True,False
full_R3_R4_alpha_0.080000,0.08,891,0.001985509116197935,True,False
full_R3_R4_alpha_0.080000,0.08,892,0.001658749829939481,True,False
full_R3_R4_alpha_0.080000,0.08,893,0.0013481952938498793,True,False
full_R3_R4_alpha_0.080000,0.08,894,0.00183404701179188,True,False
full_R3_R4_alpha_0.080000,0.08,895,0.0029611591604352477,True,False
full_R3_R4_alpha_0.080000,0.08,896,0.0012467968714577717,True,False
full_R3_R4_alpha_0.080000,0.08,897,0.0021163683441037945,True,False
full_R3_R4_alpha_0.080000,0.08,898,0.002745817867353776,True,False
full_R3_R4_alpha_0.080000,0.08,899,0.0018709383805355566,True,False
full_R3_R4_alpha_0.080000,0.08,900,0.0008299782678880289,True,False
full_R3_R4_alpha_0.080000,0.08,901,0.0017281580330384308,True,False
full_R3_R4_alpha_0.080000,0.08,902,0.0033050978048059973,True,False
full_R3_R4_alpha_0.080000,0.08,903,0.0010315707472256525,True,False
full_R3_R4_alpha_0.080000,0.08,904,0.0023187298711577356,True,False
full_R3_R4_alpha_0.080000,0.08,905,0.0015277369160457987,True,False
full_R3_R4_alpha_0.080000,0.08,906,0.0014964299615273968,True,False
full_R3_R4_alpha_0.080000,0.08,907,0.0020261732403488203,True,False
full_R3_R4_alpha_0.080000,0.08,908,0.0014240786477268603,True,False
full_R3_R4_alpha_0.080000,0.08,909,0.001691639885465138,True,False
full_R3_R4_alpha_0.080000,0.08,910,0.0010604022765311847,True,False
full_R3_R4_alpha_0.080000,0.08,911,0.001813742145671264,True,False
full_R3_R4_alpha_0.080000,0.08,912,0.00113175279341919,True,False
full_R3_R4_alpha_0.080000,0.08,913,0.0015869002464830213,True,False
full_R3_R4_alpha_0.080000,0.08,914,0.002235638267529067,True,False
full_R3_R4_alpha_0.080000,0.08,915,0.001288100231607925,True,False
full_R3_R4_alpha_0.080000,0.08,916,0.0012805213561554514,True,False
full_R3_R4_alpha_0.080000,0.08,917,0.001463903552894294,True,False
full_R3_R4_alpha_0.080000,0.08,918,0.0012552673591528585,True,False
full_R3_R4_alpha_0.080000,0.08,919,0.001744460881007907,True,False
full_R3_R4_alpha_0.080000,0.08,920,0.0012430823859066584,True,False
full_R3_R4_alpha_0.080000,0.08,921,0.001059637534922865,True,False
full_R3_R4_alpha_0.080000,0.08,922,0.0010020512337218321,True,False
full_R3_R4_alpha_0.080000,0.08,923,0.0016285379354366192,True,False
full_R3_R4_alpha_0.080000,0.08,924,0.0021559702706732014,True,False
full_R3_R4_alpha_0.080000,0.08,925,0.0012870812638245618,True,False
full_R3_R4_alpha_0.080000,0.08,926,0.0014423014005234783,True,False
full_R3_R4_alpha_0.080000,0.08,927,0.0023143119488297273,True,False
full_R3_R4_alpha_0.080000,0.08,928,0.0013115783427486657,True,False
full_R3_R4_alpha_0.080000,0.08,929,0.0016778683147745468,True,False
full_R3_R4_alpha_0.080000,0.08,930,0.0018596644391595265,True,False
full_R3_R4_alpha_0.080000,0.08,931,0.0015193013353464644,True,False
full_R3_R4_alpha_0.080000,0.08,932,0.0013551391365134685,True,False
full_R3_R4_alpha_0.080000,0.08,933,0.0026433611271112056,True,False
full_R3_R4_alpha_0.080000,0.08,934,0.0016622200269346425,True,False
full_R3_R4_alpha_0.080000,0.08,935,0.0012633565913809956,True,False
full_R3_R4_alpha_0.080000,0.08,936,0.0023425838229441474,True,False
full_R3_R4_alpha_0.080000,0.08,937,0.0017691457769040957,True,False
full_R3_R4_alpha_0.080000,0.08,938,0.0015238705352120247,True,False
full_R3_R4_alpha_0.080000,0.08,939,0.0011823279330998183,True,False
full_R3_R4_alpha_0.080000,0.08,940,0.0016792209654397114,True,False
full_R3_R4_alpha_0.080000,0.08,941,0.0012963642897800879,True,False
full_R3_R4_alpha_0.080000,0.08,942,0.0020255373697618782,True,False
full_R3_R4_alpha_0.080000,0.08,943,0.0015062928599788455,True,False
full_R3_R4_alpha_0.080000,0.08,944,0.0011779001040169259,True,False
full_R3_R4_alpha_0.080000,0.08,945,0.0015554398039393216,True,False
full_R3_R4_alpha_0.080000,0.08,946,0.0014233994013952496,True,False
full_R3_R4_alpha_0.080000,0.08,947,0.0014198477065596442,True,False
full_R3_R4_alpha_0.080000,0.08,948,0.001103685528808995,True,False
full_R3_R4_alpha_0.080000,0.08,949,0.0018062282501533238,True,False
full_R3_R4_alpha_0.080000,0.08,950,0.0016156544710543123,True,False
full_R3_R4_alpha_0.080000,0.08,951,0.0016612213241845631,True,False
full_R3_R4_alpha_0.080000,0.08,952,0.0023546519038788937,True,False
full_R3_R4_alpha_0.080000,0.08,953,0.0009228440852217305,True,False
full_R3_R4_alpha_0.080000,0.08,954,0.0010448472182576411,True,False
full_R3_R4_alpha_0.080000,0.08,955,0.0014375931825079174,True,False
full_R3_R4_alpha_0.080000,0.08,956,0.0014794949411026605,True,False
full_R3_R4_alpha_0.080000,0.08,957,0.002210136315743419,True,False
full_R3_R4_alpha_0.080000,0.08,958,0.002829532496372869,True,False
full_R3_R4_alpha_0.080000,0.08,959,0.0015692576757700204,True,False
full_R3_R4_alpha_0.080000,0.08,960,0.0016370712592964195,True,False
full_R3_R4_alpha_0.080000,0.08,961,0.0022759619896528683,True,False
full_R3_R4_alpha_0.080000,0.08,962,0.0019693949780997186,True,False
full_R3_R4_alpha_0.080000,0.08,963,0.0011611865939464804,True,False
full_R3_R4_alpha_0.080000,0.08,964,0.0011660696048783024,True,False
full_R3_R4_alpha_0.080000,0.08,965,0.0012184266976479948,True,False
full_R3_R4_alpha_0.080000,0.08,966,0.001273856916509682,True,False
full_R3_R4_alpha_0.080000,0.08,967,0.003296111106867956,True,False
full_R3_R4_alpha_0.080000,0.08,968,0.0022770464640768165,True,False
full_R3_R4_alpha_0.080000,0.08,969,0.0023369198463395213,True,False
full_R3_R4_alpha_0.080000,0.08,970,0.0014022284045078998,True,False
full_R3_R4_alpha_0.080000,0.08,971,0.0014590795256384686,True,False
full_R3_R4_alpha_0.080000,0.08,972,0.001805455152249082,True,False
full_R3_R4_alpha_0.080000,0.08,973,0.0016646396063377364,True,False
full_R3_R4_alpha_0.080000,0.08,974,0.0017513222159719682,True,False
full_R3_R4_alpha_0.080000,0.08,975,0.0013870228108454664,True,False
full_R3_R4_alpha_0.080000,0.08,976,0.0017865379297751455,True,False
full_R3_R4_alpha_0.080000,0.08,977,0.0014011420292247814,True,False
full_R3_R4_alpha_0.080000,0.08,978,0.0026795213766494922,True,False
full_R3_R4_alpha_0.080000,0.08,979,0.0022153005377560336,True,False
full_R3_R4_alpha_0.080000,0.08,980,0.0016982539127793127,True,False
full_R3_R4_alpha_0.080000,0.08,981,0.001999781371502659,True,False
full_R3_R4_alpha_0.080000,0.08,982,0.0035213421224532067,True,False
full_R3_R4_alpha_0.080000,0.08,983,0.0012365576791854977,True,False
full_R3_R4_alpha_0.080000,0.08,984,0.001853106570591174,True,False
full_R3_R4_alpha_0.080000,0.08,985,0.0017261731713531022,True,False
full_R3_R4_alpha_0.080000,0.08,986,0.0012794120676260703,True,False
full_R3_R4_alpha_0.080000,0.08,987,0.0010721823620637122,True,False
full_R3_R4_alpha_0.080000,0.08,988,0.0008393718493904149,True,False
full_R3_R4_alpha_0.080000,0.08,989,0.001537138833395816,True,False
full_R3_R4_alpha_0.080000,0.08,990,0.0011146413978196732,True,False
full_R3_R4_alpha_0.080000,0.08,991,0.00304315728160447,True,False
full_R3_R4_alpha_0.080000,0.08,992,0.00098576505959494,True,False
full_R3_R4_alpha_0.080000,0.08,993,0.0015834629926582621,True,False
full_R3_R4_alpha_0.080000,0.08,994,0.002748579613252175,True,False
full_R3_R4_alpha_0.080000,0.08,995,0.0020320178333056425,True,False
full_R3_R4_alpha_0.080000,0.08,996,0.0012436928061108482,True,False
full_R3_R4_alpha_0.080000,0.08,997,0.002743718336473942,True,False
full_R3_R4_alpha_0.080000,0.08,998,0.0024016423988326287,True,False
full_R3_R4_alpha_0.080000,0.08,999,0.0017728320021462838,True,False
full_R3_R4_alpha_0.080000,0.08,1000,0.00158355301968942,True,False
full_R3_R4_alpha_0.100000,0.1,1,0.0016678523935956435,True,False
full_R3_R4_alpha_0.100000,0.1,2,0.0011451784689876486,True,False
full_R3_R4_alpha_0.100000,0.1,3,0.0020598330647936406,True,False
full_R3_R4_alpha_0.100000,0.1,4,0.0024081597831246133,True,False
full_R3_R4_alpha_0.100000,0.1,5,0.0009981256456820936,True,False
full_R3_R4_alpha_0.100000,0.1,6,0.001903291453950908,True,False
full_R3_R4_alpha_0.100000,0.1,7,0.0016930563581647735,True,False
full_R3_R4_alpha_0.100000,0.1,8,0.001204369690213517,True,False
full_R3_R4_alpha_0.100000,0.1,9,0.001133023617304448,True,False
full_R3_R4_alpha_0.100000,0.1,10,0.0012734195637931081,True,False
full_R3_R4_alpha_0.100000,0.1,11,0.0013203529441048521,True,False
full_R3_R4_alpha_0.100000,0.1,12,0.002404364493571414,True,False
full_R3_R4_alpha_0.100000,0.1,13,0.0014030443763440436,True,False
full_R3_R4_alpha_0.100000,0.1,14,0.0025330304727300326,True,False
full_R3_R4_alpha_0.100000,0.1,15,0.0009988813723691313,True,False
full_R3_R4_alpha_0.100000,0.1,16,0.002384130767073284,True,False
full_R3_R4_alpha_0.100000,0.1,17,0.0020103087613672988,True,False
full_R3_R4_alpha_0.100000,0.1,18,0.0009133574104758098,True,False
full_R3_R4_alpha_0.100000,0.1,19,0.0010270255286069306,True,False
full_R3_R4_alpha_0.100000,0.1,20,0.0017686018872326954,True,False
full_R3_R4_alpha_0.100000,0.1,21,0.0019840108321190026,True,False
full_R3_R4_alpha_0.100000,0.1,22,0.0014988961131635415,True,False
full_R3_R4_alpha_0.100000,0.1,23,0.0014764645223518077,True,False
full_R3_R4_alpha_0.100000,0.1,24,0.0017918635325895138,True,False
full_R3_R4_alpha_0.100000,0.1,25,0.0018805944056631023,True,False
full_R3_R4_alpha_0.100000,0.1,26,0.00137175446534576,True,False
full_R3_R4_alpha_0.100000,0.1,27,0.0015731000346010625,True,False
full_R3_R4_alpha_0.100000,0.1,28,0.0016976772094228951,True,False
full_R3_R4_alpha_0.100000,0.1,29,0.0023850650118276673,True,False
full_R3_R4_alpha_0.100000,0.1,30,0.001539945983100191,True,False
full_R3_R4_alpha_0.100000,0.1,31,0.0016877660965795907,True,False
full_R3_R4_alpha_0.100000,0.1,32,0.0017789511073597669,True,False
full_R3_R4_alpha_0.100000,0.1,33,0.0017376470941280863,True,False
full_R3_R4_alpha_0.100000,0.1,34,0.0017529604773882895,True,False
full_R3_R4_alpha_0.100000,0.1,35,0.0019093073008958081,True,False
full_R3_R4_alpha_0.100000,0.1,36,0.00110626669101224,True,False
full_R3_R4_alpha_0.100000,0.1,37,0.001272167182855299,True,False
full_R3_R4_alpha_0.100000,0.1,38,0.0005816339346253667,True,False
full_R3_R4_alpha_0.100000,0.1,39,0.002205276951065939,True,False
full_R3_R4_alpha_0.100000,0.1,40,0.001216211028135968,True,False
full_R3_R4_alpha_0.100000,0.1,41,0.0016938728347492215,True,False
full_R3_R4_alpha_0.100000,0.1,42,0.0010819297715954515,True,False
full_R3_R4_alpha_0.100000,0.1,43,0.0021382928322949656,True,False
full_R3_R4_alpha_0.100000,0.1,44,0.0018694993851909997,True,False
full_R3_R4_alpha_0.100000,0.1,45,0.001487567024259738,True,False
full_R3_R4_alpha_0.100000,0.1,46,0.0011618641934367968,True,False
full_R3_R4_alpha_0.100000,0.1,47,0.001374555032444986,True,False
full_R3_R4_alpha_0.100000,0.1,48,0.0014877362130444082,True,False
full_R3_R4_alpha_0.100000,0.1,49,0.0017860287114500365,True,False
full_R3_R4_alpha_0.100000,0.1,50,0.0017246887176248676,True,False
full_R3_R4_alpha_0.100000,0.1,51,0.0010487234715015829,True,False
full_R3_R4_alpha_0.100000,0.1,52,0.0013270434843606603,True,False
full_R3_R4_alpha_0.100000,0.1,53,0.0014067975008070703,True,False
full_R3_R4_alpha_0.100000,0.1,54,0.0013960061526337058,True,False
full_R3_R4_alpha_0.100000,0.1,55,0.0015113536275967716,True,False
full_R3_R4_alpha_0.100000,0.1,56,0.0013725870081360873,True,False
full_R3_R4_alpha_0.100000,0.1,57,0.0013527112866592852,True,False
full_R3_R4_alpha_0.100000,0.1,58,0.0010383436690286833,True,False
full_R3_R4_alpha_0.100000,0.1,59,0.0014713863108698846,True,False
full_R3_R4_alpha_0.100000,0.1,60,0.0015682042817829107,True,False
full_R3_R4_alpha_0.100000,0.1,61,0.001306906594838048,True,False
full_R3_R4_alpha_0.100000,0.1,62,0.0016553535748027198,True,False
full_R3_R4_alpha_0.100000,0.1,63,0.0012344644551592514,True,False
full_R3_R4_alpha_0.100000,0.1,64,0.001423491354657995,True,False
full_R3_R4_alpha_0.100000,0.1,65,0.0010842777997786585,True,False
full_R3_R4_alpha_0.100000,0.1,66,0.0011325052620193637,True,False
full_R3_R4_alpha_0.100000,0.1,67,0.001346012158986562,True,False
full_R3_R4_alpha_0.100000,0.1,68,0.0017752819096887977,True,False
full_R3_R4_alpha_0.100000,0.1,69,0.001271414415834336,True,False
full_R3_R4_alpha_0.100000,0.1,70,0.0013473622475482078,True,False
full_R3_R4_alpha_0.100000,0.1,71,0.0018665976685386572,True,False
full_R3_R4_alpha_0.100000,0.1,72,0.001367005637856923,True,False
full_R3_R4_alpha_0.100000,0.1,73,0.0012602006933382598,True,False
full_R3_R4_alpha_0.100000,0.1,74,0.0012723445964096304,True,False
full_R3_R4_alpha_0.100000,0.1,75,0.000930378776320102,True,False
full_R3_R4_alpha_0.100000,0.1,76,0.0013550114550788335,True,False
full_R3_R4_alpha_0.100000,0.1,77,0.001200128098223783,True,False
full_R3_R4_alpha_0.100000,0.1,78,0.0017689429900326244,True,False
full_R3_R4_alpha_0.100000,0.1,79,0.0027895042191876055,True,False
full_R3_R4_alpha_0.100000,0.1,80,0.0021530781175459206,True,False
full_R3_R4_alpha_0.100000,0.1,81,0.0018342674234408391,True,False
full_R3_R4_alpha_0.100000,0.1,82,0.0014012229224684887,True,False
full_R3_R4_alpha_0.100000,0.1,83,0.002479062154757683,True,False
full_R3_R4_alpha_0.100000,0.1,84,0.002202166181559864,True,False
full_R3_R4_alpha_0.100000,0.1,85,0.0014982962099574578,True,False
full_R3_R4_alpha_0.100000,0.1,86,0.002249990405762227,True,False
full_R3_R4_alpha_0.100000,0.1,87,0.0017793808586175294,True,False
full_R3_R4_alpha_0.100000,0.1,88,0.0013104986182388009,True,False
full_R3_R4_alpha_0.100000,0.1,89,0.0016944300592017137,True,False
full_R3_R4_alpha_0.100000,0.1,90,0.0014017211056163833,True,False
full_R3_R4_alpha_0.100000,0.1,91,0.002052484868755871,True,False
full_R3_R4_alpha_0.100000,0.1,92,0.002420523668939811,True,False
full_R3_R4_alpha_0.100000,0.1,93,0.0013062140069485236,True,False
full_R3_R4_alpha_0.100000,0.1,94,0.0015720183401616856,True,False
full_R3_R4_alpha_0.100000,0.1,95,0.001301342509866211,True,False
full_R3_R4_alpha_0.100000,0.1,96,0.0011036022534979166,True,False
full_R3_R4_alpha_0.100000,0.1,97,0.0016381731481820453,True,False
full_R3_R4_alpha_0.100000,0.1,98,0.0017354465285415988,True,False
full_R3_R4_alpha_0.100000,0.1,99,0.0016524142040518339,True,False
full_R3_R4_alpha_0.100000,0.1,100,0.0014411193700066118,True,False
full_R3_R4_alpha_0.100000,0.1,101,0.0014475780656717737,True,False
full_R3_R4_alpha_0.100000,0.1,102,0.001288764052636878,True,False
full_R3_R4_alpha_0.100000,0.1,103,0.0023915144371711035,True,False
full_R3_R4_alpha_0.100000,0.1,104,0.001399983738605905,True,False
full_R3_R4_alpha_0.100000,0.1,105,0.0011869343202284767,True,False
full_R3_R4_alpha_0.100000,0.1,106,0.0015642423674763672,True,False
full_R3_R4_alpha_0.100000,0.1,107,0.0009094751048897148,True,False
full_R3_R4_alpha_0.100000,0.1,108,0.001325024315020345,True,False
full_R3_R4_alpha_0.100000,0.1,109,0.0010945159102143923,True,False
full_R3_R4_alpha_0.100000,0.1,110,0.0012405566560891152,True,False
full_R3_R4_alpha_0.100000,0.1,111,0.0015171215396130218,True,False
full_R3_R4_alpha_0.100000,0.1,112,0.002583841669925445,True,False
full_R3_R4_alpha_0.100000,0.1,113,0.002282294364203764,True,False
full_R3_R4_alpha_0.100000,0.1,114,0.0009090622236244268,True,False
full_R3_R4_alpha_0.100000,0.1,115,0.002736698180933596,True,False
full_R3_R4_alpha_0.100000,0.1,116,0.0018573932224363674,True,False
full_R3_R4_alpha_0.100000,0.1,117,0.0015567201024051641,True,False
full_R3_R4_alpha_0.100000,0.1,118,0.0017232539536265114,True,False
full_R3_R4_alpha_0.100000,0.1,119,0.0013842384742569908,True,False
full_R3_R4_alpha_0.100000,0.1,120,0.0022684652251825066,True,False
full_R3_R4_alpha_0.100000,0.1,121,0.0016488391615642121,True,False
full_R3_R4_alpha_0.100000,0.1,122,0.0015353718596099837,True,False
full_R3_R4_alpha_0.100000,0.1,123,0.001535977432348158,True,False
full_R3_R4_alpha_0.100000,0.1,124,0.0024809362131236867,True,False
full_R3_R4_alpha_0.100000,0.1,125,0.0017627111099815433,True,False
full_R3_R4_alpha_0.100000,0.1,126,0.001988836189287311,True,False
full_R3_R4_alpha_0.100000,0.1,127,0.0012306966976561647,True,False
full_R3_R4_alpha_0.100000,0.1,128,0.001540695480337501,True,False
full_R3_R4_alpha_0.100000,0.1,129,0.001114059939188544,True,False
full_R3_R4_alpha_0.100000,0.1,130,0.001079353462695182,True,False
full_R3_R4_alpha_0.100000,0.1,131,0.0013737679447502968,True,False
full_R3_R4_alpha_0.100000,0.1,132,0.0017020037651498542,True,False
full_R3_R4_alpha_0.100000,0.1,133,0.0008889211804774677,True,False
full_R3_R4_alpha_0.100000,0.1,134,0.002036563935892356,True,False
full_R3_R4_alpha_0.100000,0.1,135,0.001003957289806717,True,False
full_R3_R4_alpha_0.100000,0.1,136,0.0019120897317236472,True,False
full_R3_R4_alpha_0.100000,0.1,137,0.0015391735295074939,True,False
full_R3_R4_alpha_0.100000,0.1,138,0.0010735464408919606,True,False
full_R3_R4_alpha_0.100000,0.1,139,0.0010496071397723085,True,False
full_R3_R4_alpha_0.100000,0.1,140,0.0015623857343645988,True,False
full_R3_R4_alpha_0.100000,0.1,141,0.0018235834499013448,True,False
full_R3_R4_alpha_0.100000,0.1,142,0.0012543948511856942,True,False
full_R3_R4_alpha_0.100000,0.1,143,0.0011160744320436082,True,False
full_R3_R4_alpha_0.100000,0.1,144,0.0019117248014053775,True,False
full_R3_R4_alpha_0.100000,0.1,145,0.0021535777911702663,True,False
full_R3_R4_alpha_0.100000,0.1,146,0.0012746042016782506,True,False
full_R3_R4_alpha_0.100000,0.1,147,0.0012113952133018724,True,False
full_R3_R4_alpha_0.100000,0.1,148,0.0011142247620457859,True,False
full_R3_R4_alpha_0.100000,0.1,149,0.0015955901791725139,True,False
full_R3_R4_alpha_0.100000,0.1,150,0.0012586612129598987,True,False
full_R3_R4_alpha_0.100000,0.1,151,0.0016642511471092738,True,False
full_R3_R4_alpha_0.100000,0.1,152,0.0013937396534994741,True,False
full_R3_R4_alpha_0.100000,0.1,153,0.001645831851246632,True,False
full_R3_R4_alpha_0.100000,0.1,154,0.001683617760989896,True,False
full_R3_R4_alpha_0.100000,0.1,155,0.0017246410937320628,True,False
full_R3_R4_alpha_0.100000,0.1,156,0.002799163349892087,True,False
full_R3_R4_alpha_0.100000,0.1,157,0.0017154843557521332,True,False
full_R3_R4_alpha_0.100000,0.1,158,0.0011451922783038547,True,False
full_R3_R4_alpha_0.100000,0.1,159,0.0012686208372030083,True,False
full_R3_R4_alpha_0.100000,0.1,160,0.0015121223997668696,True,False
full_R3_R4_alpha_0.100000,0.1,161,0.0013468733887665094,True,False
full_R3_R4_alpha_0.100000,0.1,162,0.0017597372272910403,True,False
full_R3_R4_alpha_0.100000,0.1,163,0.0013564419727644722,True,False
full_R3_R4_alpha_0.100000,0.1,164,0.001378464256347924,True,False
full_R3_R4_alpha_0.100000,0.1,165,0.0008779629656295822,True,False
full_R3_R4_alpha_0.100000,0.1,166,0.002047946612557401,True,False
full_R3_R4_alpha_0.100000,0.1,167,0.0011907787700105332,True,False
full_R3_R4_alpha_0.100000,0.1,168,0.0017986725411886391,True,False
full_R3_R4_alpha_0.100000,0.1,169,0.0008075386609908045,True,False
full_R3_R4_alpha_0.100000,0.1,170,0.0009671945391574766,True,False
full_R3_R4_alpha_0.100000,0.1,171,0.0018415482877358277,True,False
full_R3_R4_alpha_0.100000,0.1,172,0.0015414477935222393,True,False
full_R3_R4_alpha_0.100000,0.1,173,0.0018810692232950539,True,False
full_R3_R4_alpha_0.100000,0.1,174,0.00180433061012449,True,False
full_R3_R4_alpha_0.100000,0.1,175,0.0013500304426377196,True,False
full_R3_R4_alpha_0.100000,0.1,176,0.002000282121010472,True,False
full_R3_R4_alpha_0.100000,0.1,177,0.0018063393505381104,True,False
full_R3_R4_alpha_0.100000,0.1,178,0.0015493295225603942,True,False
full_R3_R4_alpha_0.100000,0.1,179,0.0010254188446523393,True,False
full_R3_R4_alpha_0.100000,0.1,180,0.001037739965203108,True,False
full_R3_R4_alpha_0.100000,0.1,181,0.0014097238303960014,True,False
full_R3_R4_alpha_0.100000,0.1,182,0.0016119935520377785,True,False
full_R3_R4_alpha_0.100000,0.1,183,0.00082298876142506,True,False
full_R3_R4_alpha_0.100000,0.1,184,0.0011383317974303718,True,False
full_R3_R4_alpha_0.100000,0.1,185,0.0014700995816233507,True,False
full_R3_R4_alpha_0.100000,0.1,186,0.0010677120562657175,True,False
full_R3_R4_alpha_0.100000,0.1,187,0.0016929107294496738,True,False
full_R3_R4_alpha_0.100000,0.1,188,0.0014443016708857812,True,False
full_R3_R4_alpha_0.100000,0.1,189,0.0013847680337844771,True,False
full_R3_R4_alpha_0.100000,0.1,190,0.0017467362139727475,True,False
full_R3_R4_alpha_0.100000,0.1,191,0.0019532175560326055,True,False
full_R3_R4_alpha_0.100000,0.1,192,0.0020873852169196305,True,False
full_R3_R4_alpha_0.100000,0.1,193,0.0016773827877749929,True,False
full_R3_R4_alpha_0.100000,0.1,194,0.001619291476079778,True,False
full_R3_R4_alpha_0.100000,0.1,195,0.0013926024653978682,True,False
full_R3_R4_alpha_0.100000,0.1,196,0.0019603427250933963,True,False
full_R3_R4_alpha_0.100000,0.1,197,0.0017761917805997154,True,False
full_R3_R4_alpha_0.100000,0.1,198,0.0017708698755842668,True,False
full_R3_R4_alpha_0.100000,0.1,199,0.001747301251175983,True,False
full_R3_R4_alpha_0.100000,0.1,200,0.0011779671829874028,True,False
full_R3_R4_alpha_0.100000,0.1,201,0.001720287995978092,True,False
full_R3_R4_alpha_0.100000,0.1,202,0.0026573836316123632,True,False
full_R3_R4_alpha_0.100000,0.1,203,0.0016697959979354927,True,False
full_R3_R4_alpha_0.100000,0.1,204,0.0019099081258096534,True,False
full_R3_R4_alpha_0.100000,0.1,205,0.002213198058126528,True,False
full_R3_R4_alpha_0.100000,0.1,206,0.0020469370560612567,True,False
full_R3_R4_alpha_0.100000,0.1,207,0.001595859604424948,True,False
full_R3_R4_alpha_0.100000,0.1,208,0.0012950399975533385,True,False
full_R3_R4_alpha_0.100000,0.1,209,0.0012181884312536344,True,False
full_R3_R4_alpha_0.100000,0.1,210,0.002065646628183578,True,False
full_R3_R4_alpha_0.100000,0.1,211,0.001140478409930171,True,False
full_R3_R4_alpha_0.100000,0.1,212,0.0017584663672673684,True,False
full_R3_R4_alpha_0.100000,0.1,213,0.0012085077222619503,True,False
full_R3_R4_alpha_0.100000,0.1,214,0.0013212466625483407,True,False
full_R3_R4_alpha_0.100000,0.1,215,0.001721549994200309,True,False
full_R3_R4_alpha_0.100000,0.1,216,0.0011933792103385355,True,False
full_R3_R4_alpha_0.100000,0.1,217,0.0019795402093056016,True,False
full_R3_R4_alpha_0.100000,0.1,218,0.0016945364245923749,True,False
full_R3_R4_alpha_0.100000,0.1,219,0.0014633022826923798,True,False
full_R3_R4_alpha_0.100000,0.1,220,0.0008693789775229847,True,False
full_R3_R4_alpha_0.100000,0.1,221,0.001641988301158019,True,False
full_R3_R4_alpha_0.100000,0.1,222,0.0009442135359507205,True,False
full_R3_R4_alpha_0.100000,0.1,223,0.0014794934384329131,True,False
full_R3_R4_alpha_0.100000,0.1,224,0.001956300367260094,True,False
full_R3_R4_alpha_0.100000,0.1,225,0.0011863296656925346,True,False
full_R3_R4_alpha_0.100000,0.1,226,0.0021331798505315877,True,False
full_R3_R4_alpha_0.100000,0.1,227,0.0012294918949585273,True,False
full_R3_R4_alpha_0.100000,0.1,228,0.0015908607440272716,True,False
full_R3_R4_alpha_0.100000,0.1,229,0.0009665423963686578,True,False
full_R3_R4_alpha_0.100000,0.1,230,0.0019617544866625076,True,False
full_R3_R4_alpha_0.100000,0.1,231,0.0016067856951823636,True,False
full_R3_R4_alpha_0.100000,0.1,232,0.0010658576167119744,True,False
full_R3_R4_alpha_0.100000,0.1,233,0.0021669014900769132,True,False
full_R3_R4_alpha_0.100000,0.1,234,0.0018242502196539878,True,False
full_R3_R4_alpha_0.100000,0.1,235,0.0015655267254845466,True,False
full_R3_R4_alpha_0.100000,0.1,236,0.0011085797590809842,True,False
full_R3_R4_alpha_0.100000,0.1,237,0.0014005032305956608,True,False
full_R3_R4_alpha_0.100000,0.1,238,0.0014726577148885707,True,False
full_R3_R4_alpha_0.100000,0.1,239,0.0016631281933785376,True,False
full_R3_R4_alpha_0.100000,0.1,240,0.0008816273230886754,True,False
full_R3_R4_alpha_0.100000,0.1,241,0.001325897973219101,True,False
full_R3_R4_alpha_0.100000,0.1,242,0.0012281280590034978,True,False
full_R3_R4_alpha_0.100000,0.1,243,0.0014532642110262055,True,False
full_R3_R4_alpha_0.100000,0.1,244,0.0009547080920607045,True,False
full_R3_R4_alpha_0.100000,0.1,245,0.0013417361791890963,True,False
full_R3_R4_alpha_0.100000,0.1,246,0.0016180434242704016,True,False
full_R3_R4_alpha_0.100000,0.1,247,0.002538529225557911,True,False
full_R3_R4_alpha_0.100000,0.1,248,0.0014689713941825134,True,False
full_R3_R4_alpha_0.100000,0.1,249,0.00148668904638216,True,False
full_R3_R4_alpha_0.100000,0.1,250,0.0015200763559347684,True,False
full_R3_R4_alpha_0.100000,0.1,251,0.0023146759839365685,True,False
full_R3_R4_alpha_0.100000,0.1,252,0.001362045163247136,True,False
full_R3_R4_alpha_0.100000,0.1,253,0.0016453141247724729,True,False
full_R3_R4_alpha_0.100000,0.1,254,0.0013151695479772104,True,False
full_R3_R4_alpha_0.100000,0.1,255,0.001216881831719659,True,False
full_R3_R4_alpha_0.100000,0.1,256,0.0014322800374813524,True,False
full_R3_R4_alpha_0.100000,0.1,257,0.0016948266076489832,True,False
full_R3_R4_alpha_0.100000,0.1,258,0.001293869161423086,True,False
full_R3_R4_alpha_0.100000,0.1,259,0.0012412181926746784,True,False
full_R3_R4_alpha_0.100000,0.1,260,0.0018081555579136468,True,False
full_R3_R4_alpha_0.100000,0.1,261,0.0016352581037698923,True,False
full_R3_R4_alpha_0.100000,0.1,262,0.0013746037510707018,True,False
full_R3_R4_alpha_0.100000,0.1,263,0.0010426718229371967,True,False
full_R3_R4_alpha_0.100000,0.1,264,0.0017155215339548287,True,False
full_R3_R4_alpha_0.100000,0.1,265,0.0008286273431834338,True,False
full_R3_R4_alpha_0.100000,0.1,266,0.0020094407795964915,True,False
full_R3_R4_alpha_0.100000,0.1,267,0.0014370414580543087,True,False
full_R3_R4_alpha_0.100000,0.1,268,0.0013023947121437662,True,False
full_R3_R4_alpha_0.100000,0.1,269,0.0014187001460636986,True,False
full_R3_R4_alpha_0.100000,0.1,270,0.0011017637120228595,True,False
full_R3_R4_alpha_0.100000,0.1,271,0.0011500465741629286,True,False
full_R3_R4_alpha_0.100000,0.1,272,0.001242768702670825,True,False
full_R3_R4_alpha_0.100000,0.1,273,0.0023690794185104278,True,False
full_R3_R4_alpha_0.100000,0.1,274,0.0011328805436699278,True,False
full_R3_R4_alpha_0.100000,0.1,275,0.001339149567676083,True,False
full_R3_R4_alpha_0.100000,0.1,276,0.0013055683196463077,True,False
full_R3_R4_alpha_0.100000,0.1,277,0.0016717455202088557,True,False
full_R3_R4_alpha_0.100000,0.1,278,0.0013267346188022785,True,False
full_R3_R4_alpha_0.100000,0.1,279,0.0009039446797183006,True,False
full_R3_R4_alpha_0.100000,0.1,280,0.002397244069466276,True,False
full_R3_R4_alpha_0.100000,0.1,281,0.0019856709064774987,True,False
full_R3_R4_alpha_0.100000,0.1,282,0.0010411288738875952,True,False
full_R3_R4_alpha_0.100000,0.1,283,0.0012653446120158914,True,False
full_R3_R4_alpha_0.100000,0.1,284,0.001630853758214411,True,False
full_R3_R4_alpha_0.100000,0.1,285,0.0018488557508307452,True,False
full_R3_R4_alpha_0.100000,0.1,286,0.0015973710314850522,True,False
full_R3_R4_alpha_0.100000,0.1,287,0.0025770148850770636,True,False
full_R3_R4_alpha_0.100000,0.1,288,0.0019960471284520185,True,False
full_R3_R4_alpha_0.100000,0.1,289,0.0016361414280176248,True,False
full_R3_R4_alpha_0.100000,0.1,290,0.001403884468794955,True,False
full_R3_R4_alpha_0.100000,0.1,291,0.0022845504253343274,True,False
full_R3_R4_alpha_0.100000,0.1,292,0.0013125926048795135,True,False
full_R3_R4_alpha_0.100000,0.1,293,0.0014445574590376345,True,False
full_R3_R4_alpha_0.100000,0.1,294,0.0012508140400223746,True,False
full_R3_R4_alpha_0.100000,0.1,295,0.0009453721413398992,True,False
full_R3_R4_alpha_0.100000,0.1,296,0.0016205937283726168,True,False
full_R3_R4_alpha_0.100000,0.1,297,0.0012021917217824283,True,False
full_R3_R4_alpha_0.100000,0.1,298,0.0015444291100696285,True,False
full_R3_R4_alpha_0.100000,0.1,299,0.0013224641735321858,True,False
full_R3_R4_alpha_0.100000,0.1,300,0.0012715710509867205,True,False
full_R3_R4_alpha_0.100000,0.1,301,0.0011732677789504033,True,False
full_R3_R4_alpha_0.100000,0.1,302,0.0013815386712179478,True,False
full_R3_R4_alpha_0.100000,0.1,303,0.0011856121859482518,True,False
full_R3_R4_alpha_0.100000,0.1,304,0.0018373404071542697,True,False
full_R3_R4_alpha_0.100000,0.1,305,0.002702530701566622,True,False
full_R3_R4_alpha_0.100000,0.1,306,0.0011122094557170028,True,False
full_R3_R4_alpha_0.100000,0.1,307,0.0011657761765690204,True,False
full_R3_R4_alpha_0.100000,0.1,308,0.0012013955512455313,True,False
full_R3_R4_alpha_0.100000,0.1,309,0.0016163583661472172,True,False
full_R3_R4_alpha_0.100000,0.1,310,0.0016828431903851942,True,False
full_R3_R4_alpha_0.100000,0.1,311,0.0014875122895144025,True,False
full_R3_R4_alpha_0.100000,0.1,312,0.001343908664362553,True,False
full_R3_R4_alpha_0.100000,0.1,313,0.0020463986966772047,True,False
full_R3_R4_alpha_0.100000,0.1,314,0.0012479772929412298,True,False
full_R3_R4_alpha_0.100000,0.1,315,0.0013444360784459772,True,False
full_R3_R4_alpha_0.100000,0.1,316,0.0016305062113993643,True,False
full_R3_R4_alpha_0.100000,0.1,317,0.0011135082452610073,True,False
full_R3_R4_alpha_0.100000,0.1,318,0.0022746640355892976,True,False
full_R3_R4_alpha_0.100000,0.1,319,0.0011324927450109441,True,False
full_R3_R4_alpha_0.100000,0.1,320,0.0012495136539402288,True,False
full_R3_R4_alpha_0.100000,0.1,321,0.0016484050584568586,True,False
full_R3_R4_alpha_0.100000,0.1,322,0.001062833998190183,True,False
full_R3_R4_alpha_0.100000,0.1,323,0.0016019092715261593,True,False
full_R3_R4_alpha_0.100000,0.1,324,0.001595861983562331,True,False
full_R3_R4_alpha_0.100000,0.1,325,0.0010576578650781051,True,False
full_R3_R4_alpha_0.100000,0.1,326,0.0010740573685607223,True,False
full_R3_R4_alpha_0.100000,0.1,327,0.0013893559041425862,True,False
full_R3_R4_alpha_0.100000,0.1,328,0.0008376433651026712,True,False
full_R3_R4_alpha_0.100000,0.1,329,0.0016420732478487272,True,False
full_R3_R4_alpha_0.100000,0.1,330,0.0013839112035149434,True,False
full_R3_R4_alpha_0.100000,0.1,331,0.0014762082701720808,True,False
full_R3_R4_alpha_0.100000,0.1,332,0.0014718951109184803,True,False
full_R3_R4_alpha_0.100000,0.1,333,0.0015309836376856893,True,False
full_R3_R4_alpha_0.100000,0.1,334,0.0021361308465629985,True,False
full_R3_R4_alpha_0.100000,0.1,335,0.0013831093245041878,True,False
full_R3_R4_alpha_0.100000,0.1,336,0.001877017782637226,True,False
full_R3_R4_alpha_0.100000,0.1,337,0.0014235029452623485,True,False
full_R3_R4_alpha_0.100000,0.1,338,0.0018286293681395215,True,False
full_R3_R4_alpha_0.100000,0.1,339,0.0011236828615446765,True,False
full_R3_R4_alpha_0.100000,0.1,340,0.0018218650605963847,True,False
full_R3_R4_alpha_0.100000,0.1,341,0.000707751278994594,True,False
full_R3_R4_alpha_0.100000,0.1,342,0.0012451306286106849,True,False
full_R3_R4_alpha_0.100000,0.1,343,0.0021025927628493535,True,False
full_R3_R4_alpha_0.100000,0.1,344,0.0007426276947140536,True,False
full_R3_R4_alpha_0.100000,0.1,345,0.00161356702890108,True,False
full_R3_R4_alpha_0.100000,0.1,346,0.001672025093284133,True,False
full_R3_R4_alpha_0.100000,0.1,347,0.0010643707629714818,True,False
full_R3_R4_alpha_0.100000,0.1,348,0.0017367859861954172,True,False
full_R3_R4_alpha_0.100000,0.1,349,0.0016580265873159517,True,False
full_R3_R4_alpha_0.100000,0.1,350,0.0022132508472892318,True,False
full_R3_R4_alpha_0.100000,0.1,351,0.0024367523301586313,True,False
full_R3_R4_alpha_0.100000,0.1,352,0.0016482406179567973,True,False
full_R3_R4_alpha_0.100000,0.1,353,0.0016767257758211562,True,False
full_R3_R4_alpha_0.100000,0.1,354,0.0013713340102510926,True,False
full_R3_R4_alpha_0.100000,0.1,355,0.001525623753581406,True,False
full_R3_R4_alpha_0.100000,0.1,356,0.0011409804832116775,True,False
full_R3_R4_alpha_0.100000,0.1,357,0.00241282237432304,True,False
full_R3_R4_alpha_0.100000,0.1,358,0.0018516412483855604,True,False
full_R3_R4_alpha_0.100000,0.1,359,0.0010841992809602224,True,False
full_R3_R4_alpha_0.100000,0.1,360,0.0011919347961805058,True,False
full_R3_R4_alpha_0.100000,0.1,361,0.0012554532458978064,True,False
full_R3_R4_alpha_0.100000,0.1,362,0.00111994600774651,True,False
full_R3_R4_alpha_0.100000,0.1,363,0.0015255971679873819,True,False
full_R3_R4_alpha_0.100000,0.1,364,0.0015092754155139351,True,False
full_R3_R4_alpha_0.100000,0.1,365,0.0012959139728617405,True,False
full_R3_R4_alpha_0.100000,0.1,366,0.0008742314326541295,True,False
full_R3_R4_alpha_0.100000,0.1,367,0.00151066893719421,True,False
full_R3_R4_alpha_0.100000,0.1,368,0.0016925286676620368,True,False
full_R3_R4_alpha_0.100000,0.1,369,0.001378776607505377,True,False
full_R3_R4_alpha_0.100000,0.1,370,0.0012473981440658765,True,False
full_R3_R4_alpha_0.100000,0.1,371,0.0015213829247489746,True,False
full_R3_R4_alpha_0.100000,0.1,372,0.0013965282660361768,True,False
full_R3_R4_alpha_0.100000,0.1,373,0.001387943479502665,True,False
full_R3_R4_alpha_0.100000,0.1,374,0.001226796390182667,True,False
full_R3_R4_alpha_0.100000,0.1,375,0.001397410259471085,True,False
full_R3_R4_alpha_0.100000,0.1,376,0.0010956946030747934,True,False
full_R3_R4_alpha_0.100000,0.1,377,0.0014621377756281685,True,False
full_R3_R4_alpha_0.100000,0.1,378,0.0015409870999672504,True,False
full_R3_R4_alpha_0.100000,0.1,379,0.001582496469894554,True,False
full_R3_R4_alpha_0.100000,0.1,380,0.001471039945742793,True,False
full_R3_R4_alpha_0.100000,0.1,381,0.001438680533812246,True,False
full_R3_R4_alpha_0.100000,0.1,382,0.0009329026036933113,True,False
full_R3_R4_alpha_0.100000,0.1,383,0.0015065110529082011,True,False
full_R3_R4_alpha_0.100000,0.1,384,0.001456000979331308,True,False
full_R3_R4_alpha_0.100000,0.1,385,0.001630213300354498,True,False
full_R3_R4_alpha_0.100000,0.1,386,0.001601317513979372,True,False
full_R3_R4_alpha_0.100000,0.1,387,0.0022312517917467654,True,False
full_R3_R4_alpha_0.100000,0.1,388,0.0017711685225586596,True,False
full_R3_R4_alpha_0.100000,0.1,389,0.0019904900646067836,True,False
full_R3_R4_alpha_0.100000,0.1,390,0.0020596710472964366,True,False
full_R3_R4_alpha_0.100000,0.1,391,0.0015094819842376885,True,False
full_R3_R4_alpha_0.100000,0.1,392,0.0013533203243803285,True,False
full_R3_R4_alpha_0.100000,0.1,393,0.002145988376708651,True,False
full_R3_R4_alpha_0.100000,0.1,394,0.0020703915992989854,True,False
full_R3_R4_alpha_0.100000,0.1,395,0.0009599628016435168,True,False
full_R3_R4_alpha_0.100000,0.1,396,0.0014628295741391452,True,False
full_R3_R4_alpha_0.100000,0.1,397,0.001235550627768485,True,False
full_R3_R4_alpha_0.100000,0.1,398,0.0020439417384721425,True,False
full_R3_R4_alpha_0.100000,0.1,399,0.0018332507529177507,True,False
full_R3_R4_alpha_0.100000,0.1,400,0.0012718955359970565,True,False
full_R3_R4_alpha_0.100000,0.1,401,0.0018645390352895837,True,False
full_R3_R4_alpha_0.100000,0.1,402,0.0014788677668810864,True,False
full_R3_R4_alpha_0.100000,0.1,403,0.0010144399309649627,True,False
full_R3_R4_alpha_0.100000,0.1,404,0.0019276088237423982,True,False
full_R3_R4_alpha_0.100000,0.1,405,0.0011369715755296668,True,False
full_R3_R4_alpha_0.100000,0.1,406,0.002796996196670103,True,False
full_R3_R4_alpha_0.100000,0.1,407,0.001431565089290417,True,False
full_R3_R4_alpha_0.100000,0.1,408,0.0020240640452073152,True,False
full_R3_R4_alpha_0.100000,0.1,409,0.0016534803222001213,True,False
full_R3_R4_alpha_0.100000,0.1,410,0.0016017751014627214,True,False
full_R3_R4_alpha_0.100000,0.1,411,0.0014292753564211032,True,False
full_R3_R4_alpha_0.100000,0.1,412,0.0012914073280863808,True,False
full_R3_R4_alpha_0.100000,0.1,413,0.0015499242123690735,True,False
full_R3_R4_alpha_0.100000,0.1,414,0.0011890666667045838,True,False
full_R3_R4_alpha_0.100000,0.1,415,0.0014909162207977903,True,False
full_R3_R4_alpha_0.100000,0.1,416,0.0017943908777256438,True,False
full_R3_R4_alpha_0.100000,0.1,417,0.002202394038068941,True,False
full_R3_R4_alpha_0.100000,0.1,418,0.0015833017597015342,True,False
full_R3_R4_alpha_0.100000,0.1,419,0.0013062634967723466,True,False
full_R3_R4_alpha_0.100000,0.1,420,0.0018735712510474962,True,False
full_R3_R4_alpha_0.100000,0.1,421,0.0014103887083265964,True,False
full_R3_R4_alpha_0.100000,0.1,422,0.0018514128764844002,True,False
full_R3_R4_alpha_0.100000,0.1,423,0.0017096453537842234,True,False
full_R3_R4_alpha_0.100000,0.1,424,0.0025269985477350252,True,False
full_R3_R4_alpha_0.100000,0.1,425,0.0012161620273032983,True,False
full_R3_R4_alpha_0.100000,0.1,426,0.0015119657294470747,True,False
full_R3_R4_alpha_0.100000,0.1,427,0.0012312500324984695,True,False
full_R3_R4_alpha_0.100000,0.1,428,0.0015030529106928798,True,False
full_R3_R4_alpha_0.100000,0.1,429,0.0009639447960294839,True,False
full_R3_R4_alpha_0.100000,0.1,430,0.0013858736612566188,True,False
full_R3_R4_alpha_0.100000,0.1,431,0.0017987131040099376,True,False
full_R3_R4_alpha_0.100000,0.1,432,0.0020750662998394232,True,False
full_R3_R4_alpha_0.100000,0.1,433,0.001581260288170099,True,False
full_R3_R4_alpha_0.100000,0.1,434,0.002177520627665592,True,False
full_R3_R4_alpha_0.100000,0.1,435,0.0014258929242831058,True,False
full_R3_R4_alpha_0.100000,0.1,436,0.0019433960227593792,True,False
full_R3_R4_alpha_0.100000,0.1,437,0.0013096811106470415,True,False
full_R3_R4_alpha_0.100000,0.1,438,0.0012417303738968626,True,False
full_R3_R4_alpha_0.100000,0.1,439,0.001988581366917841,True,False
full_R3_R4_alpha_0.100000,0.1,440,0.001971864399066008,True,False
full_R3_R4_alpha_0.100000,0.1,441,0.0011178861105057203,True,False
full_R3_R4_alpha_0.100000,0.1,442,0.0014458139068451875,True,False
full_R3_R4_alpha_0.100000,0.1,443,0.0011775249150209554,True,False
full_R3_R4_alpha_0.100000,0.1,444,0.0012402089067668927,True,False
full_R3_R4_alpha_0.100000,0.1,445,0.0014191161830492606,True,False
full_R3_R4_alpha_0.100000,0.1,446,0.0010291060771748547,True,False
full_R3_R4_alpha_0.100000,0.1,447,0.0017094346716336117,True,False
full_R3_R4_alpha_0.100000,0.1,448,0.0024670992759319487,True,False
full_R3_R4_alpha_0.100000,0.1,449,0.002237149125259529,True,False
full_R3_R4_alpha_0.100000,0.1,450,0.0014734654791128145,True,False
full_R3_R4_alpha_0.100000,0.1,451,0.0014000988974700484,True,False
full_R3_R4_alpha_0.100000,0.1,452,0.0013471221689748895,True,False
full_R3_R4_alpha_0.100000,0.1,453,0.0013705501400543823,True,False
full_R3_R4_alpha_0.100000,0.1,454,0.0010961635125393374,True,False
full_R3_R4_alpha_0.100000,0.1,455,0.0024312679675330554,True,False
full_R3_R4_alpha_0.100000,0.1,456,0.0020674490080740153,True,False
full_R3_R4_alpha_0.100000,0.1,457,0.0011985899177813857,True,False
full_R3_R4_alpha_0.100000,0.1,458,0.0016632919810816557,True,False
full_R3_R4_alpha_0.100000,0.1,459,0.001605419709757329,True,False
full_R3_R4_alpha_0.100000,0.1,460,0.0009293058052308988,True,False
full_R3_R4_alpha_0.100000,0.1,461,0.002321224281681734,True,False
full_R3_R4_alpha_0.100000,0.1,462,0.0020037181462931285,True,False
full_R3_R4_alpha_0.100000,0.1,463,0.0011970823441124487,True,False
full_R3_R4_alpha_0.100000,0.1,464,0.0017178605255628086,True,False
full_R3_R4_alpha_0.100000,0.1,465,0.0032500964799135564,True,False
full_R3_R4_alpha_0.100000,0.1,466,0.0012571561198794921,True,False
full_R3_R4_alpha_0.100000,0.1,467,0.0010726762248435414,True,False
full_R3_R4_alpha_0.100000,0.1,468,0.0011040633365823488,True,False
full_R3_R4_alpha_0.100000,0.1,469,0.002900421927189857,True,False
full_R3_R4_alpha_0.100000,0.1,470,0.0014026004376024427,True,False
full_R3_R4_alpha_0.100000,0.1,471,0.0014103299965757465,True,False
full_R3_R4_alpha_0.100000,0.1,472,0.0013119588189355023,True,False
full_R3_R4_alpha_0.100000,0.1,473,0.0012667768788499857,True,False
full_R3_R4_alpha_0.100000,0.1,474,0.0015082851466697404,True,False
full_R3_R4_alpha_0.100000,0.1,475,0.0012867044090226643,True,False
full_R3_R4_alpha_0.100000,0.1,476,0.0018211042018489254,True,False
full_R3_R4_alpha_0.100000,0.1,477,0.001409158721344368,True,False
full_R3_R4_alpha_0.100000,0.1,478,0.0012209848149664394,True,False
full_R3_R4_alpha_0.100000,0.1,479,0.0011263565589242853,True,False
full_R3_R4_alpha_0.100000,0.1,480,0.002024386970727595,True,False
full_R3_R4_alpha_0.100000,0.1,481,0.001691697621096423,True,False
full_R3_R4_alpha_0.100000,0.1,482,0.0018314156877732872,True,False
full_R3_R4_alpha_0.100000,0.1,483,0.002262428246379337,True,False
full_R3_R4_alpha_0.100000,0.1,484,0.0012848863674810882,True,False
full_R3_R4_alpha_0.100000,0.1,485,0.0023279722434141606,True,False
full_R3_R4_alpha_0.100000,0.1,486,0.0018624541438786635,True,False
full_R3_R4_alpha_0.100000,0.1,487,0.0013224671215878564,True,False
full_R3_R4_alpha_0.100000,0.1,488,0.0018553860968755955,True,False
full_R3_R4_alpha_0.100000,0.1,489,0.0015612691139545074,True,False
full_R3_R4_alpha_0.100000,0.1,490,0.001141244300390866,True,False
full_R3_R4_alpha_0.100000,0.1,491,0.0013730789267020007,True,False
full_R3_R4_alpha_0.100000,0.1,492,0.0014054540012212978,True,False
full_R3_R4_alpha_0.100000,0.1,493,0.0012041697578353847,True,False
full_R3_R4_alpha_0.100000,0.1,494,0.0017981184212050446,True,False
full_R3_R4_alpha_0.100000,0.1,495,0.0012819476518840473,True,False
full_R3_R4_alpha_0.100000,0.1,496,0.0014837741230856749,True,False
full_R3_R4_alpha_0.100000,0.1,497,0.0017973584553122458,True,False
full_R3_R4_alpha_0.100000,0.1,498,0.0014522916390341282,True,False
full_R3_R4_alpha_0.100000,0.1,499,0.0014516062244995735,True,False
full_R3_R4_alpha_0.100000,0.1,500,0.0011822045660262897,True,False
full_R3_R4_alpha_0.100000,0.1,501,0.0014497363070492088,True,False
full_R3_R4_alpha_0.100000,0.1,502,0.0015068057427303453,True,False
full_R3_R4_alpha_0.100000,0.1,503,0.0012071006376868194,True,False
full_R3_R4_alpha_0.100000,0.1,504,0.0010325683493365796,True,False
full_R3_R4_alpha_0.100000,0.1,505,0.001281898693409716,True,False
full_R3_R4_alpha_0.100000,0.1,506,0.001453939753126088,True,False
full_R3_R4_alpha_0.100000,0.1,507,0.0019088331955122227,True,False
full_R3_R4_alpha_0.100000,0.1,508,0.002019165479071303,True,False
full_R3_R4_alpha_0.100000,0.1,509,0.0013699220171175743,True,False
full_R3_R4_alpha_0.100000,0.1,510,0.0011275761478852782,True,False
full_R3_R4_alpha_0.100000,0.1,511,0.001280856806374141,True,False
full_R3_R4_alpha_0.100000,0.1,512,0.0019157373198702078,True,False
full_R3_R4_alpha_0.100000,0.1,513,0.0013494016653168542,True,False
full_R3_R4_alpha_0.100000,0.1,514,0.0010292088088801191,True,False
full_R3_R4_alpha_0.100000,0.1,515,0.0018338768249839422,True,False
full_R3_R4_alpha_0.100000,0.1,516,0.003161637122284914,True,False
full_R3_R4_alpha_0.100000,0.1,517,0.0012179056625848913,True,False
full_R3_R4_alpha_0.100000,0.1,518,0.001990689360504152,True,False
full_R3_R4_alpha_0.100000,0.1,519,0.001163141932730816,True,False
full_R3_R4_alpha_0.100000,0.1,520,0.00150261403596405,True,False
full_R3_R4_alpha_0.100000,0.1,521,0.0014005886512064422,True,False
full_R3_R4_alpha_0.100000,0.1,522,0.0018967352556438727,True,False
full_R3_R4_alpha_0.100000,0.1,523,0.0015099222019104015,True,False
full_R3_R4_alpha_0.100000,0.1,524,0.0020316238100365133,True,False
full_R3_R4_alpha_0.100000,0.1,525,0.0013244391925223465,True,False
full_R3_R4_alpha_0.100000,0.1,526,0.0019721681848041584,True,False
full_R3_R4_alpha_0.100000,0.1,527,0.0016467594704162427,True,False
full_R3_R4_alpha_0.100000,0.1,528,0.002417703513201808,True,False
full_R3_R4_alpha_0.100000,0.1,529,0.0016816667925717912,True,False
full_R3_R4_alpha_0.100000,0.1,530,0.0015978699206569608,True,False
full_R3_R4_alpha_0.100000,0.1,531,0.0011578761806844784,True,False
full_R3_R4_alpha_0.100000,0.1,532,0.0015427278545689308,True,False
full_R3_R4_alpha_0.100000,0.1,533,0.0011306900311600463,True,False
full_R3_R4_alpha_0.100000,0.1,534,0.0011993298858046747,True,False
full_R3_R4_alpha_0.100000,0.1,535,0.0010131189332486224,True,False
full_R3_R4_alpha_0.100000,0.1,536,0.0012194129132497432,True,False
full_R3_R4_alpha_0.100000,0.1,537,0.001239607416392882,True,False
full_R3_R4_alpha_0.100000,0.1,538,0.0008373758839488578,True,False
full_R3_R4_alpha_0.100000,0.1,539,0.0011556444820161875,True,False
full_R3_R4_alpha_0.100000,0.1,540,0.001847976243406512,True,False
full_R3_R4_alpha_0.100000,0.1,541,0.0008887434228374594,True,False
full_R3_R4_alpha_0.100000,0.1,542,0.0016607864782653137,True,False
full_R3_R4_alpha_0.100000,0.1,543,0.0012392202899775848,True,False
full_R3_R4_alpha_0.100000,0.1,544,0.0010441386373651284,True,False
full_R3_R4_alpha_0.100000,0.1,545,0.0014258245082362602,True,False
full_R3_R4_alpha_0.100000,0.1,546,0.0011671119295710906,True,False
full_R3_R4_alpha_0.100000,0.1,547,0.0024976327538670908,True,False
full_R3_R4_alpha_0.100000,0.1,548,0.0012167520440265823,True,False
full_R3_R4_alpha_0.100000,0.1,549,0.0012253385167029479,True,False
full_R3_R4_alpha_0.100000,0.1,550,0.0011947317683353648,True,False
full_R3_R4_alpha_0.100000,0.1,551,0.002078924591304886,True,False
full_R3_R4_alpha_0.100000,0.1,552,0.0008527085831809603,True,False
full_R3_R4_alpha_0.100000,0.1,553,0.001284899390759773,True,False
full_R3_R4_alpha_0.100000,0.1,554,0.0013262537432380428,True,False
full_R3_R4_alpha_0.100000,0.1,555,0.002172000854117994,True,False
full_R3_R4_alpha_0.100000,0.1,556,0.0010579574870014734,True,False
full_R3_R4_alpha_0.100000,0.1,557,0.001781000620370053,True,False
full_R3_R4_alpha_0.100000,0.1,558,0.0017833501816522394,True,False
full_R3_R4_alpha_0.100000,0.1,559,0.0008860737039886622,True,False
full_R3_R4_alpha_0.100000,0.1,560,0.0010542469564689128,True,False
full_R3_R4_alpha_0.100000,0.1,561,0.001212511314143121,True,False
full_R3_R4_alpha_0.100000,0.1,562,0.0011752610178085109,True,False
full_R3_R4_alpha_0.100000,0.1,563,0.0012249140688469005,True,False
full_R3_R4_alpha_0.100000,0.1,564,0.0019920185711392894,True,False
full_R3_R4_alpha_0.100000,0.1,565,0.0019975865914738074,True,False
full_R3_R4_alpha_0.100000,0.1,566,0.0014025327510417999,True,False
full_R3_R4_alpha_0.100000,0.1,567,0.0016042881978422276,True,False
full_R3_R4_alpha_0.100000,0.1,568,0.0018402599036215553,True,False
full_R3_R4_alpha_0.100000,0.1,569,0.0013269238808468848,True,False
full_R3_R4_alpha_0.100000,0.1,570,0.002617701539523277,True,False
full_R3_R4_alpha_0.100000,0.1,571,0.001844759673893568,True,False
full_R3_R4_alpha_0.100000,0.1,572,0.002635506806599244,True,False
full_R3_R4_alpha_0.100000,0.1,573,0.0014036833429352709,True,False
full_R3_R4_alpha_0.100000,0.1,574,0.0008767807088246304,True,False
full_R3_R4_alpha_0.100000,0.1,575,0.0012805736050898568,True,False
full_R3_R4_alpha_0.100000,0.1,576,0.0010474232089195217,True,False
full_R3_R4_alpha_0.100000,0.1,577,0.0009902525869823209,True,False
full_R3_R4_alpha_0.100000,0.1,578,0.001585223787861893,True,False
full_R3_R4_alpha_0.100000,0.1,579,0.0009221946231379977,True,False
full_R3_R4_alpha_0.100000,0.1,580,0.0020383233154966547,True,False
full_R3_R4_alpha_0.100000,0.1,581,0.0019980866906409442,True,False
full_R3_R4_alpha_0.100000,0.1,582,0.0011414623698789397,True,False
full_R3_R4_alpha_0.100000,0.1,583,0.001615834316728124,True,False
full_R3_R4_alpha_0.100000,0.1,584,0.00248666608989339,True,False
full_R3_R4_alpha_0.100000,0.1,585,0.0012878496106774242,True,False
full_R3_R4_alpha_0.100000,0.1,586,0.0012542797562217116,True,False
full_R3_R4_alpha_0.100000,0.1,587,0.0013553563890154237,True,False
full_R3_R4_alpha_0.100000,0.1,588,0.0012970754397481998,True,False
full_R3_R4_alpha_0.100000,0.1,589,0.0008735958790540646,True,False
full_R3_R4_alpha_0.100000,0.1,590,0.0013817440890638894,True,False
full_R3_R4_alpha_0.100000,0.1,591,0.003186161051107363,True,False
full_R3_R4_alpha_0.100000,0.1,592,0.0016083423030180289,True,False
full_R3_R4_alpha_0.100000,0.1,593,0.0020167355747729328,True,False
full_R3_R4_alpha_0.100000,0.1,594,0.0010236329759886942,True,False
full_R3_R4_alpha_0.100000,0.1,595,0.0011384389281365905,True,False
full_R3_R4_alpha_0.100000,0.1,596,0.0015654443135588488,True,False
full_R3_R4_alpha_0.100000,0.1,597,0.0016181806169167322,True,False
full_R3_R4_alpha_0.100000,0.1,598,0.0005934214630973807,True,False
full_R3_R4_alpha_0.100000,0.1,599,0.0018087244873442804,True,False
full_R3_R4_alpha_0.100000,0.1,600,0.002091369599170301,True,False
full_R3_R4_alpha_0.100000,0.1,601,0.0014166038139262508,True,False
full_R3_R4_alpha_0.100000,0.1,602,0.001540712959284625,True,False
full_R3_R4_alpha_0.100000,0.1,603,0.001729202269928469,True,False
full_R3_R4_alpha_0.100000,0.1,604,0.0014503906522976475,True,False
full_R3_R4_alpha_0.100000,0.1,605,0.0015153264173727204,True,False
full_R3_R4_alpha_0.100000,0.1,606,0.0013433816359271628,True,False
full_R3_R4_alpha_0.100000,0.1,607,0.001775650431081067,True,False
full_R3_R4_alpha_0.100000,0.1,608,0.001500559144582634,True,False
full_R3_R4_alpha_0.100000,0.1,609,0.0013924042863304933,True,False
full_R3_R4_alpha_0.100000,0.1,610,0.0011388303682122265,True,False
full_R3_R4_alpha_0.100000,0.1,611,0.0010207045472844485,True,False
full_R3_R4_alpha_0.100000,0.1,612,0.0013027410086053266,True,False
full_R3_R4_alpha_0.100000,0.1,613,0.002824583924927107,True,False
full_R3_R4_alpha_0.100000,0.1,614,0.001036395898414205,True,False
full_R3_R4_alpha_0.100000,0.1,615,0.0012545545232858907,True,False
full_R3_R4_alpha_0.100000,0.1,616,0.001164683648658953,True,False
full_R3_R4_alpha_0.100000,0.1,617,0.00118744863321815,True,False
full_R3_R4_alpha_0.100000,0.1,618,0.0011496919948545824,True,False
full_R3_R4_alpha_0.100000,0.1,619,0.0010938089290013847,True,False
full_R3_R4_alpha_0.100000,0.1,620,0.0015030855706061128,True,False
full_R3_R4_alpha_0.100000,0.1,621,0.001470167180773534,True,False
full_R3_R4_alpha_0.100000,0.1,622,0.0017493526373321584,True,False
full_R3_R4_alpha_0.100000,0.1,623,0.0024648885063725478,True,False
full_R3_R4_alpha_0.100000,0.1,624,0.002308688285082933,True,False
full_R3_R4_alpha_0.100000,0.1,625,0.0012243958951408064,True,False
full_R3_R4_alpha_0.100000,0.1,626,0.0012883353148472007,True,False
full_R3_R4_alpha_0.100000,0.1,627,0.0017630042744100208,True,False
full_R3_R4_alpha_0.100000,0.1,628,0.001676762842299937,True,False
full_R3_R4_alpha_0.100000,0.1,629,0.0022757340562738213,True,False
full_R3_R4_alpha_0.100000,0.1,630,0.0015875700563886559,True,False
full_R3_R4_alpha_0.100000,0.1,631,0.0020302784916835406,True,False
full_R3_R4_alpha_0.100000,0.1,632,0.0022874542452036295,True,False
full_R3_R4_alpha_0.100000,0.1,633,0.001350372431434781,True,False
full_R3_R4_alpha_0.100000,0.1,634,0.0020801528692208386,True,False
full_R3_R4_alpha_0.100000,0.1,635,0.001739559579650566,True,False
full_R3_R4_alpha_0.100000,0.1,636,0.0019061899721706447,True,False
full_R3_R4_alpha_0.100000,0.1,637,0.001295996823534595,True,False
full_R3_R4_alpha_0.100000,0.1,638,0.0019021115770173536,True,False
full_R3_R4_alpha_0.100000,0.1,639,0.0019728376789047626,True,False
full_R3_R4_alpha_0.100000,0.1,640,0.001097037325286241,True,False
full_R3_R4_alpha_0.100000,0.1,641,0.0015158063821070185,True,False
full_R3_R4_alpha_0.100000,0.1,642,0.0020908407409469094,True,False
full_R3_R4_alpha_0.100000,0.1,643,0.0015070349208814982,True,False
full_R3_R4_alpha_0.100000,0.1,644,0.0013405859510178572,True,False
full_R3_R4_alpha_0.100000,0.1,645,0.0020047012669105655,True,False
full_R3_R4_alpha_0.100000,0.1,646,0.0018774401796246018,True,False
full_R3_R4_alpha_0.100000,0.1,647,0.0014377770761308329,True,False
full_R3_R4_alpha_0.100000,0.1,648,0.0027824841498875724,True,False
full_R3_R4_alpha_0.100000,0.1,649,0.0033121021757141446,True,False
full_R3_R4_alpha_0.100000,0.1,650,0.001127683997912115,True,False
full_R3_R4_alpha_0.100000,0.1,651,0.0027633248169042315,True,False
full_R3_R4_alpha_0.100000,0.1,652,0.0018413478846921196,True,False
full_R3_R4_alpha_0.100000,0.1,653,0.0012658576226613387,True,False
full_R3_R4_alpha_0.100000,0.1,654,0.0018036425563268353,True,False
full_R3_R4_alpha_0.100000,0.1,655,0.0015943900474333509,True,False
full_R3_R4_alpha_0.100000,0.1,656,0.002228343219769907,True,False
full_R3_R4_alpha_0.100000,0.1,657,0.00165775443662542,True,False
full_R3_R4_alpha_0.100000,0.1,658,0.0014200440436828224,True,False
full_R3_R4_alpha_0.100000,0.1,659,0.000972552466809077,True,False
full_R3_R4_alpha_0.100000,0.1,660,0.0014103202536671984,True,False
full_R3_R4_alpha_0.100000,0.1,661,0.0013583416696597796,True,False
full_R3_R4_alpha_0.100000,0.1,662,0.0016573891186895942,True,False
full_R3_R4_alpha_0.100000,0.1,663,0.0013051913741368307,True,False
full_R3_R4_alpha_0.100000,0.1,664,0.0013748517001663338,True,False
full_R3_R4_alpha_0.100000,0.1,665,0.001480517824732533,True,False
full_R3_R4_alpha_0.100000,0.1,666,0.0008105576661388534,True,False
full_R3_R4_alpha_0.100000,0.1,667,0.0014289200285739936,True,False
full_R3_R4_alpha_0.100000,0.1,668,0.0011458889918666885,True,False
full_R3_R4_alpha_0.100000,0.1,669,0.0013190924818893045,True,False
full_R3_R4_alpha_0.100000,0.1,670,0.0014992757922520556,True,False
full_R3_R4_alpha_0.100000,0.1,671,0.0011501067870498013,True,False
full_R3_R4_alpha_0.100000,0.1,672,0.0022372426337865063,True,False
full_R3_R4_alpha_0.100000,0.1,673,0.0015527540040673883,True,False
full_R3_R4_alpha_0.100000,0.1,674,0.0012353314366638454,True,False
full_R3_R4_alpha_0.100000,0.1,675,0.0024253502027518936,True,False
full_R3_R4_alpha_0.100000,0.1,676,0.0012493112035260735,True,False
full_R3_R4_alpha_0.100000,0.1,677,0.0017822888890007729,True,False
full_R3_R4_alpha_0.100000,0.1,678,0.0015202054662305433,True,False
full_R3_R4_alpha_0.100000,0.1,679,0.0013078737191198964,True,False
full_R3_R4_alpha_0.100000,0.1,680,0.0013489511550710037,True,False
full_R3_R4_alpha_0.100000,0.1,681,0.0012927024283318068,True,False
full_R3_R4_alpha_0.100000,0.1,682,0.0011923711903653424,True,False
full_R3_R4_alpha_0.100000,0.1,683,0.0012811120568158427,True,False
full_R3_R4_alpha_0.100000,0.1,684,0.0011163722464865896,True,False
full_R3_R4_alpha_0.100000,0.1,685,0.0010062669267385388,True,False
full_R3_R4_alpha_0.100000,0.1,686,0.002364279964340506,True,False
full_R3_R4_alpha_0.100000,0.1,687,0.0012593577408202183,True,False
full_R3_R4_alpha_0.100000,0.1,688,0.0014758906335663063,True,False
full_R3_R4_alpha_0.100000,0.1,689,0.002134123579837556,True,False
full_R3_R4_alpha_0.100000,0.1,690,0.0013341631590615534,True,False
full_R3_R4_alpha_0.100000,0.1,691,0.0012263807468460759,True,False
full_R3_R4_alpha_0.100000,0.1,692,0.0009689779108328569,True,False
full_R3_R4_alpha_0.100000,0.1,693,0.0016423576564695607,True,False
full_R3_R4_alpha_0.100000,0.1,694,0.0014558471932517463,True,False
full_R3_R4_alpha_0.100000,0.1,695,0.0009690081795464695,True,False
full_R3_R4_alpha_0.100000,0.1,696,0.0011603789529702553,True,False
full_R3_R4_alpha_0.100000,0.1,697,0.0012401092279614265,True,False
full_R3_R4_alpha_0.100000,0.1,698,0.001495004154516902,True,False
full_R3_R4_alpha_0.100000,0.1,699,0.0015818742820990083,True,False
full_R3_R4_alpha_0.100000,0.1,700,0.0013711859253828123,True,False
full_R3_R4_alpha_0.100000,0.1,701,0.0020092237972982544,True,False
full_R3_R4_alpha_0.100000,0.1,702,0.001413867784941047,True,False
full_R3_R4_alpha_0.100000,0.1,703,0.0017459869730356858,True,False
full_R3_R4_alpha_0.100000,0.1,704,0.0017195344600753326,True,False
full_R3_R4_alpha_0.100000,0.1,705,0.0013979801316005341,True,False
full_R3_R4_alpha_0.100000,0.1,706,0.0018650916520461622,True,False
full_R3_R4_alpha_0.100000,0.1,707,0.0009327699097215971,True,False
full_R3_R4_alpha_0.100000,0.1,708,0.0016760785278868374,True,False
full_R3_R4_alpha_0.100000,0.1,709,0.0014894187930013369,True,False
full_R3_R4_alpha_0.100000,0.1,710,0.0016481143860400658,True,False
full_R3_R4_alpha_0.100000,0.1,711,0.0011812352541449179,True,False
full_R3_R4_alpha_0.100000,0.1,712,0.0017441130266475952,True,False
full_R3_R4_alpha_0.100000,0.1,713,0.0009292600701713024,True,False
full_R3_R4_alpha_0.100000,0.1,714,0.001154912568852377,True,False
full_R3_R4_alpha_0.100000,0.1,715,0.0012064860146556219,True,False
full_R3_R4_alpha_0.100000,0.1,716,0.0015630184727281125,True,False
full_R3_R4_alpha_0.100000,0.1,717,0.0021113048691171255,True,False
full_R3_R4_alpha_0.100000,0.1,718,0.0012905401563897713,True,False
full_R3_R4_alpha_0.100000,0.1,719,0.001695287111646287,True,False
full_R3_R4_alpha_0.100000,0.1,720,0.0018412659577279962,True,False
full_R3_R4_alpha_0.100000,0.1,721,0.00136967144336191,True,False
full_R3_R4_alpha_0.100000,0.1,722,0.0013377037988339952,True,False
full_R3_R4_alpha_0.100000,0.1,723,0.0011625320823035988,True,False
full_R3_R4_alpha_0.100000,0.1,724,0.0019094965015419433,True,False
full_R3_R4_alpha_0.100000,0.1,725,0.0013551717433243457,True,False
full_R3_R4_alpha_0.100000,0.1,726,0.0018693020478439714,True,False
full_R3_R4_alpha_0.100000,0.1,727,0.0014402719869132977,True,False
full_R3_R4_alpha_0.100000,0.1,728,0.0017609633832305193,True,False
full_R3_R4_alpha_0.100000,0.1,729,0.0011602240615654095,True,False
full_R3_R4_alpha_0.100000,0.1,730,0.0017876531083302505,True,False
full_R3_R4_alpha_0.100000,0.1,731,0.002904863723294919,True,False
full_R3_R4_alpha_0.100000,0.1,732,0.0012945676646086482,True,False
full_R3_R4_alpha_0.100000,0.1,733,0.0010096041268051448,True,False
full_R3_R4_alpha_0.100000,0.1,734,0.0016093957752340998,True,False
full_R3_R4_alpha_0.100000,0.1,735,0.002219256619928065,True,False
full_R3_R4_alpha_0.100000,0.1,736,0.0010841497884063376,True,False
full_R3_R4_alpha_0.100000,0.1,737,0.0019570767914055937,True,False
full_R3_R4_alpha_0.100000,0.1,738,0.0010801154845599995,True,False
full_R3_R4_alpha_0.100000,0.1,739,0.0014315760057799203,True,False
full_R3_R4_alpha_0.100000,0.1,740,0.0018869511669386094,True,False
full_R3_R4_alpha_0.100000,0.1,741,0.0014337837412758167,True,False
full_R3_R4_alpha_0.100000,0.1,742,0.0010035169005100455,True,False
full_R3_R4_alpha_0.100000,0.1,743,0.0011907032266133051,True,False
full_R3_R4_alpha_0.100000,0.1,744,0.0018904498282822238,True,False
full_R3_R4_alpha_0.100000,0.1,745,0.0011352292180941798,True,False
full_R3_R4_alpha_0.100000,0.1,746,0.0014431272809410775,True,False
full_R3_R4_alpha_0.100000,0.1,747,0.0018232041219229818,True,False
full_R3_R4_alpha_0.100000,0.1,748,0.001814543888145412,True,False
full_R3_R4_alpha_0.100000,0.1,749,0.0014464187428157517,True,False
full_R3_R4_alpha_0.100000,0.1,750,0.0010050193532423449,True,False
full_R3_R4_alpha_0.100000,0.1,751,0.0016976327011940877,True,False
full_R3_R4_alpha_0.100000,0.1,752,0.0012464278023507577,True,False
full_R3_R4_alpha_0.100000,0.1,753,0.0014087446243953223,True,False
full_R3_R4_alpha_0.100000,0.1,754,0.0014003414645273398,True,False
full_R3_R4_alpha_0.100000,0.1,755,0.0011756918543914764,True,False
full_R3_R4_alpha_0.100000,0.1,756,0.0013431994320103207,True,False
full_R3_R4_alpha_0.100000,0.1,757,0.0007673616950905423,True,False
full_R3_R4_alpha_0.100000,0.1,758,0.003133640661313243,True,False
full_R3_R4_alpha_0.100000,0.1,759,0.001514168224091606,True,False
full_R3_R4_alpha_0.100000,0.1,760,0.0016602879763675448,True,False
full_R3_R4_alpha_0.100000,0.1,761,0.0015056807791063432,True,False
full_R3_R4_alpha_0.100000,0.1,762,0.0013278848624154545,True,False
full_R3_R4_alpha_0.100000,0.1,763,0.001477452672765346,True,False
full_R3_R4_alpha_0.100000,0.1,764,0.0010512227959259552,True,False
full_R3_R4_alpha_0.100000,0.1,765,0.001658865671055593,True,False
full_R3_R4_alpha_0.100000,0.1,766,0.0018651442533419505,True,False
full_R3_R4_alpha_0.100000,0.1,767,0.0020422190547643524,True,False
full_R3_R4_alpha_0.100000,0.1,768,0.0009363105319344939,True,False
full_R3_R4_alpha_0.100000,0.1,769,0.0014080823985620021,True,False
full_R3_R4_alpha_0.100000,0.1,770,0.0014655143138462723,True,False
full_R3_R4_alpha_0.100000,0.1,771,0.0020673247489922113,True,False
full_R3_R4_alpha_0.100000,0.1,772,0.0013881022872663808,True,False
full_R3_R4_alpha_0.100000,0.1,773,0.0011611231202778229,True,False
full_R3_R4_alpha_0.100000,0.1,774,0.001138587313354517,True,False
full_R3_R4_alpha_0.100000,0.1,775,0.001696818024886737,True,False
full_R3_R4_alpha_0.100000,0.1,776,0.0014177851691750938,True,False
full_R3_R4_alpha_0.100000,0.1,777,0.001490334111866902,True,False
full_R3_R4_alpha_0.100000,0.1,778,0.0013310406973031832,True,False
full_R3_R4_alpha_0.100000,0.1,779,0.0015056118042639525,True,False
full_R3_R4_alpha_0.100000,0.1,780,0.0017647953558843452,True,False
full_R3_R4_alpha_0.100000,0.1,781,0.0014217345164428189,True,False
full_R3_R4_alpha_0.100000,0.1,782,0.001823444338550798,True,False
full_R3_R4_alpha_0.100000,0.1,783,0.0014305317534287416,True,False
full_R3_R4_alpha_0.100000,0.1,784,0.0023247674211696917,True,False
full_R3_R4_alpha_0.100000,0.1,785,0.0011830859673329051,True,False
full_R3_R4_alpha_0.100000,0.1,786,0.001918474767403549,True,False
full_R3_R4_alpha_0.100000,0.1,787,0.0012698587600403681,True,False
full_R3_R4_alpha_0.100000,0.1,788,0.0017095536168515325,True,False
full_R3_R4_alpha_0.100000,0.1,789,0.0016510240296819141,True,False
full_R3_R4_alpha_0.100000,0.1,790,0.0012251650871416687,True,False
full_R3_R4_alpha_0.100000,0.1,791,0.0020930790588067814,True,False
full_R3_R4_alpha_0.100000,0.1,792,0.0014962881364424755,True,False
full_R3_R4_alpha_0.100000,0.1,793,0.0011386878279735211,True,False
full_R3_R4_alpha_0.100000,0.1,794,0.001243506678108534,True,False
full_R3_R4_alpha_0.100000,0.1,795,0.001100528509305539,True,False
full_R3_R4_alpha_0.100000,0.1,796,0.001330210153772354,True,False
full_R3_R4_alpha_0.100000,0.1,797,0.0010822743368060263,True,False
full_R3_R4_alpha_0.100000,0.1,798,0.002131847700415087,True,False
full_R3_R4_alpha_0.100000,0.1,799,0.0011629965130696856,True,False
full_R3_R4_alpha_0.100000,0.1,800,0.0015661250411541066,True,False
full_R3_R4_alpha_0.100000,0.1,801,0.002304019092978488,True,False
full_R3_R4_alpha_0.100000,0.1,802,0.0011132577801395546,True,False
full_R3_R4_alpha_0.100000,0.1,803,0.0017103667347296053,True,False
full_R3_R4_alpha_0.100000,0.1,804,0.0016253036881349917,True,False
full_R3_R4_alpha_0.100000,0.1,805,0.0011959843216715594,True,False
full_R3_R4_alpha_0.100000,0.1,806,0.001383970779938732,True,False
full_R3_R4_alpha_0.100000,0.1,807,0.0016932165141007732,True,False
full_R3_R4_alpha_0.100000,0.1,808,0.0014515118158440919,True,False
full_R3_R4_alpha_0.100000,0.1,809,0.0014580131740736448,True,False
full_R3_R4_alpha_0.100000,0.1,810,0.0009559293228234021,True,False
full_R3_R4_alpha_0.100000,0.1,811,0.0014627023102609365,True,False
full_R3_R4_alpha_0.100000,0.1,812,0.0017845046504212938,True,False
full_R3_R4_alpha_0.100000,0.1,813,0.0016257484569572108,True,False
full_R3_R4_alpha_0.100000,0.1,814,0.0012777961522985543,True,False
full_R3_R4_alpha_0.100000,0.1,815,0.0012081723967430733,True,False
full_R3_R4_alpha_0.100000,0.1,816,0.001443606342090733,True,False
full_R3_R4_alpha_0.100000,0.1,817,0.0011057894402881298,True,False
full_R3_R4_alpha_0.100000,0.1,818,0.0011181534148887223,True,False
full_R3_R4_alpha_0.100000,0.1,819,0.001508030433726503,True,False
full_R3_R4_alpha_0.100000,0.1,820,0.0016296786059715363,True,False
full_R3_R4_alpha_0.100000,0.1,821,0.0013186421283328366,True,False
full_R3_R4_alpha_0.100000,0.1,822,0.002189349449075495,True,False
full_R3_R4_alpha_0.100000,0.1,823,0.0018801303675441646,True,False
full_R3_R4_alpha_0.100000,0.1,824,0.0019893223561110395,True,False
full_R3_R4_alpha_0.100000,0.1,825,0.0014761054811161267,True,False
full_R3_R4_alpha_0.100000,0.1,826,0.0009254583597310087,True,False
full_R3_R4_alpha_0.100000,0.1,827,0.0012953053554563589,True,False
full_R3_R4_alpha_0.100000,0.1,828,0.0014646941496436097,True,False
full_R3_R4_alpha_0.100000,0.1,829,0.0013637420388944118,True,False
full_R3_R4_alpha_0.100000,0.1,830,0.0012683504632114257,True,False
full_R3_R4_alpha_0.100000,0.1,831,0.0017682234417775533,True,False
full_R3_R4_alpha_0.100000,0.1,832,0.0017615711096558107,True,False
full_R3_R4_alpha_0.100000,0.1,833,0.0022694495582718695,True,False
full_R3_R4_alpha_0.100000,0.1,834,0.001651826103360532,True,False
full_R3_R4_alpha_0.100000,0.1,835,0.0017145662069011137,True,False
full_R3_R4_alpha_0.100000,0.1,836,0.0017325803587582556,True,False
full_R3_R4_alpha_0.100000,0.1,837,0.0019737918534488124,True,False
full_R3_R4_alpha_0.100000,0.1,838,0.0010359242625310391,True,False
full_R3_R4_alpha_0.100000,0.1,839,0.0011073148074707939,True,False
full_R3_R4_alpha_0.100000,0.1,840,0.0015287658698471065,True,False
full_R3_R4_alpha_0.100000,0.1,841,0.001173373095317314,True,False
full_R3_R4_alpha_0.100000,0.1,842,0.0018826960498907802,True,False
full_R3_R4_alpha_0.100000,0.1,843,0.0013650583218002292,True,False
full_R3_R4_alpha_0.100000,0.1,844,0.0013509742400634327,True,False
full_R3_R4_alpha_0.100000,0.1,845,0.0017325245330151635,True,False
full_R3_R4_alpha_0.100000,0.1,846,0.0012353125196927842,True,False
full_R3_R4_alpha_0.100000,0.1,847,0.0012273303155766091,True,False
full_R3_R4_alpha_0.100000,0.1,848,0.0015510038627967488,True,False
full_R3_R4_alpha_0.100000,0.1,849,0.0020647502055574744,True,False
full_R3_R4_alpha_0.100000,0.1,850,0.0011445220668745302,True,False
full_R3_R4_alpha_0.100000,0.1,851,0.001428705545117183,True,False
full_R3_R4_alpha_0.100000,0.1,852,0.0010759288892565483,True,False
full_R3_R4_alpha_0.100000,0.1,853,0.0018804608922481799,True,False
full_R3_R4_alpha_0.100000,0.1,854,0.0020120335672206753,True,False
full_R3_R4_alpha_0.100000,0.1,855,0.001172395164918803,True,False
full_R3_R4_alpha_0.100000,0.1,856,0.001666112431806929,True,False
full_R3_R4_alpha_0.100000,0.1,857,0.001202677488820172,True,False
full_R3_R4_alpha_0.100000,0.1,858,0.0017612281665920202,True,False
full_R3_R4_alpha_0.100000,0.1,859,0.0010598445744173738,True,False
full_R3_R4_alpha_0.100000,0.1,860,0.0022490605770542297,True,False
full_R3_R4_alpha_0.100000,0.1,861,0.0024888165595291192,True,False
full_R3_R4_alpha_0.100000,0.1,862,0.0011457420691064482,True,False
full_R3_R4_alpha_0.100000,0.1,863,0.0013910778166113635,True,False
full_R3_R4_alpha_0.100000,0.1,864,0.001991556257920649,True,False
full_R3_R4_alpha_0.100000,0.1,865,0.0014634275229765037,True,False
full_R3_R4_alpha_0.100000,0.1,866,0.0013330780013238559,True,False
full_R3_R4_alpha_0.100000,0.1,867,0.001841720176708498,True,False
full_R3_R4_alpha_0.100000,0.1,868,0.0010772665519061789,True,False
full_R3_R4_alpha_0.100000,0.1,869,0.0007390871542793267,True,False
full_R3_R4_alpha_0.100000,0.1,870,0.0011871340705081482,True,False
full_R3_R4_alpha_0.100000,0.1,871,0.0016391048392960404,True,False
full_R3_R4_alpha_0.100000,0.1,872,0.0011692760589337443,True,False
full_R3_R4_alpha_0.100000,0.1,873,0.0017157501070342975,True,False
full_R3_R4_alpha_0.100000,0.1,874,0.001555432744491414,True,False
full_R3_R4_alpha_0.100000,0.1,875,0.0015861361695108478,True,False
full_R3_R4_alpha_0.100000,0.1,876,0.001517054029109924,True,False
full_R3_R4_alpha_0.100000,0.1,877,0.0013412097614874097,True,False
full_R3_R4_alpha_0.100000,0.1,878,0.0013763435119647906,True,False
full_R3_R4_alpha_0.100000,0.1,879,0.001412756643643205,True,False
full_R3_R4_alpha_0.100000,0.1,880,0.0011010714407969989,True,False
full_R3_R4_alpha_0.100000,0.1,881,0.0010623863531750168,True,False
full_R3_R4_alpha_0.100000,0.1,882,0.0017554374093610935,True,False
full_R3_R4_alpha_0.100000,0.1,883,0.0014529731402042425,True,False
full_R3_R4_alpha_0.100000,0.1,884,0.0012171469704296018,True,False
full_R3_R4_alpha_0.100000,0.1,885,0.0013331987622446208,True,False
full_R3_R4_alpha_0.100000,0.1,886,0.0017299302041171338,True,False
full_R3_R4_alpha_0.100000,0.1,887,0.0013420483250918141,True,False
full_R3_R4_alpha_0.100000,0.1,888,0.0011467933251558037,True,False
full_R3_R4_alpha_0.100000,0.1,889,0.0011996055354935584,True,False
full_R3_R4_alpha_0.100000,0.1,890,0.0010335588553844863,True,False
full_R3_R4_alpha_0.100000,0.1,891,0.0012181213342149762,True,False
full_R3_R4_alpha_0.100000,0.1,892,0.002886836755715826,True,False
full_R3_R4_alpha_0.100000,0.1,893,0.001300392806571462,True,False
full_R3_R4_alpha_0.100000,0.1,894,0.00141388372774031,True,False
full_R3_R4_alpha_0.100000,0.1,895,0.001201863940566057,True,False
full_R3_R4_alpha_0.100000,0.1,896,0.002638699072955081,True,False
full_R3_R4_alpha_0.100000,0.1,897,0.0018034534456233852,True,False
full_R3_R4_alpha_0.100000,0.1,898,0.0007995381521814403,True,False
full_R3_R4_alpha_0.100000,0.1,899,0.0020445796940777,True,False
full_R3_R4_alpha_0.100000,0.1,900,0.0025226405282445527,True,False
full_R3_R4_alpha_0.100000,0.1,901,0.001420770886226909,True,False
full_R3_R4_alpha_0.100000,0.1,902,0.0014133938814203486,True,False
full_R3_R4_alpha_0.100000,0.1,903,0.003124839551919875,True,False
full_R3_R4_alpha_0.100000,0.1,904,0.0017834828005176952,True,False
full_R3_R4_alpha_0.100000,0.1,905,0.0016036173620766995,True,False
full_R3_R4_alpha_0.100000,0.1,906,0.001270825039726591,True,False
full_R3_R4_alpha_0.100000,0.1,907,0.0014182127770327026,True,False
full_R3_R4_alpha_0.100000,0.1,908,0.0013171909063512965,True,False
full_R3_R4_alpha_0.100000,0.1,909,0.0013589473814073876,True,False
full_R3_R4_alpha_0.100000,0.1,910,0.0016075113476616905,True,False
full_R3_R4_alpha_0.100000,0.1,911,0.0009685273537824651,True,False
full_R3_R4_alpha_0.100000,0.1,912,0.0012247863776963517,True,False
full_R3_R4_alpha_0.100000,0.1,913,0.0021284944848058533,True,False
full_R3_R4_alpha_0.100000,0.1,914,0.0011164473306063559,True,False
full_R3_R4_alpha_0.100000,0.1,915,0.0013614370703629902,True,False
full_R3_R4_alpha_0.100000,0.1,916,0.0012033167836222858,True,False
full_R3_R4_alpha_0.100000,0.1,917,0.0012742037207832395,True,False
full_R3_R4_alpha_0.100000,0.1,918,0.0015388206227243404,True,False
full_R3_R4_alpha_0.100000,0.1,919,0.0013006804641465524,True,False
full_R3_R4_alpha_0.100000,0.1,920,0.0018396654732531343,True,False
full_R3_R4_alpha_0.100000,0.1,921,0.0011351946108645297,True,False
full_R3_R4_alpha_0.100000,0.1,922,0.00128933844683221,True,False
full_R3_R4_alpha_0.100000,0.1,923,0.001775652906866598,True,False
full_R3_R4_alpha_0.100000,0.1,924,0.0018338255009024951,True,False
full_R3_R4_alpha_0.100000,0.1,925,0.001296372553165974,True,False
full_R3_R4_alpha_0.100000,0.1,926,0.0009560699288520954,True,False
full_R3_R4_alpha_0.100000,0.1,927,0.0020519924367275203,True,False
full_R3_R4_alpha_0.100000,0.1,928,0.00261361774474391,True,False
full_R3_R4_alpha_0.100000,0.1,929,0.001395162418883902,True,False
full_R3_R4_alpha_0.100000,0.1,930,0.0012834914590476195,True,False
full_R3_R4_alpha_0.100000,0.1,931,0.0015218973823519528,True,False
full_R3_R4_alpha_0.100000,0.1,932,0.002054084104630562,True,False
full_R3_R4_alpha_0.100000,0.1,933,0.001929426931800441,True,False
full_R3_R4_alpha_0.100000,0.1,934,0.0012048145305526606,True,False
full_R3_R4_alpha_0.100000,0.1,935,0.00161855127379986,True,False
full_R3_R4_alpha_0.100000,0.1,936,0.0011478365898561665,True,False
full_R3_R4_alpha_0.100000,0.1,937,0.002796515282686824,True,False
full_R3_R4_alpha_0.100000,0.1,938,0.0012404480182463104,True,False
full_R3_R4_alpha_0.100000,0.1,939,0.00204027001839983,True,False
full_R3_R4_alpha_0.100000,0.1,940,0.0025846633501065796,True,False
full_R3_R4_alpha_0.100000,0.1,941,0.0013887555259878954,True,False
full_R3_R4_alpha_0.100000,0.1,942,0.0010960839926973706,True,False
full_R3_R4_alpha_0.100000,0.1,943,0.0009965909704967972,True,False
full_R3_R4_alpha_0.100000,0.1,944,0.0015646732773204346,True,False
full_R3_R4_alpha_0.100000,0.1,945,0.002072421163743558,True,False
full_R3_R4_alpha_0.100000,0.1,946,0.0012685530897114919,True,False
full_R3_R4_alpha_0.100000,0.1,947,0.0009621784420708165,True,False
full_R3_R4_alpha_0.100000,0.1,948,0.0008666690519901834,True,False
full_R3_R4_alpha_0.100000,0.1,949,0.0009701588672501502,True,False
full_R3_R4_alpha_0.100000,0.1,950,0.002609693116790754,True,False
full_R3_R4_alpha_0.100000,0.1,951,0.0008964250189254196,True,False
full_R3_R4_alpha_0.100000,0.1,952,0.0014646713870049017,True,False
full_R3_R4_alpha_0.100000,0.1,953,0.0010757614188175138,True,False
full_R3_R4_alpha_0.100000,0.1,954,0.002010210750373688,True,False
full_R3_R4_alpha_0.100000,0.1,955,0.00191927023419186,True,False
full_R3_R4_alpha_0.100000,0.1,956,0.0019636845584394464,True,False
full_R3_R4_alpha_0.100000,0.1,957,0.0012945358980362151,True,False
full_R3_R4_alpha_0.100000,0.1,958,0.0011514440923482555,True,False
full_R3_R4_alpha_0.100000,0.1,959,0.00236531433662785,True,False
full_R3_R4_alpha_0.100000,0.1,960,0.001643470982080125,True,False
full_R3_R4_alpha_0.100000,0.1,961,0.0011272383620667095,True,False
full_R3_R4_alpha_0.100000,0.1,962,0.0020374360962864507,True,False
full_R3_R4_alpha_0.100000,0.1,963,0.0011241458769493823,True,False
full_R3_R4_alpha_0.100000,0.1,964,0.0023469289053641255,True,False
full_R3_R4_alpha_0.100000,0.1,965,0.0017585735416464376,True,False
full_R3_R4_alpha_0.100000,0.1,966,0.0012187344171445149,True,False
full_R3_R4_alpha_0.100000,0.1,967,0.002238999407675585,True,False
full_R3_R4_alpha_0.100000,0.1,968,0.0011297146031401593,True,False
full_R3_R4_alpha_0.100000,0.1,969,0.0009431180138218869,True,False
full_R3_R4_alpha_0.100000,0.1,970,0.0023853606853491945,True,False
full_R3_R4_alpha_0.100000,0.1,971,0.0023535807666737766,True,False
full_R3_R4_alpha_0.100000,0.1,972,0.0013975154395898207,True,False
full_R3_R4_alpha_0.100000,0.1,973,0.0016541414797186724,True,False
full_R3_R4_alpha_0.100000,0.1,974,0.0017885493811170378,True,False
full_R3_R4_alpha_0.100000,0.1,975,0.0014145413532146251,True,False
full_R3_R4_alpha_0.100000,0.1,976,0.0023289839156801803,True,False
full_R3_R4_alpha_0.100000,0.1,977,0.0012477280845775449,True,False
full_R3_R4_alpha_0.100000,0.1,978,0.001540689212963756,True,False
full_R3_R4_alpha_0.100000,0.1,979,0.002381612165147216,True,False
full_R3_R4_alpha_0.100000,0.1,980,0.0017123875320780573,True,False
full_R3_R4_alpha_0.100000,0.1,981,0.0013049153033974363,True,False
full_R3_R4_alpha_0.100000,0.1,982,0.0012036263060112265,True,False
full_R3_R4_alpha_0.100000,0.1,983,0.001182851002828948,True,False
full_R3_R4_alpha_0.100000,0.1,984,0.001721162279678376,True,False
full_R3_R4_alpha_0.100000,0.1,985,0.0015032458617795024,True,False
full_R3_R4_alpha_0.100000,0.1,986,0.0019366328764774093,True,False
full_R3_R4_alpha_0.100000,0.1,987,0.0014224176531703625,True,False
full_R3_R4_alpha_0.100000,0.1,988,0.0010414816924702677,True,False
full_R3_R4_alpha_0.100000,0.1,989,0.001933625282231687,True,False
full_R3_R4_alpha_0.100000,0.1,990,0.0018287675893079046,True,False
full_R3_R4_alpha_0.100000,0.1,991,0.0016477017925968826,True,False
full_R3_R4_alpha_0.100000,0.1,992,0.002574763419218924,True,False
full_R3_R4_alpha_0.100000,0.1,993,0.0013880878179019598,True,False
full_R3_R4_alpha_0.100000,0.1,994,0.001771774177345622,True,False
full_R3_R4_alpha_0.100000,0.1,995,0.0012284561418833774,True,False
full_R3_R4_alpha_0.100000,0.1,996,0.001132372086193275,True,False
full_R3_R4_alpha_0.100000,0.1,997,0.0009870306280014046,True,False
full_R3_R4_alpha_0.100000,0.1,998,0.001865195283602058,True,False
full_R3_R4_alpha_0.100000,0.1,999,0.0013046987283055593,True,False
full_R3_R4_alpha_0.100000,0.1,1000,0.0013898064555040329,True,False
full_R3_R4_alpha_0.150000,0.15,1,0.0009839399222284692,True,False
full_R3_R4_alpha_0.150000,0.15,2,0.0011422798931894653,True,False
full_R3_R4_alpha_0.150000,0.15,3,0.0019001901820753623,True,False
full_R3_R4_alpha_0.150000,0.15,4,0.001104683762808189,True,False
full_R3_R4_alpha_0.150000,0.15,5,0.0016765626046078893,True,False
full_R3_R4_alpha_0.150000,0.15,6,0.0006584358425321431,True,False
full_R3_R4_alpha_0.150000,0.15,7,0.0013182695999275809,True,False
full_R3_R4_alpha_0.150000,0.15,8,0.0017760954532558373,True,False
full_R3_R4_alpha_0.150000,0.15,9,0.0015251354724560829,True,False
full_R3_R4_alpha_0.150000,0.15,10,0.0011737686541025375,True,False
full_R3_R4_alpha_0.150000,0.15,11,0.0008909648883037102,True,False
full_R3_R4_alpha_0.150000,0.15,12,0.0017025785774933484,True,False
full_R3_R4_alpha_0.150000,0.15,13,0.0011297170266652127,True,False
full_R3_R4_alpha_0.150000,0.15,14,0.00106420673094624,True,False
full_R3_R4_alpha_0.150000,0.15,15,0.0012242849654224193,True,False
full_R3_R4_alpha_0.150000,0.15,16,0.0010309139882956416,True,False
full_R3_R4_alpha_0.150000,0.15,17,0.0010244401770120345,True,False
full_R3_R4_alpha_0.150000,0.15,18,0.0013222430691464146,True,False
full_R3_R4_alpha_0.150000,0.15,19,0.001008125330526111,True,False
full_R3_R4_alpha_0.150000,0.15,20,0.0014626605847909916,True,False
full_R3_R4_alpha_0.150000,0.15,21,0.001459201791044092,True,False
full_R3_R4_alpha_0.150000,0.15,22,0.0010355514477030203,True,False
full_R3_R4_alpha_0.150000,0.15,23,0.0011113825214769076,True,False
full_R3_R4_alpha_0.150000,0.15,24,0.0007106057594066041,True,False
full_R3_R4_alpha_0.150000,0.15,25,0.0009191812575292323,True,False
full_R3_R4_alpha_0.150000,0.15,26,0.0012153997378715328,True,False
full_R3_R4_alpha_0.150000,0.15,27,0.0012472550865678424,True,False
full_R3_R4_alpha_0.150000,0.15,28,0.001568928972645899,True,False
full_R3_R4_alpha_0.150000,0.15,29,0.0014117728252701447,True,False
full_R3_R4_alpha_0.150000,0.15,30,0.0014152965936568781,True,False
full_R3_R4_alpha_0.150000,0.15,31,0.0018810593433481425,True,False
full_R3_R4_alpha_0.150000,0.15,32,0.0010489949784554177,True,False
full_R3_R4_alpha_0.150000,0.15,33,0.0006470326997701068,True,False
full_R3_R4_alpha_0.150000,0.15,34,0.000797114171553008,True,False
full_R3_R4_alpha_0.150000,0.15,35,0.0009764683472252678,True,False
full_R3_R4_alpha_0.150000,0.15,36,0.0011533563286755316,True,False
full_R3_R4_alpha_0.150000,0.15,37,0.0014478845100478462,True,False
full_R3_R4_alpha_0.150000,0.15,38,0.0013507698979890136,True,False
full_R3_R4_alpha_0.150000,0.15,39,0.001077492111640389,True,False
full_R3_R4_alpha_0.150000,0.15,40,0.00184445446026428,True,False
full_R3_R4_alpha_0.150000,0.15,41,0.00115062158839049,True,False
full_R3_R4_alpha_0.150000,0.15,42,0.0008840850638901327,True,False
full_R3_R4_alpha_0.150000,0.15,43,0.0014690196108376275,True,False
full_R3_R4_alpha_0.150000,0.15,44,0.001520666405770804,True,False
full_R3_R4_alpha_0.150000,0.15,45,0.0010383368631203612,True,False
full_R3_R4_alpha_0.150000,0.15,46,0.001376475994805501,True,False
full_R3_R4_alpha_0.150000,0.15,47,0.0020036616966172902,True,False
full_R3_R4_alpha_0.150000,0.15,48,0.0011528994813837122,True,False
full_R3_R4_alpha_0.150000,0.15,49,0.0009407050430286505,True,False
full_R3_R4_alpha_0.150000,0.15,50,0.001585682163564639,True,False
full_R3_R4_alpha_0.150000,0.15,51,0.0013619062862083424,True,False
full_R3_R4_alpha_0.150000,0.15,52,0.0011434989545448103,True,False
full_R3_R4_alpha_0.150000,0.15,53,0.0017935830130890004,True,False
full_R3_R4_alpha_0.150000,0.15,54,0.0008143204729141394,True,False
full_R3_R4_alpha_0.150000,0.15,55,0.0008818603391229461,True,False
full_R3_R4_alpha_0.150000,0.15,56,0.0013811938914470145,True,False
full_R3_R4_alpha_0.150000,0.15,57,0.0015890967441649334,True,False
full_R3_R4_alpha_0.150000,0.15,58,0.0009260328584661447,True,False
full_R3_R4_alpha_0.150000,0.15,59,0.0011610072004632163,True,False
full_R3_R4_alpha_0.150000,0.15,60,0.00124945127081429,True,False
full_R3_R4_alpha_0.150000,0.15,61,0.0008507074325918249,True,False
full_R3_R4_alpha_0.150000,0.15,62,0.0015610871902765374,True,False
full_R3_R4_alpha_0.150000,0.15,63,0.0013771619172268416,True,False
full_R3_R4_alpha_0.150000,0.15,64,0.0012213275260227509,True,False
full_R3_R4_alpha_0.150000,0.15,65,0.0012708456807432138,True,False
full_R3_R4_alpha_0.150000,0.15,66,0.0012903921557237382,True,False
full_R3_R4_alpha_0.150000,0.15,67,0.0021666570122218366,True,False
full_R3_R4_alpha_0.150000,0.15,68,0.0007901770762617742,True,False
full_R3_R4_alpha_0.150000,0.15,69,0.001464887714637548,True,False
full_R3_R4_alpha_0.150000,0.15,70,0.002036993155517605,True,False
full_R3_R4_alpha_0.150000,0.15,71,0.001113189276767667,True,False
full_R3_R4_alpha_0.150000,0.15,72,0.0009148486316189699,True,False
full_R3_R4_alpha_0.150000,0.15,73,0.001175421897415108,True,False
full_R3_R4_alpha_0.150000,0.15,74,0.0010057693818502134,True,False
full_R3_R4_alpha_0.150000,0.15,75,0.0010993664640234471,True,False
full_R3_R4_alpha_0.150000,0.15,76,0.0008147652088217831,True,False
full_R3_R4_alpha_0.150000,0.15,77,0.0013027895486233257,True,False
full_R3_R4_alpha_0.150000,0.15,78,0.0021252996064918634,True,False
full_R3_R4_alpha_0.150000,0.15,79,0.0008450705583688526,True,False
full_R3_R4_alpha_0.150000,0.15,80,0.0017678107182204925,True,False
full_R3_R4_alpha_0.150000,0.15,81,0.001790703818187854,True,False
full_R3_R4_alpha_0.150000,0.15,82,0.001051772729972913,True,False
full_R3_R4_alpha_0.150000,0.15,83,0.0017277721374740266,True,False
full_R3_R4_alpha_0.150000,0.15,84,0.0012288300992082035,True,False
full_R3_R4_alpha_0.150000,0.15,85,0.0013157855264066542,True,False
full_R3_R4_alpha_0.150000,0.15,86,0.0014427590566875475,True,False
full_R3_R4_alpha_0.150000,0.15,87,0.0013105170159558727,True,False
full_R3_R4_alpha_0.150000,0.15,88,0.0007852335152260822,True,False
full_R3_R4_alpha_0.150000,0.15,89,0.0011639295039752716,True,False
full_R3_R4_alpha_0.150000,0.15,90,0.0020763927460137207,True,False
full_R3_R4_alpha_0.150000,0.15,91,0.0015321536779518187,True,False
full_R3_R4_alpha_0.150000,0.15,92,0.0019272233212739372,True,False
full_R3_R4_alpha_0.150000,0.15,93,0.0015783890299693954,True,False
full_R3_R4_alpha_0.150000,0.15,94,0.00170866198784887,True,False
full_R3_R4_alpha_0.150000,0.15,95,0.0009693656129296458,True,False
full_R3_R4_alpha_0.150000,0.15,96,0.0010476951761038272,True,False
full_R3_R4_alpha_0.150000,0.15,97,0.0018149558824127397,True,False
full_R3_R4_alpha_0.150000,0.15,98,0.0010852089830881613,True,False
full_R3_R4_alpha_0.150000,0.15,99,0.0013567373184703833,True,False
full_R3_R4_alpha_0.150000,0.15,100,0.00107882465274134,True,False
full_R3_R4_alpha_0.150000,0.15,101,0.0011568478068752182,True,False
full_R3_R4_alpha_0.150000,0.15,102,0.001523319025600192,True,False
full_R3_R4_alpha_0.150000,0.15,103,0.001470498166087031,True,False
full_R3_R4_alpha_0.150000,0.15,104,0.0010586556920760494,True,False
full_R3_R4_alpha_0.150000,0.15,105,0.0011873744970609342,True,False
full_R3_R4_alpha_0.150000,0.15,106,0.0008964791339921504,True,False
full_R3_R4_alpha_0.150000,0.15,107,0.0016095317023365353,True,False
full_R3_R4_alpha_0.150000,0.15,108,0.0010062954860522427,True,False
full_R3_R4_alpha_0.150000,0.15,109,0.0017228989396023398,True,False
full_R3_R4_alpha_0.150000,0.15,110,0.0008482553519695531,True,False
full_R3_R4_alpha_0.150000,0.15,111,0.0012050406319753899,True,False
full_R3_R4_alpha_0.150000,0.15,112,0.0008521678347520673,True,False
full_R3_R4_alpha_0.150000,0.15,113,0.0015414420771491756,True,False
full_R3_R4_alpha_0.150000,0.15,114,0.0011921419599978385,True,False
full_R3_R4_alpha_0.150000,0.15,115,0.001440329685662676,True,False
full_R3_R4_alpha_0.150000,0.15,116,0.0010263731878496286,True,False
full_R3_R4_alpha_0.150000,0.15,117,0.0012667508781834234,True,False
full_R3_R4_alpha_0.150000,0.15,118,0.0009958302349945566,True,False
full_R3_R4_alpha_0.150000,0.15,119,0.0009471179139163992,True,False
full_R3_R4_alpha_0.150000,0.15,120,0.0010516723199368032,True,False
full_R3_R4_alpha_0.150000,0.15,121,0.0019959286160556276,True,False
full_R3_R4_alpha_0.150000,0.15,122,0.001295615890512799,True,False
full_R3_R4_alpha_0.150000,0.15,123,0.000705005006531621,True,False
full_R3_R4_alpha_0.150000,0.15,124,0.0008560109252906372,True,False
full_R3_R4_alpha_0.150000,0.15,125,0.0005193285848115758,True,False
full_R3_R4_alpha_0.150000,0.15,126,0.0008977913745010471,True,False
full_R3_R4_alpha_0.150000,0.15,127,0.0008538382702030296,True,False
full_R3_R4_alpha_0.150000,0.15,128,0.0010015514549551652,True,False
full_R3_R4_alpha_0.150000,0.15,129,0.0008725581923816792,True,False
full_R3_R4_alpha_0.150000,0.15,130,0.0014269538399728674,True,False
full_R3_R4_alpha_0.150000,0.15,131,0.0010769082624916433,True,False
full_R3_R4_alpha_0.150000,0.15,132,0.0012695378306113293,True,False
full_R3_R4_alpha_0.150000,0.15,133,0.0009750649299979837,True,False
full_R3_R4_alpha_0.150000,0.15,134,0.0018193799079697429,True,False
full_R3_R4_alpha_0.150000,0.15,135,0.0015553001573687482,True,False
full_R3_R4_alpha_0.150000,0.15,136,0.0017625811213773965,True,False
full_R3_R4_alpha_0.150000,0.15,137,0.001717941411672606,True,False
full_R3_R4_alpha_0.150000,0.15,138,0.0010374783381602534,True,False
full_R3_R4_alpha_0.150000,0.15,139,0.0021657402678628666,True,False
full_R3_R4_alpha_0.150000,0.15,140,0.0011258885981911227,True,False
full_R3_R4_alpha_0.150000,0.15,141,0.0007131569233627353,True,False
full_R3_R4_alpha_0.150000,0.15,142,0.000881870444181776,True,False
full_R3_R4_alpha_0.150000,0.15,143,0.0010514833269348106,True,False
full_R3_R4_alpha_0.150000,0.15,144,0.0007236313398287371,True,False
full_R3_R4_alpha_0.150000,0.15,145,0.0011523140330122873,True,False
full_R3_R4_alpha_0.150000,0.15,146,0.0010418846226605777,True,False
full_R3_R4_alpha_0.150000,0.15,147,0.0012590294168507063,True,False
full_R3_R4_alpha_0.150000,0.15,148,0.0013287141969182132,True,False
full_R3_R4_alpha_0.150000,0.15,149,0.0014414460431917604,True,False
full_R3_R4_alpha_0.150000,0.15,150,0.0013974385694934517,True,False
full_R3_R4_alpha_0.150000,0.15,151,0.0014974901402428663,True,False
full_R3_R4_alpha_0.150000,0.15,152,0.0011984607903662756,True,False
full_R3_R4_alpha_0.150000,0.15,153,0.0015911979606987295,True,False
full_R3_R4_alpha_0.150000,0.15,154,0.0019617979636556543,True,False
full_R3_R4_alpha_0.150000,0.15,155,0.0011162689832118972,True,False
full_R3_R4_alpha_0.150000,0.15,156,0.003567712231753126,True,False
full_R3_R4_alpha_0.150000,0.15,157,0.001169813519300309,True,False
full_R3_R4_alpha_0.150000,0.15,158,0.0008824232439161889,True,False
full_R3_R4_alpha_0.150000,0.15,159,0.001417501512499761,True,False
full_R3_R4_alpha_0.150000,0.15,160,0.0018728580545669365,True,False
full_R3_R4_alpha_0.150000,0.15,161,0.0010601297242543784,True,False
full_R3_R4_alpha_0.150000,0.15,162,0.002788125803472793,True,False
full_R3_R4_alpha_0.150000,0.15,163,0.0017210623796578637,True,False
full_R3_R4_alpha_0.150000,0.15,164,0.0014047179104610828,True,False
full_R3_R4_alpha_0.150000,0.15,165,0.0010707360375245003,True,False
full_R3_R4_alpha_0.150000,0.15,166,0.0008490788234978853,True,False
full_R3_R4_alpha_0.150000,0.15,167,0.001197823562907812,True,False
full_R3_R4_alpha_0.150000,0.15,168,0.0020790359073294233,True,False
full_R3_R4_alpha_0.150000,0.15,169,0.00120294549876083,True,False
full_R3_R4_alpha_0.150000,0.15,170,0.0009739192598545834,True,False
full_R3_R4_alpha_0.150000,0.15,171,0.002746827857521678,True,False
full_R3_R4_alpha_0.150000,0.15,172,0.0012353449021212251,True,False
full_R3_R4_alpha_0.150000,0.15,173,0.0012566100661544806,True,False
full_R3_R4_alpha_0.150000,0.15,174,0.0011258338584361517,True,False
full_R3_R4_alpha_0.150000,0.15,175,0.001485484847507003,True,False
full_R3_R4_alpha_0.150000,0.15,176,0.001278893245582139,True,False
full_R3_R4_alpha_0.150000,0.15,177,0.0014668410503657166,True,False
full_R3_R4_alpha_0.150000,0.15,178,0.0008887535801452549,True,False
full_R3_R4_alpha_0.150000,0.15,179,0.0017364991492614353,True,False
full_R3_R4_alpha_0.150000,0.15,180,0.0012371689447664273,True,False
full_R3_R4_alpha_0.150000,0.15,181,0.0016508222525132862,True,False
full_R3_R4_alpha_0.150000,0.15,182,0.0020456925353489865,True,False
full_R3_R4_alpha_0.150000,0.15,183,0.001660826899873331,True,False
full_R3_R4_alpha_0.150000,0.15,184,0.001256067196669761,True,False
full_R3_R4_alpha_0.150000,0.15,185,0.0014461079808247123,True,False
full_R3_R4_alpha_0.150000,0.15,186,0.002031507403922489,True,False
full_R3_R4_alpha_0.150000,0.15,187,0.0010880981023243458,True,False
full_R3_R4_alpha_0.150000,0.15,188,0.001236187593918512,True,False
full_R3_R4_alpha_0.150000,0.15,189,0.0011754813502340914,True,False
full_R3_R4_alpha_0.150000,0.15,190,0.0015352523421609512,True,False
full_R3_R4_alpha_0.150000,0.15,191,0.0009514116785955001,True,False
full_R3_R4_alpha_0.150000,0.15,192,0.0013448243753507287,True,False
full_R3_R4_alpha_0.150000,0.15,193,0.0014641710753836169,True,False
full_R3_R4_alpha_0.150000,0.15,194,0.0013450412904579575,True,False
full_R3_R4_alpha_0.150000,0.15,195,0.0016239126972184606,True,False
full_R3_R4_alpha_0.150000,0.15,196,0.0012137312250044784,True,False
full_R3_R4_alpha_0.150000,0.15,197,0.0016324003625851227,True,False
full_R3_R4_alpha_0.150000,0.15,198,0.0012263068772557838,True,False
full_R3_R4_alpha_0.150000,0.15,199,0.0016757266310455736,True,False
full_R3_R4_alpha_0.150000,0.15,200,0.0008034598395561946,True,False
full_R3_R4_alpha_0.150000,0.15,201,0.001880833661126031,True,False
full_R3_R4_alpha_0.150000,0.15,202,0.0011426376116314683,True,False
full_R3_R4_alpha_0.150000,0.15,203,0.001248626061676173,True,False
full_R3_R4_alpha_0.150000,0.15,204,0.002534840703040693,True,False
full_R3_R4_alpha_0.150000,0.15,205,0.0007708089428522188,True,False
full_R3_R4_alpha_0.150000,0.15,206,0.0012771625843877013,True,False
full_R3_R4_alpha_0.150000,0.15,207,0.001498763173716168,True,False
full_R3_R4_alpha_0.150000,0.15,208,0.0035004062681974536,True,False
full_R3_R4_alpha_0.150000,0.15,209,0.0010735457153089665,True,False
full_R3_R4_alpha_0.150000,0.15,210,0.0009521831726612161,True,False
full_R3_R4_alpha_0.150000,0.15,211,0.00146923857136864,True,False
full_R3_R4_alpha_0.150000,0.15,212,0.0017975478719329343,True,False
full_R3_R4_alpha_0.150000,0.15,213,0.0012369947567717188,True,False
full_R3_R4_alpha_0.150000,0.15,214,0.001974014243750634,True,False
full_R3_R4_alpha_0.150000,0.15,215,0.0013303607176926029,True,False
full_R3_R4_alpha_0.150000,0.15,216,0.0008641192932449018,True,False
full_R3_R4_alpha_0.150000,0.15,217,0.001006293025495828,True,False
full_R3_R4_alpha_0.150000,0.15,218,0.0012221261087664768,True,False
full_R3_R4_alpha_0.150000,0.15,219,0.0009149926903369122,True,False
full_R3_R4_alpha_0.150000,0.15,220,0.001580553623359889,True,False
full_R3_R4_alpha_0.150000,0.15,221,0.0011839278906520562,True,False
full_R3_R4_alpha_0.150000,0.15,222,0.001441091696463567,True,False
full_R3_R4_alpha_0.150000,0.15,223,0.0010381630379873697,True,False
full_R3_R4_alpha_0.150000,0.15,224,0.0013610441898947927,True,False
full_R3_R4_alpha_0.150000,0.15,225,0.0010802880241672981,True,False
full_R3_R4_alpha_0.150000,0.15,226,0.0010625936410002528,True,False
full_R3_R4_alpha_0.150000,0.15,227,0.001399347223556028,True,False
full_R3_R4_alpha_0.150000,0.15,228,0.0009530873326522185,True,False
full_R3_R4_alpha_0.150000,0.15,229,0.002083236882592061,True,False
full_R3_R4_alpha_0.150000,0.15,230,0.0010306668174810776,True,False
full_R3_R4_alpha_0.150000,0.15,231,0.001336170511506584,True,False
full_R3_R4_alpha_0.150000,0.15,232,0.0013019537371299693,True,False
full_R3_R4_alpha_0.150000,0.15,233,0.0008041825481725251,True,False
full_R3_R4_alpha_0.150000,0.15,234,0.001294575959259031,True,False
full_R3_R4_alpha_0.150000,0.15,235,0.001455854125630397,True,False
full_R3_R4_alpha_0.150000,0.15,236,0.0009743342839932119,True,False
full_R3_R4_alpha_0.150000,0.15,237,0.001248001334615427,True,False
full_R3_R4_alpha_0.150000,0.15,238,0.0016524503352043213,True,False
full_R3_R4_alpha_0.150000,0.15,239,0.0009230779114924182,True,False
full_R3_R4_alpha_0.150000,0.15,240,0.0011276270011769877,True,False
full_R3_R4_alpha_0.150000,0.15,241,0.0010071254390976792,True,False
full_R3_R4_alpha_0.150000,0.15,242,0.0018715770983182042,True,False
full_R3_R4_alpha_0.150000,0.15,243,0.001354383574155183,True,False
full_R3_R4_alpha_0.150000,0.15,244,0.002774109509059431,True,False
full_R3_R4_alpha_0.150000,0.15,245,0.0008495959417749117,True,False
full_R3_R4_alpha_0.150000,0.15,246,0.0013718162383663391,True,False
full_R3_R4_alpha_0.150000,0.15,247,0.00168841516737458,True,False
full_R3_R4_alpha_0.150000,0.15,248,0.0008599066089791551,True,False
full_R3_R4_alpha_0.150000,0.15,249,0.0012965625191939758,True,False
full_R3_R4_alpha_0.150000,0.15,250,0.0010822901252969617,True,False
full_R3_R4_alpha_0.150000,0.15,251,0.0021105613554772288,True,False
full_R3_R4_alpha_0.150000,0.15,252,0.0012069175920149135,True,False
full_R3_R4_alpha_0.150000,0.15,253,0.0013464113703004932,True,False
full_R3_R4_alpha_0.150000,0.15,254,0.0013964004503767345,True,False
full_R3_R4_alpha_0.150000,0.15,255,0.0014352018801964705,True,False
full_R3_R4_alpha_0.150000,0.15,256,0.0016260392706545959,True,False
full_R3_R4_alpha_0.150000,0.15,257,0.0015542666584477769,True,False
full_R3_R4_alpha_0.150000,0.15,258,0.0016630241084267606,True,False
full_R3_R4_alpha_0.150000,0.15,259,0.000928731589718749,True,False
full_R3_R4_alpha_0.150000,0.15,260,0.0020384264812306255,True,False
full_R3_R4_alpha_0.150000,0.15,261,0.0011375480424135938,True,False
full_R3_R4_alpha_0.150000,0.15,262,0.0011689742183812902,True,False
full_R3_R4_alpha_0.150000,0.15,263,0.0014282542891954143,True,False
full_R3_R4_alpha_0.150000,0.15,264,0.0011214586178278974,True,False
full_R3_R4_alpha_0.150000,0.15,265,0.0009881527727075416,True,False
full_R3_R4_alpha_0.150000,0.15,266,0.0016407301377925217,True,False
full_R3_R4_alpha_0.150000,0.15,267,0.001385842136156948,True,False
full_R3_R4_alpha_0.150000,0.15,268,0.0017145181315464397,True,False
full_R3_R4_alpha_0.150000,0.15,269,0.001371480654940946,True,False
full_R3_R4_alpha_0.150000,0.15,270,0.0012451358424866025,True,False
full_R3_R4_alpha_0.150000,0.15,271,0.0014493387261278938,True,False
full_R3_R4_alpha_0.150000,0.15,272,0.001386619721205768,True,False
full_R3_R4_alpha_0.150000,0.15,273,0.0007828874977386347,True,False
full_R3_R4_alpha_0.150000,0.15,274,0.001202080754013547,True,False
full_R3_R4_alpha_0.150000,0.15,275,0.0013738094371861724,True,False
full_R3_R4_alpha_0.150000,0.15,276,0.0014512509475606244,True,False
full_R3_R4_alpha_0.150000,0.15,277,0.0013059858039371102,True,False
full_R3_R4_alpha_0.150000,0.15,278,0.0016628593572973176,True,False
full_R3_R4_alpha_0.150000,0.15,279,0.0010439100218070838,True,False
full_R3_R4_alpha_0.150000,0.15,280,0.0011095680690445158,True,False
full_R3_R4_alpha_0.150000,0.15,281,0.001168022006969972,True,False
full_R3_R4_alpha_0.150000,0.15,282,0.0011457345552208726,True,False
full_R3_R4_alpha_0.150000,0.15,283,0.0016331606773083934,True,False
full_R3_R4_alpha_0.150000,0.15,284,0.0013072671211097281,True,False
full_R3_R4_alpha_0.150000,0.15,285,0.0013298784731422626,True,False
full_R3_R4_alpha_0.150000,0.15,286,0.0011433850340737133,True,False
full_R3_R4_alpha_0.150000,0.15,287,0.0012820279426437868,True,False
full_R3_R4_alpha_0.150000,0.15,288,0.002761027507999684,True,False
full_R3_R4_alpha_0.150000,0.15,289,0.0008645134167190659,True,False
full_R3_R4_alpha_0.150000,0.15,290,0.0007406131702920299,True,False
full_R3_R4_alpha_0.150000,0.15,291,0.0011620465486077494,True,False
full_R3_R4_alpha_0.150000,0.15,292,0.001093601758091453,True,False
full_R3_R4_alpha_0.150000,0.15,293,0.001195270164552949,True,False
full_R3_R4_alpha_0.150000,0.15,294,0.0011493566785955752,True,False
full_R3_R4_alpha_0.150000,0.15,295,0.0007295747080738143,True,False
full_R3_R4_alpha_0.150000,0.15,296,0.0017710514181148536,True,False
full_R3_R4_alpha_0.150000,0.15,297,0.0016041771058891122,True,False
full_R3_R4_alpha_0.150000,0.15,298,0.0017477852824030378,True,False
full_R3_R4_alpha_0.150000,0.15,299,0.0014199874470867543,True,False
full_R3_R4_alpha_0.150000,0.15,300,0.0013196072265038515,True,False
full_R3_R4_alpha_0.150000,0.15,301,0.0013970774291335363,True,False
full_R3_R4_alpha_0.150000,0.15,302,0.0015475671060384735,True,False
full_R3_R4_alpha_0.150000,0.15,303,0.001356017836170031,True,False
full_R3_R4_alpha_0.150000,0.15,304,0.001659569246311078,True,False
full_R3_R4_alpha_0.150000,0.15,305,0.0012394322005488845,True,False
full_R3_R4_alpha_0.150000,0.15,306,0.0011727095632919592,True,False
full_R3_R4_alpha_0.150000,0.15,307,0.0008796340627178704,True,False
full_R3_R4_alpha_0.150000,0.15,308,0.002233421663947091,True,False
full_R3_R4_alpha_0.150000,0.15,309,0.0009834151128054161,True,False
full_R3_R4_alpha_0.150000,0.15,310,0.0013946542225725565,True,False
full_R3_R4_alpha_0.150000,0.15,311,0.0014007742090512067,True,False
full_R3_R4_alpha_0.150000,0.15,312,0.0012971395684106867,True,False
full_R3_R4_alpha_0.150000,0.15,313,0.0011510861750856894,True,False
full_R3_R4_alpha_0.150000,0.15,314,0.001330426787235927,True,False
full_R3_R4_alpha_0.150000,0.15,315,0.0014769529204282077,True,False
full_R3_R4_alpha_0.150000,0.15,316,0.001342224276926022,True,False
full_R3_R4_alpha_0.150000,0.15,317,0.0009554822032086345,True,False
full_R3_R4_alpha_0.150000,0.15,318,0.0010446308689651257,True,False
full_R3_R4_alpha_0.150000,0.15,319,0.0010503327689979213,True,False
full_R3_R4_alpha_0.150000,0.15,320,0.001104524066572993,True,False
full_R3_R4_alpha_0.150000,0.15,321,0.0015739237573941887,True,False
full_R3_R4_alpha_0.150000,0.15,322,0.0010871612177560449,True,False
full_R3_R4_alpha_0.150000,0.15,323,0.0011897631729362868,True,False
full_R3_R4_alpha_0.150000,0.15,324,0.002048616692686262,True,False
full_R3_R4_alpha_0.150000,0.15,325,0.0005550848345571845,True,False
full_R3_R4_alpha_0.150000,0.15,326,0.0008881310850008482,True,False
full_R3_R4_alpha_0.150000,0.15,327,0.0014889178598625516,True,False
full_R3_R4_alpha_0.150000,0.15,328,0.0015395545633285904,True,False
full_R3_R4_alpha_0.150000,0.15,329,0.0012658432577565234,True,False
full_R3_R4_alpha_0.150000,0.15,330,0.0010784011815818035,True,False
full_R3_R4_alpha_0.150000,0.15,331,0.001254368115075908,True,False
full_R3_R4_alpha_0.150000,0.15,332,0.0019774933085690114,True,False
full_R3_R4_alpha_0.150000,0.15,333,0.0011972318812888151,True,False
full_R3_R4_alpha_0.150000,0.15,334,0.0016842321400281576,True,False
full_R3_R4_alpha_0.150000,0.15,335,0.0017105296329946295,True,False
full_R3_R4_alpha_0.150000,0.15,336,0.0012409395185128185,True,False
full_R3_R4_alpha_0.150000,0.15,337,0.0015794768587676083,True,False
full_R3_R4_alpha_0.150000,0.15,338,0.001374687446990079,True,False
full_R3_R4_alpha_0.150000,0.15,339,0.0012881177793386872,True,False
full_R3_R4_alpha_0.150000,0.15,340,0.0017253932423326632,True,False
full_R3_R4_alpha_0.150000,0.15,341,0.0008366515683122371,True,False
full_R3_R4_alpha_0.150000,0.15,342,0.0014141894697079639,True,False
full_R3_R4_alpha_0.150000,0.15,343,0.001323040030098904,True,False
full_R3_R4_alpha_0.150000,0.15,344,0.0013054120036714973,True,False
full_R3_R4_alpha_0.150000,0.15,345,0.0015149475715038024,True,False
full_R3_R4_alpha_0.150000,0.15,346,0.0011965849503878423,True,False
full_R3_R4_alpha_0.150000,0.15,347,0.001775344144140405,True,False
full_R3_R4_alpha_0.150000,0.15,348,0.0010683623076278698,True,False
full_R3_R4_alpha_0.150000,0.15,349,0.0009852575060317651,True,False
full_R3_R4_alpha_0.150000,0.15,350,0.0012632626808029206,True,False
full_R3_R4_alpha_0.150000,0.15,351,0.0010260274269218543,True,False
full_R3_R4_alpha_0.150000,0.15,352,0.0016113090296323883,True,False
full_R3_R4_alpha_0.150000,0.15,353,0.0020850661635772477,True,False
full_R3_R4_alpha_0.150000,0.15,354,0.0015682989525399949,True,False
full_R3_R4_alpha_0.150000,0.15,355,0.0010671933275761402,True,False
full_R3_R4_alpha_0.150000,0.15,356,0.0009277626745528544,True,False
full_R3_R4_alpha_0.150000,0.15,357,0.0009097749576710906,True,False
full_R3_R4_alpha_0.150000,0.15,358,0.0015439234447338366,True,False
full_R3_R4_alpha_0.150000,0.15,359,0.0007623086241988279,True,False
full_R3_R4_alpha_0.150000,0.15,360,0.0006793602563385826,True,False
full_R3_R4_alpha_0.150000,0.15,361,0.001244070524981903,True,False
full_R3_R4_alpha_0.150000,0.15,362,0.0014261591435441184,True,False
full_R3_R4_alpha_0.150000,0.15,363,0.0011405838383257757,True,False
full_R3_R4_alpha_0.150000,0.15,364,0.0010735673378566293,True,False
full_R3_R4_alpha_0.150000,0.15,365,0.0008069329495246509,True,False
full_R3_R4_alpha_0.150000,0.15,366,0.0010814265971430027,True,False
full_R3_R4_alpha_0.150000,0.15,367,0.0012389063253703827,True,False
full_R3_R4_alpha_0.150000,0.15,368,0.0010258522853210785,True,False
full_R3_R4_alpha_0.150000,0.15,369,0.0008082369890981174,True,False
full_R3_R4_alpha_0.150000,0.15,370,0.0011728879650733596,True,False
full_R3_R4_alpha_0.150000,0.15,371,0.00119742361262294,True,False
full_R3_R4_alpha_0.150000,0.15,372,0.001273157341542826,True,False
full_R3_R4_alpha_0.150000,0.15,373,0.0010203737865482965,True,False
full_R3_R4_alpha_0.150000,0.15,374,0.0009534936786697829,True,False
full_R3_R4_alpha_0.150000,0.15,375,0.0010599652026754582,True,False
full_R3_R4_alpha_0.150000,0.15,376,0.0009941123661089241,True,False
full_R3_R4_alpha_0.150000,0.15,377,0.0011783045250066708,True,False
full_R3_R4_alpha_0.150000,0.15,378,0.0008390281659518284,True,False
full_R3_R4_alpha_0.150000,0.15,379,0.0012663109806949656,True,False
full_R3_R4_alpha_0.150000,0.15,380,0.001219867834160475,True,False
full_R3_R4_alpha_0.150000,0.15,381,0.0019022153954753476,True,False
full_R3_R4_alpha_0.150000,0.15,382,0.0010513031705178344,True,False
full_R3_R4_alpha_0.150000,0.15,383,0.0007352064152448573,True,False
full_R3_R4_alpha_0.150000,0.15,384,0.0012846316806450547,True,False
full_R3_R4_alpha_0.150000,0.15,385,0.0012956707163502704,True,False
full_R3_R4_alpha_0.150000,0.15,386,0.001129206875746017,True,False
full_R3_R4_alpha_0.150000,0.15,387,0.001791712495091207,True,False
full_R3_R4_alpha_0.150000,0.15,388,0.0010259662100269226,True,False
full_R3_R4_alpha_0.150000,0.15,389,0.0012473405911628968,True,False
full_R3_R4_alpha_0.150000,0.15,390,0.0010601736935749125,True,False
full_R3_R4_alpha_0.150000,0.15,391,0.00229698895651545,True,False
full_R3_R4_alpha_0.150000,0.15,392,0.0008956170847098624,True,False
full_R3_R4_alpha_0.150000,0.15,393,0.0011940158129618102,True,False
full_R3_R4_alpha_0.150000,0.15,394,0.00117037630918917,True,False
full_R3_R4_alpha_0.150000,0.15,395,0.0007418921746816531,True,False
full_R3_R4_alpha_0.150000,0.15,396,0.0017093592061948853,True,False
full_R3_R4_alpha_0.150000,0.15,397,0.0015126603025523524,True,False
full_R3_R4_alpha_0.150000,0.15,398,0.00192446135584871,True,False
full_R3_R4_alpha_0.150000,0.15,399,0.0009318551058543511,True,False
full_R3_R4_alpha_0.150000,0.15,400,0.0025941823330790743,True,False
full_R3_R4_alpha_0.150000,0.15,401,0.0010873761622557639,True,False
full_R3_R4_alpha_0.150000,0.15,402,0.00122004205807197,True,False
full_R3_R4_alpha_0.150000,0.15,403,0.0011058875180021792,True,False
full_R3_R4_alpha_0.150000,0.15,404,0.0019601011073675377,True,False
full_R3_R4_alpha_0.150000,0.15,405,0.0011201721909739812,True,False
full_R3_R4_alpha_0.150000,0.15,406,0.0015153015069852833,True,False
full_R3_R4_alpha_0.150000,0.15,407,0.0013537720719929978,True,False
full_R3_R4_alpha_0.150000,0.15,408,0.001837028478411051,True,False
full_R3_R4_alpha_0.150000,0.15,409,0.0013877707064598199,True,False
full_R3_R4_alpha_0.150000,0.15,410,0.0017057899696387253,True,False
full_R3_R4_alpha_0.150000,0.15,411,0.001313425645516899,True,False
full_R3_R4_alpha_0.150000,0.15,412,0.000953291060339706,True,False
full_R3_R4_alpha_0.150000,0.15,413,0.0008210057059340091,True,False
full_R3_R4_alpha_0.150000,0.15,414,0.0011141466725802884,True,False
full_R3_R4_alpha_0.150000,0.15,415,0.0013494746639377707,True,False
full_R3_R4_alpha_0.150000,0.15,416,0.0012450897665349724,True,False
full_R3_R4_alpha_0.150000,0.15,417,0.001136192318607165,True,False
full_R3_R4_alpha_0.150000,0.15,418,0.0007184145806782554,True,False
full_R3_R4_alpha_0.150000,0.15,419,0.0010093663137955608,True,False
full_R3_R4_alpha_0.150000,0.15,420,0.0016913856597531667,True,False
full_R3_R4_alpha_0.150000,0.15,421,0.0014180089187737649,True,False
full_R3_R4_alpha_0.150000,0.15,422,0.0011741129558324218,True,False
full_R3_R4_alpha_0.150000,0.15,423,0.0013284809658526172,True,False
full_R3_R4_alpha_0.150000,0.15,424,0.0014503079792416557,True,False
full_R3_R4_alpha_0.150000,0.15,425,0.0015209607427884924,True,False
full_R3_R4_alpha_0.150000,0.15,426,0.0012426926618400137,True,False
full_R3_R4_alpha_0.150000,0.15,427,0.0011431407965277732,True,False
full_R3_R4_alpha_0.150000,0.15,428,0.0010297931373808818,True,False
full_R3_R4_alpha_0.150000,0.15,429,0.0016175125738651088,True,False
full_R3_R4_alpha_0.150000,0.15,430,0.0015385750189779212,True,False
full_R3_R4_alpha_0.150000,0.15,431,0.0010340122246526346,True,False
full_R3_R4_alpha_0.150000,0.15,432,0.0011270373982961493,True,False
full_R3_R4_alpha_0.150000,0.15,433,0.0017792021839172125,True,False
full_R3_R4_alpha_0.150000,0.15,434,0.0015561596104341857,True,False
full_R3_R4_alpha_0.150000,0.15,435,0.0014988060724144725,True,False
full_R3_R4_alpha_0.150000,0.15,436,0.0014026135224644604,True,False
full_R3_R4_alpha_0.150000,0.15,437,0.0009907638212869963,True,False
full_R3_R4_alpha_0.150000,0.15,438,0.001052728995331419,True,False
full_R3_R4_alpha_0.150000,0.15,439,0.0011837610822762984,True,False
full_R3_R4_alpha_0.150000,0.15,440,0.0014661596087427856,True,False
full_R3_R4_alpha_0.150000,0.15,441,0.0015391948941682234,True,False
full_R3_R4_alpha_0.150000,0.15,442,0.0022324802694876733,True,False
full_R3_R4_alpha_0.150000,0.15,443,0.0014637384436313435,True,False
full_R3_R4_alpha_0.150000,0.15,444,0.0011147922084493432,True,False
full_R3_R4_alpha_0.150000,0.15,445,0.0011011501088542014,True,False
full_R3_R4_alpha_0.150000,0.15,446,0.0015495105977367367,True,False
full_R3_R4_alpha_0.150000,0.15,447,0.0015539648158611622,True,False
full_R3_R4_alpha_0.150000,0.15,448,0.0015653034031736645,True,False
full_R3_R4_alpha_0.150000,0.15,449,0.0019013988507555508,True,False
full_R3_R4_alpha_0.150000,0.15,450,0.001143783183960519,True,False
full_R3_R4_alpha_0.150000,0.15,451,0.0010625390274949667,True,False
full_R3_R4_alpha_0.150000,0.15,452,0.0018538875991490243,True,False
full_R3_R4_alpha_0.150000,0.15,453,0.0018598102698228157,True,False
full_R3_R4_alpha_0.150000,0.15,454,0.0015704330030118611,True,False
full_R3_R4_alpha_0.150000,0.15,455,0.0013079598780053876,True,False
full_R3_R4_alpha_0.150000,0.15,456,0.001041838721153463,True,False
full_R3_R4_alpha_0.150000,0.15,457,0.0009015026504814371,True,False
full_R3_R4_alpha_0.150000,0.15,458,0.0007127783548220056,True,False
full_R3_R4_alpha_0.150000,0.15,459,0.00198842023907276,True,False
full_R3_R4_alpha_0.150000,0.15,460,0.0010970540070573784,True,False
full_R3_R4_alpha_0.150000,0.15,461,0.0009350435314907512,True,False
full_R3_R4_alpha_0.150000,0.15,462,0.0008708073178475115,True,False
full_R3_R4_alpha_0.150000,0.15,463,0.0017558289058131945,True,False
full_R3_R4_alpha_0.150000,0.15,464,0.0012397764553777365,True,False
full_R3_R4_alpha_0.150000,0.15,465,0.000942690220182877,True,False
full_R3_R4_alpha_0.150000,0.15,466,0.0011588584442695836,True,False
full_R3_R4_alpha_0.150000,0.15,467,0.0012571681491119315,True,False
full_R3_R4_alpha_0.150000,0.15,468,0.0013043025376635706,True,False
full_R3_R4_alpha_0.150000,0.15,469,0.001221870051835008,True,False
full_R3_R4_alpha_0.150000,0.15,470,0.0009653648728889402,True,False
full_R3_R4_alpha_0.150000,0.15,471,0.0020787016303693813,True,False
full_R3_R4_alpha_0.150000,0.15,472,0.0014716673326657897,True,False
full_R3_R4_alpha_0.150000,0.15,473,0.001450449990137138,True,False
full_R3_R4_alpha_0.150000,0.15,474,0.0018944369421953604,True,False
full_R3_R4_alpha_0.150000,0.15,475,0.0009243062241716838,True,False
full_R3_R4_alpha_0.150000,0.15,476,0.0011261885168833035,True,False
full_R3_R4_alpha_0.150000,0.15,477,0.002461154769812744,True,False
full_R3_R4_alpha_0.150000,0.15,478,0.001288091624242605,True,False
full_R3_R4_alpha_0.150000,0.15,479,0.0010250753500938227,True,False
full_R3_R4_alpha_0.150000,0.15,480,0.0008777847497968556,True,False
full_R3_R4_alpha_0.150000,0.15,481,0.0008267620996363525,True,False
full_R3_R4_alpha_0.150000,0.15,482,0.00214105109443388,True,False
full_R3_R4_alpha_0.150000,0.15,483,0.0014932848534156163,True,False
full_R3_R4_alpha_0.150000,0.15,484,0.0014706530779651096,True,False
full_R3_R4_alpha_0.150000,0.15,485,0.0009338773064543133,True,False
full_R3_R4_alpha_0.150000,0.15,486,0.0010413011523420354,True,False
full_R3_R4_alpha_0.150000,0.15,487,0.0013852002438718633,True,False
full_R3_R4_alpha_0.150000,0.15,488,0.000995584896893881,True,False
full_R3_R4_alpha_0.150000,0.15,489,0.0011775712452984331,True,False
full_R3_R4_alpha_0.150000,0.15,490,0.0010609277711457936,True,False
full_R3_R4_alpha_0.150000,0.15,491,0.0008697984973635,True,False
full_R3_R4_alpha_0.150000,0.15,492,0.0018323772460320555,True,False
full_R3_R4_alpha_0.150000,0.15,493,0.0012529097289249982,True,False
full_R3_R4_alpha_0.150000,0.15,494,0.0015176701985715178,True,False
full_R3_R4_alpha_0.150000,0.15,495,0.0008256701452760008,True,False
full_R3_R4_alpha_0.150000,0.15,496,0.0021713472161091632,True,False
full_R3_R4_alpha_0.150000,0.15,497,0.0028158648280147466,True,False
full_R3_R4_alpha_0.150000,0.15,498,0.001260802854854948,True,False
full_R3_R4_alpha_0.150000,0.15,499,0.001443862646119917,True,False
full_R3_R4_alpha_0.150000,0.15,500,0.0011776068751266214,True,False
full_R3_R4_alpha_0.150000,0.15,501,0.0018552091323902978,True,False
full_R3_R4_alpha_0.150000,0.15,502,0.0008734330017666448,True,False
full_R3_R4_alpha_0.150000,0.15,503,0.0009440025875230334,True,False
full_R3_R4_alpha_0.150000,0.15,504,0.0011292616820404078,True,False
full_R3_R4_alpha_0.150000,0.15,505,0.0008675027330852215,True,False
full_R3_R4_alpha_0.150000,0.15,506,0.0010930766723541068,True,False
full_R3_R4_alpha_0.150000,0.15,507,0.0014807102168936845,True,False
full_R3_R4_alpha_0.150000,0.15,508,0.0012721346845525126,True,False
full_R3_R4_alpha_0.150000,0.15,509,0.0012304325899539497,True,False
full_R3_R4_alpha_0.150000,0.15,510,0.0014455452040925887,True,False
full_R3_R4_alpha_0.150000,0.15,511,0.0011243201118526416,True,False
full_R3_R4_alpha_0.150000,0.15,512,0.0009426960508116944,True,False
full_R3_R4_alpha_0.150000,0.15,513,0.00184629341674809,True,False
full_R3_R4_alpha_0.150000,0.15,514,0.0010874133541778994,True,False
full_R3_R4_alpha_0.150000,0.15,515,0.0014839279440608706,True,False
full_R3_R4_alpha_0.150000,0.15,516,0.0014000964029224673,True,False
full_R3_R4_alpha_0.150000,0.15,517,0.0011047243105982432,True,False
full_R3_R4_alpha_0.150000,0.15,518,0.0013033951163112123,True,False
full_R3_R4_alpha_0.150000,0.15,519,0.0014039340818171081,True,False
full_R3_R4_alpha_0.150000,0.15,520,0.0016352254364440063,True,False
full_R3_R4_alpha_0.150000,0.15,521,0.0010143605244329,True,False
full_R3_R4_alpha_0.150000,0.15,522,0.0009456429896851898,True,False
full_R3_R4_alpha_0.150000,0.15,523,0.00090199505053897,True,False
full_R3_R4_alpha_0.150000,0.15,524,0.000614702512387107,True,False
full_R3_R4_alpha_0.150000,0.15,525,0.0009595818813768091,True,False
full_R3_R4_alpha_0.150000,0.15,526,0.0009678457965986038,True,False
full_R3_R4_alpha_0.150000,0.15,527,0.0012093117150673413,True,False
full_R3_R4_alpha_0.150000,0.15,528,0.0009354718897811781,True,False
full_R3_R4_alpha_0.150000,0.15,529,0.0014026448124150603,True,False
full_R3_R4_alpha_0.150000,0.15,530,0.0011611653770691292,True,False
full_R3_R4_alpha_0.150000,0.15,531,0.00090838783900146,True,False
full_R3_R4_alpha_0.150000,0.15,532,0.0011909587969413564,True,False
full_R3_R4_alpha_0.150000,0.15,533,0.0016515065376415136,True,False
full_R3_R4_alpha_0.150000,0.15,534,0.0011730377404918556,True,False
full_R3_R4_alpha_0.150000,0.15,535,0.0014113674566855982,True,False
full_R3_R4_alpha_0.150000,0.15,536,0.0016232874671939627,True,False
full_R3_R4_alpha_0.150000,0.15,537,0.0008300436863691356,True,False
full_R3_R4_alpha_0.150000,0.15,538,0.0012997583892759713,True,False
full_R3_R4_alpha_0.150000,0.15,539,0.0014952872760609103,True,False
full_R3_R4_alpha_0.150000,0.15,540,0.0012407970397904445,True,False
full_R3_R4_alpha_0.150000,0.15,541,0.0006196512357197093,True,False
full_R3_R4_alpha_0.150000,0.15,542,0.001197205145408552,True,False
full_R3_R4_alpha_0.150000,0.15,543,0.0013841156418827366,True,False
full_R3_R4_alpha_0.150000,0.15,544,0.0013132481544486656,True,False
full_R3_R4_alpha_0.150000,0.15,545,0.0013400853146057956,True,False
full_R3_R4_alpha_0.150000,0.15,546,0.0008525866539482996,True,False
full_R3_R4_alpha_0.150000,0.15,547,0.0016683098826000508,True,False
full_R3_R4_alpha_0.150000,0.15,548,0.0014729501210743658,True,False
full_R3_R4_alpha_0.150000,0.15,549,0.0010244518648483318,True,False
full_R3_R4_alpha_0.150000,0.15,550,0.001547349618539681,True,False
full_R3_R4_alpha_0.150000,0.15,551,0.0009165434439529892,True,False
full_R3_R4_alpha_0.150000,0.15,552,0.0013937434068724862,True,False
full_R3_R4_alpha_0.150000,0.15,553,0.001283483423450263,True,False
full_R3_R4_alpha_0.150000,0.15,554,0.0018374541406896373,True,False
full_R3_R4_alpha_0.150000,0.15,555,0.002246296198275198,True,False
full_R3_R4_alpha_0.150000,0.15,556,0.0005291595613246101,True,False
full_R3_R4_alpha_0.150000,0.15,557,0.0011087168851393685,True,False
full_R3_R4_alpha_0.150000,0.15,558,0.001241841739321423,True,False
full_R3_R4_alpha_0.150000,0.15,559,0.001583439877630669,True,False
full_R3_R4_alpha_0.150000,0.15,560,0.0014728350473996437,True,False
full_R3_R4_alpha_0.150000,0.15,561,0.0009789008729050568,True,False
full_R3_R4_alpha_0.150000,0.15,562,0.0013109377867147778,True,False
full_R3_R4_alpha_0.150000,0.15,563,0.0009547491554370911,True,False
full_R3_R4_alpha_0.150000,0.15,564,0.000978025787398614,True,False
full_R3_R4_alpha_0.150000,0.15,565,0.001500737532199782,True,False
full_R3_R4_alpha_0.150000,0.15,566,0.0009609490964790859,True,False
full_R3_R4_alpha_0.150000,0.15,567,0.0009070161963864261,True,False
full_R3_R4_alpha_0.150000,0.15,568,0.0010415846891161779,True,False
full_R3_R4_alpha_0.150000,0.15,569,0.0009125837676602957,True,False
full_R3_R4_alpha_0.150000,0.15,570,0.0011680398749885899,True,False
full_R3_R4_alpha_0.150000,0.15,571,0.000922693008625782,True,False
full_R3_R4_alpha_0.150000,0.15,572,0.0013912106622695833,True,False
full_R3_R4_alpha_0.150000,0.15,573,0.001604538498678718,True,False
full_R3_R4_alpha_0.150000,0.15,574,0.0009513684129094191,True,False
full_R3_R4_alpha_0.150000,0.15,575,0.001848768005302829,True,False
full_R3_R4_alpha_0.150000,0.15,576,0.0011569209677587842,True,False
full_R3_R4_alpha_0.150000,0.15,577,0.001053793530168436,True,False
full_R3_R4_alpha_0.150000,0.15,578,0.0012182974757092631,True,False
full_R3_R4_alpha_0.150000,0.15,579,0.001205617620347214,True,False
full_R3_R4_alpha_0.150000,0.15,580,0.0015083090852439705,True,False
full_R3_R4_alpha_0.150000,0.15,581,0.0011346140686005596,True,False
full_R3_R4_alpha_0.150000,0.15,582,0.0006485354458227356,True,False
full_R3_R4_alpha_0.150000,0.15,583,0.0011902394937715452,True,False
full_R3_R4_alpha_0.150000,0.15,584,0.0013477161971469733,True,False
full_R3_R4_alpha_0.150000,0.15,585,0.0008413715164071505,True,False
full_R3_R4_alpha_0.150000,0.15,586,0.0015414579115875925,True,False
full_R3_R4_alpha_0.150000,0.15,587,0.0010532622468480564,True,False
full_R3_R4_alpha_0.150000,0.15,588,0.0014692895958901178,True,False
full_R3_R4_alpha_0.150000,0.15,589,0.0014361785201480641,True,False
full_R3_R4_alpha_0.150000,0.15,590,0.0016099598697022794,True,False
full_R3_R4_alpha_0.150000,0.15,591,0.0013452958182991303,True,False
full_R3_R4_alpha_0.150000,0.15,592,0.0012153099652016646,True,False
full_R3_R4_alpha_0.150000,0.15,593,0.0012170177967554144,True,False
full_R3_R4_alpha_0.150000,0.15,594,0.002104623792800637,True,False
full_R3_R4_alpha_0.150000,0.15,595,0.001984959546312951,True,False
full_R3_R4_alpha_0.150000,0.15,596,0.0015711483208177743,True,False
full_R3_R4_alpha_0.150000,0.15,597,0.0009762877706728498,True,False
full_R3_R4_alpha_0.150000,0.15,598,0.001045112420628879,True,False
full_R3_R4_alpha_0.150000,0.15,599,0.0011051834553067684,True,False
full_R3_R4_alpha_0.150000,0.15,600,0.0018115541957610373,True,False
full_R3_R4_alpha_0.150000,0.15,601,0.0012873149332438792,True,False
full_R3_R4_alpha_0.150000,0.15,602,0.0010912840621372045,True,False
full_R3_R4_alpha_0.150000,0.15,603,0.0010275182615538628,True,False
full_R3_R4_alpha_0.150000,0.15,604,0.0019912438248420464,True,False
full_R3_R4_alpha_0.150000,0.15,605,0.0012697810419580783,True,False
full_R3_R4_alpha_0.150000,0.15,606,0.0008278455693335157,True,False
full_R3_R4_alpha_0.150000,0.15,607,0.001158202164442266,True,False
full_R3_R4_alpha_0.150000,0.15,608,0.0010658867289733349,True,False
full_R3_R4_alpha_0.150000,0.15,609,0.0012487585369193252,True,False
full_R3_R4_alpha_0.150000,0.15,610,0.0010121724263654572,True,False
full_R3_R4_alpha_0.150000,0.15,611,0.001137549595220271,True,False
full_R3_R4_alpha_0.150000,0.15,612,0.0016438208365238231,True,False
full_R3_R4_alpha_0.150000,0.15,613,0.002049857585513201,True,False
full_R3_R4_alpha_0.150000,0.15,614,0.00150085262650388,True,False
full_R3_R4_alpha_0.150000,0.15,615,0.001578141903952511,True,False
full_R3_R4_alpha_0.150000,0.15,616,0.0011848775444808907,True,False
full_R3_R4_alpha_0.150000,0.15,617,0.0014343391239203167,True,False
full_R3_R4_alpha_0.150000,0.15,618,0.0007708241395701063,True,False
full_R3_R4_alpha_0.150000,0.15,619,0.002216175267086972,True,False
full_R3_R4_alpha_0.150000,0.15,620,0.0010096050758642307,True,False
full_R3_R4_alpha_0.150000,0.15,621,0.00112183300003564,True,False
full_R3_R4_alpha_0.150000,0.15,622,0.0010948119801614956,True,False
full_R3_R4_alpha_0.150000,0.15,623,0.0012257181378375036,True,False
full_R3_R4_alpha_0.150000,0.15,624,0.0009129889967443057,True,False
full_R3_R4_alpha_0.150000,0.15,625,0.0011504816311078856,True,False
full_R3_R4_alpha_0.150000,0.15,626,0.001544561958332324,True,False
full_R3_R4_alpha_0.150000,0.15,627,0.0014430853742159956,True,False
full_R3_R4_alpha_0.150000,0.15,628,0.0016617100727188655,True,False
full_R3_R4_alpha_0.150000,0.15,629,0.0008918711435090373,True,False
full_R3_R4_alpha_0.150000,0.15,630,0.001677235461472584,True,False
full_R3_R4_alpha_0.150000,0.15,631,0.001006916065289316,True,False
full_R3_R4_alpha_0.150000,0.15,632,0.0013489877650455105,True,False
full_R3_R4_alpha_0.150000,0.15,633,0.0015660396334177392,True,False
full_R3_R4_alpha_0.150000,0.15,634,0.0020439749678260446,True,False
full_R3_R4_alpha_0.150000,0.15,635,0.0012033958687074965,True,False
full_R3_R4_alpha_0.150000,0.15,636,0.0017636281554135704,True,False
full_R3_R4_alpha_0.150000,0.15,637,0.00105454003095763,True,False
full_R3_R4_alpha_0.150000,0.15,638,0.0010340224747162918,True,False
full_R3_R4_alpha_0.150000,0.15,639,0.0010966609279109676,True,False
full_R3_R4_alpha_0.150000,0.15,640,0.0012659162953033833,True,False
full_R3_R4_alpha_0.150000,0.15,641,0.0010031159101841322,True,False
full_R3_R4_alpha_0.150000,0.15,642,0.0013723226726758495,True,False
full_R3_R4_alpha_0.150000,0.15,643,0.001241931097087667,True,False
full_R3_R4_alpha_0.150000,0.15,644,0.0016253309213198966,True,False
full_R3_R4_alpha_0.150000,0.15,645,0.001031241273669859,True,False
full_R3_R4_alpha_0.150000,0.15,646,0.0012834928410473264,True,False
full_R3_R4_alpha_0.150000,0.15,647,0.0011742850469514587,True,False
full_R3_R4_alpha_0.150000,0.15,648,0.0006276209903266211,True,False
full_R3_R4_alpha_0.150000,0.15,649,0.0009664110738706183,True,False
full_R3_R4_alpha_0.150000,0.15,650,0.0017504136205565937,True,False
full_R3_R4_alpha_0.150000,0.15,651,0.0009769044408789972,True,False
full_R3_R4_alpha_0.150000,0.15,652,0.0012130345083673727,True,False
full_R3_R4_alpha_0.150000,0.15,653,0.0008309199010706628,True,False
full_R3_R4_alpha_0.150000,0.15,654,0.000925045364452001,True,False
full_R3_R4_alpha_0.150000,0.15,655,0.0011739253077892669,True,False
full_R3_R4_alpha_0.150000,0.15,656,0.000837823319754363,True,False
full_R3_R4_alpha_0.150000,0.15,657,0.0021190651810736754,True,False
full_R3_R4_alpha_0.150000,0.15,658,0.001209374982704367,True,False
full_R3_R4_alpha_0.150000,0.15,659,0.0016534978164636895,True,False
full_R3_R4_alpha_0.150000,0.15,660,0.0011425470616141607,True,False
full_R3_R4_alpha_0.150000,0.15,661,0.0010863785461957588,True,False
full_R3_R4_alpha_0.150000,0.15,662,0.0013445898358376087,True,False
full_R3_R4_alpha_0.150000,0.15,663,0.002169218967469405,True,False
full_R3_R4_alpha_0.150000,0.15,664,0.0018084786425668934,True,False
full_R3_R4_alpha_0.150000,0.15,665,0.0014154669369784777,True,False
full_R3_R4_alpha_0.150000,0.15,666,0.0022967933550872245,True,False
full_R3_R4_alpha_0.150000,0.15,667,0.0017297100251456906,True,False
full_R3_R4_alpha_0.150000,0.15,668,0.0012242778272440451,True,False
full_R3_R4_alpha_0.150000,0.15,669,0.0010939566258516928,True,False
full_R3_R4_alpha_0.150000,0.15,670,0.0011343734456612,True,False
full_R3_R4_alpha_0.150000,0.15,671,0.0013544034341109027,True,False
full_R3_R4_alpha_0.150000,0.15,672,0.002511749563861824,True,False
full_R3_R4_alpha_0.150000,0.15,673,0.001034063049911673,True,False
full_R3_R4_alpha_0.150000,0.15,674,0.0018318014757280892,True,False
full_R3_R4_alpha_0.150000,0.15,675,0.0011062666368558945,True,False
full_R3_R4_alpha_0.150000,0.15,676,0.0011282549841670091,True,False
full_R3_R4_alpha_0.150000,0.15,677,0.0011447158695125983,True,False
full_R3_R4_alpha_0.150000,0.15,678,0.001110916757922414,True,False
full_R3_R4_alpha_0.150000,0.15,679,0.0015238668732369485,True,False
full_R3_R4_alpha_0.150000,0.15,680,0.0009103467906379107,True,False
full_R3_R4_alpha_0.150000,0.15,681,0.0015072127674049455,True,False
full_R3_R4_alpha_0.150000,0.15,682,0.0024147797046475115,True,False
full_R3_R4_alpha_0.150000,0.15,683,0.0012438440504132088,True,False
full_R3_R4_alpha_0.150000,0.15,684,0.0016924209880619194,True,False
full_R3_R4_alpha_0.150000,0.15,685,0.0012325537820528612,True,False
full_R3_R4_alpha_0.150000,0.15,686,0.002450603789412832,True,False
full_R3_R4_alpha_0.150000,0.15,687,0.0022053753383219675,True,False
full_R3_R4_alpha_0.150000,0.15,688,0.0011036128718552884,True,False
full_R3_R4_alpha_0.150000,0.15,689,0.0017154991836954513,True,False
full_R3_R4_alpha_0.150000,0.15,690,0.0017293982683089398,True,False
full_R3_R4_alpha_0.150000,0.15,691,0.0007979299078357607,True,False
full_R3_R4_alpha_0.150000,0.15,692,0.00116559895949264,True,False
full_R3_R4_alpha_0.150000,0.15,693,0.001321984173543548,True,False
full_R3_R4_alpha_0.150000,0.15,694,0.001219487636815441,True,False
full_R3_R4_alpha_0.150000,0.15,695,0.0012793971310086812,True,False
full_R3_R4_alpha_0.150000,0.15,696,0.0017055367359410248,True,False
full_R3_R4_alpha_0.150000,0.15,697,0.0008877168565878332,True,False
full_R3_R4_alpha_0.150000,0.15,698,0.001112938224367475,True,False
full_R3_R4_alpha_0.150000,0.15,699,0.0011033166871810137,True,False
full_R3_R4_alpha_0.150000,0.15,700,0.0011068572430406453,True,False
full_R3_R4_alpha_0.150000,0.15,701,0.0010847929638003486,True,False
full_R3_R4_alpha_0.150000,0.15,702,0.001730231180086542,True,False
full_R3_R4_alpha_0.150000,0.15,703,0.0011426214669884346,True,False
full_R3_R4_alpha_0.150000,0.15,704,0.0012094632054618082,True,False
full_R3_R4_alpha_0.150000,0.15,705,0.0009546973415747068,True,False
full_R3_R4_alpha_0.150000,0.15,706,0.0012245418096977613,True,False
full_R3_R4_alpha_0.150000,0.15,707,0.0007314743033385667,True,False
full_R3_R4_alpha_0.150000,0.15,708,0.0011792515267801346,True,False
full_R3_R4_alpha_0.150000,0.15,709,0.0015743419102983108,True,False
full_R3_R4_alpha_0.150000,0.15,710,0.0008455932951821516,True,False
full_R3_R4_alpha_0.150000,0.15,711,0.0014054049085451873,True,False
full_R3_R4_alpha_0.150000,0.15,712,0.000929580880478937,True,False
full_R3_R4_alpha_0.150000,0.15,713,0.0012424975450551316,True,False
full_R3_R4_alpha_0.150000,0.15,714,0.0008241793080899551,True,False
full_R3_R4_alpha_0.150000,0.15,715,0.0007986565322442574,True,False
full_R3_R4_alpha_0.150000,0.15,716,0.0026646823189245498,True,False
full_R3_R4_alpha_0.150000,0.15,717,0.0012636674210381772,True,False
full_R3_R4_alpha_0.150000,0.15,718,0.0018357899873654453,True,False
full_R3_R4_alpha_0.150000,0.15,719,0.001698422328466497,True,False
full_R3_R4_alpha_0.150000,0.15,720,0.0010253473597567771,True,False
full_R3_R4_alpha_0.150000,0.15,721,0.0013006476818481444,True,False
full_R3_R4_alpha_0.150000,0.15,722,0.0011304232856299127,True,False
full_R3_R4_alpha_0.150000,0.15,723,0.0009440467091810206,True,False
full_R3_R4_alpha_0.150000,0.15,724,0.002125668550047651,True,False
full_R3_R4_alpha_0.150000,0.15,725,0.0013575782711188278,True,False
full_R3_R4_alpha_0.150000,0.15,726,0.0011793436632955908,True,False
full_R3_R4_alpha_0.150000,0.15,727,0.001631268552635223,True,False
full_R3_R4_alpha_0.150000,0.15,728,0.001115547546088227,True,False
full_R3_R4_alpha_0.150000,0.15,729,0.0009107639457139047,True,False
full_R3_R4_alpha_0.150000,0.15,730,0.0014600526687806091,True,False
full_R3_R4_alpha_0.150000,0.15,731,0.0009482265873293915,True,False
full_R3_R4_alpha_0.150000,0.15,732,0.0010548949313034259,True,False
full_R3_R4_alpha_0.150000,0.15,733,0.0009439939614402407,True,False
full_R3_R4_alpha_0.150000,0.15,734,0.000998818363013652,True,False
full_R3_R4_alpha_0.150000,0.15,735,0.0017077922556641483,True,False
full_R3_R4_alpha_0.150000,0.15,736,0.001562298877710762,True,False
full_R3_R4_alpha_0.150000,0.15,737,0.0017410522200511365,True,False
full_R3_R4_alpha_0.150000,0.15,738,0.0016746683512835667,True,False
full_R3_R4_alpha_0.150000,0.15,739,0.0013564180313688592,True,False
full_R3_R4_alpha_0.150000,0.15,740,0.001321639285144788,True,False
full_R3_R4_alpha_0.150000,0.15,741,0.0012408841248924064,True,False
full_R3_R4_alpha_0.150000,0.15,742,0.0013584670552015956,True,False
full_R3_R4_alpha_0.150000,0.15,743,0.0008177728528622568,True,False
full_R3_R4_alpha_0.150000,0.15,744,0.0015507550751797524,True,False
full_R3_R4_alpha_0.150000,0.15,745,0.001591519407837767,True,False
full_R3_R4_alpha_0.150000,0.15,746,0.0015736245892938488,True,False
full_R3_R4_alpha_0.150000,0.15,747,0.0010702433534979883,True,False
full_R3_R4_alpha_0.150000,0.15,748,0.0008193094453379082,True,False
full_R3_R4_alpha_0.150000,0.15,749,0.0014412311270547177,True,False
full_R3_R4_alpha_0.150000,0.15,750,0.0013637835550060315,True,False
full_R3_R4_alpha_0.150000,0.15,751,0.001143335379236611,True,False
full_R3_R4_alpha_0.150000,0.15,752,0.0010473656002571198,True,False
full_R3_R4_alpha_0.150000,0.15,753,0.0012172671448545686,True,False
full_R3_R4_alpha_0.150000,0.15,754,0.0011958781566305972,True,False
full_R3_R4_alpha_0.150000,0.15,755,0.000991482222346243,True,False
full_R3_R4_alpha_0.150000,0.15,756,0.001396110160254755,True,False
full_R3_R4_alpha_0.150000,0.15,757,0.0013770152634361465,True,False
full_R3_R4_alpha_0.150000,0.15,758,0.0014155255289370894,True,False
full_R3_R4_alpha_0.150000,0.15,759,0.0015172281093607807,True,False
full_R3_R4_alpha_0.150000,0.15,760,0.0012593353682723316,True,False
full_R3_R4_alpha_0.150000,0.15,761,0.0010616882437210447,True,False
full_R3_R4_alpha_0.150000,0.15,762,0.0007389322707401846,True,False
full_R3_R4_alpha_0.150000,0.15,763,0.0017409714666166204,True,False
full_R3_R4_alpha_0.150000,0.15,764,0.001501496219051079,True,False
full_R3_R4_alpha_0.150000,0.15,765,0.0007328461956744746,True,False
full_R3_R4_alpha_0.150000,0.15,766,0.0024172179760006142,True,False
full_R3_R4_alpha_0.150000,0.15,767,0.0008751249386983286,True,False
full_R3_R4_alpha_0.150000,0.15,768,0.0007184028334412182,True,False
full_R3_R4_alpha_0.150000,0.15,769,0.0015047704628629891,True,False
full_R3_R4_alpha_0.150000,0.15,770,0.0009221972392896065,True,False
full_R3_R4_alpha_0.150000,0.15,771,0.0011675046001017777,True,False
full_R3_R4_alpha_0.150000,0.15,772,0.0011914353317937676,True,False
full_R3_R4_alpha_0.150000,0.15,773,0.0014090867278523404,True,False
full_R3_R4_alpha_0.150000,0.15,774,0.000870642862871417,True,False
full_R3_R4_alpha_0.150000,0.15,775,0.0013681949097124372,True,False
full_R3_R4_alpha_0.150000,0.15,776,0.0013567192433453373,True,False
full_R3_R4_alpha_0.150000,0.15,777,0.0013533358237537184,True,False
full_R3_R4_alpha_0.150000,0.15,778,0.001136694283638523,True,False
full_R3_R4_alpha_0.150000,0.15,779,0.0005233367240910469,True,False
full_R3_R4_alpha_0.150000,0.15,780,0.0010791566137508075,True,False
full_R3_R4_alpha_0.150000,0.15,781,0.002947288484110594,True,False
full_R3_R4_alpha_0.150000,0.15,782,0.00107850618952606,True,False
full_R3_R4_alpha_0.150000,0.15,783,0.0011126799820951926,True,False
full_R3_R4_alpha_0.150000,0.15,784,0.0018530383451328617,True,False
full_R3_R4_alpha_0.150000,0.15,785,0.0015208942321304304,True,False
full_R3_R4_alpha_0.150000,0.15,786,0.0013542200085937595,True,False
full_R3_R4_alpha_0.150000,0.15,787,0.001005561659488117,True,False
full_R3_R4_alpha_0.150000,0.15,788,0.001820725678872106,True,False
full_R3_R4_alpha_0.150000,0.15,789,0.001289548069659535,True,False
full_R3_R4_alpha_0.150000,0.15,790,0.001343865413296671,True,False
full_R3_R4_alpha_0.150000,0.15,791,0.0011735294216353792,True,False
full_R3_R4_alpha_0.150000,0.15,792,0.001832124046476742,True,False
full_R3_R4_alpha_0.150000,0.15,793,0.0007517471077885503,True,False
full_R3_R4_alpha_0.150000,0.15,794,0.0016968599274410938,True,False
full_R3_R4_alpha_0.150000,0.15,795,0.0019900191837743256,True,False
full_R3_R4_alpha_0.150000,0.15,796,0.001339447287534976,True,False
full_R3_R4_alpha_0.150000,0.15,797,0.0008233468219160121,True,False
full_R3_R4_alpha_0.150000,0.15,798,0.0012016161018428033,True,False
full_R3_R4_alpha_0.150000,0.15,799,0.0010450371648707386,True,False
full_R3_R4_alpha_0.150000,0.15,800,0.001187188372570582,True,False
full_R3_R4_alpha_0.150000,0.15,801,0.0013191200623056793,True,False
full_R3_R4_alpha_0.150000,0.15,802,0.0014495174783250649,True,False
full_R3_R4_alpha_0.150000,0.15,803,0.0014985138964067007,True,False
full_R3_R4_alpha_0.150000,0.15,804,0.0011462110834362647,True,False
full_R3_R4_alpha_0.150000,0.15,805,0.0011973650285121986,True,False
full_R3_R4_alpha_0.150000,0.15,806,0.000982619479544498,True,False
full_R3_R4_alpha_0.150000,0.15,807,0.0014834382409083988,True,False
full_R3_R4_alpha_0.150000,0.15,808,0.0006477988197265593,True,False
full_R3_R4_alpha_0.150000,0.15,809,0.0008332156216636917,True,False
full_R3_R4_alpha_0.150000,0.15,810,0.000961409236986267,True,False
full_R3_R4_alpha_0.150000,0.15,811,0.0007944970464156606,True,False
full_R3_R4_alpha_0.150000,0.15,812,0.00103382664833433,True,False
full_R3_R4_alpha_0.150000,0.15,813,0.0011328098306222002,True,False
full_R3_R4_alpha_0.150000,0.15,814,0.000991424338983516,True,False
full_R3_R4_alpha_0.150000,0.15,815,0.0012424944610981736,True,False
full_R3_R4_alpha_0.150000,0.15,816,0.0010448687758148434,True,False
full_R3_R4_alpha_0.150000,0.15,817,0.001092849624281272,True,False
full_R3_R4_alpha_0.150000,0.15,818,0.0011807671473804341,True,False
full_R3_R4_alpha_0.150000,0.15,819,0.0010634343676452838,True,False
full_R3_R4_alpha_0.150000,0.15,820,0.0016974906008258145,True,False
full_R3_R4_alpha_0.150000,0.15,821,0.0011851499224760794,True,False
full_R3_R4_alpha_0.150000,0.15,822,0.001060933850881256,True,False
full_R3_R4_alpha_0.150000,0.15,823,0.0024559317190376495,True,False
full_R3_R4_alpha_0.150000,0.15,824,0.0012267749179482466,True,False
full_R3_R4_alpha_0.150000,0.15,825,0.0013316264362663306,True,False
full_R3_R4_alpha_0.150000,0.15,826,0.0012422918986126777,True,False
full_R3_R4_alpha_0.150000,0.15,827,0.0009701921563732014,True,False
full_R3_R4_alpha_0.150000,0.15,828,0.001146098730188284,True,False
full_R3_R4_alpha_0.150000,0.15,829,0.0012780872136125738,True,False
full_R3_R4_alpha_0.150000,0.15,830,0.0015391417502672103,True,False
full_R3_R4_alpha_0.150000,0.15,831,0.0010095004204143763,True,False
full_R3_R4_alpha_0.150000,0.15,832,0.0013344658640580018,True,False
full_R3_R4_alpha_0.150000,0.15,833,0.0006897948234514384,True,False
full_R3_R4_alpha_0.150000,0.15,834,0.0006549869426748478,True,False
full_R3_R4_alpha_0.150000,0.15,835,0.001173767673647867,True,False
full_R3_R4_alpha_0.150000,0.15,836,0.001997677296469728,True,False
full_R3_R4_alpha_0.150000,0.15,837,0.001954916568340163,True,False
full_R3_R4_alpha_0.150000,0.15,838,0.0010825082336669606,True,False
full_R3_R4_alpha_0.150000,0.15,839,0.0013189424315012384,True,False
full_R3_R4_alpha_0.150000,0.15,840,0.0009967053936545593,True,False
full_R3_R4_alpha_0.150000,0.15,841,0.0009299036046142435,True,False
full_R3_R4_alpha_0.150000,0.15,842,0.0009525373593995623,True,False
full_R3_R4_alpha_0.150000,0.15,843,0.0010163188375789916,True,False
full_R3_R4_alpha_0.150000,0.15,844,0.0015836240361859527,True,False
full_R3_R4_alpha_0.150000,0.15,845,0.000983657262338705,True,False
full_R3_R4_alpha_0.150000,0.15,846,0.0016521382315803272,True,False
full_R3_R4_alpha_0.150000,0.15,847,0.0014845576810674315,True,False
full_R3_R4_alpha_0.150000,0.15,848,0.001529623635787469,True,False
full_R3_R4_alpha_0.150000,0.15,849,0.0009078227140951366,True,False
full_R3_R4_alpha_0.150000,0.15,850,0.0018242373820278016,True,False
full_R3_R4_alpha_0.150000,0.15,851,0.0014383469145235256,True,False
full_R3_R4_alpha_0.150000,0.15,852,0.0013192464561811719,True,False
full_R3_R4_alpha_0.150000,0.15,853,0.0009821287156805613,True,False
full_R3_R4_alpha_0.150000,0.15,854,0.0009180938333412622,True,False
full_R3_R4_alpha_0.150000,0.15,855,0.0017530505306436405,True,False
full_R3_R4_alpha_0.150000,0.15,856,0.0011056692985147727,True,False
full_R3_R4_alpha_0.150000,0.15,857,0.001403062265346222,True,False
full_R3_R4_alpha_0.150000,0.15,858,0.001024633709911013,True,False
full_R3_R4_alpha_0.150000,0.15,859,0.002077348688639128,True,False
full_R3_R4_alpha_0.150000,0.15,860,0.0011018820725249628,True,False
full_R3_R4_alpha_0.150000,0.15,861,0.0015948675726030709,True,False
full_R3_R4_alpha_0.150000,0.15,862,0.0010218025927579775,True,False
full_R3_R4_alpha_0.150000,0.15,863,0.0007605248486814881,True,False
full_R3_R4_alpha_0.150000,0.15,864,0.0012440815373969828,True,False
full_R3_R4_alpha_0.150000,0.15,865,0.0010314848309236674,True,False
full_R3_R4_alpha_0.150000,0.15,866,0.001565326320338648,True,False
full_R3_R4_alpha_0.150000,0.15,867,0.0012150643684486044,True,False
full_R3_R4_alpha_0.150000,0.15,868,0.000987125885857872,True,False
full_R3_R4_alpha_0.150000,0.15,869,0.001383614277250968,True,False
full_R3_R4_alpha_0.150000,0.15,870,0.0016151858711543569,True,False
full_R3_R4_alpha_0.150000,0.15,871,0.0017134680290904665,True,False
full_R3_R4_alpha_0.150000,0.15,872,0.0012322704896413617,True,False
full_R3_R4_alpha_0.150000,0.15,873,0.0015776053726411358,True,False
full_R3_R4_alpha_0.150000,0.15,874,0.0011104806955679431,True,False
full_R3_R4_alpha_0.150000,0.15,875,0.0016622094784559055,True,False
full_R3_R4_alpha_0.150000,0.15,876,0.0014333058461055113,True,False
full_R3_R4_alpha_0.150000,0.15,877,0.000998663981024735,True,False
full_R3_R4_alpha_0.150000,0.15,878,0.0013959102291918725,True,False
full_R3_R4_alpha_0.150000,0.15,879,0.0008724844120261216,True,False
full_R3_R4_alpha_0.150000,0.15,880,0.0016723815948999122,True,False
full_R3_R4_alpha_0.150000,0.15,881,0.0017102070864725477,True,False
full_R3_R4_alpha_0.150000,0.15,882,0.001602848176287944,True,False
full_R3_R4_alpha_0.150000,0.15,883,0.0007788647869659225,True,False
full_R3_R4_alpha_0.150000,0.15,884,0.0008300868834993808,True,False
full_R3_R4_alpha_0.150000,0.15,885,0.0014736896896991834,True,False
full_R3_R4_alpha_0.150000,0.15,886,0.0007572324048668364,True,False
full_R3_R4_alpha_0.150000,0.15,887,0.0011569591426273174,True,False
full_R3_R4_alpha_0.150000,0.15,888,0.0009802229215348263,True,False
full_R3_R4_alpha_0.150000,0.15,889,0.0019552028140740365,True,False
full_R3_R4_alpha_0.150000,0.15,890,0.001267614921128247,True,False
full_R3_R4_alpha_0.150000,0.15,891,0.0013740879321136367,True,False
full_R3_R4_alpha_0.150000,0.15,892,0.0014250673122957306,True,False
full_R3_R4_alpha_0.150000,0.15,893,0.001387705524074221,True,False
full_R3_R4_alpha_0.150000,0.15,894,0.0011220684911332336,True,False
full_R3_R4_alpha_0.150000,0.15,895,0.0009179082663989698,True,False
full_R3_R4_alpha_0.150000,0.15,896,0.0024339919543285384,True,False
full_R3_R4_alpha_0.150000,0.15,897,0.0008707048325793284,True,False
full_R3_R4_alpha_0.150000,0.15,898,0.0007724524973805162,True,False
full_R3_R4_alpha_0.150000,0.15,899,0.0009256449134496655,True,False
full_R3_R4_alpha_0.150000,0.15,900,0.0013580143698018862,True,False
full_R3_R4_alpha_0.150000,0.15,901,0.0006177438532201441,True,False
full_R3_R4_alpha_0.150000,0.15,902,0.0010268654544487105,True,False
full_R3_R4_alpha_0.150000,0.15,903,0.001835150212200703,True,False
full_R3_R4_alpha_0.150000,0.15,904,0.0010842820950353641,True,False
full_R3_R4_alpha_0.150000,0.15,905,0.0014016442229925767,True,False
full_R3_R4_alpha_0.150000,0.15,906,0.0013152215836065558,True,False
full_R3_R4_alpha_0.150000,0.15,907,0.000867313762084501,True,False
full_R3_R4_alpha_0.150000,0.15,908,0.001040501318481452,True,False
full_R3_R4_alpha_0.150000,0.15,909,0.0009636398003551764,True,False
full_R3_R4_alpha_0.150000,0.15,910,0.001451757794921237,True,False
full_R3_R4_alpha_0.150000,0.15,911,0.0018507553398508002,True,False
full_R3_R4_alpha_0.150000,0.15,912,0.0009143402843891542,True,False
full_R3_R4_alpha_0.150000,0.15,913,0.0017322550711687547,True,False
full_R3_R4_alpha_0.150000,0.15,914,0.0012051224132221025,True,False
full_R3_R4_alpha_0.150000,0.15,915,0.0007184818570678496,True,False
full_R3_R4_alpha_0.150000,0.15,916,0.0011406855196925475,True,False
full_R3_R4_alpha_0.150000,0.15,917,0.0012798509400344577,True,False
full_R3_R4_alpha_0.150000,0.15,918,0.000565541862021392,True,False
full_R3_R4_alpha_0.150000,0.15,919,0.0008532968398542758,True,False
full_R3_R4_alpha_0.150000,0.15,920,0.0008621531355624565,True,False
full_R3_R4_alpha_0.150000,0.15,921,0.0019529499280810463,True,False
full_R3_R4_alpha_0.150000,0.15,922,0.0008354697533093997,True,False
full_R3_R4_alpha_0.150000,0.15,923,0.001557803582657954,True,False
full_R3_R4_alpha_0.150000,0.15,924,0.0011024798727283527,True,False
full_R3_R4_alpha_0.150000,0.15,925,0.0011205864379855584,True,False
full_R3_R4_alpha_0.150000,0.15,926,0.001117625203581287,True,False
full_R3_R4_alpha_0.150000,0.15,927,0.0009854954806451286,True,False
full_R3_R4_alpha_0.150000,0.15,928,0.0021863971590034537,True,False
full_R3_R4_alpha_0.150000,0.15,929,0.0012967436575114875,True,False
full_R3_R4_alpha_0.150000,0.15,930,0.0012460930932585634,True,False
full_R3_R4_alpha_0.150000,0.15,931,0.0008352632070935408,True,False
full_R3_R4_alpha_0.150000,0.15,932,0.0018207035044823692,True,False
full_R3_R4_alpha_0.150000,0.15,933,0.0011496615012348207,True,False
full_R3_R4_alpha_0.150000,0.15,934,0.0007558641096712032,True,False
full_R3_R4_alpha_0.150000,0.15,935,0.0019581809565127734,True,False
full_R3_R4_alpha_0.150000,0.15,936,0.0006857825953717985,True,False
full_R3_R4_alpha_0.150000,0.15,937,0.0013289424251247274,True,False
full_R3_R4_alpha_0.150000,0.15,938,0.0013547832212955674,True,False
full_R3_R4_alpha_0.150000,0.15,939,0.0010272092322328001,True,False
full_R3_R4_alpha_0.150000,0.15,940,0.0007645643795617787,True,False
full_R3_R4_alpha_0.150000,0.15,941,0.0012056331325712587,True,False
full_R3_R4_alpha_0.150000,0.15,942,0.0015421690454894728,True,False
full_R3_R4_alpha_0.150000,0.15,943,0.000762846857580473,True,False
full_R3_R4_alpha_0.150000,0.15,944,0.0009787579594946836,True,False
full_R3_R4_alpha_0.150000,0.15,945,0.001526884566528541,True,False
full_R3_R4_alpha_0.150000,0.15,946,0.001358733164228277,True,False
full_R3_R4_alpha_0.150000,0.15,947,0.0006761214616533006,True,False
full_R3_R4_alpha_0.150000,0.15,948,0.0013293720214654506,True,False
full_R3_R4_alpha_0.150000,0.15,949,0.0020966957402109533,True,False
full_R3_R4_alpha_0.150000,0.15,950,0.0012271836993323626,True,False
full_R3_R4_alpha_0.150000,0.15,951,0.0012560239360922653,True,False
full_R3_R4_alpha_0.150000,0.15,952,0.0009060146888214068,True,False
full_R3_R4_alpha_0.150000,0.15,953,0.0012318443330205672,True,False
full_R3_R4_alpha_0.150000,0.15,954,0.0013212109013067247,True,False
full_R3_R4_alpha_0.150000,0.15,955,0.0014281953110266978,True,False
full_R3_R4_alpha_0.150000,0.15,956,0.0014863563602766747,True,False
full_R3_R4_alpha_0.150000,0.15,957,0.0013009696501166236,True,False
full_R3_R4_alpha_0.150000,0.15,958,0.0016287432281672735,True,False
full_R3_R4_alpha_0.150000,0.15,959,0.001643136618296352,True,False
full_R3_R4_alpha_0.150000,0.15,960,0.0017500341709477325,True,False
full_R3_R4_alpha_0.150000,0.15,961,0.0015196882507529776,True,False
full_R3_R4_alpha_0.150000,0.15,962,0.0013492531637287759,True,False
full_R3_R4_alpha_0.150000,0.15,963,0.0019240862346274169,True,False
full_R3_R4_alpha_0.150000,0.15,964,0.0010373310175335378,True,False
full_R3_R4_alpha_0.150000,0.15,965,0.001273207216249133,True,False
full_R3_R4_alpha_0.150000,0.15,966,0.0012025707250864722,True,False
full_R3_R4_alpha_0.150000,0.15,967,0.0009794110843042833,True,False
full_R3_R4_alpha_0.150000,0.15,968,0.001171676477478847,True,False
full_R3_R4_alpha_0.150000,0.15,969,0.0011423685291766757,True,False
full_R3_R4_alpha_0.150000,0.15,970,0.0019102998487911366,True,False
full_R3_R4_alpha_0.150000,0.15,971,0.0010587145165504258,True,False
full_R3_R4_alpha_0.150000,0.15,972,0.0012457823019653054,True,False
full_R3_R4_alpha_0.150000,0.15,973,0.000973461623782293,True,False
full_R3_R4_alpha_0.150000,0.15,974,0.001234250573884025,True,False
full_R3_R4_alpha_0.150000,0.15,975,0.0010886702236642778,True,False
full_R3_R4_alpha_0.150000,0.15,976,0.001386425345447398,True,False
full_R3_R4_alpha_0.150000,0.15,977,0.0011949105903856737,True,False
full_R3_R4_alpha_0.150000,0.15,978,0.0014839561970441694,True,False
full_R3_R4_alpha_0.150000,0.15,979,0.0013772672997129898,True,False
full_R3_R4_alpha_0.150000,0.15,980,0.0018943252087785046,True,False
full_R3_R4_alpha_0.150000,0.15,981,0.00128325495346199,True,False
full_R3_R4_alpha_0.150000,0.15,982,0.0014704566889329716,True,False
full_R3_R4_alpha_0.150000,0.15,983,0.0010257872431868767,True,False
full_R3_R4_alpha_0.150000,0.15,984,0.00153549282235769,True,False
full_R3_R4_alpha_0.150000,0.15,985,0.0016748960586535201,True,False
full_R3_R4_alpha_0.150000,0.15,986,0.0010157134253248644,True,False
full_R3_R4_alpha_0.150000,0.15,987,0.0013964345172858396,True,False
full_R3_R4_alpha_0.150000,0.15,988,0.0009425025113571836,True,False
full_R3_R4_alpha_0.150000,0.15,989,0.0009797139038154972,True,False
full_R3_R4_alpha_0.150000,0.15,990,0.001384429624585435,True,False
full_R3_R4_alpha_0.150000,0.15,991,0.0011476627735756606,True,False
full_R3_R4_alpha_0.150000,0.15,992,0.0007908182198895124,True,False
full_R3_R4_alpha_0.150000,0.15,993,0.001297213331895328,True,False
full_R3_R4_alpha_0.150000,0.15,994,0.0012477897402377496,True,False
full_R3_R4_alpha_0.150000,0.15,995,0.0010463895532616143,True,False
full_R3_R4_alpha_0.150000,0.15,996,0.0015061221959883698,True,False
full_R3_R4_alpha_0.150000,0.15,997,0.0019126448658883639,True,False
full_R3_R4_alpha_0.150000,0.15,998,0.0020643549761577284,True,False
full_R3_R4_alpha_0.150000,0.15,999,0.0014034960048351721,True,False
full_R3_R4_alpha_0.150000,0.15,1000,0.0014935559910048903,True,False
full_R3_R4_alpha_0.216910,0.21691,1,0.001368010421967666,True,False
full_R3_R4_alpha_0.216910,0.21691,2,0.0006756057917174952,True,False
full_R3_R4_alpha_0.216910,0.21691,3,0.0017395539015530946,True,False
full_R3_R4_alpha_0.216910,0.21691,4,0.0007513516337080557,True,False
full_R3_R4_alpha_0.216910,0.21691,5,0.0009736720031814189,True,False
full_R3_R4_alpha_0.216910,0.21691,6,0.0007657865040685088,True,False
full_R3_R4_alpha_0.216910,0.21691,7,0.001069934072225727,True,False
full_R3_R4_alpha_0.216910,0.21691,8,0.0013132207893438402,True,False
full_R3_R4_alpha_0.216910,0.21691,9,0.0015319887958069212,True,False
full_R3_R4_alpha_0.216910,0.21691,10,0.0011787783518950544,True,False
full_R3_R4_alpha_0.216910,0.21691,11,0.0009431187626935143,True,False
full_R3_R4_alpha_0.216910,0.21691,12,0.0009729181804476224,True,False
full_R3_R4_alpha_0.216910,0.21691,13,0.0008929443437854839,True,False
full_R3_R4_alpha_0.216910,0.21691,14,0.0013088268779047148,True,False
full_R3_R4_alpha_0.216910,0.21691,15,0.0007618969335090884,True,False
full_R3_R4_alpha_0.216910,0.21691,16,0.0011788111957287677,True,False
full_R3_R4_alpha_0.216910,0.21691,17,0.000784622611342088,True,False
full_R3_R4_alpha_0.216910,0.21691,18,0.0010568268551987493,True,False
full_R3_R4_alpha_0.216910,0.21691,19,0.0007690432661170733,True,False
full_R3_R4_alpha_0.216910,0.21691,20,0.0012844712652226365,True,False
full_R3_R4_alpha_0.216910,0.21691,21,0.001464208427852384,True,False
full_R3_R4_alpha_0.216910,0.21691,22,0.0005669742809734234,True,False
full_R3_R4_alpha_0.216910,0.21691,23,0.0015704494342081185,True,False
full_R3_R4_alpha_0.216910,0.21691,24,0.0008918300309450705,True,False
full_R3_R4_alpha_0.216910,0.21691,25,0.000916616848757101,True,False
full_R3_R4_alpha_0.216910,0.21691,26,0.0007270648196722976,True,False
full_R3_R4_alpha_0.216910,0.21691,27,0.0008027164848068779,True,False
full_R3_R4_alpha_0.216910,0.21691,28,0.0006593823964688063,True,False
full_R3_R4_alpha_0.216910,0.21691,29,0.0010603832933570488,True,False
full_R3_R4_alpha_0.216910,0.21691,30,0.0014758887605879206,True,False
full_R3_R4_alpha_0.216910,0.21691,31,0.0008237084163446896,True,False
full_R3_R4_alpha_0.216910,0.21691,32,0.0010112435777717603,True,False
full_R3_R4_alpha_0.216910,0.21691,33,0.0006977870600691328,True,False
full_R3_R4_alpha_0.216910,0.21691,34,0.0011917151640048395,True,False
full_R3_R4_alpha_0.216910,0.21691,35,0.001400392118578269,True,False
full_R3_R4_alpha_0.216910,0.21691,36,0.0020805417189490223,True,False
full_R3_R4_alpha_0.216910,0.21691,37,0.0007519608924257221,True,False
full_R3_R4_alpha_0.216910,0.21691,38,0.0011167222205145902,True,False
full_R3_R4_alpha_0.216910,0.21691,39,0.0010136219864352442,True,False
full_R3_R4_alpha_0.216910,0.21691,40,0.0008319165536760871,True,False
full_R3_R4_alpha_0.216910,0.21691,41,0.0007848356699596689,True,False
full_R3_R4_alpha_0.216910,0.21691,42,0.0009623604342404162,True,False
full_R3_R4_alpha_0.216910,0.21691,43,0.001416896505025306,True,False
full_R3_R4_alpha_0.216910,0.21691,44,0.0007452237102177737,True,False
full_R3_R4_alpha_0.216910,0.21691,45,0.0010388255887495562,True,False
full_R3_R4_alpha_0.216910,0.21691,46,0.0012467932701091004,True,False
full_R3_R4_alpha_0.216910,0.21691,47,0.0018807953666015549,True,False
full_R3_R4_alpha_0.216910,0.21691,48,0.001182509263708104,True,False
full_R3_R4_alpha_0.216910,0.21691,49,0.0015927183662717865,True,False
full_R3_R4_alpha_0.216910,0.21691,50,0.0012530249604821482,True,False
full_R3_R4_alpha_0.216910,0.21691,51,0.0010607624441326944,True,False
full_R3_R4_alpha_0.216910,0.21691,52,0.0013513206968492637,True,False
full_R3_R4_alpha_0.216910,0.21691,53,0.0011688483949914476,True,False
full_R3_R4_alpha_0.216910,0.21691,54,0.0007528968491741033,True,False
full_R3_R4_alpha_0.216910,0.21691,55,0.000595711171085396,True,False
full_R3_R4_alpha_0.216910,0.21691,56,0.0009618445940429279,True,False
full_R3_R4_alpha_0.216910,0.21691,57,0.0019285808775929443,True,False
full_R3_R4_alpha_0.216910,0.21691,58,0.001300170112299622,True,False
full_R3_R4_alpha_0.216910,0.21691,59,0.0011937276356740153,True,False
full_R3_R4_alpha_0.216910,0.21691,60,0.0009312013256816153,True,False
full_R3_R4_alpha_0.216910,0.21691,61,0.0010650664338221053,True,False
full_R3_R4_alpha_0.216910,0.21691,62,0.001392535013889554,True,False
full_R3_R4_alpha_0.216910,0.21691,63,0.0014125477947201158,True,False
full_R3_R4_alpha_0.216910,0.21691,64,0.0012166980175224006,True,False
full_R3_R4_alpha_0.216910,0.21691,65,0.0017005844541427178,True,False
full_R3_R4_alpha_0.216910,0.21691,66,0.0009770307515547252,True,False
full_R3_R4_alpha_0.216910,0.21691,67,0.0015382825856770598,True,False
full_R3_R4_alpha_0.216910,0.21691,68,0.0009743537425692011,True,False
full_R3_R4_alpha_0.216910,0.21691,69,0.0013973279442133356,True,False
full_R3_R4_alpha_0.216910,0.21691,70,0.001372882224648866,True,False
full_R3_R4_alpha_0.216910,0.21691,71,0.0007709009304683194,True,False
full_R3_R4_alpha_0.216910,0.21691,72,0.00109442393843995,True,False
full_R3_R4_alpha_0.216910,0.21691,73,0.0017385417939704845,True,False
full_R3_R4_alpha_0.216910,0.21691,74,0.0012104329068379665,True,False
full_R3_R4_alpha_0.216910,0.21691,75,0.001520824038008354,True,False
full_R3_R4_alpha_0.216910,0.21691,76,0.0007844680879288813,True,False
full_R3_R4_alpha_0.216910,0.21691,77,0.001197309923007145,True,False
full_R3_R4_alpha_0.216910,0.21691,78,0.0008824483013127146,True,False
full_R3_R4_alpha_0.216910,0.21691,79,0.00133449804159679,True,False
full_R3_R4_alpha_0.216910,0.21691,80,0.0012312816503965895,True,False
full_R3_R4_alpha_0.216910,0.21691,81,0.0010939709444987738,True,False
full_R3_R4_alpha_0.216910,0.21691,82,0.0008488615080149073,True,False
full_R3_R4_alpha_0.216910,0.21691,83,0.0008434534719610622,True,False
full_R3_R4_alpha_0.216910,0.21691,84,0.0006478229675945665,True,False
full_R3_R4_alpha_0.216910,0.21691,85,0.001433301168237265,True,False
full_R3_R4_alpha_0.216910,0.21691,86,0.0008536360732112235,True,False
full_R3_R4_alpha_0.216910,0.21691,87,0.0007876866846103228,True,False
full_R3_R4_alpha_0.216910,0.21691,88,0.0007745263511347475,True,False
full_R3_R4_alpha_0.216910,0.21691,89,0.0005616332280105205,True,False
full_R3_R4_alpha_0.216910,0.21691,90,0.001149163892705352,True,False
full_R3_R4_alpha_0.216910,0.21691,91,0.0013462711015530828,True,False
full_R3_R4_alpha_0.216910,0.21691,92,0.0014595190877685514,True,False
full_R3_R4_alpha_0.216910,0.21691,93,0.0008159397202923274,True,False
full_R3_R4_alpha_0.216910,0.21691,94,0.0011729657274636926,True,False
full_R3_R4_alpha_0.216910,0.21691,95,0.0011448512512530352,True,False
full_R3_R4_alpha_0.216910,0.21691,96,0.0008273827920710811,True,False
full_R3_R4_alpha_0.216910,0.21691,97,0.0017105715113648096,True,False
full_R3_R4_alpha_0.216910,0.21691,98,0.001265455744617479,True,False
full_R3_R4_alpha_0.216910,0.21691,99,0.0013103712901015895,True,False
full_R3_R4_alpha_0.216910,0.21691,100,0.0013922508646959375,True,False
full_R3_R4_alpha_0.216910,0.21691,101,0.0012525774184243767,True,False
full_R3_R4_alpha_0.216910,0.21691,102,0.001146552237742548,True,False
full_R3_R4_alpha_0.216910,0.21691,103,0.001128605516727904,True,False
full_R3_R4_alpha_0.216910,0.21691,104,0.0009896479912684705,True,False
full_R3_R4_alpha_0.216910,0.21691,105,0.0012556491714912348,True,False
full_R3_R4_alpha_0.216910,0.21691,106,0.0010093715985057148,True,False
full_R3_R4_alpha_0.216910,0.21691,107,0.0007302964246846686,True,False
full_R3_R4_alpha_0.216910,0.21691,108,0.0017399075569704261,True,False
full_R3_R4_alpha_0.216910,0.21691,109,0.0015797267285642157,True,False
full_R3_R4_alpha_0.216910,0.21691,110,0.0007166488265741554,True,False
full_R3_R4_alpha_0.216910,0.21691,111,0.0018343797110962953,True,False
full_R3_R4_alpha_0.216910,0.21691,112,0.0009056660775152306,True,False
full_R3_R4_alpha_0.216910,0.21691,113,0.0010909199168790862,True,False
full_R3_R4_alpha_0.216910,0.21691,114,0.0013242119546692536,True,False
full_R3_R4_alpha_0.216910,0.21691,115,0.0012150603862358408,True,False
full_R3_R4_alpha_0.216910,0.21691,116,0.0009038308909825437,True,False
full_R3_R4_alpha_0.216910,0.21691,117,0.0016569463473404809,True,False
full_R3_R4_alpha_0.216910,0.21691,118,0.0009435802630369255,True,False
full_R3_R4_alpha_0.216910,0.21691,119,0.0013455936102127457,True,False
full_R3_R4_alpha_0.216910,0.21691,120,0.0009338803123097112,True,False
full_R3_R4_alpha_0.216910,0.21691,121,0.0014290713328267402,True,False
full_R3_R4_alpha_0.216910,0.21691,122,0.0011019780050088082,True,False
full_R3_R4_alpha_0.216910,0.21691,123,0.0014653706922877973,True,False
full_R3_R4_alpha_0.216910,0.21691,124,0.0014492283092120161,True,False
full_R3_R4_alpha_0.216910,0.21691,125,0.0009899174357406604,True,False
full_R3_R4_alpha_0.216910,0.21691,126,0.001521391693627177,True,False
full_R3_R4_alpha_0.216910,0.21691,127,0.0011995536140677482,True,False
full_R3_R4_alpha_0.216910,0.21691,128,0.0016313582684286127,True,False
full_R3_R4_alpha_0.216910,0.21691,129,0.0009847161013004843,True,False
full_R3_R4_alpha_0.216910,0.21691,130,0.0011208444988430855,True,False
full_R3_R4_alpha_0.216910,0.21691,131,0.0007961976236986247,True,False
full_R3_R4_alpha_0.216910,0.21691,132,0.0012892154060967298,True,False
full_R3_R4_alpha_0.216910,0.21691,133,0.0019698023853680258,True,False
full_R3_R4_alpha_0.216910,0.21691,134,0.0009262865606790048,True,False
full_R3_R4_alpha_0.216910,0.21691,135,0.0014861251171833735,True,False
full_R3_R4_alpha_0.216910,0.21691,136,0.0006564066886926873,True,False
full_R3_R4_alpha_0.216910,0.21691,137,0.001426087392607527,True,False
full_R3_R4_alpha_0.216910,0.21691,138,0.0011160267082049315,True,False
full_R3_R4_alpha_0.216910,0.21691,139,0.0014024704820660458,True,False
full_R3_R4_alpha_0.216910,0.21691,140,0.0015820516685198939,True,False
full_R3_R4_alpha_0.216910,0.21691,141,0.0010782732094783223,True,False
full_R3_R4_alpha_0.216910,0.21691,142,0.0006095313839753031,True,False
full_R3_R4_alpha_0.216910,0.21691,143,0.0012620131556756013,True,False
full_R3_R4_alpha_0.216910,0.21691,144,0.002235189851678657,True,False
full_R3_R4_alpha_0.216910,0.21691,145,0.0015132364978853318,True,False
full_R3_R4_alpha_0.216910,0.21691,146,0.0008029517814662551,True,False
full_R3_R4_alpha_0.216910,0.21691,147,0.0008380309608131015,True,False
full_R3_R4_alpha_0.216910,0.21691,148,0.0009019489430643973,True,False
full_R3_R4_alpha_0.216910,0.21691,149,0.0008069564860045699,True,False
full_R3_R4_alpha_0.216910,0.21691,150,0.0010927987633003405,True,False
full_R3_R4_alpha_0.216910,0.21691,151,0.0011321993043017916,True,False
full_R3_R4_alpha_0.216910,0.21691,152,0.001005279111856858,True,False
full_R3_R4_alpha_0.216910,0.21691,153,0.0008443234966104413,True,False
full_R3_R4_alpha_0.216910,0.21691,154,0.0009512340367712573,True,False
full_R3_R4_alpha_0.216910,0.21691,155,0.001115179819421045,True,False
full_R3_R4_alpha_0.216910,0.21691,156,0.0010595922551414976,True,False
full_R3_R4_alpha_0.216910,0.21691,157,0.0014692592228691662,True,False
full_R3_R4_alpha_0.216910,0.21691,158,0.0012312144266077283,True,False
full_R3_R4_alpha_0.216910,0.21691,159,0.0009148434554357359,True,False
full_R3_R4_alpha_0.216910,0.21691,160,0.0006809966933047769,True,False
full_R3_R4_alpha_0.216910,0.21691,161,0.0005363519969031655,True,False
full_R3_R4_alpha_0.216910,0.21691,162,0.0014201700300847694,True,False
full_R3_R4_alpha_0.216910,0.21691,163,0.001104434175759895,True,False
full_R3_R4_alpha_0.216910,0.21691,164,0.001357701178628148,True,False
full_R3_R4_alpha_0.216910,0.21691,165,0.0019280296372319403,True,False
full_R3_R4_alpha_0.216910,0.21691,166,0.0011240860570506587,True,False
full_R3_R4_alpha_0.216910,0.21691,167,0.001021597596398234,True,False
full_R3_R4_alpha_0.216910,0.21691,168,0.0008836616069054789,True,False
full_R3_R4_alpha_0.216910,0.21691,169,0.0010737860413904483,True,False
full_R3_R4_alpha_0.216910,0.21691,170,0.0008319698350606157,True,False
full_R3_R4_alpha_0.216910,0.21691,171,0.0012097467814780032,True,False
full_R3_R4_alpha_0.216910,0.21691,172,0.0006604607523859919,True,False
full_R3_R4_alpha_0.216910,0.21691,173,0.0012255205691948348,True,False
full_R3_R4_alpha_0.216910,0.21691,174,0.0010853769054795957,True,False
full_R3_R4_alpha_0.216910,0.21691,175,0.0007607917211266415,True,False
full_R3_R4_alpha_0.216910,0.21691,176,0.0013556494639258001,True,False
full_R3_R4_alpha_0.216910,0.21691,177,0.0008887260042193939,True,False
full_R3_R4_alpha_0.216910,0.21691,178,0.0007788085648727388,True,False
full_R3_R4_alpha_0.216910,0.21691,179,0.001139379798178899,True,False
full_R3_R4_alpha_0.216910,0.21691,180,0.0010484858314381228,True,False
full_R3_R4_alpha_0.216910,0.21691,181,0.0009037579096589241,True,False
full_R3_R4_alpha_0.216910,0.21691,182,0.0015065253418952119,True,False
full_R3_R4_alpha_0.216910,0.21691,183,0.0010489980931618877,True,False
full_R3_R4_alpha_0.216910,0.21691,184,0.0006116038177508014,True,False
full_R3_R4_alpha_0.216910,0.21691,185,0.0010869211772895429,True,False
full_R3_R4_alpha_0.216910,0.21691,186,0.0009702693311444546,True,False
full_R3_R4_alpha_0.216910,0.21691,187,0.001212128277076294,True,False
full_R3_R4_alpha_0.216910,0.21691,188,0.0016610019769590552,True,False
full_R3_R4_alpha_0.216910,0.21691,189,0.001149060076981598,True,False
full_R3_R4_alpha_0.216910,0.21691,190,0.0006506309057641693,True,False
full_R3_R4_alpha_0.216910,0.21691,191,0.0013522152100805475,True,False
full_R3_R4_alpha_0.216910,0.21691,192,0.0006231643541017745,True,False
full_R3_R4_alpha_0.216910,0.21691,193,0.0016148169897957185,True,False
full_R3_R4_alpha_0.216910,0.21691,194,0.002037742166596685,True,False
full_R3_R4_alpha_0.216910,0.21691,195,0.0010957518175009158,True,False
full_R3_R4_alpha_0.216910,0.21691,196,0.000605798659934169,True,False
full_R3_R4_alpha_0.216910,0.21691,197,0.0007938815884331379,True,False
full_R3_R4_alpha_0.216910,0.21691,198,0.0008806183007481527,True,False
full_R3_R4_alpha_0.216910,0.21691,199,0.0013590424239474446,True,False
full_R3_R4_alpha_0.216910,0.21691,200,0.0009735721475666654,True,False
full_R3_R4_alpha_0.216910,0.21691,201,0.0012700556866994679,True,False
full_R3_R4_alpha_0.216910,0.21691,202,0.0008148780101078806,True,False
full_R3_R4_alpha_0.216910,0.21691,203,0.0015209509928758224,True,False
full_R3_R4_alpha_0.216910,0.21691,204,0.0012233815835440373,True,False
full_R3_R4_alpha_0.216910,0.21691,205,0.0008961347305396223,True,False
full_R3_R4_alpha_0.216910,0.21691,206,0.0007368328302459385,True,False
full_R3_R4_alpha_0.216910,0.21691,207,0.0012398909416559026,True,False
full_R3_R4_alpha_0.216910,0.21691,208,0.001207490735235615,True,False
full_R3_R4_alpha_0.216910,0.21691,209,0.0014597827765051442,True,False
full_R3_R4_alpha_0.216910,0.21691,210,0.0007478230377506504,True,False
full_R3_R4_alpha_0.216910,0.21691,211,0.0011888105371841231,True,False
full_R3_R4_alpha_0.216910,0.21691,212,0.0012761549820970316,True,False
full_R3_R4_alpha_0.216910,0.21691,213,0.0006366011641494438,True,False
full_R3_R4_alpha_0.216910,0.21691,214,0.0007840110036594649,True,False
full_R3_R4_alpha_0.216910,0.21691,215,0.0008237197756538797,True,False
full_R3_R4_alpha_0.216910,0.21691,216,0.001057641440158222,True,False
full_R3_R4_alpha_0.216910,0.21691,217,0.0011205613514632137,True,False
full_R3_R4_alpha_0.216910,0.21691,218,0.0012245775792247284,True,False
full_R3_R4_alpha_0.216910,0.21691,219,0.0009618091149556957,True,False
full_R3_R4_alpha_0.216910,0.21691,220,0.001035520025685641,True,False
full_R3_R4_alpha_0.216910,0.21691,221,0.0007924428939788759,True,False
full_R3_R4_alpha_0.216910,0.21691,222,0.0025559125607391413,True,False
full_R3_R4_alpha_0.216910,0.21691,223,0.0009218319879515275,True,False
full_R3_R4_alpha_0.216910,0.21691,224,0.0009076563587799956,True,False
full_R3_R4_alpha_0.216910,0.21691,225,0.000761814966543104,True,False
full_R3_R4_alpha_0.216910,0.21691,226,0.0014293566389444832,True,False
full_R3_R4_alpha_0.216910,0.21691,227,0.0007905121532128298,True,False
full_R3_R4_alpha_0.216910,0.21691,228,0.001507104124598269,True,False
full_R3_R4_alpha_0.216910,0.21691,229,0.0005719989779492824,True,False
full_R3_R4_alpha_0.216910,0.21691,230,0.0008062001633801731,True,False
full_R3_R4_alpha_0.216910,0.21691,231,0.0013806991119645886,True,False
full_R3_R4_alpha_0.216910,0.21691,232,0.002057540598868939,True,False
full_R3_R4_alpha_0.216910,0.21691,233,0.0008011008674837554,True,False
full_R3_R4_alpha_0.216910,0.21691,234,0.0012315492265129674,True,False
full_R3_R4_alpha_0.216910,0.21691,235,0.0010436396359792327,True,False
full_R3_R4_alpha_0.216910,0.21691,236,0.0012103343159236618,True,False
full_R3_R4_alpha_0.216910,0.21691,237,0.0009380872884758608,True,False
full_R3_R4_alpha_0.216910,0.21691,238,0.0008757603594739687,True,False
full_R3_R4_alpha_0.216910,0.21691,239,0.0011994234242050446,True,False
full_R3_R4_alpha_0.216910,0.21691,240,0.0008305653153113019,True,False
full_R3_R4_alpha_0.216910,0.21691,241,0.0017251360811587346,True,False
full_R3_R4_alpha_0.216910,0.21691,242,0.0009313084585268672,True,False
full_R3_R4_alpha_0.216910,0.21691,243,0.0007951357846395123,True,False
full_R3_R4_alpha_0.216910,0.21691,244,0.0009348278975267379,True,False
full_R3_R4_alpha_0.216910,0.21691,245,0.000964358120508858,True,False
full_R3_R4_alpha_0.216910,0.21691,246,0.0011643192864010574,True,False
full_R3_R4_alpha_0.216910,0.21691,247,0.0012566316798972106,True,False
full_R3_R4_alpha_0.216910,0.21691,248,0.0010867037838605924,True,False
full_R3_R4_alpha_0.216910,0.21691,249,0.0013560553551237816,True,False
full_R3_R4_alpha_0.216910,0.21691,250,0.0012256131574978158,True,False
full_R3_R4_alpha_0.216910,0.21691,251,0.0005092358511369988,True,False
full_R3_R4_alpha_0.216910,0.21691,252,0.0009127545169714649,True,False
full_R3_R4_alpha_0.216910,0.21691,253,0.0010156217570190071,True,False
full_R3_R4_alpha_0.216910,0.21691,254,0.0007014707890171671,True,False
full_R3_R4_alpha_0.216910,0.21691,255,0.0013258356140924087,True,False
full_R3_R4_alpha_0.216910,0.21691,256,0.0010495912924612303,True,False
full_R3_R4_alpha_0.216910,0.21691,257,0.0010217726527656013,True,False
full_R3_R4_alpha_0.216910,0.21691,258,0.0011236028297430631,True,False
full_R3_R4_alpha_0.216910,0.21691,259,0.0025259833466997174,True,False
full_R3_R4_alpha_0.216910,0.21691,260,0.0007110344365807132,True,False
full_R3_R4_alpha_0.216910,0.21691,261,0.0012885652282849634,True,False
full_R3_R4_alpha_0.216910,0.21691,262,0.001808064664621377,True,False
full_R3_R4_alpha_0.216910,0.21691,263,0.0008544672069303793,True,False
full_R3_R4_alpha_0.216910,0.21691,264,0.001171437085649151,True,False
full_R3_R4_alpha_0.216910,0.21691,265,0.0011719990402649025,True,False
full_R3_R4_alpha_0.216910,0.21691,266,0.0005774002138499812,True,False
full_R3_R4_alpha_0.216910,0.21691,267,0.0009620985586996405,True,False
full_R3_R4_alpha_0.216910,0.21691,268,0.000765265230932854,True,False
full_R3_R4_alpha_0.216910,0.21691,269,0.0012148496994841332,True,False
full_R3_R4_alpha_0.216910,0.21691,270,0.0005194032301410592,True,False
full_R3_R4_alpha_0.216910,0.21691,271,0.0017464854229976804,True,False
full_R3_R4_alpha_0.216910,0.21691,272,0.0011069639934906288,True,False
full_R3_R4_alpha_0.216910,0.21691,273,0.0008199544837744089,True,False
full_R3_R4_alpha_0.216910,0.21691,274,0.0006795483470133087,True,False
full_R3_R4_alpha_0.216910,0.21691,275,0.0008010528641042841,True,False
full_R3_R4_alpha_0.216910,0.21691,276,0.0010100161885313475,True,False
full_R3_R4_alpha_0.216910,0.21691,277,0.0012384895434921414,True,False
full_R3_R4_alpha_0.216910,0.21691,278,0.0007999597564110729,True,False
full_R3_R4_alpha_0.216910,0.21691,279,0.0011338717379471234,True,False
full_R3_R4_alpha_0.216910,0.21691,280,0.0008194633157610122,True,False
full_R3_R4_alpha_0.216910,0.21691,281,0.0008355853965009132,True,False
full_R3_R4_alpha_0.216910,0.21691,282,0.0009535427471544897,True,False
full_R3_R4_alpha_0.216910,0.21691,283,0.0011641722037642715,True,False
full_R3_R4_alpha_0.216910,0.21691,284,0.0009735586259156831,True,False
full_R3_R4_alpha_0.216910,0.21691,285,0.0011033967888523372,True,False
full_R3_R4_alpha_0.216910,0.21691,286,0.0010544152206122786,True,False
full_R3_R4_alpha_0.216910,0.21691,287,0.0015967384609359408,True,False
full_R3_R4_alpha_0.216910,0.21691,288,0.0006770021828479947,True,False
full_R3_R4_alpha_0.216910,0.21691,289,0.0014683801235895382,True,False
full_R3_R4_alpha_0.216910,0.21691,290,0.0012205039120328496,True,False
full_R3_R4_alpha_0.216910,0.21691,291,0.0006613384168092581,True,False
full_R3_R4_alpha_0.216910,0.21691,292,0.001103150410936508,True,False
full_R3_R4_alpha_0.216910,0.21691,293,0.0020375607568349254,True,False
full_R3_R4_alpha_0.216910,0.21691,294,0.001473970472030838,True,False
full_R3_R4_alpha_0.216910,0.21691,295,0.0008776509486021996,True,False
full_R3_R4_alpha_0.216910,0.21691,296,0.0014012716724434407,True,False
full_R3_R4_alpha_0.216910,0.21691,297,0.001749148456927375,True,False
full_R3_R4_alpha_0.216910,0.21691,298,0.0013846352458761868,True,False
full_R3_R4_alpha_0.216910,0.21691,299,0.0005124136668498789,True,False
full_R3_R4_alpha_0.216910,0.21691,300,0.000905314289190408,True,False
full_R3_R4_alpha_0.216910,0.21691,301,0.001339459999708209,True,False
full_R3_R4_alpha_0.216910,0.21691,302,0.001242342499789016,True,False
full_R3_R4_alpha_0.216910,0.21691,303,0.0008578088329480697,True,False
full_R3_R4_alpha_0.216910,0.21691,304,0.001067631646045991,True,False
full_R3_R4_alpha_0.216910,0.21691,305,0.0011840754943934155,True,False
full_R3_R4_alpha_0.216910,0.21691,306,0.0007273600019178404,True,False
full_R3_R4_alpha_0.216910,0.21691,307,0.0008403570462428465,True,False
full_R3_R4_alpha_0.216910,0.21691,308,0.0013741308404297435,True,False
full_R3_R4_alpha_0.216910,0.21691,309,0.0009599520375098489,True,False
full_R3_R4_alpha_0.216910,0.21691,310,0.002379787047179081,True,False
full_R3_R4_alpha_0.216910,0.21691,311,0.0009641767979989451,True,False
full_R3_R4_alpha_0.216910,0.21691,312,0.0017320812569200236,True,False
full_R3_R4_alpha_0.216910,0.21691,313,0.0007804894780157228,True,False
full_R3_R4_alpha_0.216910,0.21691,314,0.0012162336560679898,True,False
full_R3_R4_alpha_0.216910,0.21691,315,0.0009344206592090548,True,False
full_R3_R4_alpha_0.216910,0.21691,316,0.0010485682241974932,True,False
full_R3_R4_alpha_0.216910,0.21691,317,0.0006793891417037566,True,False
full_R3_R4_alpha_0.216910,0.21691,318,0.0009263978067497709,True,False
full_R3_R4_alpha_0.216910,0.21691,319,0.001469172518614752,True,False
full_R3_R4_alpha_0.216910,0.21691,320,0.0012255244545486318,True,False
full_R3_R4_alpha_0.216910,0.21691,321,0.0015030312187891519,True,False
full_R3_R4_alpha_0.216910,0.21691,322,0.0013031129434473482,True,False
full_R3_R4_alpha_0.216910,0.21691,323,0.0008113189384585196,True,False
full_R3_R4_alpha_0.216910,0.21691,324,0.0007804225952495234,True,False
full_R3_R4_alpha_0.216910,0.21691,325,0.0009304504965114772,True,False
full_R3_R4_alpha_0.216910,0.21691,326,0.0017359794124203849,True,False
full_R3_R4_alpha_0.216910,0.21691,327,0.0022008613824872196,True,False
full_R3_R4_alpha_0.216910,0.21691,328,0.0015168768867377537,True,False
full_R3_R4_alpha_0.216910,0.21691,329,0.0011097668965264096,True,False
full_R3_R4_alpha_0.216910,0.21691,330,0.0011182427003700063,True,False
full_R3_R4_alpha_0.216910,0.21691,331,0.002936127634975234,True,False
full_R3_R4_alpha_0.216910,0.21691,332,0.0010304512268040098,True,False
full_R3_R4_alpha_0.216910,0.21691,333,0.0011112041932205706,True,False
full_R3_R4_alpha_0.216910,0.21691,334,0.00149649569460246,True,False
full_R3_R4_alpha_0.216910,0.21691,335,0.0009742200053100082,True,False
full_R3_R4_alpha_0.216910,0.21691,336,0.001290769196338592,True,False
full_R3_R4_alpha_0.216910,0.21691,337,0.0010880899111992725,True,False
full_R3_R4_alpha_0.216910,0.21691,338,0.000895064062116671,True,False
full_R3_R4_alpha_0.216910,0.21691,339,0.00107085422748915,True,False
full_R3_R4_alpha_0.216910,0.21691,340,0.0009638450601659971,True,False
full_R3_R4_alpha_0.216910,0.21691,341,0.0009909869140819789,True,False
full_R3_R4_alpha_0.216910,0.21691,342,0.0013386433069147476,True,False
full_R3_R4_alpha_0.216910,0.21691,343,0.0012612067783184084,True,False
full_R3_R4_alpha_0.216910,0.21691,344,0.0009753189146835316,True,False
full_R3_R4_alpha_0.216910,0.21691,345,0.0009661229452108687,True,False
full_R3_R4_alpha_0.216910,0.21691,346,0.0006975444383895451,True,False
full_R3_R4_alpha_0.216910,0.21691,347,0.001040834980416886,True,False
full_R3_R4_alpha_0.216910,0.21691,348,0.0016143191010750443,True,False
full_R3_R4_alpha_0.216910,0.21691,349,0.0012309130258287486,True,False
full_R3_R4_alpha_0.216910,0.21691,350,0.0022627198216635565,True,False
full_R3_R4_alpha_0.216910,0.21691,351,0.0014028795647916309,True,False
full_R3_R4_alpha_0.216910,0.21691,352,0.0006817128119662256,True,False
full_R3_R4_alpha_0.216910,0.21691,353,0.0013481349510465323,True,False
full_R3_R4_alpha_0.216910,0.21691,354,0.0023903905065472066,True,False
full_R3_R4_alpha_0.216910,0.21691,355,0.001125504380720886,True,False
full_R3_R4_alpha_0.216910,0.21691,356,0.00124151961910776,True,False
full_R3_R4_alpha_0.216910,0.21691,357,0.0005480272470177035,True,False
full_R3_R4_alpha_0.216910,0.21691,358,0.0009879201875498719,True,False
full_R3_R4_alpha_0.216910,0.21691,359,0.0015357596843287556,True,False
full_R3_R4_alpha_0.216910,0.21691,360,0.000906751260237417,True,False
full_R3_R4_alpha_0.216910,0.21691,361,0.0008900228480419926,True,False
full_R3_R4_alpha_0.216910,0.21691,362,0.0010595066700471959,True,False
full_R3_R4_alpha_0.216910,0.21691,363,0.0009811674355030319,True,False
full_R3_R4_alpha_0.216910,0.21691,364,0.0011394508646473285,True,False
full_R3_R4_alpha_0.216910,0.21691,365,0.0008191855574009274,True,False
full_R3_R4_alpha_0.216910,0.21691,366,0.0008760657608817627,True,False
full_R3_R4_alpha_0.216910,0.21691,367,0.001844220864020469,True,False
full_R3_R4_alpha_0.216910,0.21691,368,0.0015471942722465211,True,False
full_R3_R4_alpha_0.216910,0.21691,369,0.000748429368088173,True,False
full_R3_R4_alpha_0.216910,0.21691,370,0.0009804617616983268,True,False
full_R3_R4_alpha_0.216910,0.21691,371,0.0013166661083429572,True,False
full_R3_R4_alpha_0.216910,0.21691,372,0.001736094132129381,True,False
full_R3_R4_alpha_0.216910,0.21691,373,0.0010867404528036365,True,False
full_R3_R4_alpha_0.216910,0.21691,374,0.0009387567086493471,True,False
full_R3_R4_alpha_0.216910,0.21691,375,0.0011562827232071806,True,False
full_R3_R4_alpha_0.216910,0.21691,376,0.0009386948506217674,True,False
full_R3_R4_alpha_0.216910,0.21691,377,0.0020076648871903157,True,False
full_R3_R4_alpha_0.216910,0.21691,378,0.000877480855656405,True,False
full_R3_R4_alpha_0.216910,0.21691,379,0.0013334722760115006,True,False
full_R3_R4_alpha_0.216910,0.21691,380,0.001331942912964876,True,False
full_R3_R4_alpha_0.216910,0.21691,381,0.0012282351109950556,True,False
full_R3_R4_alpha_0.216910,0.21691,382,0.001319369227292108,True,False
full_R3_R4_alpha_0.216910,0.21691,383,0.0009928734463482208,True,False
full_R3_R4_alpha_0.216910,0.21691,384,0.001330023732662923,True,False
full_R3_R4_alpha_0.216910,0.21691,385,0.00114141773364062,True,False
full_R3_R4_alpha_0.216910,0.21691,386,0.00109062236264091,True,False
full_R3_R4_alpha_0.216910,0.21691,387,0.0007374301598848536,True,False
full_R3_R4_alpha_0.216910,0.21691,388,0.0009669609186906734,True,False
full_R3_R4_alpha_0.216910,0.21691,389,0.0010148363323083203,True,False
full_R3_R4_alpha_0.216910,0.21691,390,0.001458907324262327,True,False
full_R3_R4_alpha_0.216910,0.21691,391,0.0021409505273689623,True,False
full_R3_R4_alpha_0.216910,0.21691,392,0.0018404024375690893,True,False
full_R3_R4_alpha_0.216910,0.21691,393,0.0014012744249884402,True,False
full_R3_R4_alpha_0.216910,0.21691,394,0.00092543221797686,True,False
full_R3_R4_alpha_0.216910,0.21691,395,0.0012336814742652943,True,False
full_R3_R4_alpha_0.216910,0.21691,396,0.0008493773088070809,True,False
full_R3_R4_alpha_0.216910,0.21691,397,0.0013233318737816584,True,False
full_R3_R4_alpha_0.216910,0.21691,398,0.0008511892206319823,True,False
full_R3_R4_alpha_0.216910,0.21691,399,0.001709233881831571,True,False
full_R3_R4_alpha_0.216910,0.21691,400,0.0012886192974661543,True,False
full_R3_R4_alpha_0.216910,0.21691,401,0.001284878839893245,True,False
full_R3_R4_alpha_0.216910,0.21691,402,0.0012058109843489445,True,False
full_R3_R4_alpha_0.216910,0.21691,403,0.0018076446425371703,True,False
full_R3_R4_alpha_0.216910,0.21691,404,0.0014561176628075571,True,False
full_R3_R4_alpha_0.216910,0.21691,405,0.0008069521868482335,True,False
full_R3_R4_alpha_0.216910,0.21691,406,0.0013030397253744135,True,False
full_R3_R4_alpha_0.216910,0.21691,407,0.0009391582309303257,True,False
full_R3_R4_alpha_0.216910,0.21691,408,0.001134500125591626,True,False
full_R3_R4_alpha_0.216910,0.21691,409,0.0009302499741592185,True,False
full_R3_R4_alpha_0.216910,0.21691,410,0.0010493757758169918,True,False
full_R3_R4_alpha_0.216910,0.21691,411,0.001063424577835171,True,False
full_R3_R4_alpha_0.216910,0.21691,412,0.0009788421770716795,True,False
full_R3_R4_alpha_0.216910,0.21691,413,0.0013751188613246004,True,False
full_R3_R4_alpha_0.216910,0.21691,414,0.000877637039139029,True,False
full_R3_R4_alpha_0.216910,0.21691,415,0.0009538299579952206,True,False
full_R3_R4_alpha_0.216910,0.21691,416,0.0011933458587243464,True,False
full_R3_R4_alpha_0.216910,0.21691,417,0.0013388929713214414,True,False
full_R3_R4_alpha_0.216910,0.21691,418,0.0009438305146913954,True,False
full_R3_R4_alpha_0.216910,0.21691,419,0.0009504687824631083,True,False
full_R3_R4_alpha_0.216910,0.21691,420,0.001499107876584745,True,False
full_R3_R4_alpha_0.216910,0.21691,421,0.0008619647784835696,True,False
full_R3_R4_alpha_0.216910,0.21691,422,0.0006281146592435941,True,False
full_R3_R4_alpha_0.216910,0.21691,423,0.0009919641688923668,True,False
full_R3_R4_alpha_0.216910,0.21691,424,0.0010074028359587438,True,False
full_R3_R4_alpha_0.216910,0.21691,425,0.0013282372107556505,True,False
full_R3_R4_alpha_0.216910,0.21691,426,0.0008561783193073229,True,False
full_R3_R4_alpha_0.216910,0.21691,427,0.0006173599714128243,True,False
full_R3_R4_alpha_0.216910,0.21691,428,0.001072608175748335,True,False
full_R3_R4_alpha_0.216910,0.21691,429,0.00127807060181205,True,False
full_R3_R4_alpha_0.216910,0.21691,430,0.0007629504955692304,True,False
full_R3_R4_alpha_0.216910,0.21691,431,0.0015301834091134383,True,False
full_R3_R4_alpha_0.216910,0.21691,432,0.0009104794743959659,True,False
full_R3_R4_alpha_0.216910,0.21691,433,0.0006288878654356555,True,False
full_R3_R4_alpha_0.216910,0.21691,434,0.0012146905762972756,True,False
full_R3_R4_alpha_0.216910,0.21691,435,0.000934250555622818,True,False
full_R3_R4_alpha_0.216910,0.21691,436,0.0010427296495309005,True,False
full_R3_R4_alpha_0.216910,0.21691,437,0.0009322239862233832,True,False
full_R3_R4_alpha_0.216910,0.21691,438,0.0011374141725346233,True,False
full_R3_R4_alpha_0.216910,0.21691,439,0.000836904350817431,True,False
full_R3_R4_alpha_0.216910,0.21691,440,0.0008293965026543512,True,False
full_R3_R4_alpha_0.216910,0.21691,441,0.0007077532788823964,True,False
full_R3_R4_alpha_0.216910,0.21691,442,0.0017227295223804981,True,False
full_R3_R4_alpha_0.216910,0.21691,443,0.0005761863353111496,True,False
full_R3_R4_alpha_0.216910,0.21691,444,0.0010147022819159864,True,False
full_R3_R4_alpha_0.216910,0.21691,445,0.0010266194993390832,True,False
full_R3_R4_alpha_0.216910,0.21691,446,0.0013982783740374921,True,False
full_R3_R4_alpha_0.216910,0.21691,447,0.0008415973723622547,True,False
full_R3_R4_alpha_0.216910,0.21691,448,0.0015863287947291689,True,False
full_R3_R4_alpha_0.216910,0.21691,449,0.0010726473026771257,True,False
full_R3_R4_alpha_0.216910,0.21691,450,0.0011485102425774455,True,False
full_R3_R4_alpha_0.216910,0.21691,451,0.0006315050907801519,True,False
full_R3_R4_alpha_0.216910,0.21691,452,0.0015491052524331025,True,False
full_R3_R4_alpha_0.216910,0.21691,453,0.0012479970562572719,True,False
full_R3_R4_alpha_0.216910,0.21691,454,0.001303633138823689,True,False
full_R3_R4_alpha_0.216910,0.21691,455,0.0005490320128000692,True,False
full_R3_R4_alpha_0.216910,0.21691,456,0.0012876874726647494,True,False
full_R3_R4_alpha_0.216910,0.21691,457,0.001813304417065575,True,False
full_R3_R4_alpha_0.216910,0.21691,458,0.0008512200032878152,True,False
full_R3_R4_alpha_0.216910,0.21691,459,0.0009289194436008773,True,False
full_R3_R4_alpha_0.216910,0.21691,460,0.0014356235149601323,True,False
full_R3_R4_alpha_0.216910,0.21691,461,0.001479130222231598,True,False
full_R3_R4_alpha_0.216910,0.21691,462,0.0007297082688126504,True,False
full_R3_R4_alpha_0.216910,0.21691,463,0.000985385775822422,True,False
full_R3_R4_alpha_0.216910,0.21691,464,0.0012953836051403072,True,False
full_R3_R4_alpha_0.216910,0.21691,465,0.0011052701205923195,True,False
full_R3_R4_alpha_0.216910,0.21691,466,0.0016267256422825558,True,False
full_R3_R4_alpha_0.216910,0.21691,467,0.0009139986900999782,True,False
full_R3_R4_alpha_0.216910,0.21691,468,0.0018060504302555573,True,False
full_R3_R4_alpha_0.216910,0.21691,469,0.0010117487487106445,True,False
full_R3_R4_alpha_0.216910,0.21691,470,0.0009983269635794345,True,False
full_R3_R4_alpha_0.216910,0.21691,471,0.001259047802670608,True,False
full_R3_R4_alpha_0.216910,0.21691,472,0.0007866445722314449,True,False
full_R3_R4_alpha_0.216910,0.21691,473,0.0012392134761687677,True,False
full_R3_R4_alpha_0.216910,0.21691,474,0.0018167235807001788,True,False
full_R3_R4_alpha_0.216910,0.21691,475,0.0008743764708246009,True,False
full_R3_R4_alpha_0.216910,0.21691,476,0.0007780522947933414,True,False
full_R3_R4_alpha_0.216910,0.21691,477,0.0012875041843461907,True,False
full_R3_R4_alpha_0.216910,0.21691,478,0.0009884357250652558,True,False
full_R3_R4_alpha_0.216910,0.21691,479,0.001082846764538126,True,False
full_R3_R4_alpha_0.216910,0.21691,480,0.001486486427754025,True,False
full_R3_R4_alpha_0.216910,0.21691,481,0.0019117264535853796,True,False
full_R3_R4_alpha_0.216910,0.21691,482,0.000625031160008336,True,False
full_R3_R4_alpha_0.216910,0.21691,483,0.0014041520927839648,True,False
full_R3_R4_alpha_0.216910,0.21691,484,0.001454304207209648,True,False
full_R3_R4_alpha_0.216910,0.21691,485,0.0008516136791493803,True,False
full_R3_R4_alpha_0.216910,0.21691,486,0.001558223263573805,True,False
full_R3_R4_alpha_0.216910,0.21691,487,0.001236548950166689,True,False
full_R3_R4_alpha_0.216910,0.21691,488,0.0015061634722764396,True,False
full_R3_R4_alpha_0.216910,0.21691,489,0.0007780051498619029,True,False
full_R3_R4_alpha_0.216910,0.21691,490,0.0009430284110952392,True,False
full_R3_R4_alpha_0.216910,0.21691,491,0.0005742076480599174,True,False
full_R3_R4_alpha_0.216910,0.21691,492,0.0010351923269241242,True,False
full_R3_R4_alpha_0.216910,0.21691,493,0.0007761513377365553,True,False
full_R3_R4_alpha_0.216910,0.21691,494,0.0010113997463174944,True,False
full_R3_R4_alpha_0.216910,0.21691,495,0.001044455977686575,True,False
full_R3_R4_alpha_0.216910,0.21691,496,0.0009071965554841899,True,False
full_R3_R4_alpha_0.216910,0.21691,497,0.0011309961811300782,True,False
full_R3_R4_alpha_0.216910,0.21691,498,0.0008122967147806532,True,False
full_R3_R4_alpha_0.216910,0.21691,499,0.001173346920378976,True,False
full_R3_R4_alpha_0.216910,0.21691,500,0.0009762670748654802,True,False
full_R3_R4_alpha_0.216910,0.21691,501,0.0009770234311103309,True,False
full_R3_R4_alpha_0.216910,0.21691,502,0.0009126311445124276,True,False
full_R3_R4_alpha_0.216910,0.21691,503,0.0006897470081898093,True,False
full_R3_R4_alpha_0.216910,0.21691,504,0.0006872115358178823,True,False
full_R3_R4_alpha_0.216910,0.21691,505,0.0012118328039660102,True,False
full_R3_R4_alpha_0.216910,0.21691,506,0.0012680031859285145,True,False
full_R3_R4_alpha_0.216910,0.21691,507,0.001176474732595005,True,False
full_R3_R4_alpha_0.216910,0.21691,508,0.000870084692066971,True,False
full_R3_R4_alpha_0.216910,0.21691,509,0.0011733430517831588,True,False
full_R3_R4_alpha_0.216910,0.21691,510,0.0005738369515996502,True,False
full_R3_R4_alpha_0.216910,0.21691,511,0.0015628789814570744,True,False
full_R3_R4_alpha_0.216910,0.21691,512,0.0008566210792464903,True,False
full_R3_R4_alpha_0.216910,0.21691,513,0.0015715516665809717,True,False
full_R3_R4_alpha_0.216910,0.21691,514,0.0010400323867325815,True,False
full_R3_R4_alpha_0.216910,0.21691,515,0.0010006599044133516,True,False
full_R3_R4_alpha_0.216910,0.21691,516,0.0009023514377779883,True,False
full_R3_R4_alpha_0.216910,0.21691,517,0.000942961374317189,True,False
full_R3_R4_alpha_0.216910,0.21691,518,0.0012628177307461065,True,False
full_R3_R4_alpha_0.216910,0.21691,519,0.0009809088852294168,True,False
full_R3_R4_alpha_0.216910,0.21691,520,0.0017901515644094602,True,False
full_R3_R4_alpha_0.216910,0.21691,521,0.0013387739466825832,True,False
full_R3_R4_alpha_0.216910,0.21691,522,0.001203483997985134,True,False
full_R3_R4_alpha_0.216910,0.21691,523,0.0009915490451979877,True,False
full_R3_R4_alpha_0.216910,0.21691,524,0.0011134734060679892,True,False
full_R3_R4_alpha_0.216910,0.21691,525,0.001125251747636054,True,False
full_R3_R4_alpha_0.216910,0.21691,526,0.0008158150715298296,True,False
full_R3_R4_alpha_0.216910,0.21691,527,0.0014194873480960668,True,False
full_R3_R4_alpha_0.216910,0.21691,528,0.0010294295465312795,True,False
full_R3_R4_alpha_0.216910,0.21691,529,0.0010419016371970976,True,False
full_R3_R4_alpha_0.216910,0.21691,530,0.0009648300241181292,True,False
full_R3_R4_alpha_0.216910,0.21691,531,0.001002577792079181,True,False
full_R3_R4_alpha_0.216910,0.21691,532,0.0014139435209108916,True,False
full_R3_R4_alpha_0.216910,0.21691,533,0.0007103219376617159,True,False
full_R3_R4_alpha_0.216910,0.21691,534,0.0013029854251237663,True,False
full_R3_R4_alpha_0.216910,0.21691,535,0.0008233000841992978,True,False
full_R3_R4_alpha_0.216910,0.21691,536,0.0010677014817290164,True,False
full_R3_R4_alpha_0.216910,0.21691,537,0.000771185458133655,True,False
full_R3_R4_alpha_0.216910,0.21691,538,0.0015710056679293374,True,False
full_R3_R4_alpha_0.216910,0.21691,539,0.001049130607354882,True,False
full_R3_R4_alpha_0.216910,0.21691,540,0.0006819840940193744,True,False
full_R3_R4_alpha_0.216910,0.21691,541,0.0007591286688046606,True,False
full_R3_R4_alpha_0.216910,0.21691,542,0.00167692448323863,True,False
full_R3_R4_alpha_0.216910,0.21691,543,0.0016597410414897098,True,False
full_R3_R4_alpha_0.216910,0.21691,544,0.0010470145559791698,True,False
full_R3_R4_alpha_0.216910,0.21691,545,0.0010251932431387398,True,False
full_R3_R4_alpha_0.216910,0.21691,546,0.0011396328197121022,True,False
full_R3_R4_alpha_0.216910,0.21691,547,0.0009693603086174624,True,False
full_R3_R4_alpha_0.216910,0.21691,548,0.0009195986526342198,True,False
full_R3_R4_alpha_0.216910,0.21691,549,0.0013889166081768978,True,False
full_R3_R4_alpha_0.216910,0.21691,550,0.0009202873333745866,True,False
full_R3_R4_alpha_0.216910,0.21691,551,0.0011156915098232125,True,False
full_R3_R4_alpha_0.216910,0.21691,552,0.0007435225595923178,True,False
full_R3_R4_alpha_0.216910,0.21691,553,0.0010778546710796665,True,False
full_R3_R4_alpha_0.216910,0.21691,554,0.0013191375881151381,True,False
full_R3_R4_alpha_0.216910,0.21691,555,0.0006442761891042889,True,False
full_R3_R4_alpha_0.216910,0.21691,556,0.0015714146489234726,True,False
full_R3_R4_alpha_0.216910,0.21691,557,0.001514026842359244,True,False
full_R3_R4_alpha_0.216910,0.21691,558,0.0010757625992133513,True,False
full_R3_R4_alpha_0.216910,0.21691,559,0.0011359195954496323,True,False
full_R3_R4_alpha_0.216910,0.21691,560,0.0016873346351944068,True,False
full_R3_R4_alpha_0.216910,0.21691,561,0.0008783912822155808,True,False
full_R3_R4_alpha_0.216910,0.21691,562,0.00146388155876236,True,False
full_R3_R4_alpha_0.216910,0.21691,563,0.0012450148619599702,True,False
full_R3_R4_alpha_0.216910,0.21691,564,0.0008413331269548179,True,False
full_R3_R4_alpha_0.216910,0.21691,565,0.0008459479860328517,True,False
full_R3_R4_alpha_0.216910,0.21691,566,0.0008250458070096499,True,False
full_R3_R4_alpha_0.216910,0.21691,567,0.0009803754670577546,True,False
full_R3_R4_alpha_0.216910,0.21691,568,0.001210871266945994,True,False
full_R3_R4_alpha_0.216910,0.21691,569,0.0012634747818992102,True,False
full_R3_R4_alpha_0.216910,0.21691,570,0.0005659405262548824,True,False
full_R3_R4_alpha_0.216910,0.21691,571,0.0015541057222905053,True,False
full_R3_R4_alpha_0.216910,0.21691,572,0.0010634174864956332,True,False
full_R3_R4_alpha_0.216910,0.21691,573,0.0008022002917757025,True,False
full_R3_R4_alpha_0.216910,0.21691,574,0.0009702074248186877,True,False
full_R3_R4_alpha_0.216910,0.21691,575,0.000990107901644586,True,False
full_R3_R4_alpha_0.216910,0.21691,576,0.0018277549198315436,True,False
full_R3_R4_alpha_0.216910,0.21691,577,0.0008449851718810654,True,False
full_R3_R4_alpha_0.216910,0.21691,578,0.0015564310225785849,True,False
full_R3_R4_alpha_0.216910,0.21691,579,0.0011038889027142292,True,False
full_R3_R4_alpha_0.216910,0.21691,580,0.001056710004896346,True,False
full_R3_R4_alpha_0.216910,0.21691,581,0.0008219784623107694,True,False
full_R3_R4_alpha_0.216910,0.21691,582,0.0010929669138988276,True,False
full_R3_R4_alpha_0.216910,0.21691,583,0.000854885560214829,True,False
full_R3_R4_alpha_0.216910,0.21691,584,0.0011911074214069673,True,False
full_R3_R4_alpha_0.216910,0.21691,585,0.0010072876586734668,True,False
full_R3_R4_alpha_0.216910,0.21691,586,0.001597448556841947,True,False
full_R3_R4_alpha_0.216910,0.21691,587,0.0006787060862844001,True,False
full_R3_R4_alpha_0.216910,0.21691,588,0.0012564087366990905,True,False
full_R3_R4_alpha_0.216910,0.21691,589,0.0013408298029412681,True,False
full_R3_R4_alpha_0.216910,0.21691,590,0.0013595720407119432,True,False
full_R3_R4_alpha_0.216910,0.21691,591,0.0010373587080916185,True,False
full_R3_R4_alpha_0.216910,0.21691,592,0.0011271379102033964,True,False
full_R3_R4_alpha_0.216910,0.21691,593,0.0007392270518459352,True,False
full_R3_R4_alpha_0.216910,0.21691,594,0.0012478630134865898,True,False
full_R3_R4_alpha_0.216910,0.21691,595,0.0011290527315755345,True,False
full_R3_R4_alpha_0.216910,0.21691,596,0.0012435045534361325,True,False
full_R3_R4_alpha_0.216910,0.21691,597,0.00120399204719555,True,False
full_R3_R4_alpha_0.216910,0.21691,598,0.0008443284905857485,True,False
full_R3_R4_alpha_0.216910,0.21691,599,0.0010907043123861435,True,False
full_R3_R4_alpha_0.216910,0.21691,600,0.0006394327181522217,True,False
full_R3_R4_alpha_0.216910,0.21691,601,0.0013663105767716568,True,False
full_R3_R4_alpha_0.216910,0.21691,602,0.001415763765976371,True,False
full_R3_R4_alpha_0.216910,0.21691,603,0.0013774889323009175,True,False
full_R3_R4_alpha_0.216910,0.21691,604,0.001045540302121017,True,False
full_R3_R4_alpha_0.216910,0.21691,605,0.0011474103125117896,True,False
full_R3_R4_alpha_0.216910,0.21691,606,0.0013256020021752072,True,False
full_R3_R4_alpha_0.216910,0.21691,607,0.0010698666514655066,True,False
full_R3_R4_alpha_0.216910,0.21691,608,0.0008605580159204411,True,False
full_R3_R4_alpha_0.216910,0.21691,609,0.001438217496358049,True,False
full_R3_R4_alpha_0.216910,0.21691,610,0.0013092685213846051,True,False
full_R3_R4_alpha_0.216910,0.21691,611,0.0011691883209255841,True,False
full_R3_R4_alpha_0.216910,0.21691,612,0.0007751923646398033,True,False
full_R3_R4_alpha_0.216910,0.21691,613,0.0011778685740040373,True,False
full_R3_R4_alpha_0.216910,0.21691,614,0.0010528778456951361,True,False
full_R3_R4_alpha_0.216910,0.21691,615,0.0009243101985468281,True,False
full_R3_R4_alpha_0.216910,0.21691,616,0.0014059047575315754,True,False
full_R3_R4_alpha_0.216910,0.21691,617,0.001388866559895117,True,False
full_R3_R4_alpha_0.216910,0.21691,618,0.001254222822442627,True,False
full_R3_R4_alpha_0.216910,0.21691,619,0.001387181184985906,True,False
full_R3_R4_alpha_0.216910,0.21691,620,0.001373006242749085,True,False
full_R3_R4_alpha_0.216910,0.21691,621,0.0011664928484925064,True,False
full_R3_R4_alpha_0.216910,0.21691,622,0.0014865767386807102,True,False
full_R3_R4_alpha_0.216910,0.21691,623,0.0008691113345020162,True,False
full_R3_R4_alpha_0.216910,0.21691,624,0.0009060988670805352,True,False
full_R3_R4_alpha_0.216910,0.21691,625,0.000893526947493434,True,False
full_R3_R4_alpha_0.216910,0.21691,626,0.0010593167824033307,True,False
full_R3_R4_alpha_0.216910,0.21691,627,0.0008428787290736858,True,False
full_R3_R4_alpha_0.216910,0.21691,628,0.0014768736204576623,True,False
full_R3_R4_alpha_0.216910,0.21691,629,0.0010668096015956279,True,False
full_R3_R4_alpha_0.216910,0.21691,630,0.0008545033239743245,True,False
full_R3_R4_alpha_0.216910,0.21691,631,0.0011697407635261788,True,False
full_R3_R4_alpha_0.216910,0.21691,632,0.0009593890745666837,True,False
full_R3_R4_alpha_0.216910,0.21691,633,0.0008435512612385299,True,False
full_R3_R4_alpha_0.216910,0.21691,634,0.0017290187781015998,True,False
full_R3_R4_alpha_0.216910,0.21691,635,0.0007532089396671236,True,False
full_R3_R4_alpha_0.216910,0.21691,636,0.0013320154983925575,True,False
full_R3_R4_alpha_0.216910,0.21691,637,0.001047009842357525,True,False
full_R3_R4_alpha_0.216910,0.21691,638,0.0014171624495608888,True,False
full_R3_R4_alpha_0.216910,0.21691,639,0.0008787298457508352,True,False
full_R3_R4_alpha_0.216910,0.21691,640,0.0011750362098844173,True,False
full_R3_R4_alpha_0.216910,0.21691,641,0.0009416085311275043,True,False
full_R3_R4_alpha_0.216910,0.21691,642,0.001060552568465828,True,False
full_R3_R4_alpha_0.216910,0.21691,643,0.0007554978370011758,True,False
full_R3_R4_alpha_0.216910,0.21691,644,0.0014625614323323104,True,False
full_R3_R4_alpha_0.216910,0.21691,645,0.001890625864551661,True,False
full_R3_R4_alpha_0.216910,0.21691,646,0.0015409721194977126,True,False
full_R3_R4_alpha_0.216910,0.21691,647,0.0009190131257381688,True,False
full_R3_R4_alpha_0.216910,0.21691,648,0.0008843253477874645,True,False
full_R3_R4_alpha_0.216910,0.21691,649,0.0017842977690025353,True,False
full_R3_R4_alpha_0.216910,0.21691,650,0.0010677179669717673,True,False
full_R3_R4_alpha_0.216910,0.21691,651,0.001447543811605031,True,False
full_R3_R4_alpha_0.216910,0.21691,652,0.0006875548788835153,True,False
full_R3_R4_alpha_0.216910,0.21691,653,0.0011315541366149716,True,False
full_R3_R4_alpha_0.216910,0.21691,654,0.0010514023865817034,True,False
full_R3_R4_alpha_0.216910,0.21691,655,0.0010443171391068017,True,False
full_R3_R4_alpha_0.216910,0.21691,656,0.0016123961397176143,True,False
full_R3_R4_alpha_0.216910,0.21691,657,0.0008537579009991861,True,False
full_R3_R4_alpha_0.216910,0.21691,658,0.0013815906694488072,True,False
full_R3_R4_alpha_0.216910,0.21691,659,0.0009584007954653727,True,False
full_R3_R4_alpha_0.216910,0.21691,660,0.0015990019429788797,True,False
full_R3_R4_alpha_0.216910,0.21691,661,0.0008458335292780372,True,False
full_R3_R4_alpha_0.216910,0.21691,662,0.001575499769553307,True,False
full_R3_R4_alpha_0.216910,0.21691,663,0.0013977028501533575,True,False
full_R3_R4_alpha_0.216910,0.21691,664,0.0016563196629000632,True,False
full_R3_R4_alpha_0.216910,0.21691,665,0.0011488632945985087,True,False
full_R3_R4_alpha_0.216910,0.21691,666,0.0015802971273827656,True,False
full_R3_R4_alpha_0.216910,0.21691,667,0.0009079673612848917,True,False
full_R3_R4_alpha_0.216910,0.21691,668,0.0017955464251268609,True,False
full_R3_R4_alpha_0.216910,0.21691,669,0.0006991216086494857,True,False
full_R3_R4_alpha_0.216910,0.21691,670,0.001278594353741931,True,False
full_R3_R4_alpha_0.216910,0.21691,671,0.0010843302956087648,True,False
full_R3_R4_alpha_0.216910,0.21691,672,0.0011028150286224972,True,False
full_R3_R4_alpha_0.216910,0.21691,673,0.000953834863025906,True,False
full_R3_R4_alpha_0.216910,0.21691,674,0.001433196556876597,True,False
full_R3_R4_alpha_0.216910,0.21691,675,0.0009366514777947496,True,False
full_R3_R4_alpha_0.216910,0.21691,676,0.0006958294140275082,True,False
full_R3_R4_alpha_0.216910,0.21691,677,0.0009025802117725121,True,False
full_R3_R4_alpha_0.216910,0.21691,678,0.0010962560395301262,True,False
full_R3_R4_alpha_0.216910,0.21691,679,0.00089310219857289,True,False
full_R3_R4_alpha_0.216910,0.21691,680,0.0007369966399631775,True,False
full_R3_R4_alpha_0.216910,0.21691,681,0.0011168147274952212,True,False
full_R3_R4_alpha_0.216910,0.21691,682,0.0008223248564341712,True,False
full_R3_R4_alpha_0.216910,0.21691,683,0.001450237119091082,True,False
full_R3_R4_alpha_0.216910,0.21691,684,0.0009470436144069284,True,False
full_R3_R4_alpha_0.216910,0.21691,685,0.0016038287565571703,True,False
full_R3_R4_alpha_0.216910,0.21691,686,0.0008538891870461434,True,False
full_R3_R4_alpha_0.216910,0.21691,687,0.001795943775229675,True,False
full_R3_R4_alpha_0.216910,0.21691,688,0.0011552290689248732,True,False
full_R3_R4_alpha_0.216910,0.21691,689,0.0008946261302756001,True,False
full_R3_R4_alpha_0.216910,0.21691,690,0.0007760560235032132,True,False
full_R3_R4_alpha_0.216910,0.21691,691,0.0017286794460376416,True,False
full_R3_R4_alpha_0.216910,0.21691,692,0.0013557304296953094,True,False
full_R3_R4_alpha_0.216910,0.21691,693,0.0014286003581551398,True,False
full_R3_R4_alpha_0.216910,0.21691,694,0.000845597481829624,True,False
full_R3_R4_alpha_0.216910,0.21691,695,0.0008973168188443398,True,False
full_R3_R4_alpha_0.216910,0.21691,696,0.0007384836725152129,True,False
full_R3_R4_alpha_0.216910,0.21691,697,0.0009438357192993005,True,False
full_R3_R4_alpha_0.216910,0.21691,698,0.0014191985754244997,True,False
full_R3_R4_alpha_0.216910,0.21691,699,0.0005202436721124616,True,False
full_R3_R4_alpha_0.216910,0.21691,700,0.0012830146730945934,True,False
full_R3_R4_alpha_0.216910,0.21691,701,0.0013253673957515626,True,False
full_R3_R4_alpha_0.216910,0.21691,702,0.000866765095234847,True,False
full_R3_R4_alpha_0.216910,0.21691,703,0.0009162764503002765,True,False
full_R3_R4_alpha_0.216910,0.21691,704,0.0006176506158623653,True,False
full_R3_R4_alpha_0.216910,0.21691,705,0.0009869951154239005,True,False
full_R3_R4_alpha_0.216910,0.21691,706,0.002121053926155673,True,False
full_R3_R4_alpha_0.216910,0.21691,707,0.0010701462078168706,True,False
full_R3_R4_alpha_0.216910,0.21691,708,0.0020906590494152023,True,False
full_R3_R4_alpha_0.216910,0.21691,709,0.0008276873457538647,True,False
full_R3_R4_alpha_0.216910,0.21691,710,0.0014546125146639177,True,False
full_R3_R4_alpha_0.216910,0.21691,711,0.001255567887599996,True,False
full_R3_R4_alpha_0.216910,0.21691,712,0.0011603340584312109,True,False
full_R3_R4_alpha_0.216910,0.21691,713,0.0016809176627631704,True,False
full_R3_R4_alpha_0.216910,0.21691,714,0.0008778842795247235,True,False
full_R3_R4_alpha_0.216910,0.21691,715,0.0008625365849478108,True,False
full_R3_R4_alpha_0.216910,0.21691,716,0.0009973823774481363,True,False
full_R3_R4_alpha_0.216910,0.21691,717,0.0020226268156421302,True,False
full_R3_R4_alpha_0.216910,0.21691,718,0.0012341687832752048,True,False
full_R3_R4_alpha_0.216910,0.21691,719,0.0010947167063171878,True,False
full_R3_R4_alpha_0.216910,0.21691,720,0.0009294529845068845,True,False
full_R3_R4_alpha_0.216910,0.21691,721,0.0005109024374007148,True,False
full_R3_R4_alpha_0.216910,0.21691,722,0.0005483420759197761,True,False
full_R3_R4_alpha_0.216910,0.21691,723,0.000972926002790652,True,False
full_R3_R4_alpha_0.216910,0.21691,724,0.0008066469146243353,True,False
full_R3_R4_alpha_0.216910,0.21691,725,0.0008200995043117557,True,False
full_R3_R4_alpha_0.216910,0.21691,726,0.001409151452846331,True,False
full_R3_R4_alpha_0.216910,0.21691,727,0.0018726292491950934,True,False
full_R3_R4_alpha_0.216910,0.21691,728,0.0009680463270255569,True,False
full_R3_R4_alpha_0.216910,0.21691,729,0.0012291473586864045,True,False
full_R3_R4_alpha_0.216910,0.21691,730,0.0010359293442091845,True,False
full_R3_R4_alpha_0.216910,0.21691,731,0.002475032398073926,True,False
full_R3_R4_alpha_0.216910,0.21691,732,0.00120317268727949,True,False
full_R3_R4_alpha_0.216910,0.21691,733,0.0007394236711053414,True,False
full_R3_R4_alpha_0.216910,0.21691,734,0.0009955036227914764,True,False
full_R3_R4_alpha_0.216910,0.21691,735,0.001254423697446961,True,False
full_R3_R4_alpha_0.216910,0.21691,736,0.0013267629930515462,True,False
full_R3_R4_alpha_0.216910,0.21691,737,0.0008833558465043892,True,False
full_R3_R4_alpha_0.216910,0.21691,738,0.0009745418859341055,True,False
full_R3_R4_alpha_0.216910,0.21691,739,0.0009721693809681068,True,False
full_R3_R4_alpha_0.216910,0.21691,740,0.0011140205645081274,True,False
full_R3_R4_alpha_0.216910,0.21691,741,0.0017545556909639784,True,False
full_R3_R4_alpha_0.216910,0.21691,742,0.00149381788949194,True,False
full_R3_R4_alpha_0.216910,0.21691,743,0.0011419022088742503,True,False
full_R3_R4_alpha_0.216910,0.21691,744,0.0008245039499933556,True,False
full_R3_R4_alpha_0.216910,0.21691,745,0.0016831380822196727,True,False
full_R3_R4_alpha_0.216910,0.21691,746,0.0008809122490164959,True,False
full_R3_R4_alpha_0.216910,0.21691,747,0.000916002778930554,True,False
full_R3_R4_alpha_0.216910,0.21691,748,0.001613094790755977,True,False
full_R3_R4_alpha_0.216910,0.21691,749,0.0010502897621789277,True,False
full_R3_R4_alpha_0.216910,0.21691,750,0.0006482626774640875,True,False
full_R3_R4_alpha_0.216910,0.21691,751,0.0009379302274506227,True,False
full_R3_R4_alpha_0.216910,0.21691,752,0.0029067946074328886,True,False
full_R3_R4_alpha_0.216910,0.21691,753,0.001866813734562636,True,False
full_R3_R4_alpha_0.216910,0.21691,754,0.0008877802225323417,True,False
full_R3_R4_alpha_0.216910,0.21691,755,0.0013313000103362148,True,False
full_R3_R4_alpha_0.216910,0.21691,756,0.001239026376693619,True,False
full_R3_R4_alpha_0.216910,0.21691,757,0.0019018599323243264,True,False
full_R3_R4_alpha_0.216910,0.21691,758,0.000717135531065896,True,False
full_R3_R4_alpha_0.216910,0.21691,759,0.0013258701961008396,True,False
full_R3_R4_alpha_0.216910,0.21691,760,0.0012949351467249966,True,False
full_R3_R4_alpha_0.216910,0.21691,761,0.001139866852490562,True,False
full_R3_R4_alpha_0.216910,0.21691,762,0.0014850316329565493,True,False
full_R3_R4_alpha_0.216910,0.21691,763,0.0006122547218168238,True,False
full_R3_R4_alpha_0.216910,0.21691,764,0.000792234079927297,True,False
full_R3_R4_alpha_0.216910,0.21691,765,0.0005590127138119802,True,False
full_R3_R4_alpha_0.216910,0.21691,766,0.001306021497060485,True,False
full_R3_R4_alpha_0.216910,0.21691,767,0.0011806786356250382,True,False
full_R3_R4_alpha_0.216910,0.21691,768,0.002172297483854041,True,False
full_R3_R4_alpha_0.216910,0.21691,769,0.001337671409909945,True,False
full_R3_R4_alpha_0.216910,0.21691,770,0.0009759826169488704,True,False
full_R3_R4_alpha_0.216910,0.21691,771,0.000917086331461557,True,False
full_R3_R4_alpha_0.216910,0.21691,772,0.0006620633127003963,True,False
full_R3_R4_alpha_0.216910,0.21691,773,0.0015221791561253525,True,False
full_R3_R4_alpha_0.216910,0.21691,774,0.0011363208329617943,True,False
full_R3_R4_alpha_0.216910,0.21691,775,0.0010473746645087577,True,False
full_R3_R4_alpha_0.216910,0.21691,776,0.0007514157501861107,True,False
full_R3_R4_alpha_0.216910,0.21691,777,0.0010464101395884582,True,False
full_R3_R4_alpha_0.216910,0.21691,778,0.0010976014862876244,True,False
full_R3_R4_alpha_0.216910,0.21691,779,0.0011087056963819202,True,False
full_R3_R4_alpha_0.216910,0.21691,780,0.000862402742650005,True,False
full_R3_R4_alpha_0.216910,0.21691,781,0.0011415220224099817,True,False
full_R3_R4_alpha_0.216910,0.21691,782,0.0008209760277818533,True,False
full_R3_R4_alpha_0.216910,0.21691,783,0.0016260707548278609,True,False
full_R3_R4_alpha_0.216910,0.21691,784,0.0011671297065972846,True,False
full_R3_R4_alpha_0.216910,0.21691,785,0.0011812543141670874,True,False
full_R3_R4_alpha_0.216910,0.21691,786,0.0012457475322618984,True,False
full_R3_R4_alpha_0.216910,0.21691,787,0.0013115386442646307,True,False
full_R3_R4_alpha_0.216910,0.21691,788,0.0014703378686822264,True,False
full_R3_R4_alpha_0.216910,0.21691,789,0.0009711187671661086,True,False
full_R3_R4_alpha_0.216910,0.21691,790,0.0012157440367239955,True,False
full_R3_R4_alpha_0.216910,0.21691,791,0.0007046971338284918,True,False
full_R3_R4_alpha_0.216910,0.21691,792,0.0012020994962256362,True,False
full_R3_R4_alpha_0.216910,0.21691,793,0.0006780809001303314,True,False
full_R3_R4_alpha_0.216910,0.21691,794,0.0008704095199539651,True,False
full_R3_R4_alpha_0.216910,0.21691,795,0.0014021843827793678,True,False
full_R3_R4_alpha_0.216910,0.21691,796,0.001450202534377396,True,False
full_R3_R4_alpha_0.216910,0.21691,797,0.0007129105671367169,True,False
full_R3_R4_alpha_0.216910,0.21691,798,0.000808201692868791,True,False
full_R3_R4_alpha_0.216910,0.21691,799,0.000756574166793569,True,False
full_R3_R4_alpha_0.216910,0.21691,800,0.0017607885368208117,True,False
full_R3_R4_alpha_0.216910,0.21691,801,0.001105681417333711,True,False
full_R3_R4_alpha_0.216910,0.21691,802,0.0014218961868919162,True,False
full_R3_R4_alpha_0.216910,0.21691,803,0.0010446787082660752,True,False
full_R3_R4_alpha_0.216910,0.21691,804,0.0009225332866414891,True,False
full_R3_R4_alpha_0.216910,0.21691,805,0.0009048332751020378,True,False
full_R3_R4_alpha_0.216910,0.21691,806,0.0017194521176683432,True,False
full_R3_R4_alpha_0.216910,0.21691,807,0.00114537456435713,True,False
full_R3_R4_alpha_0.216910,0.21691,808,0.001067246803647475,True,False
full_R3_R4_alpha_0.216910,0.21691,809,0.0009758056873238674,True,False
full_R3_R4_alpha_0.216910,0.21691,810,0.0010402643160032268,True,False
full_R3_R4_alpha_0.216910,0.21691,811,0.0015095948055131774,True,False
full_R3_R4_alpha_0.216910,0.21691,812,0.0013839872699849753,True,False
full_R3_R4_alpha_0.216910,0.21691,813,0.0008886032750839731,True,False
full_R3_R4_alpha_0.216910,0.21691,814,0.0010806494698972643,True,False
full_R3_R4_alpha_0.216910,0.21691,815,0.0012516682107185084,True,False
full_R3_R4_alpha_0.216910,0.21691,816,0.0007401839321021635,True,False
full_R3_R4_alpha_0.216910,0.21691,817,0.0009730867829433245,True,False
full_R3_R4_alpha_0.216910,0.21691,818,0.0006037335102548692,True,False
full_R3_R4_alpha_0.216910,0.21691,819,0.0022504999632457644,True,False
full_R3_R4_alpha_0.216910,0.21691,820,0.0022657471011835735,True,False
full_R3_R4_alpha_0.216910,0.21691,821,0.0009692476592040837,True,False
full_R3_R4_alpha_0.216910,0.21691,822,0.0013506640754120279,True,False
full_R3_R4_alpha_0.216910,0.21691,823,0.0015877597251982873,True,False
full_R3_R4_alpha_0.216910,0.21691,824,0.0013402465867179826,True,False
full_R3_R4_alpha_0.216910,0.21691,825,0.0012633879080375826,True,False
full_R3_R4_alpha_0.216910,0.21691,826,0.0007404712398637061,True,False
full_R3_R4_alpha_0.216910,0.21691,827,0.0007896174636891082,True,False
full_R3_R4_alpha_0.216910,0.21691,828,0.0010112071872949626,True,False
full_R3_R4_alpha_0.216910,0.21691,829,0.0018092665954745014,True,False
full_R3_R4_alpha_0.216910,0.21691,830,0.0011244568161263109,True,False
full_R3_R4_alpha_0.216910,0.21691,831,0.001478631533462682,True,False
full_R3_R4_alpha_0.216910,0.21691,832,0.0005951829569397405,True,False
full_R3_R4_alpha_0.216910,0.21691,833,0.001266104100899156,True,False
full_R3_R4_alpha_0.216910,0.21691,834,0.001671007848963993,True,False
full_R3_R4_alpha_0.216910,0.21691,835,0.0009125119723485953,True,False
full_R3_R4_alpha_0.216910,0.21691,836,0.000947785020555136,True,False
full_R3_R4_alpha_0.216910,0.21691,837,0.0013812536586721056,True,False
full_R3_R4_alpha_0.216910,0.21691,838,0.001100858281580544,True,False
full_R3_R4_alpha_0.216910,0.21691,839,0.0009450008608217251,True,False
full_R3_R4_alpha_0.216910,0.21691,840,0.0014701011617117494,True,False
full_R3_R4_alpha_0.216910,0.21691,841,0.0011079118735793168,True,False
full_R3_R4_alpha_0.216910,0.21691,842,0.0013681178273744405,True,False
full_R3_R4_alpha_0.216910,0.21691,843,0.0008413707022975798,True,False
full_R3_R4_alpha_0.216910,0.21691,844,0.0011072909621631889,True,False
full_R3_R4_alpha_0.216910,0.21691,845,0.000801480250787113,True,False
full_R3_R4_alpha_0.216910,0.21691,846,0.0015159339583761683,True,False
full_R3_R4_alpha_0.216910,0.21691,847,0.0008279995027185251,True,False
full_R3_R4_alpha_0.216910,0.21691,848,0.0017248193843654655,True,False
full_R3_R4_alpha_0.216910,0.21691,849,0.0009442197448328755,True,False
full_R3_R4_alpha_0.216910,0.21691,850,0.0007662036630401925,True,False
full_R3_R4_alpha_0.216910,0.21691,851,0.0015077858116154536,True,False
full_R3_R4_alpha_0.216910,0.21691,852,0.0009825076293478536,True,False
full_R3_R4_alpha_0.216910,0.21691,853,0.001819841269333852,True,False
full_R3_R4_alpha_0.216910,0.21691,854,0.0011257442151026142,True,False
full_R3_R4_alpha_0.216910,0.21691,855,0.0008976089604853844,True,False
full_R3_R4_alpha_0.216910,0.21691,856,0.0012260370670805515,True,False
full_R3_R4_alpha_0.216910,0.21691,857,0.0007335094706440287,True,False
full_R3_R4_alpha_0.216910,0.21691,858,0.0009051261237742662,True,False
full_R3_R4_alpha_0.216910,0.21691,859,0.0017995253777180187,True,False
full_R3_R4_alpha_0.216910,0.21691,860,0.0017871024937843425,True,False
full_R3_R4_alpha_0.216910,0.21691,861,0.0009037662747498884,True,False
full_R3_R4_alpha_0.216910,0.21691,862,0.0013313423850313075,True,False
full_R3_R4_alpha_0.216910,0.21691,863,0.0005576300483053113,True,False
full_R3_R4_alpha_0.216910,0.21691,864,0.000976324916464142,True,False
full_R3_R4_alpha_0.216910,0.21691,865,0.0013095674308156527,True,False
full_R3_R4_alpha_0.216910,0.21691,866,0.0015539322503477667,True,False
full_R3_R4_alpha_0.216910,0.21691,867,0.0011453893239566648,True,False
full_R3_R4_alpha_0.216910,0.21691,868,0.0012095276901172968,True,False
full_R3_R4_alpha_0.216910,0.21691,869,0.0012639969208333704,True,False
full_R3_R4_alpha_0.216910,0.21691,870,0.0011300457499961673,True,False
full_R3_R4_alpha_0.216910,0.21691,871,0.0014034892813073894,True,False
full_R3_R4_alpha_0.216910,0.21691,872,0.00125892865529567,True,False
full_R3_R4_alpha_0.216910,0.21691,873,0.0013877036345006767,True,False
full_R3_R4_alpha_0.216910,0.21691,874,0.0006479515700046641,True,False
full_R3_R4_alpha_0.216910,0.21691,875,0.0010724632823605243,True,False
full_R3_R4_alpha_0.216910,0.21691,876,0.0008915310814991044,True,False
full_R3_R4_alpha_0.216910,0.21691,877,0.0006953996968380952,True,False
full_R3_R4_alpha_0.216910,0.21691,878,0.0013240916994971567,True,False
full_R3_R4_alpha_0.216910,0.21691,879,0.00089826718378428,True,False
full_R3_R4_alpha_0.216910,0.21691,880,0.0012291867734084134,True,False
full_R3_R4_alpha_0.216910,0.21691,881,0.0007495085357777744,True,False
full_R3_R4_alpha_0.216910,0.21691,882,0.0009770639158164054,True,False
full_R3_R4_alpha_0.216910,0.21691,883,0.0012109388802590563,True,False
full_R3_R4_alpha_0.216910,0.21691,884,0.001136550557736472,True,False
full_R3_R4_alpha_0.216910,0.21691,885,0.0005023530109389419,True,False
full_R3_R4_alpha_0.216910,0.21691,886,0.0009163360898821536,True,False
full_R3_R4_alpha_0.216910,0.21691,887,0.001135966475666621,True,False
full_R3_R4_alpha_0.216910,0.21691,888,0.0009243225997850611,True,False
full_R3_R4_alpha_0.216910,0.21691,889,0.001381923651801429,True,False
full_R3_R4_alpha_0.216910,0.21691,890,0.0010993579747031602,True,False
full_R3_R4_alpha_0.216910,0.21691,891,0.0016251535044363367,True,False
full_R3_R4_alpha_0.216910,0.21691,892,0.0014459521155958388,True,False
full_R3_R4_alpha_0.216910,0.21691,893,0.0007413505820895763,True,False
full_R3_R4_alpha_0.216910,0.21691,894,0.001286829450692438,True,False
full_R3_R4_alpha_0.216910,0.21691,895,0.0010184957579960731,True,False
full_R3_R4_alpha_0.216910,0.21691,896,0.0017515255467606158,True,False
full_R3_R4_alpha_0.216910,0.21691,897,0.0013172902621974181,True,False
full_R3_R4_alpha_0.216910,0.21691,898,0.0010496851893330701,True,False
full_R3_R4_alpha_0.216910,0.21691,899,0.0018190327415159985,True,False
full_R3_R4_alpha_0.216910,0.21691,900,0.0009680559224556415,True,False
full_R3_R4_alpha_0.216910,0.21691,901,0.0020556656878190443,True,False
full_R3_R4_alpha_0.216910,0.21691,902,0.0006642462203810233,True,False
full_R3_R4_alpha_0.216910,0.21691,903,0.001444832649435332,True,False
full_R3_R4_alpha_0.216910,0.21691,904,0.0007218559660320103,True,False
full_R3_R4_alpha_0.216910,0.21691,905,0.001146552226271059,True,False
full_R3_R4_alpha_0.216910,0.21691,906,0.0009232840058616203,True,False
full_R3_R4_alpha_0.216910,0.21691,907,0.001022151102040971,True,False
full_R3_R4_alpha_0.216910,0.21691,908,0.0014572860953778817,True,False
full_R3_R4_alpha_0.216910,0.21691,909,0.0015890396141994413,True,False
full_R3_R4_alpha_0.216910,0.21691,910,0.0008027440083929888,True,False
full_R3_R4_alpha_0.216910,0.21691,911,0.0010777990213369868,True,False
full_R3_R4_alpha_0.216910,0.21691,912,0.0013192286864037843,True,False
full_R3_R4_alpha_0.216910,0.21691,913,0.0015067713752881934,True,False
full_R3_R4_alpha_0.216910,0.21691,914,0.0006708790727460924,True,False
full_R3_R4_alpha_0.216910,0.21691,915,0.001208977930899815,True,False
full_R3_R4_alpha_0.216910,0.21691,916,0.0010593892688609882,True,False
full_R3_R4_alpha_0.216910,0.21691,917,0.0008226701202115309,True,False
full_R3_R4_alpha_0.216910,0.21691,918,0.0009568493256779162,True,False
full_R3_R4_alpha_0.216910,0.21691,919,0.0007143496757132925,True,False
full_R3_R4_alpha_0.216910,0.21691,920,0.0013319630409770772,True,False
full_R3_R4_alpha_0.216910,0.21691,921,0.0009036121056174454,True,False
full_R3_R4_alpha_0.216910,0.21691,922,0.001733727306438004,True,False
full_R3_R4_alpha_0.216910,0.21691,923,0.0011885713994932749,True,False
full_R3_R4_alpha_0.216910,0.21691,924,0.0009635737959923154,True,False
full_R3_R4_alpha_0.216910,0.21691,925,0.001387195969908234,True,False
full_R3_R4_alpha_0.216910,0.21691,926,0.001173090301384843,True,False
full_R3_R4_alpha_0.216910,0.21691,927,0.0014820980838785615,True,False
full_R3_R4_alpha_0.216910,0.21691,928,0.0005715582780183931,True,False
full_R3_R4_alpha_0.216910,0.21691,929,0.0006146350985288299,True,False
full_R3_R4_alpha_0.216910,0.21691,930,0.001030749838335604,True,False
full_R3_R4_alpha_0.216910,0.21691,931,0.0008536033440135844,True,False
full_R3_R4_alpha_0.216910,0.21691,932,0.0014983881461796984,True,False
full_R3_R4_alpha_0.216910,0.21691,933,0.0013638367949189098,True,False
full_R3_R4_alpha_0.216910,0.21691,934,0.001026102582064468,True,False
full_R3_R4_alpha_0.216910,0.21691,935,0.0006872921007000842,True,False
full_R3_R4_alpha_0.216910,0.21691,936,0.0015055703425123647,True,False
full_R3_R4_alpha_0.216910,0.21691,937,0.000849847044453194,True,False
full_R3_R4_alpha_0.216910,0.21691,938,0.0008517668832136674,True,False
full_R3_R4_alpha_0.216910,0.21691,939,0.0007343940073267924,True,False
full_R3_R4_alpha_0.216910,0.21691,940,0.0010749917345670415,True,False
full_R3_R4_alpha_0.216910,0.21691,941,0.0007994459400013059,True,False
full_R3_R4_alpha_0.216910,0.21691,942,0.001828924345429558,True,False
full_R3_R4_alpha_0.216910,0.21691,943,0.0018040819849641978,True,False
full_R3_R4_alpha_0.216910,0.21691,944,0.0013877125347008118,True,False
full_R3_R4_alpha_0.216910,0.21691,945,0.0008577849637102216,True,False
full_R3_R4_alpha_0.216910,0.21691,946,0.0007388424605904055,True,False
full_R3_R4_alpha_0.216910,0.21691,947,0.0007705960431766535,True,False
full_R3_R4_alpha_0.216910,0.21691,948,0.001102500241559307,True,False
full_R3_R4_alpha_0.216910,0.21691,949,0.0007634101579304419,True,False
full_R3_R4_alpha_0.216910,0.21691,950,0.0013868439975707211,True,False
full_R3_R4_alpha_0.216910,0.21691,951,0.001081164944185546,True,False
full_R3_R4_alpha_0.216910,0.21691,952,0.0010734555370549186,True,False
full_R3_R4_alpha_0.216910,0.21691,953,0.0008732283747766642,True,False
full_R3_R4_alpha_0.216910,0.21691,954,0.0007299106631663383,True,False
full_R3_R4_alpha_0.216910,0.21691,955,0.0005913521720384341,True,False
full_R3_R4_alpha_0.216910,0.21691,956,0.0009122563247636646,True,False
full_R3_R4_alpha_0.216910,0.21691,957,0.001432958085868144,True,False
full_R3_R4_alpha_0.216910,0.21691,958,0.0006404752072370185,True,False
full_R3_R4_alpha_0.216910,0.21691,959,0.0006844039807115265,True,False
full_R3_R4_alpha_0.216910,0.21691,960,0.0014286968524314617,True,False
full_R3_R4_alpha_0.216910,0.21691,961,0.001578401345136188,True,False
full_R3_R4_alpha_0.216910,0.21691,962,0.0011622491211744734,True,False
full_R3_R4_alpha_0.216910,0.21691,963,0.00154790978801425,True,False
full_R3_R4_alpha_0.216910,0.21691,964,0.0017328969496354805,True,False
full_R3_R4_alpha_0.216910,0.21691,965,0.001453543923416836,True,False
full_R3_R4_alpha_0.216910,0.21691,966,0.000771316377961347,True,False
full_R3_R4_alpha_0.216910,0.21691,967,0.00200027090066242,True,False
full_R3_R4_alpha_0.216910,0.21691,968,0.0014222130756948227,True,False
full_R3_R4_alpha_0.216910,0.21691,969,0.0008275579110541413,True,False
full_R3_R4_alpha_0.216910,0.21691,970,0.0012361755820624464,True,False
full_R3_R4_alpha_0.216910,0.21691,971,0.0007072541131276607,True,False
full_R3_R4_alpha_0.216910,0.21691,972,0.000998757939850741,True,False
full_R3_R4_alpha_0.216910,0.21691,973,0.00145418368998746,True,False
full_R3_R4_alpha_0.216910,0.21691,974,0.002226257500050905,True,False
full_R3_R4_alpha_0.216910,0.21691,975,0.0014776804075777427,True,False
full_R3_R4_alpha_0.216910,0.21691,976,0.0008348994741671343,True,False
full_R3_R4_alpha_0.216910,0.21691,977,0.0008908858034644857,True,False
full_R3_R4_alpha_0.216910,0.21691,978,0.0014278285980651128,True,False
full_R3_R4_alpha_0.216910,0.21691,979,0.0011141481786173476,True,False
full_R3_R4_alpha_0.216910,0.21691,980,0.0008489231465522374,True,False
full_R3_R4_alpha_0.216910,0.21691,981,0.0011833851816234438,True,False
full_R3_R4_alpha_0.216910,0.21691,982,0.0015658255998344378,True,False
full_R3_R4_alpha_0.216910,0.21691,983,0.0007418535111099075,True,False
full_R3_R4_alpha_0.216910,0.21691,984,0.0016862597199911863,True,False
full_R3_R4_alpha_0.216910,0.21691,985,0.0013317242313117975,True,False
full_R3_R4_alpha_0.216910,0.21691,986,0.0017570690906888971,True,False
full_R3_R4_alpha_0.216910,0.21691,987,0.0011972528604394586,True,False
full_R3_R4_alpha_0.216910,0.21691,988,0.001083161026734059,True,False
full_R3_R4_alpha_0.216910,0.21691,989,0.0010933091064111464,True,False
full_R3_R4_alpha_0.216910,0.21691,990,0.0012578720668269408,True,False
full_R3_R4_alpha_0.216910,0.21691,991,0.0011151443906996959,True,False
full_R3_R4_alpha_0.216910,0.21691,992,0.0011202000908877685,True,False
full_R3_R4_alpha_0.216910,0.21691,993,0.0014642388052806422,True,False
full_R3_R4_alpha_0.216910,0.21691,994,0.0010558877809441671,True,False
full_R3_R4_alpha_0.216910,0.21691,995,0.0007822153930259543,True,False
full_R3_R4_alpha_0.216910,0.21691,996,0.0010275419668833747,True,False
full_R3_R4_alpha_0.216910,0.21691,997,0.0006366500903888988,True,False
full_R3_R4_alpha_0.216910,0.21691,998,0.0009990264101652781,True,False
full_R3_R4_alpha_0.216910,0.21691,999,0.00109955973781091,True,False
full_R3_R4_alpha_0.216910,0.21691,1000,0.001446612156466845,True,False
