analysis_date,window,factor_order,factor_name,factor_orientation,factor_universe_n,factor_nonmissing_n,factor_unique_n,factor_min,factor_median,factor_max,q20_breakpoint,q40_breakpoint,q60_breakpoint,q80_breakpoint,portfolio_count,sort_status,sort_q1_n,sort_q2_n,sort_q3_n,sort_q4_n,sort_q5_n
2015-04-30,60,1,residual_degree_percentile,ORIGINAL,1993,1993,108,0.00200702459551394,0.5130456686019897,1.0,0.20521827042102814,0.3981435000896454,0.5860511660575867,0.8003010749816895,5,PASS,455,383,365,400,390
2015-04-30,60,2,delta_degree_percentile,ORIGINAL,1993,1993,1039,-0.9558454649522901,0.025087803602218628,0.8256397172808647,-0.28228799700736995,-0.047165077179670334,0.11289513856172562,0.2965379059314728,5,PASS,399,414,391,391,398
2015-04-30,60,3,cross_industry_degree_percentile,ORIGINAL,1993,1993,93,0.0022579026593075764,0.5185649774209734,1.0,0.21399899648770698,0.4234821876567988,0.6101354741595585,0.8003010536879077,5,PASS,480,412,359,358,384
2015-04-30,60,4,cross_industry_degree_ratio,ORIGINAL,1993,1986,338,0.0,0.9,1.0,0.7222222222222222,0.8571428571428571,0.9333333333333333,1.0,4,FEWER_THAN_5_PORTFOLIOS,0,0,0,0,0
2015-04-30,60,5,delta_residual_degree_percentile_1m,ORIGINAL,1993,0,0,,,,,,,,0,INSUFFICIENT_SORT_OBS,0,0,0,0,0
2015-04-30,60,6,delta_cross_industry_degree_percentile_1m,ORIGINAL,1993,0,0,,,,,,,,0,INSUFFICIENT_SORT_OBS,0,0,0,0,0
2015-04-30,60,7,neighbor_jaccard_1m,ORIGINAL,1993,0,0,,,,,,,,0,INSUFFICIENT_SORT_OBS,0,0,0,0,0
2015-04-30,60,8,neighbor_retention_1m,ORIGINAL,1993,0,0,,,,,,,,0,INSUFFICIENT_SORT_OBS,0,0,0,0,0
2015-04-30,60,9,outside_community_degree_percentile,ORIGINAL,1993,1993,60,0.02809834420471651,0.46362267937782237,1.0,0.22027094831911692,0.34922227797290517,0.558705469141997,0.7920220772704466,5,PASS,566,259,379,408,381
2015-05-29,60,1,residual_degree_percentile,ORIGINAL,1914,1914,115,0.00444096140563488,0.49242424964904785,1.0,0.19070009887218475,0.4015151560306549,0.5922152400016785,0.7998955249786377,5,PASS,412,407,348,369,378
2015-05-29,60,2,delta_degree_percentile,ORIGINAL,1914,1914,971,-0.9788401145488024,0.018025100231170654,0.8725182935595512,-0.27533960342407227,-0.046499479562044144,0.09717867523431778,0.2662487149238587,5,PASS,385,397,374,375,383
2015-05-29,60,3,cross_industry_degree_percentile,ORIGINAL,1914,1914,100,0.0060083594566353185,0.5188087774294671,1.0,0.22988505747126436,0.4174503657262278,0.6021421107628004,0.7944096133751306,5,PASS,502,350,338,342,382
2015-05-29,60,4,cross_industry_degree_ratio,ORIGINAL,1914,1898,338,0.0,0.9,1.0,0.7272727272727273,0.8571428571428571,0.9586666666666668,1.0,4,FEWER_THAN_5_PORTFOLIOS,0,0,0,0,0
2015-05-29,60,5,delta_residual_degree_percentile_1m,ORIGINAL,1914,1819,934,-0.7434346973896027,-0.005504131317138672,0.7582421526312828,-0.17365705966949463,-0.04965865612030029,0.03139252960681915,0.1619400680065155,5,PASS,366,366,360,365,362
2015-05-29,60,6,delta_cross_industry_degree_percentile_1m,ORIGINAL,1914,1819,820,-0.7553529830897168,-0.004967621785968657,0.8272227351634588,-0.19359713018553443,-0.047124182286907,0.0301466575018835,0.18153618647502454,5,PASS,371,362,362,360,364
2015-05-29,60,7,neighbor_jaccard_1m,ORIGINAL,1914,1816,461,0.0,0.15202876219825373,1.0,0.046511627906976744,0.1111111111111111,0.19230769230769232,0.3103448275862069,5,PASS,365,381,346,364,360
2015-05-29,60,8,neighbor_retention_1m,ORIGINAL,1914,1812,382,0.0,0.25,1.0,0.08333333333333333,0.2,0.3157894736842105,0.5,5,PASS,371,418,301,390,332
2015-05-29,60,9,outside_community_degree_percentile,ORIGINAL,1914,1914,62,0.05642633228840126,0.536833855799373,1.0,0.17659352142110762,0.42737722048066873,0.6282654127481714,0.7826541274817137,5,PASS,460,468,350,256,380
2015-06-30,60,1,residual_degree_percentile,ORIGINAL,1802,1802,106,0.006381798069924116,0.48557159304618835,1.0,0.23002219200134277,0.3970588147640228,0.5904550552368164,0.8021642565727234,5,PASS,468,290,330,364,350
2015-06-30,60,2,delta_degree_percentile,ORIGINAL,1802,1802,906,-0.9822419402189553,0.03940066695213318,0.868756964802742,-0.3016093134880064,-0.06009987592697116,0.10732519626617425,0.3010544180870056,5,PASS,361,360,360,363,358
2015-06-30,60,3,cross_industry_degree_percentile,ORIGINAL,1802,1802,90,0.007214206437291898,0.508046614872364,1.0,0.20588235294117646,0.3998335183129856,0.5946170921198668,0.7991120976692564,5,PASS,435,345,325,347,350
2015-06-30,60,4,cross_industry_degree_ratio,ORIGINAL,1802,1780,295,0.0,0.9090909090909091,1.0,0.75,0.865945945945946,0.9752439024390243,1.0,4,FEWER_THAN_5_PORTFOLIOS,0,0,0,0,0
2015-06-30,60,5,delta_residual_degree_percentile_1m,ORIGINAL,1802,1663,850,-0.7587383948266506,-0.0048735737800598145,0.8006342649459839,-0.1848749816417694,-0.04764068126678467,0.03111288547515861,0.1642653822898865,5,PASS,333,334,331,332,333
2015-06-30,60,6,delta_cross_industry_degree_percentile_1m,ORIGINAL,1802,1663,742,-0.7911234701486911,-0.011264333023680795,0.877987363396296,-0.20786424465095643,-0.05282067875355034,0.03608089003626527,0.19464991296098488,5,PASS,333,333,335,333,329
2015-06-30,60,7,neighbor_jaccard_1m,ORIGINAL,1802,1662,396,0.0,0.14285714285714285,1.0,0.0,0.1111111111111111,0.18181818181818182,0.30434782608695654,4,FEWER_THAN_5_PORTFOLIOS,0,0,0,0,0
2015-06-30,60,8,neighbor_retention_1m,ORIGINAL,1802,1646,314,0.0,0.25,1.0,0.0,0.2,0.3333333333333333,0.5,4,FEWER_THAN_5_PORTFOLIOS,0,0,0,0,0
2015-06-30,60,9,outside_community_degree_percentile,ORIGINAL,1802,1802,54,0.07019977802441732,0.5066592674805771,1.0,0.21975582685904552,0.3748612652608213,0.6101553829078802,0.7918978912319645,5,PASS,539,272,373,272,346
2015-07-31,60,1,residual_degree_percentile,ORIGINAL,1572,1572,114,0.0632951632142067,0.5076335668563843,1.0,0.18447837233543396,0.38263359665870667,0.616730272769928,0.803117036819458,5,PASS,381,283,333,273,302
2015-07-31,60,2,delta_degree_percentile,ORIGINAL,1572,1572,699,-0.9351145252585411,0.015903308987617493,0.8059796541929245,-0.3072519183158874,-0.09001272916793823,0.12404580414295197,0.2881042987108234,5,PASS,315,317,360,265,315
2015-07-31,60,3,cross_industry_degree_percentile,ORIGINAL,1572,1572,100,0.06997455470737914,0.4993638676844784,1.0,0.20896946564885496,0.4208015267175573,0.5954198473282443,0.8018447837150128,5,PASS,437,291,232,304,308
2015-07-31,60,4,cross_industry_degree_ratio,ORIGINAL,1572,1374,253,0.0,0.9645989974937343,1.0,0.75,0.9107142857142857,1.0,1.0,3,FEWER_THAN_5_PORTFOLIOS,0,0,0,0,0
2015-07-31,60,5,delta_residual_degree_percentile_1m,ORIGINAL,1572,1423,707,-0.8445849642157555,-0.045543819665908813,0.8978449665009975,-0.22444068640470505,-0.10047322511672974,0.0048850178718566895,0.14911840558052084,5,PASS,290,280,288,280,285
2015-07-31,60,6,delta_cross_industry_degree_percentile_1m,ORIGINAL,1572,1423,644,-0.8365182310861836,-0.04127587950058309,0.9084163623680784,-0.24941011259753795,-0.09395631938502022,0.004883533422010477,0.17622806720268402,5,PASS,287,282,285,292,277
2015-07-31,60,7,neighbor_jaccard_1m,ORIGINAL,1572,1412,326,0.0,0.08333333333333333,1.0,0.0,0.04,0.125,0.23809523809523808,4,FEWER_THAN_5_PORTFOLIOS,0,0,0,0,0
2015-07-31,60,8,neighbor_retention_1m,ORIGINAL,1572,1393,307,0.0,0.125,1.0,0.0,0.06896551724137931,0.18564814814814798,0.3333333333333333,4,FEWER_THAN_5_PORTFOLIOS,0,0,0,0,0
2015-07-31,60,9,outside_community_degree_percentile,ORIGINAL,1572,1572,51,0.2824427480916031,0.2824427480916031,1.0,0.2824427480916031,0.2824427480916031,0.6450381679389313,0.8120229007633588,3,FEWER_THAN_5_PORTFOLIOS,0,0,0,0,0
2015-07-31,120,1,residual_degree_percentile,ORIGINAL,1534,1534,118,0.08409386873245239,0.5130378007888794,1.0,0.2301173359155655,0.34810951352119446,0.6153846383094788,0.7979139685630798,5,PASS,448,171,350,260,305
2015-07-31,120,2,delta_degree_percentile,ORIGINAL,1534,1534,619,-0.9113429188728333,0.018578872084617615,0.7780312597751617,-0.2419817328453063,-0.0896349549293518,0.10162969827651976,0.29582790136337295,5,PASS,307,309,304,307,307
2015-07-31,120,3,cross_industry_degree_percentile,ORIGINAL,1534,1534,108,0.10202086049543677,0.5009778357235984,1.0,0.10202086049543677,0.4061277705345502,0.6205997392438071,0.8021512385919165,4,FEWER_THAN_5_PORTFOLIOS,0,0,0,0,0
2015-07-31,120,4,cross_industry_degree_ratio,ORIGINAL,1534,1277,242,0.0,0.9207920792079208,1.0,0.6666666666666666,0.8333333333333334,1.0,1.0,3,FEWER_THAN_5_PORTFOLIOS,0,0,0,0,0
2015-07-31,120,5,delta_residual_degree_percentile_1m,ORIGINAL,1534,0,0,,,,,,,,0,INSUFFICIENT_SORT_OBS,0,0,0,0,0
2015-07-31,120,6,delta_cross_industry_degree_percentile_1m,ORIGINAL,1534,0,0,,,,,,,,0,INSUFFICIENT_SORT_OBS,0,0,0,0,0
2015-07-31,120,7,neighbor_jaccard_1m,ORIGINAL,1534,0,0,,,,,,,,0,INSUFFICIENT_SORT_OBS,0,0,0,0,0
2015-07-31,120,8,neighbor_retention_1m,ORIGINAL,1534,0,0,,,,,,,,0,INSUFFICIENT_SORT_OBS,0,0,0,0,0
2015-07-31,120,9,outside_community_degree_percentile,ORIGINAL,1534,1534,64,0.25358539765319427,0.25358539765319427,1.0,0.25358539765319427,0.25358539765319427,0.5938722294654498,0.8021512385919165,3,FEWER_THAN_5_PORTFOLIOS,0,0,0,0,0
2015-08-31,60,1,residual_degree_percentile,ORIGINAL,1645,1645,121,0.05562309920787811,0.4775075912475586,1.0,0.1586626172065735,0.4176291823387146,0.601519763469696,0.7993921041488647,5,PASS,339,405,265,314,322
2015-08-31,60,2,delta_degree_percentile,ORIGINAL,1645,1645,753,-0.941945269703865,0.012461990118026733,0.8264437615871429,-0.3303951621055603,-0.10607898235321045,0.10589663982391354,0.30559270381927495,5,PASS,330,329,328,329,329
2015-08-31,60,3,cross_industry_degree_percentile,ORIGINAL,1645,1645,109,0.06200607902735562,0.5231003039513678,1.0,0.18085106382978725,0.3905775075987842,0.6085106382978723,0.7954407294832827,5,PASS,391,317,321,290,326
2015-08-31,60,4,cross_industry_degree_ratio,ORIGINAL,1645,1463,253,0.0,0.9512195121951219,1.0,0.75,0.9,1.0,1.0,3,FEWER_THAN_5_PORTFOLIOS,0,0,0,0,0
2015-08-31,60,5,delta_residual_degree_percentile_1m,ORIGINAL,1645,1455,611,-0.7710308581590652,-0.007672064006328583,0.6224191412329674,-0.1319407820701599,-0.025815755128860474,0.034995585680007935,0.1283271312713623,5,PASS,294,300,283,287,291
2015-08-31,60,6,delta_cross_industry_degree_percentile_1m,ORIGINAL,1645,1455,570,-0.7764163128301507,-0.007968475680023512,0.6506941383017394,-0.14696338662149933,-0.028118401819067718,0.037796777960818914,0.13467365832153877,5,PASS,320,287,266,296,286
2015-08-31,60,7,neighbor_jaccard_1m,ORIGINAL,1645,1394,354,0.0,0.14907407407407408,1.0,0.0,0.08333333333333333,0.21824324324324312,0.3888888888888889,4,FEWER_THAN_5_PORTFOLIOS,0,0,0,0,0
2015-08-31,60,8,neighbor_retention_1m,ORIGINAL,1645,1269,302,0.0,0.3333333333333333,1.0,0.0,0.2222222222222222,0.4444444444444444,0.6666666666666666,4,FEWER_THAN_5_PORTFOLIOS,0,0,0,0,0
2015-08-31,60,9,outside_community_degree_percentile,ORIGINAL,1645,1645,62,0.2696048632218845,0.2696048632218845,1.0,0.2696048632218845,0.2696048632218845,0.6234042553191489,0.8042553191489362,3,FEWER_THAN_5_PORTFOLIOS,0,0,0,0,0
2015-08-31,120,1,residual_degree_percentile,ORIGINAL,1506,1506,127,0.10424967110157013,0.4973439574241638,1.0,0.10424967110157013,0.410690575838089,0.6045816540718079,0.8007968068122864,4,FEWER_THAN_5_PORTFOLIOS,0,0,0,0,0
2015-08-31,120,2,delta_degree_percentile,ORIGINAL,1506,1506,605,-0.8924302905797958,0.007968127727508545,0.8027888238430023,-0.3021247982978821,-0.08300133049488068,0.09561753273010254,0.29714474081993103,5,PASS,302,353,306,248,297
2015-08-31,120,3,cross_industry_degree_percentile,ORIGINAL,1506,1506,105,0.12616201859229748,0.4638114209827357,0.999667994687915,0.12616201859229748,0.3296812749003984,0.6168658698539177,0.8017928286852589,4,FEWER_THAN_5_PORTFOLIOS,0,0,0,0,0
2015-08-31,120,4,cross_industry_degree_ratio,ORIGINAL,1506,1193,240,0.0,0.9166666666666666,1.0,0.644973544973545,0.8477117818889971,1.0,1.0,3,FEWER_THAN_5_PORTFOLIOS,0,0,0,0,0
2015-08-31,120,5,delta_residual_degree_percentile_1m,ORIGINAL,1506,1437,489,-0.644446536898613,0.0060921311378479,0.6659061312675476,-0.10913324356079102,-0.015693843364715576,0.020155802369117737,0.06258106231689453,5,PASS,289,295,357,223,273
2015-08-31,120,6,delta_cross_industry_degree_percentile_1m,ORIGINAL,1506,1437,444,-0.6645811365576373,0.011919293707395529,0.6881517822668474,-0.12302982766889847,-0.012080664737832737,0.02414115809686071,0.05768365044818552,5,PASS,290,285,380,204,278
2015-08-31,120,7,neighbor_jaccard_1m,ORIGINAL,1506,1263,286,0.0,0.4166666666666667,1.0,0.0,0.3333333333333333,0.5,0.6666666666666666,4,FEWER_THAN_5_PORTFOLIOS,0,0,0,0,0
2015-08-31,120,8,neighbor_retention_1m,ORIGINAL,1506,1194,248,0.0,0.6,1.0,0.2,0.5,0.679135135135135,0.8740506329113925,5,PASS,245,300,171,239,239
2015-08-31,120,9,outside_community_degree_percentile,ORIGINAL,1506,1506,67,0.30345285524568394,0.30345285524568394,1.0,0.30345285524568394,0.30345285524568394,0.30345285524568394,0.7851925630810093,2,FEWER_THAN_5_PORTFOLIOS,0,0,0,0,0
2015-09-30,60,1,residual_degree_percentile,ORIGINAL,1769,1769,137,0.06811758130788803,0.5045223236083984,1.0,0.1910683959722519,0.3841153085231781,0.5836631059646606,0.79988694190979,5,PASS,435,320,308,358,348
2015-09-30,60,2,delta_degree_percentile,ORIGINAL,1769,1769,824,-0.9234030619263649,0.014132276177406311,0.8109101355075836,-0.31978520154953,-0.10344833135604858,0.1167326271533966,0.31786321997642525,5,PASS,354,355,409,297,354
2015-09-30,60,3,cross_industry_degree_percentile,ORIGINAL,1769,1769,127,0.08394573205200678,0.4971735443753533,1.0,0.2312040700960995,0.43527416619559073,0.5898812888637648,0.8010175240248728,5,PASS,521,311,244,348,345
2015-09-30,60,4,cross_industry_degree_ratio,ORIGINAL,1769,1529,292,0.0,0.9420289855072463,1.0,0.7371100164203613,0.8938409854423293,1.0,1.0,3,FEWER_THAN_5_PORTFOLIOS,0,0,0,0,0
2015-09-30,60,5,delta_residual_degree_percentile_1m,ORIGINAL,1769,1570,650,-0.7896331921219826,0.012494482100009918,0.7270224839448929,-0.12396043539047241,-0.020862364768981925,0.032405778765678406,0.13544529676437378,5,PASS,319,309,316,344,282
2015-09-30,60,6,delta_cross_industry_degree_percentile_1m,ORIGINAL,1769,1570,610,-0.7850512284343154,0.015475317052719872,0.7474908118714573,-0.1358504538651995,-0.023640165566725768,0.03448945964010375,0.1612309600842611,5,PASS,317,317,311,311,314
2015-09-30,60,7,neighbor_jaccard_1m,ORIGINAL,1769,1478,359,0.0,0.1473499361430396,1.0,0.0,0.08,0.20954712362301095,0.3596770247125034,4,FEWER_THAN_5_PORTFOLIOS,0,0,0,0,0
2015-09-30,60,8,neighbor_retention_1m,ORIGINAL,1769,1385,309,0.0,0.3125,1.0,0.0,0.16666666666666666,0.41494252873563214,0.6625641025641028,4,FEWER_THAN_5_PORTFOLIOS,0,0,0,0,0
2015-09-30,60,9,outside_community_degree_percentile,ORIGINAL,1769,1769,58,0.30497456189937816,0.30497456189937816,1.0,0.30497456189937816,0.30497456189937816,0.30497456189937816,0.7945166760881854,2,FEWER_THAN_5_PORTFOLIOS,0,0,0,0,0
2015-09-30,120,1,residual_degree_percentile,ORIGINAL,1562,1562,128,0.12868118286132812,0.45742636919021606,1.0,0.12868118286132812,0.3335467278957367,0.5838668346405029,0.8018565773963928,4,FEWER_THAN_5_PORTFOLIOS,0,0,0,0,0
2015-09-30,120,2,delta_degree_percentile,ORIGINAL,1562,1562,649,-0.8713188171386719,0.0022407174110412598,0.805057629942894,-0.3164532780647276,-0.054097309708595276,0.1348911643028258,0.31280406117439324,5,PASS,313,435,189,312,313
2015-09-30,120,3,cross_industry_degree_percentile,ORIGINAL,1562,1562,118,0.15108834827144688,0.5044814340588989,1.0,0.15108834827144688,0.3786811779769526,0.5813060179257362,0.7986555697823303,4,FEWER_THAN_5_PORTFOLIOS,0,0,0,0,0
2015-09-30,120,4,cross_industry_degree_ratio,ORIGINAL,1562,1161,256,0.0,0.92,1.0,0.6521739130434783,0.8518518518518519,1.0,1.0,3,FEWER_THAN_5_PORTFOLIOS,0,0,0,0,0
2015-09-30,120,5,delta_residual_degree_percentile_1m,ORIGINAL,1562,1455,467,-0.5462856292724609,0.015988945960998535,0.4607293903827667,-0.0771438479423523,-0.004958415031433105,0.024431511759757996,0.05067819356918335,5,PASS,334,248,402,231,240
2015-09-30,120,6,delta_cross_industry_degree_percentile_1m,ORIGINAL,1562,1455,419,-0.6092038164031879,0.0249263296791494,0.5054000812796615,-0.08513024300578309,0.0010666680269957132,0.0249263296791494,0.04899990307655422,5,PASS,325,257,420,210,243
2015-09-30,120,7,neighbor_jaccard_1m,ORIGINAL,1562,1214,283,0.0,0.5,1.0,0.0,0.3888888888888889,0.5454545454545454,0.7272727272727273,4,FEWER_THAN_5_PORTFOLIOS,0,0,0,0,0
2015-09-30,120,8,neighbor_retention_1m,ORIGINAL,1562,1148,250,0.0,0.6666666666666666,1.0,0.23846153846153859,0.5,0.75,0.9166666666666666,5,PASS,230,232,238,220,228
2015-09-30,120,9,outside_community_degree_percentile,ORIGINAL,1562,1562,72,0.3274647887323944,0.3274647887323944,1.0,0.3274647887323944,0.3274647887323944,0.3274647887323944,0.7839308578745199,2,FEWER_THAN_5_PORTFOLIOS,0,0,0,0,0
2015-10-30,60,1,residual_degree_percentile,ORIGINAL,1962,1962,155,0.05147808417677879,0.48980632424354553,1.0,0.24337410926818848,0.38685014843940735,0.6021916270256042,0.7991845011711121,5,PASS,566,250,394,363,389
2015-10-30,60,2,delta_degree_percentile,ORIGINAL,1962,1962,906,-0.9469928778707981,0.02127927541732788,0.8216105848550797,-0.33995920419692993,-0.07441383600234985,0.11890926361083982,0.3246177554130557,5,PASS,394,398,385,392,393
2015-10-30,60,3,cross_industry_degree_percentile,ORIGINAL,1962,1962,141,0.06141692150866463,0.5056065239551478,1.0,0.18042813455657492,0.377420998980632,0.5922528032619776,0.8012232415902141,5,PASS,467,350,374,387,384
2015-10-30,60,4,cross_industry_degree_ratio,ORIGINAL,1962,1761,329,0.0,0.9310344827586207,1.0,0.6666666666666666,0.875,1.0,1.0,3,FEWER_THAN_5_PORTFOLIOS,0,0,0,0,0
2015-10-30,60,5,delta_residual_degree_percentile_1m,ORIGINAL,1962,1680,740,-0.7933495081961155,0.01022300124168396,0.6046653166413307,-0.1395903117954731,-0.016639497131109238,0.052305713295936584,0.1730983853340149,5,PASS,338,345,346,319,332
2015-10-30,60,6,delta_cross_industry_degree_percentile_1m,ORIGINAL,1962,1680,673,-0.791890031572172,0.009680250364615672,0.5995808432576213,-0.14704786650140111,-0.022528810543342152,0.05677415841635504,0.1688764017750487,5,PASS,349,348,311,339,333
2015-10-30,60,7,neighbor_jaccard_1m,ORIGINAL,1962,1584,412,0.0,0.15789473684210525,1.0,0.0,0.08032653061224497,0.25,0.45113207547169837,4,FEWER_THAN_5_PORTFOLIOS,0,0,0,0,0
2015-10-30,60,8,neighbor_retention_1m,ORIGINAL,1962,1446,355,0.0,0.4230263157894737,1.0,0.0,0.25,0.5714285714285714,0.8547008547008547,4,FEWER_THAN_5_PORTFOLIOS,0,0,0,0,0
2015-10-30,60,9,outside_community_degree_percentile,ORIGINAL,1962,1962,63,0.23776758409785934,0.5667686034658511,1.0,0.23776758409785934,0.23776758409785934,0.5667686034658511,0.7849133537206932,3,FEWER_THAN_5_PORTFOLIOS,0,0,0,0,0
2015-10-30,120,1,residual_degree_percentile,ORIGINAL,1618,1618,133,0.12144622951745987,0.5231767892837524,1.0,0.12144622951745987,0.32509270310401917,0.6140296459197998,0.8034610748291016,4,FEWER_THAN_5_PORTFOLIOS,0,0,0,0,0
2015-10-30,120,2,delta_degree_percentile,ORIGINAL,1618,1618,657,-0.8785537704825401,0.011433839797973633,0.8148949444293976,-0.3178615808486938,-0.06025957316160202,0.14338690042495728,0.3084054470062256,5,PASS,324,421,324,225,324
2015-10-30,120,3,cross_industry_degree_percentile,ORIGINAL,1618,1618,122,0.14524103831891225,0.49598269468479605,1.0,0.14524103831891225,0.37082818294190356,0.6202101359703337,0.7966625463535228,4,FEWER_THAN_5_PORTFOLIOS,0,0,0,0,0
2015-10-30,120,4,cross_industry_degree_ratio,ORIGINAL,1618,1226,246,0.0,0.9310344827586207,1.0,0.6666666666666666,0.8666666666666667,1.0,1.0,3,FEWER_THAN_5_PORTFOLIOS,0,0,0,0,0
2015-10-30,120,5,delta_residual_degree_percentile_1m,ORIGINAL,1618,1499,463,-0.49795200675725937,-0.007234953343868256,0.5168688893318176,-0.03705871105194092,-0.007234953343868256,-0.0053350210189819355,0.038966810703277587,5,PASS,302,533,64,300,300
2015-10-30,120,6,delta_cross_industry_degree_percentile_1m,ORIGINAL,1618,1499,415,-0.4863210615530468,-0.0058473099525346295,0.6004567691574777,-0.0386245329036812,-0.0058473099525346295,-0.0058473099525346295,0.03624073918734343,4,FEWER_THAN_5_PORTFOLIOS,0,0,0,0,0
2015-10-30,120,7,neighbor_jaccard_1m,ORIGINAL,1618,1202,283,0.0,0.5434782608695652,1.0,0.14285714285714285,0.5,0.6441379310344828,0.8018604651162792,5,PASS,243,341,137,240,241
2015-10-30,120,8,neighbor_retention_1m,ORIGINAL,1618,1114,235,0.0,0.8,1.0,0.5,0.7,0.8687661777394305,1.0,4,FEWER_THAN_5_PORTFOLIOS,0,0,0,0,0
2015-10-30,120,9,outside_community_degree_percentile,ORIGINAL,1618,1618,68,0.33065512978986406,0.33065512978986406,1.0,0.33065512978986406,0.33065512978986406,0.33065512978986406,0.7898640296662547,2,FEWER_THAN_5_PORTFOLIOS,0,0,0,0,0
2015-11-30,60,1,residual_degree_percentile,ORIGINAL,2037,2037,136,0.02160039357841015,0.5127638578414917,1.0,0.20299459993839264,0.4219440221786499,0.5986745357513428,0.8028964400291443,5,PASS,476,432,333,401,395
2015-11-30,60,2,delta_degree_percentile,ORIGINAL,2037,2037,969,-0.9779087025672197,0.021109476685523987,0.814678430557251,-0.3367697596549987,-0.05527738332748409,0.10397641658782956,0.32081493735313416,5,PASS,408,407,407,408,407
2015-11-30,60,3,cross_industry_degree_percentile,ORIGINAL,2037,2037,131,0.026509572901325478,0.49116347569955815,0.9997545409916544,0.16715758468335787,0.38463426607756507,0.6013745704467354,0.7955326460481099,5,PASS,433,412,407,379,406
2015-11-30,60,4,cross_industry_degree_ratio,ORIGINAL,2037,1950,385,0.0,0.9182000669120107,1.0,0.7,0.8719737626714371,0.972972972972973,1.0,4,FEWER_THAN_5_PORTFOLIOS,0,0,0,0,0
2015-11-30,60,5,delta_residual_degree_percentile_1m,ORIGINAL,2037,1888,897,-0.7949133832007647,0.00042879581451416016,0.924957875162363,-0.17366375029087067,-0.036581289768218964,0.04972534775733949,0.17856991291046143,5,PASS,384,371,378,379,376
2015-11-30,60,6,delta_cross_industry_degree_percentile_1m,ORIGINAL,2037,1888,818,-0.8213497543157999,-0.0012785261650294921,0.9184554398069956,-0.18289360890798517,-0.03810357019001681,0.04340608528161727,0.2029024964757491,5,PASS,380,385,370,375,378
2015-11-30,60,7,neighbor_jaccard_1m,ORIGINAL,2037,1852,491,0.0,0.1,1.0,0.0,0.04632034632034652,0.15384615384615385,0.3,4,FEWER_THAN_5_PORTFOLIOS,0,0,0,0,0
2015-11-30,60,8,neighbor_retention_1m,ORIGINAL,2037,1689,396,0.0,0.25773195876288657,1.0,0.0,0.16666666666666666,0.4,0.6645614035087722,4,FEWER_THAN_5_PORTFOLIOS,0,0,0,0,0
2015-11-30,60,9,outside_community_degree_percentile,ORIGINAL,2037,2037,44,0.12052037309769269,0.5316642120765832,1.0,0.12052037309769269,0.3480608738340697,0.5316642120765832,0.8009327442317133,4,FEWER_THAN_5_PORTFOLIOS,0,0,0,0,0
2015-11-30,120,1,residual_degree_percentile,ORIGINAL,1723,1723,140,0.1044689491391182,0.4721416234970093,1.0,0.1044689491391182,0.38972723484039307,0.614045262336731,0.8012188076972961,4,FEWER_THAN_5_PORTFOLIOS,0,0,0,0,0
2015-11-30,120,2,delta_degree_percentile,ORIGINAL,1723,1723,732,-0.8949506804347038,0.04933252930641174,0.8102147430181503,-0.30992456525564194,-0.08241439610719681,0.10272780656814581,0.2976204276084906,5,PASS,361,384,289,344,345
2015-11-30,120,3,cross_industry_degree_percentile,ORIGINAL,1723,1723,124,0.12884503772489844,0.5252466627974464,0.9997098084735926,0.12884503772489844,0.4454439930354034,0.5789320951828206,0.7980266976204294,4,FEWER_THAN_5_PORTFOLIOS,0,0,0,0,0
2015-11-30,120,4,cross_industry_degree_ratio,ORIGINAL,1723,1364,287,0.0,0.9130434782608695,1.0,0.6550833333333334,0.8462779156327543,0.9842269716285464,1.0,4,FEWER_THAN_5_PORTFOLIOS,0,0,0,0,0
2015-11-30,120,5,delta_residual_degree_percentile_1m,ORIGINAL,1723,1558,522,-0.5095606967806816,-0.011227309703826904,0.5700801834464073,-0.051035165786743164,-0.016977280378341675,0.006848704814910883,0.0732844471931463,5,PASS,319,414,202,311,312
2015-11-30,120,6,delta_cross_industry_degree_percentile_1m,ORIGINAL,1723,1558,466,-0.6066308584432104,-0.016396000594013804,0.588363140439068,-0.05053870164939267,-0.016396000594013804,0.003411454279231063,0.07461581009349982,5,PASS,318,482,137,323,298
2015-11-30,120,7,neighbor_jaccard_1m,ORIGINAL,1723,1309,342,0.0,0.42105263157894735,1.0,0.0,0.3333333333333333,0.5,0.7087209302325582,4,FEWER_THAN_5_PORTFOLIOS,0,0,0,0,0
2015-11-30,120,8,neighbor_retention_1m,ORIGINAL,1723,1175,270,0.0,0.76,1.0,0.3061538461538463,0.6666666666666666,0.8427631578947368,1.0,4,FEWER_THAN_5_PORTFOLIOS,0,0,0,0,0
2015-11-30,120,9,outside_community_degree_percentile,ORIGINAL,1723,1723,74,0.3087637840975044,0.3087637840975044,1.0,0.3087637840975044,0.3087637840975044,0.3087637840975044,0.7974463145676146,2,FEWER_THAN_5_PORTFOLIOS,0,0,0,0,0
2015-12-31,60,1,residual_degree_percentile,ORIGINAL,2119,2119,152,0.02123643271625042,0.5042473077774048,1.0,0.23076923191547394,0.41788578033447266,0.5889570713043213,0.8025012016296387,5,PASS,572,366,335,433,413
2015-12-31,60,2,delta_degree_percentile,ORIGINAL,2119,2119,990,-0.9528079498559237,0.0021236538887023926,0.764039620757103,-0.2033506155014038,-0.054034918546676636,0.07904672622680664,0.21495990455150604,5,PASS,424,431,474,370,420
2015-12-31,60,3,cross_industry_degree_percentile,ORIGINAL,2119,2119,141,0.0292590844738084,0.4874941009910335,1.0,0.1974988201982067,0.3683341198678622,0.6059462010382256,0.7991977347805569,5,PASS,521,330,465,383,420
2015-12-31,60,4,cross_industry_degree_ratio,ORIGINAL,2119,2030,396,0.0,0.9059551886792453,1.0,0.6666666666666666,0.840656662819033,0.9763392857142856,1.0,4,FEWER_THAN_5_PORTFOLIOS,0,0,0,0,0
2015-12-31,60,5,delta_residual_degree_percentile_1m,ORIGINAL,2119,1955,981,-0.8544433936476707,0.018837928771972656,0.8382650762796402,-0.15550649166107178,-0.013167881965637203,0.055959105491638135,0.16764334440231324,5,PASS,394,388,391,391,391
2015-12-31,60,6,delta_cross_industry_degree_percentile_1m,ORIGINAL,2119,1955,882,-0.919930900798651,0.0164486494889379,0.8399503012114485,-0.1670119773339051,-0.021937942309835257,0.05006182230899194,0.18026896469120235,5,PASS,394,391,388,400,382
2015-12-31,60,7,neighbor_jaccard_1m,ORIGINAL,2119,1933,533,0.0,0.125,1.0,0.0,0.07936507936507936,0.17391304347826086,0.317738359201774,4,FEWER_THAN_5_PORTFOLIOS,0,0,0,0,0
2015-12-31,60,8,neighbor_retention_1m,ORIGINAL,2119,1870,438,0.0,0.25,1.0,0.0,0.15565610859728513,0.3578754578754576,0.625,4,FEWER_THAN_5_PORTFOLIOS,0,0,0,0,0
2015-12-31,60,9,outside_community_degree_percentile,ORIGINAL,2119,2119,51,0.14346389806512505,0.39476168003775364,1.0,0.14346389806512505,0.39476168003775364,0.5705521472392638,0.8015573383671544,4,FEWER_THAN_5_PORTFOLIOS,0,0,0,0,0
2015-12-31,120,1,residual_degree_percentile,ORIGINAL,1836,1836,157,0.13099128007888794,0.515250563621521,1.0,0.13099128007888794,0.44335511326789856,0.6034858226776123,0.7965686321258545,4,FEWER_THAN_5_PORTFOLIOS,0,0,0,0,0
2015-12-31,120,2,delta_degree_percentile,ORIGINAL,1836,1836,758,-0.867919385433197,0.027777791023254395,0.788671001791954,-0.2799564301967621,-0.051742926239967346,0.1326252818107605,0.2606209069490433,5,PASS,397,445,260,371,363
2015-12-31,120,3,cross_industry_degree_percentile,ORIGINAL,1836,1836,144,0.15659041394335513,0.5054466230936819,1.0,0.15659041394335513,0.39025054466230935,0.6225490196078431,0.7990196078431373,4,FEWER_THAN_5_PORTFOLIOS,0,0,0,0,0
2015-12-31,120,4,cross_industry_degree_ratio,ORIGINAL,1836,1356,314,0.0,0.9075498575498575,1.0,0.5454545454545454,0.8333333333333334,0.9702970297029703,1.0,4,FEWER_THAN_5_PORTFOLIOS,0,0,0,0,0
2015-12-31,120,5,delta_residual_degree_percentile_1m,ORIGINAL,1836,1666,612,-0.6780626773834229,0.026522330939769745,0.5926988050341606,-0.08995640277862549,-0.0029758810997009277,0.026522330939769745,0.0878799557685852,5,PASS,335,332,384,282,333
2015-12-31,120,6,delta_cross_industry_degree_percentile_1m,ORIGINAL,1836,1666,546,-0.6498518379428898,0.027745376218456685,0.5202835341913898,-0.0979755189623408,-8.851157668243737e-06,0.027745376218456685,0.07668801060115804,5,PASS,334,333,421,245,333
2015-12-31,120,7,neighbor_jaccard_1m,ORIGINAL,1836,1409,375,0.0,0.2727272727272727,1.0,0.0,0.19126984126984145,0.35135135135135137,0.5622263914946845,4,FEWER_THAN_5_PORTFOLIOS,0,0,0,0,0
2015-12-31,120,8,neighbor_retention_1m,ORIGINAL,1836,1309,319,0.0,0.5,1.0,0.0,0.3333333333333333,0.6226415094339622,0.8457342657342658,4,FEWER_THAN_5_PORTFOLIOS,0,0,0,0,0
2015-12-31,120,9,outside_community_degree_percentile,ORIGINAL,1836,1836,60,0.34068627450980393,0.34068627450980393,1.0,0.34068627450980393,0.34068627450980393,0.34068627450980393,0.7412854030501089,2,FEWER_THAN_5_PORTFOLIOS,0,0,0,0,0
2016-01-29,60,1,residual_degree_percentile,ORIGINAL,2199,2199,156,0.02978626638650894,0.5145520567893982,1.0,0.18713051080703735,0.3888131082057953,0.5989086031913757,0.8010459542274475,5,PASS,509,394,439,422,435
2016-01-29,60,2,delta_degree_percentile,ORIGINAL,2199,2199,985,-0.9247384890913963,-0.010686665773391724,0.7007730901241302,-0.20982263088226316,-0.06139153242111206,0.06480216979980469,0.23101410269737244,5,PASS,440,442,457,432,428
2016-01-29,60,3,cross_industry_degree_percentile,ORIGINAL,2199,2199,142,0.03638017280582083,0.4977262391996362,1.0,0.22373806275579808,0.38267394270122784,0.6007276034561164,0.8019554342883128,5,PASS,598,324,430,416,431
2016-01-29,60,4,cross_industry_degree_ratio,ORIGINAL,2199,2069,425,0.0,0.92,1.0,0.7142857142857143,0.8571428571428571,1.0,1.0,3,FEWER_THAN_5_PORTFOLIOS,0,0,0,0,0
2016-01-29,60,5,delta_residual_degree_percentile_1m,ORIGINAL,2199,2037,964,-0.7727149352431297,0.006396830081939697,0.7006331533193588,-0.1298142522573471,-0.031075328588485718,0.033284351229667664,0.14786964654922485,5,PASS,425,391,422,400,399
2016-01-29,60,6,delta_cross_industry_degree_percentile_1m,ORIGINAL,2199,2037,875,-0.8005712193602953,0.007121088332012429,0.7893192688512368,-0.15837755846376603,-0.03681857191511599,0.026239242557591386,0.15678154792141347,5,PASS,408,407,422,395,405
2016-01-29,60,7,neighbor_jaccard_1m,ORIGINAL,2199,2008,542,0.0,0.14285714285714285,1.0,0.0,0.09090909090909091,0.2,0.36085271317829465,4,FEWER_THAN_5_PORTFOLIOS,0,0,0,0,0
2016-01-29,60,8,neighbor_retention_1m,ORIGINAL,2199,1949,436,0.0,0.2857142857142857,1.0,0.0,0.2,0.3910095799557848,0.6,4,FEWER_THAN_5_PORTFOLIOS,0,0,0,0,0
2016-01-29,60,9,outside_community_degree_percentile,ORIGINAL,2199,2199,58,0.1766712141882674,0.4517962710322874,1.0,0.1766712141882674,0.4517962710322874,0.611869031377899,0.81218735788995,4,FEWER_THAN_5_PORTFOLIOS,0,0,0,0,0
2016-01-29,120,1,residual_degree_percentile,ORIGINAL,1972,1972,152,0.08646044880151749,0.5035496950149536,1.0,0.22920893132686615,0.40060850977897644,0.5991379022598267,0.8008113622665416,5,PASS,563,293,347,374,395
2016-01-29,120,2,delta_degree_percentile,ORIGINAL,1972,1972,898,-0.9110040292143822,0.0400608628988266,0.7989351153373718,-0.270182579755783,-0.08950302004814148,0.10385396480560301,0.2695233225822449,5,PASS,395,396,392,412,377
2016-01-29,120,3,cross_industry_degree_percentile,ORIGINAL,1972,1972,143,0.10775862068965517,0.5261156186612576,1.0,0.10775862068965517,0.3813387423935091,0.6057302231237323,0.801470588235295,4,FEWER_THAN_5_PORTFOLIOS,0,0,0,0,0
2016-01-29,120,4,cross_industry_degree_ratio,ORIGINAL,1972,1632,359,0.0,0.90370871160904,1.0,0.5714285714285714,0.828726851851852,0.9674583481035094,1.0,4,FEWER_THAN_5_PORTFOLIOS,0,0,0,0,0
2016-01-29,120,5,delta_residual_degree_percentile_1m,ORIGINAL,1972,1794,716,-0.7787356004118919,-0.001216113567352295,0.5890898704528809,-0.07604798078536987,-0.02742093801498413,0.03882882595062255,0.12687624692916896,5,PASS,359,362,355,359,359
2016-01-29,120,6,delta_cross_industry_degree_percentile_1m,ORIGINAL,1972,1794,644,-0.7587991135151378,-0.0036201262114041177,0.5984805799714521,-0.07900420704680337,-0.04297197806325598,0.03602096010818121,0.1322740590489069,5,PASS,359,379,338,359,359
2016-01-29,120,7,neighbor_jaccard_1m,ORIGINAL,1972,1568,458,0.0,0.25,1.0,0.0,0.16666666666666666,0.3333333333333333,0.5,4,FEWER_THAN_5_PORTFOLIOS,0,0,0,0,0
2016-01-29,120,8,neighbor_retention_1m,ORIGINAL,1972,1333,350,0.0,0.6666666666666666,1.0,0.16666666666666666,0.5243389830508479,0.8,1.0,4,FEWER_THAN_5_PORTFOLIOS,0,0,0,0,0
2016-01-29,120,9,outside_community_degree_percentile,ORIGINAL,1972,1972,61,0.27586206896551724,0.27586206896551724,1.0,0.27586206896551724,0.27586206896551724,0.6262677484787018,0.789553752535497,3,FEWER_THAN_5_PORTFOLIOS,0,0,0,0,0
2016-01-29,252,1,residual_degree_percentile,ORIGINAL,1487,1487,127,0.19569602608680725,0.4556153416633606,1.0,0.19569602608680725,0.4556153416633606,0.6163416504859924,0.7955615520477295,4,FEWER_THAN_5_PORTFOLIOS,0,0,0,0,0
2016-01-29,252,2,delta_degree_percentile,ORIGINAL,1487,1487,539,-0.8009414970874786,-0.006052464246749878,0.7874916195869446,-0.2548756003379822,-0.006052464246749878,0.04559518098831178,0.25386685132980347,5,PASS,335,483,74,309,286
2016-01-29,252,3,cross_industry_degree_percentile,ORIGINAL,1487,1487,106,0.23503698722259583,0.5336247478143914,1.0,0.23503698722259583,0.23503698722259583,0.628782784129119,0.8039677202420982,3,FEWER_THAN_5_PORTFOLIOS,0,0,0,0,0
2016-01-29,252,4,cross_industry_degree_ratio,ORIGINAL,1487,906,243,0.0,0.8273291925465839,1.0,0.34782608695652173,0.7222222222222222,0.8947368421052632,1.0,4,FEWER_THAN_5_PORTFOLIOS,0,0,0,0,0
2016-01-29,252,5,delta_residual_degree_percentile_1m,ORIGINAL,1487,0,0,,,,,,,,0,INSUFFICIENT_SORT_OBS,0,0,0,0,0
2016-01-29,252,6,delta_cross_industry_degree_percentile_1m,ORIGINAL,1487,0,0,,,,,,,,0,INSUFFICIENT_SORT_OBS,0,0,0,0,0
2016-01-29,252,7,neighbor_jaccard_1m,ORIGINAL,1487,0,0,,,,,,,,0,INSUFFICIENT_SORT_OBS,0,0,0,0,0
2016-01-29,252,8,neighbor_retention_1m,ORIGINAL,1487,0,0,,,,,,,,0,INSUFFICIENT_SORT_OBS,0,0,0,0,0
2016-01-29,252,9,outside_community_degree_percentile,ORIGINAL,1487,1487,68,0.36617350369872226,0.36617350369872226,0.9996637525218561,0.36617350369872226,0.36617350369872226,0.36617350369872226,0.8080026899798252,2,FEWER_THAN_5_PORTFOLIOS,0,0,0,0,0
2016-02-29,60,1,residual_degree_percentile,ORIGINAL,2241,2241,170,0.018518518656492233,0.510486364364624,1.0,0.1938866525888443,0.38264167308807373,0.5914770364761353,0.8016510605812073,5,PASS,515,390,449,447,440
2016-02-29,60,2,delta_degree_percentile,ORIGINAL,2241,2241,932,-0.9190093763172626,0.0178491473197937,0.7447568029165268,-0.22177600860595703,-0.05332440137863159,0.09125387668609619,0.2728692889213562,5,PASS,449,450,446,448,448
2016-02-29,60,3,cross_industry_degree_percentile,ORIGINAL,2241,2241,145,0.02208835341365462,0.5189647478804106,1.0,0.2286925479696564,0.3714859437751004,0.5923694779116466,0.8018741633199464,5,PASS,602,299,461,447,432
2016-02-29,60,4,cross_industry_degree_ratio,ORIGINAL,2241,2159,414,0.0,0.9302325581395349,1.0,0.75,0.88,1.0,1.0,3,FEWER_THAN_5_PORTFOLIOS,0,0,0,0,0
2016-02-29,60,5,delta_residual_degree_percentile_1m,ORIGINAL,2241,2128,984,-0.9232756346464157,0.011151611804962158,0.6569607481360435,-0.11826009750366202,-0.011267747730016708,0.04081375598907471,0.13404932618141174,5,PASS,426,433,418,432,419
2016-02-29,60,6,delta_cross_industry_degree_percentile_1m,ORIGINAL,2241,2128,907,-0.9058513879681224,0.018458097967129994,0.6967746687827557,-0.1277800606701476,-0.01429181939216621,0.04617225914420148,0.13876661717356012,5,PASS,426,446,421,409,426
2016-02-29,60,7,neighbor_jaccard_1m,ORIGINAL,2241,2105,581,0.0,0.2,1.0,0.0,0.13333333333333333,0.2608695652173913,0.4390699794848416,4,FEWER_THAN_5_PORTFOLIOS,0,0,0,0,0
2016-02-29,60,8,neighbor_retention_1m,ORIGINAL,2241,1994,504,0.0,0.4,1.0,0.0,0.3076923076923077,0.5,0.737573861661453,4,FEWER_THAN_5_PORTFOLIOS,0,0,0,0,0
2016-02-29,60,9,outside_community_degree_percentile,ORIGINAL,2241,2241,74,0.12628290941543954,0.5243195002231147,1.0,0.12628290941543954,0.3507362784471218,0.6423471664435519,0.7949576082106202,4,FEWER_THAN_5_PORTFOLIOS,0,0,0,0,0
2016-02-29,120,1,residual_degree_percentile,ORIGINAL,2013,2013,150,0.07848981767892838,0.5027322173118591,1.0,0.2148534506559372,0.40337803959846497,0.5936413407325745,0.7995529174804688,5,PASS,549,334,339,391,400
2016-02-29,120,2,delta_degree_percentile,ORIGINAL,2013,2013,862,-0.9185295328497887,0.0047193169593811035,0.7811723500490189,-0.2426726371049881,-0.05414804816246033,0.11028315126895905,0.26656732559204127,5,PASS,411,408,468,323,403
2016-02-29,120,3,cross_industry_degree_percentile,ORIGINAL,2013,2013,147,0.09513164431197219,0.5181321410829608,0.9997516145057128,0.2563338301043219,0.37158469945355194,0.6045702930948833,0.801043219076006,5,PASS,649,197,412,362,393
2016-02-29,120,4,cross_industry_degree_ratio,ORIGINAL,2013,1698,367,0.0,0.911578555472822,1.0,0.6,0.8333333333333334,0.9859557109557106,1.0,4,FEWER_THAN_5_PORTFOLIOS,0,0,0,0,0
2016-02-29,120,5,delta_residual_degree_percentile_1m,ORIGINAL,2013,1931,753,-0.5951917394995689,-0.0059011876583099365,0.5518902763724327,-0.0801912248134613,-0.007970631122589111,0.006064295768737793,0.09120835363864899,5,PASS,396,544,219,407,365
2016-02-29,120,6,delta_cross_industry_degree_percentile_1m,ORIGINAL,2013,1931,654,-0.6956898567022266,-0.009754042939957186,0.5760466450828238,-0.07945363252449344,-0.01262697637768298,0.004995672147269925,0.09972476065815605,5,PASS,388,546,225,386,386
2016-02-29,120,7,neighbor_jaccard_1m,ORIGINAL,2013,1730,474,0.0,0.3990291262135922,1.0,0.0,0.3132352941176471,0.5,0.6666666666666666,4,FEWER_THAN_5_PORTFOLIOS,0,0,0,0,0
2016-02-29,120,8,neighbor_retention_1m,ORIGINAL,2013,1599,399,0.0,0.6666666666666666,1.0,0.25,0.5,0.75,0.9333333333333333,5,PASS,341,309,321,309,319
2016-02-29,120,9,outside_community_degree_percentile,ORIGINAL,2013,2013,69,0.2496274217585693,0.5794833581718828,1.0,0.2496274217585693,0.2496274217585693,0.5794833581718828,0.8015399900645802,3,FEWER_THAN_5_PORTFOLIOS,0,0,0,0,0
2016-02-29,252,1,residual_degree_percentile,ORIGINAL,1505,1505,131,0.19069766998291016,0.4465116262435913,0.999667763710022,0.19069766998291016,0.4465116262435913,0.6079733967781067,0.8019933700561523,4,FEWER_THAN_5_PORTFOLIOS,0,0,0,0,0
2016-02-29,252,2,delta_degree_percentile,ORIGINAL,1505,1505,552,-0.8066444993019104,-0.007973432540893555,0.7923588156700134,-0.26611297130584705,-0.007973432540893555,0.06305645704269404,0.26159467697143574,5,PASS,301,505,97,301,301
2016-02-29,252,3,cross_industry_degree_percentile,ORIGINAL,1505,1505,118,0.22956810631229235,0.5232558139534884,1.0,0.22956810631229235,0.22956810631229235,0.6235880398671096,0.8026578073089701,3,FEWER_THAN_5_PORTFOLIOS,0,0,0,0,0
2016-02-29,252,4,cross_industry_degree_ratio,ORIGINAL,1505,932,257,0.0,0.8333333333333334,1.0,0.36363636363636365,0.728481945467944,0.8940605854322669,1.0,4,FEWER_THAN_5_PORTFOLIOS,0,0,0,0,0
2016-02-29,252,5,delta_residual_degree_percentile_1m,ORIGINAL,1505,1468,359,-0.4256439805030823,-0.004998356103897095,0.41227737069129944,-0.009103715419769287,-0.004998356103897095,-0.004998356103897095,0.004729604721069356,4,FEWER_THAN_5_PORTFOLIOS,0,0,0,0,0
2016-02-29,252,6,delta_cross_industry_degree_percentile_1m,ORIGINAL,1505,1468,313,-0.5283337094240896,-0.005468880910303481,0.4427038765647796,-0.0061443696979581654,-0.005468880910303481,-0.005468880910303481,0.001162768355649325,4,FEWER_THAN_5_PORTFOLIOS,0,0,0,0,0
2016-02-29,252,7,neighbor_jaccard_1m,ORIGINAL,1505,934,232,0.0,0.8771210813920045,1.0,0.6,0.8214285714285714,0.92,1.0,4,FEWER_THAN_5_PORTFOLIOS,0,0,0,0,0
2016-02-29,252,8,neighbor_retention_1m,ORIGINAL,1505,896,178,0.0,1.0,1.0,0.8333333333333334,0.9629629629629629,1.0,1.0,3,FEWER_THAN_5_PORTFOLIOS,0,0,0,0,0
2016-02-29,252,9,outside_community_degree_percentile,ORIGINAL,1505,1505,72,0.3601328903654485,0.3601328903654485,1.0,0.3601328903654485,0.3601328903654485,0.3601328903654485,0.8043189368770765,2,FEWER_THAN_5_PORTFOLIOS,0,0,0,0,0
2016-03-31,60,1,residual_degree_percentile,ORIGINAL,2290,2290,147,0.010480348952114582,0.5072052478790283,1.0,0.18886463344097137,0.412227064371109,0.5954148769378662,0.8021833896636963,5,PASS,498,492,392,461,447
2016-03-31,60,2,delta_degree_percentile,ORIGINAL,2290,2290,922,-0.973362441174686,-0.0024017691612243652,0.7414847165346146,-0.27751094102859497,-0.06982531547546386,0.08323143422603599,0.307641938328743,5,PASS,459,457,458,471,445
2016-03-31,60,3,cross_industry_degree_percentile,ORIGINAL,2290,2290,134,0.012882096069868995,0.5008733624454148,1.0,0.2220524017467249,0.37816593886462885,0.6080786026200873,0.7980349344978166,5,PASS,582,335,498,422,453
2016-03-31,60,4,cross_industry_degree_ratio,ORIGINAL,2290,2243,413,0.0,0.9322033898305084,1.0,0.75,0.8888888888888888,1.0,1.0,3,FEWER_THAN_5_PORTFOLIOS,0,0,0,0,0
2016-03-31,60,5,delta_residual_degree_percentile_1m,ORIGINAL,2290,2127,1054,-0.8574357582256198,0.005541980266571045,0.8420318812131882,-0.1550220251083374,-0.029241979122161803,0.045190513134002686,0.1485770225524905,5,PASS,435,416,427,423,426
2016-03-31,60,6,delta_cross_industry_degree_percentile_1m,ORIGINAL,2290,2127,967,-0.8688671230287477,0.005280315829060966,0.7988886160849122,-0.16485686559922363,-0.024425309194078593,0.04685566136452651,0.1565790576181485,5,PASS,426,437,413,433,418
2016-03-31,60,7,neighbor_jaccard_1m,ORIGINAL,2290,2115,579,0.0,0.13333333333333333,1.0,0.0,0.084180790960452,0.1875,0.3481909394952874,4,FEWER_THAN_5_PORTFOLIOS,0,0,0,0,0
2016-03-31,60,8,neighbor_retention_1m,ORIGINAL,2290,2044,465,0.0,0.3101431740270216,1.0,0.0,0.2,0.41881720430107516,0.65,4,FEWER_THAN_5_PORTFOLIOS,0,0,0,0,0
2016-03-31,60,9,outside_community_degree_percentile,ORIGINAL,2290,2290,65,0.08799126637554586,0.5524017467248908,1.0,0.26353711790393014,0.4248908296943231,0.5524017467248908,0.7893013100436681,5,PASS,804,337,247,454,448
2016-03-31,120,1,residual_degree_percentile,ORIGINAL,2061,2061,156,0.05507035553455353,0.4796215295791626,1.0,0.17370209097862244,0.4213973879814148,0.586365818977356,0.8020378351211548,5,PASS,489,445,303,421,403
2016-03-31,120,2,delta_degree_percentile,ORIGINAL,2061,2061,872,-0.8934982866048813,0.013828277587890625,0.7702571898698807,-0.2040271759033203,-0.03905870020389557,0.07666182518005371,0.2479378581047058,5,PASS,414,546,278,411,412
2016-03-31,120,3,cross_industry_degree_percentile,ORIGINAL,2061,2061,146,0.0722950024260068,0.4973313925278991,1.0,0.21688500727802038,0.42261038330907325,0.5967976710334789,0.7983988355167394,5,PASS,596,356,310,390,409
2016-03-31,120,4,cross_industry_degree_ratio,ORIGINAL,2061,1835,402,0.0,0.8837209302325582,1.0,0.5992307692307692,0.8,0.9655172413793104,1.0,4,FEWER_THAN_5_PORTFOLIOS,0,0,0,0,0
2016-03-31,120,5,delta_residual_degree_percentile_1m,ORIGINAL,2061,1945,812,-0.8058337420225143,0.009679079055786133,0.5969104990363121,-0.08601262569427488,-0.023419462144374847,0.03695932626724215,0.1201542317867279,5,PASS,389,407,371,395,383
2016-03-31,120,6,delta_cross_industry_degree_percentile_1m,ORIGINAL,2061,1945,723,-0.8077348038333076,0.00037565142440221244,0.639463212553627,-0.09552175777388755,-0.02283664188596539,0.04079885402814748,0.12175336296604819,5,PASS,398,434,356,379,378
2016-03-31,120,7,neighbor_jaccard_1m,ORIGINAL,2061,1806,487,0.0,0.2857142857142857,1.0,0.0,0.2,0.3522727272727273,0.5210084033613446,4,FEWER_THAN_5_PORTFOLIOS,0,0,0,0,0
2016-03-31,120,8,neighbor_retention_1m,ORIGINAL,2061,1631,396,0.0,0.5882352941176471,1.0,0.12698412698412698,0.5,0.696,0.9206349206349206,5,PASS,327,415,237,326,326
2016-03-31,120,9,outside_community_degree_percentile,ORIGINAL,2061,2061,59,0.2316836487142164,0.5538573508005823,1.0,0.2316836487142164,0.2316836487142164,0.5538573508005823,0.8146530810286269,3,FEWER_THAN_5_PORTFOLIOS,0,0,0,0,0
2016-03-31,252,1,residual_degree_percentile,ORIGINAL,1540,1540,130,0.1912337690591812,0.44740259647369385,1.0,0.1912337690591812,0.44740259647369385,0.6029220819473267,0.7980519533157349,4,FEWER_THAN_5_PORTFOLIOS,0,0,0,0,0
2016-03-31,252,2,delta_degree_percentile,ORIGINAL,1540,1540,575,-0.8071428388357162,-0.002922073006629944,0.8025974333286285,-0.287402606010437,-0.002922073006629944,0.05467531681060787,0.2661039352416993,5,PASS,308,529,87,308,308
2016-03-31,252,3,cross_industry_degree_percentile,ORIGINAL,1540,1540,114,0.22564935064935066,0.5188311688311689,1.0,0.22564935064935066,0.22564935064935066,0.6188311688311688,0.7996753246753247,3,FEWER_THAN_5_PORTFOLIOS,0,0,0,0,0
2016-03-31,252,4,cross_industry_degree_ratio,ORIGINAL,1540,952,256,0.0,0.8333333333333334,1.0,0.4,0.7338775510204082,0.9015368309485957,1.0,4,FEWER_THAN_5_PORTFOLIOS,0,0,0,0,0
2016-03-31,252,5,delta_residual_degree_percentile_1m,ORIGINAL,1540,1461,364,-0.4562745541334152,0.0005360990762710571,0.4122244119644165,-0.00723344087600708,0.0005360990762710571,0.0005360990762710571,0.0036469101905822754,4,FEWER_THAN_5_PORTFOLIOS,0,0,0,0,0
2016-03-31,252,6,delta_cross_industry_degree_percentile_1m,ORIGINAL,1540,1461,327,-0.48365297493204473,-0.0039187556629416975,0.4402370884929025,-0.006146179401993357,-0.0039187556629416975,-0.0039187556629416975,0.0014799154334038667,4,FEWER_THAN_5_PORTFOLIOS,0,0,0,0,0
2016-03-31,252,7,neighbor_jaccard_1m,ORIGINAL,1540,952,237,0.0,0.8,1.0,0.5,0.7142857142857143,0.8674213836477987,1.0,4,FEWER_THAN_5_PORTFOLIOS,0,0,0,0,0
2016-03-31,252,8,neighbor_retention_1m,ORIGINAL,1540,904,193,0.0,0.95,1.0,0.711904761904762,0.9016328156113104,0.9869613829878731,1.0,4,FEWER_THAN_5_PORTFOLIOS,0,0,0,0,0
2016-03-31,252,9,outside_community_degree_percentile,ORIGINAL,1540,1540,73,0.3568181818181818,0.3568181818181818,1.0,0.3568181818181818,0.3568181818181818,0.3568181818181818,0.8090909090909091,2,FEWER_THAN_5_PORTFOLIOS,0,0,0,0,0
2016-04-29,60,1,residual_degree_percentile,ORIGINAL,2246,2246,152,0.003339269896969199,0.5057880878448486,1.0,0.18521817028522491,0.39091718196868896,0.5988423824310303,0.7958592772483826,5,PASS,473,456,449,419,449
2016-04-29,60,2,delta_degree_percentile,ORIGINAL,2246,2246,945,-0.9479074105620384,-0.0020035654306411743,0.7580142319202423,-0.27025824785232544,-0.06901156902313232,0.1030721366405487,0.29764026403427124,5,PASS,450,449,498,401,448
2016-04-29,60,3,cross_industry_degree_percentile,ORIGINAL,2246,2246,136,0.003784505788067676,0.49888691006233304,1.0,0.22373107747105966,0.39982190560997327,0.6012911843276937,0.7985307212822796,5,PASS,567,391,425,422,441
2016-04-29,60,4,cross_industry_degree_ratio,ORIGINAL,2246,2232,399,0.0,0.9230769230769231,1.0,0.75,0.875,0.9642857142857143,1.0,4,FEWER_THAN_5_PORTFOLIOS,0,0,0,0,0
2016-04-29,60,5,delta_residual_degree_percentile_1m,ORIGINAL,2246,2148,1153,-0.8606345264706761,0.0038138628005981445,0.7663446515798569,-0.18761166930198664,-0.03795850425958633,0.051675960421562195,0.2003926396369934,5,PASS,430,429,431,428,430
2016-04-29,60,6,delta_cross_industry_degree_percentile_1m,ORIGINAL,2246,2148,1039,-0.8818050138625874,0.006674942741487,0.8429584666772953,-0.2116476841896511,-0.04576038138641431,0.06017451694813099,0.21100798313936084,5,PASS,439,420,434,425,430
2016-04-29,60,7,neighbor_jaccard_1m,ORIGINAL,2246,2146,570,0.0,0.1111111111111111,1.0,0.0,0.07692307692307693,0.16363636363636364,0.2857142857142857,4,FEWER_THAN_5_PORTFOLIOS,0,0,0,0,0
2016-04-29,60,8,neighbor_retention_1m,ORIGINAL,2246,2098,482,0.0,0.23076923076923078,1.0,0.0,0.14285714285714285,0.3333333333333333,0.5833333333333334,4,FEWER_THAN_5_PORTFOLIOS,0,0,0,0,0
2016-04-29,60,9,outside_community_degree_percentile,ORIGINAL,2246,2246,57,0.06634016028495103,0.49131789848619767,1.0,0.21415850400712377,0.36754229741763134,0.5825912733748887,0.8000890471950134,5,PASS,664,322,410,436,414
2016-04-29,120,1,residual_degree_percentile,ORIGINAL,2077,2077,169,0.06933076679706573,0.5026480555534363,1.0,0.19908522069454193,0.3899855613708496,0.6023110151290894,0.8012518048286448,5,PASS,539,349,394,379,416
2016-04-29,120,2,delta_degree_percentile,ORIGINAL,2077,2077,834,-0.8885411471128464,-0.02359171211719513,0.7640827894210815,-0.2095811605453491,-0.05922005176544189,0.08329322934150696,0.2481463789939883,5,PASS,416,415,462,368,416
2016-04-29,120,3,cross_industry_degree_percentile,ORIGINAL,2077,2077,155,0.08545979778526722,0.5137217140105922,1.0,0.24025036109773712,0.3589311506981223,0.6051998074145402,0.8023591718825228,5,PASS,643,204,450,376,404
2016-04-29,120,4,cross_industry_degree_ratio,ORIGINAL,2077,1790,380,0.0,0.9047619047619048,1.0,0.625,0.8397142857142857,1.0,1.0,3,FEWER_THAN_5_PORTFOLIOS,0,0,0,0,0
2016-04-29,120,5,delta_residual_degree_percentile_1m,ORIGINAL,2077,1961,750,-0.6424596160650253,0.014260411262512207,0.6288487762212753,-0.08136272430419922,-0.0013169646263122559,0.025383129715919495,0.09849691390991211,5,PASS,394,391,460,324,392
2016-04-29,120,6,delta_cross_industry_degree_percentile_1m,ORIGINAL,2077,1961,665,-0.6930457820303563,0.01316479535926042,0.6619370630530494,-0.09599418038697904,0.003960336365783412,0.02268660921340615,0.09458412964057017,5,PASS,399,386,393,391,392
2016-04-29,120,7,neighbor_jaccard_1m,ORIGINAL,2077,1816,489,0.0,0.38095238095238093,1.0,0.0,0.2857142857142857,0.5,0.6666666666666666,4,FEWER_THAN_5_PORTFOLIOS,0,0,0,0,0
2016-04-29,120,8,neighbor_retention_1m,ORIGINAL,2077,1731,398,0.0,0.6,1.0,0.125,0.5,0.7142857142857143,0.898876404494382,5,PASS,352,428,260,345,346
2016-04-29,120,9,outside_community_degree_percentile,ORIGINAL,2077,2077,75,0.2392874337987482,0.5640346653827636,1.0,0.2392874337987482,0.2392874337987482,0.5640346653827636,0.7910447761194029,3,FEWER_THAN_5_PORTFOLIOS,0,0,0,0,0
2016-04-29,252,1,residual_degree_percentile,ORIGINAL,1599,1599,128,0.19480925798416138,0.452157586812973,1.0,0.19480925798416138,0.452157586812973,0.5997498631477356,0.7961225509643555,4,FEWER_THAN_5_PORTFOLIOS,0,0,0,0,0
2016-04-29,252,2,delta_degree_percentile,ORIGINAL,1599,1599,600,-0.8033145666122437,0.002501562237739563,0.7983114272356033,-0.3130081295967102,0.002501562237739563,0.0434021234512329,0.2742339074611664,5,PASS,321,570,68,322,318
2016-04-29,252,3,cross_industry_degree_percentile,ORIGINAL,1599,1599,120,0.2313946216385241,0.5265791119449656,1.0,0.2313946216385241,0.2313946216385241,0.6203877423389619,0.798311444652908,3,FEWER_THAN_5_PORTFOLIOS,0,0,0,0,0
2016-04-29,252,4,cross_industry_degree_ratio,ORIGINAL,1599,977,262,0.0,0.8333333333333334,1.0,0.3888888888888889,0.7402962962962963,0.9090909090909091,1.0,4,FEWER_THAN_5_PORTFOLIOS,0,0,0,0,0
2016-04-29,252,5,delta_residual_degree_percentile_1m,ORIGINAL,1599,1497,418,-0.4081128239631653,0.0035754889249801636,0.4085160940885544,-0.015762269496917725,0.0035754889249801636,0.0035754889249801636,0.004754990339279175,4,FEWER_THAN_5_PORTFOLIOS,0,0,0,0,0
2016-04-29,252,6,delta_cross_industry_degree_percentile_1m,ORIGINAL,1599,1497,356,-0.43841057316667076,0.005745270989173434,0.4675964279622816,-0.01093564971613752,0.005745270989173434,0.005745270989173434,0.007747943113796785,4,FEWER_THAN_5_PORTFOLIOS,0,0,0,0,0
2016-04-29,252,7,neighbor_jaccard_1m,ORIGINAL,1599,983,276,0.0,0.7058823529411765,1.0,0.3333333333333333,0.6221021021021022,0.782608695652174,0.9230769230769231,5,PASS,216,177,201,194,195
2016-04-29,252,8,neighbor_retention_1m,ORIGINAL,1599,934,235,0.0,0.8835271317829457,1.0,0.5,0.8,0.9315060418508694,1.0,4,FEWER_THAN_5_PORTFOLIOS,0,0,0,0,0
2016-04-29,252,9,outside_community_degree_percentile,ORIGINAL,1599,1599,76,0.3624140087554722,0.3624140087554722,1.0,0.3624140087554722,0.3624140087554722,0.3624140087554722,0.8123827392120075,2,FEWER_THAN_5_PORTFOLIOS,0,0,0,0,0
2016-05-31,60,1,residual_degree_percentile,ORIGINAL,2265,2265,104,0.0008830021834000945,0.4995585083961487,1.0,0.1894039660692215,0.3942604959011078,0.6092715263366699,0.7988962531089783,5,PASS,471,460,476,415,443
2016-05-31,60,2,delta_degree_percentile,ORIGINAL,2265,2265,953,-0.9666666779667139,-0.00022074580192565918,0.7675496637821198,-0.2610595941543579,-0.08079470694065094,0.08543047308921814,0.2988962233066559,5,PASS,453,488,427,468,429
2016-05-31,60,3,cross_industry_degree_percentile,ORIGINAL,2265,2265,86,0.0008830022075055188,0.5061810154525387,1.0,0.20022075055187638,0.38719646799116997,0.6048565121412803,0.8022075055187637,5,PASS,510,422,470,434,429
2016-05-31,60,4,cross_industry_degree_ratio,ORIGINAL,2265,2262,380,0.125,0.9090909090909091,1.0,0.7655924322590989,0.875,0.9375,1.0,4,FEWER_THAN_5_PORTFOLIOS,0,0,0,0,0
2016-05-31,60,5,delta_residual_degree_percentile_1m,ORIGINAL,2265,2152,1153,-0.8933913670480251,0.016389787197113037,0.8488669618964195,-0.20151321589946747,-0.03330129384994507,0.06566494703292847,0.19779194593429592,5,PASS,433,431,429,428,431
2016-05-31,60,6,delta_cross_industry_degree_percentile_1m,ORIGINAL,2265,2152,1029,-0.9077830786740814,0.008798275668885967,0.8661867357028142,-0.211148296014106,-0.03487306351836669,0.06788150236181455,0.22523711518539707,5,PASS,432,429,430,431,430
2016-05-31,60,7,neighbor_jaccard_1m,ORIGINAL,2265,2152,551,0.0,0.125,0.719626168224299,0.02857142857142857,0.09090909090909091,0.16666666666666666,0.28,5,PASS,435,455,434,398,430
2016-05-31,60,8,neighbor_retention_1m,ORIGINAL,2265,2137,470,0.0,0.2857142857142857,1.0,0.05555555555555555,0.2,0.375,0.5905050505050509,5,PASS,429,447,417,416,428
2016-05-31,60,9,outside_community_degree_percentile,ORIGINAL,2265,2265,35,0.008388520971302429,0.5070640176600442,1.0,0.19072847682119207,0.4055187637969095,0.5984547461368653,0.7856512141280353,5,PASS,540,498,414,379,434
2016-05-31,120,1,residual_degree_percentile,ORIGINAL,2124,2124,160,0.033898305147886276,0.4924670457839966,1.0,0.18879473209381104,0.40065914392471313,0.5908662676811218,0.7977871894836426,5,PASS,496,409,375,421,423
2016-05-31,120,2,delta_degree_percentile,ORIGINAL,2124,2124,843,-0.9387947209179401,0.021657243371009827,0.7410546094179153,-0.23606402873992907,-0.06002824008464813,0.09227873384952545,0.2806026488542557,5,PASS,425,520,367,392,420
2016-05-31,120,3,cross_industry_degree_percentile,ORIGINAL,2124,2124,150,0.04096045197740113,0.5070621468926554,1.0,0.22763653483992466,0.3935969868173258,0.5922787193973634,0.8027306967984934,5,PASS,596,309,393,413,413
2016-05-31,120,4,cross_industry_degree_ratio,ORIGINAL,2124,1981,398,0.0,0.9166666666666666,1.0,0.6666666666666666,0.8571428571428571,1.0,1.0,3,FEWER_THAN_5_PORTFOLIOS,0,0,0,0,0
2016-05-31,120,5,delta_residual_degree_percentile_1m,ORIGINAL,2124,2014,854,-0.8069779761135578,0.008146941661834717,0.6458293050527573,-0.11717543005943298,-0.010290488600730896,0.03636603057384491,0.1288502335548401,5,PASS,413,431,405,362,403
2016-05-31,120,6,delta_cross_industry_degree_percentile_1m,ORIGINAL,2124,2014,748,-0.8405994902469609,0.006962862015782223,0.7718848349830943,-0.12618212473263352,-0.012907147332410293,0.04260046586821678,0.14217673705465744,5,PASS,409,397,476,357,375
2016-05-31,120,7,neighbor_jaccard_1m,ORIGINAL,2124,1943,493,0.0,0.25,1.0,0.0,0.16666666666666666,0.3333333333333333,0.5271929824561405,4,FEWER_THAN_5_PORTFOLIOS,0,0,0,0,0
2016-05-31,120,8,neighbor_retention_1m,ORIGINAL,2124,1729,421,0.0,0.625,1.0,0.10453720508166973,0.5,0.75,0.9375,5,PASS,346,427,301,312,343
2016-05-31,120,9,outside_community_degree_percentile,ORIGINAL,2124,2124,73,0.17066854990583805,0.4333804143126177,1.0,0.17066854990583805,0.4333804143126177,0.5802730696798494,0.8008474576271186,4,FEWER_THAN_5_PORTFOLIOS,0,0,0,0,0
2016-05-31,252,1,residual_degree_percentile,ORIGINAL,1665,1665,132,0.17477478086948395,0.5045045018196106,1.0,0.17477478086948395,0.4096096158027649,0.6057056784629822,0.8030030131340027,4,FEWER_THAN_5_PORTFOLIOS,0,0,0,0,0
2016-05-31,252,2,delta_degree_percentile,ORIGINAL,1665,1665,654,-0.8222222179174423,-0.02282281219959259,0.7933934032917023,-0.2927327513694763,-0.02282281219959259,0.07333335876464842,0.3057056844234467,5,PASS,333,576,90,333,333
2016-05-31,252,3,cross_industry_degree_percentile,ORIGINAL,1665,1665,130,0.20960960960960962,0.4786786786786787,1.0,0.20960960960960962,0.20960960960960962,0.5714714714714715,0.7975975975975976,3,FEWER_THAN_5_PORTFOLIOS,0,0,0,0,0
2016-05-31,252,4,cross_industry_degree_ratio,ORIGINAL,1665,1084,275,0.0,0.8571428571428571,1.0,0.5,0.75,0.9127877237851661,1.0,4,FEWER_THAN_5_PORTFOLIOS,0,0,0,0,0
2016-05-31,252,5,delta_residual_degree_percentile_1m,ORIGINAL,1665,1551,446,-0.4612477272748947,-0.02003447711467743,0.4898754358291626,-0.03966611623764038,-0.02003447711467743,-0.014665722846984863,0.014356911182403564,5,PASS,312,585,34,310,310
2016-05-31,252,6,delta_cross_industry_degree_percentile_1m,ORIGINAL,1665,1551,389,-0.48363616900202266,-0.021785012028914474,0.4794161891722867,-0.02687941224526591,-0.021785012028914474,-0.021785012028914474,0.00783766881327852,4,FEWER_THAN_5_PORTFOLIOS,0,0,0,0,0
2016-05-31,252,7,neighbor_jaccard_1m,ORIGINAL,1665,1037,288,0.0,0.6818181818181818,1.0,0.3333333333333333,0.6,0.7538288794071413,0.9069147286821705,5,PASS,237,189,196,207,208
2016-05-31,252,8,neighbor_retention_1m,ORIGINAL,1665,946,230,0.0,0.9308637760327757,1.0,0.6666666666666666,0.8648648648648649,0.9711538461538461,1.0,4,FEWER_THAN_5_PORTFOLIOS,0,0,0,0,0
2016-05-31,252,9,outside_community_degree_percentile,ORIGINAL,1665,1665,81,0.3621621621621622,0.3621621621621622,1.0,0.3621621621621622,0.3621621621621622,0.3621621621621622,0.8111111111111111,2,FEWER_THAN_5_PORTFOLIOS,0,0,0,0,0
2016-06-30,60,1,residual_degree_percentile,ORIGINAL,2284,2284,98,0.0008756567258387804,0.5032837390899658,1.0,0.2057793289422989,0.4030210077762604,0.6092382073402405,0.7994745969772339,5,PASS,515,446,461,417,445
2016-06-30,60,2,delta_degree_percentile,ORIGINAL,2284,2284,911,-0.9798598671332002,-0.0033931732177734375,0.7626969963312149,-0.2514886260032654,-0.08463220596313474,0.08782835006713853,0.28279334306716936,5,PASS,457,457,456,457,457
2016-06-30,60,3,cross_industry_degree_percentile,ORIGINAL,2284,2284,81,0.0008756567425569177,0.48708406304728546,1.0,0.17972854640980734,0.40433450087565675,0.612521891418564,0.7970665499124343,5,PASS,459,506,473,396,450
2016-06-30,60,4,cross_industry_degree_ratio,ORIGINAL,2284,2281,377,0.16666666666666666,0.9090909090909091,1.0,0.7604166666666666,0.875,0.9375,1.0,4,FEWER_THAN_5_PORTFOLIOS,0,0,0,0,0
2016-06-30,60,5,delta_residual_degree_percentile_1m,ORIGINAL,2284,2183,1166,-0.8085838630795479,0.007155060768127441,0.759255513548851,-0.17159328460693354,-0.029561437666416168,0.050723659992218055,0.17762354761362079,5,PASS,437,438,435,436,437
2016-06-30,60,6,delta_cross_industry_degree_percentile_1m,ORIGINAL,2284,2183,1036,-0.8425251195571071,0.008193479546746096,0.849720195775971,-0.18707151776636005,-0.037049751993907094,0.05653460293895931,0.19828348082253788,5,PASS,437,436,437,436,437
2016-06-30,60,7,neighbor_jaccard_1m,ORIGINAL,2284,2183,588,0.0,0.15,1.0,0.037037037037037035,0.10344827586206896,0.2,0.32588473205257845,5,PASS,439,436,460,411,437
2016-06-30,60,8,neighbor_retention_1m,ORIGINAL,2284,2180,448,0.0,0.2857142857142857,1.0,0.06666666666666667,0.2,0.35714285714285715,0.5333333333333333,5,PASS,437,446,429,433,435
2016-06-30,60,9,outside_community_degree_percentile,ORIGINAL,2284,2284,39,0.008099824868651488,0.5164185639229422,1.0,0.2373029772329247,0.4271015761821366,0.6026707530647986,0.811077057793345,5,PASS,648,421,394,428,393
2016-06-30,120,1,residual_degree_percentile,ORIGINAL,2171,2171,163,0.029249193146824837,0.49263012409210205,1.0,0.170658677816391,0.4173192083835602,0.5912021994590759,0.802395224571228,5,PASS,446,505,362,436,422
2016-06-30,120,2,delta_degree_percentile,ORIGINAL,2171,2171,858,-0.9679871182888746,-0.01404881477355957,0.728466123342514,-0.22961768321692944,-0.08820819854736328,0.0930446982383728,0.27752184867858887,5,PASS,514,363,426,434,434
2016-06-30,120,3,cross_industry_degree_percentile,ORIGINAL,2171,2171,145,0.03707968678028558,0.5181943804698296,1.0,0.2052049746660525,0.3696453247351451,0.5923537540304007,0.8007830492860433,5,PASS,548,323,459,417,424
2016-06-30,120,4,cross_industry_degree_ratio,ORIGINAL,2171,2045,411,0.0,0.9122807017543859,1.0,0.6666666666666666,0.8571428571428571,0.9767441860465116,1.0,4,FEWER_THAN_5_PORTFOLIOS,0,0,0,0,0
2016-06-30,120,5,delta_residual_degree_percentile_1m,ORIGINAL,2171,2064,823,-0.6986227612942457,-0.001475006341934204,0.5933333039283752,-0.089742511510849,-0.012880766391754147,0.016545891761779785,0.08151137828826904,5,PASS,422,404,413,414,411
2016-06-30,120,6,delta_cross_industry_degree_percentile_1m,ORIGINAL,2171,2064,741,-0.7475248329937256,-0.0038807651971155474,0.5632432440638063,-0.09834134425629404,-0.016633226376451808,0.015715960517036276,0.0852916071377453,5,PASS,422,404,413,421,404
2016-06-30,120,7,neighbor_jaccard_1m,ORIGINAL,2171,2010,513,0.0,0.3651515151515151,1.0,0.09090909090909091,0.2727272727272727,0.45454545454545453,0.6296296296296297,5,PASS,403,408,400,400,399
2016-06-30,120,8,neighbor_retention_1m,ORIGINAL,2171,1915,403,0.0,0.6153846153846154,1.0,0.25,0.5,0.7,0.8604651162790697,5,PASS,427,396,329,381,382
2016-06-30,120,9,outside_community_degree_percentile,ORIGINAL,2171,2171,67,0.1437125748502994,0.5269461077844312,1.0,0.1437125748502994,0.37494242284661444,0.633578995854445,0.7911100875172732,4,FEWER_THAN_5_PORTFOLIOS,0,0,0,0,0
2016-06-30,252,1,residual_degree_percentile,ORIGINAL,1720,1720,144,0.17529070377349854,0.5174418687820435,1.0,0.17529070377349854,0.41744187474250793,0.6154069900512695,0.8011627793312073,4,FEWER_THAN_5_PORTFOLIOS,0,0,0,0,0
2016-06-30,252,2,delta_degree_percentile,ORIGINAL,1720,1720,671,-0.8241279125213623,-0.03691859543323517,0.7784883826971054,-0.28866279125213623,-0.03691859543323517,0.06290699243545508,0.2972674608230592,5,PASS,353,570,109,344,344
2016-06-30,252,3,cross_industry_degree_percentile,ORIGINAL,1720,1720,144,0.2127906976744186,0.4880813953488372,1.0,0.2127906976744186,0.2127906976744186,0.5822674418604651,0.8005813953488372,3,FEWER_THAN_5_PORTFOLIOS,0,0,0,0,0
2016-06-30,252,4,cross_industry_degree_ratio,ORIGINAL,1720,1118,293,0.0,0.8571428571428571,1.0,0.44848484848484854,0.7772222222222223,0.9232073011734029,1.0,4,FEWER_THAN_5_PORTFOLIOS,0,0,0,0,0
2016-06-30,252,5,delta_residual_degree_percentile_1m,ORIGINAL,1720,1632,511,-0.5526372194290161,0.0005159229040145874,0.47377173602581024,-0.02604633569717407,0.0005159229040145874,0.0005159229040145874,0.030184566974639893,4,FEWER_THAN_5_PORTFOLIOS,0,0,0,0,0
2016-06-30,252,6,delta_cross_industry_degree_percentile_1m,ORIGINAL,1720,1632,456,-0.5664885816048607,0.00318108806480899,0.48602992527411126,-0.0183837907675117,0.00318108806480899,0.00318108806480899,0.01900254906068864,4,FEWER_THAN_5_PORTFOLIOS,0,0,0,0,0
2016-06-30,252,7,neighbor_jaccard_1m,ORIGINAL,1720,1156,335,0.0,0.5,1.0,0.0,0.4117647058823529,0.6071428571428571,0.8068181818181818,4,FEWER_THAN_5_PORTFOLIOS,0,0,0,0,0
2016-06-30,252,8,neighbor_retention_1m,ORIGINAL,1720,1067,280,0.0,0.8,1.0,0.32549019607843155,0.6666666666666666,0.8721222040370977,1.0,4,FEWER_THAN_5_PORTFOLIOS,0,0,0,0,0
2016-06-30,252,9,outside_community_degree_percentile,ORIGINAL,1720,1720,82,0.3625,0.3625,1.0,0.3625,0.3625,0.3625,0.7645348837209303,2,FEWER_THAN_5_PORTFOLIOS,0,0,0,0,0
2016-07-29,60,1,residual_degree_percentile,ORIGINAL,2332,2332,128,0.002358490601181984,0.49163806438446045,1.0,0.19639794528484344,0.38957977294921875,0.5956260561943054,0.7997426986694336,5,PASS,504,444,470,459,455
2016-07-29,60,2,delta_degree_percentile,ORIGINAL,2332,2332,996,-0.9678387707099319,0.0008576512336730957,0.7823756337165833,-0.27980275452136993,-0.08713548183441154,0.09738421440124498,0.2907375693321228,5,PASS,468,465,466,467,466
2016-07-29,60,3,cross_industry_degree_percentile,ORIGINAL,2332,2332,112,0.003216123499142367,0.5173670668953688,1.0,0.20711835334476844,0.395368782161235,0.6110634648370498,0.801672384219554,5,PASS,540,437,479,422,454
2016-07-29,60,4,cross_industry_degree_ratio,ORIGINAL,2332,2322,436,0.0,0.896551724137931,1.0,0.7391304347826086,0.8571428571428571,0.9333333333333333,1.0,4,FEWER_THAN_5_PORTFOLIOS,0,0,0,0,0
2016-07-29,60,5,delta_residual_degree_percentile_1m,ORIGINAL,2332,2209,1217,-0.9330629594624043,0.004237473011016846,0.9571262206882238,-0.17303985357284546,-0.04211960956454274,0.04739939644932747,0.17941197752952576,5,PASS,443,441,441,446,438
2016-07-29,60,6,delta_cross_industry_degree_percentile_1m,ORIGINAL,2332,2209,1083,-0.9308711808298763,0.003072308519554312,0.9487263925645778,-0.1963983171769908,-0.03983209319511073,0.05204217271015012,0.19829847728849828,5,PASS,444,440,441,442,442
2016-07-29,60,7,neighbor_jaccard_1m,ORIGINAL,2332,2209,617,0.0,0.14814814814814814,0.7142857142857143,0.03676767676767678,0.10526315789473684,0.2,0.3225806451612903,5,PASS,442,445,470,411,441
2016-07-29,60,8,neighbor_retention_1m,ORIGINAL,2332,2206,458,0.0,0.26666666666666666,1.0,0.06666666666666667,0.2,0.3333333333333333,0.5,5,PASS,447,475,409,434,441
2016-07-29,60,9,outside_community_degree_percentile,ORIGINAL,2332,2332,61,0.01843910806174957,0.5332332761578045,1.0,0.17414236706689992,0.3582761578044597,0.6054888507718696,0.7832332761578045,5,PASS,467,486,527,387,465
2016-07-29,120,1,residual_degree_percentile,ORIGINAL,2198,2198,156,0.017060965299606323,0.5088716745376587,1.0,0.18698817491531372,0.3980891704559326,0.6101000905036926,0.8005004525184631,5,PASS,471,447,447,403,430
2016-07-29,120,2,delta_degree_percentile,ORIGINAL,2198,2198,894,-0.9542765915393829,0.008871704339981079,0.7534121870994568,-0.23148319721221916,-0.07643315196037292,0.08375794887542726,0.27229297161102295,5,PASS,440,440,439,445,434
2016-07-29,120,3,cross_industry_degree_percentile,ORIGINAL,2198,2198,139,0.022065514103730664,0.47793448589626936,1.0,0.23180163785259328,0.42561419472247497,0.6016833484986351,0.7998180163785259,5,PASS,581,413,362,412,430
2016-07-29,120,4,cross_industry_degree_ratio,ORIGINAL,2198,2124,421,0.0,0.8928571428571429,1.0,0.6615384615384619,0.8333333333333334,0.95,1.0,4,FEWER_THAN_5_PORTFOLIOS,0,0,0,0,0
2016-07-29,120,5,delta_residual_degree_percentile_1m,ORIGINAL,2198,2127,985,-0.834159642457962,0.012831568717956543,0.7453185897320509,-0.11742952466011047,-0.012188227847218513,0.04149113893508908,0.14081475734710708,5,PASS,431,439,406,425,426
2016-07-29,120,6,delta_cross_industry_degree_percentile_1m,ORIGINAL,2198,2127,826,-0.8494222795397516,0.009281080870386371,0.7463021741216943,-0.13874972809333386,-0.01513647304676708,0.04185570903409113,0.15469498463701137,5,PASS,430,421,428,429,419
2016-07-29,120,7,neighbor_jaccard_1m,ORIGINAL,2198,2100,535,0.0,0.25,1.0,0.0,0.18181818181818182,0.31394957983193267,0.47058823529411764,4,FEWER_THAN_5_PORTFOLIOS,0,0,0,0,0
2016-07-29,120,8,neighbor_retention_1m,ORIGINAL,2198,2003,451,0.0,0.5,1.0,0.10640113798008545,0.375,0.6,0.8080084299262382,5,PASS,401,413,391,397,401
2016-07-29,120,9,outside_community_degree_percentile,ORIGINAL,2198,2198,75,0.11237488626023658,0.46314831665150136,1.0,0.11237488626023658,0.3132393084622384,0.5709736123748863,0.8027752502274795,4,FEWER_THAN_5_PORTFOLIOS,0,0,0,0,0
2016-07-29,252,1,residual_degree_percentile,ORIGINAL,1797,1797,146,0.15943238139152527,0.4741235375404358,1.0,0.15943238139152527,0.3795214295387268,0.6046187877655029,0.8013355731964111,4,FEWER_THAN_5_PORTFOLIOS,0,0,0,0,0
2016-07-29,252,2,delta_degree_percentile,ORIGINAL,1797,1797,737,-0.8400111496448517,-0.03839734196662903,0.7821369171142578,-0.27440180778503415,-0.03839734196662903,0.0897607088088989,0.2762938141822815,5,PASS,360,576,142,369,350
2016-07-29,252,3,cross_industry_degree_percentile,ORIGINAL,1797,1797,142,0.19810795770728992,0.46188091263216474,1.0,0.19810795770728992,0.46188091263216474,0.6065664997217585,0.8033945464663342,4,FEWER_THAN_5_PORTFOLIOS,0,0,0,0,0
2016-07-29,252,4,cross_industry_degree_ratio,ORIGINAL,1797,1225,325,0.0,0.8292682926829268,1.0,0.36363636363636365,0.7323076923076923,0.9033389926428975,1.0,4,FEWER_THAN_5_PORTFOLIOS,0,0,0,0,0
2016-07-29,252,5,delta_residual_degree_percentile_1m,ORIGINAL,1797,1696,567,-0.6661489903926849,-0.015858322381973267,0.5823609232902527,-0.03792044520378113,-0.015858322381973267,0.005016446113586426,0.059059977531433105,5,PASS,367,515,136,339,339
2016-07-29,252,6,delta_cross_industry_degree_percentile_1m,ORIGINAL,1797,1696,505,-0.6574152981066635,-0.014682739967128683,0.5921620012682637,-0.02620048271667247,-0.014682739967128683,-0.008273155517593889,0.06078897645947379,5,PASS,374,611,33,339,339
2016-07-29,252,7,neighbor_jaccard_1m,ORIGINAL,1797,1233,374,0.0,0.4,1.0,0.0,0.3333333333333333,0.5,0.6699650349650349,4,FEWER_THAN_5_PORTFOLIOS,0,0,0,0,0
2016-07-29,252,8,neighbor_retention_1m,ORIGINAL,1797,1101,302,0.0,0.821656050955414,1.0,0.34375,0.6944444444444444,0.9166666666666666,1.0,4,FEWER_THAN_5_PORTFOLIOS,0,0,0,0,0
2016-07-29,252,9,outside_community_degree_percentile,ORIGINAL,1797,1797,65,0.3525319977740679,0.3525319977740679,1.0,0.3525319977740679,0.3525319977740679,0.3525319977740679,0.8010573177518086,2,FEWER_THAN_5_PORTFOLIOS,0,0,0,0,0
2016-08-31,60,1,residual_degree_percentile,ORIGINAL,2409,2409,99,0.0006226649857126176,0.5014528632164001,1.0,0.19510170817375183,0.3910336196422577,0.5913242101669312,0.8028227686882019,5,PASS,507,468,472,497,465
2016-08-31,60,2,delta_degree_percentile,ORIGINAL,2409,2409,1173,-0.9632627870887518,0.006641745567321777,0.8293897807598114,-0.2397260218858719,-0.06102116405963898,0.08933167457580564,0.2594437599182129,5,PASS,487,502,456,483,481
2016-08-31,60,3,cross_industry_degree_percentile,ORIGINAL,2409,2409,87,0.0008302200083022001,0.5105853051058531,1.0,0.20319634703196346,0.41178912411789126,0.6008717310087173,0.797011207970112,5,PASS,538,491,448,461,471
2016-08-31,60,4,cross_industry_degree_ratio,ORIGINAL,2409,2407,446,0.0,0.9,1.0,0.7370146678170837,0.8571428571428571,0.9333333333333333,1.0,4,FEWER_THAN_5_PORTFOLIOS,0,0,0,0,0
2016-08-31,60,5,delta_residual_degree_percentile_1m,ORIGINAL,2409,2270,1273,-0.8113471772521734,0.004371389746665955,0.9239017460495234,-0.1582554191350937,-0.03166681528091431,0.04240483045578003,0.17857778072357186,5,PASS,454,456,454,452,454
2016-08-31,60,6,delta_cross_industry_degree_percentile_1m,ORIGINAL,2409,2270,1102,-0.8658215653563288,0.0031446540880503138,0.8109653657275782,-0.1827884035495822,-0.038330122104999365,0.04827357315726401,0.19434980458500745,5,PASS,457,452,453,458,450
2016-08-31,60,7,neighbor_jaccard_1m,ORIGINAL,2409,2270,653,0.0,0.19462481962481964,0.7818181818181819,0.05263157894736842,0.14285714285714285,0.2459985580389328,0.36363636363636365,5,PASS,458,467,437,461,447
2016-08-31,60,8,neighbor_retention_1m,ORIGINAL,2409,2260,527,0.0,0.35294117647058826,1.0,0.1,0.26666666666666666,0.44349206349206327,0.625,5,PASS,453,456,447,461,443
2016-08-31,60,9,outside_community_degree_percentile,ORIGINAL,2409,2409,49,0.013283520132835201,0.5107928601079286,1.0,0.2266500622665006,0.42507264425072644,0.5817766708177667,0.79057700290577,5,PASS,669,471,342,467,460
2016-08-31,120,1,residual_degree_percentile,ORIGINAL,2258,2258,115,0.002657218836247921,0.49269264936447144,1.0,0.19995571672916412,0.3950398564338684,0.604738712310791,0.7969442009925842,5,PASS,499,436,450,425,448
2016-08-31,120,2,delta_degree_percentile,ORIGINAL,2258,2258,971,-0.9712134636938572,0.0006642937660217285,0.7849867343902588,-0.24326837062835682,-0.08002656698226926,0.08928257226943971,0.27568647265434265,5,PASS,452,451,452,453,450
2016-08-31,120,3,cross_industry_degree_percentile,ORIGINAL,2258,2258,95,0.002878653675819309,0.48339238263950396,1.0,0.21014171833480957,0.4065544729849424,0.5892382639503986,0.7938441098317095,5,PASS,534,433,401,439,451
2016-08-31,120,4,cross_industry_degree_ratio,ORIGINAL,2258,2247,439,0.0,0.875,1.0,0.6666666666666666,0.8333333333333334,0.9230769230769231,1.0,4,FEWER_THAN_5_PORTFOLIOS,0,0,0,0,0
2016-08-31,120,5,delta_residual_degree_percentile_1m,ORIGINAL,2258,2163,1043,-0.86180629581213,0.012967541813850403,0.8109494224190712,-0.11221671104431152,-0.018767163157463074,0.04797814786434176,0.1369146704673767,5,PASS,437,429,432,435,430
2016-08-31,120,6,delta_cross_industry_degree_percentile_1m,ORIGINAL,2258,2163,881,-0.8520593244039392,0.009765702131980913,0.7007368805363762,-0.1356969577786715,-0.017869937321230045,0.04478183323111189,0.15849741813759344,5,PASS,433,432,433,433,432
2016-08-31,120,7,neighbor_jaccard_1m,ORIGINAL,2258,2160,593,0.0,0.2727272727272727,1.0,0.09523809523809523,0.2135714285714286,0.3333333333333333,0.46875,5,PASS,438,426,484,381,431
2016-08-31,120,8,neighbor_retention_1m,ORIGINAL,2258,2087,475,0.0,0.6,1.0,0.25,0.5,0.6932496075353217,0.9090909090909091,5,PASS,437,467,348,423,412
2016-08-31,120,9,outside_community_degree_percentile,ORIGINAL,2258,2258,44,0.022143489813994686,0.5234720992028343,1.0,0.1899911426040744,0.42094774136403895,0.6062887511071745,0.8073516386182462,5,PASS,564,511,374,413,396
2016-08-31,252,1,residual_degree_percentile,ORIGINAL,1857,1857,153,0.128432959318161,0.47469034790992737,1.0,0.128432959318161,0.40953150391578674,0.5988153219223022,0.798599898815155,4,FEWER_THAN_5_PORTFOLIOS,0,0,0,0,0
2016-08-31,252,2,delta_degree_percentile,ORIGINAL,1857,1857,769,-0.8704900443553925,-0.005385041236877441,0.7681744545698166,-0.23424875736236572,-0.08616046607494354,0.10123856365680695,0.2600969225168228,5,PASS,373,464,353,311,356
2016-08-31,252,3,cross_industry_degree_percentile,ORIGINAL,1857,1857,138,0.16208939149165322,0.49326871297792135,1.0,0.16208939149165322,0.3901453957996769,0.6103931071620894,0.7967151319332256,4,FEWER_THAN_5_PORTFOLIOS,0,0,0,0,0
2016-08-31,252,4,cross_industry_degree_ratio,ORIGINAL,1857,1381,354,0.0,0.8333333333333334,1.0,0.375,0.7244897959183674,0.9066666666666666,1.0,4,FEWER_THAN_5_PORTFOLIOS,0,0,0,0,0
2016-08-31,252,5,delta_residual_degree_percentile_1m,ORIGINAL,1857,1770,632,-0.6292186677455902,-0.010989874601364136,0.439382940530777,-0.05035141110420227,-0.030999422073364258,0.004259049892425537,0.09184306859970093,5,PASS,357,447,260,355,351
2016-08-31,252,6,delta_cross_industry_degree_percentile_1m,ORIGINAL,1857,1770,545,-0.6642879040008343,-0.022779619236152904,0.5407181058360595,-0.04041379322744876,-0.036018566215636705,0.0038266074403309203,0.09415531000779431,5,PASS,363,499,211,344,353
2016-08-31,252,7,neighbor_jaccard_1m,ORIGINAL,1857,1365,407,0.0,0.4583333333333333,1.0,0.0,0.3333333333333333,0.5,0.7073921200750469,4,FEWER_THAN_5_PORTFOLIOS,0,0,0,0,0
2016-08-31,252,8,neighbor_retention_1m,ORIGINAL,1857,1206,323,0.0,0.8366921736495189,1.0,0.4,0.75,0.9214285714285714,1.0,4,FEWER_THAN_5_PORTFOLIOS,0,0,0,0,0
2016-08-31,252,9,outside_community_degree_percentile,ORIGINAL,1857,1857,61,0.31717824448034465,0.31717824448034465,1.0,0.31717824448034465,0.31717824448034465,0.31717824448034465,0.8134087237479806,2,FEWER_THAN_5_PORTFOLIOS,0,0,0,0,0
2016-09-30,60,1,residual_degree_percentile,ORIGINAL,2429,2429,106,0.0006175380549393594,0.49938246607780457,1.0,0.19843557476997375,0.4121037423610687,0.5916014909744263,0.8036229014396667,5,PASS,525,516,417,506,465
2016-09-30,60,2,delta_degree_percentile,ORIGINAL,2429,2429,1162,-0.925277903676033,0.004116922616958618,0.8377933502197266,-0.22087278962135315,-0.0582544282078743,0.07780979573726654,0.24915601015090943,5,PASS,487,503,484,469,486
2016-09-30,60,3,cross_industry_degree_percentile,ORIGINAL,2429,2429,93,0.001440922190201729,0.4907369287772746,0.9997941539728283,0.20461095100864554,0.41519143680526965,0.6130094689172499,0.8021819678880198,5,PASS,545,510,467,441,466
2016-09-30,60,4,cross_industry_degree_ratio,ORIGINAL,2429,2427,438,0.0,0.90625,1.0,0.75,0.8709677419354839,0.9354838709677419,1.0,4,FEWER_THAN_5_PORTFOLIOS,0,0,0,0,0
2016-09-30,60,5,delta_residual_degree_percentile_1m,ORIGINAL,2429,2314,1325,-0.8476352244615555,0.012224733829498291,0.8396313097327948,-0.18135470151901245,-0.028831422328948975,0.05963333845138547,0.18836603686213493,5,PASS,465,463,460,466,460
2016-09-30,60,6,delta_cross_industry_degree_percentile_1m,ORIGINAL,2429,2314,1160,-0.8452966703529255,0.014527910209091277,0.8838284148181113,-0.1980612705100487,-0.031014989247984404,0.06589556010028941,0.20892414731978898,5,PASS,463,464,461,463,463
2016-09-30,60,7,neighbor_jaccard_1m,ORIGINAL,2429,2314,672,0.0,0.15384615384615385,0.8409090909090909,0.034482758620689655,0.10344827586206896,0.20883084577114425,0.3684210526315789,5,PASS,466,462,460,464,462
2016-09-30,60,8,neighbor_retention_1m,ORIGINAL,2429,2312,519,0.0,0.2857142857142857,1.0,0.058823529411764705,0.2,0.4,0.624786324786325,5,PASS,475,477,459,438,463
2016-09-30,60,9,outside_community_degree_percentile,ORIGINAL,2429,2429,48,0.011321531494442157,0.4938246191848497,1.0,0.20687525730753398,0.40407575133799917,0.5730753396459448,0.7877727459860024,5,PASS,618,478,385,477,471
2016-09-30,120,1,residual_degree_percentile,ORIGINAL,2294,2294,117,0.000871839583851397,0.4997820258140564,1.0,0.2131647765636444,0.41325196623802185,0.5978639721870422,0.8001307845115662,5,PASS,540,439,411,458,446
2016-09-30,120,2,delta_degree_percentile,ORIGINAL,2294,2294,980,-0.9398430734872818,0.006538793444633484,0.7920662313699722,-0.24350482225418088,-0.07672189176082611,0.08347862958908081,0.2632955312728882,5,PASS,459,473,445,461,456
2016-09-30,120,3,cross_industry_degree_percentile,ORIGINAL,2294,2294,100,0.0015257192676547515,0.493025283347864,1.0,0.17436791630340018,0.42066259808195294,0.597646033129904,0.801438535309503,5,PASS,466,551,387,448,442
2016-09-30,120,4,cross_industry_degree_ratio,ORIGINAL,2294,2291,468,0.0,0.8695652173913043,1.0,0.6666666666666666,0.8181818181818182,0.9166666666666666,1.0,4,FEWER_THAN_5_PORTFOLIOS,0,0,0,0,0
2016-09-30,120,5,delta_residual_degree_percentile_1m,ORIGINAL,2294,2210,1030,-0.7225231677293777,0.008747845888137817,0.5313576385378838,-0.0852149724960327,-0.012759768962860104,0.02799886465072632,0.10023298114538193,5,PASS,442,442,444,442,440
2016-09-30,120,6,delta_cross_industry_degree_percentile_1m,ORIGINAL,2294,2210,870,-0.7689976470370197,0.00913655448070716,0.6818675514281103,-0.09623263367370341,-0.016644104889483313,0.03329469645078661,0.11854180389709976,5,PASS,442,446,438,452,432
2016-09-30,120,7,neighbor_jaccard_1m,ORIGINAL,2294,2209,610,0.0,0.38461538461538464,0.9285714285714286,0.17391304347826086,0.3125,0.4444444444444444,0.5888386123680243,5,PASS,447,444,439,437,442
2016-09-30,120,8,neighbor_retention_1m,ORIGINAL,2294,2200,491,0.0,0.5789473684210527,1.0,0.2857142857142857,0.5,0.6666666666666666,0.792520822709502,5,PASS,461,507,418,374,440
2016-09-30,120,9,outside_community_degree_percentile,ORIGINAL,2294,2294,55,0.023103748910200523,0.4420226678291194,1.0,0.2000871839581517,0.4420226678291194,0.6246730601569311,0.8066695727986051,5,PASS,599,549,366,369,411
2016-09-30,252,1,residual_degree_percentile,ORIGINAL,1939,1939,155,0.09308922290802002,0.5195977091789246,1.0,0.25090253353118896,0.42753997445106506,0.6054667234420776,0.7978339195251465,5,PASS,612,273,311,357,386
2016-09-30,252,2,delta_degree_percentile,ORIGINAL,1939,1939,797,-0.879577100276947,0.034553900361061096,0.7578649073839188,-0.18648787140846249,-0.08638470172882075,0.07622483968734739,0.2266632318496704,5,PASS,388,388,387,390,386
2016-09-30,252,3,cross_industry_degree_percentile,ORIGINAL,1939,1939,133,0.12532233109850438,0.520371325425477,1.0,0.12532233109850438,0.4448169159360495,0.610881897885508,0.8004125838060856,4,FEWER_THAN_5_PORTFOLIOS,0,0,0,0,0
2016-09-30,252,4,cross_industry_degree_ratio,ORIGINAL,1939,1579,382,0.0,0.8333333333333334,1.0,0.4,0.711278195488722,0.9090909090909091,1.0,4,FEWER_THAN_5_PORTFOLIOS,0,0,0,0,0
2016-09-30,252,5,delta_residual_degree_percentile_1m,ORIGINAL,1939,1840,701,-0.7173577547073364,0.003648996353149414,0.4770337641239166,-0.05238863825798035,-0.021534252166748046,0.029577827453613217,0.11351356506347661,5,PASS,376,360,368,368,368
2016-09-30,252,6,delta_cross_industry_degree_percentile_1m,ORIGINAL,1939,1840,589,-0.7416674373452221,-0.004571443012972742,0.6089265961308326,-0.05200838831534673,-0.03676706039314884,0.022626844664252133,0.13022592962580015,5,PASS,368,445,292,389,346
2016-09-30,252,7,neighbor_jaccard_1m,ORIGINAL,1939,1567,434,0.0,0.4,1.0,0.0,0.32090112640801044,0.5,0.6666666666666666,4,FEWER_THAN_5_PORTFOLIOS,0,0,0,0,0
2016-09-30,252,8,neighbor_retention_1m,ORIGINAL,1939,1369,332,0.0,0.8301886792452831,1.0,0.37857142857142867,0.7248953301127214,0.9166666666666666,1.0,4,FEWER_THAN_5_PORTFOLIOS,0,0,0,0,0
2016-09-30,252,9,outside_community_degree_percentile,ORIGINAL,1939,1939,71,0.276689014956163,0.276689014956163,1.0,0.276689014956163,0.276689014956163,0.6227436823104693,0.7888086642599278,3,FEWER_THAN_5_PORTFOLIOS,0,0,0,0,0
2016-10-31,60,1,residual_degree_percentile,ORIGINAL,2451,2451,97,0.00040799673297442496,0.5065279603004456,1.0,0.19991840422153473,0.4145246744155884,0.5907792448997498,0.8039575815200806,5,PASS,534,520,428,505,464
2016-10-31,60,2,delta_degree_percentile,ORIGINAL,2451,2451,1099,-0.9494084194302559,0.009587883949279785,0.7915136516094208,-0.2376580834388733,-0.06058751046657562,0.09404322504997253,0.2525499761104584,5,PASS,491,508,474,509,469
2016-10-31,60,3,cross_industry_degree_percentile,ORIGINAL,2451,2451,74,0.0004079967360261118,0.5104039167686658,0.9997960016319869,0.2207262341901265,0.38596491228070173,0.6105671154630763,0.7941656466748266,5,PASS,593,410,540,422,486
2016-10-31,60,4,cross_industry_degree_ratio,ORIGINAL,2451,2450,399,0.15942028985507245,0.9130434782608695,1.0,0.7817045454545455,0.875,0.9411764705882353,1.0,4,FEWER_THAN_5_PORTFOLIOS,0,0,0,0,0
2016-10-31,60,5,delta_residual_degree_percentile_1m,ORIGINAL,2451,2359,1343,-0.9183415099978447,0.027330994606018066,0.7779038995504379,-0.18569505214691162,-0.02713799476623535,0.07407127618789666,0.1937999650835991,5,PASS,473,472,470,475,469
2016-10-31,60,6,delta_cross_industry_degree_percentile_1m,ORIGINAL,2451,2359,1170,-0.9658805380853783,0.018573425723010017,0.8062008785115392,-0.20425772896822175,-0.028766541378578814,0.08419357824223449,0.21244939303556792,5,PASS,472,474,469,474,470
2016-10-31,60,7,neighbor_jaccard_1m,ORIGINAL,2451,2359,665,0.0,0.14285714285714285,0.8,0.049672131147541,0.1111111111111111,0.19498644986449862,0.32020512820512825,5,PASS,472,486,457,472,472
2016-10-31,60,8,neighbor_retention_1m,ORIGINAL,2451,2357,554,0.0,0.2857142857142857,1.0,0.09090909090909091,0.21578059071729971,0.38095238095238093,0.6,5,PASS,487,456,474,475,465
2016-10-31,60,9,outside_community_degree_percentile,ORIGINAL,2451,2451,39,0.0014279885760913912,0.510811913504692,1.0,0.19583843329253367,0.43676050591595267,0.5807833537331701,0.80640554875561,5,PASS,565,608,343,506,429
2016-10-31,120,1,residual_degree_percentile,ORIGINAL,2315,2315,118,0.0021598271559923887,0.5110151171684265,1.0,0.2038876861333847,0.39568033814430237,0.6047516465187073,0.8032397627830505,5,PASS,518,436,471,445,445
2016-10-31,120,2,delta_degree_percentile,ORIGINAL,2315,2315,1042,-0.9179265946149826,0.006695464253425598,0.7967602908611298,-0.23788338899612424,-0.06911444664001465,0.08531317114830017,0.2568034529685974,5,PASS,463,465,486,454,447
2016-10-31,120,3,cross_industry_degree_percentile,ORIGINAL,2315,2315,97,0.00367170626349892,0.4937365010799136,1.0,0.21900647948164148,0.41749460043196546,0.5898488120950324,0.7961123110151188,5,PASS,566,449,384,460,456
2016-10-31,120,4,cross_industry_degree_ratio,ORIGINAL,2315,2306,472,0.0,0.8695652173913043,1.0,0.6666666666666666,0.813953488372093,0.9166666666666666,1.0,4,FEWER_THAN_5_PORTFOLIOS,0,0,0,0,0
2016-10-31,120,5,delta_residual_degree_percentile_1m,ORIGINAL,2315,2244,1040,-0.8690970493480563,0.00866156816482544,0.5365112721920013,-0.09290751814842221,-0.011370104551315277,0.026413068175315857,0.08957929611206054,5,PASS,449,449,463,434,449
2016-10-31,120,6,delta_cross_industry_degree_percentile_1m,ORIGINAL,2315,2244,860,-0.9199271835062262,0.0038843466193149156,0.5229522597215762,-0.09899484240040224,-0.010225943912281266,0.03470379108991243,0.09978241670919161,5,PASS,452,451,443,458,440
2016-10-31,120,7,neighbor_jaccard_1m,ORIGINAL,2315,2243,635,0.0,0.4444444444444444,1.0,0.2222222222222222,0.3699805068226122,0.5,0.625,5,PASS,451,446,494,421,431
2016-10-31,120,8,neighbor_retention_1m,ORIGINAL,2315,2240,502,0.0,0.6530100334448161,1.0,0.36826625386996903,0.5714285714285714,0.7142857142857143,0.8333333333333334,5,PASS,448,466,441,451,434
2016-10-31,120,9,outside_community_degree_percentile,ORIGINAL,2315,2315,62,0.019870410367170625,0.49697624190064793,1.0,0.17257019438444923,0.398488120950324,0.5818574514038877,0.8019438444924406,5,PASS,527,518,393,458,419
2016-10-31,252,1,residual_degree_percentile,ORIGINAL,1977,1977,163,0.08952958881855011,0.5139099359512329,1.0,0.24304501712322235,0.4165402054786682,0.6041982769966125,0.7994436025619507,5,PASS,607,274,336,371,389
2016-10-31,252,2,delta_degree_percentile,ORIGINAL,1977,1977,817,-0.8963075131177902,0.028072834014892578,0.755437508225441,-0.21932222843170163,-0.07966619729995716,0.08669704198837273,0.2539200782775879,5,PASS,396,395,395,396,395
2016-10-31,252,3,cross_industry_degree_percentile,ORIGINAL,1977,1977,143,0.11760242792109256,0.5053110773899848,1.0,0.11760242792109256,0.4309559939301973,0.6031866464339909,0.7966616084977238,4,FEWER_THAN_5_PORTFOLIOS,0,0,0,0,0
2016-10-31,252,4,cross_industry_degree_ratio,ORIGINAL,1977,1624,381,0.0,0.8456959706959707,1.0,0.43088803088803096,0.75,0.9228365384615385,1.0,4,FEWER_THAN_5_PORTFOLIOS,0,0,0,0,0
2016-10-31,252,5,delta_residual_degree_percentile_1m,ORIGINAL,1977,1910,609,-0.539144977927208,-0.0035596340894699097,0.4208207130432129,-0.018597519397735594,-0.0035714983940124505,0.0005800843238830532,0.043713033199310386,5,PASS,382,382,382,382,382
2016-10-31,252,6,delta_cross_industry_degree_percentile_1m,ORIGINAL,1977,1910,506,-0.5541355813620431,-0.0077199031774118215,0.5658764549409494,-0.015060248035492219,-0.0077199031774118215,-0.0033066181666786343,0.04387459393129289,5,PASS,394,635,117,385,379
2016-10-31,252,7,neighbor_jaccard_1m,ORIGINAL,1977,1645,393,0.0,0.6666666666666666,1.0,0.3333333333333333,0.6,0.7560975609756098,0.8858169375534645,5,PASS,349,338,301,328,329
2016-10-31,252,8,neighbor_retention_1m,ORIGINAL,1977,1551,319,0.0,0.9090909090909091,1.0,0.6,0.8461538461538461,0.95,1.0,4,FEWER_THAN_5_PORTFOLIOS,0,0,0,0,0
2016-10-31,252,9,outside_community_degree_percentile,ORIGINAL,1977,1977,73,0.25923115832068794,0.25923115832068794,1.0,0.25923115832068794,0.25923115832068794,0.5943348507840162,0.8095599393019727,3,FEWER_THAN_5_PORTFOLIOS,0,0,0,0,0
2016-11-30,60,1,residual_degree_percentile,ORIGINAL,2460,2460,117,0.00040650405571796,0.5032520294189453,1.0,0.1981707364320755,0.40345528721809387,0.6036585569381714,0.8006097674369812,5,PASS,542,504,466,470,478
2016-11-30,60,2,delta_degree_percentile,ORIGINAL,2460,2460,1141,-0.9731707461178303,0.023577243089675903,0.7583333104848862,-0.22199188470840453,-0.04999999701976776,0.09817072749137878,0.2402438580989838,5,PASS,492,494,516,466,492
2016-11-30,60,3,cross_industry_degree_percentile,ORIGINAL,2460,2460,97,0.0004065040650406504,0.484349593495935,1.0,0.21707317073170732,0.39939024390243905,0.5873983739837398,0.7957317073170732,5,PASS,585,459,436,496,484
2016-11-30,60,4,cross_industry_degree_ratio,ORIGINAL,2460,2459,461,0.07692307692307693,0.9122807017543859,1.0,0.7751946607341491,0.879448275862069,0.9411764705882353,1.0,4,FEWER_THAN_5_PORTFOLIOS,0,0,0,0,0
2016-11-30,60,5,delta_residual_degree_percentile_1m,ORIGINAL,2460,2358,1325,-0.8708013594150543,-0.0077755749225616455,0.9373737387359142,-0.20427079498767853,-0.060808926820755005,0.04343423247337341,0.20744892209768295,5,PASS,474,479,465,473,467
2016-11-30,60,6,delta_cross_industry_degree_percentile_1m,ORIGINAL,2460,2358,1151,-0.8946649451194634,-0.0015347145515519633,0.9522006945895652,-0.22448328706053278,-0.05784244360191457,0.04913320595874262,0.23314077877620887,5,PASS,474,469,472,474,469
2016-11-30,60,7,neighbor_jaccard_1m,ORIGINAL,2460,2358,625,0.0,0.11010101010101009,0.675,0.02809523809523812,0.07692307692307693,0.14814814814814814,0.2608695652173913,5,PASS,472,483,461,472,470
2016-11-30,60,8,neighbor_retention_1m,ORIGINAL,2460,2356,473,0.0,0.2,1.0,0.05,0.14285714285714285,0.2631578947368421,0.42857142857142855,5,PASS,472,494,448,486,456
2016-11-30,60,9,outside_community_degree_percentile,ORIGINAL,2460,2460,38,0.007723577235772358,0.4684959349593496,1.0,0.17235772357723578,0.3676829268292683,0.567479674796748,0.7888211382113821,5,PASS,540,488,487,480,465
2016-11-30,120,1,residual_degree_percentile,ORIGINAL,2356,2356,118,0.0025466892402619123,0.5040322542190552,1.0,0.18314941227436066,0.3900679051876068,0.6063242554664612,0.8011460304260254,5,PASS,488,465,495,451,457
2016-11-30,120,2,delta_degree_percentile,ORIGINAL,2356,2356,1136,-0.8955857541877776,0.011460110545158386,0.8257640302181244,-0.2009761929512024,-0.057512760162353516,0.08064520359039307,0.227292001247406,5,PASS,472,471,471,471,471
2016-11-30,120,3,cross_industry_degree_percentile,ORIGINAL,2356,2356,105,0.003395585738539898,0.5129456706281834,1.0,0.18102716468590832,0.40195246179966043,0.6044142614601019,0.7992359932088285,5,PASS,496,499,459,445,457
2016-11-30,120,4,cross_industry_degree_ratio,ORIGINAL,2356,2345,511,0.0,0.875,1.0,0.6666666666666666,0.8275862068965517,0.9166666666666666,1.0,4,FEWER_THAN_5_PORTFOLIOS,0,0,0,0,0
2016-11-30,120,5,delta_residual_degree_percentile_1m,ORIGINAL,2356,2265,1138,-0.6775417178869247,0.006329596042633057,0.6167151778936386,-0.09503880739212037,-0.01628429889678954,0.03190878033638,0.11466069519519806,5,PASS,453,453,453,455,451
2016-11-30,120,6,delta_cross_industry_degree_percentile_1m,ORIGINAL,2356,2265,949,-0.7269217511835047,0.011407114595518353,0.7139413363059988,-0.11990557631450595,-0.019735375329566165,0.03283799095732781,0.1242986245310902,5,PASS,453,455,459,445,453
2016-11-30,120,7,neighbor_jaccard_1m,ORIGINAL,2356,2264,656,0.0,0.34782608695652173,1.0,0.15384615384615385,0.29411764705882354,0.4117647058823529,0.54,5,PASS,456,457,446,453,452
2016-11-30,120,8,neighbor_retention_1m,ORIGINAL,2356,2256,534,0.0,0.5411036036036037,1.0,0.25,0.47058823529411764,0.6153846153846154,0.75,5,PASS,458,451,449,454,444
2016-11-30,120,9,outside_community_degree_percentile,ORIGINAL,2356,2356,57,0.027164685908319185,0.46222410865874364,1.0,0.21859083191850595,0.3452886247877759,0.557937181663837,0.7952037351443124,5,PASS,662,302,451,500,441
2016-11-30,252,1,residual_degree_percentile,ORIGINAL,2042,2042,163,0.09378060698509216,0.5181195139884949,1.0,0.24559254944324493,0.4160137176513672,0.6126346588134766,0.8023996353149414,5,PASS,620,287,371,367,397
2016-11-30,252,2,delta_degree_percentile,ORIGINAL,2042,2042,815,-0.881488710641861,0.014446616172790527,0.7406954020261765,-0.20989229679107663,-0.08227229118347168,0.1028403401374817,0.24285014867782598,5,PASS,409,416,400,408,409
2016-11-30,252,3,cross_industry_degree_percentile,ORIGINAL,2042,2042,149,0.11900097943192949,0.4970617042115573,1.0,0.11900097943192949,0.42115572967678744,0.6008814887365328,0.8026444662095984,4,FEWER_THAN_5_PORTFOLIOS,0,0,0,0,0
2016-11-30,252,4,cross_industry_degree_ratio,ORIGINAL,2042,1660,400,0.0,0.8571428571428571,1.0,0.5,0.75,0.9309360730593607,1.0,4,FEWER_THAN_5_PORTFOLIOS,0,0,0,0,0
2016-11-30,252,5,delta_residual_degree_percentile_1m,ORIGINAL,2042,1946,724,-0.6492644250392914,0.004251018166542053,0.4697260707616806,-0.053384363651275635,0.002547532320022583,0.008668005466461182,0.07374924421310425,5,PASS,394,435,339,391,387
2016-11-30,252,6,delta_cross_industry_degree_percentile_1m,ORIGINAL,2042,1946,616,-0.6855007909272005,0.0013985515108369262,0.5222114800123061,-0.05029732224202221,-0.0018573041495315579,0.0035139659462862793,0.08038042285499702,5,PASS,395,384,389,397,381
2016-11-30,252,7,neighbor_jaccard_1m,ORIGINAL,2042,1700,457,0.0,0.5,1.0,0.08266666666666671,0.4,0.6,0.7688750555802579,5,PASS,340,368,340,312,340
2016-11-30,252,8,neighbor_retention_1m,ORIGINAL,2042,1598,377,0.0,0.7777777777777778,1.0,0.25,0.6666666666666666,0.8571428571428571,1.0,4,FEWER_THAN_5_PORTFOLIOS,0,0,0,0,0
2016-11-30,252,9,outside_community_degree_percentile,ORIGINAL,2042,2042,78,0.2629774730656219,0.2629774730656219,1.0,0.2629774730656219,0.2629774730656219,0.6045543584720862,0.7776689520078355,3,FEWER_THAN_5_PORTFOLIOS,0,0,0,0,0
2016-12-30,60,1,residual_degree_percentile,ORIGINAL,2499,2499,112,0.0010004001669585705,0.5104041695594788,1.0,0.21828731894493103,0.4069627821445465,0.5908363461494446,0.795918345451355,5,PASS,595,466,444,496,498
2016-12-30,60,2,delta_degree_percentile,ORIGINAL,2499,2499,1073,-0.9599840026348829,0.024809926748275757,0.7933173179626465,-0.23017207384109498,-0.04997998476028437,0.09955981969833368,0.25110045075416565,5,PASS,500,500,499,510,490
2016-12-30,60,3,cross_industry_degree_percentile,ORIGINAL,2499,2499,97,0.00040016006402561027,0.49379751900760305,1.0,0.19447779111644659,0.4169667867146859,0.5916366546618648,0.7951180472188876,5,PASS,536,552,430,484,497
2016-12-30,60,4,cross_industry_degree_ratio,ORIGINAL,2499,2499,440,0.0,0.9117647058823529,1.0,0.7727272727272727,0.8777983920841064,0.9444444444444444,1.0,4,FEWER_THAN_5_PORTFOLIOS,0,0,0,0,0
2016-12-30,60,5,delta_residual_degree_percentile_1m,ORIGINAL,2499,2367,1253,-0.8273643851280212,0.0011397004127502441,0.8261348605155945,-0.15908071398735046,-0.032106757164001465,0.03799253702163696,0.15782706290483492,5,PASS,475,474,472,472,474
2016-12-30,60,6,delta_cross_industry_degree_percentile_1m,ORIGINAL,2499,2367,1097,-0.847255487560878,0.00040235606437699634,0.8200236192037791,-0.17032154325144688,-0.028549468567914967,0.03758347241335562,0.17493577918972472,5,PASS,474,475,471,473,474
2016-12-30,60,7,neighbor_jaccard_1m,ORIGINAL,2499,2367,657,0.0,0.16666666666666666,0.7582417582417582,0.04033333333333341,0.11764705882352941,0.2222222222222222,0.3654101995565414,5,PASS,474,488,463,468,474
2016-12-30,60,8,neighbor_retention_1m,ORIGINAL,2499,2366,519,0.0,0.3076923076923077,1.0,0.08333333333333333,0.2222222222222222,0.375,0.5675675675675675,5,PASS,482,476,462,473,473
2016-12-30,60,9,outside_community_degree_percentile,ORIGINAL,2499,2499,44,0.005802320928371348,0.5392156862745098,1.0,0.15706282513005201,0.35234093637454983,0.6188475390156063,0.8009203681472589,5,PASS,505,514,623,410,447
2016-12-30,120,1,residual_degree_percentile,ORIGINAL,2394,2394,126,0.0016708438051864505,0.5048036575317383,1.0,0.21324144303798676,0.4118629992008209,0.5916875600814819,0.8015872836112976,5,PASS,563,462,417,485,467
2016-12-30,120,2,delta_degree_percentile,ORIGINAL,2394,2394,1085,-0.9590643309056759,0.013993293046951294,0.8055555820465088,-0.20258978009223938,-0.06516290456056595,0.070133638381958,0.2368420958518982,5,PASS,481,499,456,480,478
2016-12-30,120,3,cross_industry_degree_percentile,ORIGINAL,2394,2394,111,0.0027151211361737676,0.5041771094402674,1.0,0.2211779448621554,0.41812865497076024,0.5950292397660819,0.8015873015873016,5,PASS,594,458,403,479,460
2016-12-30,120,4,cross_industry_degree_ratio,ORIGINAL,2394,2387,492,0.0,0.8888888888888888,1.0,0.6923076923076923,0.8355048287971906,0.9285714285714286,1.0,4,FEWER_THAN_5_PORTFOLIOS,0,0,0,0,0
2016-12-30,120,5,delta_residual_degree_percentile_1m,ORIGINAL,2394,2299,1168,-0.7995223477482796,0.010628044605255127,0.7892142944037914,-0.10530693829059601,-0.011660850048065169,0.0325174480676651,0.12113618105649948,5,PASS,464,456,461,465,453
2016-12-30,120,6,delta_cross_industry_degree_percentile_1m,ORIGINAL,2394,2299,1001,-0.8114708815048373,0.013797935699463637,0.8190840003233891,-0.11892702185571448,-0.010382138141051572,0.03911660872611636,0.14010833535451533,5,PASS,460,467,468,449,455
2016-12-30,120,7,neighbor_jaccard_1m,ORIGINAL,2394,2297,679,0.0,0.2894736842105263,0.9,0.1,0.2222222222222222,0.35294117647058826,0.5294117647058824,5,PASS,477,459,449,453,459
2016-12-30,120,8,neighbor_retention_1m,ORIGINAL,2394,2287,545,0.0,0.5,1.0,0.16666666666666666,0.4,0.6,0.7586206896551724,5,PASS,464,486,468,413,456
2016-12-30,120,9,outside_community_degree_percentile,ORIGINAL,2394,2394,67,0.01796157059314954,0.47598162071846284,1.0,0.17167919799498746,0.38262322472848787,0.6301169590643275,0.8057644110275689,5,PASS,526,516,544,369,439
2016-12-30,252,1,residual_degree_percentile,ORIGINAL,2092,2092,156,0.05377629026770592,0.5107552409172058,1.0,0.24498088657855988,0.38384321331977844,0.6032504916191083,0.7982791662216187,5,PASS,614,242,399,419,418
2016-12-30,252,2,delta_degree_percentile,ORIGINAL,2092,2092,862,-0.9261472560465336,0.007887199521064758,0.7576481699943542,-0.23804971575737,-0.08532504737377167,0.08891013264656067,0.2736615538597107,5,PASS,420,435,440,408,389
2016-12-30,252,3,cross_industry_degree_percentile,ORIGINAL,2092,2092,135,0.07050669216061185,0.5090822179732314,1.0,0.20076481835564053,0.3948374760994264,0.5972753346080306,0.8030592734225621,5,PASS,545,354,388,401,404
2016-12-30,252,4,cross_industry_degree_ratio,ORIGINAL,2092,1868,429,0.0,0.8571428571428571,1.0,0.5,0.7709890109890112,0.9375,1.0,4,FEWER_THAN_5_PORTFOLIOS,0,0,0,0,0
2016-12-30,252,5,delta_residual_degree_percentile_1m,ORIGINAL,2092,2004,792,-0.7552344538271427,-0.0006116628646850586,0.4972805678844452,-0.08530467748641968,-0.019735664129257202,0.01516437530517578,0.08041127026081085,5,PASS,403,421,378,413,389
2016-12-30,252,6,delta_cross_industry_degree_percentile_1m,ORIGINAL,2092,2004,660,-0.7874756780646575,-0.00025843519362972467,0.5614483513520093,-0.10222422811213094,-0.03274898264551492,0.012020513761674068,0.08778556620716388,5,PASS,416,386,404,409,389
2016-12-30,252,7,neighbor_jaccard_1m,ORIGINAL,2092,1822,469,0.0,0.4444444444444444,1.0,0.1,0.3333333333333333,0.5,0.7045168667810178,5,PASS,369,387,367,334,365
2016-12-30,252,8,neighbor_retention_1m,ORIGINAL,2092,1628,369,0.0,0.82380174291939,1.0,0.4413292589763178,0.75,0.8888888888888888,1.0,4,FEWER_THAN_5_PORTFOLIOS,0,0,0,0,0
2016-12-30,252,9,outside_community_degree_percentile,ORIGINAL,2092,2092,69,0.18594646271510518,0.45936902485659653,1.0,0.18594646271510518,0.45936902485659653,0.6044455066921606,0.7923040152963671,4,FEWER_THAN_5_PORTFOLIOS,0,0,0,0,0
2017-01-26,60,1,residual_degree_percentile,ORIGINAL,2537,2537,126,0.000394166330806911,0.5027591586112976,1.0,0.18919983506202698,0.40303507447242737,0.5999211668968201,0.8019314408302307,5,PASS,523,551,476,495,492
2017-01-26,60,2,delta_degree_percentile,ORIGINAL,2537,2537,1111,-0.9558533802628517,0.006306648254394531,0.7814347594976425,-0.24418604373931885,-0.07256602048873897,0.07962159812450409,0.2715805768966678,5,PASS,509,506,525,489,508
2017-01-26,60,3,cross_industry_degree_percentile,ORIGINAL,2537,2537,113,0.0007883326763894363,0.47910918407567993,1.0,0.19176192353173038,0.40204966495861255,0.6007094994087505,0.8023255813953488,5,PASS,543,533,480,495,486
2017-01-26,60,4,cross_industry_degree_ratio,ORIGINAL,2537,2536,447,0.0,0.9142857142857143,1.0,0.7837837837837838,0.8823529411764706,0.9433962264150944,1.0,4,FEWER_THAN_5_PORTFOLIOS,0,0,0,0,0
2017-01-26,60,5,delta_residual_degree_percentile_1m,ORIGINAL,2537,2436,1262,-0.8152728769928217,-0.003327786922454834,0.8365214448422194,-0.14601600170135498,-0.036859750747680664,0.02658390998840332,0.14173054695129395,5,PASS,488,487,487,492,482
2017-01-26,60,6,delta_cross_industry_degree_percentile_1m,ORIGINAL,2537,2436,1138,-0.8167459336907803,-0.005981265190348903,0.8653068637782271,-0.1616149810338009,-0.04272375091148009,0.024298564518436483,0.15974911840968156,5,PASS,489,492,481,487,487
2017-01-26,60,7,neighbor_jaccard_1m,ORIGINAL,2537,2436,727,0.0,0.2,0.875,0.06666666666666667,0.15,0.2558139534883721,0.4186046511627907,5,PASS,499,489,474,487,487
2017-01-26,60,8,neighbor_retention_1m,ORIGINAL,2537,2436,549,0.0,0.3333333333333333,1.0,0.12,0.25,0.42857142857142855,0.6086956521739131,5,PASS,489,488,496,478,485
2017-01-26,60,9,outside_community_degree_percentile,ORIGINAL,2537,2537,45,0.012613322822230981,0.5110366574694521,1.0,0.209105242412298,0.41722506897910916,0.5951911706740244,0.8151359873866771,5,PASS,647,540,427,497,426
2017-01-26,120,1,residual_degree_percentile,ORIGINAL,2428,2428,136,0.001853377209044993,0.5014415383338928,1.0,0.18554365634918213,0.40794894099235535,0.6039950847625732,0.8021004796028137,5,PASS,513,521,456,465,473
2017-01-26,120,2,delta_degree_percentile,ORIGINAL,2428,2428,1034,-0.9108319655060768,0.008031278848648071,0.7679159492254257,-0.2148682117462158,-0.07825371623039246,0.08348433971405031,0.24464577436447144,5,PASS,486,492,479,486,485
2017-01-26,120,3,cross_industry_degree_percentile,ORIGINAL,2428,2428,122,0.002471169686985173,0.49897034596375617,1.0,0.19233937397034595,0.4034184514003295,0.6015238879736409,0.7994233937397035,5,PASS,530,519,454,453,472
2017-01-26,120,4,cross_industry_degree_ratio,ORIGINAL,2428,2420,482,0.0,0.8947368421052632,1.0,0.7142857142857143,0.8562211981566821,0.9333333333333333,1.0,4,FEWER_THAN_5_PORTFOLIOS,0,0,0,0,0
2017-01-26,120,5,delta_residual_degree_percentile_1m,ORIGINAL,2428,2351,1183,-0.8250539470463991,0.015929270535707474,0.6265443712472916,-0.11466854810714722,-0.014806389808654785,0.041190147399902344,0.12738138437271118,5,PASS,471,470,470,470,470
2017-01-26,120,6,delta_cross_industry_degree_percentile_1m,ORIGINAL,2428,2351,1006,-0.8896821611965113,0.014485864579075414,0.7717570973011881,-0.13208697884194287,-0.017621277245832845,0.04204738920337636,0.14026933065778113,5,PASS,475,466,470,470,470
2017-01-26,120,7,neighbor_jaccard_1m,ORIGINAL,2428,2351,678,0.0,0.30612244897959184,1.0,0.125,0.25,0.36363636363636365,0.5185185185185185,5,PASS,485,524,411,463,468
2017-01-26,120,8,neighbor_retention_1m,ORIGINAL,2428,2344,578,0.0,0.5,1.0,0.21875,0.4117647058823529,0.6,0.7857142857142857,5,PASS,470,469,473,467,465
2017-01-26,120,9,outside_community_degree_percentile,ORIGINAL,2428,2428,56,0.016268533772652388,0.4849670510708402,1.0,0.1569192751235585,0.3731466227347611,0.5836079077429983,0.7996293245469522,5,PASS,504,539,479,459,447
2017-01-26,252,1,residual_degree_percentile,ORIGINAL,2109,2109,161,0.038169749081134796,0.48364153504371643,1.0,0.20768137276172638,0.39521101117134094,0.5891417860984802,0.7994310259819031,5,PASS,523,360,385,427,414
2017-01-26,252,2,delta_degree_percentile,ORIGINAL,2109,2109,872,-0.9383594319224358,-0.009483158588409424,0.7638691514730453,-0.21479372382163997,-0.08667612075805661,0.08079659938812249,0.2503556162118912,5,PASS,422,422,421,449,395
2017-01-26,252,3,cross_industry_degree_percentile,ORIGINAL,2109,2109,136,0.05097202465623518,0.49312470365101946,1.0,0.16168800379326695,0.3608345187292556,0.6026552868658132,0.8008534850640113,5,PASS,467,385,448,400,409
2017-01-26,252,4,cross_industry_degree_ratio,ORIGINAL,2109,1949,416,0.0,0.8571428571428571,1.0,0.5,0.7777777777777778,0.9263616557734204,1.0,4,FEWER_THAN_5_PORTFOLIOS,0,0,0,0,0
2017-01-26,252,5,delta_residual_degree_percentile_1m,ORIGINAL,2109,2062,845,-0.857862763106823,0.006674587726593018,0.5146789848804474,-0.0631024718284607,-0.015606541186571121,0.024550437927246094,0.08179796338081385,5,PASS,413,427,403,406,413
2017-01-26,252,6,delta_cross_industry_degree_percentile_1m,ORIGINAL,2109,2062,693,-0.8675270193208202,0.001926551690061784,0.5740759124828764,-0.07779404391812561,-0.01953466750437667,0.03264405846925722,0.09357306889258177,5,PASS,414,462,365,413,408
2017-01-26,252,7,neighbor_jaccard_1m,ORIGINAL,2109,1955,497,0.0,0.4827586206896552,1.0,0.18753208654198755,0.38970189701897023,0.5315159574468085,0.7045567522783762,5,PASS,391,391,391,391,391
2017-01-26,252,8,neighbor_retention_1m,ORIGINAL,2109,1840,416,0.0,0.75,1.0,0.4,0.6666666666666666,0.8571428571428571,1.0,4,FEWER_THAN_5_PORTFOLIOS,0,0,0,0,0
2017-01-26,252,9,outside_community_degree_percentile,ORIGINAL,2109,2109,65,0.1721194879089616,0.4395448079658606,1.0,0.1721194879089616,0.4395448079658606,0.591986723565671,0.801090564248459,4,FEWER_THAN_5_PORTFOLIOS,0,0,0,0,0
2017-02-28,60,1,residual_degree_percentile,ORIGINAL,2579,2579,131,0.0005816207849420607,0.49437767267227173,1.0,0.21713842451572418,0.40267544984817505,0.6015897393226624,0.800697922706604,5,PASS,605,471,499,502,502
2017-02-28,60,2,delta_degree_percentile,ORIGINAL,2579,2579,1059,-0.9542458094656467,-0.02539743483066559,0.7566886246204376,-0.22605661153793333,-0.08976346254348755,0.06316403150558471,0.27983716130256653,5,PASS,516,543,488,516,516
2017-02-28,60,3,cross_industry_degree_percentile,ORIGINAL,2579,2579,117,0.0007754943776657619,0.5,1.0,0.1915471112834432,0.39763474214811945,0.6093447072508724,0.8065141527723924,5,PASS,538,541,525,494,481
2017-02-28,60,4,cross_industry_degree_ratio,ORIGINAL,2579,2577,468,0.0,0.9166666666666666,1.0,0.7819762845849804,0.8888888888888888,0.9444444444444444,1.0,4,FEWER_THAN_5_PORTFOLIOS,0,0,0,0,0
2017-02-28,60,5,delta_residual_degree_percentile_1m,ORIGINAL,2579,2468,1350,-0.8489340394735336,0.001548171043395996,0.8366153109818697,-0.1534028649330139,-0.03051282167434689,0.038597559928894076,0.1481473296880722,5,PASS,494,493,494,495,492
2017-02-28,60,6,delta_cross_industry_degree_percentile_1m,ORIGINAL,2579,2468,1217,-0.8755248991926086,0.0012981201215420055,0.8634481866896493,-0.16319936823343315,-0.03774624888601003,0.03962171035789355,0.16051549131787124,5,PASS,494,493,494,495,492
2017-02-28,60,7,neighbor_jaccard_1m,ORIGINAL,2579,2468,745,0.0,0.1935483870967742,0.782608695652174,0.06060606060606061,0.14285714285714285,0.25,0.386877785152176,5,PASS,502,489,518,465,494
2017-02-28,60,8,neighbor_retention_1m,ORIGINAL,2579,2467,570,0.0,0.34375,1.0,0.1111111111111111,0.2727272727272727,0.4342028985507245,0.6,5,PASS,505,500,475,503,484
2017-02-28,60,9,outside_community_degree_percentile,ORIGINAL,2579,2579,56,0.007561070182241178,0.5263668088406359,1.0,0.17952694842962388,0.4435827840248158,0.595967429236138,0.7933307483520744,5,PASS,574,682,359,467,497
2017-02-28,120,1,residual_degree_percentile,ORIGINAL,2432,2432,146,0.0006167762912809849,0.4897204041481018,1.0,0.2097039520740509,0.39021381735801697,0.5918996930122375,0.8001644611358643,5,PASS,558,434,475,488,477
2017-02-28,120,2,delta_degree_percentile,ORIGINAL,2432,2432,1048,-0.9594983644783497,0.009046047925949097,0.7656250149011612,-0.2223273158073425,-0.05797696113586426,0.0898437350988388,0.2592516541481018,5,PASS,487,487,521,451,486
2017-02-28,120,3,cross_industry_degree_percentile,ORIGINAL,2432,2432,127,0.0008223684210526315,0.5148026315789473,1.0,0.21443256578947367,0.38774671052631576,0.6073190789473685,0.8057154605263158,5,PASS,594,421,503,457,457
2017-02-28,120,4,cross_industry_degree_ratio,ORIGINAL,2432,2430,488,0.0,0.8888888888888888,1.0,0.7142857142857143,0.8405454545454546,0.9285714285714286,1.0,4,FEWER_THAN_5_PORTFOLIOS,0,0,0,0,0
2017-02-28,120,5,delta_residual_degree_percentile_1m,ORIGINAL,2432,2379,1071,-0.7318598181009293,0.0013294219970703125,0.7720905095338821,-0.08933811187744141,-0.018208950757980347,0.01875717639923095,0.09392273612320423,5,PASS,476,483,468,478,474
2017-02-28,120,6,delta_cross_industry_degree_percentile_1m,ORIGINAL,2432,2379,923,-0.8005560131795717,0.0006428563686812216,0.8531581250541923,-0.09324465663747511,-0.024456112351513057,0.020945669491892832,0.1014646151261597,5,PASS,482,470,484,472,471
2017-02-28,120,7,neighbor_jaccard_1m,ORIGINAL,2432,2379,649,0.0,0.4090909090909091,1.0,0.2,0.3333333333333333,0.47732764747690115,0.600963855421687,5,PASS,516,450,461,476,476
2017-02-28,120,8,neighbor_retention_1m,ORIGINAL,2432,2372,514,0.0,0.6,1.0,0.32142857142857145,0.5,0.6666666666666666,0.7931034482758621,5,PASS,476,501,509,414,472
2017-02-28,120,9,outside_community_degree_percentile,ORIGINAL,2432,2432,58,0.014391447368421052,0.5111019736842105,0.9997944078947368,0.17948190789473684,0.41097861842105265,0.5966282894736842,0.794202302631579,5,PASS,581,549,416,415,471
2017-02-28,252,1,residual_degree_percentile,ORIGINAL,2136,2136,156,0.040496256202459335,0.5042135119438171,1.0,0.21863295137882233,0.40145131945610046,0.591292142868042,0.8010299801826477,5,PASS,551,350,386,430,419
2017-02-28,252,2,delta_degree_percentile,ORIGINAL,2136,2136,903,-0.9433520771563053,-0.0046816617250442505,0.772706001996994,-0.23525279760360718,-0.09339888393878937,0.08637642860412598,0.2490636706352234,5,PASS,428,449,405,427,427
2017-02-28,252,3,cross_industry_degree_percentile,ORIGINAL,2136,2136,139,0.05688202247191011,0.48618913857677903,1.0,0.1750936329588015,0.3663389513108614,0.599250936329588,0.8040730337078652,5,PASS,505,352,451,418,410
2017-02-28,252,4,cross_industry_degree_ratio,ORIGINAL,2136,1964,436,0.0,0.8461538461538461,1.0,0.5,0.75,0.9166666666666666,1.0,4,FEWER_THAN_5_PORTFOLIOS,0,0,0,0,0
2017-02-28,252,5,delta_residual_degree_percentile_1m,ORIGINAL,2136,2082,762,-0.7672325111925602,0.005002468824386597,0.40167107433080673,-0.050747382640838605,-0.0014388799667358293,0.008294105529785156,0.06229791045188904,5,PASS,417,416,418,427,404
2017-02-28,252,6,delta_cross_industry_degree_percentile_1m,ORIGINAL,2136,2082,622,-0.810827792606326,0.0059099978156749305,0.4514313988737407,-0.06964966888828511,-0.0011345837262454156,0.01340562916553456,0.07011117415463952,5,PASS,422,411,470,379,400
2017-02-28,252,7,neighbor_jaccard_1m,ORIGINAL,2136,1987,462,0.0,0.5833333333333334,1.0,0.28125,0.5,0.6666666666666666,0.7872340425531915,5,PASS,399,476,389,326,397
2017-02-28,252,8,neighbor_retention_1m,ORIGINAL,2136,1923,393,0.0,0.7924528301886793,1.0,0.5,0.7081300813008131,0.8522131887985548,0.967741935483871,5,PASS,487,282,385,385,384
2017-02-28,252,9,outside_community_degree_percentile,ORIGINAL,2136,2136,68,0.15987827715355804,0.5543071161048689,1.0,0.15987827715355804,0.40870786516853935,0.5543071161048689,0.8089887640449438,4,FEWER_THAN_5_PORTFOLIOS,0,0,0,0,0
2017-03-31,60,1,residual_degree_percentile,ORIGINAL,2663,2663,118,0.0005632744869217277,0.49324071407318115,1.0,0.1984603852033615,0.40105143189430237,0.591250479221344,0.8011640906333923,5,PASS,576,540,483,546,518
2017-03-31,60,2,delta_degree_percentile,ORIGINAL,2663,2663,1226,-0.9513706266880035,0.012392044067382812,0.8084866553544998,-0.27074727416038513,-0.06045812368392944,0.08385282754898078,0.28039805293083175,5,PASS,534,568,496,532,533
2017-03-31,60,3,cross_industry_degree_percentile,ORIGINAL,2663,2663,107,0.0005632745024408562,0.5148328952309426,1.0,0.2084115659031168,0.4123169357867067,0.5955689072474653,0.7979722117912129,5,PASS,609,537,471,520,526
2017-03-31,60,4,cross_industry_degree_ratio,ORIGINAL,2663,2661,485,0.2,0.9130434782608695,1.0,0.7727272727272727,0.8780487804878049,0.9404761904761905,1.0,4,FEWER_THAN_5_PORTFOLIOS,0,0,0,0,0
2017-03-31,60,5,delta_residual_degree_percentile_1m,ORIGINAL,2663,2512,1393,-0.868652731180191,0.0029292255640029907,0.8103675097227097,-0.16866116523742675,-0.033131301403045654,0.036428362131118774,0.1617081880569458,5,PASS,503,504,503,499,503
2017-03-31,60,6,delta_cross_industry_degree_percentile_1m,ORIGINAL,2663,2512,1301,-0.895011588006017,0.007644647683701988,0.8189614490766215,-0.18215920290942894,-0.03851867178168734,0.04603329384029446,0.1741622192709625,5,PASS,504,501,503,501,503
2017-03-31,60,7,neighbor_jaccard_1m,ORIGINAL,2663,2512,703,0.0,0.125,0.7857142857142857,0.03571428571428571,0.09331395348837215,0.17045454545454544,0.29260787992495313,5,PASS,510,495,503,501,503
2017-03-31,60,8,neighbor_retention_1m,ORIGINAL,2663,2510,589,0.0,0.25,1.0,0.06666666666666667,0.18181818181818182,0.3116666666666665,0.5,5,PASS,514,513,479,524,480
2017-03-31,60,9,outside_community_degree_percentile,ORIGINAL,2663,2663,60,0.007510326699211416,0.5199023657529103,1.0,0.17761922643634998,0.44029290274126925,0.5867442733758919,0.8043559894855427,5,PASS,585,707,356,527,488
2017-03-31,120,1,residual_degree_percentile,ORIGINAL,2490,2490,138,0.0014056224608793855,0.5020080208778381,1.0,0.18052208423614502,0.39839357137680054,0.5949799418449402,0.8036144375801086,5,PASS,505,528,474,507,476
2017-03-31,120,2,delta_degree_percentile,ORIGINAL,2490,2490,1112,-0.9744980077957734,0.020682692527770996,0.7849397659301758,-0.24236947298049927,-0.06405623257160187,0.08642569780349729,0.2676706910133362,5,PASS,498,547,449,509,487
2017-03-31,120,3,cross_industry_degree_percentile,ORIGINAL,2490,2490,122,0.0026104417670682733,0.49136546184738955,1.0,0.19136546184738956,0.407429718875502,0.5947791164658635,0.8014056224899598,5,PASS,543,522,445,494,486
2017-03-31,120,4,cross_industry_degree_ratio,ORIGINAL,2490,2484,489,0.0,0.8881064162754304,1.0,0.6973201352003863,0.8461538461538461,0.9230769230769231,1.0,4,FEWER_THAN_5_PORTFOLIOS,0,0,0,0,0
2017-03-31,120,5,delta_residual_degree_percentile_1m,ORIGINAL,2490,2384,1106,-0.7993016317486763,0.002967536449432373,0.5668851286172867,-0.09576546400785446,-0.01915454864501953,0.018468260765075684,0.10433942079544067,5,PASS,481,474,476,478,475
2017-03-31,120,6,delta_cross_industry_degree_percentile_1m,ORIGINAL,2490,2384,947,-0.8006271797717184,0.0010067407789050775,0.6059738955823293,-0.10737291270344534,-0.02306710394208411,0.025460229074191543,0.10936373784612138,5,PASS,480,494,457,476,477
2017-03-31,120,7,neighbor_jaccard_1m,ORIGINAL,2490,2384,683,0.0,0.35413423283169,1.0,0.16042857142857145,0.2857142857142857,0.42857142857142855,0.5794671864847305,5,PASS,477,484,484,462,477
2017-03-31,120,8,neighbor_retention_1m,ORIGINAL,2490,2382,532,0.0,0.5555555555555556,1.0,0.2762452107279694,0.5,0.6363636363636364,0.7741935483870968,5,PASS,477,602,355,472,476
2017-03-31,120,9,outside_community_degree_percentile,ORIGINAL,2490,2490,74,0.02208835341365462,0.5004016064257029,1.0,0.1817269076305221,0.40120481927710844,0.5867469879518072,0.8100401606425702,5,PASS,592,529,430,498,441
2017-03-31,252,1,residual_degree_percentile,ORIGINAL,2163,2163,137,0.015487748198211193,0.5115579962730408,1.0,0.18354137241840363,0.38118353486061096,0.6026352047920227,0.8037447929382324,5,PASS,465,411,450,423,414
2017-03-31,252,2,delta_degree_percentile,ORIGINAL,2163,2163,951,-0.9292649291455746,0.01941746473312378,0.7817845493555069,-0.23000463843345642,-0.08723998069763181,0.085067018866539,0.24872860312461853,5,PASS,437,428,436,430,432
2017-03-31,252,3,cross_industry_degree_percentile,ORIGINAL,2163,2163,118,0.022653721682847898,0.47965788257050396,1.0,0.16967175219602404,0.3788719371243643,0.5862228386500231,0.8014331946370782,5,PASS,454,426,419,443,421
2017-03-31,252,4,cross_industry_degree_ratio,ORIGINAL,2163,2097,468,0.0,0.8333333333333334,1.0,0.5294117647058824,0.7543015726179465,0.9082452431289638,1.0,4,FEWER_THAN_5_PORTFOLIOS,0,0,0,0,0
2017-03-31,252,5,delta_residual_degree_percentile_1m,ORIGINAL,2163,2101,891,-0.7483955286443233,0.005111515522003174,0.5827122665941715,-0.07545894384384155,-0.015436410903930664,0.02215343713760376,0.0783202014863491,5,PASS,421,420,421,424,415
2017-03-31,252,6,delta_cross_industry_degree_percentile_1m,ORIGINAL,2163,2101,736,-0.8471964655830697,0.0033469562145792553,0.6266593552442249,-0.08794615260743767,-0.013309905613821837,0.030265457879453728,0.0949299895588212,5,PASS,471,370,485,363,412
2017-03-31,252,7,neighbor_jaccard_1m,ORIGINAL,2163,2058,537,0.0,0.4666666666666667,1.0,0.2,0.3811904761904762,0.5172413793103449,0.6666666666666666,5,PASS,426,397,414,460,361
2017-03-31,252,8,neighbor_retention_1m,ORIGINAL,2163,1929,424,0.0,0.7948717948717948,1.0,0.5,0.7014245014245015,0.875,1.0,4,FEWER_THAN_5_PORTFOLIOS,0,0,0,0,0
2017-03-31,252,9,outside_community_degree_percentile,ORIGINAL,2163,2163,72,0.08807212205270458,0.53166897827092,1.0,0.25589459084604715,0.40846047156726767,0.6232085067036524,0.8076745261211281,5,PASS,726,314,396,342,385
2017-04-28,60,1,residual_degree_percentile,ORIGINAL,2696,2696,137,0.0016691394848749042,0.49758902192115784,1.0,0.18341988325119019,0.39336052536964417,0.6040430068969727,0.8002596497535706,5,PASS,553,548,553,514,528
2017-04-28,60,2,delta_degree_percentile,ORIGINAL,2696,2696,1383,-0.9104228243231773,0.028746306896209717,0.7590875625610352,-0.20827153325080872,-0.03189912438392639,0.0969955325126648,0.22589021921157837,5,PASS,540,541,539,537,539
2017-04-28,60,3,cross_industry_degree_percentile,ORIGINAL,2696,2696,128,0.0025964391691394658,0.49851632047477745,1.0,0.18490356083086054,0.4000370919881306,0.5958827893175074,0.8047106824925816,5,PASS,569,558,504,552,513
2017-04-28,60,4,cross_industry_degree_ratio,ORIGINAL,2696,2688,546,0.0,0.914769975786925,1.0,0.75,0.875,0.9450043986427046,1.0,4,FEWER_THAN_5_PORTFOLIOS,0,0,0,0,0
2017-04-28,60,5,delta_residual_degree_percentile_1m,ORIGINAL,2696,2584,1504,-0.8345830217003822,-0.025919079780578613,0.9821337698958814,-0.1982261002063751,-0.07479969225823879,0.025380563735961897,0.17157162427902226,5,PASS,517,519,514,517,517
2017-04-28,60,6,delta_cross_industry_degree_percentile_1m,ORIGINAL,2696,2584,1393,-0.832892027353635,-0.021304144831190364,0.9815245545339976,-0.21909539563487335,-0.07686616018390273,0.028231223347533096,0.19099092297903683,5,PASS,518,516,516,517,517
2017-04-28,60,7,neighbor_jaccard_1m,ORIGINAL,2696,2584,752,0.0,0.11764705882352941,0.8,0.019392420920764174,0.07818627450980394,0.16279069767441862,0.3,5,PASS,517,517,517,520,513
2017-04-28,60,8,neighbor_retention_1m,ORIGINAL,2696,2582,571,0.0,0.2,1.0,0.041666666666666664,0.14285714285714285,0.26666666666666666,0.43980487804878066,5,PASS,519,531,503,512,517
2017-04-28,60,9,outside_community_degree_percentile,ORIGINAL,2696,2696,45,0.03560830860534125,0.46049703264094954,1.0,0.24350890207715134,0.3612759643916914,0.6275964391691394,0.8102744807121661,5,PASS,835,277,668,441,475
2017-04-28,120,1,residual_degree_percentile,ORIGINAL,2519,2519,123,0.003374354913830757,0.49801507592201233,1.0,0.19154426455497742,0.4100833535194397,0.6038110256195068,0.8013100624084473,5,PASS,535,538,466,489,491
2017-04-28,120,2,delta_degree_percentile,ORIGINAL,2519,2519,1173,-0.9255657121539116,0.019452154636383057,0.7753076553344727,-0.22131797671318054,-0.05700677633285519,0.08376339077949524,0.25148868560791016,5,PASS,506,502,515,503,493
2017-04-28,120,3,cross_industry_degree_percentile,ORIGINAL,2519,2519,112,0.0055577610162763,0.49523620484319175,1.0,0.19511710996427153,0.3793171893608575,0.6016276300119094,0.7987296546248511,5,PASS,553,457,532,478,499
2017-04-28,120,4,cross_industry_degree_ratio,ORIGINAL,2519,2503,520,0.0,0.8888888888888888,1.0,0.6916289592760181,0.8333333333333334,0.9333333333333333,1.0,4,FEWER_THAN_5_PORTFOLIOS,0,0,0,0,0
2017-04-28,120,5,delta_residual_degree_percentile_1m,ORIGINAL,2519,2453,1260,-0.6493817120790482,-0.01834350824356079,0.9396233074367046,-0.1208595871925354,-0.04620835781097406,0.008851205464452505,0.10551828145980839,5,PASS,491,490,492,489,491
2017-04-28,120,6,delta_cross_industry_degree_percentile_1m,ORIGINAL,2519,2453,1104,-0.7197460744127762,-0.021349869505812052,0.9398029593562818,-0.13487439236899962,-0.049662006501591915,0.013343887658613829,0.11840915069567687,5,PASS,497,491,489,485,491
2017-04-28,120,7,neighbor_jaccard_1m,ORIGINAL,2519,2451,729,0.0,0.3076923076923077,1.0,0.1111111111111111,0.25,0.38461538461538464,0.5263157894736842,5,PASS,492,542,448,483,486
2017-04-28,120,8,neighbor_retention_1m,ORIGINAL,2519,2447,555,0.0,0.46153846153846156,1.0,0.2,0.38665689149560123,0.5333333333333333,0.6696969696969703,5,PASS,494,485,497,481,490
2017-04-28,120,9,outside_community_degree_percentile,ORIGINAL,2519,2519,45,0.03473600635172688,0.48670107185391026,1.0,0.2546645494243748,0.3811036125446606,0.5829694323144105,0.77888050813815,5,PASS,812,295,485,428,499
2017-04-28,252,1,residual_degree_percentile,ORIGINAL,2189,2189,127,0.017359524965286255,0.5089081525802612,1.0,0.18090452253818512,0.41525810956954956,0.6007309556007385,0.7994518280029297,5,PASS,462,493,377,423,434
2017-04-28,252,2,delta_degree_percentile,ORIGINAL,2189,2189,994,-0.8869346678256989,0.0223846435546875,0.7978529036045074,-0.2553677409887314,-0.07606213539838791,0.09776154160499573,0.262905478477478,5,PASS,449,456,436,411,437
2017-04-28,252,3,cross_industry_degree_percentile,ORIGINAL,2189,2189,104,0.026496116948378255,0.5143901324805847,1.0,0.16423024211968937,0.38373686614892644,0.6011877569666514,0.7994518044769301,5,PASS,448,442,450,418,431
2017-04-28,252,4,cross_industry_degree_ratio,ORIGINAL,2189,2114,482,0.0,0.8204477611940298,1.0,0.5408730158730158,0.75,0.8888888888888888,1.0,4,FEWER_THAN_5_PORTFOLIOS,0,0,0,0,0
2017-04-28,252,5,delta_residual_degree_percentile_1m,ORIGINAL,2189,2139,928,-0.5416484512388706,-0.001522064208984375,0.8531226180493832,-0.06555557250976562,-0.01572469472885131,0.00860874652862548,0.06721912622451799,5,PASS,430,426,427,428,428
2017-04-28,252,6,delta_cross_industry_degree_percentile_1m,ORIGINAL,2189,2139,789,-0.6929229639138407,-0.0013526422513103487,0.8888689655143283,-0.08426721511563195,-0.01734526877230679,0.0062977434983094915,0.07747306278798693,5,PASS,437,419,427,451,405
2017-04-28,252,7,neighbor_jaccard_1m,ORIGINAL,2189,2119,574,0.0,0.5,1.0,0.20533895328415877,0.4,0.5555555555555556,0.7038222222222222,5,PASS,424,433,422,416,424
2017-04-28,252,8,neighbor_retention_1m,ORIGINAL,2189,2073,443,0.0,0.6896551724137931,1.0,0.38461538461538464,0.6,0.75,0.8666666666666667,5,PASS,417,421,427,396,412
2017-04-28,252,9,outside_community_degree_percentile,ORIGINAL,2189,2189,64,0.09502055733211512,0.5374600274097762,1.0,0.2702147099132024,0.4211968935587026,0.6222019186843307,0.8044769301050708,5,PASS,767,309,371,336,406
2017-05-31,60,1,residual_degree_percentile,ORIGINAL,2699,2699,153,0.0011115227825939655,0.4925898611545563,1.0,0.2095220386981964,0.40829935669898987,0.6081882119178772,0.8025194406509399,5,PASS,609,529,527,512,522
2017-05-31,60,2,delta_degree_percentile,ORIGINAL,2699,2699,1300,-0.9540570303797722,0.017599105834960938,0.7478695660829544,-0.2070026159286499,-0.05594664812088013,0.0841052234172821,0.2193404883146286,5,PASS,540,545,545,533,536
2017-05-31,60,3,cross_industry_degree_percentile,ORIGINAL,2699,2699,140,0.0012967765839199705,0.49944423860689147,1.0,0.21378288254909225,0.4070025935531678,0.6017043349388662,0.802334197851056,5,PASS,625,528,497,525,524
2017-05-31,60,4,cross_industry_degree_ratio,ORIGINAL,2699,2694,504,0.0,0.9230769230769231,1.0,0.7698544698544699,0.8888888888888888,0.9510465317419131,1.0,4,FEWER_THAN_5_PORTFOLIOS,0,0,0,0,0
2017-05-31,60,5,delta_residual_degree_percentile_1m,ORIGINAL,2699,2606,1405,-0.6805663257837296,-0.007584191858768463,0.7901749983429909,-0.13934272527694702,-0.04035860300064087,0.022366642951965332,0.12554574012756348,5,PASS,522,528,514,522,520
2017-05-31,60,6,delta_cross_industry_degree_percentile_1m,ORIGINAL,2699,2606,1271,-0.6954358851448443,-0.008867445135741003,0.8066726823760422,-0.15018365962555646,-0.04271494937678855,0.023966866506223372,0.13534459680088132,5,PASS,523,521,520,521,521
2017-05-31,60,7,neighbor_jaccard_1m,ORIGINAL,2699,2606,770,0.0,0.19478319783197834,1.0,0.05555555555555555,0.14285714285714285,0.25,0.391304347826087,5,PASS,529,523,530,505,519
2017-05-31,60,8,neighbor_retention_1m,ORIGINAL,2699,2598,646,0.0,0.3333333333333333,1.0,0.1111111111111111,0.25913154533844185,0.40051948051948066,0.5798840579710145,5,PASS,532,507,520,519,520
2017-05-31,60,9,outside_community_degree_percentile,ORIGINAL,2699,2699,46,0.0385327899221934,0.5224157095220452,1.0,0.14579473879214525,0.41218969988884774,0.6120785476102261,0.7893664320118562,5,PASS,579,700,484,420,516
2017-05-31,120,1,residual_degree_percentile,ORIGINAL,2528,2528,122,0.0029667720664292574,0.5077136158943176,1.0,0.17761075496673584,0.3981408178806305,0.608781635761261,0.7952927350997925,5,PASS,507,534,521,461,505
2017-05-31,120,2,delta_degree_percentile,ORIGINAL,2528,2528,1122,-0.9398734457790852,0.017602846026420593,0.7634493559598923,-0.2298259735107422,-0.06981804966926575,0.09295885264873505,0.25403480529785166,5,PASS,508,523,522,469,506
2017-05-31,120,3,cross_industry_degree_percentile,ORIGINAL,2528,2528,110,0.003955696202531646,0.5077136075949367,1.0,0.22092563291139242,0.4068433544303797,0.6004746835443038,0.7976661392405063,5,PASS,628,445,477,478,500
2017-05-31,120,4,cross_industry_degree_ratio,ORIGINAL,2528,2514,526,0.0,0.8947368421052632,1.0,0.717391304347826,0.8461538461538461,0.9354838709677419,1.0,4,FEWER_THAN_5_PORTFOLIOS,0,0,0,0,0
2017-05-31,120,5,delta_residual_degree_percentile_1m,ORIGINAL,2528,2444,1231,-0.659101877361536,-0.005820751190185547,0.533084973692894,-0.0995756298303604,-0.01981542110443114,0.022353959083557126,0.09643608331680298,5,PASS,489,489,488,490,488
2017-05-31,120,6,delta_cross_industry_degree_percentile_1m,ORIGINAL,2528,2444,1079,-0.6514059602715564,-0.004631022582801091,0.5725982532751092,-0.11353248538952063,-0.024404808267295137,0.024476824237064054,0.1035987099311059,5,PASS,493,485,488,489,489
2017-05-31,120,7,neighbor_jaccard_1m,ORIGINAL,2528,2441,726,0.0,0.3333333333333333,1.0,0.140625,0.25925925925925924,0.4,0.5454545454545454,5,PASS,489,489,490,485,488
2017-05-31,120,8,neighbor_retention_1m,ORIGINAL,2528,2427,584,0.0,0.5116279069767442,1.0,0.25,0.4444444444444444,0.6,0.75,5,PASS,515,461,493,527,431
2017-05-31,120,9,outside_community_degree_percentile,ORIGINAL,2528,2528,52,0.03026107594936709,0.46855221518987344,1.0,0.23239715189873417,0.3623417721518987,0.627373417721519,0.8107199367088608,5,PASS,761,309,598,418,442
2017-05-31,252,1,residual_degree_percentile,ORIGINAL,2210,2210,129,0.0194570142775774,0.5029411911964417,1.0,0.1966063380241394,0.38823530077934265,0.6052036285400391,0.7995474934577942,5,PASS,506,387,466,417,434
2017-05-31,252,2,delta_degree_percentile,ORIGINAL,2210,2210,1042,-0.9328054264187813,0.007239818572998047,0.8033936619758606,-0.22556563615798947,-0.0595022588968277,0.08416292071342468,0.25131222009658816,5,PASS,442,495,391,440,442
2017-05-31,252,3,cross_industry_degree_percentile,ORIGINAL,2210,2210,112,0.024434389140271493,0.4855203619909502,1.0,0.18122171945701357,0.3907239819004525,0.6074660633484162,0.8029411764705883,5,PASS,501,420,445,416,428
2017-05-31,252,4,cross_industry_degree_ratio,ORIGINAL,2210,2125,498,0.0,0.8260869565217391,1.0,0.541025641025641,0.75,0.9,1.0,4,FEWER_THAN_5_PORTFOLIOS,0,0,0,0,0
2017-05-31,252,5,delta_residual_degree_percentile_1m,ORIGINAL,2210,2149,938,-0.5923833400011063,0.006207820028066635,0.3988565653562546,-0.05652697086334227,-0.006090354919433594,0.015973472595214838,0.06887750700116158,5,PASS,430,430,429,431,429
2017-05-31,252,6,delta_cross_industry_degree_percentile_1m,ORIGINAL,2210,2149,773,-0.6347344497063682,0.0057456141257501425,0.43196763331259347,-0.07214879415588846,-0.006357889819314622,0.0169914773373242,0.0852081261924596,5,PASS,431,430,468,415,405
2017-05-31,252,7,neighbor_jaccard_1m,ORIGINAL,2210,2112,565,0.0,0.5,1.0,0.25,0.4444444444444444,0.5833333333333334,0.7142857142857143,5,PASS,455,415,405,421,416
2017-05-31,252,8,neighbor_retention_1m,ORIGINAL,2210,2074,471,0.0,0.7142857142857143,1.0,0.391304347826087,0.6363636363636364,0.7843137254901961,0.9,5,PASS,416,422,407,418,411
2017-05-31,252,9,outside_community_degree_percentile,ORIGINAL,2210,2210,70,0.10180995475113122,0.4572398190045249,1.0,0.10180995475113122,0.4572398190045249,0.567420814479638,0.7911764705882353,4,FEWER_THAN_5_PORTFOLIOS,0,0,0,0,0
2017-06-30,60,1,residual_degree_percentile,ORIGINAL,2750,2750,176,0.0032727273646742105,0.4850909113883972,1.0,0.20999999344348907,0.38709092140197754,0.593818187713623,0.8038181662559509,5,PASS,636,480,547,558,529
2017-06-30,60,2,delta_degree_percentile,ORIGINAL,2750,2750,1153,-0.9352727010846138,0.009999990463256836,0.7447272390127182,-0.19963636808097363,-0.05509092807769763,0.0732727199792862,0.21745455265045166,5,PASS,560,540,591,516,543
2017-06-30,60,3,cross_industry_degree_percentile,ORIGINAL,2750,2750,168,0.0038181818181818182,0.48818181818181816,1.0,0.20854545454545453,0.41054545454545455,0.5965454545454546,0.8012727272727272,5,PASS,632,551,482,545,540
2017-06-30,60,4,cross_industry_degree_ratio,ORIGINAL,2750,2733,492,0.0,0.9227053140096618,1.0,0.782608695652174,0.8888888888888888,0.9523809523809523,1.0,4,FEWER_THAN_5_PORTFOLIOS,0,0,0,0,0
2017-06-30,60,5,delta_residual_degree_percentile_1m,ORIGINAL,2750,2635,1372,-0.7626262381672859,-0.006524562835693359,0.8849484100937843,-0.12532275915145874,-0.035086965560913015,0.01815316081047055,0.10783644914627089,5,PASS,528,526,527,527,527
2017-06-30,60,6,delta_cross_industry_degree_percentile_1m,ORIGINAL,2750,2635,1233,-0.7867327292936778,-0.002743777156522631,0.8594074573074202,-0.1388714338643942,-0.03463895718953147,0.023225639125602077,0.1177710936710566,5,PASS,533,523,537,518,524
2017-06-30,60,7,neighbor_jaccard_1m,ORIGINAL,2750,2634,771,0.0,0.25,1.0,0.08333333333333333,0.2,0.30065040650406505,0.45,5,PASS,539,566,475,531,523
2017-06-30,60,8,neighbor_retention_1m,ORIGINAL,2750,2630,651,0.0,0.38742593811718234,1.0,0.14285714285714285,0.3157894736842105,0.45714285714285713,0.6380044020542922,5,PASS,532,525,522,525,526
2017-06-30,60,9,outside_community_degree_percentile,ORIGINAL,2750,2750,36,0.04818181818181818,0.4730909090909091,1.0,0.17909090909090908,0.33545454545454545,0.588,0.7918181818181819,5,PASS,720,404,632,490,504
2017-06-30,120,1,residual_degree_percentile,ORIGINAL,2594,2594,133,0.0030840400140732527,0.510986864566803,1.0,0.181765615940094,0.3966846466064453,0.6044718623161316,0.7966461181640625,5,PASS,522,547,520,488,517
2017-06-30,120,2,delta_degree_percentile,ORIGINAL,2594,2594,1185,-0.9126831069588661,0.024479568004608154,0.7735157907009125,-0.2379336714744568,-0.060717031359672546,0.08789512515068054,0.25751736760139465,5,PASS,519,570,469,521,515
2017-06-30,120,3,cross_industry_degree_percentile,ORIGINAL,2594,2594,120,0.00520431765612953,0.501349267540478,1.0,0.18157286044718582,0.3999614494988435,0.6008095605242868,0.7995373939861218,5,PASS,541,546,494,498,515
2017-06-30,120,4,cross_industry_degree_ratio,ORIGINAL,2594,2579,546,0.0,0.8974358974358975,1.0,0.7142857142857143,0.8551919916330495,0.9333333333333333,1.0,4,FEWER_THAN_5_PORTFOLIOS,0,0,0,0,0
2017-06-30,120,5,delta_residual_degree_percentile_1m,ORIGINAL,2594,2479,1226,-0.6687909599859267,0.00024241209030151367,0.6115716844797134,-0.08871696339920161,-0.02257901430130005,0.016838788986206048,0.08953003585338593,5,PASS,496,497,494,504,488
2017-06-30,120,6,delta_cross_industry_degree_percentile_1m,ORIGINAL,2594,2479,1081,-0.6411564418375414,-0.001461045694543306,0.5825793518148014,-0.1000391299786264,-0.0241904394757132,0.013268661614436406,0.10107444272566683,5,PASS,496,497,496,507,483
2017-06-30,120,7,neighbor_jaccard_1m,ORIGINAL,2594,2477,761,0.0,0.3684210526315789,1.0,0.16905742145178765,0.3076923076923077,0.43478260869565216,0.5897435897435898,5,PASS,496,503,488,498,492
2017-06-30,120,8,neighbor_retention_1m,ORIGINAL,2594,2464,585,0.0,0.5555555555555556,1.0,0.2857142857142857,0.5,0.6528837622005323,0.8,5,PASS,499,616,363,538,448
2017-06-30,120,9,outside_community_degree_percentile,ORIGINAL,2594,2594,53,0.042212798766383966,0.5291056283731689,1.0,0.15034695451040864,0.42193523515805703,0.6137239784117193,0.79491133384734,5,PASS,561,682,439,426,486
2017-06-30,252,1,residual_degree_percentile,ORIGINAL,2231,2231,133,0.018377408385276794,0.5105333924293518,1.0,0.19027341902256012,0.3877184987068176,0.59659343957901,0.800986111164093,5,PASS,503,410,436,447,435
2017-06-30,252,2,delta_degree_percentile,ORIGINAL,2231,2231,1048,-0.9648139625787735,0.003361716866493225,0.810623049736023,-0.22837293148040771,-0.06588973850011826,0.08023309707641602,0.23980280756950378,5,PASS,447,498,396,449,441
2017-06-30,252,3,cross_industry_degree_percentile,ORIGINAL,2231,2231,116,0.02622142536978933,0.4793814432989691,1.0,0.16584491259524878,0.3852532496638279,0.6095921111609144,0.8023307933662035,5,PASS,473,444,467,412,435
2017-06-30,252,4,cross_industry_degree_ratio,ORIGINAL,2231,2150,502,0.0,0.8376689189189189,1.0,0.5714285714285714,0.7643790849673202,0.9090909090909091,1.0,4,FEWER_THAN_5_PORTFOLIOS,0,0,0,0,0
2017-06-30,252,5,delta_residual_degree_percentile_1m,ORIGINAL,2231,2171,887,-0.5612212456762791,-0.00043970346450805664,0.4050976186990738,-0.048817165195941925,-0.006332919001579285,0.014252662658691406,0.06040915846824646,5,PASS,448,430,429,460,404
2017-06-30,252,6,delta_cross_industry_degree_percentile_1m,ORIGINAL,2231,2171,758,-0.6091866764290104,0.00033688198583914364,0.49034734743464675,-0.06553500550652969,-0.0074479110680234495,0.013199952946044147,0.07376346463144787,5,PASS,435,434,435,476,391
2017-06-30,252,7,neighbor_jaccard_1m,ORIGINAL,2231,2133,577,0.0,0.5714285714285714,1.0,0.2727272727272727,0.5,0.6564285714285715,0.7921383647798743,5,PASS,434,527,319,426,427
2017-06-30,252,8,neighbor_retention_1m,ORIGINAL,2231,2087,449,0.0,0.7916666666666666,1.0,0.45594405594405624,0.702357676825762,0.8571428571428571,0.95,5,PASS,418,417,442,394,416
2017-06-30,252,9,outside_community_degree_percentile,ORIGINAL,2231,2231,69,0.10242043926490363,0.45764231286418644,1.0,0.10242043926490363,0.45764231286418644,0.5656656207978485,0.8079336620349619,4,FEWER_THAN_5_PORTFOLIOS,0,0,0,0,0
2017-07-31,60,1,residual_degree_percentile,ORIGINAL,2783,2783,148,0.0008983111474663019,0.5019763112068176,1.0,0.20822852849960327,0.39723318815231323,0.5937836766242981,0.8005389928817743,5,PASS,630,516,532,548,557
2017-07-31,60,2,delta_degree_percentile,ORIGINAL,2783,2783,1116,-0.9403521323110908,-0.005030542612075806,0.747754231095314,-0.22098454646766186,-0.07455982267856598,0.06270213425159454,0.25368310511112213,5,PASS,578,567,529,556,553
2017-07-31,60,3,cross_industry_degree_percentile,ORIGINAL,2783,2783,127,0.0016169601149838304,0.4901185770750988,1.0,0.2172116421128279,0.39561624146604385,0.5968379446640316,0.801293568091987,5,PASS,669,477,545,549,543
2017-07-31,60,4,cross_industry_degree_ratio,ORIGINAL,2783,2779,553,0.0,0.9090909090909091,1.0,0.7631578947368421,0.875,0.9411764705882353,1.0,4,FEWER_THAN_5_PORTFOLIOS,0,0,0,0,0
2017-07-31,60,5,delta_residual_degree_percentile_1m,ORIGINAL,2783,2661,1586,-0.8912087678909302,0.00076320581138134,0.9517154209315777,-0.21004311740398407,-0.04952569119632244,0.05194178223609924,0.19084081053733826,5,PASS,534,533,533,531,530
2017-07-31,60,6,delta_cross_industry_degree_percentile_1m,ORIGINAL,2783,2661,1453,-0.8840553359683795,-0.0006985267696729691,0.9521645706072583,-0.22022637441609783,-0.05402012217031976,0.05666618756737335,0.20474811354653244,5,PASS,533,536,541,520,531
2017-07-31,60,7,neighbor_jaccard_1m,ORIGINAL,2783,2660,756,0.0,0.10391260162601626,1.0,0.02,0.07556683050578723,0.14285714285714285,0.24753436508699414,5,PASS,533,531,557,507,532
2017-07-31,60,8,neighbor_retention_1m,ORIGINAL,2783,2645,594,0.0,0.2222222222222222,1.0,0.04,0.16666666666666666,0.3,0.5,5,PASS,532,573,499,600,441
2017-07-31,60,9,outside_community_degree_percentile,ORIGINAL,2783,2783,49,0.019044196909809557,0.5350341358246496,1.0,0.15612648221343872,0.36830758174631695,0.6054617319439454,0.8029105282069708,5,PASS,569,592,619,501,502
2017-07-31,120,1,residual_degree_percentile,ORIGINAL,2639,2639,151,0.007199696730822325,0.5043576955795288,1.0,0.2186434268951416,0.4043198227882385,0.6053429245948792,0.8025767207145691,5,PASS,639,465,508,513,514
2017-07-31,120,2,delta_degree_percentile,ORIGINAL,2639,2639,1203,-0.9007199928164482,0.02140963077545166,0.7586206793785095,-0.21133006811141966,-0.05911329388618469,0.10174309015274048,0.2371731519699097,5,PASS,528,530,525,528,528
2017-07-31,120,3,cross_industry_degree_percentile,ORIGINAL,2639,2639,133,0.012315270935960592,0.5007578628268283,1.0,0.22034861690034105,0.4048882152330428,0.5981432360742706,0.7993558165971959,5,PASS,655,461,487,516,520
2017-07-31,120,4,cross_industry_degree_ratio,ORIGINAL,2639,2602,589,0.0,0.8764460345855695,1.0,0.6666666666666666,0.8333333333333334,0.9257377049180328,1.0,4,FEWER_THAN_5_PORTFOLIOS,0,0,0,0,0
2017-07-31,120,5,delta_residual_degree_percentile_1m,ORIGINAL,2639,2545,1287,-0.6072694584727287,-0.020930707454681396,0.8286347985267639,-0.1089880108833313,-0.04487323760986328,0.005153030157089233,0.0886806845664978,5,PASS,509,511,509,509,507
2017-07-31,120,6,delta_cross_industry_degree_percentile_1m,ORIGINAL,2639,2545,1145,-0.6092716073440823,-0.01884482597932735,0.8489070881794143,-0.12580457189369004,-0.03981453104096877,0.006744044247035273,0.09258401715796763,5,PASS,511,507,509,516,502
2017-07-31,120,7,neighbor_jaccard_1m,ORIGINAL,2639,2543,756,0.0,0.34782608695652173,1.0,0.1388888888888889,0.2777777777777778,0.41379310344827586,0.5625,5,PASS,510,509,509,508,507
2017-07-31,120,8,neighbor_retention_1m,ORIGINAL,2639,2530,611,0.0,0.5,1.0,0.2222222222222222,0.41379310344827586,0.5714285714285714,0.7209749552772808,5,PASS,511,502,531,480,506
2017-07-31,120,9,outside_community_degree_percentile,ORIGINAL,2639,2639,57,0.08033345964380448,0.5424403183023873,1.0,0.24990526714664646,0.4145509662751042,0.6335733232284957,0.7999242137173171,5,PASS,895,397,481,388,478
2017-07-31,252,1,residual_degree_percentile,ORIGINAL,2271,2271,138,0.020475560799241066,0.4993394911289215,1.0,0.20299427211284637,0.40532803535461426,0.5999559760093689,0.7978863716125488,5,PASS,534,428,417,440,452
2017-07-31,252,2,delta_degree_percentile,ORIGINAL,2271,2271,1031,-0.9152355641126633,-0.008806705474853516,0.78489650785923,-0.21334213018417358,-0.07617789506912231,0.09269040822982788,0.2562747746706009,5,PASS,455,474,435,464,443
2017-07-31,252,3,cross_industry_degree_percentile,ORIGINAL,2271,2271,111,0.028401585204755615,0.48921180096873623,1.0,0.1831792162043153,0.39872302950242183,0.6059004843681197,0.8025099075297226,5,PASS,516,455,431,427,442
2017-07-31,252,4,cross_industry_degree_ratio,ORIGINAL,2271,2179,526,0.0,0.8387096774193549,1.0,0.5714285714285714,0.7694386694386696,0.9090909090909091,1.0,4,FEWER_THAN_5_PORTFOLIOS,0,0,0,0,0
2017-07-31,252,5,delta_residual_degree_percentile_1m,ORIGINAL,2271,2203,967,-0.5586369689553976,0.0033625364303588867,0.5074170231819153,-0.06517335772514343,-0.01394617557525634,0.015613991022109995,0.07574890926480293,5,PASS,443,438,441,445,436
2017-07-31,252,6,delta_cross_industry_degree_percentile_1m,ORIGINAL,2271,2203,833,-0.5811905259561587,0.0021801598349662846,0.7077790416099471,-0.07552556437738042,-0.014459792669681337,0.013469779838593932,0.08162878821521569,5,PASS,441,441,447,436,438
2017-07-31,252,7,neighbor_jaccard_1m,ORIGINAL,2271,2160,626,0.0,0.5,1.0,0.22697947214076247,0.4,0.567272727272727,0.7197575757575758,5,PASS,432,438,426,432,432
2017-07-31,252,8,neighbor_retention_1m,ORIGINAL,2271,2122,491,0.0,0.6918328584995251,1.0,0.36398601398601405,0.6,0.7654568210262828,0.8928571428571429,5,PASS,425,443,405,427,422
2017-07-31,252,9,outside_community_degree_percentile,ORIGINAL,2271,2271,65,0.11162483487450463,0.47886393659180976,1.0,0.11162483487450463,0.31748128577719065,0.5880669308674593,0.8093350946719506,4,FEWER_THAN_5_PORTFOLIOS,0,0,0,0,0
2017-08-31,60,1,residual_degree_percentile,ORIGINAL,2834,2834,170,0.0022935778833925724,0.4931192696094513,1.0,0.1813690960407257,0.3876146674156189,0.6007410287857056,0.7979887127876282,5,PASS,570,567,591,543,563
2017-08-31,60,2,delta_degree_percentile,ORIGINAL,2834,2834,1173,-0.9341919766739011,0.0037050247192382812,0.7604092955589294,-0.20783344376832247,-0.07445305585861206,0.07515880465507507,0.2521171569824219,5,PASS,585,583,553,580,533
2017-08-31,60,3,cross_industry_degree_percentile,ORIGINAL,2834,2834,145,0.0029992942836979536,0.4857092448835568,1.0,0.18913196894848272,0.39079040225829215,0.5890966831333804,0.7965772759350741,5,PASS,601,558,545,568,562
2017-08-31,60,4,cross_industry_degree_ratio,ORIGINAL,2834,2822,588,0.0,0.9,1.0,0.7333333333333333,0.8571428571428571,0.9375,1.0,4,FEWER_THAN_5_PORTFOLIOS,0,0,0,0,0
2017-08-31,60,5,delta_residual_degree_percentile_1m,ORIGINAL,2834,2726,1540,-0.8170738443732262,0.005596756935119629,0.8497498333454132,-0.16024810075759888,-0.0371578112244606,0.041412219405174255,0.1632670760154724,5,PASS,546,549,543,543,545
2017-08-31,60,6,delta_cross_industry_degree_percentile_1m,ORIGINAL,2834,2726,1407,-0.8383950241295131,0.005469776805491322,0.847097358166365,-0.17160564532468658,-0.04143509425991203,0.04695561899028555,0.17608826246459053,5,PASS,547,551,538,547,543
2017-08-31,60,7,neighbor_jaccard_1m,ORIGINAL,2834,2726,786,0.0,0.12838827838827838,0.75,0.02127659574468085,0.08695652173913043,0.17647058823529413,0.3076923076923077,5,PASS,549,543,547,548,539
2017-08-31,60,8,neighbor_retention_1m,ORIGINAL,2834,2721,650,0.0,0.23529411764705882,1.0,0.034482758620689655,0.15789473684210525,0.3170731707317073,0.5,5,PASS,549,540,546,554,532
2017-08-31,60,9,outside_community_degree_percentile,ORIGINAL,2834,2834,49,0.02452364149611856,0.5121736062103035,1.0,0.17819336626676077,0.4116090331686662,0.5952717007762879,0.8055751587861679,5,PASS,656,667,471,536,504
2017-08-31,120,1,residual_degree_percentile,ORIGINAL,2674,2674,169,0.012154076248407364,0.5013089179992676,1.0,0.2053103893995285,0.3827598989009857,0.6035901308059692,0.801982045173645,5,PASS,614,463,554,520,523
2017-08-31,120,2,delta_degree_percentile,ORIGINAL,2674,2674,1197,-0.9169783033430576,0.018231123685836792,0.7352281212806702,-0.19528795480728148,-0.04786837100982666,0.09685862064361572,0.22064322233200073,5,PASS,535,573,558,475,533
2017-08-31,120,3,cross_industry_degree_percentile,ORIGINAL,2674,2674,142,0.017389678384442782,0.48616305160807777,1.0,0.193717277486911,0.4111817501869858,0.6004113687359761,0.8016080777860882,5,PASS,608,551,468,528,519
2017-08-31,120,4,cross_industry_degree_ratio,ORIGINAL,2674,2610,604,0.0,0.8888888888888888,1.0,0.6492102492102493,0.8333333333333334,0.9426600985221674,1.0,4,FEWER_THAN_5_PORTFOLIOS,0,0,0,0,0
2017-08-31,120,5,delta_residual_degree_percentile_1m,ORIGINAL,2674,2599,1250,-0.6457184590399265,-0.0057985782623291016,0.7165171429514885,-0.07759959995746613,-0.02388280630111693,0.013053789734840393,0.07770472764968872,5,PASS,532,508,523,522,514
2017-08-31,120,6,delta_cross_industry_degree_percentile_1m,ORIGINAL,2674,2599,1102,-0.66758539348357,-0.00874022168479649,0.744217824060756,-0.09218448999998018,-0.027597118534110815,0.016928612099220496,0.08738485742457575,5,PASS,520,520,519,522,518
2017-08-31,120,7,neighbor_jaccard_1m,ORIGINAL,2674,2585,774,0.0,0.4166666666666667,1.0,0.18907894736842118,0.3333333333333333,0.4901136363636362,0.625,5,PASS,517,529,505,528,506
2017-08-31,120,8,neighbor_retention_1m,ORIGINAL,2674,2560,629,0.0,0.576271186440678,1.0,0.2857142857142857,0.5,0.6566071428571427,0.8,5,PASS,520,595,421,537,487
2017-08-31,120,9,outside_community_degree_percentile,ORIGINAL,2674,2674,46,0.09162303664921466,0.45736724008975316,1.0,0.28103964098728496,0.45736724008975316,0.5912490650710546,0.8109573672400897,5,PASS,1013,419,297,489,456
2017-08-31,252,1,residual_degree_percentile,ORIGINAL,2284,2284,143,0.02298598922789097,0.48949211835861206,1.0,0.21541155874729156,0.3878283739089983,0.6017950773239136,0.803196132183075,5,PASS,560,354,475,454,441
2017-08-31,252,2,delta_degree_percentile,ORIGINAL,2284,2284,1045,-0.9649737533181906,0.00394044816493988,0.7782399356365204,-0.20380911231040955,-0.06217163801193237,0.09365144968032836,0.24408932328224192,5,PASS,459,521,390,457,457
2017-08-31,252,3,cross_industry_degree_percentile,ORIGINAL,2284,2284,118,0.032618213660245185,0.5083187390542907,1.0,0.19964973730297722,0.41878283712784586,0.5958844133099825,0.8031961471103327,5,PASS,559,459,365,460,441
2017-08-31,252,4,cross_industry_degree_ratio,ORIGINAL,2284,2180,533,0.0,0.8333333333333334,1.0,0.5294117647058824,0.75,0.9,1.0,4,FEWER_THAN_5_PORTFOLIOS,0,0,0,0,0
2017-08-31,252,5,delta_residual_degree_percentile_1m,ORIGINAL,2284,2229,974,-0.6238656099885702,0.0025104284286499023,0.5729226917028427,-0.05813872814178467,-0.014934659004211426,0.01241728663444519,0.06620407104492188,5,PASS,477,416,463,428,445
2017-08-31,252,6,delta_cross_industry_degree_percentile_1m,ORIGINAL,2284,2229,833,-0.6855676075638851,0.00421662845548957,0.8218611118180114,-0.07350320919906135,-0.01523916495275468,0.016470521098661928,0.08127442180049832,5,PASS,454,440,457,433,445
2017-08-31,252,7,neighbor_jaccard_1m,ORIGINAL,2284,2186,612,0.0,0.5519814719505919,1.0,0.2727272727272727,0.5,0.6285714285714286,0.75,5,PASS,444,580,288,458,416
2017-08-31,252,8,neighbor_retention_1m,ORIGINAL,2284,2139,488,0.0,0.7352941176470589,1.0,0.4444444444444444,0.6666666666666666,0.8,0.9260473588342442,5,PASS,431,518,360,402,428
2017-08-31,252,9,outside_community_degree_percentile,ORIGINAL,2284,2284,59,0.12302977232924693,0.4978108581436077,1.0,0.12302977232924693,0.3432574430823117,0.6028896672504378,0.8018826619964974,4,FEWER_THAN_5_PORTFOLIOS,0,0,0,0,0
2017-09-29,60,1,residual_degree_percentile,ORIGINAL,2897,2897,174,0.0020711079705506563,0.49844667315483093,1.0,0.1881256401538849,0.3857438862323761,0.5973420739173889,0.8003106713294983,5,PASS,600,560,598,569,570
2017-09-29,60,2,delta_degree_percentile,ORIGINAL,2897,2897,1352,-0.9283741749823093,0.02295476198196411,0.7946151494979858,-0.19081808328628536,-0.051259905099868774,0.08519158363342283,0.22557817697525057,5,PASS,580,587,571,579,580
2017-09-29,60,3,cross_industry_degree_percentile,ORIGINAL,2897,2897,149,0.002761477390403866,0.4905074214704867,1.0,0.20883672764929237,0.3802209181912323,0.5976872626855367,0.7970314118053159,5,PASS,675,492,592,560,578
2017-09-29,60,4,cross_industry_degree_ratio,ORIGINAL,2897,2886,647,0.0,0.8859465737514518,1.0,0.6666666666666666,0.84,0.9230769230769231,1.0,4,FEWER_THAN_5_PORTFOLIOS,0,0,0,0,0
2017-09-29,60,5,delta_residual_degree_percentile_1m,ORIGINAL,2897,2787,1488,-0.6907094717025757,-0.0033502578735351562,0.734654575586319,-0.13425138965249062,-0.03146330118179315,0.016716706752777095,0.12572803497314472,5,PASS,561,554,557,557,558
2017-09-29,60,6,delta_cross_industry_degree_percentile_1m,ORIGINAL,2897,2787,1310,-0.7304667983256716,-0.0020900481334084064,0.7228508112814245,-0.13547369349306182,-0.027750338668308287,0.024172914866546102,0.1311435381161104,5,PASS,558,557,557,557,558
2017-09-29,60,7,neighbor_jaccard_1m,ORIGINAL,2897,2785,858,0.0,0.21621621621621623,0.8888888888888888,0.058823529411764705,0.15789473684210525,0.28,0.4378048780487809,5,PASS,567,548,559,554,557
2017-09-29,60,8,neighbor_retention_1m,ORIGINAL,2897,2774,664,0.0,0.358974358974359,1.0,0.1111111111111111,0.2777777777777778,0.4444444444444444,0.6387586206896554,5,PASS,572,544,559,544,555
2017-09-29,60,9,outside_community_degree_percentile,ORIGINAL,2897,2897,42,0.031066620642043494,0.4530548843631343,1.0,0.21936486020020712,0.3396617190196755,0.627890921643079,0.7896099413186054,5,PASS,805,357,759,419,557
2017-09-29,120,1,residual_degree_percentile,ORIGINAL,2754,2754,166,0.006172839552164078,0.4947349429130554,1.0,0.1828249841928482,0.41285401582717896,0.6051198244094849,0.8028322458267212,5,PASS,578,597,512,535,532
2017-09-29,120,2,delta_degree_percentile,ORIGINAL,2754,2754,1251,-0.9691358003765345,0.018609315156936646,0.7754175513982773,-0.1881626844406128,-0.05591866374015808,0.08351488411426544,0.22331152856349945,5,PASS,551,559,565,535,544
2017-09-29,120,3,cross_industry_degree_percentile,ORIGINAL,2754,2754,147,0.008714596949891068,0.5043572984749455,1.0,0.19135802469135801,0.39869281045751637,0.5978576615831518,0.8004720406681191,5,PASS,604,557,513,540,540
2017-09-29,120,4,cross_industry_degree_ratio,ORIGINAL,2754,2721,628,0.0,0.8676470588235294,1.0,0.6407766990291263,0.8133333333333334,0.9166666666666666,1.0,4,FEWER_THAN_5_PORTFOLIOS,0,0,0,0,0
2017-09-29,120,5,delta_residual_degree_percentile_1m,ORIGINAL,2754,2649,1254,-0.7539976015686989,0.00461694598197937,0.5715289264917374,-0.0820812702178955,-0.020168935880064964,0.023569715023040765,0.08379095792770386,5,PASS,530,534,525,537,523
2017-09-29,120,6,delta_cross_industry_degree_percentile_1m,ORIGINAL,2754,2649,1102,-0.7236354111161626,0.0041132799833138445,0.5925301282040837,-0.09759482229967802,-0.016160352060156962,0.025676665857345404,0.09459878580092118,5,PASS,530,530,530,530,529
2017-09-29,120,7,neighbor_jaccard_1m,ORIGINAL,2754,2636,783,0.0,0.38223338115734096,1.0,0.16666666666666666,0.32,0.45,0.5932203389830508,5,PASS,542,514,526,528,526
2017-09-29,120,8,neighbor_retention_1m,ORIGINAL,2754,2585,670,0.0,0.6153846153846154,1.0,0.3333333333333333,0.5151879699248122,0.6846003898635477,0.8571428571428571,5,PASS,568,466,517,540,494
2017-09-29,120,9,outside_community_degree_percentile,ORIGINAL,2754,2754,47,0.05809731299927379,0.4691358024691358,1.0,0.18627450980392157,0.33042846768336964,0.5880537400145244,0.7942992011619463,5,PASS,706,407,655,482,504
2017-09-29,252,1,residual_degree_percentile,ORIGINAL,2344,2344,147,0.024317406117916107,0.5081058144569397,1.0,0.21672354638576508,0.418302059173584,0.6047354936599731,0.802901029586792,5,PASS,581,448,403,457,455
2017-09-29,252,2,delta_degree_percentile,ORIGINAL,2344,2344,1081,-0.916382223367691,0.01919795572757721,0.7896758019924164,-0.22500003576278685,-0.04671500623226166,0.0901023864746093,0.25639933347702026,5,PASS,469,562,375,488,450
2017-09-29,252,3,cross_industry_degree_percentile,ORIGINAL,2344,2344,122,0.035622866894197955,0.5162116040955631,1.0,0.20712457337883958,0.3709470989761092,0.5959897610921502,0.797141638225256,5,PASS,600,349,474,459,462
2017-09-29,252,4,cross_industry_degree_ratio,ORIGINAL,2344,2231,532,0.0,0.8181818181818182,1.0,0.5098039215686274,0.75,0.8888888888888888,1.0,4,FEWER_THAN_5_PORTFOLIOS,0,0,0,0,0
2017-09-29,252,5,delta_residual_degree_percentile_1m,ORIGINAL,2344,2267,923,-0.47501763701438904,0.0010082721710205078,0.43093893490731716,-0.056158602237701416,-0.0073885321617126465,0.0028720349073410034,0.05708429217338562,5,PASS,456,452,481,426,452
2017-09-29,252,6,delta_cross_industry_degree_percentile_1m,ORIGINAL,2344,2267,775,-0.517019643999211,0.00300465323395277,0.4709987268608453,-0.06945586749789306,-0.0088126781946528,0.007474836075862357,0.07580856290682181,5,PASS,454,453,457,464,439
2017-09-29,252,7,neighbor_jaccard_1m,ORIGINAL,2344,2215,593,0.0,0.6,1.0,0.3,0.5,0.6746511627906976,0.8163265306122449,5,PASS,445,489,395,444,442
2017-09-29,252,8,neighbor_retention_1m,ORIGINAL,2344,2163,473,0.0,0.7961165048543689,1.0,0.5,0.72,0.8518518518518519,0.95,5,PASS,520,347,433,432,431
2017-09-29,252,9,outside_community_degree_percentile,ORIGINAL,2344,2344,50,0.13395904436860068,0.523037542662116,1.0,0.13395904436860068,0.363481228668942,0.636518771331058,0.8033276450511946,4,FEWER_THAN_5_PORTFOLIOS,0,0,0,0,0
2017-10-31,60,1,residual_degree_percentile,ORIGINAL,2941,2941,143,0.00034002040047198534,0.49897992610931396,1.0,0.19245155155658722,0.399353951215744,0.605236291885376,0.7964977622032166,5,PASS,618,598,597,544,584
2017-10-31,60,2,delta_degree_percentile,ORIGINAL,2941,2941,1482,-0.9216253235936165,0.028051674365997314,0.7454947307705879,-0.1899014115333557,-0.03264196217060089,0.08279496431350708,0.2172730267047882,5,PASS,589,599,577,588,588
2017-10-31,60,3,cross_industry_degree_percentile,ORIGINAL,2941,2941,121,0.00034002040122407346,0.5083304998299898,1.0,0.19500170010200613,0.39833390003400204,0.5882352941176471,0.7953077184631078,5,PASS,636,594,540,584,587
2017-10-31,60,4,cross_industry_degree_ratio,ORIGINAL,2941,2940,656,0.043478260869565216,0.875,1.0,0.6521739130434783,0.8333333333333334,0.9130434782608695,1.0,4,FEWER_THAN_5_PORTFOLIOS,0,0,0,0,0
2017-10-31,60,5,delta_residual_degree_percentile_1m,ORIGINAL,2941,2835,1586,-0.7564002275466919,0.006214439868927002,0.7953294366598129,-0.13816728591918945,-0.024209155514836298,0.04122846126556395,0.14710659980773966,5,PASS,567,567,567,567,567
2017-10-31,60,6,delta_cross_industry_degree_percentile_1m,ORIGINAL,2941,2835,1325,-0.7572894000840602,0.005422544890146042,0.8648104940835629,-0.15923095530709402,-0.028377501752624917,0.04657358143594237,0.15837083397250995,5,PASS,568,566,568,566,567
2017-10-31,60,7,neighbor_jaccard_1m,ORIGINAL,2941,2835,862,0.0,0.2,0.86,0.058823529411764705,0.14814814814814814,0.2560524746571257,0.3944403261675316,5,PASS,580,561,560,567,567
2017-10-31,60,8,neighbor_retention_1m,ORIGINAL,2941,2823,709,0.0,0.38461538461538464,1.0,0.125,0.29411764705882354,0.48423963133640563,0.6666666666666666,5,PASS,586,548,560,593,536
2017-10-31,60,9,outside_community_degree_percentile,ORIGINAL,2941,2941,40,0.008160489629377763,0.5020401224073444,1.0,0.23869432165929955,0.42060523631417884,0.5761645698741924,0.7908874532471948,5,PASS,836,527,436,591,551
2017-10-31,120,1,residual_degree_percentile,ORIGINAL,2795,2795,177,0.004651162773370743,0.48908767104148865,1.0,0.19230769574642181,0.40429338812828064,0.6067978739738464,0.799821138381958,5,PASS,594,577,544,529,551
2017-10-31,120,2,delta_degree_percentile,ORIGINAL,2795,2795,1248,-0.9592128954827785,-0.0008944571018218994,0.7876565456390381,-0.19212880358099937,-0.04669050574302661,0.06851521134376526,0.23703041672706604,5,PASS,563,555,563,583,531
2017-10-31,120,3,cross_industry_degree_percentile,ORIGINAL,2795,2795,146,0.005366726296958855,0.4856887298747764,1.0,0.21574239713774598,0.40644007155635065,0.5967799642218247,0.7992844364937388,5,PASS,678,512,506,545,554
2017-10-31,120,4,cross_industry_degree_ratio,ORIGINAL,2795,2770,620,0.0,0.8571428571428571,1.0,0.604526299360075,0.8,0.9027537372147914,1.0,4,FEWER_THAN_5_PORTFOLIOS,0,0,0,0,0
2017-10-31,120,5,delta_residual_degree_percentile_1m,ORIGINAL,2795,2724,1347,-0.5609481930732727,0.011586427688598633,0.6632785759866238,-0.0960567407310009,-0.010714185237884508,0.031394243240356445,0.098666250705719,5,PASS,548,542,548,542,544
2017-10-31,120,6,delta_cross_industry_degree_percentile_1m,ORIGINAL,2795,2724,1152,-0.647992641699892,0.012458443922192308,0.7182176388742737,-0.11616617494410475,-0.019349445204438362,0.03219002965924993,0.1131973398913663,5,PASS,547,546,541,545,545
2017-10-31,120,7,neighbor_jaccard_1m,ORIGINAL,2795,2717,852,0.0,0.34210526315789475,1.0,0.14285714285714285,0.2857142857142857,0.40803338549817414,0.5625,5,PASS,545,569,516,545,542
2017-10-31,120,8,neighbor_retention_1m,ORIGINAL,2795,2691,675,0.0,0.5625,1.0,0.25,0.484375,0.6538461538461539,0.8333333333333334,5,PASS,542,536,538,539,536
2017-10-31,120,9,outside_community_degree_percentile,ORIGINAL,2795,2795,45,0.036493738819320214,0.48801431127012523,1.0,0.24579606440071555,0.3728085867620751,0.5840787119856887,0.8134168157423971,5,PASS,865,353,537,568,472
2017-10-31,252,1,residual_degree_percentile,ORIGINAL,2379,2379,150,0.02311895787715912,0.49369484186172485,1.0,0.22005043923854828,0.41109710931777954,0.6004623770713806,0.7996637225151066,5,PASS,585,435,422,461,476
2017-10-31,252,2,delta_degree_percentile,ORIGINAL,2379,2379,1105,-0.9424127489328384,0.023539304733276367,0.7782681733369827,-0.21206389367580414,-0.0399327427148819,0.08070619404315948,0.2465321570634842,5,PASS,487,571,370,485,466
2017-10-31,252,3,cross_industry_degree_percentile,ORIGINAL,2379,2379,122,0.03362757461118117,0.478562421185372,1.0,0.20975199663724253,0.3720050441361917,0.5907944514501892,0.7965531736023539,5,PASS,608,357,463,476,475
2017-10-31,252,4,cross_industry_degree_ratio,ORIGINAL,2379,2270,545,0.0,0.8164965986394558,1.0,0.5,0.7445700245700246,0.8888888888888888,1.0,4,FEWER_THAN_5_PORTFOLIOS,0,0,0,0,0
2017-10-31,252,5,delta_residual_degree_percentile_1m,ORIGINAL,2379,2328,897,-0.5257291942834854,0.00025984644889831543,0.38344748318195343,-0.054864227771759005,-0.005086839199066162,0.005407619476318367,0.04745817184448253,5,PASS,466,468,463,465,466
2017-10-31,252,6,delta_cross_industry_degree_percentile_1m,ORIGINAL,2379,2328,733,-0.5984116745355765,0.00047181180035205106,0.5328933163760837,-0.05825270749318201,-0.0019952922830167863,0.0026274232584029555,0.05417344526265799,5,PASS,468,553,430,412,465
2017-10-31,252,7,neighbor_jaccard_1m,ORIGINAL,2379,2265,557,0.0,0.6666666666666666,1.0,0.38461538461538464,0.6,0.75,0.8688524590163934,5,PASS,455,467,480,411,452
2017-10-31,252,8,neighbor_retention_1m,ORIGINAL,2379,2216,439,0.0,0.8456121343445286,1.0,0.5714285714285714,0.7727272727272727,0.8947368421052632,0.9823008849557522,5,PASS,453,434,443,443,443
2017-10-31,252,9,outside_community_degree_percentile,ORIGINAL,2379,2379,57,0.12925598991172763,0.5149222362337117,1.0,0.12925598991172763,0.3505674653215637,0.6315678856662463,0.7936107608238756,4,FEWER_THAN_5_PORTFOLIOS,0,0,0,0,0
2017-11-30,60,1,residual_degree_percentile,ORIGINAL,2959,2959,129,0.0006759040406905115,0.5104765295982361,1.0,0.19381548464298248,0.3916863799095154,0.5958094000816345,0.8011152148246765,5,PASS,610,590,592,599,568
2017-11-30,60,2,delta_degree_percentile,ORIGINAL,2959,2959,1430,-0.9346062913537025,0.010476529598236084,0.8237580507993698,-0.21966880559921262,-0.05339641869068146,0.07857387065887447,0.22524501383304596,5,PASS,592,596,587,607,577
2017-11-30,60,3,cross_industry_degree_percentile,ORIGINAL,2959,2959,103,0.0008448800270361609,0.5148698884758365,1.0,0.19347752619128084,0.4090909090909091,0.5969922271037512,0.8022980736735383,5,PASS,626,640,545,583,565
2017-11-30,60,4,cross_industry_degree_ratio,ORIGINAL,2959,2956,636,0.0,0.8888888888888888,1.0,0.6896551724137931,0.8428571428571429,0.9166666666666666,1.0,4,FEWER_THAN_5_PORTFOLIOS,0,0,0,0,0
2017-11-30,60,5,delta_residual_degree_percentile_1m,ORIGINAL,2959,2864,1691,-0.9150931257754564,-0.0029886960983276367,0.9234832394868135,-0.17783239483833313,-0.04064507409930229,0.034186404943466184,0.16569584608078003,5,PASS,574,575,569,574,572
2017-11-30,60,6,delta_cross_industry_degree_percentile_1m,ORIGINAL,2959,2864,1429,-0.9302778342435593,-0.003520027017775207,0.9261971872418462,-0.19814008036156383,-0.055647515937809866,0.037790182247028084,0.19933061140816138,5,PASS,577,570,572,572,573
2017-11-30,60,7,neighbor_jaccard_1m,ORIGINAL,2959,2864,878,0.0,0.15217391304347827,0.7358490566037735,0.04248106743598991,0.1111111111111111,0.2,0.3426984126984127,5,PASS,573,590,574,554,573
2017-11-30,60,8,neighbor_retention_1m,ORIGINAL,2959,2863,676,0.0,0.2857142857142857,1.0,0.08333333333333333,0.21875,0.36363636363636365,0.5416666666666666,5,PASS,584,563,577,567,572
2017-11-30,60,9,outside_community_degree_percentile,ORIGINAL,2959,2959,44,0.007265968232510984,0.5170665765461304,1.0,0.1922946941534302,0.44085839810746874,0.5838120986819871,0.8149712740790808,5,PASS,696,730,395,639,499
2017-11-30,120,1,residual_degree_percentile,ORIGINAL,2837,2837,174,0.0038773352280259132,0.49665138125419617,1.0,0.1933380365371704,0.3976030945777893,0.6009869575500488,0.7997885346412659,5,PASS,598,578,560,543,558
2017-11-30,120,2,delta_degree_percentile,ORIGINAL,2837,2837,1274,-0.9502996020019054,0.005816012620925903,0.760662704706192,-0.1848783940076828,-0.06531546115875235,0.07948535680770874,0.21216074228286746,5,PASS,569,566,573,561,568
2017-11-30,120,3,cross_industry_degree_percentile,ORIGINAL,2837,2837,147,0.005639760310186817,0.488015509340853,1.0,0.22030313711667254,0.4162848078956644,0.597462107860416,0.798202326401128,5,PASS,697,546,485,546,563
2017-11-30,120,4,cross_industry_degree_ratio,ORIGINAL,2837,2816,652,0.0,0.8548292682926829,1.0,0.6,0.7973856209150327,0.9,1.0,4,FEWER_THAN_5_PORTFOLIOS,0,0,0,0,0
2017-11-30,120,5,delta_residual_degree_percentile_1m,ORIGINAL,2837,2752,1367,-0.6086783558130264,0.0019112378358840942,0.7476426512002945,-0.10059393644332884,-0.018536460399627665,0.021600276231765747,0.09635084867477417,5,PASS,551,550,557,549,545
2017-11-30,120,6,delta_cross_industry_degree_percentile_1m,ORIGINAL,2837,2752,1165,-0.6916002630711093,0.0030330106319318567,0.770040412817339,-0.10930841682520084,-0.021332847379031086,0.021386483113823653,0.11281545990467164,5,PASS,551,550,550,550,551
2017-11-30,120,7,neighbor_jaccard_1m,ORIGINAL,2837,2747,825,0.0,0.3076923076923077,1.0,0.11764705882352941,0.25,0.375,0.5333333333333333,5,PASS,554,602,496,546,549
2017-11-30,120,8,neighbor_retention_1m,ORIGINAL,2837,2727,690,0.0,0.5,1.0,0.21084529505582145,0.4117647058823529,0.575,0.7563987828888494,5,PASS,546,547,544,544,546
2017-11-30,120,9,outside_community_degree_percentile,ORIGINAL,2837,2837,49,0.036658442016214314,0.4908353894959464,0.9998237574903066,0.25643285160380686,0.3776876982728234,0.5861825872400424,0.8036658442016215,5,PASS,895,352,541,542,507
2017-11-30,252,1,residual_degree_percentile,ORIGINAL,2433,2433,154,0.025071928277611732,0.4967118799686432,1.0,0.2145499438047409,0.39272502064704895,0.5990546941757202,0.7996301054954529,5,PASS,587,406,480,481,479
2017-11-30,252,2,delta_degree_percentile,ORIGINAL,2433,2433,1123,-0.9519112017005682,0.013769015669822693,0.7659268379211426,-0.22646939158439636,-0.04706123471260071,0.09630087614059452,0.2505137622356415,5,PASS,487,583,390,510,463
2017-11-30,252,3,cross_industry_degree_percentile,ORIGINAL,2433,2433,121,0.036374845869297165,0.4936292642827785,1.0,0.21126181668721744,0.41019317714755443,0.5959720509658858,0.7994245787094123,5,PASS,619,436,414,486,478
2017-11-30,252,4,cross_industry_degree_ratio,ORIGINAL,2433,2312,559,0.0,0.8181818181818182,1.0,0.5,0.75,0.8888888888888888,1.0,4,FEWER_THAN_5_PORTFOLIOS,0,0,0,0,0
2017-11-30,252,5,delta_residual_degree_percentile_1m,ORIGINAL,2433,2349,1017,-0.5637171790003777,-0.0028586983680725098,0.5629016757011414,-0.06266738474369049,-0.012650787830352783,0.0035414695739746046,0.05825450420379642,5,PASS,487,455,467,470,470
2017-11-30,252,6,delta_cross_industry_degree_percentile_1m,ORIGINAL,2433,2349,874,-0.5849062569161213,0.0004421134578196373,0.5964937241139461,-0.08141729238937706,-0.015449351575566928,0.004837332827468455,0.07425303298643232,5,PASS,479,464,526,417,463
2017-11-30,252,7,neighbor_jaccard_1m,ORIGINAL,2433,2297,622,0.0,0.5714285714285714,1.0,0.25,0.5,0.6666666666666666,0.8,5,PASS,468,566,413,417,433
2017-11-30,252,8,neighbor_retention_1m,ORIGINAL,2433,2241,503,0.0,0.7647058823529411,1.0,0.5,0.6875,0.8333333333333334,0.9444444444444444,5,PASS,608,291,471,425,446
2017-11-30,252,9,outside_community_degree_percentile,ORIGINAL,2433,2433,55,0.13563501849568435,0.5201397451705713,1.0,0.13563501849568435,0.3660090423345664,0.6255651459103987,0.7955199342375668,4,FEWER_THAN_5_PORTFOLIOS,0,0,0,0,0
2017-12-29,60,1,residual_degree_percentile,ORIGINAL,2995,2995,134,0.00033388982410542667,0.4986644387245178,1.0,0.19532553851604462,0.3903172016143799,0.601669430732727,0.801502525806427,5,PASS,631,573,621,597,573
2017-12-29,60,2,delta_degree_percentile,ORIGINAL,2995,2995,1331,-0.9313856326043606,-0.005509182810783386,0.7787980139255524,-0.2140233814716339,-0.06941567659378048,0.07529211044311523,0.23722872138023376,5,PASS,601,597,600,604,593
2017-12-29,60,3,cross_industry_degree_percentile,ORIGINAL,2995,2995,101,0.000667779632721202,0.4989983305509182,1.0,0.18764607679465775,0.4056761268781302,0.5979966611018364,0.8021702838063439,5,PASS,614,646,564,595,576
2017-12-29,60,4,cross_industry_degree_ratio,ORIGINAL,2995,2995,615,0.17142857142857143,0.8857142857142857,1.0,0.7,0.84375,0.9210526315789473,1.0,4,FEWER_THAN_5_PORTFOLIOS,0,0,0,0,0
2017-12-29,60,5,delta_residual_degree_percentile_1m,ORIGINAL,2995,2875,1634,-0.8245530053973198,0.0030030906200408936,0.6449157446622849,-0.15296401381492608,-0.0287189781665802,0.037397921085357666,0.1442670226097107,5,PASS,575,576,575,576,573
2017-12-29,60,6,delta_cross_industry_degree_percentile_1m,ORIGINAL,2995,2875,1406,-0.8969888419417065,0.002469362873009584,0.7848213847456699,-0.16807679352937566,-0.03565641959309224,0.036399575500679515,0.1662749507599971,5,PASS,576,578,572,574,575
2017-12-29,60,7,neighbor_jaccard_1m,ORIGINAL,2995,2875,901,0.0,0.1956521739130435,0.7843137254901961,0.07272727272727272,0.15,0.24223285486443377,0.3784602784602786,5,PASS,577,576,572,575,575
2017-12-29,60,8,neighbor_retention_1m,ORIGINAL,2995,2871,728,0.0,0.3333333333333333,1.0,0.13333333333333333,0.26666666666666666,0.4117647058823529,0.5909090909090909,5,PASS,584,568,573,573,573
2017-12-29,60,9,outside_community_degree_percentile,ORIGINAL,2995,2995,44,0.005342237061769616,0.4666110183639399,1.0,0.21235392320534224,0.3876460767946578,0.5981636060100167,0.7911519198664441,5,PASS,759,534,589,544,569
2017-12-29,120,1,residual_degree_percentile,ORIGINAL,2851,2851,175,0.0038582952693104744,0.4966678321361542,1.0,0.20536653697490692,0.40862855315208435,0.6024202108383179,0.8030515313148499,5,PASS,651,548,548,553,551
2017-12-29,120,2,delta_degree_percentile,ORIGINAL,2851,2851,1287,-0.870396338403225,0.010873377323150635,0.7883198857307434,-0.18923184275627136,-0.06383726000785828,0.06401261687278748,0.21255701780319214,5,PASS,572,571,572,566,570
2017-12-29,120,3,cross_industry_degree_percentile,ORIGINAL,2851,2851,147,0.008593475973342687,0.49736934408979305,1.0,0.18133988074359875,0.3924938618028762,0.6083830235005261,0.7977902490354262,5,PASS,597,585,578,524,567
2017-12-29,120,4,cross_industry_degree_ratio,ORIGINAL,2851,2830,659,0.0,0.8461538461538461,1.0,0.5860386879730867,0.786416861826698,0.8987755102040813,1.0,4,FEWER_THAN_5_PORTFOLIOS,0,0,0,0,0
2017-12-29,120,5,delta_residual_degree_percentile_1m,ORIGINAL,2851,2782,1247,-0.6061007976531982,4.357099533081055e-05,0.5172739177942276,-0.06934645771980286,-0.01897597312927246,0.011040344834327698,0.06796427965164195,5,PASS,566,551,556,552,557
2017-12-29,120,6,delta_cross_industry_degree_percentile_1m,ORIGINAL,2851,2782,1038,-0.597829058241875,-0.00042434819634862286,0.511369960042219,-0.08555266399424255,-0.022129716712574576,0.015434294060040155,0.07365570732096921,5,PASS,562,552,559,555,554
2017-12-29,120,7,neighbor_jaccard_1m,ORIGINAL,2851,2777,789,0.0,0.45,1.0,0.21766304347826093,0.38235294117647056,0.5151515151515151,0.6666666666666666,5,PASS,556,558,553,578,532
2017-12-29,120,8,neighbor_retention_1m,ORIGINAL,2851,2760,642,0.0,0.6363636363636364,1.0,0.3333333333333333,0.5571059431524551,0.7046944858420268,0.8308319185059425,5,PASS,555,549,552,552,552
2017-12-29,120,9,outside_community_degree_percentile,ORIGINAL,2851,2851,45,0.043493511048754825,0.5082427218519817,0.9998246229393195,0.15187653454928096,0.3995089442300947,0.5985619081024202,0.7835847071203087,5,PASS,618,689,515,479,550
2017-12-29,252,1,residual_degree_percentile,ORIGINAL,2485,2485,150,0.027162978425621986,0.5006036162376404,1.0,0.21247485280036926,0.4002012014389038,0.5947685837745667,0.800000011920929,5,PASS,610,429,457,496,493
2017-12-29,252,2,delta_degree_percentile,ORIGINAL,2485,2485,1166,-0.9509054329246283,0.019315898418426514,0.7734406292438507,-0.20949701666831969,-0.04587525129318237,0.08350101113319397,0.23251506090164192,5,PASS,497,564,450,477,497
2017-12-29,252,3,cross_industry_degree_percentile,ORIGINAL,2485,2485,124,0.03843058350100604,0.504225352112676,1.0,0.21549295774647886,0.3704225352112676,0.5987927565392354,0.796579476861167,5,PASS,647,349,510,484,495
2017-12-29,252,4,cross_industry_degree_ratio,ORIGINAL,2485,2351,568,0.0,0.8095238095238095,1.0,0.5,0.7272727272727273,0.8857142857142857,1.0,4,FEWER_THAN_5_PORTFOLIOS,0,0,0,0,0
2017-12-29,252,5,delta_residual_degree_percentile_1m,ORIGINAL,2485,2398,997,-0.6097019538283348,-0.00016638636589050293,0.4960548188537359,-0.05774525925517082,-0.007657265663146939,0.006417453289031982,0.05430743098258972,5,PASS,480,479,499,466,474
2017-12-29,252,6,delta_cross_industry_degree_percentile_1m,ORIGINAL,2485,2398,841,-0.6528969956194214,0.0020557376317088746,0.5779108684164171,-0.07509479400033575,-0.009738992938312136,0.006278096032008007,0.06147026011390999,5,PASS,496,463,480,480,479
2017-12-29,252,7,neighbor_jaccard_1m,ORIGINAL,2485,2331,633,0.0,0.6,1.0,0.3333333333333333,0.5074626865671642,0.6785714285714286,0.8235294117647058,5,PASS,544,389,466,466,466
2017-12-29,252,8,neighbor_retention_1m,ORIGINAL,2485,2281,490,0.0,0.7954545454545454,1.0,0.5,0.72,0.8478260869565217,0.9565217391304348,5,PASS,562,352,455,459,453
2017-12-29,252,9,outside_community_degree_percentile,ORIGINAL,2485,2485,50,0.13782696177062373,0.5446680080482897,1.0,0.13782696177062373,0.37484909456740445,0.5446680080482897,0.7810865191146882,4,FEWER_THAN_5_PORTFOLIOS,0,0,0,0,0
2018-01-31,60,1,residual_degree_percentile,ORIGINAL,3026,3026,114,0.0003304692800156772,0.4976867139339447,1.0,0.1939854621887207,0.4049900770187378,0.6052544713020325,0.7979180216789246,5,PASS,635,632,590,567,602
2018-01-31,60,2,delta_degree_percentile,ORIGINAL,3026,3026,1430,-0.9218439981341362,0.004543930292129517,0.809980183839798,-0.21414411067962646,-0.05832783132791519,0.07732979953289032,0.23826831579208374,5,PASS,606,631,610,574,605
2018-01-31,60,3,cross_industry_degree_percentile,ORIGINAL,3026,3026,99,0.0004957038995373431,0.4862855254461335,1.0,0.18919365499008592,0.39672835426305353,0.6108724388631858,0.7980832782551223,5,PASS,621,627,633,552,593
2018-01-31,60,4,cross_industry_degree_ratio,ORIGINAL,3026,3025,652,0.0,0.8875,1.0,0.7058823529411765,0.8461538461538461,0.9230769230769231,1.0,4,FEWER_THAN_5_PORTFOLIOS,0,0,0,0,0
2018-01-31,60,5,delta_residual_degree_percentile_1m,ORIGINAL,3026,2916,1776,-0.8203753307461739,-0.0037530362606048584,0.8852564003318548,-0.17795328423380852,-0.04716837406158447,0.03162016719579697,0.166753351688385,5,PASS,584,583,586,580,583
2018-01-31,60,6,delta_cross_industry_degree_percentile_1m,ORIGINAL,3026,2916,1502,-0.8582523527315299,-0.005509954352208524,0.906799501703103,-0.18746611172840388,-0.050740052544061665,0.037774623270553365,0.17872583409008402,5,PASS,584,583,585,583,581
2018-01-31,60,7,neighbor_jaccard_1m,ORIGINAL,3026,2916,898,0.0,0.14285714285714285,0.7560975609756098,0.043478260869565216,0.10526315789473684,0.18518518518518517,0.3125,5,PASS,592,585,575,583,581
2018-01-31,60,8,neighbor_retention_1m,ORIGINAL,3026,2916,683,0.0,0.2564102564102564,0.9,0.08695652173913043,0.2,0.3333333333333333,0.5,5,PASS,587,631,600,545,553
2018-01-31,60,9,outside_community_degree_percentile,ORIGINAL,3026,3026,41,0.005452742894910773,0.5084269662921348,1.0,0.18985459352280237,0.4365499008592201,0.6293787177792465,0.8071711830799736,5,PASS,699,740,556,486,545
2018-01-31,120,1,residual_degree_percentile,ORIGINAL,2901,2901,163,0.001723543624393642,0.49310582876205444,1.0,0.1937263011932373,0.40847983956336975,0.6034126281738281,0.8016201257705688,5,PASS,618,601,555,560,567
2018-01-31,120,2,delta_degree_percentile,ORIGINAL,2901,2901,1416,-0.9326094631105661,0.012926578521728516,0.7576697617769241,-0.1821785569190979,-0.04705274850130081,0.06601172685623169,0.20544642210006714,5,PASS,581,616,544,580,580
2018-01-31,120,3,cross_industry_degree_percentile,ORIGINAL,2901,2901,130,0.003964150293002413,0.5089624267493967,1.0,0.2209582902447432,0.40382626680455014,0.5920372285418821,0.80213719407101,5,PASS,704,532,515,587,563
2018-01-31,120,4,cross_industry_degree_ratio,ORIGINAL,2901,2892,667,0.0,0.8421052631578947,1.0,0.564185277088503,0.7857142857142857,0.8897018970189701,1.0,4,FEWER_THAN_5_PORTFOLIOS,0,0,0,0,0
2018-01-31,120,5,delta_residual_degree_percentile_1m,ORIGINAL,2901,2805,1449,-0.6481049656867981,-0.0006691813468933105,0.7754224166274071,-0.1136695109307766,-0.02410215139389038,0.021172952651977512,0.09598916769027745,5,PASS,561,563,559,561,561
2018-01-31,120,6,delta_cross_industry_degree_percentile_1m,ORIGINAL,2901,2805,1198,-0.766899583846739,-0.0015906052545893168,0.7140410223932506,-0.1267747995315056,-0.0299947489653599,0.021142396863356106,0.1081679039787321,5,PASS,561,561,561,561,561
2018-01-31,120,7,neighbor_jaccard_1m,ORIGINAL,2901,2804,855,0.0,0.3125,1.0,0.11764705882352941,0.25,0.38095238095238093,0.543317230273752,5,PASS,567,593,526,557,561
2018-01-31,120,8,neighbor_retention_1m,ORIGINAL,2901,2785,702,0.0,0.5142857142857142,1.0,0.23076923076923078,0.4375,0.6,0.775,5,PASS,558,559,559,553,556
2018-01-31,120,9,outside_community_degree_percentile,ORIGINAL,2901,2901,40,0.030506721820062047,0.4589796621854533,1.0,0.22388831437435366,0.34298517752499136,0.6340916925198208,0.8073078248879697,5,PASS,824,341,775,475,486
2018-01-31,252,1,residual_degree_percentile,ORIGINAL,2527,2527,153,0.033240996301174164,0.5089038610458374,1.0,0.17570240795612335,0.39513257145881653,0.6009101867675781,0.8005540370941162,5,PASS,534,496,500,502,495
2018-01-31,252,2,delta_degree_percentile,ORIGINAL,2527,2527,1220,-0.9075979366898537,0.01622474193572998,0.7851207256317139,-0.21143647432327264,-0.04930747747421252,0.08638700246810911,0.21349427103996277,5,PASS,506,505,505,506,505
2018-01-31,252,3,cross_industry_degree_percentile,ORIGINAL,2527,2527,129,0.05045508508112386,0.5134546893549664,1.0,0.15334388603086663,0.38702018203403243,0.5995251286110012,0.8015433320142461,5,PASS,520,525,491,499,492
2018-01-31,252,4,cross_industry_degree_ratio,ORIGINAL,2527,2360,611,0.0,0.7894736842105263,1.0,0.461336032388664,0.677747402952433,0.8614470677837014,1.0,4,FEWER_THAN_5_PORTFOLIOS,0,0,0,0,0
2018-01-31,252,5,delta_residual_degree_percentile_1m,ORIGINAL,2527,2449,1060,-0.4220909848809242,-0.0021240711212158203,0.4817408826202154,-0.059386920928955075,-0.016705977916717515,0.006078017875552177,0.04795867204666138,5,PASS,490,490,504,479,486
2018-01-31,252,6,delta_cross_industry_degree_percentile_1m,ORIGINAL,2527,2449,858,-0.558124926846397,-0.0007652563580932137,0.5610945451099951,-0.06883015544792304,-0.017383302585596658,0.012024501580117822,0.04557260460268539,5,PASS,491,489,549,430,490
2018-01-31,252,7,neighbor_jaccard_1m,ORIGINAL,2527,2376,671,0.0,0.5652173913043478,1.0,0.2631578947368421,0.5,0.6521739130434783,0.7916666666666666,5,PASS,478,586,363,475,474
2018-01-31,252,8,neighbor_retention_1m,ORIGINAL,2527,2322,549,0.0,0.75,1.0,0.4238315356959425,0.6666666666666666,0.8087912087912086,0.9205079365079366,5,PASS,465,519,409,464,465
2018-01-31,252,9,outside_community_degree_percentile,ORIGINAL,2527,2527,46,0.15116739216462208,0.5591610605461022,1.0,0.15116739216462208,0.39770478828650574,0.5591610605461022,0.7886822318955283,4,FEWER_THAN_5_PORTFOLIOS,0,0,0,0,0
2018-02-28,60,1,residual_degree_percentile,ORIGINAL,2961,2961,157,0.002364066196605563,0.5109760165214539,1.0,0.19706180691719055,0.39547449350357056,0.5994596481323242,0.7990543842315674,5,PASS,630,577,594,580,580
2018-02-28,60,2,delta_degree_percentile,ORIGINAL,2961,2961,1288,-0.9446133077144623,0.008443057537078857,0.754305973649025,-0.21614322066307068,-0.07784533500671387,0.08578181266784668,0.26950354874134064,5,PASS,593,592,592,616,568
2018-02-28,60,3,cross_industry_degree_percentile,ORIGINAL,2961,2961,140,0.00303951367781155,0.491725768321513,1.0,0.21732522796352582,0.40341100979398853,0.6094224924012158,0.8015873015873016,5,PASS,701,541,594,544,581
2018-02-28,60,4,cross_industry_degree_ratio,ORIGINAL,2961,2948,645,0.0,0.8873214600599542,1.0,0.7142857142857143,0.8421052631578947,0.9240889911775988,1.0,4,FEWER_THAN_5_PORTFOLIOS,0,0,0,0,0
2018-02-28,60,5,delta_residual_degree_percentile_1m,ORIGINAL,2961,2893,1764,-0.8193347752094269,-0.020700082182884216,0.8567592203617096,-0.18005752563476562,-0.06299059004522861,0.016995728015899658,0.1632060632109642,5,PASS,583,574,586,573,577
2018-02-28,60,6,delta_cross_industry_degree_percentile_1m,ORIGINAL,2961,2893,1544,-0.804827931650786,-0.019145342414597505,0.8797913300310961,-0.19330264578538406,-0.0639110931646545,0.03203633353891397,0.17466551845058687,5,PASS,581,585,570,578,579
2018-02-28,60,7,neighbor_jaccard_1m,ORIGINAL,2961,2893,952,0.0,0.16666666666666666,0.8,0.05263157894736842,0.12188529993408041,0.21428571428571427,0.34295681063122924,5,PASS,593,564,594,563,579
2018-02-28,60,8,neighbor_retention_1m,ORIGINAL,2961,2891,740,0.0,0.2653061224489796,1.0,0.09090909090909091,0.2,0.3333333333333333,0.5,5,PASS,589,596,599,533,574
2018-02-28,60,9,outside_community_degree_percentile,ORIGINAL,2961,2961,66,0.022965214454576156,0.4603174603174603,1.0,0.17798041202296522,0.37200270178993583,0.6057075312394461,0.8058088483620398,5,PASS,668,569,652,540,532
2018-02-28,120,1,residual_degree_percentile,ORIGINAL,2854,2854,158,0.0038542395923286676,0.4910651743412018,1.0,0.1862298548221588,0.40469515323638916,0.5916258096694946,0.8011562824249268,5,PASS,580,609,527,580,558
2018-02-28,120,2,delta_degree_percentile,ORIGINAL,2854,2854,1319,-0.9546250756829977,0.005781352519989014,0.7951997071504593,-0.19180097579956054,-0.06110721826553344,0.071128249168396,0.2314295619726181,5,PASS,571,571,571,587,554
2018-02-28,120,3,cross_industry_degree_percentile,ORIGINAL,2854,2854,133,0.006657323055360897,0.49299229152067275,1.0,0.20953048353188508,0.38892782060266295,0.599334267694464,0.801156271899089,5,PASS,663,505,574,556,556
2018-02-28,120,4,cross_industry_degree_ratio,ORIGINAL,2854,2833,641,0.0,0.8518518518518519,1.0,0.5868623853211009,0.7926369075011506,0.9024390243902439,1.0,4,FEWER_THAN_5_PORTFOLIOS,0,0,0,0,0
2018-02-28,120,5,delta_residual_degree_percentile_1m,ORIGINAL,2854,2809,1440,-0.8554317727684975,-0.013231635093688965,0.8161955326795578,-0.10625852346420288,-0.040370531380176544,0.0045501189306378365,0.07913365364074708,5,PASS,562,566,561,558,562
2018-02-28,120,6,delta_cross_industry_degree_percentile_1m,ORIGINAL,2854,2809,1204,-0.8444614826050123,-0.0164844807399136,0.8306934853433572,-0.12919734803768457,-0.050062528277830864,0.007136340149966447,0.09815205205560673,5,PASS,564,560,564,559,562
2018-02-28,120,7,neighbor_jaccard_1m,ORIGINAL,2854,2808,884,0.0,0.39489928525016244,1.0,0.16779661016949146,0.3231092436974789,0.46153846153846156,0.6086956521739131,5,PASS,562,561,569,555,561
2018-02-28,120,8,neighbor_retention_1m,ORIGINAL,2854,2799,679,0.0,0.5454545454545454,1.0,0.2857142857142857,0.4666666666666667,0.62143522833178,0.7610378681626929,5,PASS,569,553,557,560,560
2018-02-28,120,9,outside_community_degree_percentile,ORIGINAL,2854,2854,57,0.038717589348283114,0.47985283812193413,1.0,0.2556061667834618,0.3749124036440084,0.571478626489138,0.7948493342676944,5,PASS,908,323,523,569,531
2018-02-28,252,1,residual_degree_percentile,ORIGINAL,2537,2537,164,0.04059913381934166,0.5061095952987671,1.0,0.19156484305858612,0.40914466977119446,0.6014978170394883,0.8007489442825317,5,PASS,573,504,445,518,497
2018-02-28,252,2,delta_degree_percentile,ORIGINAL,2537,2537,1219,-0.9341742135584354,0.00433582067489624,0.7731572836637497,-0.1940480828285217,-0.0714623689651489,0.08415452241897584,0.2296807289123536,5,PASS,508,507,507,507,508
2018-02-28,252,3,cross_industry_degree_percentile,ORIGINAL,2537,2537,135,0.059322033898305086,0.490145841545132,1.0,0.16968860859282617,0.40618841150965707,0.5920378399684667,0.8007489160425699,5,PASS,560,547,424,510,496
2018-02-28,252,4,cross_industry_degree_ratio,ORIGINAL,2537,2332,614,0.0,0.8125,1.0,0.47291866028708135,0.7241379310344828,0.8789876789876789,1.0,4,FEWER_THAN_5_PORTFOLIOS,0,0,0,0,0
2018-02-28,252,5,delta_residual_degree_percentile_1m,ORIGINAL,2537,2497,1027,-0.5808926373720169,-0.002496182918548584,0.5738940089941025,-0.056664176285266876,-0.019076693058013898,0.007358137518167496,0.04366326332092285,5,PASS,524,475,553,446,499
2018-02-28,252,6,delta_cross_industry_degree_percentile_1m,ORIGINAL,2537,2497,897,-0.5813790487254794,-0.002507487522615426,0.7225051041187185,-0.07356606981220865,-0.02105615677057504,0.008866948817181225,0.04882257819725133,5,PASS,501,507,549,441,499
2018-02-28,252,7,neighbor_jaccard_1m,ORIGINAL,2537,2383,667,0.0,0.6097560975609756,1.0,0.3333333333333333,0.5233954451345757,0.6666666666666666,0.8041773231031544,5,PASS,517,436,494,459,477
2018-02-28,252,8,neighbor_retention_1m,ORIGINAL,2537,2331,549,0.0,0.75,1.0,0.5,0.6666666666666666,0.8125,0.9230769230769231,5,PASS,585,359,471,460,456
2018-02-28,252,9,outside_community_degree_percentile,ORIGINAL,2537,2537,62,0.16554986204178163,0.42274339771383523,1.0,0.16554986204178163,0.42274339771383523,0.5756799369333859,0.788135593220339,4,FEWER_THAN_5_PORTFOLIOS,0,0,0,0,0
2018-03-30,60,1,residual_degree_percentile,ORIGINAL,3008,3008,161,0.0016622340772300959,0.4995013177394867,0.9998337626457214,0.1981382966041565,0.401928186416626,0.603723406791687,0.8021941781044006,5,PASS,644,601,594,586,583
2018-03-30,60,2,delta_degree_percentile,ORIGINAL,3008,3008,1403,-0.9316822104156017,0.0023270845413208008,0.7862366884946823,-0.2377659618854523,-0.07097740471363068,0.0899268388748169,0.28041887283325195,5,PASS,602,633,572,601,600
2018-03-30,60,3,cross_industry_degree_percentile,ORIGINAL,3008,3008,151,0.0031582446808510636,0.4876994680851064,1.0,0.18101728723404256,0.3957779255319149,0.6003989361702128,0.7967087765957447,5,PASS,609,631,594,575,599
2018-03-30,60,4,cross_industry_degree_ratio,ORIGINAL,3008,2999,683,0.0,0.875,1.0,0.6756756756756757,0.8333333333333334,0.9166666666666666,1.0,4,FEWER_THAN_5_PORTFOLIOS,0,0,0,0,0
2018-03-30,60,5,delta_residual_degree_percentile_1m,ORIGINAL,3008,2907,1724,-0.7059481739997864,-0.004567183554172516,0.9246559385210276,-0.15022214651107788,-0.043965315818786606,0.024437427520751953,0.14408665895462036,5,PASS,582,581,582,582,580
2018-03-30,60,6,delta_cross_industry_degree_percentile_1m,ORIGINAL,3008,2907,1512,-0.8568552642688282,-0.006799328774062752,0.9321518279297535,-0.15775656450523473,-0.0483868414387032,0.02527914978047957,0.15329755572441744,5,PASS,585,580,580,584,578
2018-03-30,60,7,neighbor_jaccard_1m,ORIGINAL,3008,2905,937,0.0,0.1875,1.0,0.04878048780487805,0.14285714285714285,0.25,0.3919448860625332,5,PASS,582,619,580,543,581
2018-03-30,60,8,neighbor_retention_1m,ORIGINAL,3008,2893,736,0.0,0.3333333333333333,1.0,0.1,0.25,0.4,0.5925925925925926,5,PASS,595,586,582,554,576
2018-03-30,60,9,outside_community_degree_percentile,ORIGINAL,3008,3008,48,0.030252659574468085,0.5392287234042553,1.0,0.21742021276595744,0.4428191489361702,0.6150265957446809,0.8096742021276596,5,PASS,818,673,456,539,522
2018-03-30,120,1,residual_degree_percentile,ORIGINAL,2901,2901,165,0.004653567913919687,0.5067217946052551,1.0,0.20027576386928558,0.4046880304813385,0.6037573218345642,0.8007583618164062,5,PASS,637,575,566,555,568
2018-03-30,120,2,delta_degree_percentile,ORIGINAL,2901,2901,1326,-0.915029302239418,-0.007066547870635986,0.7833505868911743,-0.2092381715774536,-0.08445363491773605,0.08221304416656494,0.24543261528015137,5,PASS,581,581,579,580,580
2018-03-30,120,3,cross_industry_degree_percentile,ORIGINAL,2901,2901,140,0.008790072388831437,0.48793519476042746,1.0,0.22475008617718029,0.3905549810410203,0.6070320579110652,0.8009307135470527,5,PASS,725,458,607,543,568
2018-03-30,120,4,cross_industry_degree_ratio,ORIGINAL,2901,2875,712,0.0,0.8461538461538461,1.0,0.5785425101214576,0.7882284382284382,0.8994495412844036,1.0,4,FEWER_THAN_5_PORTFOLIOS,0,0,0,0,0
2018-03-30,120,5,delta_residual_degree_percentile_1m,ORIGINAL,2901,2808,1481,-0.7300681620836258,-0.002624213695526123,0.8398038372397423,-0.10150232911109924,-0.0280364513397217,0.013730716705322266,0.08908911943435668,5,PASS,563,560,562,561,562
2018-03-30,120,6,delta_cross_industry_degree_percentile_1m,ORIGINAL,2901,2808,1243,-0.7247944127716635,-0.0030897568849347357,0.8601457294164566,-0.12013642445504258,-0.03359496894360425,0.015839148330312608,0.10671253200996106,5,PASS,563,563,568,554,560
2018-03-30,120,7,neighbor_jaccard_1m,ORIGINAL,2901,2805,904,0.0,0.35294117647058826,1.0,0.14285714285714285,0.2857142857142857,0.4206937799043061,0.5833333333333334,5,PASS,580,568,535,562,560
2018-03-30,120,8,neighbor_retention_1m,ORIGINAL,2901,2788,707,0.0,0.5,1.0,0.25,0.44921620822241937,0.6,0.7748591549295775,5,PASS,576,539,570,545,558
2018-03-30,120,9,outside_community_degree_percentile,ORIGINAL,2901,2901,58,0.04153740089624267,0.4867287142364702,1.0,0.14701826956221992,0.38521199586349536,0.572733540158566,0.8057566356428818,5,PASS,612,663,499,592,535
2018-03-30,252,1,residual_degree_percentile,ORIGINAL,2566,2566,155,0.04442712292075157,0.5031176805496216,1.0,0.20089633762836456,0.3908807337284088,0.5980124473571777,0.8020265102386475,5,PASS,601,437,511,515,502
2018-03-30,252,2,delta_degree_percentile,ORIGINAL,2566,2566,1190,-0.9450506903231144,0.008963361382484436,0.7757209539413452,-0.18511298298835754,-0.06391270458698273,0.0927513837814331,0.22700700163841248,5,PASS,514,519,510,520,503
2018-03-30,252,3,cross_industry_degree_percentile,ORIGINAL,2566,2566,135,0.06586126266562743,0.5075993764614185,1.0,0.1833593141075604,0.40471551052221355,0.5982073265783321,0.8024162120031177,5,PASS,603,495,465,502,501
2018-03-30,252,4,cross_industry_degree_ratio,ORIGINAL,2566,2339,623,0.0,0.8,1.0,0.42857142857142855,0.7037037037037037,0.8666666666666667,1.0,4,FEWER_THAN_5_PORTFOLIOS,0,0,0,0,0
2018-03-30,252,5,delta_residual_degree_percentile_1m,ORIGINAL,2566,2470,1083,-0.406513974070549,-0.0012437403202056885,0.7061760947108269,-0.06354457139968872,-0.017644476890563966,0.003827989101409912,0.04172280430793762,5,PASS,534,454,504,491,487
2018-03-30,252,6,delta_cross_industry_degree_percentile_1m,ORIGINAL,2566,2470,892,-0.6288569084025634,0.0005061489027091692,0.7052139635038223,-0.07522586222734395,-0.012574612799929663,0.006539228767322346,0.039057106806788755,5,PASS,496,499,551,438,486
2018-03-30,252,7,neighbor_jaccard_1m,ORIGINAL,2566,2333,669,0.0,0.625,1.0,0.3333333333333333,0.5308823529411766,0.7,0.8461538461538461,5,PASS,542,391,478,458,464
2018-03-30,252,8,neighbor_retention_1m,ORIGINAL,2566,2264,528,0.0,0.8,1.0,0.5,0.7232891246684351,0.8571428571428571,0.95,5,PASS,512,394,474,433,451
2018-03-30,252,9,outside_community_degree_percentile,ORIGINAL,2566,2566,54,0.16738113795791115,0.4323850350740452,1.0,0.16738113795791115,0.4323850350740452,0.5888542478565861,0.7850740452065471,4,FEWER_THAN_5_PORTFOLIOS,0,0,0,0,0
2018-04-27,60,1,residual_degree_percentile,ORIGINAL,3025,3025,200,0.001818181830458343,0.4928925633430481,1.0,0.21669422090053558,0.4095867872238159,0.5955371856689453,0.7973553538322449,5,PASS,711,574,538,601,601
2018-04-27,60,2,delta_degree_percentile,ORIGINAL,3025,3025,1419,-0.9082644749432802,0.013388440012931824,0.791404977440834,-0.25586777925491333,-0.061983466148376465,0.08528925478458405,0.28535536527633676,5,PASS,608,637,603,572,605
2018-04-27,60,3,cross_industry_degree_percentile,ORIGINAL,3025,3025,180,0.0036363636363636364,0.4909090909090909,1.0,0.2028099173553719,0.4013223140495868,0.6004958677685951,0.7988429752066115,5,PASS,679,578,597,575,596
2018-04-27,60,4,cross_industry_degree_ratio,ORIGINAL,3025,3015,630,0.0,0.8888888888888888,1.0,0.7058823529411765,0.8571428571428571,0.9285714285714286,1.0,4,FEWER_THAN_5_PORTFOLIOS,0,0,0,0,0
2018-04-27,60,5,delta_residual_degree_percentile_1m,ORIGINAL,3025,2955,1630,-0.7826788686215878,-0.00016433000564575195,0.7910266369581223,-0.13009712696075434,-0.025349950790405223,0.025698065757751465,0.1260547637939453,5,PASS,591,591,592,598,583
2018-04-27,60,6,delta_cross_industry_degree_percentile_1m,ORIGINAL,3025,2955,1429,-0.8356564862845085,9.693159838231047e-05,0.762107602866186,-0.14445022639352909,-0.02851959512924214,0.031747758044663205,0.13787088974854955,5,PASS,592,605,576,591,591
2018-04-27,60,7,neighbor_jaccard_1m,ORIGINAL,3025,2955,911,0.0,0.21951219512195122,1.0,0.07692307692307693,0.16666666666666666,0.2737399844921168,0.4179130434782616,5,PASS,605,588,580,591,591
2018-04-27,60,8,neighbor_retention_1m,ORIGINAL,3025,2946,784,0.0,0.35,1.0,0.13953488372093023,0.2857142857142857,0.42857142857142855,0.625,5,PASS,591,625,554,602,574
2018-04-27,60,9,outside_community_degree_percentile,ORIGINAL,3025,3025,42,0.03322314049586777,0.5039669421487604,1.0,0.25355371900826446,0.3852892561983471,0.6034710743801653,0.7973553719008264,5,PASS,968,394,602,504,557
2018-04-27,120,1,residual_degree_percentile,ORIGINAL,2942,2942,171,0.005098572466522455,0.49575120210647583,1.0,0.1961250901222229,0.40465670824050903,0.5967029333114624,0.801155686378479,5,PASS,633,594,544,596,575
2018-04-27,120,2,delta_degree_percentile,ORIGINAL,2942,2942,1425,-0.9473147802054882,0.01495581865310669,0.7865397930145264,-0.23116927146911617,-0.06254249066114426,0.08361658453941345,0.24864038825035095,5,PASS,589,616,571,583,583
2018-04-27,120,3,cross_industry_degree_percentile,ORIGINAL,2942,2942,146,0.009177430319510536,0.5100271923861319,0.9998300475866757,0.21397008837525494,0.41536369816451396,0.5943235893949694,0.7991162474507137,5,PASS,696,571,515,582,578
2018-04-27,120,4,cross_industry_degree_ratio,ORIGINAL,2942,2913,692,0.0,0.8571428571428571,1.0,0.6,0.8,0.9090909090909091,1.0,4,FEWER_THAN_5_PORTFOLIOS,0,0,0,0,0
2018-04-27,120,5,delta_residual_degree_percentile_1m,ORIGINAL,2942,2866,1425,-0.554133415222168,-0.0019687414169311523,0.559290699660778,-0.07975700497627258,-0.01934671401977539,0.01606130599975586,0.07120836526155472,5,PASS,577,572,571,581,565
2018-04-27,120,6,delta_cross_industry_degree_percentile_1m,ORIGINAL,2942,2866,1194,-0.6478570178219798,-0.0032974048893334995,0.6426940615193757,-0.09280860511073441,-0.023163441847451338,0.016295571676331888,0.08378443074201891,5,PASS,579,568,573,573,573
2018-04-27,120,7,neighbor_jaccard_1m,ORIGINAL,2942,2860,886,0.0,0.4,1.0,0.18181818181818182,0.3333333333333333,0.48,0.64,5,PASS,590,612,516,571,571
2018-04-27,120,8,neighbor_retention_1m,ORIGINAL,2942,2839,720,0.0,0.5833333333333334,1.0,0.3076923076923077,0.5,0.6666666666666666,0.8205128205128205,5,PASS,577,658,515,522,567
2018-04-27,120,9,outside_community_degree_percentile,ORIGINAL,2942,2942,73,0.05030591434398368,0.508837525492862,1.0,0.167912984364378,0.41026512576478585,0.5941536369816451,0.7950373895309314,5,PASS,692,667,502,516,565
2018-04-27,252,1,residual_degree_percentile,ORIGINAL,2593,2593,164,0.035480137914419174,0.5013498067855835,1.0,0.17797917127609253,0.40532201528549194,0.6006556153297424,0.7999614596366879,5,PASS,543,541,483,507,519
2018-04-27,252,2,delta_degree_percentile,ORIGINAL,2593,2593,1225,-0.9402236975729465,0.010605454444885254,0.766101062297821,-0.20362514257431033,-0.062283098697662444,0.09390664100646973,0.2387196123600006,5,PASS,519,518,520,518,518
2018-04-27,252,3,cross_industry_degree_percentile,ORIGINAL,2593,2593,141,0.05553413035094485,0.4961434631700733,1.0,0.16660239105283456,0.3852680293096799,0.6025838796760509,0.8019668337832626,5,PASS,576,488,527,495,507
2018-04-27,252,4,cross_industry_degree_ratio,ORIGINAL,2593,2410,629,0.0,0.7941176470588235,1.0,0.42857142857142855,0.6954400848356309,0.8571428571428571,1.0,4,FEWER_THAN_5_PORTFOLIOS,0,0,0,0,0
2018-04-27,252,5,delta_residual_degree_percentile_1m,ORIGINAL,2593,2537,1178,-0.6548939980566502,0.0034710168838500977,0.5425916016101837,-0.060185134410858154,-0.008946985006332397,0.020923078060150143,0.0641343854367733,5,PASS,522,576,424,534,481
2018-04-27,252,6,delta_cross_industry_degree_percentile_1m,ORIGINAL,2593,2537,1008,-0.699337264816631,-0.00048236769117893097,0.5118479544573961,-0.07401747735599679,-0.010327132314682581,0.01991668317392678,0.0784995366444643,5,PASS,523,673,326,533,482
2018-04-27,252,7,neighbor_jaccard_1m,ORIGINAL,2593,2416,758,0.0,0.5166852057842046,1.0,0.23469387755102042,0.45454545454545453,0.6190476190476191,0.7818181818181819,5,PASS,484,492,474,484,482
2018-04-27,252,8,neighbor_retention_1m,ORIGINAL,2593,2314,610,0.0,0.8,1.0,0.4082142857142858,0.6666666666666666,0.868421052631579,0.9811320754716981,5,PASS,463,465,462,462,462
2018-04-27,252,9,outside_community_degree_percentile,ORIGINAL,2593,2593,53,0.16023910528345545,0.414577709217123,1.0,0.16023910528345545,0.414577709217123,0.5649826455842654,0.8015040493636678,4,FEWER_THAN_5_PORTFOLIOS,0,0,0,0,0
2018-05-31,60,1,residual_degree_percentile,ORIGINAL,3097,3097,162,0.0012915724655613303,0.4896674156188965,1.0,0.21698418259620667,0.3927994966506958,0.6065547466278076,0.8007749319076538,5,PASS,725,523,653,588,608
2018-05-31,60,2,delta_degree_percentile,ORIGINAL,3097,3097,1508,-0.9505973346531391,0.005489185452461243,0.7912495881319046,-0.2510494232177734,-0.05431061983108515,0.08259605169296264,0.2699386477470398,5,PASS,620,619,619,620,619
2018-05-31,60,3,cross_industry_degree_percentile,ORIGINAL,3097,3097,133,0.00048433968356474005,0.5054891830804004,1.0,0.1947045527930255,0.412980303519535,0.6030029060381014,0.7946399741685503,5,PASS,662,668,562,586,619
2018-05-31,60,4,cross_industry_degree_ratio,ORIGINAL,3097,3097,700,0.0,0.875,1.0,0.6805555555555556,0.8333333333333334,0.9090909090909091,1.0,4,FEWER_THAN_5_PORTFOLIOS,0,0,0,0,0
2018-05-31,60,5,delta_residual_degree_percentile_1m,ORIGINAL,3097,2968,1713,-0.8886638768017292,0.01024278998374939,0.7914313673973083,-0.1568702831864357,-0.027335917949676516,0.05476080179214478,0.17437219619750977,5,PASS,595,592,594,596,591
2018-05-31,60,6,delta_cross_industry_degree_percentile_1m,ORIGINAL,3097,2968,1495,-0.943916880372101,0.011657989469948227,0.7615103926220256,-0.16858809244883752,-0.02888297659425143,0.05420031648863066,0.18936863987276412,5,PASS,594,601,586,593,594
2018-05-31,60,7,neighbor_jaccard_1m,ORIGINAL,3097,2968,883,0.0,0.15789473684210525,0.8,0.04,0.11538461538461539,0.20689655172413793,0.3333333333333333,5,PASS,597,593,595,596,587
2018-05-31,60,8,neighbor_retention_1m,ORIGINAL,3097,2958,723,0.0,0.3333333333333333,1.0,0.08333333333333333,0.25,0.42857142857142855,0.6158508158508158,5,PASS,604,622,566,574,592
2018-05-31,60,9,outside_community_degree_percentile,ORIGINAL,3097,3097,45,0.007749434937035841,0.5329350984824023,1.0,0.17662253793994187,0.36083306425573136,0.6059089441394898,0.8031966419115273,5,PASS,686,560,731,563,557
2018-05-31,120,1,residual_degree_percentile,ORIGINAL,2966,2966,182,0.004551584832370281,0.5052258968353271,1.0,0.19571813941001892,0.39143627882003784,0.5950775742530823,0.8012474775314331,5,PASS,634,563,588,599,582
2018-05-31,120,2,delta_degree_percentile,ORIGINAL,2966,2966,1433,-0.9420094229280949,0.00775456428527832,0.7953472584486008,-0.21712744235992432,-0.06405933201313019,0.08412003517150879,0.2612946778535843,5,PASS,594,630,556,604,582
2018-05-31,120,3,cross_industry_degree_percentile,ORIGINAL,2966,2966,158,0.009103169251517195,0.5042144302090358,1.0,0.177006068779501,0.4108226567768038,0.6018206338503035,0.7965273095077545,5,PASS,605,665,540,567,589
2018-05-31,120,4,cross_industry_degree_ratio,ORIGINAL,2966,2940,710,0.0,0.8412653975363942,1.0,0.5714285714285714,0.7777777777777778,0.8888888888888888,1.0,4,FEWER_THAN_5_PORTFOLIOS,0,0,0,0,0
2018-05-31,120,5,delta_residual_degree_percentile_1m,ORIGINAL,2966,2888,1455,-0.4954783022403717,-0.0011922121047973633,0.619311401154846,-0.08090549707412721,-0.01890184823423624,0.01817643642425537,0.08802872896194458,5,PASS,578,585,571,579,575
2018-05-31,120,6,delta_cross_industry_degree_percentile_1m,ORIGINAL,2966,2888,1187,-0.5661958346875282,-0.0005848632106543739,0.5433617022837113,-0.0887172225627128,-0.022021844672433066,0.021133920668092943,0.10303883624655225,5,PASS,589,572,573,578,576
2018-05-31,120,7,neighbor_jaccard_1m,ORIGINAL,2966,2885,880,0.0,0.38095238095238093,1.0,0.17178571428571432,0.3253488372093024,0.4523809523809524,0.6,5,PASS,577,577,578,589,564
2018-05-31,120,8,neighbor_retention_1m,ORIGINAL,2966,2856,704,0.0,0.5714285714285714,1.0,0.30434782608695654,0.5,0.6578947368421053,0.7916666666666666,5,PASS,575,673,467,572,569
2018-05-31,120,9,outside_community_degree_percentile,ORIGINAL,2966,2966,46,0.0547875927174646,0.45296695886716115,1.0,0.17852326365475388,0.45296695886716115,0.5689480782198246,0.7821982467970331,5,PASS,734,797,312,549,574
2018-05-31,252,1,residual_degree_percentile,ORIGINAL,2630,2630,172,0.03403041884303093,0.5026615858078003,1.0,0.22053231298923492,0.40513306856155396,0.5935361385345459,0.800000011920929,5,PASS,649,449,483,527,522
2018-05-31,252,2,delta_degree_percentile,ORIGINAL,2630,2630,1254,-0.9425855465233326,0.01730036735534668,0.7667300552129745,-0.21216729283332825,-0.06262359619140623,0.07661597430706024,0.24102661609649678,5,PASS,527,525,530,522,526
2018-05-31,252,3,cross_industry_degree_percentile,ORIGINAL,2630,2630,149,0.05209125475285171,0.50893536121673,1.0,0.15817490494296577,0.3866920152091255,0.6114068441064638,0.8041825095057035,5,PASS,558,529,552,489,502
2018-05-31,252,4,cross_industry_degree_ratio,ORIGINAL,2630,2452,655,0.0,0.7707420848454511,1.0,0.40967805648824807,0.6666666666666666,0.8529411764705882,1.0,4,FEWER_THAN_5_PORTFOLIOS,0,0,0,0,0
2018-05-31,252,5,delta_residual_degree_percentile_1m,ORIGINAL,2630,2560,1129,-0.5582852959632874,0.0003896057605743408,0.4432270862162113,-0.06639401614665985,-0.0058999136090278625,0.015705275535583495,0.06269344687461853,5,PASS,521,528,487,519,505
2018-05-31,252,6,delta_cross_industry_degree_percentile_1m,ORIGINAL,2630,2560,917,-0.6040695994920515,-0.0014572723580157376,0.5847284074262529,-0.07594518145519014,-0.007105999040998068,0.010979897618478477,0.07083864279230861,5,PASS,531,513,492,517,507
2018-05-31,252,7,neighbor_jaccard_1m,ORIGINAL,2630,2460,712,0.0,0.5333333333333333,1.0,0.25,0.46710144927536235,0.6153846153846154,0.7767320261437909,5,PASS,530,454,494,490,492
2018-05-31,252,8,neighbor_retention_1m,ORIGINAL,2630,2376,563,0.0,0.7703296703296704,1.0,0.4444444444444444,0.6666666666666666,0.8382352941176471,0.9587628865979382,5,PASS,482,491,453,475,475
2018-05-31,252,9,outside_community_degree_percentile,ORIGINAL,2630,2630,54,0.14752851711026616,0.5180608365019012,1.0,0.14752851711026616,0.376425855513308,0.629467680608365,0.8093155893536121,4,FEWER_THAN_5_PORTFOLIOS,0,0,0,0,0
2018-06-29,60,1,residual_degree_percentile,ORIGINAL,3080,3080,156,0.0006493506371043622,0.5,1.0,0.2092532515525818,0.39951297640800476,0.5939934849739075,0.7983766198158264,5,PASS,687,592,576,615,610
2018-06-29,60,2,delta_degree_percentile,ORIGINAL,3080,3080,1324,-0.9698051996529102,-0.0017857104539871216,0.7659090608358383,-0.23837661743164054,-0.06847400665283199,0.06233765184879303,0.2661363601684571,5,PASS,616,616,622,610,616
2018-06-29,60,3,cross_industry_degree_percentile,ORIGINAL,3080,3080,140,0.0008116883116883117,0.5027597402597402,1.0,0.21623376623376622,0.4061688311688312,0.6079545454545454,0.7959415584415584,5,PASS,727,567,615,556,615
2018-06-29,60,4,cross_industry_degree_ratio,ORIGINAL,3080,3077,662,0.0,0.8888888888888888,1.0,0.6923076923076923,0.8421052631578947,0.9230769230769231,1.0,4,FEWER_THAN_5_PORTFOLIOS,0,0,0,0,0
2018-06-29,60,5,delta_residual_degree_percentile_1m,ORIGINAL,3080,3007,1750,-0.8567643836140633,-0.00832146406173706,0.8939701728522778,-0.1537696123123169,-0.04169159531593322,0.024895265698432922,0.14360752105712893,5,PASS,602,601,608,594,602
2018-06-29,60,6,delta_cross_industry_degree_percentile_1m,ORIGINAL,3080,3007,1536,-0.9114693628941288,-0.012298139380799988,0.910086321492521,-0.16812798518885053,-0.05391224855222271,0.023360478720504563,0.16790763159991454,5,PASS,603,604,599,599,602
2018-06-29,60,7,neighbor_jaccard_1m,ORIGINAL,3080,3007,958,0.0,0.18181818181818182,0.75,0.05263157894736842,0.13636363636363635,0.24512899499422408,0.37777777777777777,5,PASS,607,597,600,603,600
2018-06-29,60,8,neighbor_retention_1m,ORIGINAL,3080,3007,758,0.0,0.3333333333333333,1.0,0.1,0.25,0.4117647058823529,0.5714285714285714,5,PASS,603,648,563,603,590
2018-06-29,60,9,outside_community_degree_percentile,ORIGINAL,3080,3080,61,0.012662337662337663,0.46655844155844156,1.0,0.20909090909090908,0.38165584415584414,0.6058441558441559,0.8118506493506493,5,PASS,777,529,653,589,532
2018-06-29,120,1,residual_degree_percentile,ORIGINAL,2972,2972,189,0.004374159034341574,0.5023553371429443,1.0,0.21164199709892273,0.4096567928791046,0.6058210134506226,0.8026581406593323,5,PASS,697,560,564,574,577
2018-06-29,120,2,delta_degree_percentile,ORIGINAL,2972,2972,1342,-0.9761103861965239,0.00403769314289093,0.7796096652746201,-0.24377521872520447,-0.07614401578903174,0.08411844074726105,0.27708613872528076,5,PASS,596,593,611,578,594
2018-06-29,120,3,cross_industry_degree_percentile,ORIGINAL,2972,2972,167,0.009925975773889636,0.49310228802153433,1.0,0.19229475100942126,0.39131897711978464,0.5935397039030955,0.7981157469717362,5,PASS,651,573,572,588,588
2018-06-29,120,4,cross_industry_degree_ratio,ORIGINAL,2972,2947,712,0.0,0.8461538461538461,1.0,0.5714285714285714,0.7777777777777778,0.8947368421052632,1.0,4,FEWER_THAN_5_PORTFOLIOS,0,0,0,0,0
2018-06-29,120,5,delta_residual_degree_percentile_1m,ORIGINAL,2972,2909,1429,-0.5381073229946196,-0.005310118198394775,0.7662787884473801,-0.08977404236793518,-0.027577463537454605,0.01011417806148529,0.06583154201507568,5,PASS,583,585,585,575,581
2018-06-29,120,6,delta_cross_industry_degree_percentile_1m,ORIGINAL,2972,2909,1169,-0.5918946580764138,-0.004937633239523009,0.8177293534893895,-0.09729616224796228,-0.031443052667785354,0.01209125131934924,0.07215524259235899,5,PASS,589,576,580,590,574
2018-06-29,120,7,neighbor_jaccard_1m,ORIGINAL,2972,2906,839,0.0,0.45454545454545453,1.0,0.2222222222222222,0.3870967741935484,0.5172413793103449,0.6486486486486487,5,PASS,598,565,581,583,579
2018-06-29,120,8,neighbor_retention_1m,ORIGINAL,2972,2881,701,0.0,0.6190476190476191,1.0,0.3333333333333333,0.5384615384615384,0.6875,0.8181818181818182,5,PASS,583,583,565,582,568
2018-06-29,120,9,outside_community_degree_percentile,ORIGINAL,2972,2972,47,0.06796769851951548,0.5001682368775235,1.0,0.21567967698519516,0.3674293405114401,0.6056527590847914,0.7918909825033648,5,PASS,878,427,627,486,554
2018-06-29,252,1,residual_degree_percentile,ORIGINAL,2647,2647,171,0.03456743434071541,0.5034000873565674,1.0,0.21703815460205078,0.4038534164428711,0.6037023067474365,0.8014733791351318,5,PASS,640,467,510,511,519
2018-06-29,252,2,delta_degree_percentile,ORIGINAL,2647,2647,1237,-0.9437098316848278,0.015489235520362854,0.7703060060739517,-0.22194936871528625,-0.05300341844558714,0.09108422994613644,0.2583679795265198,5,PASS,535,524,529,529,530
2018-06-29,252,3,cross_industry_degree_percentile,ORIGINAL,2647,2647,143,0.05307895731016245,0.5103891197582169,1.0,0.1533811862485833,0.38005289006422366,0.5933131847374387,0.7984510766905931,5,PASS,531,545,531,515,525
2018-06-29,252,4,cross_industry_degree_ratio,ORIGINAL,2647,2465,645,0.0,0.7835820895522388,1.0,0.4,0.6666666666666666,0.8571428571428571,1.0,4,FEWER_THAN_5_PORTFOLIOS,0,0,0,0,0
2018-06-29,252,5,delta_residual_degree_percentile_1m,ORIGINAL,2647,2595,1120,-0.35987821221351624,-0.000799715518951416,0.6397512145340443,-0.055628642439842224,-0.00767749547958374,0.002251291275024412,0.05125868320465088,5,PASS,550,489,518,528,510
2018-06-29,252,6,delta_cross_industry_degree_percentile_1m,ORIGINAL,2647,2595,881,-0.5102290274807121,-0.0019838083431850118,0.7286038718055162,-0.07839415020376028,-0.008952182038350293,0.0025217586161821685,0.061831961284817716,5,PASS,521,517,519,558,480
2018-06-29,252,7,neighbor_jaccard_1m,ORIGINAL,2647,2494,673,0.0,0.6153846153846154,1.0,0.3076923076923077,0.5238095238095238,0.6764705882352942,0.8173298799152343,5,PASS,501,499,497,498,499
2018-06-29,252,8,neighbor_retention_1m,ORIGINAL,2647,2416,556,0.0,0.8,1.0,0.5,0.7205882352941176,0.8571428571428571,0.9459459459459459,5,PASS,577,390,498,468,483
2018-06-29,252,9,outside_community_degree_percentile,ORIGINAL,2647,2647,56,0.14318095957687949,0.5194559879108425,1.0,0.14318095957687949,0.370608235738572,0.6275028333962976,0.8071401586701926,4,FEWER_THAN_5_PORTFOLIOS,0,0,0,0,0
2018-07-31,60,1,residual_degree_percentile,ORIGINAL,3166,3166,153,0.00031585595570504665,0.49178773164749146,1.0,0.19662034511566162,0.4009791612625122,0.6017056107521057,0.8018003702163696,5,PASS,671,647,612,614,622
2018-07-31,60,2,delta_degree_percentile,ORIGINAL,3166,3166,1333,-0.9385660011321306,-0.005764365196228027,0.7594756782054901,-0.22678458876907825,-0.08070117235183716,0.07248890399932861,0.2730574607849121,5,PASS,643,624,634,632,633
2018-07-31,60,3,cross_industry_degree_percentile,ORIGINAL,3166,3166,129,0.0006317119393556538,0.5086860391661402,1.0,0.20356917245735945,0.39024005053695515,0.6075489576753,0.8022741629816803,5,PASS,705,584,667,602,608
2018-07-31,60,4,cross_industry_degree_ratio,ORIGINAL,3166,3165,730,0.0,0.875,1.0,0.681624758220503,0.8275862068965517,0.9130434782608695,1.0,4,FEWER_THAN_5_PORTFOLIOS,0,0,0,0,0
2018-07-31,60,5,delta_residual_degree_percentile_1m,ORIGINAL,3166,3071,1869,-0.8583965376019478,0.0022970326244831085,0.8681761808693409,-0.16599225997924805,-0.03420822322368622,0.04554152488708496,0.16559219360351562,5,PASS,615,622,606,614,614
2018-07-31,60,6,delta_cross_industry_degree_percentile_1m,ORIGINAL,3166,3071,1596,-0.9043916285861959,0.004906227695235965,0.89658034637504,-0.18723439384367996,-0.03965520423985365,0.047255539785546086,0.18649479863156426,5,PASS,615,615,614,613,614
2018-07-31,60,7,neighbor_jaccard_1m,ORIGINAL,3166,3071,951,0.0,0.14285714285714285,0.7441860465116279,0.041666666666666664,0.10416666666666667,0.19230769230769232,0.31932773109243695,5,PASS,623,606,615,613,614
2018-07-31,60,8,neighbor_retention_1m,ORIGINAL,3166,3068,760,0.0,0.2727272727272727,1.0,0.07692307692307693,0.2,0.34375,0.5253132832080198,5,PASS,617,631,594,612,614
2018-07-31,60,9,outside_community_degree_percentile,ORIGINAL,3166,3166,57,0.011686670878079595,0.5020530638029059,1.0,0.17940619077700568,0.4229311433986102,0.5702779532533165,0.7969046114971573,5,PASS,699,774,432,665,596
2018-07-31,120,1,residual_degree_percentile,ORIGINAL,3020,3020,208,0.00827814545482397,0.5003311038017273,1.0,0.19884106516838074,0.4048013389110565,0.5990065932273865,0.8026490211486816,5,PASS,656,611,563,602,588
2018-07-31,120,2,delta_degree_percentile,ORIGINAL,3020,3020,1334,-0.9566225269809365,-0.00976821780204773,0.7458609342575073,-0.2202648639678955,-0.07499997615814187,0.06274837255477905,0.2625828146934511,5,PASS,604,604,607,601,604
2018-07-31,120,3,cross_industry_degree_percentile,ORIGINAL,3020,3020,182,0.012913907284768211,0.48841059602649006,1.0,0.22764900662251655,0.4150662251655629,0.5913907284768212,0.8016556291390728,5,PASS,774,540,505,617,584
2018-07-31,120,4,cross_industry_degree_ratio,ORIGINAL,3020,2971,724,0.0,0.8518518518518519,1.0,0.5714285714285714,0.7910447761194029,0.9,1.0,4,FEWER_THAN_5_PORTFOLIOS,0,0,0,0,0
2018-07-31,120,5,delta_residual_degree_percentile_1m,ORIGINAL,3020,2955,1402,-0.6085809469223022,-0.002135366201400757,0.6991771068423986,-0.08170181512832635,-0.016391605138778687,0.017867863178253174,0.07780644893646263,5,PASS,591,594,592,587,591
2018-07-31,120,6,delta_cross_industry_degree_percentile_1m,ORIGINAL,3020,2955,1145,-0.5902025973099926,-0.001653178005757927,0.7814647527029316,-0.09401210414196959,-0.0214050787482285,0.022699544534864065,0.08816882514951915,5,PASS,592,601,580,595,587
2018-07-31,120,7,neighbor_jaccard_1m,ORIGINAL,3020,2946,862,0.0,0.42105263157894735,1.0,0.2,0.35294117647058826,0.4875,0.620253164556962,5,PASS,602,578,588,589,589
2018-07-31,120,8,neighbor_retention_1m,ORIGINAL,3020,2930,717,0.0,0.5905365126676603,1.0,0.3333333333333333,0.5,0.6666666666666666,0.8,5,PASS,706,520,605,541,558
2018-07-31,120,9,outside_community_degree_percentile,ORIGINAL,3020,3020,43,0.07880794701986756,0.5091059602649006,1.0,0.23658940397350994,0.38658940397350994,0.6052980132450331,0.7925496688741722,5,PASS,953,428,581,484,574
2018-07-31,252,1,residual_degree_percentile,ORIGINAL,2695,2695,165,0.026530612260103226,0.4996289312839508,1.0,0.19962894916534424,0.3846011161804199,0.5988868474960327,0.798701286315918,5,PASS,609,474,554,522,536
2018-07-31,252,2,delta_degree_percentile,ORIGINAL,2695,2695,1307,-0.959183644503355,0.005009278655052185,0.7512059062719345,-0.22285717725753776,-0.048423007130622864,0.08998145163059235,0.24378478527069092,5,PASS,539,610,488,520,538
2018-07-31,252,3,cross_industry_degree_percentile,ORIGINAL,2695,2695,138,0.04341372912801484,0.4883116883116883,1.0,0.22244897959183674,0.4090909090909091,0.601669758812616,0.8035250463821892,5,PASS,708,444,495,529,519
2018-07-31,252,4,cross_industry_degree_ratio,ORIGINAL,2695,2553,670,0.0,0.7735849056603774,1.0,0.4166666666666667,0.6666666666666666,0.849245283018868,1.0,4,FEWER_THAN_5_PORTFOLIOS,0,0,0,0,0
2018-07-31,252,5,delta_residual_degree_percentile_1m,ORIGINAL,2695,2614,1122,-0.4109455794095993,-0.003771156072616577,0.4650614969432354,-0.05387712717056274,-0.017239175736904144,0.009690195322036743,0.04596814513206482,5,PASS,523,545,502,522,522
2018-07-31,252,6,delta_cross_industry_degree_percentile_1m,ORIGINAL,2695,2614,878,-0.48004440915013535,-0.008079227157428925,0.6763034148645892,-0.06796415306858394,-0.01773120829195096,0.0100657656337941,0.06252529380059191,5,PASS,528,520,520,525,521
2018-07-31,252,7,neighbor_jaccard_1m,ORIGINAL,2695,2530,684,0.0,0.6190476190476191,1.0,0.3333333333333333,0.5384615384615384,0.6923076923076923,0.808695652173913,5,PASS,551,465,509,500,505
2018-07-31,252,8,neighbor_retention_1m,ORIGINAL,2695,2434,527,0.0,0.8333333333333334,1.0,0.531547619047619,0.75,0.8792058516196447,0.9615384615384616,5,PASS,487,489,484,488,486
2018-07-31,252,9,outside_community_degree_percentile,ORIGINAL,2695,2695,57,0.12820037105751392,0.49313543599257886,1.0,0.12820037105751392,0.3411873840445269,0.6083487940630797,0.7946196660482375,4,FEWER_THAN_5_PORTFOLIOS,0,0,0,0,0
2018-08-31,60,1,residual_degree_percentile,ORIGINAL,3263,3263,149,0.0006129328976385295,0.4958626925945282,1.0,0.2045663446187973,0.4082132875919342,0.5994483828544617,0.8004903197288513,5,PASS,716,654,606,646,641
2018-08-31,60,2,delta_degree_percentile,ORIGINAL,3263,3263,1344,-0.9762488261330873,-0.009194016456604004,0.7395035326480865,-0.23086116909980767,-0.07155990600585938,0.07661664485931396,0.2689243257045746,5,PASS,653,692,617,664,637
2018-08-31,60,3,cross_industry_degree_percentile,ORIGINAL,3263,3263,122,0.0007661661048115232,0.503524364082133,1.0,0.2056389825314128,0.39595464296659516,0.5992951271835734,0.8007968127490039,5,PASS,715,623,647,641,637
2018-08-31,60,4,cross_industry_degree_ratio,ORIGINAL,3263,3260,749,0.0,0.8888888888888888,1.0,0.7142857142857143,0.851063829787234,0.9230769230769231,1.0,4,FEWER_THAN_5_PORTFOLIOS,0,0,0,0,0
2018-08-31,60,5,delta_residual_degree_percentile_1m,ORIGINAL,3263,3159,1919,-0.7749395370483398,0.004103656858205795,0.8708692416548729,-0.14324086904525757,-0.02703484296798705,0.038981638848781586,0.152810299396515,5,PASS,633,631,636,627,632
2018-08-31,60,6,delta_cross_industry_degree_percentile_1m,ORIGINAL,3263,3159,1609,-0.8964120194473576,0.0023567714660576167,0.8919923590539924,-0.16185411422970353,-0.036189505063472224,0.042309357254881524,0.16789438775342286,5,PASS,634,630,633,632,630
2018-08-31,60,7,neighbor_jaccard_1m,ORIGINAL,3263,3159,1043,0.0,0.18840579710144928,0.7596153846153846,0.05555555555555555,0.13793103448275862,0.24324324324324326,0.368201754385965,5,PASS,638,628,631,630,632
2018-08-31,60,8,neighbor_retention_1m,ORIGINAL,3263,3158,801,0.0,0.34307036247334755,1.0,0.1079220779220781,0.2631578947368421,0.42857142857142855,0.5833333333333334,5,PASS,632,635,636,626,629
2018-08-31,60,9,outside_community_degree_percentile,ORIGINAL,3263,3263,67,0.00827459393196445,0.5078148942690776,1.0,0.16150781489426908,0.38231688630095007,0.6187557462457861,0.7983450812136071,5,PASS,657,696,757,529,624
2018-08-31,120,1,residual_degree_percentile,ORIGINAL,3102,3102,167,0.0033849128521978855,0.49242424964904785,1.0,0.19487427175045013,0.39941972494125366,0.6050934791564941,0.8009348511695862,5,PASS,668,613,617,594,610
2018-08-31,120,2,delta_degree_percentile,ORIGINAL,3102,3102,1396,-0.9284332767128944,-0.010799497365951538,0.7414571046829224,-0.21434558629989622,-0.0785299897193907,0.06544164419174195,0.26112186908721924,5,PASS,621,620,620,621,620
2018-08-31,120,3,cross_industry_degree_percentile,ORIGINAL,3102,3102,134,0.005802707930367505,0.5099935525467441,1.0,0.18488072211476467,0.3894261766602192,0.6031592520954223,0.8023855577047067,5,PASS,653,601,643,601,604
2018-08-31,120,4,cross_industry_degree_ratio,ORIGINAL,3102,3082,755,0.0,0.8461538461538461,1.0,0.6153846153846154,0.7839393350184718,0.8947368421052632,1.0,4,FEWER_THAN_5_PORTFOLIOS,0,0,0,0,0
2018-08-31,120,5,delta_residual_degree_percentile_1m,ORIGINAL,3102,3014,1546,-0.8314031735062599,0.008312761783599854,0.6369507173076272,-0.08045686781406403,-0.010538494586944579,0.031048083305358874,0.09387332201004028,5,PASS,608,598,602,606,600
2018-08-31,120,6,delta_cross_industry_degree_percentile_1m,ORIGINAL,3102,3014,1279,-0.8338035490881763,0.0046886008172467575,0.7141176809663494,-0.09558285404417574,-0.01509952989099112,0.031043740206062306,0.10913734356386184,5,PASS,611,595,605,601,602
2018-08-31,120,7,neighbor_jaccard_1m,ORIGINAL,3102,3008,930,0.0,0.36700680272108843,1.0,0.16,0.3023255813953488,0.42857142857142855,0.5572082878953108,5,PASS,603,601,629,573,602
2018-08-31,120,8,neighbor_retention_1m,ORIGINAL,3102,2966,748,0.0,0.631578947368421,1.0,0.3333333333333333,0.5351351351351351,0.7105263157894737,0.8571428571428571,5,PASS,644,543,593,611,575
2018-08-31,120,9,outside_community_degree_percentile,ORIGINAL,3102,3102,60,0.03981302385557705,0.4655061250805932,1.0,0.25354609929078015,0.3678272082527402,0.6154094132817537,0.8012572533849129,5,PASS,973,335,693,526,575
2018-08-31,252,1,residual_degree_percentile,ORIGINAL,2774,2774,168,0.023071376606822014,0.492249459028244,1.0,0.22007930278778076,0.39059120416641235,0.596971869468689,0.7979452013969421,5,PASS,667,453,553,547,554
2018-08-31,252,2,delta_degree_percentile,ORIGINAL,2774,2774,1309,-0.9423215705901384,0.003334552049636841,0.7703676968812943,-0.21557319164276123,-0.06777217984199524,0.07678443193435669,0.255984115600586,5,PASS,560,591,515,553,555
2018-08-31,252,3,cross_industry_degree_percentile,ORIGINAL,2774,2774,141,0.03550829127613554,0.49026676279740444,1.0,0.196647440519106,0.417267483777938,0.5928262436914203,0.7995674116798847,5,PASS,657,558,456,559,544
2018-08-31,252,4,cross_industry_degree_ratio,ORIGINAL,2774,2647,706,0.0,0.7857142857142857,1.0,0.4334591194968554,0.6666666666666666,0.8571428571428571,1.0,4,FEWER_THAN_5_PORTFOLIOS,0,0,0,0,0
2018-08-31,252,5,delta_residual_degree_percentile_1m,ORIGINAL,2774,2693,1173,-0.5804964900016785,0.0003508925437927246,0.4263515844941139,-0.05421179533004761,-0.010202139616012573,0.014466524124145508,0.04935258999466896,5,PASS,546,583,488,575,501
2018-08-31,252,6,delta_cross_industry_degree_percentile_1m,ORIGINAL,2774,2693,925,-0.5857471244380298,-0.004557025012272731,0.5199670141373716,-0.07104420453375032,-0.020039419844755116,0.010629473523695341,0.06232462048200024,5,PASS,549,528,539,556,521
2018-08-31,252,7,neighbor_jaccard_1m,ORIGINAL,2774,2611,725,0.0,0.6363636363636364,1.0,0.375,0.5625,0.6923076923076923,0.8,5,PASS,535,515,521,559,481
2018-08-31,252,8,neighbor_retention_1m,ORIGINAL,2774,2552,583,0.0,0.8181818181818182,1.0,0.5714285714285714,0.7567567567567568,0.875,0.9642857142857143,5,PASS,515,508,540,482,507
2018-08-31,252,9,outside_community_degree_percentile,ORIGINAL,2774,2774,69,0.11625811103100216,0.46341023792357605,1.0,0.11625811103100216,0.46341023792357605,0.5800288392213411,0.8026315789473685,4,FEWER_THAN_5_PORTFOLIOS,0,0,0,0,0
2018-09-28,60,1,residual_degree_percentile,ORIGINAL,3334,3334,137,0.0002999400021508336,0.502249538898468,1.0,0.20200960338115692,0.39712056517601013,0.6084282994270325,0.7987402677536011,5,PASS,716,649,693,618,658
2018-09-28,60,2,delta_degree_percentile,ORIGINAL,3334,3334,1548,-0.9503599554300308,0.016121745109558105,0.787942424416542,-0.24154167771339416,-0.05173969268798828,0.08725255131721496,0.2597480416297913,5,PASS,667,669,664,667,667
2018-09-28,60,3,cross_industry_degree_percentile,ORIGINAL,3334,3334,113,0.0005998800239952009,0.48965206958608276,1.0,0.21535692861427713,0.40656868626274745,0.5970305938812237,0.8044391121775645,5,PASS,776,630,618,673,637
2018-09-28,60,4,cross_industry_degree_ratio,ORIGINAL,3334,3333,802,0.0,0.8787878787878788,1.0,0.6869402985074627,0.8333333333333334,0.9131934032983506,0.9811965811965815,5,PASS,667,679,654,666,667
2018-09-28,60,5,delta_residual_degree_percentile_1m,ORIGINAL,3334,3243,2013,-0.8662700969725847,0.019602298736572266,0.6572172241285443,-0.15805351734161377,-0.022147560119628904,0.06129932403564453,0.16633060574531555,5,PASS,650,647,650,648,648
2018-09-28,60,6,delta_cross_industry_degree_percentile_1m,ORIGINAL,3334,3243,1725,-0.9154944064818664,0.016931673426271,0.7436196793739628,-0.18059771435231803,-0.02248915831298956,0.06963213547912542,0.18860895304849545,5,PASS,650,649,652,645,647
2018-09-28,60,7,neighbor_jaccard_1m,ORIGINAL,3334,3243,1063,0.0,0.2,0.7407407407407407,0.06451612903225806,0.15204216073781304,0.25,0.375,5,PASS,653,644,671,636,639
2018-09-28,60,8,neighbor_retention_1m,ORIGINAL,3334,3240,901,0.0,0.35714285714285715,1.0,0.125,0.28103070175438605,0.4444444444444444,0.6363636363636364,5,PASS,679,617,661,647,636
2018-09-28,60,9,outside_community_degree_percentile,ORIGINAL,3334,3334,60,0.008398320335932814,0.5139472105578884,1.0,0.1925614877024595,0.38947210557888423,0.611127774445111,0.8051889622075585,5,PASS,752,658,700,616,608
2018-09-28,120,1,residual_degree_percentile,ORIGINAL,3146,3146,168,0.0036554355174303055,0.508582353591919,1.0,0.21153846383094788,0.4006675183773041,0.5996503233909607,0.7995867729187012,5,PASS,710,582,618,609,627
2018-09-28,120,2,delta_degree_percentile,ORIGINAL,3146,3146,1382,-0.9661474730819464,-0.0028607845306396484,0.7601716369390488,-0.21074379794299603,-0.06849968433380127,0.06675142049789429,0.23823904991149902,5,PASS,643,693,555,626,629
2018-09-28,120,3,cross_industry_degree_percentile,ORIGINAL,3146,3146,134,0.00540368722186904,0.5116020343293071,1.0,0.20788302606484424,0.39748887476160205,0.604100445009536,0.7965670692943421,5,PASS,723,582,628,587,626
2018-09-28,120,4,cross_industry_degree_ratio,ORIGINAL,3146,3124,771,0.0,0.8442887931034483,1.0,0.6039603960396039,0.7894736842105263,0.8928571428571429,1.0,4,FEWER_THAN_5_PORTFOLIOS,0,0,0,0,0
2018-09-28,120,5,delta_residual_degree_percentile_1m,ORIGINAL,3146,3093,1546,-0.6397226303815842,0.007349193096160889,0.5173461437225342,-0.07809758186340332,-0.0094191431999206,0.024157702922821045,0.08555454015731834,5,PASS,620,617,621,616,619
2018-09-28,120,6,delta_cross_industry_degree_percentile_1m,ORIGINAL,3146,3093,1292,-0.7389773347220155,0.007420207130071743,0.5509946211106752,-0.09395810507996194,-0.01373149738720342,0.02819971775484348,0.09863250869053575,5,PASS,622,615,629,613,614
2018-09-28,120,7,neighbor_jaccard_1m,ORIGINAL,3146,3090,961,0.0,0.44562647754137114,1.0,0.23529411764705882,0.38461538461538464,0.5,0.6328201938526928,5,PASS,620,618,659,575,618
2018-09-28,120,8,neighbor_retention_1m,ORIGINAL,3146,3073,783,0.0,0.6666666666666666,1.0,0.38461538461538464,0.5909090909090909,0.7284702177906058,0.8452037617554862,5,PASS,620,610,614,614,615
2018-09-28,120,9,outside_community_degree_percentile,ORIGINAL,3146,3146,61,0.03194532739987285,0.4828353464717101,1.0,0.2058169103623649,0.3949459631277813,0.614907819453274,0.7897329942784488,5,PASS,804,579,638,512,613
2018-09-28,252,1,residual_degree_percentile,ORIGINAL,2834,2834,178,0.02381792478263378,0.4987649917602539,1.0,0.18330980837345123,0.3936132788658142,0.5949188470840454,0.801164448261261,5,PASS,586,566,551,572,559
2018-09-28,252,2,delta_degree_percentile,ORIGINAL,2834,2834,1323,-0.9483062941581011,-0.0012350082397460938,0.7542342990636826,-0.2199364900588989,-0.06580805778503418,0.06721948087215424,0.24657726287841802,5,PASS,567,615,524,561,567
2018-09-28,252,3,cross_industry_degree_percentile,ORIGINAL,2834,2834,155,0.03669724770642202,0.49417784050811575,1.0,0.19830628087508823,0.42113620324629497,0.5984474241354976,0.7969301340860974,5,PASS,668,585,476,539,566
2018-09-28,252,4,cross_industry_degree_ratio,ORIGINAL,2834,2700,719,0.0,0.7857142857142857,1.0,0.4444444444444444,0.6764705882352942,0.85,1.0,4,FEWER_THAN_5_PORTFOLIOS,0,0,0,0,0
2018-09-28,252,5,delta_residual_degree_percentile_1m,ORIGINAL,2834,2772,1069,-0.5280926544219255,0.0029805973172187805,0.580962248146534,-0.03676949441432953,-0.0016963124275207488,0.006148815155029297,0.04006620645523074,5,PASS,580,529,556,552,555
2018-09-28,252,6,delta_cross_industry_degree_percentile_1m,ORIGINAL,2834,2772,852,-0.6175925864680553,0.0016588403559822384,0.6600870620882792,-0.04837812452458271,2.7958983992438107e-05,0.0038687194683569848,0.04906025758899435,5,PASS,555,554,568,542,553
2018-09-28,252,7,neighbor_jaccard_1m,ORIGINAL,2834,2683,647,0.0,0.7368421052631579,1.0,0.5,0.675,0.78125,0.8597474995900967,5,PASS,586,488,538,534,537
2018-09-28,252,8,neighbor_retention_1m,ORIGINAL,2834,2646,536,0.0,0.868421052631579,1.0,0.6666666666666666,0.8222222222222222,0.9090909090909091,0.9782608695652174,5,PASS,597,462,556,502,529
2018-09-28,252,9,outside_community_degree_percentile,ORIGINAL,2834,2834,74,0.11750176429075512,0.463302752293578,1.0,0.11750176429075512,0.3181016231474947,0.5735709244883557,0.7925194071983063,4,FEWER_THAN_5_PORTFOLIOS,0,0,0,0,0
2018-10-31,60,1,residual_degree_percentile,ORIGINAL,3359,3359,136,0.00029770765104331076,0.4977671802043915,1.0,0.2055671364068985,0.3990771174430847,0.5991366505622864,0.8014289736747742,5,PASS,725,643,666,669,656
2018-10-31,60,2,delta_degree_percentile,ORIGINAL,3359,3359,1289,-0.9330157926306129,-0.00044655799865722656,0.7338493466377258,-0.23384935595095158,-0.07862455844879147,0.07561776041984558,0.2653468489646913,5,PASS,685,659,676,667,672
2018-10-31,60,3,cross_industry_degree_percentile,ORIGINAL,3359,3359,118,0.00044656147662994937,0.5026793688597797,1.0,0.2070556713307532,0.4032450133968443,0.6019648704971717,0.8008335814230426,5,PASS,746,646,659,656,652
2018-10-31,60,4,cross_industry_degree_ratio,ORIGINAL,3359,3358,753,0.0,0.9,1.0,0.7241379310344828,0.8571428571428571,0.9269179600886918,1.0,4,FEWER_THAN_5_PORTFOLIOS,0,0,0,0,0
2018-10-31,60,5,delta_residual_degree_percentile_1m,ORIGINAL,3359,3310,2130,-0.8860362032428384,-0.001474231481552124,0.9212497398257256,-0.18490996360778808,-0.04695165157318115,0.045332198031246655,0.18754792213439941,5,PASS,662,663,661,664,660
2018-10-31,60,6,delta_cross_industry_degree_percentile_1m,ORIGINAL,3359,3310,1876,-0.9223039732631026,-0.006167745313694035,0.9098786970798755,-0.2052729079072545,-0.05650765351544153,0.048626312248714276,0.2026384541490034,5,PASS,663,661,663,662,661
2018-10-31,60,7,neighbor_jaccard_1m,ORIGINAL,3359,3310,1082,0.0,0.12698412698412698,0.75,0.03508771929824561,0.0945945945945946,0.16705202312138714,0.2992523364485984,5,PASS,667,658,661,662,662
2018-10-31,60,8,neighbor_retention_1m,ORIGINAL,3359,3309,840,0.0,0.2413793103448276,1.0,0.07142857142857142,0.17647058823529413,0.3142857142857143,0.4832035595105674,5,PASS,675,656,655,661,662
2018-10-31,60,9,outside_community_degree_percentile,ORIGINAL,3359,3359,58,0.006251860672819291,0.5083358142304257,1.0,0.18368562072045252,0.3855314081571896,0.6074724620422745,0.809467103304555,5,PASS,740,663,705,650,601
2018-10-31,120,1,residual_degree_percentile,ORIGINAL,3207,3207,152,0.0014031805330887437,0.49485501646995544,1.0,0.20159026980400085,0.4106641709804535,0.5971312522888184,0.7987215518951416,5,PASS,686,665,587,632,637
2018-10-31,120,2,delta_degree_percentile,ORIGINAL,3207,3207,1307,-0.910975981503725,-0.007639586925506592,0.7416588962078094,-0.2342375874519348,-0.08200809359550476,0.07402558326721187,0.2511693239212036,5,PASS,642,692,590,642,641
2018-10-31,120,3,cross_industry_degree_percentile,ORIGINAL,3207,3207,127,0.0026504521359526035,0.49236046149048956,1.0,0.20860617399438727,0.40770190208917995,0.6058621764889305,0.7980979108200811,5,PASS,731,631,607,603,635
2018-10-31,120,4,cross_industry_degree_ratio,ORIGINAL,3207,3199,789,0.0,0.8484848484848485,1.0,0.6153846153846154,0.7926947637292465,0.896551724137931,1.0,4,FEWER_THAN_5_PORTFOLIOS,0,0,0,0,0
2018-10-31,120,5,delta_residual_degree_percentile_1m,ORIGINAL,3207,3137,1726,-0.7345554456114769,-0.003072202205657959,0.7217600271105766,-0.09642707705497741,-0.023657968267798424,0.023846685886383057,0.10024750232696533,5,PASS,628,631,624,627,627
2018-10-31,120,6,delta_cross_industry_degree_percentile_1m,ORIGINAL,3207,3137,1464,-0.8007588196592363,-0.003837263170539784,0.7607152464283173,-0.11190139338791438,-0.028554431649932984,0.022190065794964187,0.12028474544419782,5,PASS,630,625,628,629,625
2018-10-31,120,7,neighbor_jaccard_1m,ORIGINAL,3207,3135,1081,0.0,0.336734693877551,1.0,0.15384615384615385,0.2828547990155866,0.4,0.5309413580246914,5,PASS,641,613,641,613,627
2018-10-31,120,8,neighbor_retention_1m,ORIGINAL,3207,3116,819,0.0,0.5470224056603774,1.0,0.2857142857142857,0.4838709677419355,0.6111111111111112,0.7411764705882353,5,PASS,630,617,623,623,623
2018-10-31,120,9,outside_community_degree_percentile,ORIGINAL,3207,3207,61,0.023386342376052385,0.5084190832553789,1.0,0.16573121297162458,0.43327096975366386,0.5728094792641097,0.8002806361085126,5,PASS,675,845,413,673,601
2018-10-31,252,1,residual_degree_percentile,ORIGINAL,2899,2899,178,0.020696792751550674,0.5020696520805359,1.0,0.1790272444486618,0.40117281675338745,0.6024491190910339,0.7992411255836487,5,PASS,591,601,578,554,575
2018-10-31,252,2,delta_degree_percentile,ORIGINAL,2899,2899,1283,-0.919627457857132,0.004484310746192932,0.7435322254896164,-0.21196963787078854,-0.08002763986587524,0.07813037931919098,0.24732667207717896,5,PASS,580,581,618,542,578
2018-10-31,252,3,cross_industry_degree_percentile,ORIGINAL,2899,2899,153,0.03259744739565367,0.4920662297343912,1.0,0.18092445670921006,0.3984132459468782,0.5888237323214902,0.7990686443601241,5,PASS,626,577,540,585,571
2018-10-31,252,4,cross_industry_degree_ratio,ORIGINAL,2899,2780,741,0.0,0.7900856793145654,1.0,0.48118518518518527,0.7079268292682929,0.8571428571428571,1.0,4,FEWER_THAN_5_PORTFOLIOS,0,0,0,0,0
2018-10-31,252,5,delta_residual_degree_percentile_1m,ORIGINAL,2899,2830,1259,-0.4967325031757355,-0.003121132031083107,0.5892976522445679,-0.05287791490554809,-0.008494704961776733,0.007796430587768547,0.04790404438972473,5,PASS,566,625,507,585,547
2018-10-31,252,6,delta_cross_industry_degree_percentile_1m,ORIGINAL,2899,2830,1002,-0.5327311537353911,-0.004099800310768349,0.6602672228006494,-0.07600058229506539,-0.017381824165878162,0.00830292634916816,0.06395197964498987,5,PASS,566,572,560,587,545
2018-10-31,252,7,neighbor_jaccard_1m,ORIGINAL,2899,2756,763,0.0,0.6042811355311355,1.0,0.3333333333333333,0.5263157894736842,0.6666666666666666,0.7851239669421488,5,PASS,554,552,565,534,551
2018-10-31,252,8,neighbor_retention_1m,ORIGINAL,2899,2696,610,0.0,0.8,1.0,0.5,0.7297297297297297,0.8470588235294118,0.9375,5,PASS,553,526,539,546,532
2018-10-31,252,9,outside_community_degree_percentile,ORIGINAL,2899,2899,77,0.10848568471886857,0.5451879958606416,1.0,0.10848568471886857,0.43773715074163505,0.628147637116247,0.808037254225595,4,FEWER_THAN_5_PORTFOLIOS,0,0,0,0,0
2018-11-30,60,1,residual_degree_percentile,ORIGINAL,3374,3374,131,0.0004445761733222753,0.5016301274299622,1.0,0.19872555136680603,0.40041494369506836,0.6021043062210083,0.8026081919670105,5,PASS,709,677,668,670,650
2018-11-30,60,2,delta_degree_percentile,ORIGINAL,3374,3374,1455,-0.9599881618050858,0.011781275272369385,0.7698577344417572,-0.2740070968866348,-0.0720806121826171,0.1071428656578064,0.2937166392803192,5,PASS,678,672,710,645,669
2018-11-30,60,3,cross_industry_degree_percentile,ORIGINAL,3374,3374,112,0.00044457617071724955,0.508298755186722,1.0,0.20628334321280378,0.3897451096621221,0.5935091879075282,0.8026081802015412,5,PASS,746,606,680,695,647
2018-11-30,60,4,cross_industry_degree_ratio,ORIGINAL,3374,3372,700,0.09090909090909091,0.9,1.0,0.7437090041741204,0.8658974358974361,0.9259259259259259,0.9771670190274843,5,PASS,675,674,681,667,675
2018-11-30,60,5,delta_residual_degree_percentile_1m,ORIGINAL,3374,3330,2143,-0.7556311264634132,-0.0007227063179016113,0.9048090865835547,-0.17159079313278194,-0.04594548344612121,0.03788803406059741,0.16730228066444397,5,PASS,666,666,666,667,665
2018-11-30,60,6,delta_cross_industry_degree_percentile_1m,ORIGINAL,3374,3330,1907,-0.8113977030098826,-0.006220448721489469,0.9376772767885269,-0.18472989163053252,-0.05719692805233734,0.044755942373539984,0.184783362536448,5,PASS,666,667,670,663,664
2018-11-30,60,7,neighbor_jaccard_1m,ORIGINAL,3374,3330,1156,0.0,0.15,0.7205882352941176,0.041666666666666664,0.1111111111111111,0.2,0.3382805429864254,5,PASS,677,687,645,655,666
2018-11-30,60,8,neighbor_retention_1m,ORIGINAL,3374,3329,924,0.0,0.2727272727272727,1.0,0.08333333333333333,0.2,0.35,0.5344827586206896,5,PASS,670,685,644,665,665
2018-11-30,60,9,outside_community_degree_percentile,ORIGINAL,3374,3374,57,0.002963841138114997,0.4890337877889745,1.0,0.23162418494368703,0.3657379964433906,0.5942501481920569,0.7938648488441019,5,PASS,896,456,725,643,654
2018-11-30,120,1,residual_degree_percentile,ORIGINAL,3273,3273,157,0.0013748854398727417,0.49801406264305115,1.0,0.1888176053762436,0.41093796491622925,0.5963947176933289,0.8029330968856812,5,PASS,660,726,590,662,635
2018-11-30,120,2,delta_degree_percentile,ORIGINAL,3273,3273,1356,-0.9233119711279869,-0.00916588306427002,0.7438130080699921,-0.2329667005687952,-0.09058967232704163,0.084784597158432,0.2726856470108032,5,PASS,695,621,688,615,654
2018-11-30,120,3,cross_industry_degree_percentile,ORIGINAL,3273,3273,129,0.0021387106630003055,0.5079437824625725,0.9998472349526428,0.18576229758631224,0.4040635502597006,0.5924228536510846,0.8030858539566147,5,PASS,671,697,603,671,631
2018-11-30,120,4,cross_industry_degree_ratio,ORIGINAL,3273,3265,821,0.0,0.8604651162790697,1.0,0.6497297297297299,0.8095238095238095,0.9032258064516129,1.0,4,FEWER_THAN_5_PORTFOLIOS,0,0,0,0,0
2018-11-30,120,5,delta_residual_degree_percentile_1m,ORIGINAL,3273,3198,1724,-0.5619952902197838,-0.00022935867309570312,0.7268748171627522,-0.09198187589645385,-0.019535204395651817,0.019164955615997313,0.09228137508034706,5,PASS,640,640,639,642,637
2018-11-30,120,6,delta_cross_industry_degree_percentile_1m,ORIGINAL,3273,3198,1473,-0.6438870973412022,-0.002575427206240266,0.7603806636319439,-0.10133492929221904,-0.027236793254444214,0.018911569758751273,0.10169264815708767,5,PASS,640,639,651,629,639
2018-11-30,120,7,neighbor_jaccard_1m,ORIGINAL,3273,3197,1088,0.0,0.35714285714285715,1.0,0.14752436647173492,0.2928511354079058,0.4230769230769231,0.5652173913043478,5,PASS,640,639,643,640,635
2018-11-30,120,8,neighbor_retention_1m,ORIGINAL,3273,3190,853,0.0,0.5454545454545454,1.0,0.260547504025765,0.4701080432172871,0.6206896551724138,0.7619047619047619,5,PASS,638,638,641,636,637
2018-11-30,120,9,outside_community_degree_percentile,ORIGINAL,3273,3273,59,0.01573479987778796,0.4995417048579285,1.0,0.2399938893981057,0.4217842957531317,0.6179346165597311,0.8020164986251146,5,PASS,941,574,593,560,605
2018-11-30,252,1,residual_degree_percentile,ORIGINAL,2953,2953,179,0.020995598286390305,0.5045716166496277,1.0,0.22011514008045197,0.40602776408195496,0.5976972579956055,0.7998645305633545,5,PASS,716,520,547,584,586
2018-11-30,252,2,delta_degree_percentile,ORIGINAL,2953,2953,1329,-0.9688452668488026,0.008973926305770874,0.76075179874897,-0.22224857807159426,-0.08330509066581726,0.08327124118804935,0.25618015229701996,5,PASS,591,593,588,614,567
2018-11-30,252,3,cross_industry_degree_percentile,ORIGINAL,2953,2953,156,0.034710463934981374,0.5143921435827972,1.0,0.18252624449712157,0.3953606501862513,0.6041313918049441,0.802912292583813,5,PASS,640,580,593,573,567
2018-11-30,252,4,cross_industry_degree_ratio,ORIGINAL,2953,2830,739,0.0,0.8,1.0,0.47754409769335143,0.7089496910856135,0.8571428571428571,1.0,4,FEWER_THAN_5_PORTFOLIOS,0,0,0,0,0
2018-11-30,252,5,delta_residual_degree_percentile_1m,ORIGINAL,2953,2894,1265,-0.5036092549562454,-0.0007788464426994324,0.5925007164478302,-0.053900256752967834,-0.0078109800815582275,0.005818426609039307,0.04889345541596413,5,PASS,588,571,581,600,554
2018-11-30,252,6,delta_cross_industry_degree_percentile_1m,ORIGINAL,2953,2894,1024,-0.5434175312037607,0.0015488426418863166,0.6399356855190323,-0.0691770239209265,-0.005398933060397621,0.003321847964903063,0.066620412914901,5,PASS,583,575,591,597,548
2018-11-30,252,7,neighbor_jaccard_1m,ORIGINAL,2953,2830,821,0.0,0.6,1.0,0.3333333333333333,0.5159274193548388,0.6666666666666666,0.7946500346500347,5,PASS,610,522,603,529,566
2018-11-30,252,8,neighbor_retention_1m,ORIGINAL,2953,2775,648,0.0,0.7777777777777778,1.0,0.5,0.702472685451409,0.8333333333333334,0.9333333333333333,5,PASS,628,482,582,529,554
2018-11-30,252,9,outside_community_degree_percentile,ORIGINAL,2953,2953,83,0.1296986115814426,0.5010159160176092,1.0,0.1296986115814426,0.348120555367423,0.6087030138841856,0.8073145953267863,4,FEWER_THAN_5_PORTFOLIOS,0,0,0,0,0
2018-12-28,60,1,residual_degree_percentile,ORIGINAL,3426,3426,129,0.00029188557527959347,0.49284881353378296,1.0,0.2068009376525879,0.3949211835861206,0.5993870496749878,0.7981611490249634,5,PASS,743,641,694,672,676
2018-12-28,60,2,delta_degree_percentile,ORIGINAL,3426,3426,1437,-0.9611792284995317,0.0037945061922073364,0.7720373719930649,-0.292907178401947,-0.08274960517883301,0.10595445334911346,0.30502045154571533,5,PASS,686,686,689,680,685
2018-12-28,60,3,cross_industry_degree_percentile,ORIGINAL,3426,3426,113,0.00043782837127845885,0.5071511967308815,1.0,0.19264448336252188,0.3927320490367776,0.5917980151780502,0.7949503794512551,5,PASS,704,679,678,684,681
2018-12-28,60,4,cross_industry_degree_ratio,ORIGINAL,3426,3425,724,0.0,0.896551724137931,1.0,0.7399452054794521,0.8571428571428571,0.9259259259259259,0.9798383838383838,5,PASS,685,704,667,684,685
2018-12-28,60,5,delta_residual_degree_percentile_1m,ORIGINAL,3426,3368,1973,-0.7815518379211426,-0.0010276436805725098,0.7657441645860672,-0.12665486335754392,-0.028490328788757298,0.02699035406112671,0.12905961275100708,5,PASS,674,673,675,673,673
2018-12-28,60,6,delta_cross_industry_degree_percentile_1m,ORIGINAL,3426,3368,1778,-0.769102414639472,0.0003052946694805936,0.7928640982811798,-0.14153415891794363,-0.03550718017766437,0.02904399945879186,0.13440500499856217,5,PASS,674,674,673,675,672
2018-12-28,60,7,neighbor_jaccard_1m,ORIGINAL,3426,3368,1159,0.0,0.3,0.9107142857142857,0.125,0.2455478318437604,0.358974358974359,0.48536796536796567,5,PASS,684,663,677,670,674
2018-12-28,60,8,neighbor_retention_1m,ORIGINAL,3426,3366,885,0.0,0.48,1.0,0.2222222222222222,0.40625,0.5517241379310345,0.6857142857142857,5,PASS,684,665,674,670,673
2018-12-28,60,9,outside_community_degree_percentile,ORIGINAL,3426,3426,61,0.002918855808523059,0.5215995329830706,1.0,0.19892002335084646,0.4010507880910683,0.6205487448920023,0.8021015761821366,5,PASS,807,672,729,581,637
2018-12-28,120,1,residual_degree_percentile,ORIGINAL,3343,3343,138,0.0005982650327496231,0.5049356818199158,1.0,0.2116362601518631,0.4029315114021301,0.596769392490387,0.8033203482627869,5,PASS,746,633,639,682,643
2018-12-28,120,2,delta_degree_percentile,ORIGINAL,3343,3343,1445,-0.9445108957588673,0.013760089874267578,0.7720610201358795,-0.22593482732772827,-0.07687705755233765,0.08540233969688416,0.2648519158363344,5,PASS,669,669,675,661,669
2018-12-28,120,3,cross_industry_degree_percentile,ORIGINAL,3343,3343,116,0.0013460963206700569,0.5023930601256357,1.0,0.1996709542327251,0.4083158839365839,0.599461561471732,0.7971881543523781,5,PASS,725,688,622,646,662
2018-12-28,120,4,cross_industry_degree_ratio,ORIGINAL,3343,3340,820,0.0,0.8571428571428571,1.0,0.6388888888888888,0.8,0.9,0.9828170660432496,5,PASS,670,711,646,645,668
2018-12-28,120,5,delta_residual_degree_percentile_1m,ORIGINAL,3343,3271,1799,-0.6760801747441292,0.006625473499298096,0.689285347238183,-0.08042043447494507,-0.013221025466918945,0.030381500720977783,0.0936468243598938,5,PASS,657,652,654,656,652
2018-12-28,120,6,delta_cross_industry_degree_percentile_1m,ORIGINAL,3343,3271,1533,-0.7743459640735725,0.011272762700359595,0.676337612673933,-0.09479091752158886,-0.014354796388365579,0.03737246312001337,0.10723635645445806,5,PASS,655,671,645,646,654
2018-12-28,120,7,neighbor_jaccard_1m,ORIGINAL,3343,3270,1093,0.0,0.4,1.0,0.19298245614035087,0.3333333333333333,0.45714285714285713,0.5806451612903226,5,PASS,655,654,654,654,653
2018-12-28,120,8,neighbor_retention_1m,ORIGINAL,3343,3263,914,0.0,0.6097560975609756,1.0,0.3333333333333333,0.5294117647058824,0.6793962264150942,0.8046659597030755,5,PASS,669,641,648,652,653
2018-12-28,120,9,outside_community_degree_percentile,ORIGINAL,3343,3343,59,0.013760095722405025,0.517648818426563,1.0,0.19503440023930602,0.37286868082560576,0.5773257553096022,0.7983846844151959,5,PASS,792,595,633,693,630
2018-12-28,252,1,residual_degree_percentile,ORIGINAL,3008,3008,189,0.02227393537759781,0.49966755509376526,1.0,0.2121010571718216,0.40142953395843506,0.5939162373542786,0.799035906791687,5,PASS,705,535,567,600,601
2018-12-28,252,2,delta_degree_percentile,ORIGINAL,3008,3008,1358,-0.9519614204764366,-0.0008311271667480469,0.7438497394323349,-0.2168550252914429,-0.06452790498733525,0.07972074747085574,0.25016622245311737,5,PASS,602,601,602,603,600
2018-12-28,252,3,cross_industry_degree_percentile,ORIGINAL,3008,3008,167,0.0339095744680851,0.4875332446808511,1.0,0.18168218085106383,0.39345079787234044,0.5997340425531915,0.8003989361702122,5,PASS,655,585,587,579,602
2018-12-28,252,4,cross_industry_degree_ratio,ORIGINAL,3008,2875,794,0.0,0.8,1.0,0.4683333333333335,0.7079268292682929,0.8571428571428571,1.0,4,FEWER_THAN_5_PORTFOLIOS,0,0,0,0,0
2018-12-28,252,5,delta_residual_degree_percentile_1m,ORIGINAL,3008,2953,1232,-0.4741118848323822,-0.00017458200454711914,0.38054731488227844,-0.04341179132461548,-0.004905581474304199,0.0066040754318237305,0.043755993247032166,5,PASS,592,589,592,608,572
2018-12-28,252,6,delta_cross_industry_degree_percentile_1m,ORIGINAL,3008,2953,964,-0.4908542228062338,-0.0008008894668962707,0.35796381789885506,-0.050664195625076514,-0.002153811756526,0.002107091327967936,0.058360660093233735,5,PASS,592,689,492,589,591
2018-12-28,252,7,neighbor_jaccard_1m,ORIGINAL,3008,2877,745,0.0,0.6851851851851852,1.0,0.4766045548654245,0.6292712066905616,0.75,0.8419381787802842,5,PASS,576,575,670,480,576
2018-12-28,252,8,neighbor_retention_1m,ORIGINAL,3008,2830,609,0.0,0.8571428571428571,1.0,0.6666666666666666,0.8,0.8918918918918919,0.967741935483871,5,PASS,658,500,541,568,563
2018-12-28,252,9,outside_community_degree_percentile,ORIGINAL,3008,3008,66,0.11685505319148937,0.4888630319148936,1.0,0.11685505319148937,0.3271276595744681,0.6015625,0.8098404255319149,4,FEWER_THAN_5_PORTFOLIOS,0,0,0,0,0
2019-01-31,60,1,residual_degree_percentile,ORIGINAL,3492,3492,159,0.0007159220986068249,0.4992840886116028,1.0,0.2001718282699585,0.4026345908641815,0.6053837537765503,0.8015463948249817,5,PASS,747,704,687,673,681
2019-01-31,60,2,delta_degree_percentile,ORIGINAL,3492,3492,1714,-0.9325601123273373,0.024627715349197388,0.8370561450719833,-0.25647194981575006,-0.05578465461730956,0.10180412232875824,0.2711626529693605,5,PASS,699,698,725,671,699
2019-01-31,60,3,cross_industry_degree_percentile,ORIGINAL,3492,3492,140,0.000286368843069874,0.5028636884306987,1.0,0.19458762886597938,0.38631156930126004,0.5920675830469645,0.79524627720504,5,PASS,733,667,701,699,692
2019-01-31,60,4,cross_industry_degree_ratio,ORIGINAL,3492,3492,765,0.0,0.8823529411764706,1.0,0.7209302325581395,0.8461538461538461,0.9166666666666666,0.972822822822823,5,PASS,701,723,711,658,699
2019-01-31,60,5,delta_residual_degree_percentile_1m,ORIGINAL,3492,3416,2175,-0.9076974615454674,0.003521174192428589,0.9021679013967514,-0.19675245881080627,-0.03967010974884033,0.05391959007829428,0.19886386394500732,5,PASS,684,683,683,683,683
2019-01-31,60,6,delta_cross_industry_degree_percentile_1m,ORIGINAL,3492,3416,1953,-0.9260350904644692,0.0019482861000274937,0.9149717743634187,-0.20831778616321922,-0.044166501164533134,0.06090403283562329,0.21447847770134593,5,PASS,689,680,685,682,680
2019-01-31,60,7,neighbor_jaccard_1m,ORIGINAL,3492,3416,1133,0.0,0.11904761904761904,0.7777777777777778,0.03508771929824561,0.08695652173913043,0.16304347826086957,0.28859060402684567,5,PASS,686,685,679,683,683
2019-01-31,60,8,neighbor_retention_1m,ORIGINAL,3492,3415,876,0.0,0.23076923076923078,1.0,0.0625,0.16666666666666666,0.3027910685805423,0.5,5,PASS,690,724,635,742,624
2019-01-31,60,9,outside_community_degree_percentile,ORIGINAL,3492,3492,68,0.002004581901489118,0.4778064146620848,1.0,0.20962199312714777,0.41251431844215347,0.5967926689576174,0.7983963344788088,5,PASS,846,709,621,654,662
2019-01-31,120,1,residual_degree_percentile,ORIGINAL,3389,3389,165,0.0008852168684825301,0.5047211647033691,1.0,0.2081734985113144,0.3903806507587433,0.5957509875297546,0.802891731262207,5,PASS,754,603,683,691,658
2019-01-31,120,2,delta_degree_percentile,ORIGINAL,3389,3389,1532,-0.9668043479323387,0.014606058597564697,0.7776630073785782,-0.25125405192375183,-0.07249926328659055,0.09704923629760742,0.26423723697662366,5,PASS,680,676,677,678,678
2019-01-31,120,3,cross_industry_degree_percentile,ORIGINAL,3389,3389,141,0.0019179699026261434,0.509294777220419,1.0,0.18928887577456477,0.4083800531130127,0.5914724107406315,0.7974328710534081,5,PASS,699,738,602,682,668
2019-01-31,120,4,cross_industry_degree_ratio,ORIGINAL,3389,3384,823,0.0,0.8571428571428571,1.0,0.6428571428571429,0.8095238095238095,0.9,1.0,4,FEWER_THAN_5_PORTFOLIOS,0,0,0,0,0
2019-01-31,120,5,delta_residual_degree_percentile_1m,ORIGINAL,3389,3342,1895,-0.6900551617145538,0.0009048562496900558,0.6790420711040497,-0.09623421430587766,-0.02036647796630859,0.023974907398223853,0.09956324100494385,5,PASS,669,668,668,669,668
2019-01-31,120,6,delta_cross_industry_degree_percentile_1m,ORIGINAL,3389,3342,1595,-0.6601048755599025,6.41691764287633e-05,0.6833267031068738,-0.11228574931459465,-0.0257502431499845,0.026544722870803616,0.11420143313514448,5,PASS,669,668,670,666,669
2019-01-31,120,7,neighbor_jaccard_1m,ORIGINAL,3389,3341,1177,0.0,0.3333333333333333,1.0,0.15384615384615385,0.28,0.4032258064516129,0.5428571428571428,5,PASS,672,668,666,668,667
2019-01-31,120,8,neighbor_retention_1m,ORIGINAL,3389,3339,922,0.0,0.5172413793103449,1.0,0.2589950372208437,0.4444444444444444,0.6,0.75,5,PASS,668,676,690,668,637
2019-01-31,120,9,outside_community_degree_percentile,ORIGINAL,3389,3389,83,0.010622602537621718,0.5122455001475361,1.0,0.16509294777220418,0.38093832989082327,0.6184715255237533,0.8034818530539982,5,PASS,685,728,768,581,627
2019-01-31,252,1,residual_degree_percentile,ORIGINAL,3066,3066,202,0.0207110233604908,0.4964122772216797,1.0,0.17742986977100372,0.38894325494766235,0.5963796377182007,0.8007175326347351,5,PASS,616,615,618,612,605
2019-01-31,252,2,delta_degree_percentile,ORIGINAL,3066,3066,1384,-0.9727658443152905,0.013046324253082275,0.7522830814123154,-0.21983039379119873,-0.07681018114089966,0.08137637376785278,0.24804306030273438,5,PASS,615,612,617,609,613
2019-01-31,252,3,cross_industry_degree_percentile,ORIGINAL,3066,3066,175,0.0365296803652968,0.5017938682322244,1.0,0.19275929549902152,0.40459882583170254,0.5932811480756687,0.8015329419439009,5,PASS,711,585,557,614,599
2019-01-31,252,4,cross_industry_degree_ratio,ORIGINAL,3066,2940,791,0.0,0.8,1.0,0.4745328118209474,0.7073170731707317,0.8666666666666667,1.0,4,FEWER_THAN_5_PORTFOLIOS,0,0,0,0,0
2019-01-31,252,5,delta_residual_degree_percentile_1m,ORIGINAL,3066,3008,1274,-0.4206504076719284,0.0005999207496643066,0.548339270055294,-0.045508658885955816,-0.004736006259918213,0.008870899677276611,0.048991553485393524,5,PASS,602,603,614,622,567
2019-01-31,252,6,delta_cross_industry_degree_percentile_1m,ORIGINAL,3066,3008,1008,-0.6235638427988508,0.0026201058972116983,0.5389867073323064,-0.056742034288212534,-0.005549888273583936,0.010283406024899022,0.062247791494913385,5,PASS,637,567,614,588,602
2019-01-31,252,7,neighbor_jaccard_1m,ORIGINAL,3066,2936,791,0.0,0.6310068649885583,1.0,0.4,0.5714285714285714,0.6875,0.8,5,PASS,642,572,552,617,553
2019-01-31,252,8,neighbor_retention_1m,ORIGINAL,3066,2875,692,0.0,0.7948717948717948,1.0,0.5308823529411766,0.7272727272727273,0.8451282051282049,0.9384615384615385,5,PASS,575,584,566,576,574
2019-01-31,252,9,outside_community_degree_percentile,ORIGINAL,3066,3066,74,0.11073059360730593,0.4481409001956947,1.0,0.11073059360730593,0.4481409001956947,0.5565883887801696,0.7894651011089368,4,FEWER_THAN_5_PORTFOLIOS,0,0,0,0,0
2019-02-28,60,1,residual_degree_percentile,ORIGINAL,3522,3522,163,0.000283929577562958,0.5069562792778015,1.0,0.2103918194770813,0.39579784870147705,0.5942646265029907,0.8006814122200012,5,PASS,792,656,667,714,693
2019-02-28,60,2,delta_degree_percentile,ORIGINAL,3522,3522,1771,-0.9459114298224449,0.03676888346672058,0.8235377371311188,-0.26859739422798157,-0.05323681831359863,0.10491198301315308,0.26785919666290287,5,PASS,706,703,707,701,705
2019-02-28,60,3,cross_industry_degree_percentile,ORIGINAL,3522,3522,145,0.0005678591709256105,0.4889267461669506,1.0,0.2022998296422487,0.40119250425894376,0.5908574673480976,0.795854628052243,5,PASS,765,694,659,702,702
2019-02-28,60,4,cross_industry_degree_ratio,ORIGINAL,3522,3522,816,0.0,0.875,1.0,0.7,0.8333333333333334,0.9090909090909091,0.9795068027210885,5,PASS,720,717,678,702,705
2019-02-28,60,5,delta_residual_degree_percentile_1m,ORIGINAL,3522,3484,2106,-0.9093401189893484,-0.0003177225589752197,0.9298764728009701,-0.14811289310455322,-0.032737016677856445,0.034654051065444946,0.14769075922667982,5,PASS,697,698,698,694,697
2019-02-28,60,6,delta_cross_industry_degree_percentile_1m,ORIGINAL,3522,3484,1819,-0.9068513379815827,0.0004105270552696716,0.9416529580389149,-0.16519076945893352,-0.040414986018175406,0.04081853679668885,0.16446309012959295,5,PASS,697,697,703,690,697
2019-02-28,60,7,neighbor_jaccard_1m,ORIGINAL,3522,3484,1186,0.0,0.20705187946567255,0.8275862068965517,0.06963824289405686,0.15555555555555556,0.2626010101010101,0.3970708194289953,5,PASS,697,700,693,697,697
2019-02-28,60,8,neighbor_retention_1m,ORIGINAL,3522,3484,908,0.0,0.3333333333333333,0.9230769230769231,0.13043478260869565,0.2727272727272727,0.42857142857142855,0.59375,5,PASS,702,705,710,671,696
2019-02-28,60,9,outside_community_degree_percentile,ORIGINAL,3522,3522,79,0.0028392958546280523,0.5237081203861442,1.0,0.1902328222600795,0.39579784213515046,0.5762350936967632,0.7921635434412265,5,PASS,787,734,598,709,694
2019-02-28,120,1,residual_degree_percentile,ORIGINAL,3422,3422,169,0.0005844535189680755,0.5001460909843445,1.0,0.1971069574356079,0.38909995555877686,0.6024254560470581,0.7996785640716553,5,PASS,718,652,714,662,676
2019-02-28,120,2,delta_degree_percentile,ORIGINAL,3422,3422,1538,-0.9504675334319472,0.014026880264282227,0.7824371457099915,-0.256428986787796,-0.06531268358230591,0.09915254116058349,0.27089422941207886,5,PASS,688,718,647,685,684
2019-02-28,120,3,cross_industry_degree_percentile,ORIGINAL,3422,3422,147,0.0021917007597895967,0.5124196376388077,1.0,0.21405610753945062,0.40239625949736996,0.5977498538866161,0.7983635300993571,5,PASS,797,620,660,667,678
2019-02-28,120,4,cross_industry_degree_ratio,ORIGINAL,3422,3419,828,0.0,0.8571428571428571,1.0,0.6434442270058709,0.8076923076923077,0.896551724137931,0.9739541160593793,5,PASS,684,690,682,679,684
2019-02-28,120,5,delta_residual_degree_percentile_1m,ORIGINAL,3422,3389,1747,-0.5506919696927071,-0.004171848297119141,0.8200236782431602,-0.08437832370400429,-0.01889690160751342,0.013185597956180573,0.07141917943954468,5,PASS,678,678,685,672,676
2019-02-28,120,6,delta_cross_industry_degree_percentile_1m,ORIGINAL,3422,3389,1484,-0.587413830181498,-0.005717909508519248,0.8586377800492155,-0.0944517182571799,-0.024647581760979764,0.01563955582910914,0.08486110993745202,5,PASS,683,673,677,678,678
2019-02-28,120,7,neighbor_jaccard_1m,ORIGINAL,3422,3389,1122,0.0,0.5,1.0,0.2727272727272727,0.43243243243243246,0.55,0.6666666666666666,5,PASS,684,673,678,725,629
2019-02-28,120,8,neighbor_retention_1m,ORIGINAL,3422,3384,869,0.0,0.6666666666666666,1.0,0.4375,0.6,0.72,0.8269230769230769,5,PASS,686,700,646,676,676
2019-02-28,120,9,outside_community_degree_percentile,ORIGINAL,3422,3422,89,0.009205143191116306,0.48947983635300996,1.0,0.217416715371128,0.42855055523085916,0.5878141437755698,0.7950029222676798,5,PASS,872,710,503,678,659
2019-02-28,252,1,residual_degree_percentile,ORIGINAL,3099,3099,202,0.021619876846671104,0.4911261796951294,1.0,0.21684414148330688,0.40077444911003113,0.5976121425628662,0.8020328879356384,5,PASS,730,546,596,622,605
2019-02-28,252,2,delta_degree_percentile,ORIGINAL,3099,3099,1412,-0.9674088153988123,0.018393024802207947,0.7612132877111435,-0.21423040628433224,-0.05847048759460447,0.07979991436004637,0.2378831982612611,5,PASS,620,620,619,620,620
2019-02-28,252,3,cross_industry_degree_percentile,ORIGINAL,3099,3099,169,0.035011293965795415,0.49435301710229107,1.0,0.18796385930945467,0.40029041626331074,0.6061632784769281,0.8017102291061633,5,PASS,696,603,609,589,602
2019-02-28,252,4,cross_industry_degree_ratio,ORIGINAL,3099,2966,811,0.0,0.7927781392322707,1.0,0.4777777777777778,0.6938775510204082,0.8604651162790697,1.0,4,FEWER_THAN_5_PORTFOLIOS,0,0,0,0,0
2019-02-28,252,5,delta_residual_degree_percentile_1m,ORIGINAL,3099,3066,1298,-0.39717015624046326,-0.0008774399757385254,0.6229906976222992,-0.0462670624256134,-0.005068868398666382,0.0075560808181762695,0.04807323217391968,5,PASS,615,638,587,613,613
2019-02-28,252,6,delta_cross_industry_degree_percentile_1m,ORIGINAL,3099,3066,1047,-0.4623767593738022,-0.0020246730685803405,0.7083880350267652,-0.05851155192414198,-0.0048266943000993545,0.0051146478031862674,0.06167761963489263,5,PASS,623,618,599,655,571
2019-02-28,252,7,neighbor_jaccard_1m,ORIGINAL,3099,2998,844,0.0,0.631578947368421,1.0,0.375,0.5621951219512195,0.6852910052910054,0.799298245614035,5,PASS,606,593,600,599,600
2019-02-28,252,8,neighbor_retention_1m,ORIGINAL,3099,2940,682,0.0,0.8113980822765234,1.0,0.5454545454545454,0.75,0.8604651162790697,0.9444444444444444,5,PASS,591,615,559,589,586
2019-02-28,252,9,outside_community_degree_percentile,ORIGINAL,3099,3099,97,0.11632784769280413,0.4632139399806389,1.0,0.11632784769280413,0.3165537270087125,0.5700225879315909,0.8017102291061633,4,FEWER_THAN_5_PORTFOLIOS,0,0,0,0,0
2019-03-29,60,1,residual_degree_percentile,ORIGINAL,3517,3517,176,0.0007108331192284822,0.5018481612205505,1.0,0.19562126696109772,0.39664486050605774,0.5993744730949402,0.7989764213562012,5,PASS,731,715,684,690,697
2019-03-29,60,2,delta_degree_percentile,ORIGINAL,3517,3517,1835,-0.9803810156881809,0.02047199010848999,0.8160364031791687,-0.27139607071876526,-0.05808925628662108,0.09653115272521973,0.28120559453964233,5,PASS,705,702,709,704,697
2019-03-29,60,3,cross_industry_degree_percentile,ORIGINAL,3517,3517,154,0.0011373329542223485,0.4891953369348877,1.0,0.199033266988911,0.4078760307079898,0.6034972988342338,0.8036678987773671,5,PASS,748,731,671,690,677
2019-03-29,60,4,cross_industry_degree_ratio,ORIGINAL,3517,3513,804,0.0,0.8862275449101796,1.0,0.7,0.8421052631578947,0.9184148077835785,1.0,4,FEWER_THAN_5_PORTFOLIOS,0,0,0,0,0
2019-03-29,60,5,delta_residual_degree_percentile_1m,ORIGINAL,3517,3501,2255,-0.8473830316215754,-0.026875466108322144,0.9812485137954354,-0.22144246473908424,-0.08358579874038696,0.022280991077423096,0.21716201305389404,5,PASS,701,700,700,702,698
2019-03-29,60,6,delta_cross_industry_degree_percentile_1m,ORIGINAL,3517,3501,1969,-0.8631279772442991,-0.03048408339343728,0.9607922870612876,-0.2398203937490605,-0.08515610960440867,0.0248634159029954,0.23235959290455366,5,PASS,702,702,697,700,700
2019-03-29,60,7,neighbor_jaccard_1m,ORIGINAL,3517,3501,1124,0.0,0.1111111111111111,0.8333333333333334,0.02857142857142857,0.07692307692307693,0.15384615384615385,0.2698412698412698,5,PASS,711,698,695,697,700
2019-03-29,60,8,neighbor_retention_1m,ORIGINAL,3517,3501,851,0.0,0.2,0.9090909090909091,0.0625,0.15151515151515152,0.25,0.4,5,PASS,710,695,697,713,686
2019-03-29,60,9,outside_community_degree_percentile,ORIGINAL,3517,3517,87,0.009525163491612169,0.5265851578049474,1.0,0.23059425646858117,0.3878305373898209,0.5813193062268979,0.8006823997725334,5,PASS,957,546,637,711,666
2019-03-29,120,1,residual_degree_percentile,ORIGINAL,3470,3470,183,0.0014409221475943923,0.5028818249702454,1.0,0.21181556582450867,0.3910662829875946,0.6048991084098816,0.7979826927185059,5,PASS,779,618,728,653,692
2019-03-29,120,2,delta_degree_percentile,ORIGINAL,3470,3470,1650,-0.9619596414268017,0.016138330101966858,0.7878962606191635,-0.2591354250907898,-0.06023051738739014,0.10230548679828644,0.2763688802719118,5,PASS,694,694,736,652,694
2019-03-29,120,3,cross_industry_degree_percentile,ORIGINAL,3470,3470,160,0.002881844380403458,0.49438040345821327,1.0,0.1873198847262248,0.3936599423631124,0.592507204610951,0.8034582132564841,5,PASS,712,704,671,715,668
2019-03-29,120,4,cross_industry_degree_ratio,ORIGINAL,3470,3461,873,0.0,0.8535031847133758,1.0,0.6363636363636364,0.8,0.898989898989899,0.9841269841269841,5,PASS,702,710,665,692,692
2019-03-29,120,5,delta_residual_degree_percentile_1m,ORIGINAL,3470,3420,1981,-0.5620122849941254,-0.01739060878753662,0.888519175350666,-0.13556665182113647,-0.04996150732040405,0.0038673281669616847,0.10100229978561419,5,PASS,686,686,680,684,684
2019-03-29,120,6,delta_cross_industry_degree_percentile_1m,ORIGINAL,3470,3420,1713,-0.6688903130616102,-0.02157471488941698,0.8578177818725083,-0.1522601677230061,-0.05667523416038284,0.008201314767810193,0.11800942199734893,5,PASS,687,685,680,689,679
2019-03-29,120,7,neighbor_jaccard_1m,ORIGINAL,3470,3419,1193,0.0,0.31645569620253167,1.0,0.12884792626728112,0.25,0.375,0.5095065312046444,5,PASS,684,689,696,666,684
2019-03-29,120,8,neighbor_retention_1m,ORIGINAL,3470,3417,888,0.0,0.45454545454545453,1.0,0.23076923076923078,0.38461538461538464,0.5,0.6551724137931034,5,PASS,688,694,686,666,683
2019-03-29,120,9,outside_community_degree_percentile,ORIGINAL,3470,3470,98,0.013544668587896254,0.5155619596541787,1.0,0.2027377521613833,0.3670028818443804,0.5731988472622478,0.7894812680115274,5,PASS,853,558,673,695,691
2019-03-29,252,1,residual_degree_percentile,ORIGINAL,3161,3161,193,0.017874090000987053,0.49857640266418457,1.0,0.18364441394805908,0.3949699401855469,0.6009174585342407,0.7976906299591064,5,PASS,638,653,623,616,631
2019-03-29,252,2,delta_degree_percentile,ORIGINAL,3161,3161,1485,-0.972318859770894,0.011546969413757324,0.7660550624132156,-0.23394495248794556,-0.04966782033443451,0.08446693420410156,0.24612464010715485,5,PASS,633,710,554,636,628
2019-03-29,252,3,cross_industry_degree_percentile,ORIGINAL,3161,3161,158,0.027839291363492565,0.5093324897184436,1.0,0.21369819677317306,0.3941790572603606,0.6017083201518507,0.798956026573869,5,PASS,758,550,629,599,625
2019-03-29,252,4,cross_industry_degree_ratio,ORIGINAL,3161,3049,829,0.0,0.8,1.0,0.5,0.7058823529411765,0.860439132129401,1.0,4,FEWER_THAN_5_PORTFOLIOS,0,0,0,0,0
2019-03-29,252,5,delta_residual_degree_percentile_1m,ORIGINAL,3161,3098,1479,-0.382377564907074,-0.0037457868456840515,0.7612111866474152,-0.06740202903747557,-0.02059236168861389,0.008698451519012449,0.058699846267700195,5,PASS,620,624,615,620,619
2019-03-29,252,6,delta_cross_industry_degree_percentile_1m,ORIGINAL,3161,3098,1222,-0.6193124518231483,-0.00717200260230285,0.7884048685889122,-0.08313598114483967,-0.022747385421652777,0.010247297374963245,0.06527842813231118,5,PASS,623,621,615,619,620
2019-03-29,252,7,neighbor_jaccard_1m,ORIGINAL,3161,3040,930,0.0,0.5238095238095238,1.0,0.2564516129032264,0.4666666666666667,0.6,0.7272727272727273,5,PASS,608,613,646,574,599
2019-03-29,252,8,neighbor_retention_1m,ORIGINAL,3161,2965,749,0.0,0.7297297297297297,1.0,0.5,0.6666666666666666,0.7941176470588235,0.901864549500782,5,PASS,763,489,530,590,593
2019-03-29,252,9,outside_community_degree_percentile,ORIGINAL,3161,3161,92,0.091426763682379,0.493831066118317,1.0,0.2546662448592218,0.38563745650110726,0.5794052515026891,0.8011705156596014,5,PASS,1032,373,541,625,590
2019-04-30,60,1,residual_degree_percentile,ORIGINAL,3515,3515,163,0.0005689900717698038,0.5038406848907471,1.0,0.18733997642993927,0.3910384178161621,0.5984352827072144,0.7974395155906677,5,PASS,707,708,713,688,699
2019-04-30,60,2,delta_degree_percentile,ORIGINAL,3515,3515,1867,-0.9798008245415986,0.03129445016384125,0.8465149402618408,-0.28005688190460204,-0.05206257104873657,0.10881931781768805,0.2817923128604889,5,PASS,703,706,700,704,702
2019-04-30,60,3,cross_industry_degree_percentile,ORIGINAL,3515,3515,142,0.0008534850640113798,0.5086770981507823,1.0,0.19786628733997155,0.39132290184921764,0.6056899004267425,0.8024182076813656,5,PASS,742,682,741,673,677
2019-04-30,60,4,cross_industry_degree_ratio,ORIGINAL,3515,3512,780,0.0,0.8695652173913043,1.0,0.6774193548387096,0.8235294117647058,0.9090909090909091,0.972822822822823,5,PASS,704,705,714,686,703
2019-04-30,60,5,delta_residual_degree_percentile_1m,ORIGINAL,3515,3489,2142,-0.7401855438947678,-0.01265096920542419,0.8771243765950203,-0.1529935911297798,-0.04681873321533202,0.01745086908340454,0.14969640225172043,5,PASS,698,698,700,696,697
2019-04-30,60,6,delta_cross_industry_degree_percentile_1m,ORIGINAL,3515,3489,1828,-0.7787131878447743,-0.008222933437305735,0.8584643740159057,-0.16592417807268978,-0.046047399928249334,0.02017076981505396,0.16270205557157655,5,PASS,700,696,697,698,698
2019-04-30,60,7,neighbor_jaccard_1m,ORIGINAL,3515,3489,1173,0.0,0.19444444444444445,0.84,0.0625,0.14814814814814814,0.24390243902439024,0.3864400305576776,5,PASS,699,704,693,695,698
2019-04-30,60,8,neighbor_retention_1m,ORIGINAL,3515,3485,928,0.0,0.3333333333333333,1.0,0.1370766488413548,0.26666666666666666,0.4140416278347313,0.5661635220125788,5,PASS,697,710,684,697,697
2019-04-30,60,9,outside_community_degree_percentile,ORIGINAL,3515,3515,63,0.003982930298719772,0.5149359886201992,1.0,0.22759601706970128,0.37738264580369846,0.5748221906116643,0.792176386913229,5,PASS,933,522,661,721,678
2019-04-30,120,1,residual_degree_percentile,ORIGINAL,3516,3516,188,0.0007110352744348347,0.4920364022254944,1.0,0.20492036640644073,0.40984073281288147,0.5930033922195435,0.7986348271369934,5,PASS,768,717,630,701,700
2019-04-30,120,2,delta_degree_percentile,ORIGINAL,3516,3516,1813,-0.984357226639986,0.02517065405845642,0.8269340097904205,-0.25170645117759705,-0.04479524493217468,0.09485208988189697,0.263225257396698,5,PASS,707,700,709,706,694
2019-04-30,120,3,cross_industry_degree_percentile,ORIGINAL,3516,3516,167,0.0018486916951080774,0.503839590443686,1.0,0.19212172923777018,0.3934869169510808,0.6073663253697383,0.7989192263936291,5,PASS,749,682,735,655,695
2019-04-30,120,4,cross_industry_degree_ratio,ORIGINAL,3516,3512,906,0.0,0.8383095662507427,1.0,0.6,0.7857142857142857,0.8846153846153846,0.9760743321718932,5,PASS,731,689,693,696,703
2019-04-30,120,5,delta_residual_degree_percentile_1m,ORIGINAL,3516,3468,1969,-0.8102625086903572,-0.006011337041854858,0.8822413086891174,-0.10369457006454463,-0.029433757066726685,0.013780963420867905,0.0974767436273396,5,PASS,694,694,693,695,692
2019-04-30,120,6,delta_cross_industry_degree_percentile_1m,ORIGINAL,3516,3468,1645,-0.8139980918846081,-0.0020460193499948764,0.8594865628678122,-0.11022407241658552,-0.03136530246251801,0.018229468907882615,0.10450279168428925,5,PASS,695,700,695,684,694
2019-04-30,120,7,neighbor_jaccard_1m,ORIGINAL,3516,3468,1190,0.0,0.30886644219977555,1.0,0.1111111111111111,0.23529411764705882,0.37783197831978316,0.5196343130553658,5,PASS,709,686,686,693,694
2019-04-30,120,8,neighbor_retention_1m,ORIGINAL,3516,3459,957,0.0,0.48,1.0,0.20921775898520084,0.4,0.55,0.7,5,PASS,692,727,663,692,685
2019-04-30,120,9,outside_community_degree_percentile,ORIGINAL,3516,3516,98,0.015073947667804323,0.5065415244596132,1.0,0.20349829351535836,0.37229806598407283,0.6156143344709898,0.7902445961319682,5,PASS,874,565,816,563,698
2019-04-30,252,1,residual_degree_percentile,ORIGINAL,3237,3237,187,0.009885696694254875,0.5071053504943848,1.0,0.18844608962535858,0.38909482955932617,0.6034908890724182,0.7995057106018066,5,PASS,668,630,671,623,645
2019-04-30,252,2,delta_degree_percentile,ORIGINAL,3237,3237,1562,-0.9409947581589222,0.006487488746643066,0.7886932641267776,-0.22746368646621704,-0.059684902429580564,0.07698485851287837,0.24791474640369415,5,PASS,648,647,647,664,631
2019-04-30,252,3,cross_industry_degree_percentile,ORIGINAL,3237,3237,157,0.0182267531665122,0.5047883843064566,1.0,0.1750077232004943,0.4000617856039543,0.597775718257646,0.802440531356194,5,PASS,658,688,625,640,626
2019-04-30,252,4,cross_industry_degree_ratio,ORIGINAL,3237,3174,842,0.0,0.7824333800841514,1.0,0.5,0.7,0.85,1.0,4,FEWER_THAN_5_PORTFOLIOS,0,0,0,0,0
2019-04-30,252,5,delta_residual_degree_percentile_1m,ORIGINAL,3237,3160,1534,-0.5491694808006287,-0.0014629960060119629,0.6594329476356506,-0.0645211935043335,-0.01704381704330443,0.012282401323318481,0.059519827365875244,5,PASS,641,623,646,619,631
2019-04-30,252,6,delta_cross_industry_degree_percentile_1m,ORIGINAL,3237,3160,1258,-0.5470101269947285,-0.001372413460817734,0.6657852298396125,-0.07920671076489538,-0.021991804856004483,0.016302183400821457,0.07587515516034404,5,PASS,634,630,634,633,629
2019-04-30,252,7,neighbor_jaccard_1m,ORIGINAL,3237,3122,977,0.0,0.5,1.0,0.2631578947368421,0.43706896551724145,0.5771609833465503,0.7142857142857143,5,PASS,631,618,624,645,604
2019-04-30,252,8,neighbor_retention_1m,ORIGINAL,3237,3048,777,0.0,0.7222222222222222,1.0,0.4766233766233766,0.6666666666666666,0.7806402439024391,0.8931428571428571,5,PASS,610,721,498,609,610
2019-04-30,252,9,outside_community_degree_percentile,ORIGINAL,3237,3237,72,0.06101328390485017,0.5078776645041705,1.0,0.1926166203274637,0.4227679950571517,0.5841828853877047,0.7985789311090515,5,PASS,852,651,494,625,615
2019-05-31,60,1,residual_degree_percentile,ORIGINAL,3512,3512,171,0.0011389522114768624,0.49900341033935547,1.0,0.19333712756633759,0.3959282338619232,0.5978075265884399,0.8016799688339233,5,PASS,730,693,701,702,686
2019-05-31,60,2,delta_degree_percentile,ORIGINAL,3512,3512,1697,-0.9696754082106054,0.013809800148010254,0.8288724571466446,-0.2841685637831688,-0.0677676573395729,0.10071184635162349,0.2938496619462967,5,PASS,706,710,691,721,684
2019-05-31,60,3,cross_industry_degree_percentile,ORIGINAL,3512,3512,141,0.0017084282460136675,0.506121867881549,1.0,0.20643507972665148,0.39649772209567197,0.5958143507972665,0.798120728929385,5,PASS,785,658,687,689,693
2019-05-31,60,4,cross_industry_degree_ratio,ORIGINAL,3512,3512,806,0.15384615384615385,0.8696938512992025,1.0,0.6764705882352942,0.8217460317460318,0.9090909090909091,0.9806153846153847,5,PASS,704,701,725,679,703
2019-05-31,60,5,delta_residual_degree_percentile_1m,ORIGINAL,3512,3490,1988,-0.7862944081425667,-0.00029146671295166016,0.8102665953338146,-0.12434250116348267,-0.02855310142040246,0.02951993942260744,0.12028253078460693,5,PASS,701,695,698,699,697
2019-05-31,60,6,delta_cross_industry_degree_percentile_1m,ORIGINAL,3512,3490,1710,-0.8446122540235956,0.0014348691096083485,0.8380506420579553,-0.13747525249743203,-0.029013267253586106,0.03089863001714102,0.13923669953372628,5,PASS,703,696,695,702,694
2019-05-31,60,7,neighbor_jaccard_1m,ORIGINAL,3512,3490,1160,0.0,0.2831023543162464,0.7571428571428571,0.11904761904761904,0.23333333333333334,0.3333333333333333,0.4616930807885584,5,PASS,701,698,697,696,698
2019-05-31,60,8,neighbor_retention_1m,ORIGINAL,3512,3487,901,0.0,0.4583333333333333,1.0,0.21428571428571427,0.3821546596166557,0.5263157894736842,0.6624281742354033,5,PASS,707,688,698,696,698
2019-05-31,60,9,outside_community_degree_percentile,ORIGINAL,3512,3512,66,0.006121867881548975,0.46611617312072895,1.0,0.18080865603644647,0.39706719817767655,0.5938211845102506,0.7932801822323462,5,PASS,760,752,681,639,680
2019-05-31,120,1,residual_degree_percentile,ORIGINAL,3532,3532,181,0.0012740656966343522,0.5026897192001343,1.0,0.19535674154758453,0.399773508310318,0.5935730338096619,0.8001132607460022,5,PASS,738,709,680,708,697
2019-05-31,120,2,delta_degree_percentile,ORIGINAL,3532,3532,1744,-0.966449586674571,0.025339752435684204,0.8227633237838745,-0.251783674955368,-0.051670461893081665,0.09411098957061764,0.2670724630355839,5,PASS,707,708,704,706,707
2019-05-31,120,3,cross_industry_degree_percentile,ORIGINAL,3532,3532,152,0.0026896942242355605,0.4984428086070215,1.0,0.1812004530011325,0.4137882219705549,0.5910249150622876,0.799263873159683,5,PASS,711,806,607,710,698
2019-05-31,120,4,cross_industry_degree_ratio,ORIGINAL,3532,3524,891,0.0,0.8333333333333334,1.0,0.5869565217391305,0.7670905587668595,0.8779945799457994,0.9703248463564531,5,PASS,706,704,704,705,705
2019-05-31,120,5,delta_residual_degree_percentile_1m,ORIGINAL,3532,3504,1839,-0.6630242243409157,-0.0025145686231553555,0.756408654153347,-0.07674333453178406,-0.01573731005191803,0.014713168144226057,0.07720410227775576,5,PASS,708,700,694,701,701
2019-05-31,120,6,delta_cross_industry_degree_percentile_1m,ORIGINAL,3532,3504,1508,-0.7473523397972318,-0.004218701886345159,0.7308680782367485,-0.08425083456053349,-0.016576865247623848,0.021283516092749255,0.09029616430696366,5,PASS,715,687,700,707,695
2019-05-31,120,7,neighbor_jaccard_1m,ORIGINAL,3532,3503,1152,0.0,0.4411764705882353,1.0,0.2222222222222222,0.375,0.5,0.6304347826086957,5,PASS,704,698,752,651,698
2019-05-31,120,8,neighbor_retention_1m,ORIGINAL,3532,3500,883,0.0,0.6296296296296297,1.0,0.36363636363636365,0.5625,0.6923076923076923,0.8,5,PASS,701,712,699,705,683
2019-05-31,120,9,outside_community_degree_percentile,ORIGINAL,3532,3532,81,0.013165345413363533,0.5036806342015855,1.0,0.1962061155152888,0.36339184597961494,0.6118346545866364,0.8039354473386183,5,PASS,850,566,828,641,647
2019-05-31,252,1,residual_degree_percentile,ORIGINAL,3300,3300,197,0.008181817829608917,0.5051515102386475,1.0,0.18333333730697632,0.38999998569488525,0.5950000286102295,0.7993636488914502,5,PASS,670,657,659,654,660
2019-05-31,252,2,delta_degree_percentile,ORIGINAL,3300,3300,1556,-0.941363662481308,0.016742438077926636,0.7868182063102722,-0.22651517391204828,-0.04999999701976776,0.08060604333877563,0.25303030014038086,5,PASS,660,723,598,673,646
2019-05-31,252,3,cross_industry_degree_percentile,ORIGINAL,3300,3300,170,0.016212121212121212,0.5086363636363637,1.0,0.22272727272727272,0.3939393939393939,0.5956060606060606,0.8012121212121213,5,PASS,813,547,634,666,640
2019-05-31,252,4,cross_industry_degree_ratio,ORIGINAL,3300,3247,886,0.0,0.7857142857142857,1.0,0.4943820224719101,0.6875,0.8527483124397299,1.0,4,FEWER_THAN_5_PORTFOLIOS,0,0,0,0,0
2019-05-31,252,5,delta_residual_degree_percentile_1m,ORIGINAL,3300,3236,1407,-0.49326830357313156,-0.0019510984420776367,0.6397357136011124,-0.0453229695558548,-0.008405789732933044,0.006370902061462402,0.038979142904281616,5,PASS,648,647,648,650,643
2019-05-31,252,6,delta_cross_industry_degree_percentile_1m,ORIGINAL,3300,3236,1115,-0.5927590080602129,-0.0027793692251524282,0.6568802482657905,-0.05690763052208833,-0.006122391664560356,0.005048866795854701,0.05106959305754487,5,PASS,656,643,643,670,624
2019-05-31,252,7,neighbor_jaccard_1m,ORIGINAL,3300,3208,941,0.0,0.625,1.0,0.3898550724637683,0.5625,0.6788571428571426,0.7976390271654105,5,PASS,642,644,639,641,642
2019-05-31,252,8,neighbor_retention_1m,ORIGINAL,3300,3173,741,0.0,0.7894736842105263,1.0,0.5714285714285714,0.7333333333333333,0.8333333333333334,0.9194197878328643,5,PASS,654,620,650,614,635
2019-05-31,252,9,outside_community_degree_percentile,ORIGINAL,3300,3300,96,0.05454545454545454,0.5101515151515151,1.0,0.17272727272727273,0.415,0.5886363636363636,0.8009090909090909,5,PASS,780,764,518,627,611
2019-06-28,60,1,residual_degree_percentile,ORIGINAL,3528,3528,153,0.00028344671591185033,0.5017006993293762,1.0,0.1982709765434265,0.39342403411865234,0.6021825671195984,0.7990362644195557,5,PASS,736,692,731,675,694
2019-06-28,60,2,delta_degree_percentile,ORIGINAL,3528,3528,1638,-0.9742063758894801,0.010558366775512695,0.7974773198366165,-0.2640305995941161,-0.07312924414873123,0.09084467589855194,0.28032881021499634,5,PASS,706,719,698,702,703
2019-06-28,60,3,cross_industry_degree_percentile,ORIGINAL,3528,3528,131,0.0005668934240362812,0.5109126984126984,1.0,0.19231859410430838,0.40589569160997735,0.6047335600907029,0.7969104308390023,5,PASS,733,745,688,665,697
2019-06-28,60,4,cross_industry_degree_ratio,ORIGINAL,3528,3527,769,0.0,0.875,1.0,0.6818181818181818,0.8297872340425532,0.9090909090909091,0.9722222222222222,5,PASS,708,705,714,697,703
2019-06-28,60,5,delta_residual_degree_percentile_1m,ORIGINAL,3528,3494,2126,-0.9222642797976732,0.01826633047312498,0.7143993303179741,-0.16764163225889206,-0.02166985683143137,0.061328709125518674,0.17793526649475103,5,PASS,700,698,698,699,699
2019-06-28,60,6,delta_cross_industry_degree_percentile_1m,ORIGINAL,3528,3494,1846,-0.9313012980438949,0.019296651842209925,0.7376003362620674,-0.1870963951260079,-0.022405203539274506,0.07215087629584861,0.20012635654109792,5,PASS,699,699,698,699,699
2019-06-28,60,7,neighbor_jaccard_1m,ORIGINAL,3528,3494,1201,0.0,0.2,1.0,0.06666666666666667,0.15010752688172044,0.25,0.37209302325581395,5,PASS,704,694,714,684,698
2019-06-28,60,8,neighbor_retention_1m,ORIGINAL,3528,3494,958,0.0,0.3684210526315789,1.0,0.125,0.28335958005249345,0.4570186335403725,0.6333333333333333,5,PASS,713,685,698,701,697
2019-06-28,60,9,outside_community_degree_percentile,ORIGINAL,3528,3528,57,0.005243764172335601,0.5191326530612245,1.0,0.19075963718820863,0.3888888888888889,0.57468820861678,0.7996598639455885,5,PASS,784,696,642,700,706
2019-06-28,120,1,residual_degree_percentile,ORIGINAL,3546,3546,191,0.0015510434750467539,0.4976029396057129,0.9998589754104614,0.1920473724603653,0.401720255613327,0.593203604221344,0.8009024262428284,5,PASS,727,740,667,718,694
2019-06-28,120,2,delta_degree_percentile,ORIGINAL,3546,3546,1730,-0.9695431590080261,0.018542036414146423,0.8190919607877731,-0.2656514644622803,-0.056824587285518646,0.09024250507354736,0.27566269040107727,5,PASS,710,718,703,706,709
2019-06-28,120,3,cross_industry_degree_percentile,ORIGINAL,3546,3546,167,0.0022560631697687537,0.5021150592216582,1.0,0.19811054709531867,0.41328257191201356,0.5924985899605189,0.8038635081782289,5,PASS,759,760,618,727,682
2019-06-28,120,4,cross_industry_degree_ratio,ORIGINAL,3546,3536,880,0.0,0.8333333333333334,1.0,0.6,0.7777777777777778,0.8823529411764706,0.9732142857142857,5,PASS,734,713,683,699,707
2019-06-28,120,5,delta_residual_degree_percentile_1m,ORIGINAL,3546,3531,1709,-0.6391681879758835,-0.0003487616777420044,0.5318001434206963,-0.061591729521751404,-0.011893630027770996,0.014659380889497697,0.06711891293525696,5,PASS,714,699,707,710,701
2019-06-28,120,6,delta_cross_industry_degree_percentile_1m,ORIGINAL,3546,3531,1393,-0.665585024262899,-0.0011875949740636216,0.6053004869187301,-0.07808033743857629,-0.01606854165189564,0.016910094094186173,0.08138945897280137,5,PASS,711,703,715,696,706
2019-06-28,120,7,neighbor_jaccard_1m,ORIGINAL,3546,3530,1017,0.0,0.5588235294117647,1.0,0.35294117647058826,0.5,0.6153846153846154,0.7180209461899604,5,PASS,708,746,671,699,706
2019-06-28,120,8,neighbor_retention_1m,ORIGINAL,3546,3523,857,0.0,0.7419354838709677,1.0,0.5,0.6818181818181818,0.7857142857142857,0.8695652173913043,5,PASS,717,694,722,689,701
2019-06-28,120,9,outside_community_degree_percentile,ORIGINAL,3546,3546,101,0.011703327693175409,0.4854765933446136,1.0,0.1700507614213198,0.411590524534687,0.603355893965031,0.7959672870840383,5,PASS,753,831,660,626,676
2019-06-28,252,1,residual_degree_percentile,ORIGINAL,3356,3356,197,0.00879022665321827,0.5011919140815735,1.0,0.210518479347229,0.4064362347126007,0.5984803438186646,0.8016984462738037,5,PASS,771,627,632,668,658
2019-06-28,252,2,delta_degree_percentile,ORIGINAL,3356,3356,1583,-0.9269964024424553,0.00923718512058258,0.7686233669519424,-0.21334922313690186,-0.05557212233543396,0.08343267440795898,0.254469633102417,5,PASS,672,677,667,670,670
2019-06-28,252,3,cross_industry_degree_percentile,ORIGINAL,3356,3356,165,0.015792610250297975,0.5035756853396901,0.9998510131108462,0.21111442193087007,0.3843861740166865,0.5943087008343266,0.7996126340882003,5,PASS,798,556,666,671,665
2019-06-28,252,4,cross_industry_degree_ratio,ORIGINAL,3356,3298,890,0.0,0.7851648351648352,1.0,0.5,0.6923076923076923,0.8421052631578947,0.9850505050505052,5,PASS,735,586,659,658,660
2019-06-28,252,5,delta_residual_degree_percentile_1m,ORIGINAL,3356,3296,1391,-0.3716592639684677,0.0006084088236093521,0.35436466336250305,-0.04115648567676544,-0.0060049742460250854,0.012949585914611816,0.043719977140426636,5,PASS,662,660,659,658,657
2019-06-28,252,6,delta_cross_industry_degree_percentile_1m,ORIGINAL,3356,3296,1103,-0.4815557843031026,-0.0008171705132372642,0.46305937804745906,-0.0505119731281829,-0.008622097013038621,0.012821540795319053,0.04846317766460795,5,PASS,660,669,650,659,658
2019-06-28,252,7,neighbor_jaccard_1m,ORIGINAL,3356,3268,891,0.0,0.6666666666666666,1.0,0.42857142857142855,0.6086956521739131,0.7272727272727273,0.8235294117647058,5,PASS,661,648,653,655,651
2019-06-28,252,8,neighbor_retention_1m,ORIGINAL,3356,3243,707,0.0,0.8461538461538461,1.0,0.6,0.8,0.8888888888888888,0.9523809523809523,5,PASS,664,720,598,613,648
2019-06-28,252,9,outside_community_degree_percentile,ORIGINAL,3356,3356,94,0.051102502979737785,0.4980631704410012,1.0,0.16284266984505363,0.4039034564958284,0.5768772348033373,0.7938021454112039,5,PASS,750,786,529,645,646
2019-07-31,60,1,residual_degree_percentile,ORIGINAL,3548,3548,132,0.00028184891561977565,0.5067643523216248,1.0,0.2039176970720291,0.40346673130989075,0.595828652381897,0.8003100156784058,5,PASS,765,714,660,720,689
2019-07-31,60,2,delta_degree_percentile,ORIGINAL,3548,3548,1531,-0.9584272988140583,0.013176441192626953,0.7912908643484116,-0.2302142024040222,-0.057638072967529166,0.09072717428207387,0.2562007009983063,5,PASS,710,709,710,713,706
2019-07-31,60,3,cross_industry_degree_percentile,ORIGINAL,3548,3548,113,0.00042277339346110483,0.4997181510710259,1.0,0.20574971815107101,0.3923337091319053,0.605129650507328,0.8008737316798196,5,PASS,782,661,747,673,685
2019-07-31,60,4,cross_industry_degree_ratio,ORIGINAL,3548,3548,776,0.25,0.8811541565778853,1.0,0.6956521739130435,0.84,0.9166666666666666,0.9722222222222222,5,PASS,716,706,727,697,702
2019-07-31,60,5,delta_residual_degree_percentile_1m,ORIGINAL,3548,3514,2292,-0.9221266210079193,0.02532285451889038,0.8487921953201294,-0.23439860343933105,-0.033507734537124634,0.08414389193058014,0.24409762024879456,5,PASS,704,703,705,701,701
2019-07-31,60,6,delta_cross_industry_degree_percentile_1m,ORIGINAL,3548,3514,1971,-0.9412169226954217,0.020656858196115735,0.8805716292529789,-0.25573265382816035,-0.04364328407048651,0.09463860703995991,0.26084153315591546,5,PASS,703,704,702,702,703
2019-07-31,60,7,neighbor_jaccard_1m,ORIGINAL,3548,3514,1153,0.0,0.1038961038961039,0.76,0.029411764705882353,0.07296747967479676,0.14595498783454983,0.2621359223300971,5,PASS,706,700,702,704,702
2019-07-31,60,8,neighbor_retention_1m,ORIGINAL,3548,3513,904,0.0,0.2127659574468085,1.0,0.05263157894736842,0.14285714285714285,0.2980381320806851,0.5384615384615384,5,PASS,707,715,686,704,701
2019-07-31,60,9,outside_community_degree_percentile,ORIGINAL,3548,3548,56,0.0011273957158962795,0.4899943630214205,1.0,0.20701803833145435,0.4305242390078918,0.596815107102593,0.790304396843292,5,PASS,838,799,561,655,695
2019-07-31,120,1,residual_degree_percentile,ORIGINAL,3561,3561,172,0.001123280031606555,0.49213704466819763,1.0,0.2052794098854065,0.38991856575012207,0.6039034128189087,0.797950029373169,5,PASS,778,647,751,678,707
2019-07-31,120,2,delta_degree_percentile,ORIGINAL,3561,3561,1677,-0.9543667696416378,0.016147136688232422,0.7944397479295731,-0.2509126663208008,-0.053496211767196655,0.08845829963684082,0.25582700967788696,5,PASS,713,752,672,712,712
2019-07-31,120,3,cross_industry_degree_percentile,ORIGINAL,3561,3561,155,0.0015445099691098006,0.4960685200786296,1.0,0.19067677618646448,0.38851446222971076,0.591968548160629,0.7987924740241505,5,PASS,741,692,714,719,695
2019-07-31,120,4,cross_industry_degree_ratio,ORIGINAL,3561,3554,895,0.0,0.8333333333333334,1.0,0.59375,0.7755102040816326,0.8823529411764706,0.9714285714285714,5,PASS,712,714,724,696,708
2019-07-31,120,5,delta_residual_degree_percentile_1m,ORIGINAL,3561,3544,1767,-0.5600398890674114,0.002351820468902588,0.6235648617148399,-0.06893560290336609,-0.011283361911773678,0.016291595995426178,0.06596163511276246,5,PASS,710,708,712,705,709
2019-07-31,120,6,delta_cross_industry_degree_percentile_1m,ORIGINAL,3561,3544,1468,-0.7345095224587097,-4.591240601919955e-05,0.6833916117974808,-0.0803543131052657,-0.014259930027830102,0.022550011855260368,0.08527887896278119,5,PASS,723,695,708,710,708
2019-07-31,120,7,neighbor_jaccard_1m,ORIGINAL,3561,3543,1111,0.0,0.5263157894736842,1.0,0.3125,0.47058823529411764,0.5882352941176471,0.7,5,PASS,710,724,703,700,706
2019-07-31,120,8,neighbor_retention_1m,ORIGINAL,3561,3534,873,0.0,0.7241379310344828,1.0,0.5,0.6666666666666666,0.7777777777777778,0.8592429577464789,5,PASS,825,649,675,678,707
2019-07-31,120,9,outside_community_degree_percentile,ORIGINAL,3561,3561,89,0.008424599831508003,0.5081437798371244,1.0,0.22409435551811288,0.36941870261162596,0.6119067677618646,0.7930356641392867,5,PASS,921,516,814,610,700
2019-07-31,252,1,residual_degree_percentile,ORIGINAL,3401,3401,194,0.007497794926166534,0.502058207988739,1.0,0.1952366977930069,0.4085563123226166,0.5976183414459229,0.8003528118133545,5,PASS,727,692,634,674,674
2019-07-31,252,2,delta_degree_percentile,ORIGINAL,3401,3401,1611,-0.9785357043147087,0.010144084692001343,0.7955013066530228,-0.2181711196899414,-0.05615997314453125,0.08247573673725128,0.24404586851596832,5,PASS,681,680,710,667,663
2019-07-31,252,3,cross_industry_degree_percentile,ORIGINAL,3401,3401,167,0.01367244927962364,0.4930902675683623,1.0,0.1961187885915907,0.40679211996471626,0.6058512202293443,0.7968244633931196,5,PASS,755,675,659,632,680
2019-07-31,252,4,cross_industry_degree_ratio,ORIGINAL,3401,3351,883,0.0,0.7777777777777778,1.0,0.4777777777777778,0.6714285714285714,0.8456375838926175,0.967741935483871,5,PASS,671,670,670,673,667
2019-07-31,252,5,delta_residual_degree_percentile_1m,ORIGINAL,3401,3356,1450,-0.45360056310892105,0.0017096400260925293,0.3330419361591339,-0.0434989333152771,-0.005392611026763916,0.013189136981964111,0.047602906823158264,5,PASS,672,671,675,671,667
2019-07-31,252,6,delta_cross_industry_degree_percentile_1m,ORIGINAL,3401,3356,1169,-0.5005251995924918,0.0005207313000207825,0.36060771756466503,-0.05618969776469723,-0.00807630722086572,0.015334873112759717,0.0547201552232236,5,PASS,674,669,683,659,671
2019-07-31,252,7,neighbor_jaccard_1m,ORIGINAL,3401,3334,940,0.0,0.6503012048192771,1.0,0.4,0.5833333333333334,0.7037037037037037,0.8,5,PASS,673,665,664,716,616
2019-07-31,252,8,neighbor_retention_1m,ORIGINAL,3401,3298,764,0.0,0.8260869565217391,1.0,0.6,0.7777777777777778,0.8631971232428898,0.9444444444444444,5,PASS,682,669,628,671,648
2019-07-31,252,9,outside_community_degree_percentile,ORIGINAL,3401,3401,93,0.04763304910320494,0.4622169950014702,1.0,0.1487797706556895,0.3703322552190532,0.6052631578947368,0.8021170244045869,5,PASS,688,739,735,602,637
2019-08-30,60,1,residual_degree_percentile,ORIGINAL,3566,3566,122,0.0002804262621793896,0.5057487487792969,1.0,0.19293326139450073,0.3925967514514923,0.5982893705368042,0.8020190596580505,5,PASS,730,721,715,712,688
2019-08-30,60,2,delta_degree_percentile,ORIGINAL,3566,3566,1489,-0.9691530931740999,0.016825556755065918,0.7570106387138367,-0.22700506448745728,-0.06533931195735931,0.09969156980514526,0.26402127742767334,5,PASS,715,733,692,713,713
2019-08-30,60,3,cross_industry_degree_percentile,ORIGINAL,3566,3566,104,0.00028042624789680314,0.5012619181155357,1.0,0.20148625911385307,0.38951205832865954,0.6015143017386427,0.802019068984857,5,PASS,772,668,743,699,684
2019-08-30,60,4,cross_industry_degree_ratio,ORIGINAL,3566,3566,756,0.11538461538461539,0.8809523809523809,1.0,0.7,0.8387096774193549,0.9130434782608695,0.9666666666666667,5,PASS,714,716,720,703,713
2019-08-30,60,5,delta_residual_degree_percentile_1m,ORIGINAL,3566,3537,2239,-0.89781753718853,0.018898308277130127,0.9561311565339565,-0.21717154383659362,-0.033723220229148865,0.06625771522521973,0.20608320236206065,5,PASS,708,709,706,706,708
2019-08-30,60,6,delta_cross_industry_degree_percentile_1m,ORIGINAL,3566,3537,1912,-0.9129021208064895,0.015563103493409197,0.9610100814342648,-0.23480446987425396,-0.03700393481970837,0.07185271330573535,0.2221795505718862,5,PASS,708,713,701,709,706
2019-08-30,60,7,neighbor_jaccard_1m,ORIGINAL,3566,3537,1180,0.0,0.11627906976744186,0.7916666666666666,0.03278688524590164,0.08,0.15748194014447875,0.2857142857142857,5,PASS,710,707,705,714,701
2019-08-30,60,8,neighbor_retention_1m,ORIGINAL,3566,3537,914,0.0,0.2169811320754717,1.0,0.06451612903225806,0.15151515151515152,0.29411764705882354,0.5,5,PASS,717,700,709,729,682
2019-08-30,60,9,outside_community_degree_percentile,ORIGINAL,3566,3566,61,0.0007010656197420079,0.48541783510936626,1.0,0.2042905215928211,0.37324733595064497,0.6181996634885025,0.7940269209197981,5,PASS,828,600,849,600,689
2019-08-30,120,1,residual_degree_percentile,ORIGINAL,3570,3570,166,0.0009803922148421407,0.49747899174690247,1.0,0.19775910675525665,0.3927170932292938,0.6056022644042969,0.7971988916397095,5,PASS,755,680,748,675,712
2019-08-30,120,2,delta_degree_percentile,ORIGINAL,3570,3570,1602,-0.9509803634136915,0.01022408902645111,0.8064425885677338,-0.2301120162010193,-0.06932773441076279,0.08431375026702881,0.2539775967597962,5,PASS,715,725,703,713,714
2019-08-30,120,3,cross_industry_degree_percentile,ORIGINAL,3570,3570,143,0.0012605042016806723,0.4964985994397759,0.999859943977591,0.18753501400560224,0.4026610644257703,0.5897759103641457,0.7955182072829131,5,PASS,726,750,671,715,708
2019-08-30,120,4,cross_industry_degree_ratio,ORIGINAL,3570,3564,915,0.0,0.8333333333333334,1.0,0.5882352941176471,0.7777777777777778,0.8809523809523809,0.9615384615384616,5,PASS,718,726,695,713,712
2019-08-30,120,5,delta_residual_degree_percentile_1m,ORIGINAL,3570,3557,1940,-0.784051880124025,0.012153370305895805,0.5739306807518005,-0.08322901725769041,-0.008855033433064818,0.034400331974029544,0.09757988154888153,5,PASS,712,713,709,712,711
2019-08-30,120,6,delta_cross_industry_degree_percentile_1m,ORIGINAL,3570,3557,1614,-0.7377488147744355,0.010688386559341512,0.6510048164168785,-0.10370587999310932,-0.010320016802003028,0.036470895013439246,0.1172231150252856,5,PASS,715,711,708,713,710
2019-08-30,120,7,neighbor_jaccard_1m,ORIGINAL,3570,3555,1178,0.0,0.4166666666666667,0.9411764705882353,0.2222222222222222,0.35714285714285715,0.47058823529411764,0.5844155844155844,5,PASS,715,711,711,708,710
2019-08-30,120,8,neighbor_retention_1m,ORIGINAL,3570,3550,959,0.0,0.6384099616858238,1.0,0.375,0.5625,0.7,0.8227848101265823,5,PASS,723,700,714,704,709
2019-08-30,120,9,outside_community_degree_percentile,ORIGINAL,3570,3570,80,0.008263305322128852,0.4943977591036415,1.0,0.17100840336134454,0.3780112044817927,0.5934173669467787,0.7987394957983194,5,PASS,729,740,724,691,686
2019-08-30,252,1,residual_degree_percentile,ORIGINAL,3451,3451,210,0.004491451662033796,0.5,1.0,0.1880614310503006,0.3933642506599426,0.6006954312324524,0.8009272813796997,5,PASS,711,683,697,677,683
2019-08-30,252,2,delta_degree_percentile,ORIGINAL,3451,3451,1594,-0.9445088654756546,0.009707331657409668,0.773688793182373,-0.21457546949386597,-0.05346280336380005,0.08186030387878418,0.24369746446609497,5,PASS,692,689,690,690,690
2019-08-30,252,3,cross_industry_degree_percentile,ORIGINAL,3451,3451,174,0.009562445667922342,0.5004346566212692,1.0,0.1845841784989858,0.3866995073891626,0.5931614024920313,0.7991886409736308,5,PASS,719,671,688,697,676
2019-08-30,252,4,cross_industry_degree_ratio,ORIGINAL,3451,3421,956,0.0,0.7857142857142857,1.0,0.48936170212765956,0.6871508379888268,0.85,0.9722222222222222,5,PASS,685,684,690,680,682
2019-08-30,252,5,delta_residual_degree_percentile_1m,ORIGINAL,3451,3401,1495,-0.42402976751327515,0.0030185580253601074,0.41322606801986694,-0.04422318935394287,-0.008818164467811584,0.014168977737426758,0.049427397549152374,5,PASS,691,678,675,690,667
2019-08-30,252,6,delta_cross_industry_degree_percentile_1m,ORIGINAL,3451,3401,1155,-0.5366787479878548,0.00200185722729207,0.3963995538496654,-0.058022931363787444,-0.011697941807389367,0.01601285557770138,0.05361421048967907,5,PASS,696,665,680,685,675
2019-08-30,252,7,neighbor_jaccard_1m,ORIGINAL,3451,3385,977,0.0,0.6538461538461539,1.0,0.42857142857142855,0.5944379161770467,0.7,0.8,5,PASS,703,651,698,707,626
2019-08-30,252,8,neighbor_retention_1m,ORIGINAL,3451,3351,776,0.0,0.8285714285714286,1.0,0.6111111111111112,0.7727272727272727,0.8666666666666667,0.9408284023668639,5,PASS,672,670,676,663,670
2019-08-30,252,9,outside_community_degree_percentile,ORIGINAL,3451,3451,104,0.036800927267458705,0.5094175601274993,1.0,0.22964358157055925,0.42828165749058245,0.5788177339901478,0.7883222254419009,5,PASS,991,631,479,666,684
2019-09-30,60,1,residual_degree_percentile,ORIGINAL,3588,3588,154,0.00027870680787600577,0.49749162793159485,1.0,0.19871795177459717,0.40440356731414795,0.5953177213668823,0.7952898740768433,5,PASS,755,743,667,708,715
2019-09-30,60,2,delta_degree_percentile,ORIGINAL,3588,3588,1458,-0.9661371232941747,0.008639931678771973,0.7761984467506409,-0.21502232551574707,-0.06563545763492584,0.0857023298740387,0.2578037977218628,5,PASS,719,719,731,704,715
2019-09-30,60,3,cross_industry_degree_percentile,ORIGINAL,3588,3588,138,0.0002787068004459309,0.4972129319955407,0.999860646599777,0.21042363433667782,0.4084448160535117,0.5940635451505016,0.802675585284281,5,PASS,811,711,647,732,687
2019-09-30,60,4,cross_industry_degree_ratio,ORIGINAL,3588,3587,773,0.1206896551724138,0.8857142857142857,1.0,0.7058823529411765,0.84,0.9166666666666666,0.9705882352941176,5,PASS,721,720,751,679,716
2019-09-30,60,5,delta_residual_degree_percentile_1m,ORIGINAL,3588,3556,2124,-0.9139252454042435,-0.0013117827475070953,0.9224663116037846,-0.17314696311950684,-0.04181179404258728,0.037465810775756836,0.17008838057518005,5,PASS,713,710,713,709,711
2019-09-30,60,6,delta_cross_industry_degree_percentile_1m,ORIGINAL,3588,3556,1864,-0.9481984411176784,-0.0030193497237317457,0.9231785267899291,-0.18352178477394893,-0.047621503972548884,0.042191410765991956,0.18350912338817438,5,PASS,714,709,711,713,709
2019-09-30,60,7,neighbor_jaccard_1m,ORIGINAL,3588,3556,1185,0.0,0.15,0.7307692307692307,0.047058823529411764,0.1111111111111111,0.2,0.32,5,PASS,712,722,737,675,710
2019-09-30,60,8,neighbor_retention_1m,ORIGINAL,3588,3556,896,0.0,0.26666666666666666,0.8846153846153846,0.08695652173913043,0.2,0.3333333333333333,0.5,5,PASS,724,717,721,716,678
2019-09-30,60,9,outside_community_degree_percentile,ORIGINAL,3588,3588,68,0.0008361204013377926,0.4842530657748049,1.0,0.1875696767001115,0.42795429208472685,0.5880713489409142,0.7989130434782609,5,PASS,765,874,546,726,677
2019-09-30,120,1,residual_degree_percentile,ORIGINAL,3580,3580,159,0.0006983240018598735,0.4991620182991028,1.0,0.19259776175022125,0.39678770303726196,0.595391035079956,0.7997206449508667,5,PASS,734,729,693,722,702
2019-09-30,120,2,delta_degree_percentile,ORIGINAL,3580,3580,1557,-0.9347765259444714,0.005935758352279663,0.7807262688875198,-0.21768153905868523,-0.06689943373203278,0.08033517599105838,0.2614525109529495,5,PASS,716,769,663,737,695
2019-09-30,120,3,cross_industry_degree_percentile,ORIGINAL,3580,3580,140,0.0008379888268156424,0.49050279329608937,1.0,0.20125698324022345,0.4111731843575419,0.5993016759776536,0.801536312849162,5,PASS,777,740,661,705,697
2019-09-30,120,4,cross_industry_degree_ratio,ORIGINAL,3580,3576,910,0.0,0.8409090909090909,1.0,0.5964912280701754,0.7777777777777778,0.8870967741935484,0.9642857142857143,5,PASS,716,720,710,716,714
2019-09-30,120,5,delta_residual_degree_percentile_1m,ORIGINAL,3580,3568,2101,-0.9076463729143143,0.01662716269493103,0.6893346235156059,-0.11541852355003354,-0.010572898387908931,0.048128798604011536,0.1289472997188569,5,PASS,714,713,715,712,714
2019-09-30,120,6,delta_cross_industry_degree_percentile_1m,ORIGINAL,3580,3568,1723,-0.8875580958640439,0.01427691188207128,0.722743454923869,-0.13418603195468135,-0.014811902414597122,0.053134829350734714,0.1441688966089229,5,PASS,714,714,716,711,713
2019-09-30,120,7,neighbor_jaccard_1m,ORIGINAL,3580,3565,1288,0.0,0.3076923076923077,1.0,0.14285714285714285,0.25442218798151006,0.3724678837052062,0.5094339622641509,5,PASS,719,707,713,714,712
2019-09-30,120,8,neighbor_retention_1m,ORIGINAL,3580,3562,1003,0.0,0.5185185185185185,1.0,0.25,0.42857142857142855,0.6030812324929972,0.7670319634703197,5,PASS,763,666,708,712,713
2019-09-30,120,9,outside_community_degree_percentile,ORIGINAL,3580,3580,79,0.005446927374301676,0.5064245810055866,1.0,0.22290502793296088,0.40460893854748603,0.5914804469273743,0.7972067039106145,5,PASS,903,650,639,697,691
2019-09-30,252,1,residual_degree_percentile,ORIGINAL,3482,3482,211,0.00560022983700037,0.49842044711112976,1.0,0.21223434805870056,0.39215967059135437,0.5985066294670105,0.7999712824821472,5,PASS,790,616,699,687,690
2019-09-30,252,2,delta_degree_percentile,ORIGINAL,3482,3482,1610,-0.9455772479996085,0.012277394533157349,0.7790063172578812,-0.21438828110694885,-0.054020690917968725,0.07510052621364594,0.2478460669517517,5,PASS,698,695,743,650,696
2019-09-30,252,3,cross_industry_degree_percentile,ORIGINAL,3482,3482,178,0.009477311889718553,0.5005743825387708,1.0,0.18408960367604824,0.3892877656519242,0.597501435956347,0.8029867892016083,5,PASS,727,682,698,701,674
2019-09-30,252,4,cross_industry_degree_ratio,ORIGINAL,3482,3444,917,0.0,0.7777777777777778,1.0,0.47810696421700655,0.6875,0.8461538461538461,0.9722222222222222,5,PASS,689,696,684,688,687
2019-09-30,252,5,delta_residual_degree_percentile_1m,ORIGINAL,3482,3451,1458,-0.38943690806627274,-0.0008538737893104553,0.4731062352657318,-0.03848457336425781,-0.0068201422691345215,0.006932258605957031,0.036627545952796936,5,PASS,691,705,675,692,688
2019-09-30,252,6,delta_cross_industry_degree_percentile_1m,ORIGINAL,3482,3451,1119,-0.3422795646809498,-0.0004945748229375768,0.5226410495272205,-0.04700283329874169,-0.006497255163825488,0.004310698511415523,0.047179175895040615,5,PASS,733,648,691,704,675
2019-09-30,252,7,neighbor_jaccard_1m,ORIGINAL,3482,3438,879,0.0,0.7105263157894737,1.0,0.5,0.6666666666666666,0.7503546099290777,0.842792937399679,5,PASS,771,734,558,687,688
2019-09-30,252,8,neighbor_retention_1m,ORIGINAL,3482,3421,741,0.0,0.8461538461538461,1.0,0.6666666666666666,0.8,0.88,0.9484536082474226,5,PASS,772,648,639,678,684
2019-09-30,252,9,outside_community_degree_percentile,ORIGINAL,3482,3482,110,0.04063756461803561,0.5140723721998851,1.0,0.2472716829408386,0.4369615163699024,0.5786904078116025,0.8111717403790925,5,PASS,1067,601,450,746,618
2019-10-31,60,1,residual_degree_percentile,ORIGINAL,3628,3628,160,0.00041345093632116914,0.5002756118774414,1.0,0.19046306610107422,0.41069459915161133,0.6019845604896545,0.8030595183372498,5,PASS,740,796,681,712,699
2019-10-31,60,2,delta_degree_percentile,ORIGINAL,3628,3628,1579,-0.9594818148761988,0.00861358642578125,0.7947905361652374,-0.22238147258758545,-0.0660143494606018,0.08619072437286347,0.2620452404022224,5,PASS,726,727,724,725,726
2019-10-31,60,3,cross_industry_degree_percentile,ORIGINAL,3628,3628,142,0.00041345093715545756,0.49462513781697903,1.0,0.19432194046306506,0.4097298787210584,0.5908213891951488,0.8031973539140022,5,PASS,762,776,644,752,694
2019-10-31,60,4,cross_industry_degree_ratio,ORIGINAL,3628,3628,782,0.1590909090909091,0.8918918918918919,1.0,0.7272727272727273,0.8545454545454545,0.92,0.96875,5,PASS,738,714,732,727,717
2019-10-31,60,5,delta_residual_degree_percentile_1m,ORIGINAL,3628,3581,1965,-0.8241429403424263,-0.009751200675964355,0.8378839306533337,-0.1439036726951599,-0.04000025987625122,0.016983866691589355,0.13455592095851898,5,PASS,718,715,716,717,715
2019-10-31,60,6,delta_cross_industry_degree_percentile_1m,ORIGINAL,3628,3581,1730,-0.8258841489271478,-0.008477050169682365,0.8775996246215794,-0.1572828207217738,-0.04707993937896626,0.0216679941345585,0.1412385889999619,5,PASS,717,716,716,716,716
2019-10-31,60,7,neighbor_jaccard_1m,ORIGINAL,3628,3581,1259,0.0,0.21739130434782608,0.8028169014084507,0.07142857142857142,0.16666666666666666,0.27586206896551724,0.4,5,PASS,720,739,693,715,714
2019-10-31,60,8,neighbor_retention_1m,ORIGINAL,3628,3580,926,0.0,0.36363636363636365,1.0,0.1399069767441861,0.2857142857142857,0.43478260869565216,0.5833333333333334,5,PASS,716,736,701,716,711
2019-10-31,60,9,outside_community_degree_percentile,ORIGINAL,3628,3628,62,0.00041345093715545756,0.49310915104740904,1.0,0.19239250275633957,0.37734288864388094,0.5871003307607497,0.7975468577728776,5,PASS,794,693,727,722,692
2019-10-31,120,1,residual_degree_percentile,ORIGINAL,3594,3594,174,0.0004173622583039105,0.5066778063774109,1.0,0.19351696968078613,0.3910684585571289,0.5904284715652466,0.7982748746871948,5,PASS,741,701,716,723,713
2019-10-31,120,2,delta_degree_percentile,ORIGINAL,3594,3594,1567,-0.9590984955430031,0.010573148727416992,0.7778241187334061,-0.19560379022732377,-0.05829159915447235,0.07276014983654022,0.2426266074180603,5,PASS,729,717,732,698,718
2019-10-31,120,3,cross_industry_degree_percentile,ORIGINAL,3594,3594,145,0.0006956037840845854,0.5082081246521981,1.0,0.2020033388981636,0.3989983305509182,0.5965498052309405,0.7992487479131887,5,PASS,782,699,697,710,706
2019-10-31,120,4,cross_industry_degree_ratio,ORIGINAL,3594,3594,866,0.08333333333333333,0.8498120300751879,1.0,0.6111111111111112,0.7957428132543339,0.8947368421052632,0.9642857142857143,5,PASS,721,717,727,715,714
2019-10-31,120,5,delta_residual_degree_percentile_1m,ORIGINAL,3594,3578,2075,-0.7805524803698063,0.017029106616973877,0.6681410446763039,-0.12647217512130737,-0.006917722523212433,0.04996773600578308,0.137202537059784,5,PASS,717,720,711,714,716
2019-10-31,120,6,delta_cross_industry_degree_percentile_1m,ORIGINAL,3594,3578,1714,-0.846282522391447,0.017379135927974354,0.6877246528198767,-0.13956445099374187,-0.009775215054264874,0.05491648091325396,0.15633683389137076,5,PASS,716,716,720,713,713
2019-10-31,120,7,neighbor_jaccard_1m,ORIGINAL,3594,3578,1296,0.0,0.2777777777777778,0.9142857142857143,0.11472527472527483,0.2222222222222222,0.3415917843388959,0.49122807017543857,5,PASS,716,731,700,716,715
2019-10-31,120,8,neighbor_retention_1m,ORIGINAL,3594,3574,1040,0.0,0.4696691176470588,1.0,0.19427860696517416,0.375,0.5555555555555556,0.75,5,PASS,715,722,711,746,680
2019-10-31,120,9,outside_community_degree_percentile,ORIGINAL,3594,3594,55,0.003478018920422927,0.5182248191430161,1.0,0.22022815804117973,0.40581524763494714,0.5724819143016138,0.7956316082359488,5,PASS,892,676,589,746,691
2019-10-31,252,1,residual_degree_percentile,ORIGINAL,3517,3517,212,0.005544498097151518,0.4943133294582367,1.0,0.21353426575660706,0.39323288202285767,0.5958203077316284,0.7998294234275818,5,PASS,803,611,700,708,695
2019-10-31,252,2,delta_degree_percentile,ORIGINAL,3517,3517,1635,-0.9731305334717035,0.007108330726623535,0.7807790786027908,-0.20116576552391052,-0.048336684703826904,0.06468582153320312,0.2266135960817337,5,PASS,706,702,706,704,699
2019-10-31,252,3,cross_industry_degree_percentile,ORIGINAL,3517,3517,181,0.010662496445834517,0.5046914984361672,1.0,0.18225760591413137,0.3945123684958772,0.5943986352004549,0.7965595678134774,5,PASS,737,723,664,692,701
2019-10-31,252,4,cross_industry_degree_ratio,ORIGINAL,3517,3479,947,0.0,0.7741935483870968,1.0,0.4666666666666667,0.6787061994609165,0.8461538461538461,0.975609756097561,5,PASS,700,692,697,695,695
2019-10-31,252,5,delta_residual_degree_percentile_1m,ORIGINAL,3517,3481,1516,-0.5655884593725204,0.002492845058441162,0.36364777386188507,-0.03669343888759613,-0.002060234546661377,0.01283717155456543,0.04644942283630371,5,PASS,722,671,698,695,695
2019-10-31,252,6,delta_cross_industry_degree_percentile_1m,ORIGINAL,3517,3481,1183,-0.6316401650994588,0.0033248697513692527,0.4103090315244067,-0.049505748479895056,-0.0025124540734859924,0.013049605452926882,0.051885099974735005,5,PASS,701,692,696,700,692
2019-10-31,252,7,neighbor_jaccard_1m,ORIGINAL,3517,3462,977,0.0,0.6666666666666666,1.0,0.42105263157894735,0.6,0.7105263157894737,0.8148148148148148,5,PASS,696,737,646,695,688
2019-10-31,252,8,neighbor_retention_1m,ORIGINAL,3517,3443,792,0.0,0.8265895953757225,1.0,0.5888386123680243,0.7741935483870968,0.8696781479390173,0.9425258799171845,5,PASS,689,690,687,688,689
2019-10-31,252,9,outside_community_degree_percentile,ORIGINAL,3517,3517,112,0.04336081887972704,0.5140744953085016,1.0,0.25177708274097244,0.4381575206141598,0.576485641171453,0.7903042365652545,5,PASS,1075,616,439,688,699
2019-11-29,60,1,residual_degree_percentile,ORIGINAL,3638,3638,225,0.00041231446084566414,0.5065970420837402,1.0,0.20588235557079315,0.4077790081501007,0.6077514886856079,0.7976910471916199,5,PASS,799,731,713,674,721
2019-11-29,60,2,delta_degree_percentile,ORIGINAL,3638,3638,1622,-0.9774601147510111,0.014430999755859375,0.7732270658016205,-0.20533259212970734,-0.04788345098495466,0.0818032026290892,0.23721826076507568,5,PASS,732,723,728,734,721
2019-11-29,60,3,cross_industry_degree_percentile,ORIGINAL,3638,3638,202,0.0006871907641561297,0.49546454095656955,1.0,0.18677844969763607,0.40338097855964816,0.6018416712479384,0.8019516217702034,5,PASS,748,779,702,699,710
2019-11-29,60,4,cross_industry_degree_ratio,ORIGINAL,3638,3638,789,0.11428571428571428,0.8888888888888888,1.0,0.737956541840037,0.8571428571428571,0.918918918918919,0.9865205479452056,5,PASS,728,783,679,720,728
2019-11-29,60,5,delta_residual_degree_percentile_1m,ORIGINAL,3638,3617,2067,-0.9080776385962963,0.00247911736369133,0.9114595167338848,-0.155898273922503,-0.0320456743240356,0.040737614035606384,0.16506064236164095,5,PASS,725,722,724,722,724
2019-11-29,60,6,delta_cross_industry_degree_percentile_1m,ORIGINAL,3638,3617,1783,-0.9236971257090869,-0.00019608045177899047,0.9271289882066852,-0.16033450052217413,-0.037357720448069565,0.04244967520955151,0.1754535155982454,5,PASS,724,725,722,726,720
2019-11-29,60,7,neighbor_jaccard_1m,ORIGINAL,3638,3617,1200,0.0,0.18181818181818182,0.7710843373493976,0.061224489795918366,0.1347018150388937,0.23076923076923078,0.36363636363636365,5,PASS,725,722,734,718,718
2019-11-29,60,8,neighbor_retention_1m,ORIGINAL,3638,3617,911,0.0,0.3,0.9032258064516129,0.10526315789473684,0.23076923076923078,0.375,0.5357142857142857,5,PASS,735,720,743,697,722
2019-11-29,60,9,outside_community_degree_percentile,ORIGINAL,3638,3638,95,0.0019241341396371632,0.5295492028587135,1.0,0.1838922484881803,0.398433205057724,0.580263881253436,0.789582188015393,5,PASS,794,783,610,738,713
2019-11-29,120,1,residual_degree_percentile,ORIGINAL,3600,3600,215,0.0006944444612599909,0.4925000071525574,1.0,0.1887499988079071,0.40319445729255676,0.5943055748939514,0.8026388883590698,5,PASS,724,769,673,737,697
2019-11-29,120,2,delta_degree_percentile,ORIGINAL,3600,3600,1536,-0.9616666855290532,0.01298612356185913,0.7655555605888367,-0.19055554270744324,-0.06027776002883911,0.0681944489479065,0.2263888716697693,5,PASS,722,719,732,714,713
2019-11-29,120,3,cross_industry_degree_percentile,ORIGINAL,3600,3600,190,0.0011111111111111111,0.49875,1.0,0.21847222222222223,0.3997222222222222,0.60125,0.7998611111111111,5,PASS,864,640,699,692,705
2019-11-29,120,4,cross_industry_degree_ratio,ORIGINAL,3600,3600,874,0.09375,0.8518518518518519,1.0,0.6153846153846154,0.8,0.8913043478260869,0.9655172413793104,5,PASS,725,768,669,720,718
2019-11-29,120,5,delta_residual_degree_percentile_1m,ORIGINAL,3600,3591,1984,-0.845094121992588,0.008745789527893066,0.8702940195798874,-0.11255031824111938,-0.015199169516563416,0.036380767822265625,0.1258808970451355,5,PASS,720,721,714,719,717
2019-11-29,120,6,delta_cross_industry_degree_percentile_1m,ORIGINAL,3600,3591,1634,-0.8600447505101094,0.012870061213133055,0.8535844462993878,-0.12806923576330925,-0.01635364496382863,0.04695603784084579,0.13209492672973466,5,PASS,719,718,720,716,718
2019-11-29,120,7,neighbor_jaccard_1m,ORIGINAL,3600,3591,1227,0.0,0.3333333333333333,0.8709677419354839,0.1566265060240964,0.2777777777777778,0.3945945945945946,0.525,5,PASS,719,724,712,719,717
2019-11-29,120,8,neighbor_retention_1m,ORIGINAL,3600,3591,980,0.0,0.5,1.0,0.25,0.42424242424242425,0.5813953488372093,0.7320261437908496,5,PASS,743,694,721,715,718
2019-11-29,120,9,outside_community_degree_percentile,ORIGINAL,3600,3600,86,0.0030555555555555557,0.5226388888888889,1.0,0.21305555555555555,0.4106944444444444,0.6158333333333333,0.7984722222222222,5,PASS,893,703,694,623,687
2019-11-29,252,1,residual_degree_percentile,ORIGINAL,3534,3534,213,0.006083757616579533,0.4980192482471466,1.0,0.18675722181797028,0.39926427602767944,0.5970571637153625,0.7988115549087524,5,PASS,723,726,683,697,705
2019-11-29,252,2,delta_degree_percentile,ORIGINAL,3534,3534,1648,-0.9139784909784794,0.006791174411773682,0.7765987366437912,-0.19793436527252195,-0.040124511718749985,0.06734578311443329,0.22625918388366703,5,PASS,707,707,724,689,707
2019-11-29,252,3,cross_industry_degree_percentile,ORIGINAL,3534,3534,189,0.011177136389360498,0.48571024335031127,1.0,0.19581211092246745,0.4067628749292586,0.599320882852292,0.7959818902093945,5,PASS,786,704,660,678,706
2019-11-29,252,4,cross_industry_degree_ratio,ORIGINAL,3534,3492,948,0.0,0.7692307692307693,1.0,0.4594594594594595,0.6666666666666666,0.8421052631578947,0.969507575757576,5,PASS,701,730,669,693,699
2019-11-29,252,5,delta_residual_degree_percentile_1m,ORIGINAL,3534,3515,1552,-0.5124655961990356,0.0037087202072143555,0.37473516166210175,-0.04067986365407704,-0.004702723026275631,0.010745668411254884,0.0445605635643006,5,PASS,703,703,703,703,703
2019-11-29,252,6,delta_cross_industry_degree_percentile_1m,ORIGINAL,3534,3515,1225,-0.5080548211218886,0.004937815982810623,0.491662132943409,-0.0480138591132826,-0.005711381005091441,0.013591957504812513,0.060364895931942886,5,PASS,704,702,729,677,703
2019-11-29,252,7,neighbor_jaccard_1m,ORIGINAL,3534,3497,979,0.0,0.6666666666666666,1.0,0.44692049272116463,0.6086956521739131,0.7210644007155634,0.8181818181818182,5,PASS,700,700,698,702,697
2019-11-29,252,8,neighbor_retention_1m,ORIGINAL,3534,3477,785,0.0,0.8333333333333334,1.0,0.6,0.7727272727272727,0.875,0.9438792452830189,5,PASS,716,681,735,649,696
2019-11-29,252,9,outside_community_degree_percentile,ORIGINAL,3534,3534,109,0.045557441992076966,0.5145727221279004,1.0,0.25565930956423316,0.35880022637238257,0.6211092246745897,0.7973967176004527,5,PASS,1103,329,839,577,686
2019-12-31,60,1,residual_degree_percentile,ORIGINAL,3641,3641,212,0.00027464982122182846,0.49725350737571716,1.0,0.20845921337604523,0.40085142850875854,0.6071134209632874,0.7979950308799744,5,PASS,811,701,730,676,723
2019-12-31,60,2,delta_degree_percentile,ORIGINAL,3641,3641,1689,-0.9412249140441418,0.022521257400512695,0.8001922816038132,-0.17907167971134186,-0.03845101594924927,0.07951110601425171,0.22026915848255157,5,PASS,736,721,728,747,709
2019-12-31,60,3,cross_industry_degree_percentile,ORIGINAL,3641,3641,196,0.00027464982147761604,0.4932710793737984,1.0,0.18566327931886845,0.39631969239219994,0.5996978851963746,0.7967591321065641,5,PASS,746,758,719,693,725
2019-12-31,60,4,cross_industry_degree_ratio,ORIGINAL,3641,3640,815,0.1111111111111111,0.8888888888888888,1.0,0.7197500000000001,0.8571428571428571,0.9166666666666666,0.9902443455354711,5,PASS,728,783,676,725,728
2019-12-31,60,5,delta_residual_degree_percentile_1m,ORIGINAL,3641,3622,2041,-0.790299516171217,0.006001465022563934,0.9050939083099365,-0.15449894778430462,-0.025961494445800776,0.04415264129638671,0.16626815497875214,5,PASS,726,723,724,729,720
2019-12-31,60,6,delta_cross_industry_degree_percentile_1m,ORIGINAL,3641,3622,1759,-0.8144895220111675,0.004139168341013962,0.9028837702792052,-0.17283865009990218,-0.02841191252456031,0.040990338335664296,0.17627234662830732,5,PASS,726,736,711,724,725
2019-12-31,60,7,neighbor_jaccard_1m,ORIGINAL,3641,3622,1145,0.0,0.156544545529055,0.6772908366533864,0.038461538461538464,0.11428571428571428,0.20833333333333334,0.3409090909090909,5,PASS,727,724,726,721,724
2019-12-31,60,8,neighbor_retention_1m,ORIGINAL,3641,3622,900,0.0,0.2857142857142857,1.0,0.07142857142857142,0.21428571428571427,0.3684210526315789,0.5555555555555556,5,PASS,733,729,721,723,716
2019-12-31,60,9,outside_community_degree_percentile,ORIGINAL,3641,3641,87,0.004669046965119473,0.489975281516067,1.0,0.22850865146937654,0.42831639659434223,0.5946168634990388,0.794012633891788,5,PASS,958,722,574,681,706
2019-12-31,120,1,residual_degree_percentile,ORIGINAL,3635,3635,228,0.000275103171588853,0.49257221817970276,1.0,0.21116918623447622,0.40756532549858093,0.5938102006912231,0.800825297832489,5,PASS,727,792,669,735,712
2019-12-31,120,2,delta_degree_percentile,ORIGINAL,3635,3635,1571,-0.9639615006744862,0.016918838024139404,0.733425036072731,-0.18624484771862626,-0.05590094327926634,0.07482806444168097,0.21705637872219086,5,PASS,732,722,727,736,718
2019-12-31,120,3,cross_industry_degree_percentile,ORIGINAL,3635,3635,203,0.0005502063273727648,0.5035763411279229,1.0,0.20715268225584593,0.41086657496561213,0.5983493810178817,0.7971114167812955,5,PASS,828,723,665,692,727
2019-12-31,120,4,cross_industry_degree_ratio,ORIGINAL,3635,3634,892,0.0,0.8587907375643224,1.0,0.6081081081081081,0.8095238095238095,0.9,0.9730674342105264,5,PASS,729,726,766,686,727
2019-12-31,120,5,delta_residual_degree_percentile_1m,ORIGINAL,3635,3597,1826,-0.7522483915090561,0.00247173011302948,0.7678882256150246,-0.09198262691497801,-0.015765464305877684,0.02635204792022705,0.10131019353866577,5,PASS,720,719,720,719,719
2019-12-31,120,6,delta_cross_industry_degree_percentile_1m,ORIGINAL,3635,3597,1479,-0.8640163151459576,0.004402987926027779,0.7764825003820877,-0.10838797187834326,-0.015140035152070928,0.029619784502521757,0.11106010239951103,5,PASS,723,716,719,721,718
2019-12-31,120,7,neighbor_jaccard_1m,ORIGINAL,3635,3597,1173,0.0,0.375,0.9166666666666666,0.171875,0.31261013215859035,0.4375,0.56,5,PASS,721,718,728,716,714
2019-12-31,120,8,neighbor_retention_1m,ORIGINAL,3635,3597,929,0.0,0.5471698113207547,1.0,0.28,0.47368421052631576,0.625,0.75,5,PASS,721,721,746,695,714
2019-12-31,120,9,outside_community_degree_percentile,ORIGINAL,3635,3635,105,0.004401650618982118,0.5092159559834938,1.0,0.18253094910591472,0.38995873452544705,0.6126547455295736,0.8002751031636863,5,PASS,786,752,765,640,692
2019-12-31,252,1,residual_degree_percentile,ORIGINAL,3552,3552,219,0.006756756920367479,0.5009853839874268,1.0,0.19228602945804596,0.399352490901947,0.599662184715271,0.7981418967247009,5,PASS,740,714,697,693,708
2019-12-31,252,2,delta_degree_percentile,ORIGINAL,3552,3552,1651,-0.8783783987164497,0.005912154912948608,0.7684403210878372,-0.1985923290252685,-0.048001110553741455,0.06587837636470795,0.21956646442413347,5,PASS,711,712,734,684,711
2019-12-31,252,3,cross_industry_degree_percentile,ORIGINAL,3552,3552,190,0.01097972972972973,0.49000563063063063,1.0,0.19791666666666666,0.40118243243243246,0.5930461711711712,0.8032094594594594,5,PASS,802,678,667,719,686
2019-12-31,252,4,cross_industry_degree_ratio,ORIGINAL,3552,3505,941,0.0,0.7777777777777778,1.0,0.46153846153846156,0.6666666666666666,0.85,0.9822660098522169,5,PASS,708,713,688,695,701
2019-12-31,252,5,delta_residual_degree_percentile_1m,ORIGINAL,3552,3533,1522,-0.5601346790790558,0.0024988949298858643,0.3847319632768631,-0.034433066844940186,-0.003607296943664546,0.00960385799407959,0.04193669557571422,5,PASS,708,705,708,705,707
2019-12-31,252,6,delta_cross_industry_degree_percentile_1m,ORIGINAL,3552,3533,1166,-0.5720323995472553,0.00039696423928173297,0.4928845175820982,-0.04973046582235886,-0.004235161519754005,0.00832267432967768,0.053484060248703724,5,PASS,733,689,698,721,692
2019-12-31,252,7,neighbor_jaccard_1m,ORIGINAL,3552,3514,966,0.0,0.6666666666666666,1.0,0.4527272727272728,0.6141638499919524,0.7297297297297297,0.8333333333333334,5,PASS,703,703,703,743,662
2019-12-31,252,8,neighbor_retention_1m,ORIGINAL,3552,3491,773,0.0,0.8333333333333334,1.0,0.6,0.7857142857142857,0.875,0.9390243902439024,5,PASS,705,711,704,673,698
2019-12-31,252,9,outside_community_degree_percentile,ORIGINAL,3552,3552,105,0.051661036036036036,0.5260416666666666,1.0,0.16188063063063063,0.37148085585585583,0.5851632882882883,0.801097972972973,5,PASS,783,703,680,715,671
2020-01-23,60,1,residual_degree_percentile,ORIGINAL,3663,3663,223,0.0006825006566941738,0.5001364946365356,1.0,0.18727818131446838,0.40745291113853455,0.6066066026687622,0.8007097840309143,5,PASS,745,792,710,691,725
2020-01-23,60,2,delta_degree_percentile,ORIGINAL,3663,3663,1648,-0.9448539335280657,0.020748019218444824,0.7683592736721039,-0.19164621829986572,-0.042451538145542145,0.08094458281993866,0.2238602340221405,5,PASS,734,764,702,731,732
2020-01-23,60,3,cross_industry_degree_percentile,ORIGINAL,3663,3663,192,0.0012285012285012285,0.5084630084630085,1.0,0.18181818181818182,0.411001911001911,0.5999180999181,0.799071799071799,5,PASS,747,823,658,711,724
2020-01-23,60,4,cross_industry_degree_ratio,ORIGINAL,3663,3659,887,0.0,0.875,1.0,0.6428571428571429,0.8333333333333334,0.9090909090909091,1.0,4,FEWER_THAN_5_PORTFOLIOS,0,0,0,0,0
2020-01-23,60,5,delta_residual_degree_percentile_1m,ORIGINAL,3663,3630,2141,-0.8305373415350914,-0.015353977680206299,0.9265216896310449,-0.16622624546289444,-0.05305006504058836,0.015975475311279297,0.15883369445800782,5,PASS,729,723,730,722,726
2020-01-23,60,6,delta_cross_industry_degree_percentile_1m,ORIGINAL,3663,3630,1785,-0.8085934052701425,-0.007457608666067872,0.8915294036139958,-0.17220717009236636,-0.04693435539356988,0.021155624176772254,0.16370011868501302,5,PASS,726,726,726,726,726
2020-01-23,60,7,neighbor_jaccard_1m,ORIGINAL,3663,3630,1157,0.0,0.14285714285714285,0.75,0.030612244897959183,0.09984063745019926,0.19458874458874462,0.3333333333333333,5,PASS,727,725,726,731,721
2020-01-23,60,8,neighbor_retention_1m,ORIGINAL,3663,3629,850,0.0,0.25,0.9,0.0625,0.18181818181818182,0.3333333333333333,0.5,5,PASS,731,728,800,702,668
2020-01-23,60,9,outside_community_degree_percentile,ORIGINAL,3663,3663,63,0.018837018837018837,0.5163800163800164,1.0,0.16107016107016106,0.4362544362544363,0.5885885885885885,0.7810537810537811,5,PASS,758,987,529,657,732
2020-01-23,120,1,residual_degree_percentile,ORIGINAL,3647,3647,220,0.0008225939236581326,0.5079517364501953,1.0,0.2171647995710373,0.4097888767719269,0.6029613614082336,0.8002467751502991,5,PASS,859,678,690,699,721
2020-01-23,120,2,delta_degree_percentile,ORIGINAL,3647,3647,1644,-0.9284343551844358,0.02056485414505005,0.7311488538980484,-0.18489169664680952,-0.04140388965606683,0.06865916252136227,0.22018097341060638,5,PASS,730,729,729,748,711
2020-01-23,120,3,cross_industry_degree_percentile,ORIGINAL,3647,3647,194,0.001782286811077598,0.4925966547847546,1.0,0.2033177954483137,0.39895804771044696,0.5880175486701399,0.8017548670139841,5,PASS,825,691,673,751,707
2020-01-23,120,4,cross_industry_degree_ratio,ORIGINAL,3647,3642,935,0.0,0.8461538461538461,1.0,0.5714285714285714,0.8,0.8888888888888888,0.9742240215924428,5,PASS,747,787,669,710,729
2020-01-23,120,5,delta_residual_degree_percentile_1m,ORIGINAL,3647,3632,1842,-0.5539493709802628,-0.017295897006988525,0.8605327717959881,-0.09787881374359131,-0.0362648144364357,0.0019572257995605457,0.08104059100151062,5,PASS,728,736,715,731,722
2020-01-23,120,6,delta_cross_industry_degree_percentile_1m,ORIGINAL,3647,3632,1433,-0.560365003890443,-0.011510280160928199,0.9024502059124927,-0.1144015487847975,-0.03939941969601363,0.004985613092707952,0.09382767921024948,5,PASS,727,731,723,727,724
2020-01-23,120,7,neighbor_jaccard_1m,ORIGINAL,3647,3632,1180,0.0,0.4065148305084746,1.0,0.1905488913122501,0.34061895551257254,0.47058823529411764,0.6,5,PASS,727,726,737,728,714
2020-01-23,120,8,neighbor_retention_1m,ORIGINAL,3647,3631,867,0.0,0.55,1.0,0.3111111111111111,0.4888888888888889,0.6153846153846154,0.7368421052631579,5,PASS,727,727,725,728,724
2020-01-23,120,9,outside_community_degree_percentile,ORIGINAL,3647,3647,53,0.011242116808335619,0.46065259117082535,1.0,0.19851933095695093,0.37304633945708804,0.6022758431587606,0.7863997806416233,5,PASS,889,634,782,627,715
2020-01-23,252,1,residual_degree_percentile,ORIGINAL,3560,3560,215,0.008005618117749691,0.5022472143173218,1.0,0.19536517560482025,0.4001404643058777,0.6023876667022705,0.7978932857513428,5,PASS,754,702,701,692,711
2020-01-23,252,2,delta_degree_percentile,ORIGINAL,3560,3560,1658,-0.9210674278438091,0.006601125001907349,0.7863764017820358,-0.1889045089483261,-0.04955054521560665,0.06601125001907349,0.2185674071311953,5,PASS,716,708,713,711,712
2020-01-23,252,3,cross_industry_degree_percentile,ORIGINAL,3560,3560,194,0.014887640449438203,0.5044943820224719,1.0,0.20575842696629212,0.41376404494382024,0.5921348314606741,0.8016853932584269,5,PASS,829,705,609,722,695
2020-01-23,252,4,cross_industry_degree_ratio,ORIGINAL,3560,3504,972,0.0,0.75,1.0,0.4230769230769231,0.6666666666666666,0.8374418604651163,0.9696969696969697,5,PASS,702,773,627,704,698
2020-01-23,252,5,delta_residual_degree_percentile_1m,ORIGINAL,3560,3550,1556,-0.42188192903995514,-0.0007651746273040771,0.7529595494270325,-0.046329968608915806,-0.012803852558135972,0.003571644425392151,0.03646278381347656,5,PASS,716,704,725,696,709
2020-01-23,252,6,delta_cross_industry_degree_percentile_1m,ORIGINAL,3560,3550,1163,-0.47576741066909606,0.003907910719708472,0.6219572451665148,-0.04468632958801497,-0.00573596770928236,0.010721290110335055,0.050045867496710195,5,PASS,718,702,728,704,698
2020-01-23,252,7,neighbor_jaccard_1m,ORIGINAL,3560,3523,1009,0.0,0.6764705882352942,1.0,0.4375,0.6153846153846154,0.7307692307692307,0.8306649282920471,5,PASS,711,713,693,701,705
2020-01-23,252,8,neighbor_retention_1m,ORIGINAL,3560,3503,807,0.0,0.8181818181818182,1.0,0.6,0.7647058823529411,0.8571428571428571,0.9302325581395349,5,PASS,706,702,699,697,699
2020-01-23,252,9,outside_community_degree_percentile,ORIGINAL,3560,3560,99,0.04985955056179775,0.5148876404494382,1.0,0.1577247191011236,0.3646067415730337,0.6213483146067416,0.7964887640449438,5,PASS,768,690,842,567,693
2020-02-28,60,1,residual_degree_percentile,ORIGINAL,3697,3697,252,0.027048958465456963,0.4975655972957611,1.0,0.18190424144268036,0.406681090593338,0.6025155782699585,0.8011901378631592,5,PASS,758,777,708,727,727
2020-02-28,60,2,delta_degree_percentile,ORIGINAL,3697,3697,1493,-0.9142547715455294,-0.012983500957489014,0.7009737938642502,-0.18479845523834226,-0.06288883090019226,0.05052745342254637,0.20083852112293243,5,PASS,740,806,672,745,734
2020-02-28,60,3,cross_industry_degree_percentile,ORIGINAL,3697,3697,226,0.040843927508790914,0.5090614011360562,1.0,0.19137138220178523,0.3974844468487963,0.6048147146334866,0.7986205031106303,5,PASS,826,712,729,692,738
2020-02-28,60,4,cross_industry_degree_ratio,ORIGINAL,3697,3498,958,0.0,0.8453646127755794,1.0,0.5,0.7777777777777778,0.8955483452303699,1.0,4,FEWER_THAN_5_PORTFOLIOS,0,0,0,0,0
2020-02-28,60,5,delta_residual_degree_percentile_1m,ORIGINAL,3697,3662,2262,-0.8320515751838684,-0.02200525999069214,0.9265956599265337,-0.22322617769241324,-0.07352638244628906,0.026284638326615078,0.2226181961596012,5,PASS,733,733,731,733,732
2020-02-28,60,6,delta_cross_industry_degree_percentile_1m,ORIGINAL,3697,3662,1883,-0.846133959469096,-0.01615265153268941,0.9390632671671352,-0.24867066146481878,-0.08045047777263081,0.04652199350603464,0.24401838827048467,5,PASS,733,732,733,731,733
2020-02-28,60,7,neighbor_jaccard_1m,ORIGINAL,3697,3660,1085,0.0,0.0706923477355544,0.7083333333333334,0.0,0.041666666666666664,0.10256410256410256,0.21621621621621623,4,FEWER_THAN_5_PORTFOLIOS,0,0,0,0,0
2020-02-28,60,8,neighbor_retention_1m,ORIGINAL,3697,3658,872,0.0,0.13333333333333333,1.0,0.0,0.08695652173913043,0.18181818181818182,0.3448275862068966,4,FEWER_THAN_5_PORTFOLIOS,0,0,0,0,0
2020-02-28,60,9,outside_community_degree_percentile,ORIGINAL,3697,3697,114,0.14674060048688126,0.5055450365160942,1.0,0.14674060048688126,0.3725994049229105,0.5988639437381661,0.7902353259399513,4,FEWER_THAN_5_PORTFOLIOS,0,0,0,0,0
2020-02-28,120,1,residual_degree_percentile,ORIGINAL,3657,3657,274,0.02638774923980236,0.4994530975818634,1.0,0.18444079160690308,0.39089417457580566,0.5980311632156372,0.7983319759368896,5,PASS,758,718,733,717,731
2020-02-28,120,2,delta_degree_percentile,ORIGINAL,3657,3657,1513,-0.901968851685524,-0.0002734661102294922,0.7214930206537247,-0.19469510205090046,-0.059338271617889404,0.04566584527492523,0.1971561461687088,5,PASS,767,697,768,696,729
2020-02-28,120,3,cross_industry_degree_percentile,ORIGINAL,3657,3657,236,0.03978671041837572,0.4946677604593929,1.0,0.19934372436423298,0.41700847689362863,0.5943396226415094,0.8025704129067541,5,PASS,851,747,614,734,711
2020-02-28,120,4,cross_industry_degree_ratio,ORIGINAL,3657,3465,913,0.0,0.8181818181818182,1.0,0.42796352583586644,0.75,0.87907995618839,1.0,4,FEWER_THAN_5_PORTFOLIOS,0,0,0,0,0
2020-02-28,120,5,delta_residual_degree_percentile_1m,ORIGINAL,3657,3647,2041,-0.7712817192077637,-0.019156694412231445,0.8763646688312292,-0.15590912103652954,-0.05769091844558716,0.011437878012657166,0.1415773183107376,5,PASS,731,729,735,728,724
2020-02-28,120,6,delta_cross_industry_degree_percentile_1m,ORIGINAL,3657,3647,1638,-0.8222917102013118,-0.011158215378344938,0.9004000051285592,-0.17117338811594363,-0.05542791641258177,0.020082605793967263,0.16574236382644203,5,PASS,733,729,726,730,729
2020-02-28,120,7,neighbor_jaccard_1m,ORIGINAL,3657,3645,1172,0.0,0.18421052631578946,1.0,0.043478260869565216,0.13587223587223604,0.25,0.38713773681515623,5,PASS,736,722,775,683,729
2020-02-28,120,8,neighbor_retention_1m,ORIGINAL,3657,3642,956,0.0,0.2777777777777778,1.0,0.07692307692307693,0.2,0.35,0.5333333333333333,5,PASS,741,722,729,724,726
2020-02-28,120,9,outside_community_degree_percentile,ORIGINAL,3657,3657,64,0.13166529942575883,0.4805851791085589,1.0,0.13166529942575883,0.344271260596117,0.5764287667487011,0.811457478807766,4,FEWER_THAN_5_PORTFOLIOS,0,0,0,0,0
2020-02-28,252,1,residual_degree_percentile,ORIGINAL,3566,3566,233,0.017386427149176598,0.5009815096855164,1.0,0.18704430758953094,0.40367358922958374,0.5996915102005005,0.8018788695335388,5,PASS,730,745,684,708,699
2020-02-28,252,2,delta_degree_percentile,ORIGINAL,3566,3566,1628,-0.9336791727691889,-0.0056085288524627686,0.7763600796461105,-0.1819966435432434,-0.04781267046928406,0.053421199321746826,0.23121143877506256,5,PASS,718,717,705,722,704
2020-02-28,252,3,cross_industry_degree_percentile,ORIGINAL,3566,3566,197,0.030145821648906338,0.49649467190129,1.0,0.22630398205272015,0.40577678070667417,0.5905776780706674,0.8017386427369602,5,PASS,914,590,642,725,695
2020-02-28,252,4,cross_industry_degree_ratio,ORIGINAL,3566,3443,986,0.0,0.75,1.0,0.37777777777777777,0.6666666666666666,0.8333333333333334,1.0,4,FEWER_THAN_5_PORTFOLIOS,0,0,0,0,0
2020-02-28,252,5,delta_residual_degree_percentile_1m,ORIGINAL,3566,3559,1861,-0.5606275796890259,-0.015978455543518066,0.8917070105671883,-0.08840872049331665,-0.034984052181243896,0.0023711085319518105,0.06124138832092285,5,PASS,712,714,709,713,711
2020-02-28,252,6,delta_cross_industry_degree_percentile_1m,ORIGINAL,3566,3559,1421,-0.5630461222406372,-0.013961288574363406,0.914304731956619,-0.10772594793524358,-0.04197602828208985,0.004084581597736438,0.07326568969102701,5,PASS,712,714,709,726,698
2020-02-28,252,7,neighbor_jaccard_1m,ORIGINAL,3566,3524,1206,0.0,0.46153846153846156,1.0,0.2222222222222222,0.4,0.5217391304347826,0.6722442057659694,5,PASS,709,741,666,703,705
2020-02-28,252,8,neighbor_retention_1m,ORIGINAL,3566,3503,927,0.0,0.6,1.0,0.3333333333333333,0.5235930735930738,0.675135135135135,0.8,5,PASS,763,638,701,721,680
2020-02-28,252,9,outside_community_degree_percentile,ORIGINAL,3566,3566,76,0.10277621985417836,0.49340998317442514,1.0,0.10277621985417836,0.395260796410544,0.5765563656758272,0.802720134604599,4,FEWER_THAN_5_PORTFOLIOS,0,0,0,0,0
2020-03-31,60,1,residual_degree_percentile,ORIGINAL,3718,3718,217,0.011699838563799858,0.49973103404045105,1.0,0.19002151489257812,0.3969876170158386,0.5974179625511153,0.798547625541687,5,PASS,752,755,724,744,743
2020-03-31,60,2,delta_degree_percentile,ORIGINAL,3718,3718,1683,-0.8465573042631149,-0.0014792978763580322,0.7638515532016754,-0.1798009742051363,-0.05688542127609253,0.05554060637950897,0.21947282552719116,5,PASS,810,736,693,736,743
2020-03-31,60,3,cross_industry_degree_percentile,ORIGINAL,3718,3718,194,0.018423883808499193,0.4943518020441097,1.0,0.19889725658956428,0.385691231845078,0.5941366325981711,0.7978752017213556,5,PASS,816,673,747,744,738
2020-03-31,60,4,cross_industry_degree_ratio,ORIGINAL,3718,3632,1040,0.0,0.8,1.0,0.5,0.7178134233853948,0.8666666666666667,1.0,4,FEWER_THAN_5_PORTFOLIOS,0,0,0,0,0
2020-03-31,60,5,delta_residual_degree_percentile_1m,ORIGINAL,3718,3679,2140,-0.8097066804766655,-0.00022366642951965332,0.7781784534454346,-0.12694138288497922,-0.03155772387981415,0.024791598320007324,0.12625925540924074,5,PASS,736,738,734,735,736
2020-03-31,60,6,delta_cross_industry_degree_percentile_1m,ORIGINAL,3718,3679,1761,-0.698024749433376,-0.002657534720954091,0.8172787190753941,-0.1487118206277192,-0.035911457511091316,0.027080307179555844,0.1365783256505464,5,PASS,736,746,725,738,734
2020-03-31,60,7,neighbor_jaccard_1m,ORIGINAL,3718,3640,1266,0.0,0.2,1.0,0.025,0.14285714285714285,0.2656511478223557,0.42337081607154603,5,PASS,729,749,706,728,728
2020-03-31,60,8,neighbor_retention_1m,ORIGINAL,3718,3479,1037,0.0,0.4431137724550898,1.0,0.1,0.3333333333333333,0.5184733514001806,0.7272727272727273,5,PASS,703,737,647,700,692
2020-03-31,60,9,outside_community_degree_percentile,ORIGINAL,3718,3718,78,0.08700914470145239,0.4592522861753631,1.0,0.24341043571812804,0.3648466917697687,0.5981710597095212,0.8008337816030123,5,PASS,1163,386,787,676,706
2020-03-31,120,1,residual_degree_percentile,ORIGINAL,3668,3668,246,0.017448199912905693,0.5028625726699829,1.0,0.1864776462316513,0.4058069884777069,0.5967829823493958,0.8012540936470032,5,PASS,755,763,686,744,720
2020-03-31,120,2,delta_degree_percentile,ORIGINAL,3668,3668,1664,-0.8874045573174953,-0.002181023359298706,0.7607688158750534,-0.17121046967804432,-0.06055071353912351,0.048009836673736546,0.20174480974674225,5,PASS,804,663,734,747,720
2020-03-31,120,3,cross_industry_degree_percentile,ORIGINAL,3668,3668,204,0.031215921483097056,0.5068157033805889,1.0,0.2226008724100327,0.3914940021810251,0.5914667393675027,0.8023446019629226,5,PASS,906,593,708,746,715
2020-03-31,120,4,cross_industry_degree_ratio,ORIGINAL,3668,3541,1017,0.0,0.78125,1.0,0.40384615384615385,0.6842105263157895,0.8515625,1.0,4,FEWER_THAN_5_PORTFOLIOS,0,0,0,0,0
2020-03-31,120,5,delta_residual_degree_percentile_1m,ORIGINAL,3668,3654,1913,-0.5342846512794495,-0.0067158043384552,0.7025624513626099,-0.1050378918647766,-0.028489910066127777,0.012540623545646667,0.08687943220138554,5,PASS,731,750,733,709,731
2020-03-31,120,6,delta_cross_industry_degree_percentile_1m,ORIGINAL,3668,3654,1473,-0.6318867492140228,-0.008570788935278663,0.7091895362682643,-0.10451727002694824,-0.03153625395075965,0.012124251036762236,0.1023600486540952,5,PASS,731,731,730,734,728
2020-03-31,120,7,neighbor_jaccard_1m,ORIGINAL,3668,3588,1210,0.0,0.3333333333333333,1.0,0.07692307692307693,0.25,0.40357624831309036,0.5714285714285714,5,PASS,724,760,669,736,699
2020-03-31,120,8,neighbor_retention_1m,ORIGINAL,3668,3462,937,0.0,0.5555555555555556,1.0,0.2222222222222222,0.47619047619047616,0.6542657342657342,0.801021434945226,5,PASS,701,687,689,692,693
2020-03-31,120,9,outside_community_degree_percentile,ORIGINAL,3668,3668,85,0.11504907306434024,0.5226281352235551,0.9998636859323882,0.11504907306434024,0.43416030534351147,0.5886041439476554,0.7925299890948746,4,FEWER_THAN_5_PORTFOLIOS,0,0,0,0,0
2020-03-31,252,1,residual_degree_percentile,ORIGINAL,3579,3579,225,0.017323274165391922,0.5023749470710754,1.0,0.18622520565986633,0.3977367877960205,0.6056160926818848,0.801061749458313,5,PASS,735,719,739,681,705
2020-03-31,252,2,delta_degree_percentile,ORIGINAL,3579,3579,1674,-0.9165968112647533,-0.0058675408363342285,0.7940765470266342,-0.18385021090507508,-0.07049455642700193,0.04526406526565552,0.21648504734039312,5,PASS,716,716,719,712,716
2020-03-31,252,3,cross_industry_degree_percentile,ORIGINAL,3579,3579,186,0.029617211511595416,0.5107571947471361,0.9998602961721151,0.22827605476390053,0.4090528080469405,0.6031014249790444,0.7982676725342275,5,PASS,928,611,658,675,707
2020-03-31,252,4,cross_industry_degree_ratio,ORIGINAL,3579,3456,990,0.0,0.71875,1.0,0.33707865168539325,0.6052631578947368,0.8,0.96875,5,PASS,692,691,699,688,686
2020-03-31,252,5,delta_residual_degree_percentile_1m,ORIGINAL,3579,3566,1795,-0.6264001093804836,-0.0004887282848358154,0.6542783230543137,-0.06281715631484985,-0.011179894208908081,0.0101165771484375,0.06329098343849182,5,PASS,716,712,712,714,712
2020-03-31,252,6,delta_cross_industry_degree_percentile_1m,ORIGINAL,3579,3566,1321,-0.7326794677056934,0.000480324952827349,0.7212264961825519,-0.0723800596017431,-0.007290494796012736,0.010846674147834079,0.07429618809917704,5,PASS,715,715,711,712,713
2020-03-31,252,7,neighbor_jaccard_1m,ORIGINAL,3579,3507,1152,0.0,0.5,1.0,0.24027586206896556,0.42857142857142855,0.575,0.7076172607879926,5,PASS,702,720,683,700,702
2020-03-31,252,8,neighbor_retention_1m,ORIGINAL,3579,3443,949,0.0,0.7,1.0,0.4,0.625,0.7692307692307693,0.8767582673497908,5,PASS,712,683,678,681,689
2020-03-31,252,9,outside_community_degree_percentile,ORIGINAL,3579,3579,71,0.10631461302039676,0.5113160100586757,1.0,0.10631461302039676,0.4188320759988824,0.5866163732886281,0.7947750768371054,4,FEWER_THAN_5_PORTFOLIOS,0,0,0,0,0
2020-04-30,60,1,residual_degree_percentile,ORIGINAL,3744,3744,208,0.002537393243983388,0.5,1.0,0.19711539149284363,0.3969016969203949,0.5970886945724487,0.7999466061592102,5,PASS,780,749,728,745,742
2020-04-30,60,2,delta_degree_percentile,ORIGINAL,3744,3744,1885,-0.9827724350616336,0.010950848460197449,0.7666933685541153,-0.21444978713989257,-0.055528867244720455,0.07678952813148499,0.24895832538604745,5,PASS,749,749,749,748,749
2020-04-30,60,3,cross_industry_degree_percentile,ORIGINAL,3744,3744,175,0.004540598290598291,0.5058760683760684,1.0,0.1955128205128205,0.39850427350427353,0.6038995726495726,0.7952724358974359,5,PASS,807,746,741,702,748
2020-04-30,60,4,cross_industry_degree_ratio,ORIGINAL,3744,3726,1041,0.0,0.8125,1.0,0.51875,0.7419354838709677,0.8666666666666667,0.9782608695652174,5,PASS,746,745,748,743,744
2020-04-30,60,5,delta_residual_degree_percentile_1m,ORIGINAL,3744,3707,2326,-0.7781485393643379,0.00463026762008667,0.7053953111171722,-0.1473008632659912,-0.02880692481994628,0.044261944293975806,0.15025475323200235,5,PASS,742,741,741,741,742
2020-04-30,60,6,delta_cross_industry_degree_percentile_1m,ORIGINAL,3744,3707,1857,-0.8264131701631702,0.0031995248341402105,0.7412923614846693,-0.17130943308827923,-0.036017534815611735,0.04546070916263216,0.1702705681071065,5,PASS,742,746,736,742,741
2020-04-30,60,7,neighbor_jaccard_1m,ORIGINAL,3744,3700,1272,0.0,0.23076923076923078,1.0,0.06590663227094952,0.1752631578947369,0.2857142857142857,0.42857142857142855,5,PASS,740,740,745,736,739
2020-04-30,60,8,neighbor_retention_1m,ORIGINAL,3744,3621,1083,0.0,0.45454545454545453,1.0,0.14285714285714285,0.3508771929824561,0.5507246376811594,0.75,5,PASS,752,697,724,769,679
2020-04-30,60,9,outside_community_degree_percentile,ORIGINAL,3744,3744,87,0.040998931623931624,0.5096153846153846,1.0,0.24172008547008547,0.43015491452991456,0.6149305555555413,0.7947382478632479,5,PASS,1092,679,475,768,730
2020-04-30,120,1,residual_degree_percentile,ORIGINAL,3700,3700,240,0.018378378823399544,0.4982432425022125,1.0,0.2058108150959015,0.4027026891708374,0.6051351428031921,0.7995945811271667,5,PASS,824,702,732,707,735
2020-04-30,120,2,delta_degree_percentile,ORIGINAL,3700,3700,1759,-0.8875675722956657,6.756186485290527e-05,0.783378392457962,-0.194189190864563,-0.05635136365890503,0.05986486375331879,0.21624323129653936,5,PASS,742,739,797,682,740
2020-04-30,120,3,cross_industry_degree_percentile,ORIGINAL,3700,3700,202,0.027972972972972972,0.5021621621621621,1.0,0.20945945945945946,0.41581081081081084,0.6067567567567568,0.8010810810810811,5,PASS,882,721,675,697,725
2020-04-30,120,4,cross_industry_degree_ratio,ORIGINAL,3700,3565,1025,0.0,0.7647058823529411,1.0,0.4135741652983033,0.6666666666666666,0.8380562380562381,1.0,4,FEWER_THAN_5_PORTFOLIOS,0,0,0,0,0
2020-04-30,120,5,delta_residual_degree_percentile_1m,ORIGINAL,3700,3664,1858,-0.5508784577250481,-0.0001951754093170166,0.5107810497283936,-0.0708523690700531,-0.013504669070243835,0.013770639896392822,0.06566696166992188,5,PASS,735,741,723,732,733
2020-04-30,120,6,delta_cross_industry_degree_percentile_1m,ORIGINAL,3700,3664,1424,-0.6237062689734446,-0.0032429485101240843,0.6495948893277138,-0.0784499985263344,-0.014661499012644059,0.015546788882666633,0.07896592885142506,5,PASS,763,703,732,735,731
2020-04-30,120,7,neighbor_jaccard_1m,ORIGINAL,3700,3614,1180,0.0,0.47320574162679424,1.0,0.1875,0.38461538461538464,0.5331755424063114,0.6666666666666666,5,PASS,725,731,712,748,698
2020-04-30,120,8,neighbor_retention_1m,ORIGINAL,3700,3537,966,0.0,0.6666666666666666,1.0,0.34782608695652173,0.591053391053391,0.7477432712215321,0.8622688655672165,5,PASS,712,703,707,707,708
2020-04-30,120,9,outside_community_degree_percentile,ORIGINAL,3700,3700,64,0.10554054054054055,0.5112162162162163,1.0,0.10554054054054055,0.4133783783783784,0.586081081081081,0.8104054054054054,4,FEWER_THAN_5_PORTFOLIOS,0,0,0,0,0
2020-04-30,252,1,residual_degree_percentile,ORIGINAL,3591,3591,239,0.02311333827674389,0.4941520392894745,1.0,0.19924812018871307,0.39404064416885376,0.6001113653182983,0.7971317172050476,5,PASS,777,676,724,696,718
2020-04-30,252,2,delta_degree_percentile,ORIGINAL,3591,3591,1665,-0.8827624637633562,-0.005847930908203125,0.7754107564687729,-0.18741297721862793,-0.06975772976875305,0.04747980833053589,0.22403229773044586,5,PASS,721,738,697,725,710
2020-04-30,252,3,cross_industry_degree_percentile,ORIGINAL,3591,3591,199,0.03620161514898357,0.4973544973544973,1.0,0.1858813700918964,0.3933444722918407,0.5999721526037316,0.7974101921470342,5,PASS,783,702,706,687,713
2020-04-30,252,4,cross_industry_degree_ratio,ORIGINAL,3591,3426,998,0.0,0.7178505817513778,1.0,0.3333333333333333,0.6,0.8090909090909091,1.0,4,FEWER_THAN_5_PORTFOLIOS,0,0,0,0,0
2020-04-30,252,5,delta_residual_degree_percentile_1m,ORIGINAL,3591,3576,1671,-0.5486020147800446,0.004063636064529419,0.44193699955940247,-0.047807276248931885,-0.007590353488922119,0.015821311622858047,0.05530577898025513,5,PASS,718,713,766,666,713
2020-04-30,252,6,delta_cross_industry_degree_percentile_1m,ORIGINAL,3591,3576,1185,-0.5463411719202075,0.006584403637388152,0.5110085916103474,-0.05879698781273758,-0.008051585609268552,0.017922588906839135,0.07185690313144322,5,PASS,768,663,745,685,715
2020-04-30,252,7,neighbor_jaccard_1m,ORIGINAL,3591,3503,1106,0.0,0.56,1.0,0.2857142857142857,0.5,0.625,0.75,5,PASS,719,830,558,733,663
2020-04-30,252,8,neighbor_retention_1m,ORIGINAL,3591,3453,879,0.0,0.7419354838709677,1.0,0.4365384615384617,0.6666666666666666,0.8,0.896551724137931,5,PASS,691,769,658,646,689
2020-04-30,252,9,outside_community_degree_percentile,ORIGINAL,3591,3591,65,0.12573099415204678,0.46170983013088274,1.0,0.12573099415204678,0.3263714842662211,0.5664160401002506,0.8068783068783069,4,FEWER_THAN_5_PORTFOLIOS,0,0,0,0,0
2020-05-29,60,1,residual_degree_percentile,ORIGINAL,3738,3738,179,0.00040128410910256207,0.49585339426994324,1.0,0.1895398646593094,0.403691828250885,0.5971107482910156,0.8012306094169617,5,PASS,764,784,707,748,735
2020-05-29,60,2,delta_degree_percentile,ORIGINAL,3738,3738,1846,-0.9819422336295247,0.009831458330154419,0.8127340525388718,-0.22110752761363983,-0.05029428005218506,0.0818619579076767,0.2463349699974063,5,PASS,752,790,721,727,748
2020-05-29,60,3,cross_industry_degree_percentile,ORIGINAL,3738,3738,141,0.0004012841091492777,0.4895666131621188,1.0,0.20532370251471374,0.4055644729802033,0.5996522204387373,0.7978865703584804,5,PASS,819,743,707,734,735
2020-05-29,60,4,cross_industry_degree_ratio,ORIGINAL,3738,3736,990,0.023255813953488372,0.8333333333333334,1.0,0.5714285714285714,0.7692307692307693,0.8863636363636364,0.972972972972973,5,PASS,750,748,744,750,744
2020-05-29,60,5,delta_residual_degree_percentile_1m,ORIGINAL,3738,3724,2370,-0.8313824087381363,0.017217278480529785,0.7270093215629458,-0.1485109746456146,-0.022447913885116577,0.05082873106002807,0.1589255690574646,5,PASS,745,747,742,745,745
2020-05-29,60,6,delta_cross_industry_degree_percentile_1m,ORIGINAL,3738,3724,1926,-0.8891759184947386,0.0126179415154134,0.8062106432892949,-0.17090072848499815,-0.02614456002798704,0.058565529352046,0.175885183012992,5,PASS,749,744,741,745,745
2020-05-29,60,7,neighbor_jaccard_1m,ORIGINAL,3738,3724,1284,0.0,0.21712938711367208,1.0,0.061224489795918366,0.15789473684210525,0.27906976744186046,0.41081213307240705,5,PASS,747,750,738,744,745
2020-05-29,60,8,neighbor_retention_1m,ORIGINAL,3738,3706,1095,0.0,0.4166666666666667,1.0,0.1111111111111111,0.3142857142857143,0.5,0.696551724137931,5,PASS,743,741,750,731,741
2020-05-29,60,9,outside_community_degree_percentile,ORIGINAL,3738,3738,59,0.010700909577314071,0.5113697164258962,1.0,0.18632958801498128,0.36128945960406633,0.5762439807383628,0.8089887640449438,5,PASS,852,663,751,815,657
2020-05-29,120,1,residual_degree_percentile,ORIGINAL,3715,3715,234,0.013593539595603943,0.5022880434989929,1.0,0.1881561279296875,0.399596244096756,0.597711980342865,0.8009421229362488,5,PASS,768,763,713,735,736
2020-05-29,120,2,delta_degree_percentile,ORIGINAL,3715,3715,1757,-0.9078061692416668,0.002018868923187256,0.7746971845626831,-0.19601614475250237,-0.05222073197364807,0.05125169754028329,0.21857336163520813,5,PASS,743,805,681,746,740
2020-05-29,120,3,cross_industry_degree_percentile,ORIGINAL,3715,3715,196,0.02234185733512786,0.49030955585464336,1.0,0.1819650067294751,0.40309555854643336,0.6005383580080754,0.7981157469717362,5,PASS,774,789,695,724,733
2020-05-29,120,4,cross_industry_degree_ratio,ORIGINAL,3715,3615,1060,0.0,0.7615384615384615,1.0,0.4166666666666667,0.6666666666666666,0.8380873180873182,1.0,4,FEWER_THAN_5_PORTFOLIOS,0,0,0,0,0
2020-05-29,120,5,delta_residual_degree_percentile_1m,ORIGINAL,3715,3689,1826,-0.5635993480682373,0.0009900927543640137,0.5014579147100449,-0.05282127857208252,-0.01086391881108284,0.01518315076828003,0.05406608581542969,5,PASS,739,770,721,721,738
2020-05-29,120,6,delta_cross_industry_degree_percentile_1m,ORIGINAL,3715,3689,1342,-0.6650620202975519,-0.0002951875159142858,0.6424518933469135,-0.07324506202029757,-0.013268160488887265,0.01663318904368698,0.06578589356516684,5,PASS,742,779,692,739,737
2020-05-29,120,7,neighbor_jaccard_1m,ORIGINAL,3715,3632,1087,0.0,0.5675675675675675,1.0,0.3,0.5,0.6333333333333333,0.7450146015853151,5,PASS,740,846,597,722,727
2020-05-29,120,8,neighbor_retention_1m,ORIGINAL,3715,3555,899,0.0,0.7727272727272727,1.0,0.5,0.7,0.8260869565217391,0.9156626506024096,5,PASS,821,603,717,704,710
2020-05-29,120,9,outside_community_degree_percentile,ORIGINAL,3715,3715,70,0.09205921938088829,0.48465679676985196,1.0,0.2561238223418573,0.3851951547779273,0.5641991924629879,0.809421265141319,5,PASS,1219,423,591,815,667
2020-05-29,252,1,residual_degree_percentile,ORIGINAL,3599,3599,243,0.024729091674089432,0.49499860405921936,1.0,0.2125590443611145,0.4073353707790375,0.6008613705635071,0.7984161972999573,5,PASS,841,663,677,704,714
2020-05-29,252,2,delta_degree_percentile,ORIGINAL,3599,3599,1722,-0.858293991535902,-0.0027785450220108032,0.7899416387081146,-0.17449292540550232,-0.05051403045654292,0.04248403310775753,0.20722423791885386,5,PASS,729,711,719,720,720
2020-05-29,252,3,cross_industry_degree_percentile,ORIGINAL,3599,3599,207,0.03917754931925535,0.486246179494304,1.0,0.20102806335093082,0.414281744929147,0.6104473464851348,0.8036954709641567,5,PASS,842,718,676,671,692
2020-05-29,252,4,cross_industry_degree_ratio,ORIGINAL,3599,3422,1008,0.0,0.7,1.0,0.3257712387280494,0.5821006178287732,0.8,1.0,4,FEWER_THAN_5_PORTFOLIOS,0,0,0,0,0
2020-05-29,252,5,delta_residual_degree_percentile_1m,ORIGINAL,3599,3591,1590,-0.494080513715744,0.002499818801879883,0.37196508049964905,-0.04292000085115433,-0.004201114177703857,0.011308491230010986,0.04960569739341736,5,PASS,735,704,717,727,708
2020-05-29,252,6,delta_cross_industry_degree_percentile_1m,ORIGINAL,3599,3591,1140,-0.7481160451064373,0.00430276704387933,0.42305286231230577,-0.0577055076331191,-0.0034403798387945272,0.014198342016010668,0.06557965102005114,5,PASS,719,718,722,715,717
2020-05-29,252,7,neighbor_jaccard_1m,ORIGINAL,3599,3490,1048,0.0,0.625,1.0,0.3333333333333333,0.5517241379310345,0.6862745098039216,0.7954545454545454,5,PASS,727,670,698,698,697
2020-05-29,252,8,neighbor_retention_1m,ORIGINAL,3599,3426,816,0.0,0.8,1.0,0.5,0.7272727272727273,0.8461538461538461,0.929368029739777,5,PASS,748,635,689,669,685
2020-05-29,252,9,outside_community_degree_percentile,ORIGINAL,3599,3599,43,0.1361489302584051,0.5044456793553765,0.9998610725201444,0.1361489302584051,0.35968324534592944,0.6046123923312031,0.7928591275354265,4,FEWER_THAN_5_PORTFOLIOS,0,0,0,0,0
2020-06-30,60,1,residual_degree_percentile,ORIGINAL,3749,3749,146,0.0002667377993930131,0.49373164772987366,1.0,0.19551880657672882,0.41037610173225403,0.60429447889328,0.8034142255783081,5,PASS,775,804,715,736,719
2020-06-30,60,2,delta_degree_percentile,ORIGINAL,3749,3749,2035,-0.9582555145025253,0.015070691704750061,0.8200853541493416,-0.22939451932907104,-0.03947719559073448,0.08522272109985352,0.24779940396547318,5,PASS,750,784,720,763,732
2020-06-30,60,3,cross_industry_degree_percentile,ORIGINAL,3749,3749,115,0.00026673779674579886,0.505201387036543,1.0,0.19578554281141639,0.38743664977327286,0.599493198186183,0.7955454787943451,5,PASS,786,716,786,720,741
2020-06-30,60,4,cross_industry_degree_ratio,ORIGINAL,3749,3749,938,0.125,0.8518518518518519,1.0,0.6388888888888888,0.7937441643323996,0.9,0.9655172413793104,5,PASS,751,749,778,724,747
2020-06-30,60,5,delta_residual_degree_percentile_1m,ORIGINAL,3749,3721,2340,-0.8977078618481755,0.007288068532943726,0.9429773036390543,-0.16646218299865723,-0.03621703386306763,0.05200880765914917,0.17651820182800293,5,PASS,746,743,744,744,744
2020-06-30,60,6,delta_cross_industry_degree_percentile_1m,ORIGINAL,3749,3721,1932,-0.9478911515694358,0.006896577806872986,0.9505232071159765,-0.19638666619284678,-0.04282861375838981,0.06143361076062226,0.20150320806076194,5,PASS,748,744,742,743,744
2020-06-30,60,7,neighbor_jaccard_1m,ORIGINAL,3749,3721,1278,0.0,0.16666666666666666,0.7142857142857143,0.0547945205479452,0.12844036697247707,0.21428571428571427,0.3333333333333333,5,PASS,745,744,744,774,714
2020-06-30,60,8,neighbor_retention_1m,ORIGINAL,3749,3719,1070,0.0,0.3333333333333333,1.0,0.1111111111111111,0.25,0.40530591941634875,0.5882352941176471,5,PASS,779,723,729,746,742
2020-06-30,60,9,outside_community_degree_percentile,ORIGINAL,3749,3749,60,0.0013336889837289945,0.5086689783942384,1.0,0.18538276873833023,0.3770338757001867,0.6132301947185916,0.8072819418511603,5,PASS,803,736,848,685,677
2020-06-30,120,1,residual_degree_percentile,ORIGINAL,3729,3729,227,0.013676589354872704,0.49812281131744385,1.0,0.2138643115758896,0.394073486328125,0.5974792242050171,0.7986055016517639,5,PASS,849,656,743,737,744
2020-06-30,120,2,delta_degree_percentile,ORIGINAL,3729,3729,1835,-0.944220993667841,0.002279430627822876,0.7884151041507721,-0.1871547222137451,-0.05658353120088577,0.05980156660079956,0.21158483028411879,5,PASS,746,776,715,746,746
2020-06-30,120,3,cross_industry_degree_percentile,ORIGINAL,3729,3729,195,0.02198980960042907,0.4904800214534728,1.0,0.2244569589702333,0.3990345937248592,0.6079377849289354,0.7991418610887645,5,PASS,937,617,748,681,746
2020-06-30,120,4,cross_industry_degree_ratio,ORIGINAL,3729,3628,1067,0.0,0.75,1.0,0.42857142857142855,0.6666666666666666,0.8333333333333334,1.0,4,FEWER_THAN_5_PORTFOLIOS,0,0,0,0,0
2020-06-30,120,5,delta_residual_degree_percentile_1m,ORIGINAL,3729,3707,1800,-0.5215168297290802,8.304975926876068e-05,0.5171092450618744,-0.04714698791503906,-0.006982266902923584,0.014008212089538574,0.052664339542388916,5,PASS,742,742,740,747,736
2020-06-30,120,6,delta_cross_industry_degree_percentile_1m,ORIGINAL,3729,3707,1319,-0.5398617723585863,-0.0003520477346987891,0.5996118235199215,-0.06337054124902958,-0.008996382433417188,0.013757183791367145,0.0598925449543013,5,PASS,747,768,712,739,741
2020-06-30,120,7,neighbor_jaccard_1m,ORIGINAL,3729,3662,1123,0.0,0.5865817091454273,1.0,0.3076923076923077,0.5,0.655511588468061,0.7619047619047619,5,PASS,740,736,721,733,732
2020-06-30,120,8,neighbor_retention_1m,ORIGINAL,3729,3607,919,0.0,0.7857142857142857,1.0,0.5,0.7142857142857143,0.8333333333333334,0.9134463961235615,5,PASS,836,631,711,707,722
2020-06-30,120,9,outside_community_degree_percentile,ORIGINAL,3729,3729,59,0.08889782783588093,0.49436846339501206,1.0,0.24845803164387234,0.3814695628854921,0.581255028157683,0.8023598820058997,5,PASS,1190,464,648,744,683
2020-06-30,252,1,residual_degree_percentile,ORIGINAL,3626,3626,246,0.0264754556119442,0.4969663619995117,1.0,0.21456150710582733,0.3961665630340576,0.5990071892738342,0.8018477559089661,5,PASS,858,617,715,725,711
2020-06-30,252,2,delta_degree_percentile,ORIGINAL,3626,3626,1738,-0.8425261713564396,-0.0004136711359024048,0.7880584746599197,-0.1702978014945984,-0.04743516445159912,0.044539451599121094,0.20284061133861542,5,PASS,726,726,732,727,715
2020-06-30,252,3,cross_industry_degree_percentile,ORIGINAL,3626,3626,206,0.0412300055157198,0.4895201323772752,1.0,0.19994484280198566,0.37672366243794814,0.5966629895201324,0.8028130170987314,5,PASS,842,613,749,721,701
2020-06-30,252,4,cross_industry_degree_ratio,ORIGINAL,3626,3435,1004,0.0,0.6912751677852349,1.0,0.3100529100529101,0.5714285714285714,0.7924528301886793,1.0,4,FEWER_THAN_5_PORTFOLIOS,0,0,0,0,0
2020-06-30,252,5,delta_residual_degree_percentile_1m,ORIGINAL,3626,3592,1608,-0.44307267665863037,0.0017463639378547668,0.4807613492012024,-0.04298752546310425,-0.003311753273010254,0.007205545902252197,0.042542994022369385,5,PASS,726,712,725,721,708
2020-06-30,252,6,delta_cross_industry_degree_percentile_1m,ORIGINAL,3626,3592,1101,-0.56428817406073,0.0018413063504954114,0.4977863940571835,-0.05672053446236747,-0.001083220548945163,0.004663955652325402,0.05861459953866577,5,PASS,744,743,668,719,718
2020-06-30,252,7,neighbor_jaccard_1m,ORIGINAL,3626,3483,1010,0.0,0.6428571428571429,1.0,0.375,0.5714285714285714,0.7058823529411765,0.8173402171977926,5,PASS,711,700,680,695,697
2020-06-30,252,8,neighbor_retention_1m,ORIGINAL,3626,3415,820,0.0,0.8181818181818182,1.0,0.5294117647058824,0.75,0.868421052631579,0.9459459459459459,5,PASS,684,707,659,685,680
2020-06-30,252,9,outside_community_degree_percentile,ORIGINAL,3626,3626,66,0.12782680639823496,0.46207942636514066,1.0,0.12782680639823496,0.3313568670711528,0.5603971318257033,0.805019305019305,4,FEWER_THAN_5_PORTFOLIOS,0,0,0,0,0
2020-07-31,60,1,residual_degree_percentile,ORIGINAL,3765,3765,249,0.0017264275811612606,0.5041168928146362,1.0,0.19428950548171997,0.3901726305484772,0.5984063744544983,0.8017264008522034,5,PASS,785,728,760,754,738
2020-07-31,60,2,delta_degree_percentile,ORIGINAL,3765,3765,1732,-0.9537848383188248,0.009694546461105347,0.7624170184135437,-0.18270913362503044,-0.049800798296928406,0.057237714529037476,0.20440903902053856,5,PASS,753,762,749,748,753
2020-07-31,60,3,cross_industry_degree_percentile,ORIGINAL,3765,3765,216,0.0027888446215139444,0.4839309428950863,1.0,0.1909694555112882,0.3892430278884462,0.5938911022576361,0.798539176626826,5,PASS,799,730,747,747,742
2020-07-31,60,4,cross_industry_degree_ratio,ORIGINAL,3765,3753,906,0.0,0.8571428571428571,1.0,0.631578947368421,0.8064516129032258,0.9,1.0,4,FEWER_THAN_5_PORTFOLIOS,0,0,0,0,0
2020-07-31,60,5,delta_residual_degree_percentile_1m,ORIGINAL,3765,3727,2365,-0.8267849832773209,-0.005752384662628174,0.8682952262461185,-0.20199795961380004,-0.05823038294911383,0.038412166945636234,0.19448286294937134,5,PASS,746,745,745,748,743
2020-07-31,60,6,delta_cross_industry_degree_percentile_1m,ORIGINAL,3765,3727,1966,-0.9386280254637182,-0.009743935257458647,0.907297882356942,-0.23096834321821808,-0.06629914945003484,0.045476945246488015,0.22519875153958718,5,PASS,746,747,743,745,746
2020-07-31,60,7,neighbor_jaccard_1m,ORIGINAL,3765,3727,1167,0.0,0.1,0.6666666666666666,0.022727272727272728,0.07142857142857142,0.13793103448275862,0.23352798053527984,5,PASS,750,759,730,742,746
2020-07-31,60,8,neighbor_retention_1m,ORIGINAL,3765,3727,934,0.0,0.16666666666666666,0.8307692307692308,0.041666666666666664,0.11764705882352941,0.2222222222222222,0.37136966126656856,5,PASS,752,741,763,725,746
2020-07-31,60,9,outside_community_degree_percentile,ORIGINAL,3765,3765,72,0.021912350597609563,0.4798140770252324,1.0,0.1649402390438247,0.4147410358565737,0.599203187250996,0.798406374501992,5,PASS,784,908,656,692,725
2020-07-31,120,1,residual_degree_percentile,ORIGINAL,3752,3752,250,0.012793176807463169,0.5073294043540955,1.0,0.20109274983406067,0.3933901786804199,0.6036780476570129,0.8003731369972229,5,PASS,822,702,755,727,746
2020-07-31,120,2,delta_degree_percentile,ORIGINAL,3752,3752,1832,-0.9309701388701797,0.004397660493850708,0.7682569324970245,-0.16737741231918335,-0.04371003061532974,0.06170042157173157,0.20549041032791138,5,PASS,752,836,663,773,728
2020-07-31,120,3,cross_industry_degree_percentile,ORIGINAL,3752,3752,216,0.019856076759061835,0.4933368869936034,1.0,0.18763326226012794,0.39632196162046907,0.5950159914712153,0.7989072494669509,5,PASS,834,725,716,731,746
2020-07-31,120,4,cross_industry_degree_ratio,ORIGINAL,3752,3657,1049,0.0,0.7647058823529411,1.0,0.4166666666666667,0.6666666666666666,0.8421052631578947,1.0,4,FEWER_THAN_5_PORTFOLIOS,0,0,0,0,0
2020-07-31,120,5,delta_residual_degree_percentile_1m,ORIGINAL,3752,3722,2046,-0.6707215905189514,-0.00013469159603118896,0.7339811101555824,-0.09286218136548996,-0.022568464279174805,0.02346569299697876,0.09557331800460815,5,PASS,749,743,742,743,745
2020-07-31,120,6,delta_cross_industry_degree_percentile_1m,ORIGINAL,3752,3722,1531,-0.7224340814602999,0.0011913374456301584,0.7444087744246244,-0.11305379063766328,-0.02534174318614943,0.027683563849526062,0.12068822077407465,5,PASS,745,744,744,746,743
2020-07-31,120,7,neighbor_jaccard_1m,ORIGINAL,3752,3698,1235,0.0,0.35294117647058826,1.0,0.13043478260869565,0.28715157512782463,0.4166666666666667,0.5529029172644668,5,PASS,744,735,742,737,740
2020-07-31,120,8,neighbor_retention_1m,ORIGINAL,3752,3621,1058,0.0,0.5454545454545454,1.0,0.23076923076923078,0.4583333333333333,0.625,0.7850467289719626,5,PASS,727,723,740,707,724
2020-07-31,120,9,outside_community_degree_percentile,ORIGINAL,3752,3752,63,0.09488272921108742,0.5282515991471215,1.0,0.2698560767590618,0.41404584221748403,0.6131396588486141,0.7939765458422174,5,PASS,1313,480,637,605,717
2020-07-31,252,1,residual_degree_percentile,ORIGINAL,3635,3635,262,0.03933975100517273,0.4984869360923767,1.0,0.21485556662082672,0.3869326114654541,0.6030261516571045,0.8009628653526306,5,PASS,864,592,751,708,720
2020-07-31,252,2,delta_degree_percentile,ORIGINAL,3635,3635,1683,-0.9103163778781891,-0.010453879833221436,0.7748280763626099,-0.16011005640029907,-0.06255844831466661,0.039614856243133545,0.1907014966011048,5,PASS,732,722,728,726,727
2020-07-31,252,3,cross_industry_degree_percentile,ORIGINAL,3635,3635,225,0.0594222833562586,0.504264099037139,1.0,0.16519944979367263,0.42063273727647865,0.5922971114167813,0.8011004126547455,5,PASS,769,839,589,728,710
2020-07-31,252,4,cross_industry_degree_ratio,ORIGINAL,3635,3350,984,0.0,0.6802061855670103,1.0,0.2857142857142857,0.5333333333333333,0.7894736842105263,1.0,4,FEWER_THAN_5_PORTFOLIOS,0,0,0,0,0
2020-07-31,252,5,delta_residual_degree_percentile_1m,ORIGINAL,3635,3619,1663,-0.3866499960422516,-0.0009577274322509766,0.6581187583506107,-0.050751340389251706,-0.015125274658203125,0.012864295393228531,0.04701316356658937,5,PASS,724,725,854,592,724
2020-07-31,252,6,delta_cross_industry_degree_percentile_1m,ORIGINAL,3635,3619,1151,-0.4594690569636532,-0.0028544418994409515,0.7122775598212816,-0.06888739510079656,-0.014822302020179812,0.018192277840538798,0.0524404215011407,5,PASS,731,764,868,551,705
2020-07-31,252,7,neighbor_jaccard_1m,ORIGINAL,3635,3486,1079,0.0,0.5714285714285714,1.0,0.29411764705882354,0.5,0.6363636363636364,0.75,5,PASS,698,795,619,687,687
2020-07-31,252,8,neighbor_retention_1m,ORIGINAL,3635,3428,874,0.0,0.7142857142857143,1.0,0.4080808080808082,0.646338383838384,0.7770431588613405,0.8842017008024915,5,PASS,686,685,686,685,686
2020-07-31,252,9,outside_community_degree_percentile,ORIGINAL,3635,3635,45,0.16299862448418156,0.535213204951857,1.0,0.16299862448418156,0.40343878954607976,0.6349381017881706,0.80646492434663,4,FEWER_THAN_5_PORTFOLIOS,0,0,0,0,0
2020-08-31,60,1,residual_degree_percentile,ORIGINAL,3791,3791,231,0.0007913479348644614,0.4988129734992981,1.0,0.21076233685016632,0.38815614581108093,0.6049854755401611,0.7984700798988342,5,PASS,853,664,804,714,756
2020-08-31,60,2,delta_degree_percentile,ORIGINAL,3791,3791,1795,-0.9560801982879639,0.008441030979156494,0.771564245223999,-0.19941970705986023,-0.05170140415430069,0.06291210651397705,0.20852020382881165,5,PASS,761,757,757,758,758
2020-08-31,60,3,cross_industry_degree_percentile,ORIGINAL,3791,3791,207,0.0011870218939593776,0.4899762595621208,1.0,0.19097863360590872,0.4099182273806384,0.6078871010287523,0.8009759957794778,5,PASS,805,820,713,710,743
2020-08-31,60,4,cross_industry_degree_ratio,ORIGINAL,3791,3786,935,0.0,0.8636363636363636,1.0,0.6538461538461539,0.8181818181818182,0.9,1.0,4,FEWER_THAN_5_PORTFOLIOS,0,0,0,0,0
2020-08-31,60,5,delta_residual_degree_percentile_1m,ORIGINAL,3791,3753,2171,-0.7767634764313698,-0.0037035346031188965,0.8193223774433136,-0.1437135979533195,-0.03981707692146301,0.01926704645156845,0.1412507057189945,5,PASS,751,750,751,750,751
2020-08-31,60,6,delta_cross_industry_degree_percentile_1m,ORIGINAL,3791,3753,1804,-0.8134906080417624,-0.0027451260639320685,0.8502567239176592,-0.1605025602329975,-0.04249422778419426,0.02713675325953724,0.15718271729752054,5,PASS,753,752,754,745,749
2020-08-31,60,7,neighbor_jaccard_1m,ORIGINAL,3791,3753,1229,0.0,0.16923076923076924,0.7744360902255639,0.03861090365944738,0.11764705882352941,0.22857142857142856,0.37735849056603776,5,PASS,751,759,746,747,750
2020-08-31,60,8,neighbor_retention_1m,ORIGINAL,3791,3741,960,0.0,0.3076923076923077,1.0,0.09090909090909091,0.23529411764705882,0.3978494623655914,0.5645161290322581,5,PASS,773,734,738,749,747
2020-08-31,60,9,outside_community_degree_percentile,ORIGINAL,3791,3791,70,0.011738327618042733,0.5056713268266948,1.0,0.1903191769981535,0.4344500131891322,0.6185702980743867,0.7941176470588235,5,PASS,881,905,652,614,739
2020-08-31,120,1,residual_degree_percentile,ORIGINAL,3761,3761,232,0.003988300915807486,0.49561285972595215,1.0,0.19090667366981506,0.40906673669815063,0.6028981804847717,0.7988566756248474,5,PASS,773,802,718,720,748
2020-08-31,120,2,delta_degree_percentile,ORIGINAL,3761,3761,1745,-0.9190374836325645,0.004918873310089111,0.7863600254058838,-0.17987239360809326,-0.048125505447387695,0.05543738603591919,0.20632809400558472,5,PASS,753,753,777,726,752
2020-08-31,120,3,cross_industry_degree_percentile,ORIGINAL,3761,3761,202,0.0061153948417973945,0.5063812815740495,1.0,0.19050784365860143,0.4141185854825844,0.596915713905876,0.79805902685456,5,PASS,798,826,657,736,744
2020-08-31,120,4,cross_industry_degree_ratio,ORIGINAL,3761,3732,1029,0.0,0.8,1.0,0.5,0.7142857142857143,0.8571428571428571,1.0,4,FEWER_THAN_5_PORTFOLIOS,0,0,0,0,0
2020-08-31,120,5,delta_residual_degree_percentile_1m,ORIGINAL,3761,3748,2046,-0.6854526028037071,0.0031600268557667732,0.6310906857252121,-0.08867172002792356,-0.016248568892478943,0.022569759748876095,0.0910881757736206,5,PASS,750,760,743,746,749
2020-08-31,120,6,delta_cross_industry_degree_percentile_1m,ORIGINAL,3761,3748,1540,-0.7783852157339183,0.0022152680495422516,0.8274104559815727,-0.11399642073372265,-0.020979915914029527,0.021435636702346907,0.11005931995358043,5,PASS,751,748,750,751,748
2020-08-31,120,7,neighbor_jaccard_1m,ORIGINAL,3761,3734,1239,0.0,0.3443165780045597,1.0,0.125,0.2727272727272727,0.4230769230769231,0.5625,5,PASS,782,722,737,747,746
2020-08-31,120,8,neighbor_retention_1m,ORIGINAL,3761,3653,1061,0.0,0.6,1.0,0.27549467275494705,0.5,0.669103938638972,0.8235294117647058,5,PASS,731,775,686,731,730
2020-08-31,120,9,outside_community_degree_percentile,ORIGINAL,3761,3761,55,0.028981653815474608,0.4881680404147833,1.0,0.20499867056633875,0.4045466631215102,0.6240361605955863,0.7875565009306036,5,PASS,981,707,761,569,743
2020-08-31,252,1,residual_degree_percentile,ORIGINAL,3641,3641,257,0.032957978546619415,0.49491897225379944,1.0,0.20159296691417694,0.40002745389938354,0.6034056544303894,0.7993683218955994,5,PASS,821,680,712,701,727
2020-08-31,252,2,delta_degree_percentile,ORIGINAL,3641,3641,1690,-0.8551222309470177,-0.0065915584564208984,0.7687448710203171,-0.1587475836277008,-0.05328202247619629,0.03913760185241699,0.18071959912776947,5,PASS,732,725,728,729,727
2020-08-31,252,3,cross_industry_degree_percentile,ORIGINAL,3641,3641,215,0.05163416643779182,0.492859104641582,1.0,0.23207909914858554,0.4110134578412524,0.6090359791266136,0.7967591321065641,5,PASS,982,608,668,661,722
2020-08-31,252,4,cross_industry_degree_ratio,ORIGINAL,3641,3402,1003,0.0,0.6923076923076923,1.0,0.30031746031746037,0.5592941176470589,0.8,1.0,4,FEWER_THAN_5_PORTFOLIOS,0,0,0,0,0
2020-08-31,252,5,delta_residual_degree_percentile_1m,ORIGINAL,3641,3630,1536,-0.46381954848766327,-0.0039813220500946045,0.477811262011528,-0.040653562545776366,-0.00969308614730835,0.004412674903869629,0.03827507495880129,5,PASS,726,732,720,726,726
2020-08-31,252,6,delta_cross_industry_degree_percentile_1m,ORIGINAL,3641,3630,1067,-0.5546905996092946,-0.0077881169184667795,0.5799255158750997,-0.05349823404320425,-0.012044169131400162,0.000955040919801083,0.05054724826946057,5,PASS,747,707,724,726,726
2020-08-31,252,7,neighbor_jaccard_1m,ORIGINAL,3641,3455,996,0.0,0.6666666666666666,1.0,0.3427067669172933,0.6,0.7256166982922201,0.8333333333333334,5,PASS,691,744,638,722,660
2020-08-31,252,8,neighbor_retention_1m,ORIGINAL,3641,3346,806,0.0,0.84,1.0,0.5714285714285714,0.7777777777777778,0.8809523809523809,0.9516129032258065,5,PASS,680,662,669,666,669
2020-08-31,252,9,outside_community_degree_percentile,ORIGINAL,3641,3641,50,0.14103268332875585,0.5153803900027465,1.0,0.14103268332875585,0.36885471024443833,0.61521560010986,0.7879703378192804,4,FEWER_THAN_5_PORTFOLIOS,0,0,0,0,0
2020-09-30,60,1,residual_degree_percentile,ORIGINAL,3821,3821,234,0.002355404431000352,0.5073279142379761,1.0,0.2040041834115982,0.3970164954662323,0.6024600863456726,0.7993980646133423,5,PASS,834,723,770,737,757
2020-09-30,60,2,delta_degree_percentile,ORIGINAL,3821,3821,1964,-0.9136351980268955,0.016095265746116638,0.7444386333227158,-0.18503010272979736,-0.04200470447540283,0.07484951615333557,0.2011253833770752,5,PASS,767,762,765,763,764
2020-09-30,60,3,cross_industry_degree_percentile,ORIGINAL,3821,3821,207,0.00327139492279508,0.4883538340748495,1.0,0.18686207799005497,0.3881182936404083,0.6056006281078252,0.8013609002878828,5,PASS,786,757,808,718,752
2020-09-30,60,4,cross_industry_degree_ratio,ORIGINAL,3821,3804,937,0.0,0.8787878787878788,1.0,0.6666666666666666,0.8333333333333334,0.9166666666666666,1.0,4,FEWER_THAN_5_PORTFOLIOS,0,0,0,0,0
2020-09-30,60,5,delta_residual_degree_percentile_1m,ORIGINAL,3821,3770,2282,-0.795184038579464,-0.019000977277755737,0.9186962209641933,-0.1551303267478943,-0.05224025249481201,0.022726554423570633,0.15644672513008118,5,PASS,755,754,754,755,752
2020-09-30,60,6,delta_cross_industry_degree_percentile_1m,ORIGINAL,3821,3770,1988,-0.8415072930964818,-0.012159751628724957,0.9012953791922094,-0.17710626229383478,-0.05238675657873978,0.03339114782452496,0.17522623279380897,5,PASS,754,754,759,749,754
2020-09-30,60,7,neighbor_jaccard_1m,ORIGINAL,3821,3770,1300,0.0,0.2042305973484284,0.8076923076923077,0.06060606060606061,0.14814814814814814,0.2608695652173913,0.3920877602142179,5,PASS,756,754,755,751,754
2020-09-30,60,8,neighbor_retention_1m,ORIGINAL,3821,3765,998,0.0,0.33962264150943394,1.0,0.12121212121212122,0.2727272727272727,0.4166666666666667,0.5714285714285714,5,PASS,755,760,749,761,740
2020-09-30,60,9,outside_community_degree_percentile,ORIGINAL,3821,3821,53,0.03716304632295211,0.5302276890866265,1.0,0.2376341271918346,0.34559015964407225,0.5980109918869406,0.7860507720492018,5,PASS,1110,420,881,663,747
2020-09-30,120,1,residual_degree_percentile,ORIGINAL,3780,3780,262,0.011640211567282677,0.5007936358451843,1.0,0.2052910029888153,0.4019841253757477,0.6007936596870422,0.7996031641960144,5,PASS,842,720,732,737,749
2020-09-30,120,2,delta_degree_percentile,ORIGINAL,3780,3780,1803,-0.9119047448039055,0.005555570125579834,0.7828042060136795,-0.1540740489959716,-0.041798973083496005,0.05333337187767032,0.17089945077896118,5,PASS,756,756,756,757,755
2020-09-30,120,3,cross_industry_degree_percentile,ORIGINAL,3780,3780,228,0.016005291005291005,0.4962962962962963,1.0,0.1765873015873016,0.3858465608465608,0.6003968253968254,0.8005291005291005,5,PASS,776,773,760,722,749
2020-09-30,120,4,cross_industry_degree_ratio,ORIGINAL,3780,3693,1009,0.0,0.8222222222222222,1.0,0.5,0.75,0.875,1.0,4,FEWER_THAN_5_PORTFOLIOS,0,0,0,0,0
2020-09-30,120,5,delta_residual_degree_percentile_1m,ORIGINAL,3780,3758,2087,-0.8138258866965771,-0.002967655658721924,0.9304032572545111,-0.11241770982742307,-0.025827616453170776,0.021876633167266846,0.10069628953933722,5,PASS,752,753,752,749,752
2020-09-30,120,6,delta_cross_industry_degree_percentile_1m,ORIGINAL,3780,3758,1653,-0.865542169776416,-0.005904285700217671,0.9302602665338641,-0.1295947759587749,-0.03157271298723041,0.022986140126528165,0.1208840311804949,5,PASS,762,742,751,752,751
2020-09-30,120,7,neighbor_jaccard_1m,ORIGINAL,3780,3748,1314,0.0,0.3333333333333333,1.0,0.10765920826161801,0.25,0.40476190476190477,0.5714285714285714,5,PASS,750,773,727,755,743
2020-09-30,120,8,neighbor_retention_1m,ORIGINAL,3780,3729,1052,0.0,0.47058823529411764,1.0,0.19629365645046332,0.38461538461538464,0.5450592885375488,0.7333333333333333,5,PASS,746,749,742,757,735
2020-09-30,120,9,outside_community_degree_percentile,ORIGINAL,3780,3780,62,0.08267195767195767,0.5076719576719577,1.0,0.24603174603174602,0.39325396825396824,0.6014550264550265,0.8056878306878307,5,PASS,1235,502,709,660,674
2020-09-30,252,1,residual_degree_percentile,ORIGINAL,3661,3661,262,0.042201586067676544,0.5,1.0,0.1809614896774292,0.39333516359329224,0.5966948866844177,0.8004643321037292,5,PASS,770,707,725,736,723
2020-09-30,252,2,delta_degree_percentile,ORIGINAL,3661,3661,1721,-0.8964763805270195,-0.00027310848236083984,0.7641354650259018,-0.15200763940811157,-0.04616224765777588,0.03687518835067749,0.17932258546352386,5,PASS,742,845,610,760,704
2020-09-30,252,3,cross_industry_degree_percentile,ORIGINAL,3661,3661,230,0.061458617863971596,0.513247746517345,1.0,0.17672767003550943,0.39702267140125647,0.60816716744059,0.8018301010652827,5,PASS,844,697,719,684,717
2020-09-30,252,4,cross_industry_degree_ratio,ORIGINAL,3661,3353,996,0.0,0.7096774193548387,1.0,0.2917883211678832,0.5714285714285714,0.8,1.0,4,FEWER_THAN_5_PORTFOLIOS,0,0,0,0,0
2020-09-30,252,5,delta_residual_degree_percentile_1m,ORIGINAL,3661,3641,1650,-0.42784959077835083,-0.00976291298866272,0.7808906957507133,-0.055588871240615845,-0.022572696208953857,0.0004538893699645996,0.02853083610534668,5,PASS,730,727,728,746,710
2020-09-30,252,6,delta_cross_industry_degree_percentile_1m,ORIGINAL,3661,3641,1165,-0.496767144289283,-0.01267447784462683,0.8926433533655406,-0.07557356312793517,-0.027359353371842365,0.005916149206947718,0.038065670040160704,5,PASS,732,725,728,728,728
2020-09-30,252,7,neighbor_jaccard_1m,ORIGINAL,3661,3459,1041,0.0,0.6666666666666666,1.0,0.3333333333333333,0.5714285714285714,0.72,0.829642166344294,5,PASS,726,674,676,691,692
2020-09-30,252,8,neighbor_retention_1m,ORIGINAL,3661,3402,828,0.0,0.7586206896551724,1.0,0.5,0.6923076923076923,0.8148148148148148,0.9166666666666666,5,PASS,788,580,674,700,660
2020-09-30,252,9,outside_community_degree_percentile,ORIGINAL,3661,3661,44,0.1711281070745698,0.4296640262223436,1.0,0.1711281070745698,0.4296640262223436,0.5719748702540289,0.7902212510243103,4,FEWER_THAN_5_PORTFOLIOS,0,0,0,0,0
2020-10-30,60,1,residual_degree_percentile,ORIGINAL,3864,3864,215,0.0012939958833158016,0.5054348111152649,1.0,0.2078157365322113,0.3947981297969818,0.5987318754196167,0.8008540272712708,5,PASS,862,703,770,769,760
2020-10-30,60,2,delta_degree_percentile,ORIGINAL,3864,3864,1997,-0.982789876870811,0.020186305046081543,0.7919254824519157,-0.1813405990600586,-0.033773273229599,0.07357660531997674,0.20931676626205448,5,PASS,773,775,770,773,773
2020-10-30,60,3,cross_industry_degree_percentile,ORIGINAL,3864,3864,189,0.0018115942028985507,0.490036231884058,1.0,0.20238095238095238,0.3879399585921325,0.6044254658385093,0.8011128364389234,5,PASS,848,703,806,749,758
2020-10-30,60,4,cross_industry_degree_ratio,ORIGINAL,3864,3855,927,0.0,0.8808290155440415,1.0,0.6923076923076923,0.8421052631578947,0.9130434782608695,1.0,4,FEWER_THAN_5_PORTFOLIOS,0,0,0,0,0
2020-10-30,60,5,delta_residual_degree_percentile_1m,ORIGINAL,3864,3815,2268,-0.8272599428892136,0.01477879285812378,0.775702066719532,-0.12848365306854248,-0.02109192609786987,0.04673804044723513,0.1406387984752655,5,PASS,765,761,763,766,760
2020-10-30,60,6,delta_cross_industry_degree_percentile_1m,ORIGINAL,3864,3815,2006,-0.8343253178061958,0.015518874390897414,0.7672555583912161,-0.14222775492090944,-0.020324810909309626,0.052821771153530414,0.16340960356924783,5,PASS,765,767,757,763,763
2020-10-30,60,7,neighbor_jaccard_1m,ORIGINAL,3864,3815,1276,0.0,0.20454545454545456,1.0,0.06073999665159887,0.15517241379310345,0.26582278481012656,0.40848099348780864,5,PASS,763,764,763,762,763
2020-10-30,60,8,neighbor_retention_1m,ORIGINAL,3864,3798,1091,0.0,0.4,1.0,0.11764705882352941,0.3014640160271229,0.5,0.7,5,PASS,767,752,843,688,748
2020-10-30,60,9,outside_community_degree_percentile,ORIGINAL,3864,3864,85,0.027303312629399584,0.48641304347826086,1.0,0.17675983436853002,0.4249482401656315,0.5916149068322981,0.7930900621118012,5,PASS,850,928,589,733,764
2020-10-30,120,1,residual_degree_percentile,ORIGINAL,3802,3802,263,0.011704365722835064,0.5081536173820496,0.9998685121536255,0.20791688561439514,0.38887426257133484,0.5946869850158691,0.8001052141189575,5,PASS,873,658,752,764,755
2020-10-30,120,2,delta_degree_percentile,ORIGINAL,3802,3802,1821,-0.9224092662334442,0.009731709957122803,0.7814308106899261,-0.15931086540222164,-0.03324564695358273,0.05439243316650389,0.17556551098823547,5,PASS,761,760,760,788,733
2020-10-30,120,3,cross_industry_degree_percentile,ORIGINAL,3802,3802,239,0.01499210941609679,0.5103892688058916,1.0,0.22409258285113098,0.4091267753813782,0.6082325092056812,0.8023408732246187,5,PASS,963,665,717,716,741
2020-10-30,120,4,cross_industry_degree_ratio,ORIGINAL,3802,3714,972,0.0,0.8333333333333334,1.0,0.5238095238095238,0.7745374206020437,0.8863636363636364,1.0,4,FEWER_THAN_5_PORTFOLIOS,0,0,0,0,0
2020-10-30,120,5,delta_residual_degree_percentile_1m,ORIGINAL,3802,3780,1751,-0.5811169892549515,6.415415555238724e-05,0.5301685035228729,-0.05803650617599483,-0.00814560055732727,0.01407798528671265,0.06332360506057758,5,PASS,756,767,745,756,756
2020-10-30,120,6,delta_cross_industry_degree_percentile_1m,ORIGINAL,3802,3780,1405,-0.6941068332178274,-0.0017641091155031208,0.6531920682236306,-0.06736728650195248,-0.010153734180562202,0.014092972509595347,0.08156639919396369,5,PASS,779,735,755,755,756
2020-10-30,120,7,neighbor_jaccard_1m,ORIGINAL,3802,3742,1144,0.0,0.5,1.0,0.25,0.42857142857142855,0.5570705244122965,0.6932805280528054,5,PASS,794,733,718,748,749
2020-10-30,120,8,neighbor_retention_1m,ORIGINAL,3802,3693,976,0.0,0.6931818181818182,1.0,0.40373711340206225,0.6153846153846154,0.7607209215904868,0.8853483606557377,5,PASS,739,744,733,738,739
2020-10-30,120,9,outside_community_degree_percentile,ORIGINAL,3802,3802,65,0.09113624408206207,0.5174907943187795,1.0,0.26117832719621253,0.4038663861125723,0.6034981588637559,0.7974750131509731,5,PASS,1293,484,654,660,711
2020-10-30,252,1,residual_degree_percentile,ORIGINAL,3688,3688,268,0.040536876767873764,0.4948481619358063,1.0,0.17706073820590973,0.4029284119606018,0.6034436225891113,0.7986713647842407,5,PASS,744,778,719,711,736
2020-10-30,252,2,delta_degree_percentile,ORIGINAL,3688,3688,1750,-0.924891535192728,-0.0023047924041748047,0.7593546360731125,-0.15075922012329102,-0.045417577028274536,0.04121476411819458,0.171773299574852,5,PASS,739,844,632,736,737
2020-10-30,252,3,cross_industry_degree_percentile,ORIGINAL,3688,3688,220,0.06087310195227766,0.49633947939262474,1.0,0.1725867678958785,0.38489696312364424,0.6011388286334056,0.7990780911062907,5,PASS,824,679,751,701,733
2020-10-30,252,4,cross_industry_degree_ratio,ORIGINAL,3688,3390,1019,0.0,0.6956521739130435,1.0,0.29605343047966004,0.5585499316005473,0.8,1.0,4,FEWER_THAN_5_PORTFOLIOS,0,0,0,0,0
2020-10-30,252,5,delta_residual_degree_percentile_1m,ORIGINAL,3688,3661,1433,-0.3349015712738037,-0.0016647092998027802,0.3769841939210892,-0.02346557378768921,-0.00390075147151947,0.0021604299545288086,0.024918317794799805,5,PASS,733,758,706,734,730
2020-10-30,252,6,delta_cross_industry_degree_percentile_1m,ORIGINAL,3688,3661,1015,-0.41659207149759947,-0.0005855159116939374,0.43488086152865313,-0.02642194711092649,-0.0045141125221527245,6.980567285708172e-05,0.030599400019315937,5,PASS,739,727,731,732,732
2020-10-30,252,7,neighbor_jaccard_1m,ORIGINAL,3688,3428,929,0.0,0.781934731934732,1.0,0.5,0.7222222222222222,0.8322128851540614,0.9138530682800345,5,PASS,709,663,685,685,686
2020-10-30,252,8,neighbor_retention_1m,ORIGINAL,3688,3353,729,0.0,0.9166666666666666,1.0,0.7142857142857143,0.8709677419354839,0.9444444444444444,1.0,4,FEWER_THAN_5_PORTFOLIOS,0,0,0,0,0
2020-10-30,252,9,outside_community_degree_percentile,ORIGINAL,3688,3688,47,0.1704175704989154,0.42516268980477223,1.0,0.1704175704989154,0.42516268980477223,0.5626355748373102,0.8158893709327549,4,FEWER_THAN_5_PORTFOLIOS,0,0,0,0,0
2020-11-30,60,1,residual_degree_percentile,ORIGINAL,3936,3936,223,0.0008892276673577726,0.4935213327407837,1.0,0.19677338004112244,0.393165647983551,0.6056910753250122,0.8028455376625061,5,PASS,822,771,818,761,764
2020-11-30,60,2,delta_degree_percentile,ORIGINAL,3936,3936,1995,-0.9540142524056137,0.019435971975326538,0.7778201475739479,-0.18635670840740204,-0.03569614887237549,0.0781250074505806,0.21125507354736328,5,PASS,790,787,825,747,787
2020-11-30,60,3,cross_industry_degree_percentile,ORIGINAL,3936,3936,193,0.0013973577235772358,0.5007621951219512,1.0,0.1990599593495935,0.39634146341463417,0.5967987804878049,0.8013211382113821,5,PASS,850,766,757,790,773
2020-11-30,60,4,cross_industry_degree_ratio,ORIGINAL,3936,3930,1022,0.0,0.865123952202604,1.0,0.6666666666666666,0.8125,0.9,1.0,4,FEWER_THAN_5_PORTFOLIOS,0,0,0,0,0
2020-11-30,60,5,delta_residual_degree_percentile_1m,ORIGINAL,3936,3859,2401,-0.7855486050248146,0.0019915103912353516,0.7713620029389858,-0.137604022026062,-0.024920928478240966,0.03862735629081726,0.14795773029327394,5,PASS,772,772,776,767,772
2020-11-30,60,6,delta_cross_industry_degree_percentile_1m,ORIGINAL,3936,3859,2068,-0.8774065166893905,0.0009815432005251257,0.8225000631217492,-0.15723106978740597,-0.03121133792859665,0.04065750770085341,0.16347270615563297,5,PASS,772,775,768,773,771
2020-11-30,60,7,neighbor_jaccard_1m,ORIGINAL,3936,3859,1282,0.0,0.125,1.0,0.02564102564102564,0.08333333333333333,0.18,0.3133249415572739,5,PASS,773,773,773,768,772
2020-11-30,60,8,neighbor_retention_1m,ORIGINAL,3936,3850,1035,0.0,0.25,1.0,0.045454545454545456,0.16666666666666666,0.3333333333333333,0.5294117647058824,5,PASS,777,784,773,749,767
2020-11-30,60,9,outside_community_degree_percentile,ORIGINAL,3936,3936,107,0.02184959349593496,0.4740853658536585,1.0,0.16260162601626016,0.4054878048780488,0.5826981707317073,0.801829268292683,5,PASS,811,931,647,792,755
2020-11-30,120,1,residual_degree_percentile,ORIGINAL,3828,3828,256,0.010579937137663364,0.49464473128318787,1.0,0.20062695443630219,0.39942529797554016,0.5958464145660378,0.8005486130714417,5,PASS,844,721,732,773,758
2020-11-30,120,2,delta_degree_percentile,ORIGINAL,3828,3828,1832,-0.9336468130350113,0.020637452602386475,0.7382444888353348,-0.15464994311332703,-0.026750266551971342,0.06269592046737671,0.1740334391593935,5,PASS,780,751,840,691,766
2020-11-30,120,3,cross_industry_degree_percentile,ORIGINAL,3828,3828,228,0.015151515151515152,0.49908568443051204,1.0,0.22727272727272727,0.40334378265412746,0.5971786833855799,0.799373040752351,5,PASS,976,634,711,748,759
2020-11-30,120,4,cross_industry_degree_ratio,ORIGINAL,3828,3748,1011,0.0,0.8181818181818182,1.0,0.5,0.75,0.8727580893682588,1.0,4,FEWER_THAN_5_PORTFOLIOS,0,0,0,0,0
2020-11-30,120,5,delta_residual_degree_percentile_1m,ORIGINAL,3828,3800,1836,-0.5709244981408119,-7.75456428527832e-05,0.464726984500885,-0.06406736373901367,-0.011363446712493886,0.013005578517913834,0.06980033684521914,5,PASS,764,756,760,764,756
2020-11-30,120,6,delta_cross_industry_degree_percentile_1m,ORIGINAL,3828,3800,1463,-0.6467731744332988,0.0024399727471159927,0.5215657408491489,-0.07956524284364441,-0.009957842679731321,0.011968691064538906,0.08507731453005268,5,PASS,762,766,753,777,742
2020-11-30,120,7,neighbor_jaccard_1m,ORIGINAL,3828,3768,1170,0.0,0.45287828947368425,1.0,0.2,0.375,0.5098839535814325,0.6643341772151901,5,PASS,782,732,747,753,754
2020-11-30,120,8,neighbor_retention_1m,ORIGINAL,3828,3712,936,0.0,0.6666666666666666,1.0,0.3333333333333333,0.5789473684210527,0.7291724825523429,0.8421052631578947,5,PASS,750,737,740,748,737
2020-11-30,120,9,outside_community_degree_percentile,ORIGINAL,3828,3828,66,0.07993730407523511,0.47962382445141066,1.0,0.23014629049111807,0.365987460815047,0.5651776384535006,0.7955851619644723,5,PASS,1150,501,655,793,729
2020-11-30,252,1,residual_degree_percentile,ORIGINAL,3715,3715,268,0.04320323094725609,0.5064603090286255,1.0,0.1786002665758133,0.40080752968788147,0.6039031147956848,0.8020188212394714,5,PASS,762,765,732,729,727
2020-11-30,252,2,delta_degree_percentile,ORIGINAL,3715,3715,1777,-0.9489905871450901,0.003230154514312744,0.7868102341890335,-0.15639299154281616,-0.03553163260221481,0.04430685043334964,0.17510093748569489,5,PASS,746,877,606,754,732
2020-11-30,252,3,cross_industry_degree_percentile,ORIGINAL,3715,3715,228,0.06473755047106326,0.49878869448183044,1.0,0.1784656796769852,0.3842530282637954,0.6041722745625842,0.7979811574697173,5,PASS,845,671,772,686,741
2020-11-30,252,4,cross_industry_degree_ratio,ORIGINAL,3715,3395,1056,0.0,0.6744186046511628,1.0,0.2903225806451613,0.5450945094509452,0.7809210526315788,1.0,4,FEWER_THAN_5_PORTFOLIOS,0,0,0,0,0
2020-11-30,252,5,delta_residual_degree_percentile_1m,ORIGINAL,3715,3688,1494,-0.2810707092285156,0.001117020845413208,0.3675072193145752,-0.03230476379394531,-0.003095090389251709,0.0026663541793823242,0.02930501699447632,5,PASS,757,719,861,613,738
2020-11-30,252,6,delta_cross_industry_degree_percentile_1m,ORIGINAL,3715,3688,1057,-0.43160192892156146,0.0032087626232398803,0.3998944231482266,-0.04228741573558559,-0.0006439348598488159,0.0038644485187856042,0.03501783821816359,5,PASS,742,756,810,642,738
2020-11-30,252,7,neighbor_jaccard_1m,ORIGINAL,3715,3454,976,0.0,0.7333333333333333,1.0,0.5,0.6666666666666666,0.7814517398834827,0.8723006561940744,5,PASS,824,577,671,691,691
2020-11-30,252,8,neighbor_retention_1m,ORIGINAL,3715,3390,760,0.0,0.875,1.0,0.6666666666666666,0.8333333333333334,0.9096926071800444,0.975,5,PASS,712,702,620,680,676
2020-11-30,252,9,outside_community_degree_percentile,ORIGINAL,3715,3715,44,0.16877523553162854,0.4261103633916555,1.0,0.16877523553162854,0.4261103633916555,0.5741588156123822,0.7962314939434724,4,FEWER_THAN_5_PORTFOLIOS,0,0,0,0,0
2020-12-31,60,1,residual_degree_percentile,ORIGINAL,4004,4004,180,0.0004995004856027663,0.5044955015182495,1.0,0.1988012045621872,0.39660340547561646,0.598901093006134,0.7998251914978027,5,PASS,840,786,800,788,790
2020-12-31,60,2,delta_degree_percentile,ORIGINAL,4004,4004,2025,-0.9094655402004719,0.020916566252708435,0.7727272436022758,-0.19190812110900876,-0.03628869056701659,0.08391609787940979,0.21790707111358643,5,PASS,801,801,815,787,800
2020-12-31,60,3,cross_industry_degree_percentile,ORIGINAL,4004,4004,147,0.0006243756243756244,0.5054945054945055,1.0,0.19942557442557443,0.40884115884115885,0.5937812187812188,0.7972027972027972,5,PASS,870,817,730,790,797
2020-12-31,60,4,cross_industry_degree_ratio,ORIGINAL,4004,4004,1035,0.05405405405405406,0.8421052631578947,1.0,0.6363636363636364,0.7837837837837838,0.8846153846153846,0.96,5,PASS,803,800,802,810,789
2020-12-31,60,5,delta_residual_degree_percentile_1m,ORIGINAL,4004,3921,2575,-0.851798452436924,0.0020278245210647583,0.949622755870223,-0.18750154972076416,-0.04363040626049042,0.04789632558822632,0.1904197335243225,5,PASS,785,786,782,784,784
2020-12-31,60,6,delta_cross_industry_degree_percentile_1m,ORIGINAL,4004,3921,2221,-0.8466883726030067,0.0012231163145797197,0.9492138958602374,-0.20753991943016326,-0.04761359067761506,0.051775206500816295,0.20417336728312335,5,PASS,785,784,784,784,784
2020-12-31,60,7,neighbor_jaccard_1m,ORIGINAL,4004,3921,1320,0.0,0.11764705882352941,0.6956521739130435,0.029411764705882353,0.08333333333333333,0.15730337078651685,0.2578125,5,PASS,789,796,769,783,784
2020-12-31,60,8,neighbor_retention_1m,ORIGINAL,4004,3915,1095,0.0,0.25,1.0,0.058823529411764705,0.18403982930298726,0.3250813008130082,0.5,5,PASS,786,780,783,832,734
2020-12-31,60,9,outside_community_degree_percentile,ORIGINAL,4004,4004,73,0.003246753246753247,0.5016233766233766,1.0,0.19655344655344656,0.388986013986014,0.6037712287712288,0.7997002997002997,5,PASS,913,773,827,732,759
2020-12-31,120,1,residual_degree_percentile,ORIGINAL,3879,3879,219,0.0037380768917500973,0.5059293508529663,1.0,0.20533642172813416,0.39842742681503296,0.5987367630004883,0.8005929589271545,5,PASS,847,729,762,777,764
2020-12-31,120,2,delta_degree_percentile,ORIGINAL,3879,3879,1959,-0.9256251752376556,0.018432587385177612,0.7624387741088867,-0.17749418020248411,-0.040500104427337626,0.07231244444847107,0.19734466075897217,5,PASS,776,776,776,776,775
2020-12-31,120,3,cross_industry_degree_percentile,ORIGINAL,3879,3879,192,0.005413766434648105,0.5099252384635216,1.0,0.20959010054137664,0.38553750966744005,0.5987367878319154,0.7987883475122455,5,PASS,884,680,792,754,769
2020-12-31,120,4,cross_industry_degree_ratio,ORIGINAL,3879,3851,1077,0.0,0.8108108108108109,1.0,0.5454545454545454,0.75,0.8727272727272727,1.0,4,FEWER_THAN_5_PORTFOLIOS,0,0,0,0,0
2020-12-31,120,5,delta_residual_degree_percentile_1m,ORIGINAL,3879,3827,2045,-0.7154328674077988,-0.0008284449577331543,0.6748564392328262,-0.08280187845230103,-0.02068367600440979,0.020841073989868165,0.08037330210208893,5,PASS,767,769,760,770,761
2020-12-31,120,6,delta_cross_industry_degree_percentile_1m,ORIGINAL,3879,3827,1661,-0.7415545768914038,-0.0030199385647822208,0.7199272911529893,-0.09837352644777239,-0.02403848873566447,0.02338512333511927,0.09386387274618332,5,PASS,771,760,765,775,756
2020-12-31,120,7,neighbor_jaccard_1m,ORIGINAL,3879,3818,1291,0.0,0.38235294117647056,1.0,0.16666666666666666,0.3173828881145955,0.4444444444444444,0.5752830188679247,5,PASS,814,713,781,746,764
2020-12-31,120,8,neighbor_retention_1m,ORIGINAL,3879,3747,993,0.0,0.6454545454545455,1.0,0.3575705731394355,0.5652173913043478,0.719719298245614,0.8571428571428571,5,PASS,750,752,746,756,743
2020-12-31,120,9,outside_community_degree_percentile,ORIGINAL,3879,3879,86,0.03441608662026296,0.4709976798143852,1.0,0.22015983500902295,0.39958752255736013,0.597189997422016,0.8066511987625676,5,PASS,1050,644,728,746,711
2020-12-31,252,1,residual_degree_percentile,ORIGINAL,3737,3737,247,0.04080813378095627,0.49531710147857666,1.0,0.21032914519309998,0.40272945165634155,0.5998126864433289,0.7987690567970276,5,PASS,865,679,709,740,744
2020-12-31,252,2,delta_degree_percentile,ORIGINAL,3737,3737,1834,-0.9529033973813057,0.01190793514251709,0.7867273241281509,-0.15929890871047972,-0.03960396349430084,0.057827156782150245,0.18450629115104675,5,PASS,748,844,650,747,748
2020-12-31,252,3,cross_industry_degree_percentile,ORIGINAL,3737,3737,212,0.059004549103559005,0.5005351886540005,1.0,0.16216216216216217,0.40473641958790474,0.6014182499331014,0.7976986887877977,5,PASS,771,824,687,710,745
2020-12-31,252,4,cross_industry_degree_ratio,ORIGINAL,3737,3433,1055,0.0,0.6666666666666666,1.0,0.3103448275862069,0.5384615384615384,0.7698734729493889,0.9788669064748204,5,PASS,688,686,686,686,687
2020-12-31,252,5,delta_residual_degree_percentile_1m,ORIGINAL,3737,3714,1580,-0.45321881771087646,-0.00239509716629982,0.4156210422515869,-0.034023034572601314,-0.008060060441493988,0.003796100616455078,0.03172887861728668,5,PASS,743,836,658,739,738
2020-12-31,252,6,delta_cross_industry_degree_percentile_1m,ORIGINAL,3737,3714,1093,-0.5250825922867286,-0.005733001367504258,0.5245046173527177,-0.03599881293283744,-0.009672249171736091,0.0029973229762682717,0.038309063164146284,5,PASS,743,743,742,751,735
2020-12-31,252,7,neighbor_jaccard_1m,ORIGINAL,3737,3474,978,0.0,0.725925925925926,1.0,0.5,0.6666666666666666,0.7777777777777778,0.8636363636363636,5,PASS,847,599,641,698,689
2020-12-31,252,8,neighbor_retention_1m,ORIGINAL,3737,3394,789,0.0,0.8910274204990593,1.0,0.7116947809351296,0.8529744101030242,0.9259259259259259,1.0,4,FEWER_THAN_5_PORTFOLIOS,0,0,0,0,0
2020-12-31,252,9,outside_community_degree_percentile,ORIGINAL,3737,3737,109,0.14423334225314424,0.5001337971635001,1.0,0.14423334225314424,0.36874498260636873,0.5885737222370886,0.8045223441263045,4,FEWER_THAN_5_PORTFOLIOS,0,0,0,0,0
2021-01-29,60,1,residual_degree_percentile,ORIGINAL,4030,4030,189,0.000868486356921494,0.5054590702056885,1.0,0.18982630968093872,0.4033498764038086,0.5966501235961914,0.8012406826019287,5,PASS,816,835,770,815,794
2021-01-29,60,2,delta_degree_percentile,ORIGINAL,4030,4030,1997,-0.9160049371421337,0.00918114185333252,0.8405707404017448,-0.17555828094482423,-0.037667477130889825,0.05801489353179936,0.19367247819900513,5,PASS,806,806,806,807,805
2021-01-29,60,3,cross_industry_degree_percentile,ORIGINAL,4030,4030,153,0.0016129032258064516,0.5050868486352358,1.0,0.2022332506203474,0.40161290322580645,0.6017369727047146,0.7990074441687345,5,PASS,884,789,785,775,797
2021-01-29,60,4,cross_industry_degree_ratio,ORIGINAL,4030,4024,1101,0.0,0.836013896037056,1.0,0.6123979591836735,0.782608695652174,0.8888888888888888,0.96875,5,PASS,805,807,830,779,803
2021-01-29,60,5,delta_residual_degree_percentile_1m,ORIGINAL,4030,3989,2664,-0.7719740197062492,-0.01694514974951744,0.8361565843224525,-0.18270760774612427,-0.06219167709350586,0.03252488970756527,0.17993541955947878,5,PASS,799,797,797,798,798
2021-01-29,60,6,delta_cross_industry_degree_percentile_1m,ORIGINAL,4030,3989,2293,-0.8274443298636847,-0.013825690438593663,0.8934944088169895,-0.21080500145016273,-0.06896410041571321,0.0419959073184879,0.2037299796977216,5,PASS,798,799,798,796,798
2021-01-29,60,7,neighbor_jaccard_1m,ORIGINAL,4030,3989,1398,0.0,0.125,0.7213930348258707,0.038461538461538464,0.09090909090909091,0.16666666666666666,0.27920656634746926,5,PASS,799,805,813,774,798
2021-01-29,60,8,neighbor_retention_1m,ORIGINAL,4030,3989,1063,0.0,0.23076923076923078,1.0,0.07407407407407407,0.16981132075471697,0.29411764705882354,0.4460501369285866,5,PASS,802,795,806,788,798
2021-01-29,60,9,outside_community_degree_percentile,ORIGINAL,4030,4030,90,0.010173697270471464,0.5040942928039702,1.0,0.17022332506203475,0.3890818858560794,0.5993796526054591,0.7996277915632755,5,PASS,834,876,783,763,774
2021-01-29,120,1,residual_degree_percentile,ORIGINAL,3922,3922,202,0.0022947476245462894,0.4956654906272888,1.0,0.19033657014369965,0.3966088593006134,0.601861298084259,0.8003569841384888,5,PASS,796,793,787,775,771
2021-01-29,120,2,delta_degree_percentile,ORIGINAL,3922,3922,1991,-0.869071900844574,0.015362054109573364,0.8170575946569443,-0.16639469861984252,-0.033656322956085144,0.06234064698219299,0.1914839744567871,5,PASS,785,784,785,785,783
2021-01-29,120,3,cross_industry_degree_percentile,ORIGINAL,3922,3922,170,0.004207037225905151,0.5056093829678735,1.0,0.19581845996940336,0.3866649668536461,0.6024987251402346,0.8021417644059153,5,PASS,840,732,811,775,764
2021-01-29,120,4,cross_industry_degree_ratio,ORIGINAL,3922,3905,1137,0.0,0.8,1.0,0.5555555555555556,0.7439475253428742,0.8571428571428571,0.9769509043927651,5,PASS,791,771,799,763,781
2021-01-29,120,5,delta_residual_degree_percentile_1m,ORIGINAL,3922,3876,2360,-0.6362876445055008,-0.0013838722370564938,0.8524586334824562,-0.10303167998790741,-0.021865099668502808,0.02313816547393799,0.10647737979888916,5,PASS,777,776,773,775,775
2021-01-29,120,6,delta_cross_industry_degree_percentile_1m,ORIGINAL,3922,3876,1939,-0.7297601962160032,-0.0007080253654696556,0.8792055418374203,-0.1189850052302445,-0.022941625686449085,0.02580041408128786,0.12990870308210412,5,PASS,777,779,776,769,775
2021-01-29,120,7,neighbor_jaccard_1m,ORIGINAL,3922,3872,1400,0.0,0.2759678442987096,1.0,0.1,0.21177156177156184,0.3446743295019157,0.5,5,PASS,806,743,774,796,753
2021-01-29,120,8,neighbor_retention_1m,ORIGINAL,3922,3849,1138,0.0,0.5,1.0,0.1875,0.4,0.5714285714285714,0.7272727272727273,5,PASS,773,799,746,773,758
2021-01-29,120,9,outside_community_degree_percentile,ORIGINAL,3922,3922,82,0.028939316675165732,0.5043345232024478,1.0,0.19352371239163693,0.3737888832228455,0.6139724630290668,0.807113717491076,5,PASS,955,662,882,709,714
2021-01-29,252,1,residual_degree_percentile,ORIGINAL,3758,3758,240,0.036455560475587845,0.5069185495376587,1.0,0.2068919688463211,0.40593400597572327,0.5975252985954285,0.8004257678985596,5,PASS,850,702,713,751,742
2021-01-29,252,2,delta_degree_percentile,ORIGINAL,3758,3758,1882,-0.9550292603671551,0.011708363890647888,0.7722193002700806,-0.1605907678604126,-0.04563596844673157,0.05787654221057892,0.17953698635101337,5,PASS,755,800,753,698,752
2021-01-29,252,3,cross_industry_degree_percentile,ORIGINAL,3758,3758,195,0.053086748270356574,0.4880255455029271,1.0,0.23084087280468335,0.3927621075039915,0.5997871208089409,0.8032197977647685,5,PASS,999,541,752,742,724
2021-01-29,252,4,cross_industry_degree_ratio,ORIGINAL,3758,3485,1118,0.0,0.6666666666666666,1.0,0.317878787878788,0.5390688259109313,0.7625433092986235,0.9704822280789233,5,PASS,697,697,697,697,697
2021-01-29,252,5,delta_residual_degree_percentile_1m,ORIGINAL,3758,3736,1690,-0.38954976201057434,-0.004114314913749695,0.41167721152305603,-0.0417180061340332,-0.0076721906661987305,0.0033913254737854004,0.0399165153503418,5,PASS,750,751,741,751,743
2021-01-29,252,6,delta_cross_industry_degree_percentile_1m,ORIGINAL,3758,3736,1205,-0.528811463917561,-0.0059178008332024315,0.5642880773269278,-0.055481496756611515,-0.010127818659057625,0.002044340906912634,0.05346983966984073,5,PASS,756,783,703,777,717
2021-01-29,252,7,neighbor_jaccard_1m,ORIGINAL,3758,3528,1037,0.0,0.6744186046511628,1.0,0.4119711042311662,0.6153846153846154,0.7333333333333333,0.8297872340425532,5,PASS,706,715,704,698,705
2021-01-29,252,8,neighbor_retention_1m,ORIGINAL,3758,3431,807,0.0,0.8571428571428571,1.0,0.6304347826086957,0.8,0.8904109589041096,0.9519230769230769,5,PASS,687,694,679,685,686
2021-01-29,252,9,outside_community_degree_percentile,ORIGINAL,3758,3758,70,0.14422565194252263,0.5059872272485365,0.999866950505588,0.14422565194252263,0.36961149547631716,0.599654071314529,0.7969664715274082,4,FEWER_THAN_5_PORTFOLIOS,0,0,0,0,0
2021-02-26,60,1,residual_degree_percentile,ORIGINAL,4045,4045,197,0.0006180469645187259,0.5001236200332642,1.0,0.19616810977458954,0.39320147037506104,0.5970333814620972,0.8019777536392212,5,PASS,843,787,804,819,792
2021-02-26,60,2,delta_degree_percentile,ORIGINAL,4045,4045,1881,-0.9323856383562088,0.01013597846031189,0.8061804473400116,-0.18313964605331418,-0.046699655055999725,0.06341160833835602,0.19999998807907104,5,PASS,809,809,830,811,786
2021-02-26,60,3,cross_industry_degree_percentile,ORIGINAL,4045,4045,162,0.0012360939431396785,0.49357231149567365,1.0,0.21248454882571075,0.39715698393077875,0.5982694684796045,0.7980716934487039,5,PASS,918,733,796,789,809
2021-02-26,60,4,cross_industry_degree_ratio,ORIGINAL,4045,4041,1102,0.0,0.8484848484848485,1.0,0.6212121212121212,0.7959183673469388,0.8923076923076924,0.972972972972973,5,PASS,809,808,808,809,807
2021-02-26,60,5,delta_residual_degree_percentile_1m,ORIGINAL,4045,4025,2465,-0.7363738194108009,-0.007513493299484253,0.7623368501663208,-0.11501277834177016,-0.037942290306091295,0.019628256559371948,0.1117182731628418,5,PASS,805,805,808,802,805
2021-02-26,60,6,delta_cross_industry_degree_percentile_1m,ORIGINAL,4045,4025,2101,-0.7643181392952118,-0.006491640262922926,0.7750223141028196,-0.12523625343913233,-0.03889049066488359,0.021254374637683426,0.12446637855146966,5,PASS,808,804,804,805,804
2021-02-26,60,7,neighbor_jaccard_1m,ORIGINAL,4045,4025,1499,0.0,0.273972602739726,0.8484848484848485,0.1111111111111111,0.2222222222222222,0.3333333333333333,0.4566902595214023,5,PASS,814,822,856,728,805
2021-02-26,60,8,neighbor_retention_1m,ORIGINAL,4045,4019,1122,0.0,0.44,1.0,0.21739130434782608,0.3684210526315789,0.5,0.6382978723404256,5,PASS,805,805,838,768,803
2021-02-26,60,9,outside_community_degree_percentile,ORIGINAL,4045,4045,98,0.009270704573547589,0.476885043263288,1.0,0.22064276885043263,0.42249690976514215,0.6128553770086527,0.7954264524103832,5,PASS,1039,779,733,697,797
2021-02-26,120,1,residual_degree_percentile,ORIGINAL,3971,3971,203,0.0035255602560937405,0.4964744448661804,1.0,0.21254092454910278,0.399269700050354,0.6040040254592896,0.8005540370941162,5,PASS,904,708,803,774,782
2021-02-26,120,2,delta_degree_percentile,ORIGINAL,3971,3971,1991,-0.8951145997270942,0.006547451019287109,0.826743870973587,-0.17413750290870667,-0.047972798347473145,0.06081587076187134,0.1940317451953888,5,PASS,804,819,760,802,786
2021-02-26,120,3,cross_industry_degree_percentile,ORIGINAL,3971,3971,178,0.0057919919415764295,0.50906572651725,1.0,0.180181314530345,0.402669352807857,0.5943087383530596,0.8019390581717452,5,PASS,800,852,734,808,777
2021-02-26,120,4,cross_industry_degree_ratio,ORIGINAL,3971,3944,1143,0.0,0.8,1.0,0.5306902985074627,0.7391304347826086,0.8619628647214852,0.975,5,PASS,789,790,787,791,787
2021-02-26,120,5,delta_residual_degree_percentile_1m,ORIGINAL,3971,3919,2237,-0.5302321016788483,-0.006555110216140747,0.5718338489532471,-0.07958217859268188,-0.02530606985092163,0.013229846954345703,0.07662022858858109,5,PASS,784,784,784,788,779
2021-02-26,120,6,delta_cross_industry_degree_percentile_1m,ORIGINAL,3971,3919,1849,-0.6155861510484413,-0.007871223689443485,0.6000524133984647,-0.09378739101730785,-0.022233830405575583,0.01790464935031907,0.09118727423488832,5,PASS,784,785,782,786,782
2021-02-26,120,7,neighbor_jaccard_1m,ORIGINAL,3971,3917,1438,0.0,0.4,1.0,0.18181818181818182,0.3333333333333333,0.47368421052631576,0.6106563317263762,5,PASS,790,821,743,779,784
2021-02-26,120,8,neighbor_retention_1m,ORIGINAL,3971,3902,1104,0.0,0.5947619047619048,1.0,0.32,0.5,0.6666666666666666,0.7777777777777778,5,PASS,786,789,832,720,775
2021-02-26,120,9,outside_community_degree_percentile,ORIGINAL,3971,3971,81,0.03273734575673634,0.5216570133467641,1.0,0.20788214555527576,0.3908335431881138,0.6150843616217577,0.796398891966759,5,PASS,1036,670,819,681,765
2021-02-26,252,1,residual_degree_percentile,ORIGINAL,3766,3766,233,0.027881041169166565,0.49946892261505127,0.9998672604560852,0.1875995695590973,0.40387678146362305,0.6039564609527588,0.8011152148246765,5,PASS,786,772,733,734,741
2021-02-26,252,2,delta_degree_percentile,ORIGINAL,3766,3766,1898,-0.9604354947805405,0.008364319801330566,0.7316781431436539,-0.15281468629837036,-0.04301649332046509,0.0658523440361023,0.18149226903915405,5,PASS,754,753,754,752,753
2021-02-26,252,3,cross_industry_degree_percentile,ORIGINAL,3766,3766,198,0.04394583112055231,0.49800849707912903,1.0,0.21202867764206054,0.40414232607541156,0.5990440785979819,0.8024429102496017,5,PASS,938,652,697,745,734
2021-02-26,252,4,cross_industry_degree_ratio,ORIGINAL,3766,3557,1096,0.0,0.68,1.0,0.3333333333333333,0.5769230769230769,0.7692307692307693,0.9742923742923744,5,PASS,746,679,711,709,712
2021-02-26,252,5,delta_residual_degree_percentile_1m,ORIGINAL,3766,3757,1853,-0.5941253155469894,0.004225552082061768,0.43057678639888763,-0.04691700637340546,-0.00857451930642128,0.019803309440612784,0.05385303497314453,5,PASS,755,825,674,755,748
2021-02-26,252,6,delta_cross_industry_degree_percentile_1m,ORIGINAL,3766,3757,1369,-0.6022342281588974,-0.0024841322756452566,0.47123029023302243,-0.059457155236469106,-0.01112671088366063,0.012835665573913201,0.0683373292931886,5,PASS,763,740,751,751,752
2021-02-26,252,7,neighbor_jaccard_1m,ORIGINAL,3766,3601,1182,0.0,0.6125,1.0,0.36363636363636365,0.5365853658536586,0.6779661016949152,0.8,5,PASS,721,721,719,754,686
2021-02-26,252,8,neighbor_retention_1m,ORIGINAL,3766,3484,956,0.0,0.8571428571428571,1.0,0.578296256104178,0.795803391779247,0.9030469050365243,0.9857142857142858,5,PASS,697,697,696,699,695
2021-02-26,252,9,outside_community_degree_percentile,ORIGINAL,3766,3766,91,0.11125862984599044,0.5183218268720128,1.0,0.11125862984599044,0.42657992565055763,0.5925385023898035,0.7947424322889007,4,FEWER_THAN_5_PORTFOLIOS,0,0,0,0,0
2021-03-31,60,1,residual_degree_percentile,ORIGINAL,4099,4099,208,0.0017077336087822914,0.5028055906295776,1.0,0.20346425473690033,0.4020492732524872,0.6007562875747681,0.7982434630393982,5,PASS,895,787,799,800,818
2021-03-31,60,2,delta_degree_percentile,ORIGINAL,4099,4099,2038,-0.9365698881447315,-0.0012198090553283691,0.8221517652273178,-0.16906563937664032,-0.0494754672050476,0.049280333518981936,0.18528909981250763,5,PASS,824,816,819,831,809
2021-03-31,60,3,cross_industry_degree_percentile,ORIGINAL,4099,4099,188,0.0023176384484020493,0.4982922664064406,1.0,0.18431324713344718,0.3926567455476946,0.5979507196877287,0.801658941205172,5,PASS,836,815,826,818,804
2021-03-31,60,4,cross_industry_degree_ratio,ORIGINAL,4099,4086,1157,0.0,0.8393609295570079,1.0,0.6,0.7894736842105263,0.8846153846153846,0.9770114942528736,5,PASS,818,826,808,818,816
2021-03-31,60,5,delta_residual_degree_percentile_1m,ORIGINAL,4099,4032,2604,-0.856358215212822,-0.0031148195266723633,0.8590469881892204,-0.13637276887893676,-0.03911263942718499,0.030898749828338592,0.14028512239456184,5,PASS,807,806,806,806,807
2021-03-31,60,6,delta_cross_industry_degree_percentile_1m,ORIGINAL,4099,4032,2235,-0.8065396576873192,-2.9763960036077036e-05,0.8217589625857673,-0.15303509463401335,-0.036668058868107034,0.03593778940324614,0.15400441664598466,5,PASS,807,806,806,806,807
2021-03-31,60,7,neighbor_jaccard_1m,ORIGINAL,4099,4030,1479,0.0,0.225,0.8095238095238095,0.08,0.17606037735849056,0.2777777777777778,0.3939393939393939,5,PASS,811,801,817,796,805
2021-03-31,60,8,neighbor_retention_1m,ORIGINAL,4099,4028,1196,0.0,0.36666666666666664,1.0,0.14285714285714285,0.29545454545454547,0.4444444444444444,0.6052631578947368,5,PASS,810,803,812,798,805
2021-03-31,60,9,outside_community_degree_percentile,ORIGINAL,4099,4099,108,0.01927299341302757,0.4910953891192974,1.0,0.2206635764820688,0.4296169797511588,0.5879482800683093,0.7958038545986826,5,PASS,1056,837,598,805,803
2021-03-31,120,1,residual_degree_percentile,ORIGINAL,4028,4028,203,0.0039721946232020855,0.49788975715637207,1.0,0.19910626113414764,0.39436444640159607,0.6007944345474243,0.7985352277755737,5,PASS,860,753,828,787,800
2021-03-31,120,2,delta_degree_percentile,ORIGINAL,4028,4028,2102,-0.8373883068561554,0.0014275014400482178,0.7683713808655739,-0.17216980457305908,-0.04456305503845215,0.05258193016052239,0.19078946858644485,5,PASS,826,786,805,826,785
2021-03-31,120,3,cross_industry_degree_percentile,ORIGINAL,4028,4028,171,0.0067030784508440916,0.4932969215491559,1.0,0.21362959285004965,0.4090119165839126,0.5955809334657398,0.7976663356504469,5,PASS,935,766,717,806,804
2021-03-31,120,4,cross_industry_degree_ratio,ORIGINAL,4028,3997,1190,0.0,0.7857142857142857,1.0,0.5,0.7073170731707317,0.8461538461538461,0.9662578106919697,5,PASS,829,771,807,790,800
2021-03-31,120,5,delta_residual_degree_percentile_1m,ORIGINAL,4028,3968,2431,-0.7431098446249962,0.002446979284286499,0.6798374056816101,-0.09240696430206298,-0.019370388239622116,0.02786356210708615,0.10191279649734497,5,PASS,794,797,790,794,793
2021-03-31,120,6,delta_cross_industry_degree_percentile_1m,ORIGINAL,4028,3968,1966,-0.8111841511334534,0.002776616317357483,0.6857488014520368,-0.1093992768325074,-0.019274171707140936,0.03354508868542211,0.11280225027677075,5,PASS,794,793,797,790,794
2021-03-31,120,7,neighbor_jaccard_1m,ORIGINAL,4028,3962,1461,0.0,0.35294117647058826,1.0,0.15625,0.291923076923077,0.4189189189189189,0.5555555555555556,5,PASS,794,791,793,799,785
2021-03-31,120,8,neighbor_retention_1m,ORIGINAL,4028,3942,1176,0.0,0.5573770491803278,1.0,0.2727272727272727,0.49763779527559093,0.6428571428571429,0.78125,5,PASS,795,782,796,781,788
2021-03-31,120,9,outside_community_degree_percentile,ORIGINAL,4028,4028,85,0.03264647467725919,0.5181231380337636,1.0,0.19749255213505462,0.38145481628599803,0.6127110228401191,0.7927010923535254,5,PASS,993,704,862,667,802
2021-03-31,252,1,residual_degree_percentile,ORIGINAL,3781,3781,220,0.029092833399772644,0.5025125741958618,1.0,0.21171647310256958,0.4050515592098236,0.5983866453170776,0.7984660267829895,5,PASS,869,694,715,748,755
2021-03-31,252,2,delta_degree_percentile,ORIGINAL,3781,3781,1917,-0.9079608470201492,0.010975956916809082,0.7865643799304962,-0.15035703778266907,-0.04522612690925598,0.06823587417602539,0.17720180749893188,5,PASS,757,761,751,756,756
2021-03-31,252,3,cross_industry_degree_percentile,ORIGINAL,3781,3781,190,0.04350700872784977,0.4891563078550648,1.0,0.2003438243850833,0.3960592435863528,0.6052631578947368,0.798598254430045,5,PASS,882,683,750,713,753
2021-03-31,252,4,cross_industry_degree_ratio,ORIGINAL,3781,3562,1115,0.0,0.6906926406926407,1.0,0.3407614781634939,0.5882352941176471,0.7821274435135821,0.9615384615384616,5,PASS,713,715,709,713,712
2021-03-31,252,5,delta_residual_degree_percentile_1m,ORIGINAL,3781,3761,1984,-0.7720223814249039,0.001211792230606079,0.5049514621496201,-0.056143492460250854,-0.007169798016548157,0.02113291621208191,0.06241774559020996,5,PASS,794,737,730,748,752
2021-03-31,252,6,delta_cross_industry_degree_percentile_1m,ORIGINAL,3781,3761,1478,-0.8170877868111838,-0.0004388223927025356,0.6171728123806556,-0.0770061490615444,-0.008083644316560057,0.019681589881936135,0.07657494645432777,5,PASS,762,743,752,752,752
2021-03-31,252,7,neighbor_jaccard_1m,ORIGINAL,3781,3638,1222,0.0,0.5384615384615384,1.0,0.2727272727272727,0.4838709677419355,0.6086956521739131,0.7400027559597631,5,PASS,738,722,725,725,728
2021-03-31,252,8,neighbor_retention_1m,ORIGINAL,3781,3552,1005,0.0,0.7647058823529411,1.0,0.48962585034013606,0.6785714285714286,0.8333333333333334,0.94,5,PASS,711,711,749,672,709
2021-03-31,252,9,outside_community_degree_percentile,ORIGINAL,3781,3781,90,0.10883364189367892,0.5060830468130124,1.0,0.10883364189367892,0.40835757736048667,0.5821211319756678,0.8034911399100767,4,FEWER_THAN_5_PORTFOLIOS,0,0,0,0,0
2021-04-30,60,1,residual_degree_percentile,ORIGINAL,4136,4136,201,0.0004835590079892427,0.5030222535133362,1.0,0.20514990389347076,0.4029255211353302,0.6055367588996887,0.8024661540985107,5,PASS,892,810,828,799,807
2021-04-30,60,2,delta_degree_percentile,ORIGINAL,4136,4136,2386,-0.9319390505552292,0.014385879039764404,0.8528771698474884,-0.20309478044509888,-0.038684725761413574,0.07700678706169128,0.22183269262313843,5,PASS,829,826,827,831,823
2021-04-30,60,3,cross_industry_degree_percentile,ORIGINAL,4136,4136,174,0.0008462282398452611,0.49661508704061896,1.0,0.20539168278529982,0.40316731141199225,0.5947775628626693,0.8021034816247582,5,PASS,915,809,768,840,804
2021-04-30,60,4,cross_industry_degree_ratio,ORIGINAL,4136,4133,1098,0.0,0.8571428571428571,1.0,0.631578947368421,0.8,0.8936170212765957,0.9655172413793104,5,PASS,829,834,819,825,826
2021-04-30,60,5,delta_residual_degree_percentile_1m,ORIGINAL,4136,4094,2673,-0.8314206525683403,0.004985235631465912,0.7610553354024887,-0.1505964696407318,-0.029780125617980952,0.041712790727615356,0.15145013332366944,5,PASS,820,818,820,817,819
2021-04-30,60,6,delta_cross_industry_degree_percentile_1m,ORIGINAL,4136,4094,2251,-0.8245242683147231,0.0038485055325566397,0.8521251763061519,-0.1715239021358703,-0.03335507127039053,0.04339786252532223,0.16645834149292438,5,PASS,819,825,812,820,818
2021-04-30,60,7,neighbor_jaccard_1m,ORIGINAL,4136,4094,1457,0.0,0.15384615384615385,0.6964285714285714,0.045454545454545456,0.1111111111111111,0.20310150375939845,0.3380281690140845,5,PASS,835,809,812,820,818
2021-04-30,60,8,neighbor_retention_1m,ORIGINAL,4136,4081,1224,0.0,0.3089430894308943,1.0,0.0898876404494382,0.22641509433962265,0.4,0.5918367346938775,5,PASS,817,819,856,774,815
2021-04-30,60,9,outside_community_degree_percentile,ORIGINAL,4136,4136,70,0.005319148936170213,0.5183752417794971,1.0,0.22026112185686653,0.41150870406189555,0.6129110251450677,0.8053675048355899,5,PASS,1047,786,788,747,768
2021-04-30,120,1,residual_degree_percentile,ORIGINAL,4055,4055,204,0.0023427866399288177,0.49420469999313354,1.0,0.18939580023288727,0.3934648633003235,0.5988902449607849,0.8009864091873169,5,PASS,824,804,814,814,799
2021-04-30,120,2,delta_degree_percentile,ORIGINAL,4055,4055,2154,-0.8755856901407242,0.008014798164367676,0.8316892981529236,-0.17847103476524348,-0.04130706191062927,0.057459935545921326,0.1876695454120636,5,PASS,811,812,811,812,809
2021-04-30,120,3,cross_industry_degree_percentile,ORIGINAL,4055,4055,174,0.004192355117139334,0.493711467324291,1.0,0.19876695437731196,0.40024660912453763,0.6043156596794081,0.8014796547472256,5,PASS,892,783,802,781,797
2021-04-30,120,4,cross_industry_degree_ratio,ORIGINAL,4055,4037,1217,0.0,0.7804878048780488,1.0,0.5,0.7058823529411765,0.8461538461538461,0.9629629629629629,5,PASS,870,749,804,808,806
2021-04-30,120,5,delta_residual_degree_percentile_1m,ORIGINAL,4055,4027,2188,-0.5373104512691498,-0.0007150173187255859,0.5453961938619614,-0.06717038154602051,-0.013892441987991333,0.016800031065940857,0.06733584403991699,5,PASS,810,806,807,801,803
2021-04-30,120,6,delta_cross_industry_degree_percentile_1m,ORIGINAL,4055,4027,1755,-0.49156802505764213,-7.634597276523492e-05,0.6383030867772694,-0.08341575065784884,-0.01497054527065167,0.021696215272378083,0.07542079059407825,5,PASS,818,806,794,804,805
2021-04-30,120,7,neighbor_jaccard_1m,ORIGINAL,4055,4025,1496,0.0,0.42857142857142855,1.0,0.20437710437710443,0.3548387096774194,0.5,0.6363636363636364,5,PASS,805,807,910,704,799
2021-04-30,120,8,neighbor_retention_1m,ORIGINAL,4055,3996,1181,0.0,0.6153846153846154,1.0,0.34782608695652173,0.5416666666666666,0.6842105263157895,0.8181818181818182,5,PASS,800,801,801,802,792
2021-04-30,120,9,outside_community_degree_percentile,ORIGINAL,4055,4055,76,0.027620221948212082,0.5033292231812577,1.0,0.1907521578298397,0.36165228113440195,0.6029593094944513,0.8088779284833539,5,PASS,957,671,914,776,737
2021-04-30,252,1,residual_degree_percentile,ORIGINAL,3805,3805,222,0.024704337120056152,0.4954007863998413,1.0,0.20354796946048737,0.3989487588405609,0.599106431007386,0.8002628087997437,5,PASS,849,696,738,766,756
2021-04-30,252,2,delta_degree_percentile,ORIGINAL,3805,3805,2003,-0.9187910556793213,0.004073590040206909,0.809986874461174,-0.1585019826889038,-0.044940829277038574,0.0544546663761139,0.1837582468986512,5,PASS,761,762,760,761,761
2021-04-30,252,3,cross_industry_degree_percentile,ORIGINAL,3805,3805,190,0.0366622864651774,0.5039421813403416,1.0,0.18409986859395533,0.3847568988173456,0.6014454664914586,0.7981603153745073,5,PASS,838,686,794,728,759
2021-04-30,252,4,cross_industry_degree_ratio,ORIGINAL,3805,3618,1109,0.0,0.7070598006644518,1.0,0.35,0.6134897360703814,0.8,1.0,4,FEWER_THAN_5_PORTFOLIOS,0,0,0,0,0
2021-04-30,252,5,delta_residual_degree_percentile_1m,ORIGINAL,3805,3781,1813,-0.5018378049135208,-0.00011354684829711914,0.4178191274404526,-0.04519623517990112,-0.007059454917907715,0.013032793998718262,0.045545801520347595,5,PASS,757,758,754,783,729
2021-04-30,252,6,delta_cross_industry_degree_percentile_1m,ORIGINAL,3805,3781,1304,-0.6736715947119233,-0.003777202632569421,0.5434837928490228,-0.05303017612441496,-0.010146451185313099,0.010659216269465532,0.05701708626123911,5,PASS,757,769,744,795,716
2021-04-30,252,7,neighbor_jaccard_1m,ORIGINAL,3805,3654,1114,0.0,0.6470588235294118,1.0,0.375,0.5750684931506849,0.7058823529411765,0.8125,5,PASS,747,715,731,732,729
2021-04-30,252,8,neighbor_retention_1m,ORIGINAL,3805,3562,914,0.0,0.8313450292397662,1.0,0.5652173913043478,0.7631578947368421,0.8807339449541285,0.9588588248613156,5,PASS,715,712,711,711,713
2021-04-30,252,9,outside_community_degree_percentile,ORIGINAL,3805,3805,86,0.09842312746386334,0.47490144546649143,1.0,0.26202365308804204,0.38028909329829175,0.6151116951379764,0.7917214191852825,5,PASS,1245,403,796,609,752
2021-05-31,60,1,residual_degree_percentile,ORIGINAL,4160,4160,192,0.0008413461619056761,0.5037259459495544,1.0,0.20324519276618958,0.4043269157409668,0.5942307710647583,0.7993990182876587,5,PASS,897,819,784,835,825
2021-05-31,60,2,delta_degree_percentile,ORIGINAL,4160,4160,2452,-0.9389423131942749,0.02968750149011612,0.6742788553237915,-0.16646632552146912,-0.020432688295841217,0.0786057710647583,0.18793269395828258,5,PASS,834,840,826,828,832
2021-05-31,60,3,cross_industry_degree_percentile,ORIGINAL,4160,4160,159,0.0019230769230769232,0.4969951923076923,1.0,0.20024038461538463,0.4109375,0.6067307692307692,0.7975961538461539,5,PASS,903,860,791,775,831
2021-05-31,60,4,cross_industry_degree_ratio,ORIGINAL,4160,4160,1096,0.10204081632653061,0.8421052631578947,1.0,0.6363636363636364,0.8,0.8867924528301887,0.96,5,PASS,838,888,771,840,823
2021-05-31,60,5,delta_residual_degree_percentile_1m,ORIGINAL,4160,4123,2650,-0.8013460412621498,0.005189478397369385,0.7646906711161137,-0.14817874878644943,-0.030093300342559807,0.040771929547190666,0.1509015960618854,5,PASS,830,819,829,820,825
2021-05-31,60,6,delta_cross_industry_degree_percentile_1m,ORIGINAL,4160,4123,2250,-0.8730736683529237,0.0026665488766551837,0.9315738450379407,-0.16511889041809252,-0.0357364045528939,0.04473036936467789,0.15961775591429853,5,PASS,826,824,826,822,825
2021-05-31,60,7,neighbor_jaccard_1m,ORIGINAL,4160,4123,1502,0.0,0.19230769230769232,0.7868852459016393,0.0625,0.14285714285714285,0.24324324324324326,0.3709677419354839,5,PASS,826,824,828,821,824
2021-05-31,60,8,neighbor_retention_1m,ORIGINAL,4160,4120,1225,0.0,0.3352059925093633,1.0,0.1111111111111111,0.2583982202447164,0.42857142857142855,0.6089077412513259,5,PASS,827,821,830,818,824
2021-05-31,60,9,outside_community_degree_percentile,ORIGINAL,4160,4160,80,0.0045673076923076926,0.5038461538461538,1.0,0.17752403846153847,0.390625,0.6081730769230769,0.7956730769230769,5,PASS,887,871,871,729,802
2021-05-31,120,1,residual_degree_percentile,ORIGINAL,4085,4085,214,0.0031823746394366026,0.5048959851264954,1.0,0.18971848487854004,0.40942472219467163,0.6026927828788757,0.7998775839805603,5,PASS,832,879,774,788,812
2021-05-31,120,2,delta_degree_percentile,ORIGINAL,4085,4085,2198,-0.8810281604528427,0.01395350694656372,0.7861688807606697,-0.17769891917705533,-0.03390452265739441,0.07113832235336306,0.19047734737396244,5,PASS,817,818,816,817,817
2021-05-31,120,3,cross_industry_degree_percentile,ORIGINAL,4085,4085,184,0.005018359853121175,0.49547123623011013,1.0,0.20991432068543453,0.4057527539779682,0.604406364749082,0.7983598531211765,5,PASS,926,782,789,771,817
2021-05-31,120,4,cross_industry_degree_ratio,ORIGINAL,4085,4060,1219,0.0,0.7837837837837838,1.0,0.5,0.7142857142857143,0.8461538461538461,0.9606791171477082,5,PASS,850,780,818,800,812
2021-05-31,120,5,delta_residual_degree_percentile_1m,ORIGINAL,4085,4053,2156,-0.5000967383384705,0.0009751319885253906,0.4763949513435364,-0.06105009317398071,-0.015556275844573975,0.015998864173889155,0.0644324064254761,5,PASS,811,812,809,810,811
2021-05-31,120,6,delta_cross_industry_degree_percentile_1m,ORIGINAL,4085,4053,1725,-0.5208810314720935,0.0014887101618353826,0.5570432260216394,-0.07114963016177497,-0.021058245936005377,0.0135615398430697,0.07448697303146606,5,PASS,811,810,811,811,810
2021-05-31,120,7,neighbor_jaccard_1m,ORIGINAL,4085,4045,1370,0.0,0.5,1.0,0.2727272727272727,0.4358974358974359,0.5666666666666667,0.6785714285714286,5,PASS,810,809,810,810,806
2021-05-31,120,8,neighbor_retention_1m,ORIGINAL,4085,4035,1120,0.0,0.6923076923076923,1.0,0.42857142857142855,0.625,0.75,0.851063829787234,5,PASS,830,818,837,745,805
2021-05-31,120,9,outside_community_degree_percentile,ORIGINAL,4085,4085,77,0.02766217870257038,0.519094247246022,1.0,0.19645042839657284,0.37343941248470014,0.5773561811505508,0.7998776009791921,5,PASS,998,703,767,837,780
2021-05-31,252,1,residual_degree_percentile,ORIGINAL,3829,3829,224,0.02729172073304653,0.4955601990222931,1.0,0.21715852618217468,0.4071559011936188,0.5996343493461609,0.7996866106987,5,PASS,905,685,720,760,759
2021-05-31,252,2,delta_degree_percentile,ORIGINAL,3829,3829,2025,-0.9535126630216837,0.005745634436607361,0.773439571261406,-0.15724734067916868,-0.04322277009487152,0.052598583698272666,0.18294595181941986,5,PASS,766,779,752,786,746
2021-05-31,252,3,cross_industry_degree_percentile,ORIGINAL,3829,3829,188,0.038391224862888484,0.49072864977800995,1.0,0.19430660746931314,0.3987986419430661,0.5951945677722643,0.7983807782710891,5,PASS,875,712,726,751,765
2021-05-31,252,4,cross_industry_degree_ratio,ORIGINAL,3829,3621,1136,0.0,0.7142857142857143,1.0,0.35294117647058826,0.6158536585365854,0.8,1.0,4,FEWER_THAN_5_PORTFOLIOS,0,0,0,0,0
2021-05-31,252,5,delta_residual_degree_percentile_1m,ORIGINAL,3829,3805,1796,-0.43302365578711033,0.0025873836129903793,0.3969342112541199,-0.03785377740859985,-0.007212555408477777,0.008820593357086182,0.04516908526420593,5,PASS,761,761,764,759,760
2021-05-31,252,6,delta_cross_industry_degree_percentile_1m,ORIGINAL,3829,3805,1332,-0.45120614550619814,0.0017289383977110856,0.4248159062744413,-0.05231830943669741,-0.006250898719194264,0.010206738875357807,0.057535784896301165,5,PASS,772,754,802,716,761
2021-05-31,252,7,neighbor_jaccard_1m,ORIGINAL,3829,3686,1115,0.0,0.6666666666666666,1.0,0.41935483870967744,0.6054421768707483,0.7241379310344828,0.8271604938271605,5,PASS,738,737,737,737,737
2021-05-31,252,8,neighbor_retention_1m,ORIGINAL,3829,3618,909,0.0,0.8285714285714286,1.0,0.5833333333333334,0.7727272727272727,0.875,0.9441372134817291,5,PASS,725,723,749,697,724
2021-05-31,252,9,outside_community_degree_percentile,ORIGINAL,3829,3829,91,0.111909114651345,0.529381039435884,1.0,0.111909114651345,0.43353355967615564,0.6008096108644555,0.793418647166362,4,FEWER_THAN_5_PORTFOLIOS,0,0,0,0,0
2021-06-30,60,1,residual_degree_percentile,ORIGINAL,4199,4199,179,0.0005953798536211252,0.5063109993934631,1.0,0.19695165753364563,0.40176233649253845,0.6025243997573853,0.801857590675354,5,PASS,870,852,831,830,816
2021-06-30,60,2,delta_degree_percentile,ORIGINAL,4199,4199,2541,-0.9315313436090946,0.018933117389678955,0.6620623916387558,-0.15648963153362275,-0.019409412145614625,0.06322935223579407,0.1775422841310501,5,PASS,840,840,841,840,838
2021-06-30,60,3,cross_industry_degree_percentile,ORIGINAL,4199,4199,142,0.00023815194093831864,0.4973803286496785,1.0,0.19445105977613716,0.39914265301262203,0.5922838771135984,0.7984996427720894,5,PASS,872,862,789,836,840
2021-06-30,60,4,cross_industry_degree_ratio,ORIGINAL,4199,4199,1102,0.09090909090909091,0.85,1.0,0.618100102145046,0.8,0.8888888888888888,0.96,5,PASS,840,870,835,829,825
2021-06-30,60,5,delta_residual_degree_percentile_1m,ORIGINAL,4199,4144,2699,-0.8149138987064362,0.00804990530014038,0.9459316730499268,-0.16126790642738342,-0.03246101140975952,0.04610361494123931,0.15233008861541764,5,PASS,830,828,828,829,829
2021-06-30,60,6,delta_cross_industry_degree_percentile_1m,ORIGINAL,4199,4144,2274,-0.8245653727077876,0.005649968742557798,0.9317743063824719,-0.1813914027149321,-0.04106997201714695,0.04731156227673252,0.17388195105977622,5,PASS,830,828,828,829,829
2021-06-30,60,7,neighbor_jaccard_1m,ORIGINAL,4199,4144,1518,0.0,0.17543859649122806,0.75,0.06165242165242166,0.13418274481252276,0.2222222222222222,0.3333333333333333,5,PASS,829,829,838,826,822
2021-06-30,60,8,neighbor_retention_1m,ORIGINAL,4199,4144,1245,0.0,0.3157894736842105,1.0,0.125,0.25,0.38461538461538464,0.5555555555555556,5,PASS,857,862,773,835,817
2021-06-30,60,9,outside_community_degree_percentile,ORIGINAL,4199,4199,76,0.0010716837342224339,0.5213145987139796,1.0,0.18337699452250536,0.4173612764944034,0.6072874493927125,0.8090021433674685,5,PASS,881,991,764,811,752
2021-06-30,120,1,residual_degree_percentile,ORIGINAL,4120,4120,212,0.0025485437363386154,0.5035194158554077,1.0,0.20339806377887726,0.404004842042923,0.6035194396972656,0.7989563226699842,5,PASS,885,810,809,792,824
2021-06-30,120,2,delta_degree_percentile,ORIGINAL,4120,4120,2354,-0.898300975561142,0.019660204648971558,0.8173543512821198,-0.17344658374786376,-0.02844657897949217,0.06919901967048649,0.18240290880203247,5,PASS,824,824,824,825,823
2021-06-30,120,3,cross_industry_degree_percentile,ORIGINAL,4120,4120,185,0.004004854368932039,0.49101941747572814,1.0,0.20060679611650487,0.4003640776699029,0.5953883495145631,0.799878640776699,5,PASS,912,789,779,828,812
2021-06-30,120,4,cross_industry_degree_ratio,ORIGINAL,4120,4100,1209,0.0,0.788185443668993,1.0,0.5,0.7142857142857143,0.8461538461538461,0.9605616605616609,5,PASS,861,806,817,796,820
2021-06-30,120,5,delta_residual_degree_percentile_1m,ORIGINAL,4120,4081,2297,-0.5725924074649811,0.0009300112724304199,0.5964602082967758,-0.07616680860519409,-0.01307232677936554,0.017535150051116943,0.07329949736595154,5,PASS,818,824,807,819,813
2021-06-30,120,6,delta_cross_industry_degree_percentile_1m,ORIGINAL,4120,4081,1866,-0.635652428372806,-0.0016021794155743896,0.6470230597378522,-0.0902443227056125,-0.013207805017171448,0.024769610580979373,0.09387455288707205,5,PASS,817,818,814,816,816
2021-06-30,120,7,neighbor_jaccard_1m,ORIGINAL,4120,4075,1431,0.0,0.4375,1.0,0.21428571428571427,0.3696748264523201,0.5,0.6299543598366564,5,PASS,823,807,882,748,815
2021-06-30,120,8,neighbor_retention_1m,ORIGINAL,4120,4056,1156,0.0,0.6363636363636364,1.0,0.36363636363636365,0.5555555555555556,0.7,0.8241758241758241,5,PASS,817,814,814,800,811
2021-06-30,120,9,outside_community_degree_percentile,ORIGINAL,4120,4120,78,0.026092233009708737,0.4992718446601942,1.0,0.18701456310679612,0.4320388349514563,0.6077669902912621,0.8054611650485437,5,PASS,963,961,662,774,760
2021-06-30,252,1,residual_degree_percentile,ORIGINAL,3874,3874,226,0.026458440348505974,0.49832215905189514,1.0,0.2096024751663208,0.4004904627799988,0.6023489832878113,0.8008518218994141,5,PASS,890,695,765,757,767
2021-06-30,252,2,delta_degree_percentile,ORIGINAL,3874,3874,2055,-0.9309499282389879,0.0070986077189445496,0.7674238458275795,-0.15265876650810242,-0.041430048644542694,0.05046465992927551,0.17514196783304214,5,PASS,775,810,741,785,763
2021-06-30,252,3,cross_industry_degree_percentile,ORIGINAL,3874,3874,190,0.03910686628807434,0.5091636551368095,1.0,0.19424367578729995,0.3911977284460506,0.6060918946824987,0.7994321115126485,5,PASS,880,694,799,733,768
2021-06-30,252,4,cross_industry_degree_ratio,ORIGINAL,3874,3670,1172,0.0,0.7142857142857143,1.0,0.3487326887901751,0.6042825361512794,0.8,0.9898949871210622,5,PASS,734,734,774,694,734
2021-06-30,252,5,delta_residual_degree_percentile_1m,ORIGINAL,3874,3828,1766,-0.36636556684970856,-0.0008332803845405579,0.4710304383188486,-0.04209022521972655,-0.005994260311126709,0.005852758884429932,0.03943675756454468,5,PASS,766,767,765,765,765
2021-06-30,252,6,delta_cross_industry_degree_percentile_1m,ORIGINAL,3874,3828,1322,-0.465719761141402,0.0007156414251858548,0.5804781607850207,-0.05092032613105457,-0.005481298942275777,0.003343098137154832,0.05267614365438983,5,PASS,781,750,769,777,751
2021-06-30,252,7,neighbor_jaccard_1m,ORIGINAL,3874,3696,1116,0.0,0.6666666666666666,1.0,0.375,0.5882352941176471,0.7272727272727273,0.8333333333333334,5,PASS,757,725,748,752,714
2021-06-30,252,8,neighbor_retention_1m,ORIGINAL,3874,3620,893,0.0,0.8333333333333334,1.0,0.5805655117483075,0.7692307692307693,0.8767966280295048,0.9509941039352804,5,PASS,724,733,715,724,724
2021-06-30,252,9,outside_community_degree_percentile,ORIGINAL,3874,3874,81,0.10428497676819824,0.4936757872999484,1.0,0.10428497676819824,0.3980382034073309,0.5695663397005679,0.7996902426432628,4,FEWER_THAN_5_PORTFOLIOS,0,0,0,0,0
2021-07-30,60,1,residual_degree_percentile,ORIGINAL,4256,4256,187,0.0003524436033330858,0.5028195381164551,0.9998825192451477,0.2075892835855484,0.39391446113586426,0.6029135584831238,0.7976973652839661,5,PASS,924,793,869,822,848
2021-07-30,60,2,delta_degree_percentile,ORIGINAL,4256,4256,2639,-0.9151785708963871,0.019736841320991516,0.7181626111268997,-0.18150845170021057,-0.028430461883544922,0.0711936354637146,0.19043701887130737,5,PASS,853,851,850,852,850
2021-07-30,60,3,cross_industry_degree_percentile,ORIGINAL,4256,4256,147,0.00035244360902255637,0.4925986842105263,1.0,0.20042293233082706,0.38980263157894735,0.600328947368421,0.8032189849624061,5,PASS,908,808,879,842,819
2021-07-30,60,4,cross_industry_degree_ratio,ORIGINAL,4256,4254,1202,0.07368421052631578,0.8421052631578947,1.0,0.5774358974358974,0.7840181818181818,0.8888888888888888,0.9615384615384616,5,PASS,851,851,890,814,848
2021-07-30,60,5,delta_residual_degree_percentile_1m,ORIGINAL,4256,4188,2766,-0.8352504074573517,-0.0009772777557373047,0.8073829188942909,-0.1567496955394745,-0.03888893127441406,0.035603398084640504,0.1627991795539856,5,PASS,841,836,836,838,837
2021-07-30,60,6,delta_cross_industry_degree_percentile_1m,ORIGINAL,4256,4188,2250,-0.9054690955329501,-0.0022906176640697384,0.84358148623822,-0.18284391691899424,-0.04476565423740353,0.042198291259823696,0.1877242243051071,5,PASS,838,838,837,837,838
2021-07-30,60,7,neighbor_jaccard_1m,ORIGINAL,4256,4188,1469,0.0,0.14285714285714285,0.7467532467532467,0.045454545454545456,0.10758241758241768,0.1875,0.3,5,PASS,839,836,846,830,837
2021-07-30,60,8,neighbor_retention_1m,ORIGINAL,4256,4188,1191,0.0,0.25,1.0,0.08955223880597014,0.2,0.32432432432432434,0.4901176470588236,5,PASS,839,923,753,835,838
2021-07-30,60,9,outside_community_degree_percentile,ORIGINAL,4256,4256,79,0.004934210526315789,0.5173872180451128,1.0,0.21228853383458646,0.40542763157894735,0.6138392857142857,0.7978148496240601,5,PASS,1054,790,864,732,816
2021-07-30,120,1,residual_degree_percentile,ORIGINAL,4163,4163,202,0.0018015854293480515,0.493754506111145,1.0,0.20754264295101166,0.40151333808898926,0.5987268686294556,0.8005044460296631,5,PASS,908,795,809,829,822
2021-07-30,120,2,delta_degree_percentile,ORIGINAL,4163,4163,2426,-0.9137640967965126,0.02113857865333557,0.7499399483203888,-0.1642565369606018,-0.027984619140625,0.0651212930679321,0.1811914443969727,5,PASS,833,835,830,832,833
2021-07-30,120,3,cross_industry_degree_percentile,ORIGINAL,4163,4163,167,0.003242853711265914,0.5067259188085516,1.0,0.21210665385539273,0.41052125870766276,0.607134278164785,0.8013451837617103,5,PASS,962,808,790,790,813
2021-07-30,120,4,cross_industry_degree_ratio,ORIGINAL,4163,4149,1265,0.0,0.7857142857142857,1.0,0.490481522956327,0.702902902902903,0.8518518518518519,0.9655172413793104,5,PASS,830,830,833,827,829
2021-07-30,120,5,delta_residual_degree_percentile_1m,ORIGINAL,4163,4117,2489,-0.6278796941041946,0.0032042264938354492,0.674738273024559,-0.09817121922969818,-0.022915994958020738,0.024192988872528076,0.09515984058380131,5,PASS,831,816,824,822,824
2021-07-30,120,6,delta_cross_industry_degree_percentile_1m,ORIGINAL,4163,4117,1977,-0.7053359577787677,0.005347327006989477,0.7445693569564518,-0.1220335934457274,-0.027083221584508932,0.0336483503541368,0.12348080874276157,5,PASS,829,831,810,825,822
2021-07-30,120,7,neighbor_jaccard_1m,ORIGINAL,4163,4116,1491,0.0,0.3333333333333333,1.0,0.14285714285714285,0.2692307692307692,0.3939393939393939,0.5267857142857143,5,PASS,861,788,825,819,823
2021-07-30,120,8,neighbor_retention_1m,ORIGINAL,4163,4098,1247,0.0,0.5153882575757576,1.0,0.25,0.4444444444444444,0.6,0.75,5,PASS,840,812,846,804,796
2021-07-30,120,9,outside_community_degree_percentile,ORIGINAL,4163,4163,75,0.01441268316118184,0.48282488589959166,1.0,0.19997597886139803,0.4213307710785491,0.5942829690127313,0.807110257026183,5,PASS,998,885,697,824,759
2021-07-30,252,1,residual_degree_percentile,ORIGINAL,3936,3936,209,0.01765752024948597,0.49784043431282043,1.0,0.20846036076545715,0.4039634168148041,0.6006097793579102,0.8017022609710693,5,PASS,874,744,767,779,772
2021-07-30,252,2,delta_degree_percentile,ORIGINAL,3936,3936,2139,-0.9293699003756046,0.01155996322631836,0.7195121869444847,-0.1617124080657959,-0.03658539056777954,0.0674542784690857,0.17822664976119995,5,PASS,788,787,789,787,785
2021-07-30,252,3,cross_industry_degree_percentile,ORIGINAL,3936,3936,173,0.028963414634146343,0.5001270325203252,1.0,0.2183689024390244,0.38478150406504064,0.6003556910569106,0.7991615853658537,5,PASS,963,616,815,763,779
2021-07-30,252,4,cross_industry_degree_ratio,ORIGINAL,3936,3798,1228,0.0,0.7058823529411765,1.0,0.3384615384615385,0.6,0.7916666666666666,0.9738892686261109,5,PASS,761,767,753,757,760
2021-07-30,252,5,delta_residual_degree_percentile_1m,ORIGINAL,3936,3874,1937,-0.45839735865592957,-0.00035455822944641113,0.4444511253386736,-0.04924653768539428,-0.012173736095428461,0.012975424528121948,0.04898357391357422,5,PASS,775,775,778,772,774
2021-07-30,252,6,delta_cross_industry_degree_percentile_1m,ORIGINAL,3936,3874,1503,-0.4758133229241431,-0.00050609703631882,0.6158728085086737,-0.07085303419502957,-0.010723761390298462,0.015304447830229526,0.060960657038165666,5,PASS,775,775,774,776,774
2021-07-30,252,7,neighbor_jaccard_1m,ORIGINAL,3936,3775,1236,0.0,0.5714285714285714,1.0,0.32,0.5,0.63,0.7431796233703526,5,PASS,756,820,690,754,755
2021-07-30,252,8,neighbor_retention_1m,ORIGINAL,3936,3670,1016,0.0,0.7943190975020145,1.0,0.5333333333333333,0.7401558441558442,0.8333333333333334,0.9244957983193279,5,PASS,739,729,736,732,734
2021-07-30,252,9,outside_community_degree_percentile,ORIGINAL,3936,3936,69,0.08231707317073171,0.5152439024390244,1.0,0.22446646341463414,0.4382621951219512,0.5783790650406504,0.8019563008130082,5,PASS,1119,778,497,794,748
2021-08-31,60,1,residual_degree_percentile,ORIGINAL,4309,4309,215,0.0006962172337807715,0.4916453957557678,1.0,0.2024831771850586,0.3969598412513733,0.5960779786109924,0.7992573976516724,5,PASS,914,833,840,870,852
2021-08-31,60,2,delta_degree_percentile,ORIGINAL,4309,4309,2716,-0.9350197107996792,0.029821306467056274,0.7515664920210838,-0.1936644222587347,-0.025179855525493622,0.0818055272102356,0.20074263215065002,5,PASS,863,874,849,862,861
2021-08-31,60,3,cross_industry_degree_percentile,ORIGINAL,4309,4309,182,0.00023207240659085636,0.5058018101647714,1.0,0.20932931074495242,0.4090276166163843,0.5944534694824786,0.7963564632165235,5,PASS,973,845,783,850,858
2021-08-31,60,4,cross_industry_degree_ratio,ORIGINAL,4309,4309,1197,0.0,0.8333333333333334,1.0,0.559728813559322,0.7647058823529411,0.8888888888888888,0.9629629629629629,5,PASS,862,868,903,818,858
2021-08-31,60,5,delta_residual_degree_percentile_1m,ORIGINAL,4309,4251,2828,-0.8515888378024101,-0.007115423679351807,0.8087378516793251,-0.1616806760430336,-0.04876384139060974,0.031393229961395264,0.1631312370300293,5,PASS,851,850,850,850,850
2021-08-31,60,6,delta_cross_industry_degree_percentile_1m,ORIGINAL,4309,4251,2254,-0.8482914159819367,-0.0062811138428573166,0.8990268281372962,-0.19673711976332098,-0.054977222442274154,0.03705181016477144,0.18737480304381282,5,PASS,854,853,844,854,846
2021-08-31,60,7,neighbor_jaccard_1m,ORIGINAL,4309,4251,1560,0.0,0.15942028985507245,0.7373737373737373,0.05084745762711865,0.12195121951219512,0.20512820512820512,0.32456140350877194,5,PASS,853,853,847,848,850
2021-08-31,60,8,neighbor_retention_1m,ORIGINAL,4309,4249,1196,0.0,0.2727272727272727,1.0,0.1,0.21428571428571427,0.34146341463414637,0.5056179775280899,5,PASS,851,861,839,849,849
2021-08-31,60,9,outside_community_degree_percentile,ORIGINAL,4309,4309,93,0.004641448131817127,0.5012763982362497,1.0,0.1812485495474588,0.38558830355070783,0.5982826641912277,0.7953121373868647,5,PASS,919,891,851,808,840
2021-08-31,120,1,residual_degree_percentile,ORIGINAL,4196,4196,206,0.0013107721460983157,0.4976167678833008,1.0,0.20114395022392273,0.3982364237308502,0.5978312492370605,0.7994518876075745,5,PASS,888,814,827,836,831
2021-08-31,120,2,delta_degree_percentile,ORIGINAL,4196,4196,2529,-0.9379170462489128,0.027526214718818665,0.5728074610233307,-0.14799808710813522,-0.00941372662782669,0.06613439321517944,0.16849377751350403,5,PASS,840,858,822,837,839
2021-08-31,120,3,cross_industry_degree_percentile,ORIGINAL,4196,4196,167,0.002859866539561487,0.488441372735939,1.0,0.20007149666348903,0.40371782650142995,0.592230695900858,0.7987368922783603,5,PASS,912,850,757,846,831
2021-08-31,120,4,cross_industry_degree_ratio,ORIGINAL,4196,4186,1295,0.0,0.7692307692307693,1.0,0.46153846153846156,0.6875,0.8333333333333334,0.9565217391304348,5,PASS,844,833,841,834,834
2021-08-31,120,5,delta_residual_degree_percentile_1m,ORIGINAL,4196,4161,2566,-0.7379848808050156,0.006022334098815918,0.7730993404984474,-0.10118451714515686,-0.020278990268707275,0.029660165309906006,0.10131096839904785,5,PASS,834,831,834,830,832
2021-08-31,120,6,delta_cross_industry_degree_percentile_1m,ORIGINAL,4196,4161,1970,-0.8686984012088884,0.004014152091590839,0.809512742996487,-0.1226166633882812,-0.02750391746071147,0.033477028898872385,0.12658244116595718,5,PASS,839,828,830,833,831
2021-08-31,120,7,neighbor_jaccard_1m,ORIGINAL,4196,4159,1535,0.0,0.3333333333333333,1.0,0.14641711229946527,0.2727272727272727,0.4,0.5294117647058824,5,PASS,832,833,868,800,826
2021-08-31,120,8,neighbor_retention_1m,ORIGINAL,4196,4147,1277,0.0,0.52,1.0,0.25,0.44,0.6077438570364855,0.7555555555555555,5,PASS,837,827,824,830,829
2021-08-31,120,9,outside_community_degree_percentile,ORIGINAL,4196,4196,76,0.021448999046711152,0.5159675881792183,1.0,0.234628217349857,0.38953765490943754,0.6133222116301239,0.803741658722593,5,PASS,1146,645,871,750,784
2021-08-31,252,1,residual_degree_percentile,ORIGINAL,3994,3994,213,0.01752628944814205,0.4981221854686737,1.0,0.20968952775001526,0.39359039068222046,0.6034051179885864,0.7998247146606445,5,PASS,904,696,824,777,793
2021-08-31,252,2,delta_degree_percentile,ORIGINAL,3994,3994,2251,-0.9339008368551731,0.014208793640136719,0.7096895128488541,-0.1663745790719986,-0.03179769590497017,0.06296950578689575,0.1788933426141739,5,PASS,805,825,767,833,764
2021-08-31,252,3,cross_industry_degree_percentile,ORIGINAL,3994,3994,172,0.028042063094641963,0.4889834752128192,1.0,0.21757636454682022,0.39784677015523284,0.6019028542814221,0.7998247371056585,5,PASS,992,670,767,776,789
2021-08-31,252,4,cross_industry_degree_ratio,ORIGINAL,3994,3855,1224,0.0,0.6836734693877551,1.0,0.3333333333333333,0.5787733797303176,0.7857142857142857,0.9811320754716981,5,PASS,776,766,781,762,770
2021-08-31,252,5,delta_residual_degree_percentile_1m,ORIGINAL,3994,3936,2013,-0.4240950047969818,-0.00013123080134391785,0.578611908480525,-0.04686552286148071,-0.01071956753730774,0.009676218032836914,0.05052536725997925,5,PASS,798,781,783,788,786
2021-08-31,252,6,delta_cross_industry_degree_percentile_1m,ORIGINAL,3994,3936,1464,-0.5433484322011473,-0.0009213515395043795,0.6658287736482773,-0.06558090438503283,-0.009980417781143225,0.011137514198126364,0.06254885376845756,5,PASS,802,775,785,812,762
2021-08-31,252,7,neighbor_jaccard_1m,ORIGINAL,3994,3864,1263,0.0,0.5882352941176471,1.0,0.3142857142857143,0.5,0.6470588235294118,0.7564548494983278,5,PASS,775,820,725,771,773
2021-08-31,252,8,neighbor_retention_1m,ORIGINAL,3994,3798,1043,0.0,0.7659574468085106,1.0,0.5,0.7,0.8193727598566308,0.9024390243902439,5,PASS,874,661,744,760,759
2021-08-31,252,9,outside_community_degree_percentile,ORIGINAL,3994,3994,75,0.09188783174762143,0.46820230345518277,1.0,0.24887330996494741,0.3686780170255383,0.6171757636454682,0.793565348022033,5,PASS,1254,436,883,649,772
2021-09-30,60,1,residual_degree_percentile,ORIGINAL,4360,4360,232,0.002752293599769473,0.49724769592285156,1.0,0.20550458133220673,0.4026376008987427,0.5997935771942146,0.7997706532478333,5,PASS,948,837,831,877,867
2021-09-30,60,2,delta_degree_percentile,ORIGINAL,4360,4360,2413,-0.8864678964018822,0.010091722011566162,0.7508027516305447,-0.17327980697155,-0.03309633731842027,0.06126146316528329,0.18293576240539555,5,PASS,878,866,872,872,872
2021-09-30,60,3,cross_industry_degree_percentile,ORIGINAL,4360,4360,199,0.0045871559633027525,0.49128440366972476,1.0,0.18692660550458715,0.39438073394495415,0.6068807339449541,0.8009174311926606,5,PASS,908,881,889,821,861
2021-09-30,60,4,cross_industry_degree_ratio,ORIGINAL,4360,4337,1284,0.0,0.7924528301886793,1.0,0.5095079541250462,0.7142857142857143,0.8571428571428571,0.9885112359550564,5,PASS,868,897,849,855,868
2021-09-30,60,5,delta_residual_degree_percentile_1m,ORIGINAL,4360,4300,2798,-0.7790387868881226,-0.011843711137771606,0.8491510637104511,-0.15088197588920593,-0.04819303750991821,0.025957196950912476,0.14794563949108125,5,PASS,863,858,863,856,860
2021-09-30,60,6,delta_cross_industry_degree_percentile_1m,ORIGINAL,4360,4300,2244,-0.7820752808821307,-0.007986617512737364,0.8621219774698147,-0.1686004170916005,-0.0467497354587475,0.0370032639174248,0.1728356586704593,5,PASS,864,858,858,864,856
2021-09-30,60,7,neighbor_jaccard_1m,ORIGINAL,4360,4300,1587,0.0,0.17647058823529413,0.7631578947368421,0.0625,0.13513513513513514,0.22058823529411764,0.35294117647058826,5,PASS,880,845,856,865,854
2021-09-30,60,8,neighbor_retention_1m,ORIGINAL,4360,4300,1256,0.0,0.2945998071359691,1.0,0.1111111111111111,0.22857142857142856,0.36363636363636365,0.5263157894736842,5,PASS,900,822,875,846,857
2021-09-30,60,9,outside_community_degree_percentile,ORIGINAL,4360,4360,97,0.03669724770642202,0.4838302752293578,1.0,0.22809633027522935,0.41009174311926605,0.5938073394495413,0.8073394495412844,5,PASS,1215,747,726,866,806
2021-09-30,120,1,residual_degree_percentile,ORIGINAL,4249,4249,240,0.004589315038174391,0.5028241872787476,1.0,0.1968698501586914,0.403389036655426,0.5996705293655396,0.800070583820343,5,PASS,892,853,821,840,843
2021-09-30,120,2,delta_degree_percentile,ORIGINAL,4249,4249,2405,-0.793598473072052,0.016474485397338867,0.6902800872921944,-0.1405036687850952,-0.022828906774520874,0.050953179597854614,0.15577784776687625,5,PASS,850,851,854,844,850
2021-09-30,120,3,cross_industry_degree_percentile,ORIGINAL,4249,4249,199,0.008119557542951282,0.49694045657801833,1.0,0.21299129206872205,0.403506707460579,0.6048481995763709,0.7985408331372088,5,PASS,997,780,831,793,848
2021-09-30,120,4,cross_industry_degree_ratio,ORIGINAL,4249,4211,1290,0.0,0.75,1.0,0.4074074074074074,0.65,0.8195488721804511,0.9629629629629629,5,PASS,844,844,839,842,842
2021-09-30,120,5,delta_residual_degree_percentile_1m,ORIGINAL,4249,4195,2457,-0.7157395523972809,-0.007391184568405151,0.9080796773778275,-0.08466840982437134,-0.026318907737731934,0.013366937637329102,0.08348956108093272,5,PASS,839,844,835,838,839
2021-09-30,120,6,delta_cross_industry_degree_percentile_1m,ORIGINAL,4249,4195,1807,-0.8565134262511384,-0.0037213096290699132,0.9463046427567435,-0.10631833184099171,-0.02898620120564447,0.021785056361604493,0.09893682717023534,5,PASS,839,839,854,824,839
2021-09-30,120,7,neighbor_jaccard_1m,ORIGINAL,4249,4190,1526,0.0,0.381630740393627,1.0,0.18453441295546563,0.32236714975845415,0.4444444444444444,0.59375,5,PASS,838,838,849,828,837
2021-09-30,120,8,neighbor_retention_1m,ORIGINAL,4249,4185,1235,0.0,0.5384615384615384,1.0,0.2857142857142857,0.4666666666666667,0.6086956521739131,0.7518474509138233,5,PASS,873,817,825,833,837
2021-09-30,120,9,outside_community_degree_percentile,ORIGINAL,4249,4249,103,0.044716403859731704,0.49482231113203107,1.0,0.23887973640856672,0.42174629324546953,0.6032007531183808,0.7990115321252059,5,PASS,1230,736,704,754,825
2021-09-30,252,1,residual_degree_percentile,ORIGINAL,4036,4036,233,0.02167988196015358,0.5044598579406738,1.0,0.191897913813591,0.39779484272003174,0.5991080403327942,0.8002973198890686,5,PASS,840,795,795,806,800
2021-09-30,252,2,delta_degree_percentile,ORIGINAL,4036,4036,2240,-0.8741328082978725,0.02836967259645462,0.7569375485181808,-0.15807729959487915,-0.019078299403190613,0.0673934817314148,0.16340436041355133,5,PASS,811,888,724,809,804
2021-09-30,252,3,cross_industry_degree_percentile,ORIGINAL,4036,4036,185,0.03654608523290386,0.48909811694747274,1.0,0.18694251734390485,0.38577799801783946,0.5927898909811695,0.7993062438057482,5,PASS,894,749,786,805,802
2021-09-30,252,4,cross_industry_degree_ratio,ORIGINAL,4036,3862,1213,0.0,0.6473930481283423,1.0,0.29411764705882354,0.53125,0.75,0.9655844155844159,5,PASS,781,765,774,769,773
2021-09-30,252,5,delta_residual_degree_percentile_1m,ORIGINAL,4036,3992,2150,-0.8240830600261688,0.0048986077308654785,0.5733557641506195,-0.05092443227767944,-0.010162723064422606,0.015383139252662659,0.05891813039779664,5,PASS,799,798,818,778,799
2021-09-30,252,6,delta_cross_industry_degree_percentile_1m,ORIGINAL,4036,3992,1597,-0.8217901058723863,0.008504022138261898,0.7030035265981232,-0.06958486540514439,-0.009112963300252575,0.024110496765961664,0.08247412000061538,5,PASS,799,800,812,787,794
2021-09-30,252,7,neighbor_jaccard_1m,ORIGINAL,4036,3904,1376,0.0,0.5531015037593985,1.0,0.2857142857142857,0.4866250866250867,0.625,0.756911196911197,5,PASS,796,766,795,766,781
2021-09-30,252,8,neighbor_retention_1m,ORIGINAL,4036,3851,1097,0.0,0.7536231884057971,1.0,0.4444444444444444,0.6666666666666666,0.8192771084337349,0.9047619047619048,5,PASS,781,771,759,773,767
2021-09-30,252,9,outside_community_degree_percentile,ORIGINAL,4036,4036,86,0.10790386521308226,0.512388503468781,1.0,0.10790386521308226,0.4109266600594648,0.5896927651139743,0.7991823587710605,4,FEWER_THAN_5_PORTFOLIOS,0,0,0,0,0
2021-10-29,60,1,residual_degree_percentile,ORIGINAL,4398,4398,230,0.0026148250326514244,0.49931788444519043,1.0,0.20634379982948303,0.391655296087265,0.6016371250152588,0.8005911707878113,5,PASS,955,805,901,869,868
2021-10-29,60,2,delta_degree_percentile,ORIGINAL,4398,4398,2421,-0.9049568250775337,0.00994768738746643,0.7452250719070435,-0.16450658440589905,-0.03331059217453003,0.06093679368495941,0.17951340973377228,5,PASS,884,883,880,874,877
2021-10-29,60,3,cross_industry_degree_percentile,ORIGINAL,4398,4398,196,0.003865393360618463,0.49261027739881763,1.0,0.1855388813096862,0.40154615734424737,0.604706684856753,0.7995679854479308,5,PASS,907,917,862,843,869
2021-10-29,60,4,cross_industry_degree_ratio,ORIGINAL,4398,4376,1335,0.0,0.7883055911224925,1.0,0.5161290322580645,0.70625,0.8571428571428571,0.9795918367346939,5,PASS,877,874,887,863,875
2021-10-29,60,5,delta_residual_degree_percentile_1m,ORIGINAL,4398,4351,2665,-0.7480570673942566,0.0014883223921060562,0.8062859531491995,-0.09899646043777466,-0.02202966809272766,0.02479436807334423,0.10603824257850647,5,PASS,871,871,871,869,869
2021-10-29,60,6,delta_cross_industry_degree_percentile_1m,ORIGINAL,4398,4351,2143,-0.8324150677330396,0.00020218739961042065,0.8278903880412698,-0.11460030831362045,-0.02699053155938269,0.029719931077929473,0.11795634796467114,5,PASS,871,871,869,870,870
2021-10-29,60,7,neighbor_jaccard_1m,ORIGINAL,4398,4349,1601,0.0,0.2702702702702703,0.875,0.10187459599224309,0.21604324324324325,0.3333333333333333,0.4722222222222222,5,PASS,870,870,904,837,868
2021-10-29,60,8,neighbor_retention_1m,ORIGINAL,4398,4328,1317,0.0,0.4588659948864491,1.0,0.1875,0.37923774954627953,0.540224896429276,0.6842105263157895,5,PASS,867,864,866,868,863
2021-10-29,60,9,outside_community_degree_percentile,ORIGINAL,4398,4398,91,0.03728967712596635,0.4854479308776717,1.0,0.23897226011823555,0.417462482946794,0.5935652569349704,0.8022964984083675,5,PASS,1301,701,714,852,830
2021-10-29,120,1,residual_degree_percentile,ORIGINAL,4289,4289,229,0.0068780602887272835,0.49615293741226196,1.0,0.2105385810136795,0.4058055579662323,0.6014222502708435,0.8021683096885681,5,PASS,954,826,815,855,839
2021-10-29,120,2,delta_degree_percentile,ORIGINAL,4289,4289,2397,-0.864420585334301,0.02098393440246582,0.6966658867895603,-0.14665423035621641,-0.02249942719936371,0.05980415269732475,0.15901142358779907,5,PASS,858,865,910,799,857
2021-10-29,120,3,cross_industry_degree_percentile,ORIGINAL,4289,4289,189,0.012240615528095126,0.4952203310795057,1.0,0.18244346001398928,0.41105152716250876,0.5947773373746794,0.8005362555374214,5,PASS,880,950,756,858,845
2021-10-29,120,4,cross_industry_degree_ratio,ORIGINAL,4289,4231,1317,0.0,0.7272727272727273,1.0,0.4,0.6304347826086957,0.8176795580110497,0.9743589743589743,5,PASS,867,826,846,846,846
2021-10-29,120,5,delta_residual_degree_percentile_1m,ORIGINAL,4289,4248,2228,-0.5423275157809258,0.0006479322910308838,0.49531254172325134,-0.056192755699157715,-0.014735829830169654,0.013313055038452103,0.05925519466400148,5,PASS,851,848,850,849,850
2021-10-29,120,6,delta_cross_industry_degree_percentile_1m,ORIGINAL,4289,4248,1679,-0.6160973731232195,0.0024982219836839903,0.537127713343987,-0.07439500666183378,-0.022473434836696587,0.013462523323003156,0.07125869068749663,5,PASS,850,853,857,838,850
2021-10-29,120,7,neighbor_jaccard_1m,ORIGINAL,4289,4230,1476,0.0,0.5,1.0,0.2619047619047619,0.4375,0.5625,0.6842105263157895,5,PASS,847,849,846,844,844
2021-10-29,120,8,neighbor_retention_1m,ORIGINAL,4289,4209,1144,0.0,0.6842105263157895,1.0,0.42857142857142855,0.6216216216216216,0.75,0.855072463768116,5,PASS,873,814,904,777,841
2021-10-29,120,9,outside_community_degree_percentile,ORIGINAL,4289,4289,105,0.05211004896246211,0.5048962462112381,1.0,0.16017719748193052,0.3542783865702961,0.613196549312194,0.7983212870132899,5,PASS,927,802,999,728,833
2021-10-29,252,1,residual_degree_percentile,ORIGINAL,4053,4053,223,0.023932889103889465,0.49802616238594055,1.0,0.19380705058574677,0.405131995677948,0.5973352789878845,0.800024688243866,5,PASS,852,815,769,813,804
2021-10-29,252,2,delta_degree_percentile,ORIGINAL,4053,4053,2250,-0.8418455496430397,0.0238095223903656,0.7198371440172195,-0.15901802778244017,-0.015420675277709961,0.06563038825988769,0.1677769422531128,5,PASS,811,811,810,811,810
2021-10-29,252,3,cross_industry_degree_percentile,ORIGINAL,4053,4053,179,0.038860103626943004,0.5004934616333581,1.0,0.18221070811744386,0.38366641993585,0.6011596348383913,0.8018751542067605,5,PASS,869,765,847,780,792
2021-10-29,252,4,cross_industry_degree_ratio,ORIGINAL,4053,3860,1242,0.0,0.6453654552878726,1.0,0.29345722028648863,0.5333333333333333,0.75,0.952529761904762,5,PASS,772,775,789,752,772
2021-10-29,252,5,delta_residual_degree_percentile_1m,ORIGINAL,4053,4035,1840,-0.3768133521080017,0.0004524439573287964,0.45256540179252625,-0.03647431135177612,-0.007957637310028076,0.004032433032989502,0.03481045961380018,5,PASS,807,810,806,805,807
2021-10-29,252,6,delta_cross_industry_degree_percentile_1m,ORIGINAL,4053,4035,1320,-0.37535521045845227,-0.001010214753622507,0.5453685459045252,-0.046971746020334604,-0.0051155074353028684,0.0023140183940391426,0.043642909594552116,5,PASS,813,846,821,748,807
2021-10-29,252,7,neighbor_jaccard_1m,ORIGINAL,4053,3911,1144,0.0,0.7222222222222222,1.0,0.5,0.6666666666666666,0.7659574468085106,0.8571428571428571,5,PASS,879,750,721,799,762
2021-10-29,252,8,neighbor_retention_1m,ORIGINAL,4053,3861,885,0.0,0.8627450980392157,1.0,0.6666666666666666,0.8285714285714286,0.8974358974358975,0.9565217391304348,5,PASS,793,754,771,775,768
2021-10-29,252,9,outside_community_degree_percentile,ORIGINAL,4053,4053,84,0.10695780903034789,0.5078953861337281,1.0,0.10695780903034789,0.4133974833456699,0.582901554404145,0.803972366148532,4,FEWER_THAN_5_PORTFOLIOS,0,0,0,0,0
2021-11-30,60,1,residual_degree_percentile,ORIGINAL,4432,4432,227,0.002369133522734046,0.4983077645301819,1.0,0.20995035767555237,0.40106046199798584,0.6014214754104614,0.8013312220573425,5,PASS,975,834,873,876,874
2021-11-30,60,2,delta_degree_percentile,ORIGINAL,4432,4432,2308,-0.8941787127405405,0.01387631893157959,0.6801669746637344,-0.15433213114738464,-0.025067681074142437,0.05076712369918823,0.16832131147384644,5,PASS,889,884,887,886,886
2021-11-30,60,3,cross_industry_degree_percentile,ORIGINAL,4432,4432,203,0.004399819494584838,0.5023691335740073,1.0,0.2029557761732852,0.4044449458483754,0.5992779783393501,0.7976083032490975,5,PASS,968,869,849,861,885
2021-11-30,60,4,cross_industry_degree_ratio,ORIGINAL,4432,4412,1287,0.0,0.8,1.0,0.5333333333333333,0.72,0.8660866863445704,0.9736140350877194,5,PASS,886,885,876,882,883
2021-11-30,60,5,delta_residual_degree_percentile_1m,ORIGINAL,4432,4392,2864,-0.7954215556383133,0.006271839141845703,0.7327550202608109,-0.12435806989669795,-0.024911439418792723,0.03813915699720383,0.1284707903862,5,PASS,879,878,881,875,879
2021-11-30,60,6,delta_cross_industry_degree_percentile_1m,ORIGINAL,4432,4392,2323,-0.7864360933670211,0.0055573238081635945,0.7413402650203653,-0.1420972755092157,-0.027128552033004794,0.037585224987399926,0.14658687572132395,5,PASS,880,879,876,879,878
2021-11-30,60,7,neighbor_jaccard_1m,ORIGINAL,4432,4391,1681,0.0,0.1935483870967742,0.8125,0.0425531914893617,0.13725490196078433,0.25,0.4,5,PASS,880,878,895,872,866
2021-11-30,60,8,neighbor_retention_1m,ORIGINAL,4432,4370,1380,0.0,0.34782608695652173,1.0,0.08333333333333333,0.25,0.4394146341463416,0.6428571428571429,5,PASS,886,870,866,881,867
2021-11-30,60,9,outside_community_degree_percentile,ORIGINAL,4432,4432,119,0.02256317689530686,0.4915388086642599,1.0,0.23736462093862815,0.38267148014440433,0.6083032490974729,0.805731046931408,5,PASS,1226,600,951,822,833
2021-11-30,120,1,residual_degree_percentile,ORIGINAL,4340,4340,243,0.011751151643693447,0.504953920841217,1.0,0.2023041546344757,0.4011520743370056,0.5960829257965088,0.8003455996513367,5,PASS,932,845,828,875,860
2021-11-30,120,2,delta_degree_percentile,ORIGINAL,4340,4340,2395,-0.8817972540855408,0.01877880096435547,0.6884792596101761,-0.13847927749156952,-0.021428585052490234,0.062442392110824585,0.15741937756538396,5,PASS,872,866,869,865,868
2021-11-30,120,3,cross_industry_degree_percentile,ORIGINAL,4340,4340,198,0.016359447004608296,0.5006912442396313,1.0,0.2076036866359447,0.3953917050691244,0.591705069124424,0.8011520737327189,5,PASS,1022,755,832,879,852
2021-11-30,120,4,cross_industry_degree_ratio,ORIGINAL,4340,4239,1330,0.0,0.7238095238095238,1.0,0.39473684210526316,0.625,0.8043248217161261,0.9730353280461429,5,PASS,849,857,837,848,848
2021-11-30,120,5,delta_residual_degree_percentile_1m,ORIGINAL,4340,4289,2420,-0.6456551104784012,4.38690185546875e-05,0.6316756308078766,-0.06629782915115356,-0.01665805578231811,0.016503900289535522,0.07246164083480841,5,PASS,859,857,860,855,858
2021-11-30,120,6,delta_cross_industry_degree_percentile_1m,ORIGINAL,4340,4289,1807,-0.6963366257911945,0.0032225562552581355,0.651249311012095,-0.07948161785641762,-0.020197219765921367,0.018300002256334658,0.08963971707712254,5,PASS,875,841,889,832,852
2021-11-30,120,7,neighbor_jaccard_1m,ORIGINAL,4340,4261,1513,0.0,0.4444444444444444,1.0,0.2,0.375,0.5078369905956113,0.6521739130434783,5,PASS,888,839,830,857,847
2021-11-30,120,8,neighbor_retention_1m,ORIGINAL,4340,4231,1243,0.0,0.6410256410256411,1.0,0.3333333333333333,0.5576923076923077,0.7105263157894737,0.8235294117647058,5,PASS,905,788,846,848,844
2021-11-30,120,9,outside_community_degree_percentile,ORIGINAL,4340,4340,86,0.06221198156682028,0.4890552995391705,0.9998847926267281,0.18652073732718893,0.4065668202764977,0.6161290322580645,0.7923963133640552,5,PASS,1079,887,821,694,859
2021-11-30,252,1,residual_degree_percentile,ORIGINAL,4094,4094,224,0.02137274108827114,0.49719101190567017,1.0,0.19064484536647797,0.40595993399620056,0.597337543964386,0.80166095495224,5,PASS,851,841,772,825,805
2021-11-30,252,2,delta_degree_percentile,ORIGINAL,4094,4094,2273,-0.8775036875158548,0.027296066284179688,0.702247180044651,-0.1519052505493164,-0.016976065933704376,0.06895455121994012,0.16809963583946236,5,PASS,819,913,724,819,819
2021-11-30,252,3,cross_industry_degree_percentile,ORIGINAL,4094,4094,183,0.0382266731802638,0.502076209086468,1.0,0.18612603810454323,0.3869076697606253,0.6055202735710796,0.7978749389350269,5,PASS,891,762,864,759,818
2021-11-30,252,4,cross_industry_degree_ratio,ORIGINAL,4094,3920,1300,0.0,0.631578947368421,1.0,0.2857142857142857,0.5185185185185185,0.7488549618320612,0.9444444444444444,5,PASS,801,771,780,785,783
2021-11-30,252,5,delta_residual_degree_percentile_1m,ORIGINAL,4094,4053,1913,-0.4948318302631378,0.0002955198287963867,0.35104021430015564,-0.03680527210235596,-0.0025601480156183243,0.008152484893798828,0.04186701774597168,5,PASS,812,914,707,809,811
2021-11-30,252,6,delta_cross_industry_degree_percentile_1m,ORIGINAL,4094,4053,1369,-0.6938394195811217,0.001669892729347866,0.5107546069778175,-0.0512150859923792,-0.0006334304466792048,0.004901933841668713,0.05471430632540916,5,PASS,821,968,643,835,786
2021-11-30,252,7,neighbor_jaccard_1m,ORIGINAL,4094,3932,1183,0.0,0.6748493975903614,1.0,0.42857142857142855,0.6141538461538463,0.7356270810210876,0.8314335995668066,5,PASS,799,774,786,786,787
2021-11-30,252,8,neighbor_retention_1m,ORIGINAL,4094,3860,956,0.0,0.85,1.0,0.6245901639344263,0.8,0.8888888888888888,0.9523809523809523,5,PASS,772,842,709,778,759
2021-11-30,252,9,outside_community_degree_percentile,ORIGINAL,4094,4094,86,0.11040547142159257,0.5081827063996092,1.0,0.11040547142159257,0.4043722520762091,0.587933561309233,0.8000732779677577,4,FEWER_THAN_5_PORTFOLIOS,0,0,0,0,0
2021-12-31,60,1,residual_degree_percentile,ORIGINAL,4472,4472,248,0.0012298747897148132,0.49541592597961426,1.0,0.20639534294605255,0.40485242009162903,0.6006261110305786,0.7998658418655396,5,PASS,972,871,870,871,888
2021-12-31,60,2,delta_degree_percentile,ORIGINAL,4472,4472,2519,-0.8823792487382889,0.029516994953155518,0.6480321884155273,-0.1735241524875164,-0.018000900745391846,0.07815293967723846,0.19342577457427979,5,PASS,899,893,899,894,887
2021-12-31,60,3,cross_industry_degree_percentile,ORIGINAL,4472,4472,202,0.0017889087656529517,0.49485688729874777,1.0,0.21243291592128802,0.39244186046511625,0.600402504472272,0.7979651162790697,5,PASS,1029,778,917,858,890
2021-12-31,60,4,cross_industry_degree_ratio,ORIGINAL,4472,4462,1304,0.0,0.8125,1.0,0.5313829787234042,0.7307692307692307,0.8717948717948718,0.9615384615384616,5,PASS,893,898,887,892,892
2021-12-31,60,5,delta_residual_degree_percentile_1m,ORIGINAL,4472,4418,2933,-0.8278508149087429,-0.002387702465057373,0.9340416435152292,-0.14289838075637817,-0.03773359060287475,0.035883933305740356,0.14760596863925457,5,PASS,885,882,885,883,883
2021-12-31,60,6,delta_cross_industry_degree_percentile_1m,ORIGINAL,4472,4418,2403,-0.876178411358602,0.0018790202011068624,0.9376061559127633,-0.16534166865793087,-0.03981863887938095,0.04404622746911388,0.16972150823737592,5,PASS,885,882,889,879,883
2021-12-31,60,7,neighbor_jaccard_1m,ORIGINAL,4472,4417,1616,0.0,0.14285714285714285,1.0,0.037037037037037035,0.10344827586206896,0.1875,0.29577464788732394,5,PASS,894,876,887,877,883
2021-12-31,60,8,neighbor_retention_1m,ORIGINAL,4472,4398,1307,0.0,0.2727272727272727,1.0,0.07407407407407407,0.2,0.34375,0.5,5,PASS,883,880,877,881,877
2021-12-31,60,9,outside_community_degree_percentile,ORIGINAL,4472,4472,89,0.022137745974955277,0.5051431127012522,1.0,0.23423524150268335,0.3834973166368515,0.5970483005366727,0.8041144901610018,5,PASS,1239,617,914,862,840
2021-12-31,120,1,residual_degree_percentile,ORIGINAL,4390,4390,246,0.014236901886761189,0.502961277961731,0.9998860955238342,0.1867881566286087,0.40569475293159485,0.6029613018035889,0.7993166446685791,5,PASS,887,925,849,854,875
2021-12-31,120,2,delta_degree_percentile,ORIGINAL,4390,4390,2413,-0.8627562746405602,0.023348510265350342,0.6300683617591858,-0.1379271075129509,-0.024943053722381592,0.06366747617721558,0.16220957636833194,5,PASS,896,861,878,877,878
2021-12-31,120,3,cross_industry_degree_percentile,ORIGINAL,4390,4390,205,0.02050113895216401,0.5084282460136674,1.0,0.18712984054669704,0.4104783599088838,0.5958997722095672,0.8010250569476082,5,PASS,947,927,773,876,867
2021-12-31,120,4,cross_industry_degree_ratio,ORIGINAL,4390,4266,1365,0.0,0.7058823529411765,1.0,0.37777777777777777,0.6,0.8,0.96875,5,PASS,854,861,880,818,853
2021-12-31,120,5,delta_residual_degree_percentile_1m,ORIGINAL,4390,4337,2454,-0.514080747961998,-0.001552283763885498,0.698941633105278,-0.07397729158401489,-0.020547866821289062,0.013861894607543945,0.07321468088775873,5,PASS,869,867,881,866,854
2021-12-31,120,6,delta_cross_industry_degree_percentile_1m,ORIGINAL,4390,4337,1845,-0.6245061041537638,0.0008221974953549482,0.6801349946988862,-0.08789640259072254,-0.021436234424697893,0.018367834311327602,0.08406700397845968,5,PASS,872,863,872,864,866
2021-12-31,120,7,neighbor_jaccard_1m,ORIGINAL,4390,4297,1595,0.0,0.40350877192982454,1.0,0.15283446712018142,0.3333333333333333,0.48974468085106376,0.6451612903225806,5,PASS,860,963,755,861,858
2021-12-31,120,8,neighbor_retention_1m,ORIGINAL,4390,4236,1279,0.0,0.6,1.0,0.27586206896551724,0.5,0.6785714285714286,0.8064516129032258,5,PASS,848,914,780,847,847
2021-12-31,120,9,outside_community_degree_percentile,ORIGINAL,4390,4390,114,0.060250569476082004,0.49817767653758543,1.0,0.17676537585421412,0.3709567198177677,0.5938496583143508,0.7940774487471526,5,PASS,1023,792,874,826,875
2021-12-31,252,1,residual_degree_percentile,ORIGINAL,4137,4137,227,0.025018129497766495,0.5029006600379944,1.0,0.1926516741514206,0.4037950336933136,0.598380446434021,0.8004592657089233,5,PASS,860,838,791,830,818
2021-12-31,252,2,delta_degree_percentile,ORIGINAL,4137,4137,2314,-0.8857867978513241,0.021513164043426514,0.6348803788423538,-0.15010876953601837,-0.01370559334754934,0.06432197093963621,0.16374185085296633,5,PASS,830,825,827,827,828
2021-12-31,252,3,cross_industry_degree_percentile,ORIGINAL,4137,4137,182,0.04326806864877931,0.508218515832729,1.0,0.19627749576988154,0.38723712835387963,0.6027314479091129,0.7992506647328982,5,PASS,943,731,852,790,821
2021-12-31,252,4,cross_industry_degree_ratio,ORIGINAL,4137,3931,1289,0.0,0.625,1.0,0.26851851851851855,0.5,0.7407407407407407,0.9459459459459459,5,PASS,787,787,786,785,786
2021-12-31,252,5,delta_residual_degree_percentile_1m,ORIGINAL,4137,4093,2007,-0.35856783390045166,-0.001397937536239624,0.6635180413722992,-0.04343372583389282,-0.011897444725036602,0.005247664451599101,0.03691383600235013,5,PASS,820,817,819,818,819
2021-12-31,252,6,delta_cross_industry_degree_percentile_1m,ORIGINAL,4137,4093,1403,-0.44941458514373195,0.002010937316782979,0.7086044429203541,-0.056968999835742995,-0.009667537311185678,0.0064081172456931235,0.05104178585923569,5,PASS,825,812,821,843,792
2021-12-31,252,7,neighbor_jaccard_1m,ORIGINAL,4137,3972,1228,0.0,0.6754485972043224,1.0,0.4,0.6094345238095239,0.7368421052631579,0.8395813248863794,5,PASS,811,778,795,793,795
2021-12-31,252,8,neighbor_retention_1m,ORIGINAL,4137,3920,972,0.0,0.8292682926829268,1.0,0.5714285714285714,0.7777777777777778,0.8701695251313571,0.9337349397590361,5,PASS,785,808,759,785,783
2021-12-31,252,9,outside_community_degree_percentile,ORIGINAL,4137,4137,82,0.1018854242204496,0.4852550157118685,1.0,0.1018854242204496,0.3924341310128112,0.614334058496495,0.8101281121585691,4,FEWER_THAN_5_PORTFOLIOS,0,0,0,0,0
2022-01-28,60,1,residual_degree_percentile,ORIGINAL,4502,4502,282,0.002776543842628598,0.500444233417511,1.0,0.1865837424993515,0.3964904546737671,0.6051754951477051,0.7988671660423279,5,PASS,902,921,925,855,899
2022-01-28,60,2,delta_degree_percentile,ORIGINAL,4502,4502,2270,-0.9557973935734481,0.018769413232803345,0.7206796854734421,-0.17954240441322325,-0.03518438339233396,0.08429588377475739,0.19968903064727783,5,PASS,901,900,904,898,899
2022-01-28,60,3,cross_industry_degree_percentile,ORIGINAL,4502,4502,250,0.0049977787649933365,0.5049977787649933,1.0,0.21879164815637495,0.3966015104398045,0.6033984895601955,0.799755664149267,5,PASS,1073,784,891,861,893
2022-01-28,60,4,cross_industry_degree_ratio,ORIGINAL,4502,4478,1334,0.0,0.8,1.0,0.49257142857142866,0.7272727272727273,0.8609440267335003,0.9662068965517245,5,PASS,896,909,882,895,896
2022-01-28,60,5,delta_residual_degree_percentile_1m,ORIGINAL,4502,4459,2840,-0.9086118936538696,-0.0008266568183898926,0.8130416125059128,-0.13346567749977112,-0.03372933864593506,0.02928459644317627,0.1357116512954235,5,PASS,894,890,893,896,886
2022-01-28,60,6,delta_cross_industry_degree_percentile_1m,ORIGINAL,4502,4459,2248,-0.839773755889849,0.0013180884027691464,0.8618355070177516,-0.15620842138139363,-0.035554412707848426,0.035368001818313344,0.1537584369181179,5,PASS,892,894,890,892,891
2022-01-28,60,7,neighbor_jaccard_1m,ORIGINAL,4502,4459,1582,0.0,0.1891891891891892,1.0,0.06382978723404255,0.14285714285714285,0.24,0.3552200172562554,5,PASS,895,891,894,887,892
2022-01-28,60,8,neighbor_retention_1m,ORIGINAL,4502,4449,1317,0.0,0.3157894736842105,1.0,0.1111111111111111,0.25,0.38461538461538464,0.5454545454545454,5,PASS,915,944,822,884,884
2022-01-28,60,9,outside_community_degree_percentile,ORIGINAL,4502,4502,134,0.06386050644158152,0.47112394491337184,1.0,0.1875832963127499,0.39637938693913816,0.577965348733896,0.7930919591292759,5,PASS,1114,865,733,899,891
2022-01-28,120,1,residual_degree_percentile,ORIGINAL,4433,4433,254,0.015790661796927452,0.4993232488632202,1.0,0.19456350803375244,0.4039025604724884,0.5990300178527832,0.7996841669082642,5,PASS,933,886,851,881,882
2022-01-28,120,2,delta_degree_percentile,ORIGINAL,4433,4433,2400,-0.9147304091602564,0.029438301920890808,0.6069253385066986,-0.1520189762115478,-0.021362507343292196,0.07105796784162521,0.17595306783914566,5,PASS,887,886,907,888,865
2022-01-28,120,3,cross_industry_degree_percentile,ORIGINAL,4433,4433,214,0.024701105346266638,0.5062034739454094,1.0,0.2011053462666366,0.40988044213850666,0.5962102413715317,0.8004286036544118,5,PASS,1020,862,793,871,887
2022-01-28,120,4,cross_industry_degree_ratio,ORIGINAL,4433,4294,1421,0.0,0.6942318206670313,1.0,0.3425563909774436,0.6,0.7905445653196225,0.9555555555555556,5,PASS,859,902,815,860,858
2022-01-28,120,5,delta_residual_degree_percentile_1m,ORIGINAL,4433,4388,2524,-0.5897885262966156,0.0028803348541259766,0.5306718200445175,-0.07190502807497978,-0.016410684585571284,0.017442452907562224,0.07564005255699158,5,PASS,888,867,878,883,872
2022-01-28,120,6,delta_cross_industry_degree_percentile_1m,ORIGINAL,4433,4388,1904,-0.7435415785625206,0.004199966394102628,0.5445417137055024,-0.09087838827349448,-0.01646627309056581,0.018425388998539155,0.09124212329664622,5,PASS,882,875,876,877,878
2022-01-28,120,7,neighbor_jaccard_1m,ORIGINAL,4433,4332,1583,0.0,0.41379310344827586,1.0,0.16666666666666666,0.3333333333333333,0.4807692307692308,0.6170270270270272,5,PASS,871,915,814,865,867
2022-01-28,120,8,neighbor_retention_1m,ORIGINAL,4433,4264,1323,0.0,0.6,1.0,0.310016420361248,0.5192307692307693,0.6708226877874294,0.8193440428380188,5,PASS,853,854,851,853,853
2022-01-28,120,9,outside_community_degree_percentile,ORIGINAL,4433,4433,116,0.0897811865553801,0.5193999548838258,1.0,0.24644710128581096,0.36126776449357095,0.5748928490863975,0.7994586059102188,5,PASS,1389,424,854,911,855
2022-01-28,252,1,residual_degree_percentile,ORIGINAL,4174,4174,241,0.03066602721810341,0.4959271550178528,1.0,0.2036415934562683,0.39470532536506653,0.5969094634056091,0.8015093207359314,5,PASS,918,759,832,844,821
2022-01-28,252,2,delta_degree_percentile,ORIGINAL,4174,4174,2335,-0.9153090380132198,0.02419745922088623,0.6621945649385452,-0.14829900860786438,-0.017369449138641357,0.06391949653625481,0.16447049379348755,5,PASS,836,835,833,836,834
2022-01-28,252,3,cross_industry_degree_percentile,ORIGINAL,4174,4174,194,0.049712505989458554,0.5023957834211787,1.0,0.2103497843794921,0.4081217057977959,0.6020603737422137,0.798993770963105,5,PASS,1012,763,774,797,828
2022-01-28,252,4,cross_industry_degree_ratio,ORIGINAL,4174,3919,1322,0.0,0.62,1.0,0.25,0.5,0.7360317460317459,0.9324931673246281,5,PASS,823,793,735,784,784
2022-01-28,252,5,delta_residual_degree_percentile_1m,ORIGINAL,4174,4137,2095,-0.5232377909123898,0.0037928223609924316,0.48276814445853233,-0.04440104961395264,-0.010235190391540527,0.008232861757278442,0.04384505748748781,5,PASS,837,819,829,824,828
2022-01-28,252,6,delta_cross_industry_degree_percentile_1m,ORIGINAL,4174,4137,1442,-0.5883810700563672,0.006444437340679246,0.6603735221514123,-0.05946297388242816,-0.009695087479972896,0.013262633110178584,0.061412378318582705,5,PASS,834,821,900,755,827
2022-01-28,252,7,neighbor_jaccard_1m,ORIGINAL,4174,3984,1333,0.0,0.625,1.0,0.35795148247978437,0.5555555555555556,0.6818181818181818,0.7883366160738424,5,PASS,797,827,770,793,797
2022-01-28,252,8,neighbor_retention_1m,ORIGINAL,4174,3931,1086,0.0,0.7894736842105263,1.0,0.5,0.7272727272727273,0.8333333333333334,0.9148936170212766,5,PASS,797,786,793,769,786
2022-01-28,252,9,outside_community_degree_percentile,ORIGINAL,4174,4174,81,0.10577383804504073,0.4950886439865836,1.0,0.10577383804504073,0.3987781504551989,0.5706756109247724,0.8009103977000479,4,FEWER_THAN_5_PORTFOLIOS,0,0,0,0,0
2022-02-28,60,1,residual_degree_percentile,ORIGINAL,4532,4532,298,0.0049646953120827675,0.49878641963005066,1.0,0.19693292677402496,0.3924315869808197,0.6030449867248535,0.7993159890174866,5,PASS,941,873,942,875,901
2022-02-28,60,2,delta_degree_percentile,ORIGINAL,4532,4532,2421,-0.9569726530462503,0.029015883803367615,0.8204986751079559,-0.20167696848511696,-0.03806266188621521,0.09154896736145017,0.21829215288162235,5,PASS,911,908,900,906,907
2022-02-28,60,3,cross_industry_degree_percentile,ORIGINAL,4532,4532,251,0.009046778464254192,0.49492497793468665,1.0,0.19605030891438657,0.40677405119152693,0.59454986760812,0.7996469549867609,5,PASS,978,934,813,909,898
2022-02-28,60,4,cross_industry_degree_ratio,ORIGINAL,4532,4488,1305,0.0,0.8,1.0,0.5,0.7188851351351352,0.8571428571428571,0.9732599856493663,5,PASS,937,858,913,882,898
2022-02-28,60,5,delta_residual_degree_percentile_1m,ORIGINAL,4532,4498,2698,-0.7698673605918884,-0.007141035050153732,0.8879496455192566,-0.11569356918334958,-0.03235734254121779,0.016971911070868373,0.11747866868972778,5,PASS,900,899,903,897,899
2022-02-28,60,6,delta_cross_industry_degree_percentile_1m,ORIGINAL,4532,4498,2101,-0.74889629322341,-0.009839600561954764,0.8283388710636794,-0.13369202782484046,-0.035024896260679325,0.018762525079566467,0.12997606633983994,5,PASS,906,893,920,882,897
2022-02-28,60,7,neighbor_jaccard_1m,ORIGINAL,4532,4496,1648,0.0,0.2727272727272727,1.0,0.09090909090909091,0.21266968325791855,0.3333333333333333,0.4883720930232558,5,PASS,911,888,920,880,897
2022-02-28,60,8,neighbor_retention_1m,ORIGINAL,4532,4474,1325,0.0,0.46153846153846156,1.0,0.17825396825396828,0.3670175438596492,0.5384615384615384,0.6974908200734394,5,PASS,895,895,900,889,895
2022-02-28,60,9,outside_community_degree_percentile,ORIGINAL,4532,4532,89,0.061672550750220656,0.523278905560459,1.0,0.19218887908208296,0.434576345984113,0.5927846425419241,0.7990953221535746,5,PASS,1183,1015,630,852,852
2022-02-28,120,1,residual_degree_percentile,ORIGINAL,4458,4458,275,0.020637057721614838,0.49629878997802734,1.0,0.1940332055091858,0.40791836380958557,0.6011664271354675,0.8000224232673645,5,PASS,937,922,835,877,887
2022-02-28,120,2,delta_degree_percentile,ORIGINAL,4458,4458,2442,-0.9226110316812992,0.031965017318725586,0.6260655000805855,-0.15130103006958961,-0.02501119375228882,0.0726783350110054,0.1811574578285218,5,PASS,908,875,909,874,892
2022-02-28,120,3,cross_industry_degree_percentile,ORIGINAL,4458,4458,232,0.030170480035890533,0.4929340511440108,1.0,0.2069313593539704,0.4096007178106774,0.6008299685957829,0.7978914311350381,5,PASS,1039,850,825,854,890
2022-02-28,120,4,cross_industry_degree_ratio,ORIGINAL,4458,4275,1395,0.0,0.696551724137931,1.0,0.34615384615384615,0.5975481067659839,0.7916666666666666,0.9541274817136887,5,PASS,858,852,856,854,855
2022-02-28,120,5,delta_residual_degree_percentile_1m,ORIGINAL,4458,4433,2428,-0.4689987301826477,0.002623617649078369,0.5389884561300278,-0.06244148313999176,-0.014788329601287842,0.012278258800506524,0.06020392179489138,5,PASS,890,885,885,886,887
2022-02-28,120,6,delta_cross_industry_degree_percentile_1m,ORIGINAL,4458,4433,1785,-0.5432687943324855,0.004086338269900902,0.5684455271786493,-0.07172431831616483,-0.013346615178769117,0.010984695415729148,0.07121349756916118,5,PASS,896,878,929,858,872
2022-02-28,120,7,neighbor_jaccard_1m,ORIGINAL,4458,4341,1547,0.0,0.5,1.0,0.25,0.42857142857142855,0.5675675675675675,0.6846846846846847,5,PASS,872,878,855,868,868
2022-02-28,120,8,neighbor_retention_1m,ORIGINAL,4458,4294,1275,0.0,0.6912672476397966,1.0,0.4117647058823529,0.625,0.75,0.8612554112554113,5,PASS,860,867,873,835,859
2022-02-28,120,9,outside_community_degree_percentile,ORIGINAL,4458,4458,120,0.0943248093315388,0.46825930910722297,1.0,0.2547106325706595,0.3743831314490803,0.5895020188425303,0.8054060116644235,5,PASS,1430,477,832,879,840
2022-02-28,252,1,residual_degree_percentile,ORIGINAL,4196,4196,250,0.03646329790353775,0.498331755399704,1.0,0.19256435334682465,0.4057435691356659,0.6020019054412842,0.7986177206039429,5,PASS,884,854,800,823,835
2022-02-28,252,2,delta_degree_percentile,ORIGINAL,4196,4196,2373,-0.9240944012999535,0.024368464946746826,0.6233317404985428,-0.1458531767129898,-0.016205906867980957,0.06851765513420105,0.166587233543396,5,PASS,844,836,840,837,839
2022-02-28,252,3,cross_industry_degree_percentile,ORIGINAL,4196,4196,205,0.0582697807435653,0.4914204003813155,1.0,0.1586034318398475,0.3953765490943756,0.6005719733079123,0.7989752144899904,5,PASS,842,900,814,803,837
2022-02-28,252,4,cross_industry_degree_ratio,ORIGINAL,4196,3891,1345,0.0,0.6111111111111112,1.0,0.22727272727272727,0.5,0.7222222222222222,0.94,5,PASS,783,849,706,775,778
2022-02-28,252,5,delta_residual_degree_percentile_1m,ORIGINAL,4196,4174,2011,-0.43490710109472275,0.003772944211959839,0.40427201613783836,-0.03572170734405517,-0.0049042820930480955,0.011038243770599365,0.0376659631729126,5,PASS,835,835,836,834,834
2022-02-28,252,6,delta_cross_industry_degree_percentile_1m,ORIGINAL,4196,4174,1432,-0.6117110529890654,0.008557274754106746,0.4685191432002459,-0.0517463525396446,-0.004448323476896121,0.014711457691469643,0.045304001849024056,5,PASS,848,822,835,839,830
2022-02-28,252,7,neighbor_jaccard_1m,ORIGINAL,4196,3969,1293,0.0,0.673469387755102,1.0,0.4166666666666667,0.6072829131652661,0.7325581395348837,0.8291432145090682,5,PASS,806,782,795,792,794
2022-02-28,252,8,neighbor_retention_1m,ORIGINAL,4196,3919,1049,0.0,0.825,1.0,0.5625,0.7692307692307693,0.868421052631579,0.9409150326797386,5,PASS,789,790,776,780,784
2022-02-28,252,9,outside_community_degree_percentile,ORIGINAL,4196,4196,84,0.1290514775977121,0.45638703527168734,1.0,0.1290514775977121,0.330791229742612,0.6159437559580553,0.8029075309818875,4,FEWER_THAN_5_PORTFOLIOS,0,0,0,0,0
2022-03-31,60,1,residual_degree_percentile,ORIGINAL,4578,4578,294,0.006662297993898392,0.49781563878059387,1.0,0.20445609092712402,0.40891218185424805,0.5957841873168945,0.8008955717086792,5,PASS,1000,915,839,919,905
2022-03-31,60,2,delta_degree_percentile,ORIGINAL,4578,4578,2253,-0.943861972540617,0.017420262098312378,0.7931411415338516,-0.19257318973541257,-0.05078636854887009,0.08385758399963371,0.22411532700061798,5,PASS,916,934,897,926,905
2022-03-31,60,3,cross_industry_degree_percentile,ORIGINAL,4578,4578,263,0.011577107907383137,0.4920270860637833,1.0,0.18468763652249892,0.41415465268676277,0.6023372651813019,0.799475753604194,5,PASS,960,1005,819,889,905
2022-03-31,60,4,cross_industry_degree_ratio,ORIGINAL,4578,4518,1377,0.0,0.8,1.0,0.4751639344262295,0.7222222222222222,0.8620689655172413,0.9775757575757578,5,PASS,904,908,900,902,904
2022-03-31,60,5,delta_residual_degree_percentile_1m,ORIGINAL,4578,4524,2811,-0.7799630463123322,0.0016976026818156242,0.7500963658094406,-0.1355545163154602,-0.03293873071670531,0.03178868293762204,0.14033561497926716,5,PASS,905,905,904,905,905
2022-03-31,60,6,delta_cross_industry_degree_percentile_1m,ORIGINAL,4578,4524,2202,-0.7864562547692502,0.0021297027843745764,0.8022245190455755,-0.1499369369682009,-0.033449588326224945,0.03573366154643429,0.15595930226953653,5,PASS,923,887,912,899,903
2022-03-31,60,7,neighbor_jaccard_1m,ORIGINAL,4578,4515,1608,0.0,0.16,0.7692307692307693,0.02564102564102564,0.1111111111111111,0.21739130434782608,0.362314348443756,5,PASS,906,933,871,902,903
2022-03-31,60,8,neighbor_retention_1m,ORIGINAL,4578,4480,1318,0.0,0.31047544409613376,1.0,0.047619047619047616,0.21052631578947367,0.4,0.5845135996079394,5,PASS,899,897,928,860,896
2022-03-31,60,9,outside_community_degree_percentile,ORIGINAL,4578,4578,79,0.08999563128003495,0.5005460899956313,1.0,0.2543687199650502,0.3902359108781127,0.5834425513324596,0.7925950196592398,5,PASS,1505,562,759,856,896
2022-03-31,120,1,residual_degree_percentile,ORIGINAL,4501,4501,281,0.016107531264424324,0.49977782368659973,1.0,0.2043990194797516,0.4060208797454834,0.597756028175354,0.8014885783195496,5,PASS,987,868,858,901,887
2022-03-31,120,2,delta_degree_percentile,ORIGINAL,4501,4501,2441,-0.941346375271678,0.03277048468589783,0.7290601879358292,-0.1787380576133728,-0.017218396067619324,0.08309268951416016,0.19995558261871338,5,PASS,903,994,805,900,899
2022-03-31,120,3,cross_industry_degree_percentile,ORIGINAL,4501,4501,252,0.02499444567873806,0.492557209508998,1.0,0.19473450344367918,0.4053543656965119,0.5999777827149523,0.7998222617196179,5,PASS,990,898,843,879,891
2022-03-31,120,4,cross_industry_degree_ratio,ORIGINAL,4501,4357,1378,0.0,0.7142857142857143,1.0,0.3333333333333333,0.6062593144560359,0.8,0.9519230769230769,5,PASS,874,869,887,856,871
2022-03-31,120,5,delta_residual_degree_percentile_1m,ORIGINAL,4501,4456,2585,-0.6883125901222229,0.006368964910507202,0.6752938032150269,-0.08326560258865356,-0.011553585529327393,0.027049541473388672,0.09102898836135864,5,PASS,892,897,885,891,891
2022-03-31,120,6,delta_cross_industry_degree_percentile_1m,ORIGINAL,4501,4456,1911,-0.7354362407277222,-0.0006644129428792223,0.6979639338409319,-0.09981000682865049,-0.013120233786839047,0.03188100665332427,0.10849989070770272,5,PASS,893,892,889,891,891
2022-03-31,120,7,neighbor_jaccard_1m,ORIGINAL,4501,4392,1599,0.0,0.3548387096774194,1.0,0.13043478260869565,0.2857142857142857,0.42296380090497737,0.5436694050286284,5,PASS,881,885,869,878,879
2022-03-31,120,8,neighbor_retention_1m,ORIGINAL,4501,4274,1383,0.0,0.5811388508891929,1.0,0.25,0.5,0.6666666666666666,0.7876515151515152,5,PASS,858,1008,832,721,855
2022-03-31,120,9,outside_community_degree_percentile,ORIGINAL,4501,4501,114,0.11186403021550767,0.509442346145301,1.0,0.11186403021550767,0.4199066874027994,0.5748722506109754,0.7928238169295712,4,FEWER_THAN_5_PORTFOLIOS,0,0,0,0,0
2022-03-31,252,1,residual_degree_percentile,ORIGINAL,4253,4253,253,0.037032682448625565,0.5015283226966858,1.0,0.19174699485301971,0.4050082266330719,0.6011050939559937,0.8002586364746094,5,PASS,888,862,822,838,843
2022-03-31,252,2,delta_degree_percentile,ORIGINAL,4253,4253,2341,-0.9184105210006237,0.02703973650932312,0.6312014758586884,-0.14272278547286987,-0.018387067317962604,0.07018575072288513,0.16670584678649902,5,PASS,852,849,852,850,850
2022-03-31,252,3,cross_industry_degree_percentile,ORIGINAL,4253,4253,208,0.05831177992005643,0.5012932047966141,1.0,0.16094521514225252,0.39760169292264286,0.6081589466259111,0.7994356924523865,5,PASS,873,902,847,790,841
2022-03-31,252,4,cross_industry_degree_ratio,ORIGINAL,4253,3939,1350,0.0,0.5833333333333334,1.0,0.2158835758835759,0.5,0.7140028288543137,0.9285714285714286,5,PASS,788,936,639,792,784
2022-03-31,252,5,delta_residual_degree_percentile_1m,ORIGINAL,4253,4196,2102,-0.38395678997039795,0.0005693845450878143,0.4230818450450897,-0.04267016053199768,-0.003963887691497803,0.006764829158782959,0.046242713928222656,5,PASS,864,815,839,840,838
2022-03-31,252,6,delta_cross_industry_degree_percentile_1m,ORIGINAL,4253,4196,1453,-0.559896037048485,0.001511662154253468,0.4669478248629297,-0.05537525577750646,4.1999176491128165e-05,0.005516069293990178,0.05763309676318873,5,PASS,850,1171,513,823,839
2022-03-31,252,7,neighbor_jaccard_1m,ORIGINAL,4253,3967,1365,0.0,0.6530612244897959,1.0,0.4166666666666667,0.581700808214304,0.703125,0.8033523669184012,5,PASS,803,784,794,792,794
2022-03-31,252,8,neighbor_retention_1m,ORIGINAL,4253,3891,1088,0.0,0.8245614035087719,1.0,0.5925925925925926,0.7710843373493976,0.8717948717948718,0.9466666666666667,5,PASS,779,778,780,777,777
2022-03-31,252,9,outside_community_degree_percentile,ORIGINAL,4253,4253,85,0.129202915588996,0.46002821537738064,1.0,0.129202915588996,0.3337644015988714,0.6173289442746297,0.7893251822243122,4,FEWER_THAN_5_PORTFOLIOS,0,0,0,0,0
2022-04-29,60,1,residual_degree_percentile,ORIGINAL,4602,4602,260,0.004019991494715214,0.5046718716621399,1.0,0.20599739253520966,0.4023250639438629,0.5991960167884827,0.7992177605628967,5,PASS,998,890,888,911,915
2022-04-29,60,2,delta_degree_percentile,ORIGINAL,4602,4602,2320,-0.9733811588957906,0.016025662422180176,0.7985658198595047,-0.24524120688438414,-0.06129943132400511,0.10017386078834534,0.2816166579723358,5,PASS,921,920,922,920,919
2022-04-29,60,3,cross_industry_degree_percentile,ORIGINAL,4602,4602,217,0.007388092133854845,0.4994567579313342,1.0,0.20371577574967406,0.3882007822685789,0.5935462842242504,0.8008474576271186,5,PASS,1021,832,913,927,909
2022-04-29,60,4,cross_industry_degree_ratio,ORIGINAL,4602,4566,1394,0.0,0.7857142857142857,1.0,0.5,0.7073170731707317,0.8484848484848485,0.9583333333333334,5,PASS,1002,826,912,917,909
2022-04-29,60,5,delta_residual_degree_percentile_1m,ORIGINAL,4602,4560,2979,-0.7326221019029617,-0.010685354471206665,0.8854582533240318,-0.15183194875717163,-0.04426090717315669,0.02497965544462205,0.14157557487487793,5,PASS,912,912,912,912,912
2022-04-29,60,6,delta_cross_industry_degree_percentile_1m,ORIGINAL,4602,4560,2333,-0.7769036540611723,-0.011419261555321303,0.9062275903746904,-0.1587846300799185,-0.04861283173365277,0.027248167786186824,0.15252186780720445,5,PASS,912,917,907,922,902
2022-04-29,60,7,neighbor_jaccard_1m,ORIGINAL,4602,4557,1648,0.0,0.16666666666666666,0.7894736842105263,0.023366555924695484,0.1111111111111111,0.22727272727272727,0.3783783783783784,5,PASS,912,929,899,908,909
2022-04-29,60,8,neighbor_retention_1m,ORIGINAL,4602,4502,1339,0.0,0.3333333333333333,1.0,0.06060606060606061,0.23529411764705882,0.42857142857142855,0.6,5,PASS,904,900,935,872,891
2022-04-29,60,9,outside_community_degree_percentile,ORIGINAL,4602,4602,71,0.04324206866579748,0.5092351151673186,1.0,0.24913081269013473,0.43231203824424164,0.6257062146892656,0.8020425901781834,5,PASS,1387,793,822,740,860
2022-04-29,120,1,residual_degree_percentile,ORIGINAL,4532,4532,288,0.013680494390428066,0.5033097863197327,1.0,0.20090468227863312,0.40158870816230774,0.5991835594177246,0.7994263172149658,5,PASS,977,877,878,900,900
2022-04-29,120,2,delta_degree_percentile,ORIGINAL,4532,4532,2429,-0.9744042390957475,0.033925414085388184,0.7801191359758377,-0.2215357422828674,-0.038680493831634515,0.09388791024684906,0.2395631074905396,5,PASS,907,906,920,892,907
2022-04-29,120,3,cross_industry_degree_percentile,ORIGINAL,4532,4532,248,0.024492497793468668,0.4883053839364519,1.0,0.19991173874669022,0.40633274492497795,0.6027140335392749,0.7996469549867609,5,PASS,1030,877,812,913,900
2022-04-29,120,4,cross_industry_degree_ratio,ORIGINAL,4532,4409,1419,0.0,0.7040816326530612,1.0,0.35,0.6,0.8,0.9545454545454546,5,PASS,886,884,904,857,878
2022-04-29,120,5,delta_residual_degree_percentile_1m,ORIGINAL,4532,4494,2576,-0.6834979290142655,-0.004432171583175659,0.8201678674668074,-0.08420035839080811,-0.02325201630592346,0.014059519767761219,0.07674407958984375,5,PASS,899,899,898,900,898
2022-04-29,120,6,delta_cross_industry_degree_percentile_1m,ORIGINAL,4532,4494,1882,-0.7753297639261493,-0.0005019478852693916,0.8746083786813679,-0.10085112987542444,-0.030043411947487164,0.01085518310827462,0.0908885502152802,5,PASS,903,896,897,900,898
2022-04-29,120,7,neighbor_jaccard_1m,ORIGINAL,4532,4438,1611,0.0,0.3888888888888889,1.0,0.14632352941176482,0.32333965844402296,0.46153846153846156,0.5920278637770898,5,PASS,888,887,892,883,888
2022-04-29,120,8,neighbor_retention_1m,ORIGINAL,4532,4349,1327,0.0,0.5774647887323944,1.0,0.29875000000000007,0.5,0.6666666666666666,0.8,5,PASS,870,952,897,807,823
2022-04-29,120,9,outside_community_degree_percentile,ORIGINAL,4532,4532,101,0.10547219770520741,0.5198587819947044,1.0,0.10547219770520741,0.4200132391879965,0.5946601941747572,0.7892762577228597,4,FEWER_THAN_5_PORTFOLIOS,0,0,0,0,0
2022-04-29,252,1,residual_degree_percentile,ORIGINAL,4296,4296,255,0.03596368804574013,0.5024441480636597,1.0,0.19040969014167786,0.3951350152492523,0.6020717024803162,0.7991154789924622,5,PASS,903,827,873,834,859
2022-04-29,252,2,delta_degree_percentile,ORIGINAL,4296,4296,2441,-0.9237662814557552,0.028747648000717163,0.7402234598994255,-0.17702513933181763,-0.01769089698791504,0.08054006099700928,0.19913870096206665,5,PASS,860,859,860,858,859
2022-04-29,252,3,cross_industry_degree_percentile,ORIGINAL,4296,4296,210,0.057960893854748605,0.5003491620111732,1.0,0.16236033519553073,0.40072160148975794,0.6060288640595903,0.7998137802607076,5,PASS,897,911,825,810,853
2022-04-29,252,4,cross_industry_degree_ratio,ORIGINAL,4296,3988,1383,0.0,0.5714285714285714,1.0,0.20715679895901112,0.47603434816549584,0.6889262371615312,0.9146504559270519,5,PASS,798,797,798,797,798
2022-04-29,252,5,delta_residual_degree_percentile_1m,ORIGINAL,4296,4250,2088,-0.4685835838317871,-0.001068994402885437,0.5237060487270355,-0.0431203693151474,-0.006520783901214598,0.004898726940155029,0.04051549732685089,5,PASS,868,832,851,881,818
2022-04-29,252,6,delta_cross_industry_degree_percentile_1m,ORIGINAL,4296,4250,1437,-0.4483261295236443,0.0006351087040760706,0.5624982759458653,-0.0528088071034095,-0.0009440427854409128,0.0027351161038259297,0.051212546429051445,5,PASS,850,859,855,836,850
2022-04-29,252,7,neighbor_jaccard_1m,ORIGINAL,4296,4026,1379,0.0,0.6666666666666666,1.0,0.38461538461538464,0.6,0.7265917602996255,0.8235294117647058,5,PASS,810,857,749,812,798
2022-04-29,252,8,neighbor_retention_1m,ORIGINAL,4296,3937,1079,0.0,0.8235294117647058,1.0,0.5769230769230769,0.7647058823529411,0.8666666666666667,0.9411764705882353,5,PASS,791,790,792,785,779
2022-04-29,252,9,outside_community_degree_percentile,ORIGINAL,4296,4296,82,0.12965549348230912,0.4607774674115456,1.0,0.12965549348230912,0.33507914338919925,0.6074255121042831,0.7984171322160148,4,FEWER_THAN_5_PORTFOLIOS,0,0,0,0,0
2022-05-31,60,1,residual_degree_percentile,ORIGINAL,4568,4568,228,0.001970227574929595,0.5066769123077393,1.0,0.21048599481582642,0.40564799308776855,0.5974168181419373,0.7996935248374939,5,PASS,1009,880,863,909,907
2022-05-31,60,2,delta_degree_percentile,ORIGINAL,4568,4568,2191,-0.9568739235401154,0.01466725766658783,0.7882005423307419,-0.2607268095016479,-0.06674692630767805,0.10540717840194702,0.28447897732257843,5,PASS,914,913,915,915,911
2022-05-31,60,3,cross_industry_degree_percentile,ORIGINAL,4568,4568,183,0.0028458844133099825,0.5052539404553416,1.0,0.2061077057793345,0.4048817863397548,0.6003721541155866,0.7984894921190894,5,PASS,1005,900,869,885,909
2022-05-31,60,4,cross_industry_degree_ratio,ORIGINAL,4568,4551,1399,0.0,0.7857142857142857,1.0,0.5,0.7058823529411765,0.8484848484848485,0.9461538461538461,5,PASS,914,907,915,905,910
2022-05-31,60,5,delta_residual_degree_percentile_1m,ORIGINAL,4568,4547,2911,-0.7964926660060883,0.0028520822525024414,0.80819983035326,-0.1175658106803894,-0.021471154689788812,0.029560863971710198,0.11230367422103883,5,PASS,911,908,909,909,910
2022-05-31,60,6,delta_cross_industry_degree_percentile_1m,ORIGINAL,4568,4547,2302,-0.7844465895053625,0.0009729836490797172,0.8005706991021188,-0.12746623336689833,-0.027927684681372827,0.02988944500639712,0.12026875165065673,5,PASS,911,910,908,910,908
2022-05-31,60,7,neighbor_jaccard_1m,ORIGINAL,4568,4546,1729,0.0,0.28846153846153844,1.0,0.09174311926605505,0.22727272727272727,0.35384615384615387,0.5,5,PASS,910,911,907,971,847
2022-05-31,60,8,neighbor_retention_1m,ORIGINAL,4568,4511,1405,0.0,0.5,1.0,0.2,0.42105263157894735,0.5866666666666667,0.7323943661971831,5,PASS,935,870,902,902,902
2022-05-31,60,9,outside_community_degree_percentile,ORIGINAL,4568,4568,75,0.011930823117338004,0.5072241681260946,1.0,0.17162872154115585,0.38496059544658495,0.6060639229422067,0.7926882661996497,5,PASS,947,964,960,809,888
2022-05-31,120,1,residual_degree_percentile,ORIGINAL,4521,4521,281,0.010064145550131798,0.4944702386856079,1.0,0.19044458866119385,0.40002211928367615,0.6034063100814819,0.7992700934410095,5,PASS,922,928,898,871,902
2022-05-31,120,2,delta_degree_percentile,ORIGINAL,4521,4521,2449,-0.9632824473083019,0.025436848402023315,0.8196195662021637,-0.23490381240844727,-0.03815528005361557,0.09820836782455444,0.25116127729415894,5,PASS,907,966,840,904,904
2022-05-31,120,3,cross_industry_degree_percentile,ORIGINAL,4521,4521,234,0.017916390179163903,0.49037823490378235,1.0,0.1780579517805795,0.4015704490157045,0.5986507409865074,0.7982747179827472,5,PASS,931,961,852,873,904
2022-05-31,120,4,cross_industry_degree_ratio,ORIGINAL,4521,4431,1414,0.0,0.7049180327868853,1.0,0.3541666666666667,0.6046511627906976,0.7894736842105263,0.9444444444444444,5,PASS,887,886,888,890,880
2022-05-31,120,5,delta_residual_degree_percentile_1m,ORIGINAL,4521,4491,2445,-0.6011098623275757,-0.004332840442657471,0.5897258156910539,-0.06806319952011108,-0.015615642070770264,0.014435060322284698,0.06597957015037537,5,PASS,899,898,898,900,896
2022-05-31,120,6,delta_cross_industry_degree_percentile_1m,ORIGINAL,4521,4491,1797,-0.6301764902944833,-0.0063814926244945,0.7357375398088317,-0.07651831904188222,-0.019340703470106066,0.018628546824634995,0.08090319608815821,5,PASS,939,878,879,902,893
2022-05-31,120,7,neighbor_jaccard_1m,ORIGINAL,4521,4447,1553,0.0,0.4852941176470588,1.0,0.2,0.4,0.5517241379310345,0.6923076923076923,5,PASS,895,916,858,901,877
2022-05-31,120,8,neighbor_retention_1m,ORIGINAL,4521,4364,1278,0.0,0.6846643349849413,1.0,0.36363636363636365,0.6042635658914729,0.7575169167402176,0.8571428571428571,5,PASS,875,871,872,880,866
2022-05-31,120,9,outside_community_degree_percentile,ORIGINAL,4521,4521,95,0.08626410086264101,0.47423136474231364,1.0,0.24474673744746736,0.3734793187347932,0.6202167662021677,0.8054633930546339,5,PASS,1433,510,995,751,832
2022-05-31,252,1,residual_degree_percentile,ORIGINAL,4332,4332,244,0.03520314022898674,0.5012696385383606,1.0,0.2153739631175995,0.40039244294166565,0.5983379483222961,0.8003231883049011,5,PASS,1014,747,843,869,859
2022-05-31,252,2,delta_degree_percentile,ORIGINAL,4332,4332,2483,-0.8767312951385975,0.03006693720817566,0.7525392323732376,-0.1776777386665344,-0.025023078918456947,0.08240994811058044,0.203254833817482,5,PASS,867,866,868,875,856
2022-05-31,252,3,cross_industry_degree_percentile,ORIGINAL,4332,4332,209,0.0564404432132964,0.49365189289012,1.0,0.23187903970452448,0.394275161588181,0.6000692520775623,0.7995152354570637,5,PASS,1147,647,841,841,856
2022-05-31,252,4,cross_industry_degree_ratio,ORIGINAL,4332,4028,1363,0.0,0.5581395348837209,1.0,0.2122727272727273,0.4642857142857143,0.6858146067415727,0.9032258064516129,5,PASS,806,806,805,807,804
2022-05-31,252,5,delta_residual_degree_percentile_1m,ORIGINAL,4332,4290,2016,-0.3599318750202656,-0.0007605478167533875,0.35278740525245667,-0.03154854774475097,-0.00498015433549881,0.008255898952484134,0.0379180908203125,5,PASS,858,889,827,859,857
2022-05-31,252,6,delta_cross_industry_degree_percentile_1m,ORIGINAL,4332,4290,1350,-0.5330614189840965,-0.0015204506414522034,0.4217809390426964,-0.04120369653920153,-0.006543160680295257,0.006813463016553457,0.04433919074369253,5,PASS,860,920,794,858,858
2022-05-31,252,7,neighbor_jaccard_1m,ORIGINAL,4332,4059,1299,0.0,0.7123287671232876,1.0,0.4782608695652174,0.6618150388936906,0.7619047619047619,0.8453542392566783,5,PASS,815,809,820,803,812
2022-05-31,252,8,neighbor_retention_1m,ORIGINAL,4332,3982,1040,0.0,0.8753238341968912,1.0,0.6666666666666666,0.8333333333333334,0.9090909090909091,0.967741935483871,5,PASS,832,797,769,792,792
2022-05-31,252,9,outside_community_degree_percentile,ORIGINAL,4332,4332,89,0.12430747922437674,0.5223915050784856,1.0,0.12430747922437674,0.4370960295475531,0.5827562326869806,0.8009002770083102,4,FEWER_THAN_5_PORTFOLIOS,0,0,0,0,0
2022-06-30,60,1,residual_degree_percentile,ORIGINAL,4602,4602,214,0.0006518904701806605,0.4955454170703888,1.0,0.2014341652393341,0.39200347661972046,0.6021295189857483,0.8014993667602539,5,PASS,970,873,954,901,904
2022-06-30,60,2,delta_degree_percentile,ORIGINAL,4602,4602,2270,-0.9473055014386773,0.005052149295806885,0.8070404380559921,-0.24967408776283262,-0.0697522833943367,0.09311167895793915,0.2729248106479645,5,PASS,921,927,949,885,920
2022-06-30,60,3,cross_industry_degree_percentile,ORIGINAL,4602,4602,174,0.0009778357235984355,0.4963059539330726,1.0,0.18926553672316385,0.3949369839200348,0.5997392438070405,0.8018252933507171,5,PASS,934,934,919,919,896
2022-06-30,60,4,cross_industry_degree_ratio,ORIGINAL,4602,4597,1425,0.0,0.76,1.0,0.5036242810074273,0.6785714285714286,0.8260869565217391,0.9411764705882353,5,PASS,920,921,922,918,916
2022-06-30,60,5,delta_residual_degree_percentile_1m,ORIGINAL,4602,4561,3131,-0.8653598725795746,0.002123594284057617,0.796835720539093,-0.14297473430633545,-0.031209349632263184,0.03522515296936035,0.14172273874282837,5,PASS,913,912,912,912,912
2022-06-30,60,6,delta_cross_industry_degree_percentile_1m,ORIGINAL,4602,4561,2492,-0.8420657355250248,1.08933829880975e-05,0.8708160846841129,-0.16481959606384491,-0.040283872998186254,0.04066552195763511,0.16309216239646052,5,PASS,920,905,914,913,909
2022-06-30,60,7,neighbor_jaccard_1m,ORIGINAL,4602,4561,1770,0.0,0.23404255319148937,0.8235294117647058,0.07317073170731707,0.18181818181818182,0.2894736842105263,0.4174757281553398,5,PASS,913,938,887,911,912
2022-06-30,60,8,neighbor_retention_1m,ORIGINAL,4602,4544,1423,0.0,0.4,1.0,0.15,0.3299334468348553,0.47619047619047616,0.6545454545454545,5,PASS,916,902,913,905,908
2022-06-30,60,9,outside_community_degree_percentile,ORIGINAL,4602,4602,83,0.012168622338113864,0.519774011299435,1.0,0.222077357670578,0.4096045197740113,0.6099521946979574,0.7970447631464581,5,PASS,1173,836,892,816,885
2022-06-30,120,1,residual_degree_percentile,ORIGINAL,4555,4555,282,0.014818880707025528,0.4985730051994324,1.0,0.19615806639194489,0.40482985973358154,0.6004390716552734,0.800658643245697,5,PASS,951,928,871,907,898
2022-06-30,120,2,delta_degree_percentile,ORIGINAL,4555,4555,2449,-0.9653128646314144,0.027771681547164917,0.7894621342420578,-0.2311745285987854,-0.044785928726196286,0.09945115447044373,0.25367728471755996,5,PASS,912,910,922,900,911
2022-06-30,120,3,cross_industry_degree_percentile,ORIGINAL,4555,4555,236,0.024149286498353458,0.5085620197585071,1.0,0.19396267837541165,0.4045005488474204,0.5937431394072448,0.8016465422612514,5,PASS,1014,901,838,908,894
2022-06-30,120,4,cross_industry_degree_ratio,ORIGINAL,4555,4421,1418,0.0,0.6666666666666666,1.0,0.3333333333333333,0.5742971887550201,0.7659574468085106,0.9333333333333333,5,PASS,906,863,884,889,879
2022-06-30,120,5,delta_residual_degree_percentile_1m,ORIGINAL,4555,4517,2510,-0.5197234004735947,0.000420987606048584,0.7003671675920486,-0.06968557834625244,-0.019508183002471924,0.011075794696807861,0.06332746148109436,5,PASS,905,906,900,905,901
2022-06-30,120,6,delta_cross_industry_degree_percentile_1m,ORIGINAL,4555,4517,1796,-0.6060937481410692,0.00212359398062123,0.7236736915737293,-0.08254978899542106,-0.018763394924187216,0.013904207490304424,0.07142341715001903,5,PASS,904,905,924,881,903
2022-06-30,120,7,neighbor_jaccard_1m,ORIGINAL,4555,4465,1584,0.0,0.4583333333333333,1.0,0.16666666666666666,0.37142857142857144,0.5333333333333333,0.6739789196310936,5,PASS,913,875,901,883,893
2022-06-30,120,8,neighbor_retention_1m,ORIGINAL,4555,4428,1276,0.0,0.6428571428571429,1.0,0.3076923076923077,0.5555555555555556,0.71875,0.8484848484848485,5,PASS,889,906,864,888,881
2022-06-30,120,9,outside_community_degree_percentile,ORIGINAL,4555,4555,75,0.08781558726673985,0.4699231613611416,1.0,0.24357848518111966,0.36959385290889135,0.6165751920965972,0.7964873765093304,5,PASS,1419,528,994,739,875
2022-06-30,252,1,residual_degree_percentile,ORIGINAL,4338,4338,258,0.03976486995816231,0.4957353472709656,1.0,0.1885661631822586,0.3975334167480469,0.5986629724502563,0.8015214204788208,5,PASS,892,861,861,874,850
2022-06-30,252,2,delta_degree_percentile,ORIGINAL,4338,4338,2505,-0.8943061344325542,0.027432024478912354,0.6909866034984589,-0.18443983197212213,-0.026970922946929828,0.08268787860870357,0.2099354505538942,5,PASS,868,867,868,867,868
2022-06-30,252,3,cross_industry_degree_percentile,ORIGINAL,4338,4338,212,0.06754264638082065,0.4858229598893499,1.0,0.18072844628861226,0.413093591516828,0.5943983402489627,0.8026740433379438,5,PASS,982,897,736,882,841
2022-06-30,252,4,cross_industry_degree_ratio,ORIGINAL,4338,3994,1375,0.0,0.5288568257491676,1.0,0.1875,0.42778325123152716,0.6666666666666666,0.8893772893772894,5,PASS,805,793,882,715,799
2022-06-30,252,5,delta_residual_degree_percentile_1m,ORIGINAL,4338,4293,2040,-0.37537721544504166,0.001997530460357666,0.33498479425907135,-0.03479620814323425,-0.007553791999816892,0.006957936286926268,0.032917273044586186,5,PASS,861,856,859,858,859
2022-06-30,252,6,delta_cross_industry_degree_percentile_1m,ORIGINAL,4338,4293,1369,-0.5353300536775438,0.006494657149534677,0.49934563331966814,-0.05043364763367986,-0.0056709118285996896,0.01110220316752425,0.03339029308730809,5,PASS,879,848,907,800,859
2022-06-30,252,7,neighbor_jaccard_1m,ORIGINAL,4338,4049,1249,0.0,0.7209302325581395,1.0,0.46751773049645395,0.6666666666666666,0.7692307692307693,0.8484848484848485,5,PASS,810,902,724,808,805
2022-06-30,252,8,neighbor_retention_1m,ORIGINAL,4338,3989,1033,0.0,0.8529411764705882,1.0,0.625,0.8,0.8872504592774034,0.9464285714285714,5,PASS,805,797,791,801,795
2022-06-30,252,9,outside_community_degree_percentile,ORIGINAL,4338,4338,89,0.13404794836330106,0.4589672660212079,1.0,0.13404794836330106,0.3397879207007838,0.6018902720147533,0.8025587828492393,4,FEWER_THAN_5_PORTFOLIOS,0,0,0,0,0
2022-07-29,60,1,residual_degree_percentile,ORIGINAL,4643,4643,236,0.0024768467992544174,0.49526169896125793,1.0,0.20374757051467896,0.3943570852279663,0.5968124270439148,0.8005599975585938,5,PASS,988,874,930,933,918
2022-07-29,60,2,delta_degree_percentile,ORIGINAL,4643,4643,2510,-0.9529399238526821,0.01949170231819153,0.7154856771230698,-0.16357958316802979,-0.03646349906921381,0.06709024310112,0.1967478096485138,5,PASS,932,925,934,928,924
2022-07-29,60,3,cross_industry_degree_percentile,ORIGINAL,4643,4643,197,0.004415248761576567,0.5090458755115227,1.0,0.18802498384665087,0.41363342666379493,0.6027353004522937,0.8015291837174241,5,PASS,948,1036,846,907,906
2022-07-29,60,4,cross_industry_degree_ratio,ORIGINAL,4643,4621,1445,0.0,0.7346938775510204,1.0,0.4392523364485981,0.6504424778761062,0.8076923076923077,0.9393939393939394,5,PASS,925,924,925,926,921
2022-07-29,60,5,delta_residual_degree_percentile_1m,ORIGINAL,4643,4595,3203,-0.8580665960907936,0.013745307922363281,0.7391014024615288,-0.15881429612636566,-0.020074778236448765,0.04974639415740968,0.16975632309913635,5,PASS,920,919,918,920,918
2022-07-29,60,6,delta_cross_industry_degree_percentile_1m,ORIGINAL,4643,4595,2500,-0.87570071557722,0.016770981312098532,0.8063415619705935,-0.18388133973907342,-0.02796197853090496,0.06154096070938271,0.19328915510519312,5,PASS,919,920,918,921,917
2022-07-29,60,7,neighbor_jaccard_1m,ORIGINAL,4643,4594,1748,0.0,0.17832681017612523,0.7857142857142857,0.047619047619047616,0.1267605633802817,0.22727272727272727,0.3475177304964539,5,PASS,939,900,918,919,918
2022-07-29,60,8,neighbor_retention_1m,ORIGINAL,4643,4590,1435,0.0,0.30395962732919257,1.0,0.07837009803921571,0.225,0.4,0.5945945945945946,5,PASS,918,920,941,896,915
2022-07-29,60,9,outside_community_degree_percentile,ORIGINAL,4643,4643,104,0.02121473185440448,0.5129226793021753,1.0,0.20503984492784838,0.40964893387895757,0.5998276976093043,0.7966831789791083,5,PASS,1122,918,842,863,898
2022-07-29,120,1,residual_degree_percentile,ORIGINAL,4585,4585,274,0.010359869338572025,0.5042529702186584,1.0,0.19018538296222687,0.40763360261917114,0.6041439771652222,0.7990185618400574,5,PASS,923,982,886,880,914
2022-07-29,120,2,delta_degree_percentile,ORIGINAL,4585,4585,2506,-0.973500563763082,0.02606324851512909,0.8063249439001083,-0.2293347790837288,-0.051668500900268526,0.09073063731193542,0.24782989025115976,5,PASS,924,910,937,897,917
2022-07-29,120,3,cross_industry_degree_percentile,ORIGINAL,4585,4585,232,0.01712104689203926,0.5082878953107961,1.0,0.20850599781897491,0.4,0.6046892039258451,0.7981461286804798,5,PASS,1075,825,904,865,916
2022-07-29,120,4,cross_industry_degree_ratio,ORIGINAL,4585,4491,1472,0.0,0.6666666666666666,1.0,0.3333333333333333,0.5555555555555556,0.75,0.92,5,PASS,910,903,899,882,897
2022-07-29,120,5,delta_residual_degree_percentile_1m,ORIGINAL,4585,4555,2570,-0.7498887330293655,0.0028037428855895996,0.6018148809671402,-0.06742572784423828,-0.012556099891662566,0.019829666614532473,0.07198591902852058,5,PASS,912,910,911,915,907
2022-07-29,120,6,delta_cross_industry_degree_percentile_1m,ORIGINAL,4585,4555,1846,-0.7233838927347445,0.005643013357880866,0.625578085366423,-0.08452250274423706,-0.01926242567815879,0.02539235108997387,0.08726937335630072,5,PASS,913,909,911,918,904
2022-07-29,120,7,neighbor_jaccard_1m,ORIGINAL,4585,4507,1615,0.0,0.45454545454545453,1.0,0.2,0.38076804915514595,0.5125703564727954,0.6551724137931034,5,PASS,906,897,901,903,900
2022-07-29,120,8,neighbor_retention_1m,ORIGINAL,4585,4421,1320,0.0,0.6712962962962963,1.0,0.391304347826087,0.6,0.75,0.8761904761904762,5,PASS,886,894,915,842,884
2022-07-29,120,9,outside_community_degree_percentile,ORIGINAL,4585,4585,93,0.05583424209378408,0.502835332606325,1.0,0.16455834242093784,0.35932388222464556,0.6161395856052344,0.8063249727371865,5,PASS,997,851,1082,809,846
2022-07-29,252,1,residual_degree_percentile,ORIGINAL,4389,4389,264,0.03850535303354263,0.5029619336128235,1.0,0.18933698534965515,0.39815446734428406,0.6013898253440857,0.8001822829246521,5,PASS,911,871,867,870,870
2022-07-29,252,2,delta_degree_percentile,ORIGINAL,4389,4389,2576,-0.8949646577239037,0.028252482414245605,0.7124629840254784,-0.19027113318443298,-0.0290499210357666,0.08225110173225403,0.21098198741674423,5,PASS,878,878,878,879,876
2022-07-29,252,3,cross_industry_degree_percentile,ORIGINAL,4389,4389,221,0.06721348826611985,0.4880382775119617,1.0,0.17988152198678514,0.41900205058099793,0.5970608339029392,0.8012075643654591,5,PASS,989,933,738,867,862
2022-07-29,252,4,cross_industry_degree_ratio,ORIGINAL,4389,4052,1390,0.0,0.515928680074362,1.0,0.17916493272298517,0.4166666666666667,0.6470588235294118,0.8888888888888888,5,PASS,811,816,806,812,807
2022-07-29,252,5,delta_residual_degree_percentile_1m,ORIGINAL,4389,4337,2064,-0.4555340111255646,-0.0012595169246196747,0.3739665746688843,-0.030956387519836426,-0.0025488734245300263,0.004944109916687002,0.03719565272331238,5,PASS,871,864,867,879,856
2022-07-29,252,6,delta_cross_industry_degree_percentile_1m,ORIGINAL,4389,4337,1401,-0.7781069358924786,-0.0003291581147008005,0.5816320002823606,-0.038407883155644675,-0.0008469243018271178,0.004009300253021597,0.04832212872177936,5,PASS,868,918,818,865,868
2022-07-29,252,7,neighbor_jaccard_1m,ORIGINAL,4389,4067,1311,0.0,0.7142857142857143,1.0,0.47368421052631576,0.6638260869565219,0.7647058823529411,0.8571428571428571,5,PASS,817,810,818,827,795
2022-07-29,252,8,neighbor_retention_1m,ORIGINAL,4389,3993,1053,0.0,0.875,1.0,0.6666666666666666,0.8260869565217391,0.9090909090909091,0.9655172413793104,5,PASS,883,715,807,797,791
2022-07-29,252,9,outside_community_degree_percentile,ORIGINAL,4389,4389,97,0.1409204830257462,0.4750512645249487,1.0,0.1409204830257462,0.35543403964456594,0.6203007518796992,0.8014354066985646,4,FEWER_THAN_5_PORTFOLIOS,0,0,0,0,0
2022-08-31,60,1,residual_degree_percentile,ORIGINAL,4671,4671,322,0.00974095519632101,0.5003211498260498,1.0,0.18315136432647705,0.39509740471839905,0.5979447364807129,0.7999357581138611,5,PASS,937,955,921,930,928
2022-08-31,60,2,delta_degree_percentile,ORIGINAL,4671,4671,2471,-0.9755940968170762,0.020552344620227814,0.8470349013805389,-0.16088634729385376,-0.019267819821834564,0.06840077042579651,0.1875401735305786,5,PASS,936,1048,825,929,933
2022-08-31,60,3,cross_industry_degree_percentile,ORIGINAL,4671,4671,280,0.01648469278527082,0.5036394776279169,1.0,0.1791907514450867,0.41115392849496896,0.6067223292656818,0.8002569043031471,5,PASS,966,1046,856,878,925
2022-08-31,60,4,cross_industry_degree_ratio,ORIGINAL,4671,4581,1387,0.0,0.74,1.0,0.38095238095238093,0.6388888888888888,0.82,0.9936708860759493,5,PASS,919,914,916,916,916
2022-08-31,60,5,delta_residual_degree_percentile_1m,ORIGINAL,4671,4636,2940,-0.8569200858473778,0.00037201307713985443,0.7437530755996704,-0.13975608348846436,-0.030305981636047363,0.034872621297836304,0.13687503337860107,5,PASS,928,927,928,926,927
2022-08-31,60,6,delta_cross_industry_degree_percentile_1m,ORIGINAL,4671,4636,2214,-0.8481502415244426,0.0014243258532940645,0.8303405199310403,-0.1598809228543342,-0.03345178431049506,0.04162768675510209,0.15619618864418983,5,PASS,928,927,927,927,927
2022-08-31,60,7,neighbor_jaccard_1m,ORIGINAL,4671,4627,1650,0.0,0.17307692307692307,0.7755102040816326,0.03333333333333333,0.12121212121212122,0.22610357241761286,0.35555555555555557,5,PASS,928,925,923,926,925
2022-08-31,60,8,neighbor_retention_1m,ORIGINAL,4671,4614,1412,0.0,0.2727272727272727,1.0,0.05,0.19463601532567054,0.35294117647058826,0.5555555555555556,5,PASS,925,921,930,927,911
2022-08-31,60,9,outside_community_degree_percentile,ORIGINAL,4671,4671,167,0.09387711410832798,0.47109826589595377,1.0,0.25850995504174695,0.38096767287518735,0.5908798972382787,0.8003639477627917,5,PASS,1538,482,844,898,909
2022-08-31,120,1,residual_degree_percentile,ORIGINAL,4615,4615,268,0.009317442774772644,0.4989165663719177,1.0,0.20617551803589018,0.39599132537841797,0.6022751927375793,0.7986999154090881,5,PASS,923,936,941,896,919
2022-08-31,120,2,delta_degree_percentile,ORIGINAL,4615,4615,2505,-0.9585048593580723,0.015601277351379395,0.8239436447620392,-0.21098593473434443,-0.052221015095710754,0.08028167486190796,0.23802814483642593,5,PASS,923,932,916,921,923
2022-08-31,120,3,cross_industry_degree_percentile,ORIGINAL,4615,4615,224,0.019176598049837488,0.49577464788732395,1.0,0.19631635969664138,0.39089924160346695,0.594257854821235,0.8013001083423619,5,PASS,1007,867,897,940,904
2022-08-31,120,4,cross_industry_degree_ratio,ORIGINAL,4615,4530,1496,0.0,0.6487924094307074,1.0,0.3333333333333333,0.5454545454545454,0.75,0.9285714285714286,5,PASS,947,867,946,865,905
2022-08-31,120,5,delta_residual_degree_percentile_1m,ORIGINAL,4615,4583,2711,-0.6453175917267799,0.0003426298499107361,0.6458885073661804,-0.07922524213790894,-0.017220234870910636,0.02277052402496338,0.08049530163407326,5,PASS,918,915,918,919,913
2022-08-31,120,6,delta_cross_industry_degree_percentile_1m,ORIGINAL,4615,4583,1963,-0.7399425324702177,0.001574449633798096,0.6642012970364761,-0.1001398408064358,-0.01590780147709504,0.024245602800596937,0.09533884457656112,5,PASS,917,916,917,916,917
2022-08-31,120,7,neighbor_jaccard_1m,ORIGINAL,4615,4547,1661,0.0,0.4444444444444444,1.0,0.21052631578947367,0.375,0.5,0.6382573454913881,5,PASS,912,923,898,904,910
2022-08-31,120,8,neighbor_retention_1m,ORIGINAL,4615,4489,1367,0.0,0.6666666666666666,1.0,0.35407969639468695,0.5774603174603175,0.7294117647058823,0.8571428571428571,5,PASS,898,898,898,913,882
2022-08-31,120,9,outside_community_degree_percentile,ORIGINAL,4615,4615,103,0.057854821235102924,0.49772481040086675,1.0,0.16793066088840736,0.43196099674972915,0.6005417118093175,0.8036836403033586,5,PASS,1016,1146,710,876,867
2022-08-31,252,1,residual_degree_percentile,ORIGINAL,4429,4429,282,0.04120568931102753,0.4989839792251587,1.0,0.1925942599773407,0.3970422148704529,0.6028448939323425,0.8014224171638489,5,PASS,926,860,900,870,873
2022-08-31,252,2,delta_degree_percentile,ORIGINAL,4429,4429,2543,-0.9481824189424515,0.02890041470527649,0.7885527387261391,-0.1928652048110962,-0.02795211076736449,0.08284039497375485,0.21009258180856705,5,PASS,886,886,885,898,874
2022-08-31,252,3,cross_industry_degree_percentile,ORIGINAL,4429,4429,232,0.07157371867238654,0.49209753894784375,1.0,0.18875592684578912,0.381011515014676,0.6057800857981486,0.7993452246556789,5,PASS,1038,744,934,827,886
2022-08-31,252,4,cross_industry_degree_ratio,ORIGINAL,4429,4065,1406,0.0,0.5,1.0,0.18421052631578946,0.4,0.6440677966101694,0.8838998211091237,5,PASS,815,822,804,811,813
2022-08-31,252,5,delta_residual_degree_percentile_1m,ORIGINAL,4429,4389,2227,-0.3564685583114624,0.002700336277484894,0.3864034041762352,-0.043099820613861084,-0.0021743774414062483,0.008359503746032688,0.044219255447387695,5,PASS,878,878,877,879,877
2022-08-31,252,6,delta_cross_industry_degree_percentile_1m,ORIGINAL,4429,4389,1484,-0.49153860759783446,0.0043602304062666936,0.5840621947322997,-0.054853466102292636,0.00047961094056796666,0.008372781334481105,0.05375542450205851,5,PASS,882,874,937,818,878
2022-08-31,252,7,neighbor_jaccard_1m,ORIGINAL,4429,4137,1408,0.0,0.6557377049180327,1.0,0.35714285714285715,0.5812067881835323,0.7171817705605028,0.8244270015698588,5,PASS,834,821,827,827,828
2022-08-31,252,8,neighbor_retention_1m,ORIGINAL,4429,4052,1185,0.0,0.8241991991991993,1.0,0.5250651380927567,0.76,0.88,0.9565217391304348,5,PASS,811,813,811,812,805
2022-08-31,252,9,outside_community_degree_percentile,ORIGINAL,4429,4429,107,0.1451794987581847,0.481034093474825,1.0,0.1451794987581847,0.360803793181305,0.5669451343418379,0.7953262587491533,4,FEWER_THAN_5_PORTFOLIOS,0,0,0,0,0
2022-09-30,60,1,residual_degree_percentile,ORIGINAL,4709,4709,352,0.02282862551510334,0.5021235942840576,1.0,0.21097896993160248,0.4077298641204834,0.6029942631721497,0.7994478821754458,5,PASS,1085,878,892,912,942
2022-09-30,60,2,delta_degree_percentile,ORIGINAL,4709,4709,2304,-0.9592270385473967,0.019961774349212646,0.7885963320732117,-0.1576768159866333,-0.03185391426086426,0.06859205663204193,0.19069865345954895,5,PASS,943,952,1001,897,916
2022-09-30,60,3,cross_industry_degree_percentile,ORIGINAL,4709,4709,315,0.03588872372053514,0.5114674028456148,1.0,0.1858143979613506,0.40942875345083884,0.6058611170099809,0.7992142705457634,5,PASS,1030,991,876,875,937
2022-09-30,60,4,cross_industry_degree_ratio,ORIGINAL,4709,4495,1347,0.0,0.7341772151898734,1.0,0.3333333333333333,0.625,0.822301488833747,1.0,4,FEWER_THAN_5_PORTFOLIOS,0,0,0,0,0
2022-09-30,60,5,delta_residual_degree_percentile_1m,ORIGINAL,4709,4666,2598,-0.7131014913320541,-0.0001667328178882599,0.8301544710993767,-0.09909015893936157,-0.023669958114624023,0.02649378776550293,0.10450124740600586,5,PASS,934,933,933,933,933
2022-09-30,60,6,delta_cross_industry_degree_percentile_1m,ORIGINAL,4709,4666,1951,-0.7643681805826119,0.0019201446243747866,0.8414009413368653,-0.12406380162994296,-0.025768309034763508,0.03132856777396742,0.1290939804295732,5,PASS,944,969,887,943,923
2022-09-30,60,7,neighbor_jaccard_1m,ORIGINAL,4709,4631,1580,0.0,0.25,1.0,0.045454545454545456,0.18181818181818182,0.3076923076923077,0.42857142857142855,5,PASS,927,933,925,924,922
2022-09-30,60,8,neighbor_retention_1m,ORIGINAL,4709,4576,1355,0.0,0.4,1.0,0.09090909090909091,0.3194444444444444,0.4918032786885246,0.6447368421052632,5,PASS,917,914,916,914,915
2022-09-30,60,9,outside_community_degree_percentile,ORIGINAL,4709,4709,141,0.14504141006583138,0.49373540029730306,1.0,0.14504141006583138,0.3671692503716288,0.5771926098959439,0.7950732639626248,4,FEWER_THAN_5_PORTFOLIOS,0,0,0,0,0
2022-09-30,120,1,residual_degree_percentile,ORIGINAL,4652,4652,269,0.013220120221376419,0.5007523894309998,1.0,0.19217540323734283,0.3945614695549011,0.6022140979766846,0.7986887097358704,5,PASS,949,920,947,912,924
2022-09-30,120,2,delta_degree_percentile,ORIGINAL,4652,4652,2396,-0.9542132206261158,0.013166368007659912,0.8023430854082108,-0.2019776344299316,-0.04875324964523314,0.08003008365631092,0.2287188321352005,5,PASS,931,930,930,933,928
2022-09-30,120,3,cross_industry_degree_percentile,ORIGINAL,4652,4652,227,0.024183147033533962,0.5051590713671539,1.0,0.1778804815133276,0.40735167669819433,0.5979148753224419,0.8019131556319863,5,PASS,935,1020,862,927,908
2022-09-30,120,4,cross_industry_degree_ratio,ORIGINAL,4652,4530,1500,0.0,0.6363636363636364,1.0,0.3262700228832952,0.5273362296618112,0.7346239761727478,0.9322491983508933,5,PASS,906,906,906,906,906
2022-09-30,120,5,delta_residual_degree_percentile_1m,ORIGINAL,4652,4614,2615,-0.672692708671093,0.00035303831100463867,0.7188751548528671,-0.06286423802375793,-0.01586271524429321,0.01524764299392698,0.06556569337844849,5,PASS,923,923,922,923,923
2022-09-30,120,6,delta_cross_industry_degree_percentile_1m,ORIGINAL,4652,4614,1894,-0.7719165279393805,0.0016980662332351515,0.5980824193790297,-0.07968805690815302,-0.017899979412156552,0.019430000866366176,0.07770993777999705,5,PASS,923,923,922,923,923
2022-09-30,120,7,neighbor_jaccard_1m,ORIGINAL,4652,4564,1657,0.0,0.5,1.0,0.26666666666666666,0.44121703853955374,0.5625,0.6806737588652483,5,PASS,921,905,914,911,913
2022-09-30,120,8,neighbor_retention_1m,ORIGINAL,4652,4529,1339,0.0,0.6875,1.0,0.4166666666666667,0.625,0.75,0.84375,5,PASS,915,915,956,840,903
2022-09-30,120,9,outside_community_degree_percentile,ORIGINAL,4652,4652,108,0.07523645743766122,0.48108340498710234,1.0,0.20958727429062768,0.40573946689595874,0.5848022355975925,0.7994411006018917,5,PASS,1250,828,746,939,889
2022-09-30,252,1,residual_degree_percentile,ORIGINAL,4470,4470,281,0.0449664443731308,0.5032438635826111,1.0,0.20548097789287567,0.4006711542606354,0.6020134091377258,0.7989932894706726,5,PASS,996,825,886,870,893
2022-09-30,252,2,delta_degree_percentile,ORIGINAL,4470,4470,2547,-0.9489932805299759,0.029362410306930542,0.7840045019984245,-0.19809843599796295,-0.03340040445327753,0.08572707176208497,0.21834450960159302,5,PASS,906,882,894,897,891
2022-09-30,252,3,cross_industry_degree_percentile,ORIGINAL,4470,4470,243,0.07774049217002237,0.5111856823266219,1.0,0.20268456375838925,0.39932885906040266,0.6029082774049217,0.7989261744966454,5,PASS,1117,770,847,842,894
2022-09-30,252,4,cross_industry_degree_ratio,ORIGINAL,4470,4069,1411,0.0,0.5,1.0,0.17201970443349757,0.3902439024390244,0.6497872340425529,0.8888888888888888,5,PASS,814,815,812,824,804
2022-09-30,252,5,delta_residual_degree_percentile_1m,ORIGINAL,4470,4429,2171,-0.3794269859790802,0.0037607550621032715,0.32713882625102997,-0.03680720925331116,-0.003604710102081298,0.009975157678127289,0.04108715057373047,5,PASS,891,881,939,833,885
2022-09-30,252,6,delta_cross_industry_degree_percentile_1m,ORIGINAL,4470,4429,1441,-0.5604396839419669,0.006166773497635822,0.49502483378060913,-0.04754187748735583,-0.00013327352819501005,0.013679819251092074,0.04638451673255839,5,PASS,888,884,894,882,881
2022-09-30,252,7,neighbor_jaccard_1m,ORIGINAL,4470,4132,1355,0.0,0.6827332559039876,1.0,0.4444444444444444,0.625,0.7368421052631579,0.8286772486772487,5,PASS,843,833,817,812,827
2022-09-30,252,8,neighbor_retention_1m,ORIGINAL,4470,4065,1105,0.0,0.8372093023255814,1.0,0.6,0.7857142857142857,0.8813559322033898,0.9512195121951219,5,PASS,845,782,815,811,812
2022-09-30,252,9,outside_community_degree_percentile,ORIGINAL,4470,4470,114,0.1540268456375839,0.5013422818791946,1.0,0.1540268456375839,0.38031319910514544,0.5842281879194631,0.8048098434004475,4,FEWER_THAN_5_PORTFOLIOS,0,0,0,0,0
2022-10-31,60,1,residual_degree_percentile,ORIGINAL,4734,4734,317,0.016159696504473686,0.49619773030281067,1.0,0.19053654372692108,0.3958597481250763,0.6002323627471924,0.7993240356445312,5,PASS,963,946,944,936,945
2022-10-31,60,2,delta_degree_percentile,ORIGINAL,4734,4734,2369,-0.9647233057767153,0.01087874174118042,0.770067572593689,-0.17256019115447993,-0.04119136929512024,0.06749048829078674,0.20692862272262585,5,PASS,947,963,984,893,947
2022-10-31,60,3,cross_industry_degree_percentile,ORIGINAL,4734,4734,272,0.024926066751161807,0.5022179974651457,1.0,0.19613434727503168,0.4129700042247571,0.6048795944233206,0.7996408956485002,5,PASS,1059,979,863,894,939
2022-10-31,60,4,cross_industry_degree_ratio,ORIGINAL,4734,4582,1429,0.0,0.7307692307692307,1.0,0.34210526315789475,0.625,0.8333333333333334,1.0,4,FEWER_THAN_5_PORTFOLIOS,0,0,0,0,0
2022-10-31,60,5,delta_residual_degree_percentile_1m,ORIGINAL,4734,4704,2656,-0.7279604375362396,-0.0009925365447998047,0.7305276244878769,-0.10571801662445068,-0.022040463984012604,0.023249894380569458,0.10271468162536622,5,PASS,942,986,895,940,941
2022-10-31,60,6,delta_cross_industry_degree_percentile_1m,ORIGINAL,4734,4704,1960,-0.7517477476410577,0.0010538229924575981,0.7679962405134735,-0.11636343784515679,-0.026336551559306736,0.027220951385866554,0.12294993640435224,5,PASS,942,940,941,940,941
2022-10-31,60,7,neighbor_jaccard_1m,ORIGINAL,4734,4642,1641,0.0,0.2474182902161184,1.0,0.043010752688172046,0.17777777777777778,0.30387192851824274,0.4375,5,PASS,930,928,927,935,922
2022-10-31,60,8,neighbor_retention_1m,ORIGINAL,4734,4491,1341,0.0,0.4838709677419355,1.0,0.13043478260869565,0.38461538461538464,0.5531914893617021,0.7142857142857143,5,PASS,901,905,889,925,871
2022-10-31,60,9,outside_community_degree_percentile,ORIGINAL,4734,4734,106,0.11364596535699198,0.5142585551330798,1.0,0.11364596535699198,0.42395437262357416,0.5824883819180398,0.7973172792564428,4,FEWER_THAN_5_PORTFOLIOS,0,0,0,0,0
2022-10-31,120,1,residual_degree_percentile,ORIGINAL,4667,4667,293,0.025176772847771645,0.49603599309921265,0.9998928904533386,0.19037926197052002,0.40679237246513367,0.5997428894042969,0.8011570572853088,5,PASS,956,974,887,929,921
2022-10-31,120,2,delta_degree_percentile,ORIGINAL,4667,4667,2468,-0.9725733902305365,0.01232057809829712,0.8406899273395538,-0.15798158049583433,-0.041225624084472626,0.06856653094291687,0.19530749320983887,5,PASS,934,933,956,911,933
2022-10-31,120,3,cross_industry_degree_percentile,ORIGINAL,4667,4667,251,0.04178272980501393,0.4887508035140347,1.0,0.19005785301049924,0.39050782086993785,0.6067066638097279,0.7990143561174202,5,PASS,1041,864,967,867,928
2022-10-31,120,4,cross_industry_degree_ratio,ORIGINAL,4667,4433,1498,0.0,0.6071428571428571,1.0,0.25,0.5,0.7203470158245642,0.9290043290043293,5,PASS,909,996,755,886,887
2022-10-31,120,5,delta_residual_degree_percentile_1m,ORIGINAL,4667,4652,2701,-0.752659484744072,0.0032505393028259277,0.6663569137454033,-0.0681719183921814,-0.013790398836135864,0.021308675408363342,0.07872101664543152,5,PASS,931,931,950,911,929
2022-10-31,120,6,delta_cross_industry_degree_percentile_1m,ORIGINAL,4667,4652,1874,-0.8302078118974796,0.010024557268142553,0.6403110762325477,-0.08331724769935671,-0.01121528722644369,0.02974496570475893,0.09486209313264266,5,PASS,931,930,931,929,931
2022-10-31,120,7,neighbor_jaccard_1m,ORIGINAL,4667,4572,1731,0.0,0.42857142857142855,1.0,0.16666666666666666,0.3487454100367197,0.5,0.614802671523983,5,PASS,921,908,1055,773,915
2022-10-31,120,8,neighbor_retention_1m,ORIGINAL,4667,4530,1438,0.0,0.6086956521739131,1.0,0.2618315018315019,0.5,0.6666666666666666,0.7927120785152075,5,PASS,906,917,898,903,906
2022-10-31,120,9,outside_community_degree_percentile,ORIGINAL,4667,4667,86,0.11913434754660382,0.522712663381187,1.0,0.11913434754660382,0.430147846582387,0.5921362759802872,0.800728519391472,4,FEWER_THAN_5_PORTFOLIOS,0,0,0,0,0
2022-10-31,252,1,residual_degree_percentile,ORIGINAL,4497,4497,306,0.045919500291347504,0.49677562713623047,1.0,0.21147431433200836,0.4062708616256714,0.5980653762817383,0.8007560491561895,5,PASS,1031,827,846,893,900
2022-10-31,252,2,delta_degree_percentile,ORIGINAL,4497,4497,2526,-0.9479653015732765,0.029908835887908936,0.8332221433520317,-0.18997109532356257,-0.031687766313552856,0.08378916978836058,0.21781188249588013,5,PASS,900,901,897,900,899
2022-10-31,252,3,cross_industry_degree_percentile,ORIGINAL,4497,4497,259,0.08272181454302868,0.49299533022014674,1.0,0.21358683566822326,0.4122748498999333,0.5958416722259284,0.8009784300644874,5,PASS,1177,790,756,889,885
2022-10-31,252,4,cross_industry_degree_ratio,ORIGINAL,4497,4085,1381,0.0,0.5,1.0,0.15140080045740428,0.37100529100529117,0.6546320346320347,0.89047084362602,5,PASS,817,817,817,817,817
2022-10-31,252,5,delta_residual_degree_percentile_1m,ORIGINAL,4497,4469,2169,-0.4573243632912636,0.0036303848028182983,0.4561542868614197,-0.033366233110427856,0.0009530559182167053,0.007375746965408325,0.03833435773849489,5,PASS,899,1206,593,877,894
2022-10-31,252,6,delta_cross_industry_degree_percentile_1m,ORIGINAL,4497,4469,1376,-0.5905444046963448,0.004981322373006317,0.3345343577299109,-0.03356950868065667,0.004981322373006317,0.010902271909834005,0.04018189605896849,5,PASS,895,1442,368,875,889
2022-10-31,252,7,neighbor_jaccard_1m,ORIGINAL,4497,4148,1386,0.0,0.7,1.0,0.4560606060606064,0.6422615051838593,0.75,0.8448200312989047,5,PASS,830,829,858,801,830
2022-10-31,252,8,neighbor_retention_1m,ORIGINAL,4497,4069,1140,0.0,0.8571428571428571,1.0,0.631578947368421,0.8,0.9,0.9688468992248062,5,PASS,816,836,806,797,814
2022-10-31,252,9,outside_community_degree_percentile,ORIGINAL,4497,4497,103,0.16488770291305316,0.5321325327996442,1.0,0.16488770291305316,0.4061596619968868,0.6148543473426729,0.8058705803869246,4,FEWER_THAN_5_PORTFOLIOS,0,0,0,0,0
2022-11-30,60,1,residual_degree_percentile,ORIGINAL,4774,4774,298,0.016652701422572136,0.5004189610481262,1.0,0.21344783902168274,0.39547550678253174,0.6028696894645666,0.7992249727249146,5,PASS,1086,831,947,959,951
2022-11-30,60,2,delta_degree_percentile,ORIGINAL,4774,4774,2533,-0.974130691960454,0.025764554738998413,0.8050900846719742,-0.18590277433395386,-0.04088816642761229,0.0890029311180113,0.2224549800157547,5,PASS,956,954,954,958,952
2022-11-30,60,3,cross_industry_degree_percentile,ORIGINAL,4774,4774,251,0.026497695852534562,0.5052366987850859,1.0,0.1977377461248429,0.41275659824046923,0.6050481776288228,0.798596564725597,5,PASS,1073,981,878,894,948
2022-11-30,60,4,cross_industry_degree_ratio,ORIGINAL,4774,4616,1496,0.0,0.7083333333333334,1.0,0.32653061224489793,0.5909090909090909,0.8,0.9736842105263158,5,PASS,924,923,923,923,923
2022-11-30,60,5,delta_residual_degree_percentile_1m,ORIGINAL,4774,4727,2931,-0.7906799465417862,0.0004930049180984497,0.8723075538873672,-0.126759335398674,-0.033418864011764526,0.03201737999916077,0.1298537611961365,5,PASS,949,946,943,943,946
2022-11-30,60,6,delta_cross_industry_degree_percentile_1m,ORIGINAL,4774,4727,2141,-0.8061534728405819,0.0022022453336080217,0.8927117896209028,-0.1504404225181853,-0.036451361577082175,0.040756073995372455,0.15740087351764034,5,PASS,956,944,942,940,945
2022-11-30,60,7,neighbor_jaccard_1m,ORIGINAL,4774,4683,1728,0.0,0.18518518518518517,1.0,0.0,0.125,0.25,0.39466523451485863,4,FEWER_THAN_5_PORTFOLIOS,0,0,0,0,0
2022-11-30,60,8,neighbor_retention_1m,ORIGINAL,4774,4574,1420,0.0,0.36363636363636365,1.0,0.030871212121212143,0.26215538847117803,0.4666666666666667,0.6559426229508197,5,PASS,915,915,918,911,915
2022-11-30,60,9,outside_community_degree_percentile,ORIGINAL,4774,4774,127,0.10567658148303309,0.5305823209049015,1.0,0.10567658148303309,0.42616254713028906,0.604943443653121,0.7989107666527021,4,FEWER_THAN_5_PORTFOLIOS,0,0,0,0,0
2022-11-30,120,1,residual_degree_percentile,ORIGINAL,4692,4692,330,0.04134697467088699,0.5009590983390808,1.0,0.21504688262939453,0.40451833605766296,0.6026214957237244,0.7985933423042297,5,PASS,1106,838,901,909,938
2022-11-30,120,2,delta_degree_percentile,ORIGINAL,4692,4692,2487,-0.9491687938570976,0.018861889839172363,0.7962489500641823,-0.14236997812986374,-0.023891723155975323,0.070034122467041,0.1862744688987732,5,PASS,967,910,938,939,938
2022-11-30,120,3,cross_industry_degree_percentile,ORIGINAL,4692,4692,279,0.06862745098039216,0.4833759590792839,1.0,0.18542199488491048,0.401001705029838,0.5935635123614663,0.8013640238704177,5,PASS,1096,896,843,933,924
2022-11-30,120,4,cross_industry_degree_ratio,ORIGINAL,4692,4305,1437,0.0,0.5882352941176471,1.0,0.18453441295546563,0.46153846153846156,0.7179063360881545,0.9444444444444444,5,PASS,861,863,859,862,860
2022-11-30,120,5,delta_residual_degree_percentile_1m,ORIGINAL,4692,4665,2499,-0.5948811918497086,0.00015884637832641602,0.6469049453735352,-0.061350297927856436,-0.013286769390106201,0.01617020182311535,0.06130829453468323,5,PASS,933,942,1046,815,929
2022-11-30,120,6,delta_cross_industry_degree_percentile_1m,ORIGINAL,4692,4665,1663,-0.6770164023724282,0.006741274965562316,0.7088650591453918,-0.07972667644675002,-0.010648905969632047,0.026844721175378235,0.08221409924866532,5,PASS,942,924,1163,723,913
2022-11-30,120,7,neighbor_jaccard_1m,ORIGINAL,4692,4501,1659,0.0,0.45614035087719296,1.0,0.16666666666666666,0.3783783783783784,0.5138888888888888,0.6460176991150443,5,PASS,905,896,901,899,900
2022-11-30,120,8,neighbor_retention_1m,ORIGINAL,4692,4431,1381,0.0,0.609375,1.0,0.26119402985074625,0.5238095238095238,0.6708860759493671,0.8035714285714286,5,PASS,887,888,884,886,886
2022-11-30,120,9,outside_community_degree_percentile,ORIGINAL,4692,4692,94,0.1744458653026428,0.4258312020460358,1.0,0.1744458653026428,0.4258312020460358,0.632459505541347,0.7942242114236999,4,FEWER_THAN_5_PORTFOLIOS,0,0,0,0,0
2022-11-30,252,1,residual_degree_percentile,ORIGINAL,4532,4532,309,0.05152250826358795,0.4977934658527374,1.0,0.18369373679161072,0.3990511894226074,0.5992938876152039,0.8005736827850348,5,PASS,929,914,889,893,907
2022-11-30,252,2,delta_degree_percentile,ORIGINAL,4532,4532,2561,-0.9473742097616196,0.028022944927215576,0.8159752637147903,-0.1802073955535888,-0.03375992774963379,0.08689321279525755,0.21502645015716562,5,PASS,907,906,906,906,907
2022-11-30,252,3,cross_industry_degree_percentile,ORIGINAL,4532,4532,259,0.09234333627537511,0.4824580759046778,0.9998896734333628,0.23289938217122683,0.3852603706972639,0.5968667255075022,0.800639894086496,5,PASS,1274,591,886,889,892
2022-11-30,252,4,cross_industry_degree_ratio,ORIGINAL,4532,4066,1418,0.0,0.5,1.0,0.13043478260869565,0.3488372093023256,0.6363636363636364,0.8928571428571429,5,PASS,815,813,822,803,813
2022-11-30,252,5,delta_residual_degree_percentile_1m,ORIGINAL,4532,4497,2139,-0.3233882188796997,0.0054867565631866455,0.4049851670861244,-0.039475631713867185,-0.005212628841400144,0.008081614971160889,0.036028027534484884,5,PASS,900,899,900,898,900
2022-11-30,252,6,delta_cross_industry_degree_percentile_1m,ORIGINAL,4532,4497,1369,-0.5183792480266829,0.009621521732346427,0.5337830398259034,-0.04082436246111698,-0.0004792446705177644,0.009621521732346427,0.03264774339115166,5,PASS,903,896,973,825,900
2022-11-30,252,7,neighbor_jaccard_1m,ORIGINAL,4532,4154,1353,0.0,0.6923076923076923,1.0,0.46502463054187193,0.6347511312217194,0.7465560486204901,0.8333333333333334,5,PASS,831,831,830,867,795
2022-11-30,252,8,neighbor_retention_1m,ORIGINAL,4532,4085,1084,0.0,0.8333333333333334,1.0,0.6153846153846154,0.7857142857142857,0.875,0.946695035460993,5,PASS,828,807,842,791,817
2022-11-30,252,9,outside_community_degree_percentile,ORIGINAL,4532,4532,97,0.18270079435127978,0.44483671668137686,1.0,0.18270079435127978,0.44483671668137686,0.5736981465136805,0.8038393645189762,4,FEWER_THAN_5_PORTFOLIOS,0,0,0,0,0
2022-12-30,60,1,residual_degree_percentile,ORIGINAL,4812,4812,316,0.01683291792869568,0.5001038908958435,1.0,0.18682460486888885,0.4037822186946869,0.5997506380081177,0.8012260794639587,5,PASS,970,1006,927,962,947
2022-12-30,60,2,delta_degree_percentile,ORIGINAL,4812,4812,2630,-0.9650872647762299,0.0402119904756546,0.783042423427105,-0.16288443207740777,-0.021300911903381348,0.08946382999420166,0.20033248662948608,5,PASS,963,1000,925,961,963
2022-12-30,60,3,cross_industry_degree_percentile,ORIGINAL,4812,4812,258,0.028574397339983376,0.5021820448877805,1.0,0.21862011637572734,0.4081463009143807,0.6040108063175395,0.7986284289276808,5,PASS,1202,854,889,910,957
2022-12-30,60,4,cross_industry_degree_ratio,ORIGINAL,4812,4651,1514,0.0,0.6666666666666666,1.0,0.2676056338028169,0.5454545454545454,0.7837837837837838,0.95,5,PASS,932,940,920,932,927
2022-12-30,60,5,delta_residual_degree_percentile_1m,ORIGINAL,4812,4765,2915,-0.788008064031601,0.0007445812225341797,0.783846065402031,-0.10507743060588837,-0.023506033420562678,0.031260681152343754,0.11268188059329987,5,PASS,956,950,953,955,951
2022-12-30,60,6,delta_cross_industry_degree_percentile_1m,ORIGINAL,4812,4765,2044,-0.8044447775965755,0.002590925284192136,0.8003607619688385,-0.1365702748435433,-0.025467724697472938,0.03162765826670577,0.13535660569286181,5,PASS,953,954,957,955,946
2022-12-30,60,7,neighbor_jaccard_1m,ORIGINAL,4812,4713,1728,0.0,0.2727272727272727,1.0,0.058823529411764705,0.2,0.3333333333333333,0.4642857142857143,5,PASS,950,950,978,896,939
2022-12-30,60,8,neighbor_retention_1m,ORIGINAL,4812,4607,1475,0.0,0.4791666666666667,1.0,0.13333333333333333,0.37037037037037035,0.5555555555555556,0.7142857142857143,5,PASS,925,919,938,913,912
2022-12-30,60,9,outside_community_degree_percentile,ORIGINAL,4812,4812,126,0.11118038237738986,0.51714463840399,1.0,0.11118038237738986,0.4250831255195345,0.5868661679135495,0.7926018287614297,4,FEWER_THAN_5_PORTFOLIOS,0,0,0,0,0
2022-12-30,120,1,residual_degree_percentile,ORIGINAL,4729,4729,343,0.05180799216032028,0.5034891366958618,1.0,0.18989215791225433,0.3997673988342285,0.6011841893196106,0.7982659935951233,5,PASS,994,944,918,929,944
2022-12-30,120,2,delta_degree_percentile,ORIGINAL,4729,4729,2505,-0.946394570171833,0.019242964684963226,0.7845210209488869,-0.1616409301757812,-0.03262850046157836,0.07443434000015259,0.19410024881362917,5,PASS,946,946,946,945,946
2022-12-30,120,3,cross_industry_degree_percentile,ORIGINAL,4729,4729,280,0.08162402199196447,0.5135335165997039,1.0,0.21632480439839288,0.37946711778388664,0.5945231550010573,0.8010150137449777,5,PASS,1274,664,926,936,929
2022-12-30,120,4,cross_industry_degree_ratio,ORIGINAL,4729,4240,1449,0.0,0.5597619047619048,1.0,0.15,0.4375,0.6952030947775629,0.9261065943992776,5,PASS,852,849,843,848,848
2022-12-30,120,5,delta_residual_degree_percentile_1m,ORIGINAL,4729,4692,2506,-0.6289379894733429,0.00772663950920105,0.6105878874659538,-0.06477342545986176,-0.011764377355575562,0.015340089797973633,0.06659838557243347,5,PASS,1002,878,963,911,938
2022-12-30,120,6,delta_cross_industry_degree_percentile_1m,ORIGINAL,4729,4692,1650,-0.6168888947177426,0.012996571011572311,0.6992938854543721,-0.08759864358368505,-0.006889790678653448,0.01700077265361446,0.08778073366759709,5,PASS,939,938,938,941,936
2022-12-30,120,7,neighbor_jaccard_1m,ORIGINAL,4729,4411,1593,0.0,0.4666666666666667,1.0,0.1875,0.3888888888888889,0.5205479452054794,0.648936170212766,5,PASS,883,885,879,882,882
2022-12-30,120,8,neighbor_retention_1m,ORIGINAL,4729,4305,1342,0.0,0.6666666666666666,1.0,0.3333333333333333,0.5833333333333334,0.7358490566037735,0.8475852043288645,5,PASS,895,835,857,857,861
2022-12-30,120,9,outside_community_degree_percentile,ORIGINAL,4729,4729,89,0.20902939310636498,0.49777965743286107,1.0,0.20902939310636498,0.20902939310636498,0.6229646859801227,0.8070416578557834,3,FEWER_THAN_5_PORTFOLIOS,0,0,0,0,0
2022-12-30,252,1,residual_degree_percentile,ORIGINAL,4568,4568,315,0.05724605917930603,0.50043785572052,1.0,0.19647547602653503,0.4080560505390167,0.6010289192199707,0.8003502488136292,5,PASS,988,918,855,902,905
2022-12-30,252,2,delta_degree_percentile,ORIGINAL,4568,4568,2544,-0.9362959563732147,0.026488617062568665,0.824211910367012,-0.1848730444908142,-0.037390565872192326,0.09207530021667479,0.2195928156375886,5,PASS,919,908,914,913,914
2022-12-30,252,3,cross_industry_degree_percentile,ORIGINAL,4568,4568,262,0.10376532399299475,0.5030647985989493,1.0,0.10376532399299475,0.4098073555166375,0.5967600700525394,0.8001313485113836,4,FEWER_THAN_5_PORTFOLIOS,0,0,0,0,0
2022-12-30,252,4,cross_industry_degree_ratio,ORIGINAL,4568,4046,1411,0.0,0.46043478260869564,1.0,0.10526315789473684,0.3228346456692913,0.6049382716049383,0.8790322580645161,5,PASS,811,808,809,809,809
2022-12-30,252,5,delta_residual_degree_percentile_1m,ORIGINAL,4568,4532,2081,-0.43282589316368103,0.003258615732192993,0.34088118374347687,-0.03609001636505127,-0.005791366100311279,0.005723550915718079,0.03217705488204956,5,PASS,908,907,950,860,907
2022-12-30,252,6,delta_cross_industry_degree_percentile_1m,ORIGINAL,4568,4532,1339,-0.4494244469760087,0.011421987717619639,0.56242899297156,-0.041455642150854066,-0.00021874029087574,0.011421987717619639,0.02793893743343701,5,PASS,938,875,1073,739,907
2022-12-30,252,7,neighbor_jaccard_1m,ORIGINAL,4568,4140,1298,0.0,0.7124446902654867,1.0,0.46153846153846156,0.6585365853658537,0.7597245680135117,0.8472222222222222,5,PASS,836,821,827,829,827
2022-12-30,252,8,neighbor_retention_1m,ORIGINAL,4568,4066,1054,0.0,0.8571428571428571,1.0,0.65,0.8055555555555556,0.8943661971830986,0.9508196721311475,5,PASS,815,812,813,815,811
2022-12-30,252,9,outside_community_degree_percentile,ORIGINAL,4568,4568,98,0.20030647985989491,0.47602889667250436,1.0,0.20030647985989491,0.20030647985989491,0.6028896672504378,0.8006786339754816,3,FEWER_THAN_5_PORTFOLIOS,0,0,0,0,0
2023-01-31,60,1,residual_degree_percentile,ORIGINAL,4838,4838,303,0.016949152573943138,0.49607276916503906,1.0,0.19605208933353424,0.3994419276714325,0.5985117912292469,0.8002273440361023,5,PASS,1022,948,933,973,962
2023-01-31,60,2,delta_degree_percentile,ORIGINAL,4838,4838,2637,-0.9658950213342905,0.04319966584444046,0.6309425607323647,-0.14991732835769653,-0.006242251396179161,0.0964241623878479,0.19156675338745122,5,PASS,968,967,969,966,968
2023-01-31,60,3,cross_industry_degree_percentile,ORIGINAL,4838,4838,266,0.03338156262918562,0.5025837122778007,1.0,0.1725919801570897,0.41298057048367093,0.6023150062009095,0.8015708970649028,5,PASS,999,1085,867,938,949
2023-01-31,60,4,cross_industry_degree_ratio,ORIGINAL,4838,4675,1543,0.0,0.6666666666666666,1.0,0.2775413711583925,0.5466335403726709,0.7777777777777778,0.9523809523809523,5,PASS,935,935,950,929,926
2023-01-31,60,5,delta_residual_degree_percentile_1m,ORIGINAL,4838,4807,2911,-0.7180983126163483,0.004323244094848633,0.6273106038570404,-0.09842597246170041,-0.016099572181701646,0.032339501380920406,0.10700387507677078,5,PASS,962,961,961,965,958
2023-01-31,60,6,delta_cross_industry_degree_percentile_1m,ORIGINAL,4838,4807,1986,-0.8422418787673231,0.00685111150743789,0.7005292336198226,-0.11599506470148178,-0.016739680700412405,0.030605946893823708,0.12809782591887384,5,PASS,984,939,961,961,962
2023-01-31,60,7,neighbor_jaccard_1m,ORIGINAL,4838,4749,1792,0.0,0.28125,1.0,0.05639943741209567,0.2003846153846155,0.34375,0.5,5,PASS,950,950,950,950,949
2023-01-31,60,8,neighbor_retention_1m,ORIGINAL,4838,4645,1491,0.0,0.5,1.0,0.125,0.375,0.5915734035549705,0.7667684478371503,5,PASS,954,912,921,929,929
2023-01-31,60,9,outside_community_degree_percentile,ORIGINAL,4838,4838,136,0.1340429929723026,0.49007854485324515,1.0,0.1340429929723026,0.3509714758164531,0.5885696568830096,0.8099421248449773,4,FEWER_THAN_5_PORTFOLIOS,0,0,0,0,0
2023-01-31,120,1,residual_degree_percentile,ORIGINAL,4754,4754,321,0.04911653324961662,0.5033655762672424,1.0,0.1842658817768097,0.39440470933914185,0.5982330441474915,0.8001682758331299,5,PASS,983,936,935,959,941
2023-01-31,120,2,delta_degree_percentile,ORIGINAL,4754,4754,2576,-0.9494109936058521,0.0300799161195755,0.8210979998111725,-0.16049641370773315,-0.022360098361968984,0.09051324129104608,0.20877155661582947,5,PASS,954,948,950,977,925
2023-01-31,120,3,cross_industry_degree_percentile,ORIGINAL,4754,4754,269,0.07888094236432477,0.4981068573832562,1.0,0.21087505258729491,0.4204880100967606,0.6017038283550694,0.800694152292806,5,PASS,1255,857,798,906,938
2023-01-31,120,4,cross_industry_degree_ratio,ORIGINAL,4754,4288,1520,0.0,0.5714285714285714,1.0,0.14662840746054526,0.4444444444444444,0.7142857142857143,0.928680479825518,5,PASS,858,859,873,840,858
2023-01-31,120,5,delta_residual_degree_percentile_1m,ORIGINAL,4754,4726,2408,-0.6293489933013916,-0.002691458910703659,0.6112563014030457,-0.04948842525482178,-0.006607577204704285,0.009692400693893433,0.05337226390838623,5,PASS,946,949,945,942,944
2023-01-31,120,6,delta_cross_industry_degree_percentile_1m,ORIGINAL,4754,4726,1573,-0.6543607577836981,-0.0027430796276396996,0.5249828460221765,-0.06502167143662752,-0.005449751811097969,0.005056965084349163,0.07084128017914693,5,PASS,946,1081,809,945,945
2023-01-31,120,7,neighbor_jaccard_1m,ORIGINAL,4754,4393,1524,0.0,0.5384615384615384,1.0,0.25,0.47494949494949495,0.6153846153846154,0.7365748754261736,5,PASS,930,827,883,874,879
2023-01-31,120,8,neighbor_retention_1m,ORIGINAL,4754,4236,1279,0.0,0.7755102040816326,1.0,0.5,0.704225352112676,0.8275862068965517,0.9166666666666666,5,PASS,1000,695,854,858,829
2023-01-31,120,9,outside_community_degree_percentile,ORIGINAL,4754,4754,97,0.20361800588977702,0.48632730332351704,1.0,0.20361800588977702,0.20361800588977702,0.6112747160286075,0.7970130416491376,3,FEWER_THAN_5_PORTFOLIOS,0,0,0,0,0
2023-01-31,252,1,residual_degree_percentile,ORIGINAL,4590,4590,313,0.057952068746089935,0.4977124035358429,1.0,0.19989106059074402,0.4072984755039215,0.6006535887718201,0.8015250563621521,5,PASS,1012,891,867,916,904
2023-01-31,252,2,delta_degree_percentile,ORIGINAL,4590,4590,2534,-0.9413943067193031,0.021895423531532288,0.8279956579208374,-0.18793030977249145,-0.04455336928367615,0.08740739822387697,0.22793027758598347,5,PASS,918,919,917,918,918
2023-01-31,252,3,cross_industry_degree_percentile,ORIGINAL,4590,4590,263,0.10588235294117647,0.4958605664488017,1.0,0.10588235294117647,0.41122004357298475,0.590958605664488,0.79880174291939,4,FEWER_THAN_5_PORTFOLIOS,0,0,0,0,0
2023-01-31,252,4,cross_industry_degree_ratio,ORIGINAL,4590,4059,1403,0.0,0.45977011494252873,1.0,0.1,0.31931914893617025,0.5984991934918296,0.8789968652037617,5,PASS,818,806,811,812,812
2023-01-31,252,5,delta_residual_degree_percentile_1m,ORIGINAL,4590,4568,2025,-0.44867566227912903,0.000706009566783905,0.3819374442100525,-0.025778889656066895,-0.000736355781555171,0.003582143783569332,0.027284014225006155,5,PASS,921,906,914,913,914
2023-01-31,252,6,delta_cross_industry_degree_percentile_1m,ORIGINAL,4590,4568,1264,-0.5158339342742352,0.0021170289481817206,0.4587847067217625,-0.026059706817149864,0.0014126880563472555,0.0024276104681997257,0.028116689368878456,5,PASS,915,986,841,914,912
2023-01-31,252,7,neighbor_jaccard_1m,ORIGINAL,4590,4128,1236,0.0,0.7750790457027881,1.0,0.5555555555555556,0.7227576974564928,0.8168153961939576,0.8888888888888888,5,PASS,829,822,826,837,814
2023-01-31,252,8,neighbor_retention_1m,ORIGINAL,4590,4046,1051,0.0,0.9032258064516129,1.0,0.7303370786516854,0.8650793650793651,0.9312169312169312,0.9841269841269841,5,PASS,810,809,809,811,807
2023-01-31,252,9,outside_community_degree_percentile,ORIGINAL,4590,4590,94,0.20969498910675383,0.492483660130719,1.0,0.20969498910675383,0.20969498910675383,0.6099128540305011,0.7980392156862746,3,FEWER_THAN_5_PORTFOLIOS,0,0,0,0,0
2023-02-28,60,1,residual_degree_percentile,ORIGINAL,4853,4853,283,0.007521120831370354,0.49742427468299866,1.0,0.2052338719367981,0.4020193815231323,0.599113941192627,0.7995054721832275,5,PASS,1056,934,935,963,965
2023-02-28,60,2,delta_degree_percentile,ORIGINAL,4853,4853,2740,-0.9868122655898333,0.03399959206581116,0.7079126462340355,-0.16350710988044728,-0.019493103027343733,0.08438080549240112,0.19967031478881836,5,PASS,971,970,972,970,970
2023-02-28,60,3,cross_industry_degree_percentile,ORIGINAL,4853,4853,240,0.015969503399958788,0.4997939418916134,1.0,0.19184009890789203,0.4146919431279621,0.6017927055429632,0.8024933031114775,5,PASS,1043,1056,867,942,945
2023-02-28,60,4,cross_industry_degree_ratio,ORIGINAL,4853,4781,1540,0.0,0.7,1.0,0.3333333333333333,0.5833333333333334,0.797752808988764,0.9444444444444444,5,PASS,993,932,944,964,948
2023-02-28,60,5,delta_residual_degree_percentile_1m,ORIGINAL,4853,4825,2968,-0.8335889503359795,0.001817941665649414,0.6724828332662582,-0.10660150051116943,-0.0194801568984985,0.025072443485260013,0.10518271923065192,5,PASS,965,965,965,965,965
2023-02-28,60,6,delta_cross_industry_degree_percentile_1m,ORIGINAL,4853,4825,2043,-0.877699742414587,1.5482042661996154e-05,0.7467544357223496,-0.13236657524524026,-0.024966491067223366,0.026651154525948385,0.1307936380432163,5,PASS,965,965,965,983,947
2023-02-28,60,7,neighbor_jaccard_1m,ORIGINAL,4853,4797,1788,0.0,0.23300970873786409,1.0,0.037037037037037035,0.16666666666666666,0.3102068965517241,0.4883720930232558,5,PASS,961,1012,905,962,957
2023-02-28,60,8,neighbor_retention_1m,ORIGINAL,4853,4666,1509,0.0,0.46485050654806026,1.0,0.1,0.3448275862068966,0.5614035087719298,0.7456647398843931,5,PASS,943,925,933,932,933
2023-02-28,60,9,outside_community_degree_percentile,ORIGINAL,4853,4853,69,0.06717494333402019,0.5366783432928086,1.0,0.20760354419946425,0.3412322274881517,0.6066350710900474,0.7869359159282918,5,PASS,1363,585,1153,788,964
2023-02-28,120,1,residual_degree_percentile,ORIGINAL,4794,4794,311,0.040884438902139664,0.5018773674964905,1.0,0.20421360433101654,0.3947642743587494,0.6001251339912415,0.8011055588722229,5,PASS,1063,864,963,956,948
2023-02-28,120,2,delta_degree_percentile,ORIGINAL,4794,4794,2580,-0.9520233832299709,0.033375054597854614,0.6963913291692734,-0.17152692079544066,-0.019086360931396484,0.09021693468093872,0.2130788415670395,5,PASS,959,1110,809,982,934
2023-02-28,120,3,cross_industry_degree_percentile,ORIGINAL,4794,4794,259,0.06727158948685857,0.4874843554443054,1.0,0.18627450980392157,0.3992490613266583,0.5973091364205256,0.799749687108886,5,PASS,1141,890,884,927,952
2023-02-28,120,4,cross_industry_degree_ratio,ORIGINAL,4794,4403,1515,0.0,0.5808383233532934,1.0,0.15789473684210525,0.45454545454545453,0.7040695652173912,0.9375,5,PASS,883,886,873,882,879
2023-02-28,120,5,delta_residual_degree_percentile_1m,ORIGINAL,4794,4750,2598,-0.6683078370988369,-0.0012462437152862549,0.5307100415229797,-0.061017608642578124,-0.009859085083007812,0.014035677909851078,0.06341997161507607,5,PASS,950,951,949,956,944
2023-02-28,120,6,delta_cross_industry_degree_percentile_1m,ORIGINAL,4794,4750,1686,-0.7987359830836085,-0.008600008178783258,0.6742479687745989,-0.0775593492707281,-0.0116093528774662,0.01324803178282207,0.08990707427897265,5,PASS,957,1341,552,955,945
2023-02-28,120,7,neighbor_jaccard_1m,ORIGINAL,4794,4486,1715,0.0,0.47368421052631576,1.0,0.12871287128712872,0.375,0.5555555555555556,0.7075471698113207,5,PASS,898,913,897,881,897
2023-02-28,120,8,neighbor_retention_1m,ORIGINAL,4794,4287,1408,0.0,0.725,1.0,0.3333333333333333,0.625,0.8,0.9096377306903624,5,PASS,885,833,913,798,858
2023-02-28,120,9,outside_community_degree_percentile,ORIGINAL,4794,4794,87,0.19211514392991239,0.4670421360033375,1.0,0.19211514392991239,0.4670421360033375,0.6032540675844806,0.7856695869837297,4,FEWER_THAN_5_PORTFOLIOS,0,0,0,0,0
2023-02-28,252,1,residual_degree_percentile,ORIGINAL,4613,4613,289,0.051593322306871414,0.4972902536392212,1.0,0.19119878113269806,0.40212443470954895,0.6021027565002441,0.8008887767791748,5,PASS,981,902,907,909,914
2023-02-28,252,2,delta_degree_percentile,ORIGINAL,4613,4613,2570,-0.9477563314139843,0.024279236793518066,0.8068501949310303,-0.1756991147994995,-0.033665716648101744,0.08081513643264765,0.2187296450138092,5,PASS,924,921,923,926,919
2023-02-28,252,3,cross_industry_degree_percentile,ORIGINAL,4613,4613,239,0.09429872100585303,0.48406676783004554,1.0,0.24452633860828094,0.39627140689356166,0.5972252330370692,0.8000216778668979,5,PASS,1386,553,876,884,914
2023-02-28,252,4,cross_industry_degree_ratio,ORIGINAL,4613,4138,1448,0.0,0.4608305804624823,1.0,0.10982122126770379,0.3181818181818182,0.5976139978791092,0.875,5,PASS,828,828,827,840,815
2023-02-28,252,5,delta_residual_degree_percentile_1m,ORIGINAL,4613,4587,2211,-0.6555477380752563,-0.004368126392364502,0.3109923303127289,-0.027679026126861572,-0.006358746439218521,0.005903780460357666,0.03542519807815552,5,PASS,919,1267,569,914,918
2023-02-28,252,6,delta_cross_industry_degree_percentile_1m,ORIGINAL,4613,4587,1346,-0.5146369760178562,-0.01158363193532344,0.4654378291529055,-0.019638423570406016,-0.01158363193532344,0.0010605577587635888,0.03962083568885322,5,PASS,941,1470,341,925,910
2023-02-28,252,7,neighbor_jaccard_1m,ORIGINAL,4613,4185,1384,0.0,0.726027397260274,1.0,0.5,0.6666666666666666,0.7714285714285715,0.8557865557865558,5,PASS,998,748,767,835,837
2023-02-28,252,8,neighbor_retention_1m,ORIGINAL,4613,4057,1094,0.0,0.9,1.0,0.7205301325331334,0.8632478632478633,0.934111221449851,1.0,4,FEWER_THAN_5_PORTFOLIOS,0,0,0,0,0
2023-02-28,252,9,outside_community_degree_percentile,ORIGINAL,4613,4613,91,0.2030132234988077,0.4823325384782137,1.0,0.2030132234988077,0.2030132234988077,0.6032950357684804,0.7986126165185345,3,FEWER_THAN_5_PORTFOLIOS,0,0,0,0,0
2023-03-31,60,1,residual_degree_percentile,ORIGINAL,4884,4884,231,0.001535626477561891,0.49887385964393616,1.0,0.20178133249282837,0.3937346339225769,0.6030917167663574,0.7986281514167786,5,PASS,1033,922,1011,943,975
2023-03-31,60,2,delta_degree_percentile,ORIGINAL,4884,4884,2793,-0.9591523306444287,0.03081488609313965,0.7907453030347824,-0.1757780509069562,-0.02002456188201901,0.07862406969070435,0.2032555341720581,5,PASS,980,974,978,975,977
2023-03-31,60,3,cross_industry_degree_percentile,ORIGINAL,4884,4884,184,0.002764127764127764,0.4965192465192465,1.0,0.1987100737100737,0.406019656019656,0.6049344799344799,0.802006552006552,5,PASS,1047,1001,943,937,956
2023-03-31,60,4,cross_industry_degree_ratio,ORIGINAL,4884,4870,1592,0.0,0.75,1.0,0.41379310344827586,0.6666666666666666,0.8125,0.9285714285714286,5,PASS,978,995,950,975,972
2023-03-31,60,5,delta_residual_degree_percentile_1m,ORIGINAL,4884,4850,3320,-0.844974160194397,0.006354935467243195,0.9358654338866472,-0.155593940615654,-0.030850756168365384,0.04308009147644043,0.1523908615112305,5,PASS,970,970,972,968,970
2023-03-31,60,6,delta_cross_industry_degree_percentile_1m,ORIGINAL,4884,4850,2394,-0.8632385288834907,0.004280979554006553,0.9210698086393532,-0.17561487925180483,-0.03733978813311183,0.04796860626244511,0.17318889942524845,5,PASS,971,969,970,970,970
2023-03-31,60,7,neighbor_jaccard_1m,ORIGINAL,4884,4845,1834,0.0,0.1724137931034483,0.7746478873239436,0.038461538461538464,0.125,0.22580645161290322,0.3382455326061733,5,PASS,971,983,958,964,969
2023-03-31,60,8,neighbor_retention_1m,ORIGINAL,4884,4779,1489,0.0,0.36363636363636365,1.0,0.1,0.2834848484848485,0.4444444444444444,0.6,5,PASS,963,949,959,956,952
2023-03-31,60,9,outside_community_degree_percentile,ORIGINAL,4884,4884,91,0.018734643734643733,0.4926289926289926,1.0,0.22051597051597052,0.42915642915642915,0.5957207207207207,0.7986281736281736,5,PASS,1264,987,766,928,939
2023-03-31,120,1,residual_degree_percentile,ORIGINAL,4833,4833,302,0.02813987247645855,0.5024829506874084,1.0,0.20184150338172913,0.39644113183021545,0.5996275544166565,0.7998138070106506,5,PASS,1059,894,960,955,965
2023-03-31,120,2,delta_degree_percentile,ORIGINAL,4833,4833,2707,-0.954686539247632,0.03517484664916992,0.70339335501194,-0.15110697150230407,-0.018208153545856476,0.08731637895107269,0.19604799747467042,5,PASS,967,981,960,958,967
2023-03-31,120,3,cross_industry_degree_percentile,ORIGINAL,4833,4833,249,0.049555141733912685,0.48386095592799505,1.0,0.22439478584729983,0.4021311814607904,0.5948686116283881,0.8007448789571695,5,PASS,1262,796,873,948,954
2023-03-31,120,4,cross_industry_degree_ratio,ORIGINAL,4833,4562,1571,0.0,0.5625,1.0,0.18181818181818182,0.4444444444444444,0.7018700190818273,0.9166666666666666,5,PASS,917,913,907,919,906
2023-03-31,120,5,delta_residual_degree_percentile_1m,ORIGINAL,4833,4792,2648,-0.551704615354538,-0.0006475597620010376,0.5868830047547817,-0.06833170354366302,-0.012744566425681114,0.014610201120376587,0.06882097125053412,5,PASS,963,1116,811,943,959
2023-03-31,120,6,delta_cross_industry_degree_percentile_1m,ORIGINAL,4833,4792,1695,-0.68052412401494,-0.0024405247921375217,0.7508537984709316,-0.085353173983515,-0.01771644775294589,0.01681979103301845,0.08461189460133672,5,PASS,961,1128,800,959,944
2023-03-31,120,7,neighbor_jaccard_1m,ORIGINAL,4833,4600,1732,0.0,0.45454545454545453,1.0,0.16889547813194963,0.375,0.5175239398084815,0.661546290859268,5,PASS,920,926,914,920,920
2023-03-31,120,8,neighbor_retention_1m,ORIGINAL,4833,4401,1438,0.0,0.7,1.0,0.38235294117647056,0.625,0.7596153846153846,0.8796296296296297,5,PASS,881,888,872,880,880
2023-03-31,120,9,outside_community_degree_percentile,ORIGINAL,4833,4833,61,0.16935650734533417,0.4296503207117732,1.0,0.16935650734533417,0.4296503207117732,0.5810055865921788,0.7933995447961928,4,FEWER_THAN_5_PORTFOLIOS,0,0,0,0,0
2023-03-31,252,1,residual_degree_percentile,ORIGINAL,4648,4648,294,0.05012908950448036,0.5027968883514404,1.0,0.18126076459884644,0.39264199137687683,0.5990749001502991,0.8006669282913208,5,PASS,944,918,937,931,918
2023-03-31,252,2,delta_degree_percentile,ORIGINAL,4648,4648,2624,-0.94104989990592,0.02172979712486267,0.848214253783226,-0.1832401037216186,-0.032831358909606916,0.0833691954612732,0.22145007848739628,5,PASS,930,929,931,928,930
2023-03-31,252,3,cross_industry_degree_percentile,ORIGINAL,4648,4648,229,0.09143717728055077,0.5103270223752151,1.0,0.23095955249569708,0.3855421686746988,0.6070352839931153,0.7996987951807228,5,PASS,1297,619,943,868,921
2023-03-31,252,4,cross_industry_degree_ratio,ORIGINAL,4648,4183,1500,0.0,0.45454545454545453,1.0,0.10393766233766234,0.3272387425658454,0.5922027290448342,0.875,5,PASS,837,836,837,847,826
2023-03-31,252,5,delta_residual_degree_percentile_1m,ORIGINAL,4648,4609,2296,-0.5411931872367859,-0.0014642328023910522,0.36231857538223267,-0.03512243032455444,-0.006620556116104126,0.00455557107925415,0.03622978925704956,5,PASS,922,1046,797,924,920
2023-03-31,252,6,delta_cross_industry_degree_percentile_1m,ORIGINAL,4648,4609,1419,-0.587513613961591,-0.002861543725302257,0.47271935128330356,-0.037032097607860415,-0.008013465089493077,-0.0006979359014205108,0.04921006375382303,5,PASS,923,922,920,984,860
2023-03-31,252,7,neighbor_jaccard_1m,ORIGINAL,4648,4223,1433,0.0,0.7009345794392523,1.0,0.473024054982818,0.6470588235294118,0.75027027027027,0.8349514563106796,5,PASS,845,849,840,845,844
2023-03-31,252,8,neighbor_retention_1m,ORIGINAL,4648,4135,1154,0.0,0.8669354838709677,1.0,0.6666666666666666,0.8248507462686567,0.9024390243902439,0.9753389381201243,5,PASS,830,824,829,825,827
2023-03-31,252,9,outside_community_degree_percentile,ORIGINAL,4648,4648,130,0.20277538726333907,0.48009896729776247,1.0,0.20277538726333907,0.20277538726333907,0.5987521514629949,0.806368330464716,3,FEWER_THAN_5_PORTFOLIOS,0,0,0,0,0
2023-04-28,60,1,residual_degree_percentile,ORIGINAL,4896,4896,234,0.003165849717333913,0.5036764740943909,1.0,0.19863153994083405,0.4060457646846771,0.5975285768508911,0.8007557392120361,5,PASS,1020,999,927,981,969
2023-04-28,60,2,delta_degree_percentile,ORIGINAL,4896,4896,2801,-0.9287173226475716,0.02512255311012268,0.7647058740258217,-0.1898488998413086,-0.031249985098838806,0.07710373401641846,0.21823939681053162,5,PASS,980,987,971,980,978
2023-04-28,60,3,cross_industry_degree_percentile,ORIGINAL,4896,4896,168,0.004595588235294118,0.5056168300653595,1.0,0.1954656862745098,0.39307598039215685,0.6035539215686274,0.8015727124183006,5,PASS,1028,966,999,944,959
2023-04-28,60,4,cross_industry_degree_ratio,ORIGINAL,4896,4866,1595,0.0,0.75,1.0,0.391304347826087,0.65,0.8181818181818182,0.9411764705882353,5,PASS,976,980,975,974,961
2023-04-28,60,5,delta_residual_degree_percentile_1m,ORIGINAL,4896,4878,3453,-0.8255395144224167,-0.007800303399562836,0.8330896943807602,-0.16874302923679352,-0.05450983643531799,0.033415913581848145,0.16212401539087296,5,PASS,977,974,977,975,975
2023-04-28,60,6,delta_cross_industry_degree_percentile_1m,ORIGINAL,4896,4878,2633,-0.8821261100672866,-0.008130791219026514,0.9209950257744375,-0.20072846911082204,-0.06402960447078096,0.0424921913892502,0.19034778428160798,5,PASS,976,984,969,973,976
2023-04-28,60,7,neighbor_jaccard_1m,ORIGINAL,4896,4876,1909,0.0,0.17425810904071773,1.0,0.0449438202247191,0.125,0.2222222222222222,0.34375,5,PASS,976,992,982,952,974
2023-04-28,60,8,neighbor_retention_1m,ORIGINAL,4896,4864,1521,0.0,0.3,1.0,0.08898021308980213,0.23076923076923078,0.375,0.5384615384615384,5,PASS,973,978,974,973,966
2023-04-28,60,9,outside_community_degree_percentile,ORIGINAL,4896,4896,80,0.029411764705882353,0.47763480392156865,1.0,0.1815767973856209,0.41299019607843135,0.5831290849673203,0.7948325163398693,5,PASS,1095,1089,777,986,949
2023-04-28,120,1,residual_degree_percentile,ORIGINAL,4862,4862,284,0.02817770466208458,0.5032908320426941,1.0,0.19487865269184113,0.3990127444267273,0.6011929512023926,0.7993624210357666,5,PASS,1024,945,970,952,971
2023-04-28,120,2,delta_degree_percentile,ORIGINAL,4862,4862,2778,-0.9676059223711491,0.037844523787498474,0.6686548888683319,-0.153825569152832,-0.0010283812880516052,0.08243522644042968,0.18726860880851745,5,PASS,973,1109,835,972,973
2023-04-28,120,3,cross_industry_degree_percentile,ORIGINAL,4862,4862,228,0.05080213903743316,0.4993829699712053,1.0,0.22171945701357465,0.39201974496092146,0.6073632250102838,0.8013163307280954,5,PASS,1239,778,975,920,950
2023-04-28,120,4,cross_industry_degree_ratio,ORIGINAL,4862,4589,1606,0.0,0.56,1.0,0.18181818181818182,0.4444444444444444,0.6954106280193233,0.9122807017543859,5,PASS,930,914,909,919,917
2023-04-28,120,5,delta_residual_degree_percentile_1m,ORIGINAL,4862,4832,2855,-0.6828370541334152,3.783218562602997e-05,0.672039806842804,-0.08134647607803344,-0.018982219696044914,0.01757730245590209,0.08258364200592054,5,PASS,967,966,966,966,967
2023-04-28,120,6,delta_cross_industry_degree_percentile_1m,ORIGINAL,4862,4832,1841,-0.6868349393817682,0.0012469973035204723,0.7862120322685554,-0.0924836048069699,-0.013566102475073848,0.01352558846807945,0.09544691503284997,5,PASS,1057,876,966,979,954
2023-04-28,120,7,neighbor_jaccard_1m,ORIGINAL,4862,4690,1771,0.0,0.375,1.0,0.11627906976744186,0.2996581196581198,0.4523809523809524,0.591689233917073,5,PASS,940,936,939,937,938
2023-04-28,120,8,neighbor_retention_1m,ORIGINAL,4862,4561,1475,0.0,0.6071428571428571,1.0,0.25,0.5,0.6801346801346801,0.8125,5,PASS,931,921,885,916,908
2023-04-28,120,9,outside_community_degree_percentile,ORIGINAL,4862,4862,56,0.16670094611271083,0.42832167832167833,1.0,0.16670094611271083,0.42832167832167833,0.5820649938296997,0.7861990950226244,4,FEWER_THAN_5_PORTFOLIOS,0,0,0,0,0
2023-04-28,252,1,residual_degree_percentile,ORIGINAL,4669,4669,276,0.05493681877851486,0.4979653060436249,1.0,0.1924394965171814,0.3956950008869171,0.601841926574707,0.8002784252166748,5,PASS,993,879,950,921,926
2023-04-28,252,2,delta_degree_percentile,ORIGINAL,4669,4669,2665,-0.9407796338200569,0.029235385358333588,0.7661169245839119,-0.17374168634414672,-0.031184434890747025,0.08074534684419632,0.2179053544998169,5,PASS,934,934,965,902,934
2023-04-28,252,3,cross_industry_degree_percentile,ORIGINAL,4669,4669,222,0.095952023988006,0.5137074319982866,0.9998929106875134,0.2429856500321268,0.3916256157635468,0.6049475262368815,0.8007067894624117,5,PASS,1373,588,905,886,917
2023-04-28,252,4,cross_industry_degree_ratio,ORIGINAL,4669,4157,1487,0.0,0.4444444444444444,1.0,0.10526315789473684,0.3237146808931042,0.5714285714285714,0.8676470588235294,5,PASS,836,827,833,830,831
2023-04-28,252,5,delta_residual_degree_percentile_1m,ORIGINAL,4669,4648,2436,-0.40181878954172134,0.0048077292740345,0.44503337144851685,-0.04320765733718872,-0.0078290581703186,0.006697908043861389,0.04027605056762695,5,PASS,930,929,938,923,928
2023-04-28,252,6,delta_cross_industry_degree_percentile_1m,ORIGINAL,4669,4648,1523,-0.6174731050997737,0.004514846707455222,0.5565602525759495,-0.05536082002028242,-0.00047390246357030086,0.005834528948950639,0.047096557143115225,5,PASS,931,928,930,945,914
2023-04-28,252,7,neighbor_jaccard_1m,ORIGINAL,4669,4260,1572,0.0,0.6521739130434783,1.0,0.4,0.5833333333333334,0.7037037037037037,0.8048780487804879,5,PASS,871,836,851,855,847
2023-04-28,252,8,neighbor_retention_1m,ORIGINAL,4669,4183,1255,0.0,0.8205128205128205,1.0,0.5812229176697161,0.7660569864377256,0.863963766527869,0.9375,5,PASS,837,836,837,856,817
2023-04-28,252,9,outside_community_degree_percentile,ORIGINAL,4669,4669,78,0.2111801242236025,0.5021417862497323,1.0,0.2111801242236025,0.2111801242236025,0.6259370314842578,0.7843221246519597,3,FEWER_THAN_5_PORTFOLIOS,0,0,0,0,0
2023-05-31,60,1,residual_degree_percentile,ORIGINAL,4888,4888,241,0.00419394439086318,0.501329779624939,1.0,0.19435352087020874,0.39453765749931335,0.6014729738235474,0.8003273606300354,5,PASS,993,970,994,960,971
2023-05-31,60,2,delta_degree_percentile,ORIGINAL,4888,4888,2764,-0.9592880569398403,0.03201717138290405,0.7303600832819939,-0.16970130801200867,-0.023465657234191858,0.08093287348747251,0.20100247114896774,5,PASS,980,975,978,985,970
2023-05-31,60,3,cross_industry_degree_percentile,ORIGINAL,4888,4888,179,0.008899345335515549,0.503171031096563,1.0,0.20867430441898527,0.40793780687397707,0.6051554828150573,0.797360883797054,5,PASS,1103,964,926,919,976
2023-05-31,60,4,cross_industry_degree_ratio,ORIGINAL,4888,4848,1624,0.0,0.6923076923076923,1.0,0.33095852534562215,0.5750706081717192,0.7857142857142857,0.9333333333333333,5,PASS,970,969,972,974,963
2023-05-31,60,5,delta_residual_degree_percentile_1m,ORIGINAL,4888,4863,3224,-0.7984926104545593,-0.007678866386413574,0.8529594019055367,-0.12119599431753159,-0.03646552562713623,0.017654299736022932,0.11402679681777961,5,PASS,974,972,972,972,973
2023-05-31,60,6,delta_cross_industry_degree_percentile_1m,ORIGINAL,4888,4863,2354,-0.8060514679139523,-0.0067727889027952015,0.7677600807098617,-0.14538117893092864,-0.03919008001454804,0.025478061519206698,0.13536886385759972,5,PASS,973,972,975,973,970
2023-05-31,60,7,neighbor_jaccard_1m,ORIGINAL,4888,4855,1952,0.0,0.2777777777777778,1.0,0.08163265306122448,0.21556561085972856,0.34146341463414637,0.4667185473411155,5,PASS,972,970,972,970,971
2023-05-31,60,8,neighbor_retention_1m,ORIGINAL,4888,4834,1548,0.0,0.4444444444444444,1.0,0.16666666666666666,0.3613026819923372,0.5161290322580645,0.6589304812834225,5,PASS,1016,918,970,963,967
2023-05-31,60,9,outside_community_degree_percentile,ORIGINAL,4888,4888,72,0.0377454991816694,0.4820990180032733,1.0,0.21921031096563012,0.3991407528641571,0.6000409165302782,0.8086129296235679,5,PASS,1291,882,878,952,885
2023-05-31,120,1,residual_degree_percentile,ORIGINAL,4856,4856,256,0.02038715034723282,0.49948516488075256,1.0,0.19161862134933472,0.4004324674606323,0.6030683517456055,0.8008649349212646,5,PASS,994,980,975,946,961
2023-05-31,120,2,delta_degree_percentile,ORIGINAL,4856,4856,2802,-0.9282331392168999,0.037067532539367676,0.6802924424409866,-0.15702223777770996,-0.01472405344247818,0.08752059936523438,0.18811780214309692,5,PASS,972,1002,943,968,971
2023-05-31,120,3,cross_industry_degree_percentile,ORIGINAL,4856,4856,203,0.04067133443163097,0.5109143327841845,1.0,0.18389621087314661,0.38385502471169686,0.5998764415156508,0.799835255354201,5,PASS,1043,911,1002,937,963
2023-05-31,120,4,cross_industry_degree_ratio,ORIGINAL,4856,4659,1615,0.0,0.5538461538461539,1.0,0.18518518518518517,0.43031837360951286,0.6875,0.9090909090909091,5,PASS,934,930,933,944,918
2023-05-31,120,5,delta_residual_degree_percentile_1m,ORIGINAL,4856,4836,2785,-0.7678687199950218,-0.0007117986679077148,0.7514763921499252,-0.06617707014083862,-0.017087221145629883,0.016401231288909912,0.066464364528656,5,PASS,968,967,967,972,962
2023-05-31,120,6,delta_cross_industry_degree_percentile_1m,ORIGINAL,4856,4836,1792,-0.7545775343466495,-0.005575337299583816,0.6999238708282705,-0.0950675209082032,-0.01856693674578158,0.01753698622338995,0.08041521783769096,5,PASS,979,961,962,968,966
2023-05-31,120,7,neighbor_jaccard_1m,ORIGINAL,4856,4710,1783,0.0,0.47329602564450846,1.0,0.2,0.4,0.527834179357022,0.6470588235294118,5,PASS,959,976,891,943,941
2023-05-31,120,8,neighbor_retention_1m,ORIGINAL,4856,4567,1460,0.0,0.6941176470588235,1.0,0.4230769230769231,0.625,0.7505415162454873,0.8648648648648649,5,PASS,916,915,909,915,912
2023-05-31,120,9,outside_community_degree_percentile,ORIGINAL,4856,4856,62,0.1336490939044481,0.4953665568369028,1.0,0.1336490939044481,0.3534802306425041,0.5931836902800659,0.7975700164744646,4,FEWER_THAN_5_PORTFOLIOS,0,0,0,0,0
2023-05-31,252,1,residual_degree_percentile,ORIGINAL,4688,4688,293,0.06207337975502014,0.4978668987751007,1.0,0.2118174135684967,0.39953070878982544,0.6003625988960266,0.8003413081169128,5,PASS,1099,804,919,938,928
2023-05-31,252,2,delta_degree_percentile,ORIGINAL,4688,4688,2699,-0.9291808903217316,0.03796927630901337,0.6992320567369461,-0.14985068142414093,-0.029650166630744934,0.07188564538955688,0.18907849788665784,5,PASS,968,919,929,934,938
2023-05-31,252,3,cross_industry_degree_percentile,ORIGINAL,4688,4688,230,0.10921501706484642,0.5118387372013652,1.0,0.10921501706484642,0.3627346416382253,0.5919368600682594,0.8008745733788396,4,FEWER_THAN_5_PORTFOLIOS,0,0,0,0,0
2023-05-31,252,4,cross_industry_degree_ratio,ORIGINAL,4688,4107,1507,0.0,0.42857142857142855,1.0,0.07692307692307693,0.2896827512663291,0.5506122448979591,0.8596371064647921,5,PASS,824,819,821,821,822
2023-05-31,252,5,delta_residual_degree_percentile_1m,ORIGINAL,4688,4666,2390,-0.6032725274562836,0.0071365609765052795,0.41576266288757324,-0.03739345073699951,-0.003056079149246216,0.012254327535629272,0.04451218247413635,5,PASS,934,939,929,942,922
2023-05-31,252,6,delta_cross_industry_degree_percentile_1m,ORIGINAL,4688,4666,1493,-0.7030574181461196,0.013262993076840424,0.47486708863998034,-0.04575290365543705,0.0015070627777286072,0.013262993076840424,0.0452468563987144,5,PASS,934,933,1010,856,933
2023-05-31,252,7,neighbor_jaccard_1m,ORIGINAL,4688,4248,1545,0.0,0.6363636363636364,1.0,0.35714285714285715,0.5555555555555556,0.690207914151576,0.7915714285714287,5,PASS,857,845,847,849,850
2023-05-31,252,8,neighbor_retention_1m,ORIGINAL,4688,4154,1297,0.0,0.8,1.0,0.5,0.7457627118644068,0.8484307359307359,0.9230769230769231,5,PASS,839,825,828,833,829
2023-05-31,252,9,outside_community_degree_percentile,ORIGINAL,4688,4688,84,0.24189419795221842,0.5588737201365188,1.0,0.24189419795221842,0.24189419795221842,0.5588737201365188,0.8072738907849829,3,FEWER_THAN_5_PORTFOLIOS,0,0,0,0,0
2023-06-30,60,1,residual_degree_percentile,ORIGINAL,4899,4899,237,0.005919575225561857,0.5005103349685669,1.0,0.19248826801776886,0.40038782358169556,0.5983874201774597,0.7981220483779907,5,PASS,996,1004,946,975,978
2023-06-30,60,2,delta_degree_percentile,ORIGINAL,4899,4899,2786,-0.9222290520556271,0.028475195169448853,0.6943253427743912,-0.15590938329696652,-0.017248421907424927,0.07377014160156248,0.18891611695289612,5,PASS,980,986,973,983,977
2023-06-30,60,3,cross_industry_degree_percentile,ORIGINAL,4899,4899,174,0.011635027556644213,0.5060216370687896,1.0,0.18667074913247603,0.3866095121453358,0.5928760971626863,0.7995509287609717,5,PASS,1016,946,978,993,966
2023-06-30,60,4,cross_industry_degree_ratio,ORIGINAL,4899,4842,1625,0.0,0.6666666666666666,1.0,0.3215496368038741,0.5510267338240993,0.7669586227725762,0.9285714285714286,5,PASS,969,968,968,973,964
2023-06-30,60,5,delta_residual_degree_percentile_1m,ORIGINAL,4899,4867,3202,-0.7596874237060547,-0.0030038654804229736,0.8214874714612961,-0.1114731729030609,-0.031876492500305165,0.022566890716552726,0.11501651108264942,5,PASS,974,973,973,973,974
2023-06-30,60,6,delta_cross_industry_degree_percentile_1m,ORIGINAL,4899,4867,2290,-0.7930855281598268,-0.009714376894446208,0.8530268042945401,-0.13207749485599288,-0.03884387291036717,0.01994238194173703,0.13061574993259922,5,PASS,974,974,973,976,970
2023-06-30,60,7,neighbor_jaccard_1m,ORIGINAL,4899,4856,1919,0.0,0.29781257470714795,1.0,0.09345794392523364,0.23076923076923078,0.36,0.494949494949495,5,PASS,972,972,976,965,971
2023-06-30,60,8,neighbor_retention_1m,ORIGINAL,4899,4823,1546,0.0,0.48936170212765956,1.0,0.19047619047619047,0.4,0.5555555555555556,0.6963381555153708,5,PASS,967,1025,905,961,965
2023-06-30,60,9,outside_community_degree_percentile,ORIGINAL,4899,4899,76,0.0405184731577873,0.5120432741375791,1.0,0.22014696876913656,0.3831394162073893,0.6139007960808328,0.7991426821800367,5,PASS,1297,764,1054,846,938
2023-06-30,120,1,residual_degree_percentile,ORIGINAL,4858,4858,250,0.015747221186757088,0.5024701356887817,1.0,0.20440509915351868,0.3947097659111023,0.6015850305557251,0.8010498285293579,5,PASS,1056,895,983,965,959
2023-06-30,120,2,delta_degree_percentile,ORIGINAL,4858,4858,2804,-0.9599629323929548,0.029950596392154694,0.6277274414896965,-0.1497529625892639,-0.015438449382781983,0.08007410913705826,0.18503495454788238,5,PASS,972,971,1007,936,972
2023-06-30,120,3,cross_industry_degree_percentile,ORIGINAL,4858,4858,179,0.03025936599423631,0.5024701523260601,0.9997941539728283,0.20450802799505968,0.3853437628653767,0.6019967064635653,0.800123507616303,5,PASS,1112,832,1024,932,958
2023-06-30,120,4,cross_industry_degree_ratio,ORIGINAL,4858,4706,1659,0.0,0.5714285714285714,1.0,0.21428571428571427,0.4427860696517413,0.7045454545454546,0.8947368421052632,5,PASS,943,940,941,941,941
2023-06-30,120,5,delta_residual_degree_percentile_1m,ORIGINAL,4858,4843,2902,-0.7384185492992401,0.0022086501121520996,0.7139225006103516,-0.07288074493408203,-0.016264951229095447,0.022822946310043335,0.08079968392848969,5,PASS,972,965,971,967,968
2023-06-30,120,6,delta_cross_industry_degree_percentile_1m,ORIGINAL,4858,4843,1878,-0.7888304198377242,-0.002043666148264678,0.7085052814596824,-0.09085380659154925,-0.0240292596393252,0.02010228885860918,0.09888659172560026,5,PASS,984,973,949,968,969
2023-06-30,120,7,neighbor_jaccard_1m,ORIGINAL,4858,4759,1859,0.0,0.45132743362831856,1.0,0.18598688133571856,0.37777777777777777,0.5184511784511784,0.6479323943661972,5,PASS,952,953,950,952,952
2023-06-30,120,8,neighbor_retention_1m,ORIGINAL,4858,4646,1509,0.0,0.6875,1.0,0.35714285714285715,0.6111111111111112,0.75,0.8666666666666667,5,PASS,930,931,946,923,916
2023-06-30,120,9,outside_community_degree_percentile,ORIGINAL,4858,4858,91,0.09345409633594072,0.49403046521202143,1.0,0.25905722519555374,0.3869905310827501,0.5780156442980651,0.8017908604364018,5,PASS,1609,541,816,920,972
2023-06-30,252,1,residual_degree_percentile,ORIGINAL,4690,4690,285,0.06396588683128357,0.4994669556617737,1.0,0.21950960159301758,0.40394455194473267,0.6021322011947632,0.8002132177352905,5,PASS,1133,788,917,920,932
2023-06-30,252,2,delta_degree_percentile,ORIGINAL,4690,4690,2682,-0.9324093759059906,0.03464820981025696,0.6977611929178238,-0.14185499548912042,-0.023773983120918274,0.07484008371829987,0.17818763256073003,5,PASS,938,987,927,900,938
2023-06-30,252,3,cross_industry_degree_percentile,ORIGINAL,4690,4690,234,0.11545842217484009,0.4862473347547974,1.0,0.11545842217484009,0.37590618336886994,0.5989339019189766,0.8019189765458422,4,FEWER_THAN_5_PORTFOLIOS,0,0,0,0,0
2023-06-30,252,4,cross_industry_degree_ratio,ORIGINAL,4690,4091,1487,0.0,0.4090909090909091,1.0,0.06666666666666667,0.27692307692307694,0.5384615384615384,0.8571428571428571,5,PASS,824,813,823,822,809
2023-06-30,252,5,delta_residual_degree_percentile_1m,ORIGINAL,4690,4663,2284,-0.35881567001342773,0.0018925070762634277,0.31436586380004883,-0.03149750828742981,-0.0027583122253417944,0.006009981036186218,0.031344205141067505,5,PASS,935,930,1053,813,932
2023-06-30,252,6,delta_cross_industry_degree_percentile_1m,ORIGINAL,4690,4663,1381,-0.5869733184394943,0.006243405109993674,0.5653052387986931,-0.0363428014728891,0.004703339106515214,0.006243405109993674,0.0302344597102251,5,PASS,947,919,975,889,933
2023-06-30,252,7,neighbor_jaccard_1m,ORIGINAL,4690,4185,1430,0.0,0.7142857142857143,1.0,0.4666666666666667,0.658869179600887,0.7586206896551724,0.8421052631578947,5,PASS,841,833,839,840,832
2023-06-30,252,8,neighbor_retention_1m,ORIGINAL,4690,4087,1190,0.0,0.8598130841121495,1.0,0.6513650151668353,0.8153846153846154,0.8943120260021669,0.9512195121951219,5,PASS,818,818,816,818,817
2023-06-30,252,9,outside_community_degree_percentile,ORIGINAL,4690,4690,73,0.2584221748400853,0.2584221748400853,1.0,0.2584221748400853,0.2584221748400853,0.5921108742004264,0.8056503198294243,3,FEWER_THAN_5_PORTFOLIOS,0,0,0,0,0
2023-07-31,60,1,residual_degree_percentile,ORIGINAL,4920,4920,268,0.0044715446420013905,0.5012195110321045,1.0,0.19105690717697144,0.40243902802467346,0.5972561240196228,0.8007113933563232,5,PASS,993,1020,941,993,973
2023-07-31,60,2,delta_degree_percentile,ORIGINAL,4920,4920,2829,-0.9720528554171324,0.02632114291191101,0.6268292516469955,-0.13780486583709717,-0.012784540653228732,0.06471544504165651,0.16565042734146118,5,PASS,985,983,984,988,980
2023-07-31,60,3,cross_industry_degree_percentile,ORIGINAL,4920,4920,221,0.010772357723577236,0.5104674796747968,1.0,0.1801829268292683,0.3888211382113821,0.6020325203252033,0.7988821138211382,5,PASS,998,978,1021,942,981
2023-07-31,60,4,cross_industry_degree_ratio,ORIGINAL,4920,4877,1603,0.0,0.6666666666666666,1.0,0.32142857142857145,0.552855543113102,0.75,0.9166666666666666,5,PASS,981,970,1031,922,973
2023-07-31,60,5,delta_residual_degree_percentile_1m,ORIGINAL,4920,4895,3413,-0.9242293834686279,0.006583571434020996,0.814427062869072,-0.15482771396636963,-0.03416737914085388,0.04883488267660141,0.1647253930568695,5,PASS,980,979,985,973,978
2023-07-31,60,6,delta_cross_industry_degree_percentile_1m,ORIGINAL,4920,4895,2443,-0.9122871641300614,0.0042109141238381165,0.8215468313593117,-0.17378938708248073,-0.037385367347243556,0.04889139894154609,0.18545006696239655,5,PASS,979,979,979,979,979
2023-07-31,60,7,neighbor_jaccard_1m,ORIGINAL,4920,4885,1894,0.0,0.19047619047619047,1.0,0.045454545454545456,0.14021052631578954,0.2483563459154448,0.36514041514041523,5,PASS,988,966,977,977,977
2023-07-31,60,8,neighbor_retention_1m,ORIGINAL,4920,4838,1628,0.0,0.35294117647058826,1.0,0.09090909090909091,0.26666666666666666,0.4444444444444444,0.625,5,PASS,978,966,971,976,947
2023-07-31,60,9,outside_community_degree_percentile,ORIGINAL,4920,4920,125,0.04451219512195122,0.4816056910569106,1.0,0.245630081300813,0.4167682926829268,0.5807926829268293,0.8035569105691057,5,PASS,1443,778,741,1015,943
2023-07-31,120,1,residual_degree_percentile,ORIGINAL,4876,4876,252,0.018662838265299797,0.5044093728065491,1.0,0.19103772938251495,0.4057629108428955,0.6023379564285278,0.8003486394882202,5,PASS,981,1029,941,960,965
2023-07-31,120,2,delta_degree_percentile,ORIGINAL,4876,4876,2718,-0.9765176493674517,0.02619972825050354,0.574036069214344,-0.1334085464477539,-0.017329782247543335,0.06624281406402588,0.1682731807231903,5,PASS,976,981,970,975,974
2023-07-31,120,3,cross_industry_degree_percentile,ORIGINAL,4876,4876,193,0.03209598031173093,0.5100492206726825,1.0,0.220467596390484,0.3946882690730107,0.5918785890073831,0.799630844954881,5,PASS,1213,795,930,972,966
2023-07-31,120,4,cross_industry_degree_ratio,ORIGINAL,4876,4695,1603,0.0,0.5714285714285714,1.0,0.21568627450980393,0.4444444444444444,0.6875,0.8928571428571429,5,PASS,941,949,934,933,938
2023-07-31,120,5,delta_residual_degree_percentile_1m,ORIGINAL,4876,4857,2830,-0.5758673548698425,-0.002080261707305908,0.701093778014183,-0.06475469470024109,-0.019405245780944807,0.010613679885864258,0.06267301738262177,5,PASS,974,969,973,983,958
2023-07-31,120,6,delta_cross_industry_degree_percentile_1m,ORIGINAL,4876,4857,1889,-0.6766318912403482,0.0018366143174946177,0.6605452944003465,-0.08253775560622248,-0.021257528408946975,0.012721166273943763,0.07867956950317655,5,PASS,1010,933,978,964,972
2023-07-31,120,7,neighbor_jaccard_1m,ORIGINAL,4876,4770,1817,0.0,0.5,1.0,0.25,0.42857142857142855,0.5647777278850472,0.6956521739130435,5,PASS,1013,919,930,955,953
2023-07-31,120,8,neighbor_retention_1m,ORIGINAL,4876,4705,1495,0.0,0.6818181818181818,1.0,0.4,0.6129032258064516,0.75,0.8571428571428571,5,PASS,948,935,1000,887,935
2023-07-31,120,9,outside_community_degree_percentile,ORIGINAL,4876,4876,90,0.0916735028712059,0.4590853158326497,1.0,0.24907711238720262,0.3663863822805578,0.5929040196882691,0.8050656275635767,5,PASS,1535,502,988,934,917
2023-07-31,252,1,residual_degree_percentile,ORIGINAL,4724,4724,297,0.06096528470516205,0.4997883141040802,1.0,0.21094411611557007,0.4006138741970062,0.6008679270744324,0.8003810048103333,5,PASS,1098,829,923,935,939
2023-07-31,252,2,delta_degree_percentile,ORIGINAL,4724,4724,2689,-0.9379763156175613,0.03381666541099548,0.5988568961620331,-0.14335309267044066,-0.025719724595546722,0.07112619280815125,0.18088486790657043,5,PASS,945,955,940,942,942
2023-07-31,252,3,cross_industry_degree_percentile,ORIGINAL,4724,4724,235,0.10774767146486029,0.5120660457239627,1.0,0.10774767146486029,0.42612193056731584,0.5931414055884844,0.801545300592718,4,FEWER_THAN_5_PORTFOLIOS,0,0,0,0,0
2023-07-31,252,4,cross_industry_degree_ratio,ORIGINAL,4724,4149,1509,0.0,0.41025641025641024,1.0,0.08196812971764049,0.2857142857142857,0.5454545454545454,0.8571428571428571,5,PASS,830,837,823,835,824
2023-07-31,252,5,delta_residual_degree_percentile_1m,ORIGINAL,4724,4681,2332,-0.4982445538043976,-0.003000602126121521,0.48644891381263733,-0.03217938542366028,-0.006485462188720703,0.003073275089263916,0.03475487232208252,5,PASS,940,933,936,936,936
2023-07-31,252,6,delta_cross_industry_degree_percentile_1m,ORIGINAL,4724,4681,1421,-0.5260619456244844,-0.0077107507099797995,0.5611927209242284,-0.029392396310452096,-0.0077107507099797995,-0.003235756622716801,0.04291830132030072,5,PASS,937,1726,146,936,936
2023-07-31,252,7,neighbor_jaccard_1m,ORIGINAL,4724,4217,1483,0.0,0.6875,1.0,0.4,0.6190476190476191,0.7470858255668382,0.8427067669172934,5,PASS,863,827,840,843,844
2023-07-31,252,8,neighbor_retention_1m,ORIGINAL,4724,4082,1224,0.0,0.8571428571428571,1.0,0.6153846153846154,0.8,0.8984265115102453,0.9662540468482195,5,PASS,824,812,813,816,817
2023-07-31,252,9,outside_community_degree_percentile,ORIGINAL,4724,4724,79,0.25656223539373413,0.25656223539373413,1.0,0.25656223539373413,0.25656223539373413,0.5866850127011007,0.8014394580863675,3,FEWER_THAN_5_PORTFOLIOS,0,0,0,0,0
2023-08-31,60,1,residual_degree_percentile,ORIGINAL,4955,4955,318,0.01009081769734621,0.5011100172996521,1.0,0.2074671983718872,0.394046425819397,0.6009081602096558,0.8014127016067505,5,PASS,1076,917,1006,980,976
2023-08-31,60,2,delta_degree_percentile,ORIGINAL,4955,4955,2859,-0.9251261241734028,0.024217963218688965,0.8032290637493134,-0.16571139693260192,-0.026740670204162598,0.07905144691467286,0.18304742872714996,5,PASS,991,1008,974,994,988
2023-08-31,60,3,cross_industry_degree_percentile,ORIGINAL,4955,4955,274,0.024318869828456106,0.5090817356205852,1.0,0.1934409687184662,0.3908173562058527,0.60686175580222,0.8007063572149344,5,PASS,1077,937,1032,931,978
2023-08-31,60,4,cross_industry_degree_ratio,ORIGINAL,4955,4856,1535,0.0,0.6470588235294118,1.0,0.2857142857142857,0.5135135135135135,0.7430555555555556,0.9126506024096386,5,PASS,982,961,971,971,971
2023-08-31,60,5,delta_residual_degree_percentile_1m,ORIGINAL,4955,4918,3268,-0.8288117535412312,0.0013768374919891357,0.9069291353225708,-0.14335216581821442,-0.029543089866638183,0.03346834182739257,0.14155346751213083,5,PASS,985,982,984,983,984
2023-08-31,60,6,delta_cross_industry_degree_percentile_1m,ORIGINAL,4955,4918,2300,-0.8487313668545363,0.001996217994470584,0.9095101851623966,-0.15586405700081218,-0.031407053727449445,0.03717645804106887,0.14876602840195916,5,PASS,989,978,984,983,984
2023-08-31,60,7,neighbor_jaccard_1m,ORIGINAL,4955,4902,1854,0.0,0.20208513396715644,1.0,0.05405405405405406,0.15384615384615385,0.2619047619047619,0.3903775476110926,5,PASS,982,994,966,979,981
2023-08-31,60,8,neighbor_retention_1m,ORIGINAL,4955,4875,1514,0.0,0.3584905660377358,1.0,0.0967741935483871,0.2777777777777778,0.44,0.6,5,PASS,976,976,977,1003,943
2023-08-31,60,9,outside_community_degree_percentile,ORIGINAL,4955,4955,176,0.08587285570131181,0.5277497477295661,1.0,0.2418768920282543,0.3660948536831483,0.581130171543895,0.8014127144298688,5,PASS,1546,535,912,1009,953
2023-08-31,120,1,residual_degree_percentile,ORIGINAL,4897,4897,274,0.020829079672694206,0.5033693909645081,1.0,0.2016540765762329,0.4016745090484619,0.6009801626205444,0.8010005950927734,5,PASS,1042,958,960,969,968
2023-08-31,120,2,delta_degree_percentile,ORIGINAL,4897,4897,2808,-0.8978966698050499,0.023381680250167847,0.5958750396966934,-0.13767613172531126,-0.012048192322254181,0.07382071018218994,0.1728201031684876,5,PASS,980,1083,879,975,980
2023-08-31,120,3,cross_industry_degree_percentile,ORIGINAL,4897,4897,223,0.03890136818460282,0.4945885235858689,1.0,0.19256687768021238,0.3994282213600163,0.6020012252399428,0.797937512762916,5,PASS,1114,931,948,928,976
2023-08-31,120,4,cross_industry_degree_ratio,ORIGINAL,4897,4694,1636,0.0,0.5263157894736842,1.0,0.18991165574237676,0.40550079491255964,0.6666666666666666,0.8848675914249685,5,PASS,939,939,1013,864,939
2023-08-31,120,5,delta_residual_degree_percentile_1m,ORIGINAL,4897,4876,2846,-0.6953519582748413,-0.005820333957672119,0.7573521733283997,-0.06607979536056519,-0.02207323908805847,0.009099304676055908,0.060920000076293945,5,PASS,978,973,977,974,974
2023-08-31,120,6,delta_cross_industry_degree_percentile_1m,ORIGINAL,4897,4876,1852,-0.5997768342875541,0.00030448820769374274,0.8090627132213173,-0.08090298374571969,-0.020672741158597185,0.014914498722912617,0.08552705419919412,5,PASS,976,976,974,1038,912
2023-08-31,120,7,neighbor_jaccard_1m,ORIGINAL,4897,4769,1786,0.0,0.5,1.0,0.25,0.4444444444444444,0.5714285714285714,0.6923076923076923,5,PASS,983,940,955,943,948
2023-08-31,120,8,neighbor_retention_1m,ORIGINAL,4897,4695,1445,0.0,0.6875,1.0,0.42857142857142855,0.625,0.75,0.84375,5,PASS,966,940,1006,846,937
2023-08-31,120,9,outside_community_degree_percentile,ORIGINAL,4897,4897,126,0.11323259138247907,0.522769042270778,1.0,0.11323259138247907,0.4251582601592812,0.5964876454972432,0.7931386563201961,4,FEWER_THAN_5_PORTFOLIOS,0,0,0,0,0
2023-08-31,252,1,residual_degree_percentile,ORIGINAL,4766,4766,293,0.05969366431236267,0.4991607069969177,1.0,0.20300042629241943,0.4043222963809967,0.5970415472984314,0.8003566861152649,5,PASS,1070,886,908,956,946
2023-08-31,252,2,delta_degree_percentile,ORIGINAL,4766,4766,2747,-0.9379983246326447,0.03839695453643799,0.6744649857282639,-0.15138480067253113,-0.031053289771080017,0.08130508661270142,0.18967685103416443,5,PASS,955,974,932,953,952
2023-08-31,252,3,cross_industry_degree_percentile,ORIGINAL,4766,4766,245,0.10627360469995803,0.4800671422576584,1.0,0.10627360469995803,0.3644565673520772,0.599664288711708,0.8016156105749056,4,FEWER_THAN_5_PORTFOLIOS,0,0,0,0,0
2023-08-31,252,4,cross_industry_degree_ratio,ORIGINAL,4766,4198,1514,0.0,0.38982238691541016,1.0,0.07692307692307693,0.26449197860962587,0.5246366701546331,0.8493571547837704,5,PASS,845,834,840,839,840
2023-08-31,252,5,delta_residual_degree_percentile_1m,ORIGINAL,4766,4724,2392,-0.47279998660087585,-0.0012716203927993774,0.4697786867618561,-0.036000192165374756,-0.005405813455581665,0.0022485971450805623,0.039358246326446536,5,PASS,945,948,941,945,945
2023-08-31,252,6,delta_cross_industry_degree_percentile_1m,ORIGINAL,4766,4724,1415,-0.6653182665955543,-0.0014740667649022626,0.5478335287029953,-0.03683362748341249,-0.001972810157185201,0.0008875580379366643,0.0444687319117244,5,PASS,945,952,1017,868,942
2023-08-31,252,7,neighbor_jaccard_1m,ORIGINAL,4766,4277,1513,0.0,0.6739130434782609,1.0,0.3790878754171301,0.6,0.7421350182906551,0.8333333333333334,5,PASS,856,877,833,881,830
2023-08-31,252,8,neighbor_retention_1m,ORIGINAL,4766,4149,1256,0.0,0.8507462686567164,1.0,0.6153846153846154,0.8,0.8888888888888888,0.956140350877193,5,PASS,837,833,828,822,829
2023-08-31,252,9,outside_community_degree_percentile,ORIGINAL,4766,4766,111,0.24958036088963492,0.5710239194292908,1.0,0.24958036088963492,0.24958036088963492,0.5710239194292908,0.8111624003357113,3,FEWER_THAN_5_PORTFOLIOS,0,0,0,0,0
2023-09-28,60,1,residual_degree_percentile,ORIGINAL,4998,4998,292,0.009003601036965847,0.5047018527984619,1.0,0.20818327367305756,0.39915966987609863,0.5998399257659912,0.8005201816558838,5,PASS,1097,933,986,992,990
2023-09-28,60,2,delta_degree_percentile,ORIGINAL,4998,4998,2961,-0.9725890541449189,0.029461771249771118,0.8253301084041595,-0.2046818733215332,-0.03181272745132446,0.09763904809951773,0.21786714792251616,5,PASS,1002,1002,995,999,1000
2023-09-28,60,3,cross_industry_degree_percentile,ORIGINAL,4998,4998,248,0.019507803121248498,0.4998999599839936,1.0,0.18597438975590236,0.4099639855942377,0.6048419367747099,0.8006202480992397,5,PASS,1064,1072,931,946,985
2023-09-28,60,4,cross_industry_degree_ratio,ORIGINAL,4998,4909,1640,0.0,0.6162790697674418,1.0,0.2420062695924765,0.5,0.7222222222222222,0.9105543710021322,5,PASS,982,1076,890,979,982
2023-09-28,60,5,delta_residual_degree_percentile_1m,ORIGINAL,4998,4952,3210,-0.889471959322691,-0.0017028450965881348,0.7259110510349274,-0.12630062103271483,-0.029993009567260732,0.0246223211288452,0.12766104936599731,5,PASS,991,990,990,990,991
2023-09-28,60,6,delta_cross_industry_degree_percentile_1m,ORIGINAL,4998,4952,2130,-0.8705171069436857,0.0021199599920694867,0.8163173846733446,-0.12571387788213167,-0.017468016469958325,0.04340822100787843,0.1419786885490827,5,PASS,1010,973,1017,962,990
2023-09-28,60,7,neighbor_jaccard_1m,ORIGINAL,4998,4924,1889,0.0,0.2467444613563335,1.0,0.05707052441229657,0.18181818181818182,0.3142490842490842,0.47058823529411764,5,PASS,985,993,976,990,980
2023-09-28,60,8,neighbor_retention_1m,ORIGINAL,4998,4853,1546,0.0,0.46153846153846156,1.0,0.12,0.34782608695652173,0.5454545454545454,0.7175785313085085,5,PASS,973,970,973,966,971
2023-09-28,60,9,outside_community_degree_percentile,ORIGINAL,4998,4998,142,0.0863345338135254,0.5235094037615046,1.0,0.24009603841536614,0.358843537414966,0.5809323729491797,0.8021208483393357,5,PASS,1537,512,980,1008,961
2023-09-28,120,1,residual_degree_percentile,ORIGINAL,4929,4929,276,0.017447758466005325,0.5011158585548401,1.0,0.20866301655769348,0.3972408175468445,0.6019070625305156,0.7996550798416138,5,PASS,1080,910,967,994,978
2023-09-28,120,2,delta_degree_percentile,ORIGINAL,4929,4929,2925,-0.9377155564725399,0.023737072944641113,0.6984175220131874,-0.15179553031921386,-0.0164130687713623,0.07679042965173721,0.18364779949188234,5,PASS,986,986,990,981,986
2023-09-28,120,3,cross_industry_degree_percentile,ORIGINAL,4929,4929,210,0.03824305132886995,0.5133901399878271,1.0,0.18320146074254412,0.3891255832826131,0.6029620612700345,0.7982349360925137,5,PASS,1067,949,1001,930,982
2023-09-28,120,4,cross_industry_degree_ratio,ORIGINAL,4929,4758,1634,0.0,0.5,1.0,0.18134796238244522,0.39470839260312945,0.6588770053475935,0.8765141612200436,5,PASS,952,951,952,951,952
2023-09-28,120,5,delta_residual_degree_percentile_1m,ORIGINAL,4929,4896,2787,-0.7481195330619812,-0.0023563504219055176,0.5725938230752945,-0.05663740634918213,-0.011456400156021118,0.013467669486999512,0.05990338325500488,5,PASS,980,981,977,979,979
2023-09-28,120,6,delta_cross_industry_degree_percentile_1m,ORIGINAL,4929,4896,1762,-0.6755613186935928,-0.001109899846764184,0.5810012489791221,-0.07738452494691517,-0.009941599547555247,0.009159967391565105,0.07359454219282824,5,PASS,983,981,974,979,979
2023-09-28,120,7,neighbor_jaccard_1m,ORIGINAL,4929,4788,1751,0.0,0.5483163554046406,1.0,0.32,0.5,0.6052631578947368,0.7253525971792226,5,PASS,960,1124,792,954,958
2023-09-28,120,8,neighbor_retention_1m,ORIGINAL,4929,4693,1445,0.0,0.7619047619047619,1.0,0.5,0.7010389610389612,0.8157894736842105,0.9003314917127074,5,PASS,952,925,943,934,939
2023-09-28,120,9,outside_community_degree_percentile,ORIGINAL,4929,4929,111,0.10641103672144452,0.5063907486305539,1.0,0.10641103672144452,0.41316697098803,0.5782105903834449,0.8011767092716575,4,FEWER_THAN_5_PORTFOLIOS,0,0,0,0,0
2023-09-28,252,1,residual_degree_percentile,ORIGINAL,4801,4801,290,0.05623828247189522,0.49718809127807617,1.0,0.19141845405101776,0.3999166786670685,0.6016454696655273,0.8007706999778748,5,PASS,1009,940,951,953,948
2023-09-28,252,2,delta_degree_percentile,ORIGINAL,4801,4801,2719,-0.9389710538089275,0.03790879249572754,0.5679025426506996,-0.15028116106987,-0.02614039182662964,0.07842114567756653,0.17569256573915482,5,PASS,961,960,960,978,942
2023-09-28,252,3,cross_industry_degree_percentile,ORIGINAL,4801,4801,235,0.10414496979795876,0.5196833992918142,1.0,0.10414496979795876,0.4202249531347636,0.6066444490731098,0.8017079775046865,4,FEWER_THAN_5_PORTFOLIOS,0,0,0,0,0
2023-09-28,252,4,cross_industry_degree_ratio,ORIGINAL,4801,4262,1526,0.0,0.354248687664042,1.0,0.07142857142857142,0.25,0.5,0.8447809878844362,5,PASS,867,902,811,829,853
2023-09-28,252,5,delta_residual_degree_percentile_1m,ORIGINAL,4801,4766,2351,-0.4955800771713257,-0.003455381840467453,0.3782571852207184,-0.03164505958557129,-0.007204383611679077,0.004039645195007324,0.0355226993560791,5,PASS,954,954,952,953,953
2023-09-28,252,6,delta_cross_industry_degree_percentile_1m,ORIGINAL,4801,4766,1373,-0.5162914548768209,-0.002128634901999271,0.5559842582452617,-0.026553165111164234,-0.0048368411497710095,-0.0012576717869747789,0.04182143827044005,5,PASS,954,953,953,962,944
2023-09-28,252,7,neighbor_jaccard_1m,ORIGINAL,4801,4312,1484,0.0,0.71875,1.0,0.463768115942029,0.6616289592760181,0.7735849056603774,0.8571428571428571,5,PASS,864,861,863,891,833
2023-09-28,252,8,neighbor_retention_1m,ORIGINAL,4801,4198,1230,0.0,0.8832725060827251,1.0,0.6785714285714286,0.8412401720812936,0.9166666666666666,0.9836065573770492,5,PASS,842,837,842,838,839
2023-09-28,252,9,outside_community_degree_percentile,ORIGINAL,4801,4801,104,0.24682357842116226,0.5671735055196834,1.0,0.24682357842116226,0.24682357842116226,0.5671735055196834,0.8097271401791294,3,FEWER_THAN_5_PORTFOLIOS,0,0,0,0,0
2023-10-31,60,1,residual_degree_percentile,ORIGINAL,5021,5021,286,0.008862776681780815,0.5007966756820679,1.0,0.2085241973400116,0.3952399790287018,0.5989842414855957,0.8014339804649353,5,PASS,1099,919,1005,1009,989
2023-10-31,60,2,delta_degree_percentile,ORIGINAL,5021,5021,2935,-0.9656442832201719,0.024297937750816345,0.8428600057959557,-0.1904999017715454,-0.030372437089681625,0.08454490453004837,0.21808403730392456,5,PASS,1005,1058,957,997,1004
2023-10-31,60,3,cross_industry_degree_percentile,ORIGINAL,5021,5021,226,0.018024297948615813,0.5087631945827524,0.9999004182433778,0.21181039633539137,0.3820952001593308,0.5923122883887671,0.799044015136427,5,PASS,1171,845,1003,1009,993
2023-10-31,60,4,cross_industry_degree_ratio,ORIGINAL,5021,4933,1649,0.0,0.6235294117647059,1.0,0.23761097659402752,0.5,0.7272727272727273,0.9090909090909091,5,PASS,987,1102,872,1001,971
2023-10-31,60,5,delta_residual_degree_percentile_1m,ORIGINAL,5021,4995,3267,-0.7168789058923721,-0.002154175192117691,0.7501903027296066,-0.12052756547927856,-0.030121918022632553,0.02704368531703949,0.12001006603240971,5,PASS,1001,997,1002,996,999
2023-10-31,60,6,delta_cross_industry_degree_percentile_1m,ORIGINAL,5021,4995,2128,-0.7872961771842775,-0.0015190700857119488,0.8033362518478812,-0.14153368975552777,-0.03309232476101376,0.031238912613442145,0.14450606372802063,5,PASS,999,1010,988,999,999
2023-10-31,60,7,neighbor_jaccard_1m,ORIGINAL,5021,4971,1940,0.0,0.25,1.0,0.058823529411764705,0.1875,0.3157894736842105,0.46808510638297873,5,PASS,1002,992,997,987,993
2023-10-31,60,8,neighbor_retention_1m,ORIGINAL,5021,4906,1613,0.0,0.4462912087912088,1.0,0.125,0.34782608695652173,0.5319148936170213,0.6923076923076923,5,PASS,998,965,981,987,975
2023-10-31,60,9,outside_community_degree_percentile,ORIGINAL,5021,5021,94,0.10276837283409679,0.5109539932284406,1.0,0.10276837283409679,0.4122684724158534,0.5873332005576578,0.8024297948615814,4,FEWER_THAN_5_PORTFOLIOS,0,0,0,0,0
2023-10-31,120,1,residual_degree_percentile,ORIGINAL,4946,4946,295,0.02031945064663887,0.49974727630615234,1.0,0.19753335416316986,0.39597654342651367,0.597856879234314,0.7998382449150085,5,PASS,1027,960,983,993,983
2023-10-31,120,2,delta_degree_percentile,ORIGINAL,4946,4946,2860,-0.8854629918932915,0.022745653986930847,0.725333608686924,-0.14708855375647545,-0.015972495079040527,0.07511119544506073,0.17488881945610046,5,PASS,992,991,999,976,988
2023-10-31,120,3,cross_industry_degree_percentile,ORIGINAL,4946,4946,237,0.045794581479983824,0.48847553578649416,1.0,0.20632834613829357,0.37828548321876265,0.6086736756975334,0.8016579053780833,5,PASS,1184,803,1067,919,973
2023-10-31,120,4,cross_industry_degree_ratio,ORIGINAL,4946,4746,1620,0.0,0.5,1.0,0.15463917525773196,0.37037037037037035,0.6296296296296297,0.8607594936708861,5,PASS,950,949,949,949,949
2023-10-31,120,5,delta_residual_degree_percentile_1m,ORIGINAL,4946,4928,3029,-0.7633559107780457,0.0035823285579681396,0.6718223989009857,-0.07898724079132079,-0.01457042694091796,0.02305799722671507,0.08115234375000013,5,PASS,986,985,986,985,986
2023-10-31,120,6,delta_cross_industry_degree_percentile_1m,ORIGINAL,4946,4928,1865,-0.7171390764628037,0.007551530151113872,0.6789093358607716,-0.09505124404227042,-0.01188409995326273,0.024423953171837515,0.09408610354375438,5,PASS,995,976,1024,964,969
2023-10-31,120,7,neighbor_jaccard_1m,ORIGINAL,4946,4830,1889,0.0,0.42509842519685037,1.0,0.18181818181818182,0.34968253968253976,0.5,0.6268726845576942,5,PASS,973,959,1080,852,966
2023-10-31,120,8,neighbor_retention_1m,ORIGINAL,4946,4757,1588,0.0,0.6333333333333333,1.0,0.3159649122807018,0.5416666666666666,0.7090909090909091,0.8461538461538461,5,PASS,952,952,951,960,942
2023-10-31,120,9,outside_community_degree_percentile,ORIGINAL,4946,4946,135,0.12646583097452488,0.4530934088152042,1.0,0.12646583097452488,0.3276384957541448,0.6062474727052163,0.7984229680549939,4,FEWER_THAN_5_PORTFOLIOS,0,0,0,0,0
2023-10-31,252,1,residual_degree_percentile,ORIGINAL,4825,4825,288,0.05139896273612976,0.49813470244407654,1.0,0.20994818210601807,0.396580308675766,0.6025906801223755,0.800207257270813,5,PASS,1104,833,988,943,957
2023-10-31,252,2,delta_degree_percentile,ORIGINAL,4825,4825,2790,-0.9376165568828583,0.03585493564605713,0.5682901740074158,-0.1271502673625946,-0.015896391868591295,0.07316064834594727,0.16437305212020878,5,PASS,986,944,969,961,965
2023-10-31,252,3,cross_industry_degree_percentile,ORIGINAL,4825,4825,236,0.09803108808290155,0.4961658031088083,1.0,0.24642487046632125,0.40186528497409324,0.5872538860103627,0.8019689119170984,5,PASS,1432,647,817,986,943
2023-10-31,252,4,cross_industry_degree_ratio,ORIGINAL,4825,4330,1555,0.0,0.36561913696060033,1.0,0.07692307692307693,0.25,0.5,0.8333333333333334,5,PASS,868,901,852,847,862
2023-10-31,252,5,delta_residual_degree_percentile_1m,ORIGINAL,4825,4800,2342,-0.4334562420845032,-0.0033771395683288574,0.3971983790397644,-0.0291701078414917,-0.005376040935516357,0.005475234985351564,0.03337477445602417,5,PASS,960,961,959,960,960
2023-10-31,252,6,delta_cross_industry_degree_percentile_1m,ORIGINAL,4825,4800,1327,-0.4845558729668797,-0.0061138817150572095,0.5470467400466008,-0.02551480963054979,-0.0061138817150572095,-0.0005470103918333562,0.04006809462191071,5,PASS,960,1750,170,960,960
2023-10-31,252,7,neighbor_jaccard_1m,ORIGINAL,4825,4382,1460,0.0,0.729085333825471,1.0,0.5,0.6666666666666666,0.7777777777777778,0.8627235509588451,5,PASS,1051,752,836,866,877
2023-10-31,252,8,neighbor_retention_1m,ORIGINAL,4825,4261,1201,0.0,0.8939393939393939,1.0,0.7073170731707317,0.8571428571428571,0.9230769230769231,0.9824561403508771,5,PASS,854,906,803,849,849
2023-10-31,252,9,outside_community_degree_percentile,ORIGINAL,4825,4825,100,0.21595854922279792,0.5100518134715026,1.0,0.21595854922279792,0.21595854922279792,0.6277720207253886,0.8014507772020726,3,FEWER_THAN_5_PORTFOLIOS,0,0,0,0,0
2023-11-30,60,1,residual_degree_percentile,ORIGINAL,5044,5044,256,0.004659000784158707,0.49772006273269653,1.0,0.20777161419391632,0.4008723199367523,0.5970460176467896,0.7996233344078068,5,PASS,1089,964,976,1006,1009
2023-11-30,60,2,delta_degree_percentile,ORIGINAL,5044,5044,2802,-0.9625297337770462,0.015662163496017456,0.7966891303658485,-0.16851705312728882,-0.03181998431682587,0.06968674063682556,0.19716496020555496,5,PASS,1011,1032,984,1012,1005
2023-11-30,60,3,cross_industry_degree_percentile,ORIGINAL,5044,5044,192,0.009119746233148296,0.48681601903251387,1.0,0.19072164948453607,0.4045400475812847,0.5943695479777954,0.7997620935765266,5,PASS,1066,1045,933,1000,1000
2023-11-30,60,4,cross_industry_degree_ratio,ORIGINAL,5044,4998,1699,0.0,0.6666666666666666,1.0,0.2727272727272727,0.5454545454545454,0.7560975609756098,0.9166666666666666,5,PASS,1012,998,991,1005,992
2023-11-30,60,5,delta_residual_degree_percentile_1m,ORIGINAL,5044,5019,3427,-0.7934627085924149,0.006367236375808716,0.8431877642869949,-0.1302596926689148,-0.025799620151519775,0.0409848690032959,0.13575207069516182,5,PASS,1007,1001,1004,1005,1002
2023-11-30,60,6,delta_cross_industry_degree_percentile_1m,ORIGINAL,5044,5019,2246,-0.8615411228431389,0.007866820574838562,0.8659979592452383,-0.15658429678617056,-0.029388629611302616,0.043657183050853275,0.16123545976052045,5,PASS,1008,1000,1003,1005,1003
2023-11-30,60,7,neighbor_jaccard_1m,ORIGINAL,5044,5009,1954,0.0,0.25,1.0,0.06451612903225806,0.1881085098476403,0.30864197530864196,0.43243243243243246,5,PASS,1005,999,1002,1003,1000
2023-11-30,60,8,neighbor_retention_1m,ORIGINAL,5044,4931,1602,0.0,0.47058823529411764,1.0,0.14814814814814814,0.36885245901639346,0.5555555555555556,0.7096774193548387,5,PASS,989,984,1008,966,984
2023-11-30,60,9,outside_community_degree_percentile,ORIGINAL,5044,5044,88,0.06215305313243458,0.5290444091990484,1.0,0.181304520222046,0.3918517049960349,0.5848532910388581,0.8069984139571769,5,PASS,1202,992,886,1036,928
2023-11-30,120,1,residual_degree_percentile,ORIGINAL,4976,4976,301,0.02019694447517395,0.49497589468955994,1.0,0.20106510818004608,0.39811092615127563,0.5999798774719238,0.7999396920204163,5,PASS,1062,958,979,992,985
2023-11-30,120,2,delta_degree_percentile,ORIGINAL,4976,4976,2882,-0.9267483651638031,0.02436697483062744,0.6968448683619499,-0.15434086322784424,-0.020900320261716843,0.07174432277679443,0.182174414396286,5,PASS,997,1079,910,995,995
2023-11-30,120,3,cross_industry_degree_percentile,ORIGINAL,4976,4976,250,0.042905948553054664,0.4904541800643087,1.0,0.20166800643086816,0.41740353697749194,0.6098271704180064,0.7977290996784566,5,PASS,1174,994,921,894,993
2023-11-30,120,4,cross_industry_degree_ratio,ORIGINAL,4976,4776,1632,0.0,0.5,1.0,0.16666666666666666,0.3902439024390244,0.6615384615384615,0.8666666666666667,5,PASS,968,944,954,957,953
2023-11-30,120,5,delta_residual_degree_percentile_1m,ORIGINAL,4976,4946,2846,-0.7168633043766022,0.0019610896706581116,0.5964778810739517,-0.06295236945152283,-0.00795978307723999,0.020551562309265137,0.06870383024215698,5,PASS,991,988,990,991,986
2023-11-30,120,6,delta_cross_industry_degree_percentile_1m,ORIGINAL,4976,4946,1752,-0.7813981433566115,-0.0023398198940844384,0.6294465760762863,-0.07982111141160547,-0.0058219201459362435,0.016034628976873022,0.08071265324670426,5,PASS,1021,967,980,1057,921
2023-11-30,120,7,neighbor_jaccard_1m,ORIGINAL,4976,4838,1787,0.0,0.5,1.0,0.248872180451128,0.42642237222757956,0.5521144278606965,0.6666666666666666,5,PASS,968,967,968,1009,926
2023-11-30,120,8,neighbor_retention_1m,ORIGINAL,4976,4746,1488,0.0,0.7083333333333334,1.0,0.4,0.6428571428571429,0.7647058823529411,0.859375,5,PASS,961,950,937,950,948
2023-11-30,120,9,outside_community_degree_percentile,ORIGINAL,4976,4976,145,0.1229903536977492,0.5228094855305466,1.0,0.1229903536977492,0.43478697749196143,0.5897307073954984,0.7969252411575563,4,FEWER_THAN_5_PORTFOLIOS,0,0,0,0,0
2023-11-30,252,1,residual_degree_percentile,ORIGINAL,4844,4844,283,0.04768786206841469,0.5044384598731995,1.0,0.21201486885547638,0.40328240394592285,0.5984723567962646,0.8001651763916016,5,PASS,1110,870,933,970,961
2023-11-30,252,2,delta_degree_percentile,ORIGINAL,4844,4844,2817,-0.9428158663213253,0.03767547011375427,0.56936414539814,-0.1332370340824127,-0.02037572860717772,0.07132534682750702,0.16540049314498903,5,PASS,969,969,969,968,969
2023-11-30,252,3,cross_industry_degree_percentile,ORIGINAL,4844,4844,235,0.09424029727497936,0.495355078447564,1.0,0.24184558216350124,0.4018373245251858,0.5922791081750619,0.800784475639967,5,PASS,1430,667,825,970,952
2023-11-30,252,4,cross_industry_degree_ratio,ORIGINAL,4844,4383,1556,0.0,0.3597122302158273,1.0,0.07407407407407407,0.24343125734430088,0.5,0.8333333333333334,5,PASS,880,873,904,853,873
2023-11-30,252,5,delta_residual_degree_percentile_1m,ORIGINAL,4844,4825,2521,-0.5139701627194881,-0.002148151397705078,0.45845547318458557,-0.03708621263504027,-0.0043420493602752686,0.008200299739837649,0.04284551143646242,5,PASS,965,971,959,965,965
2023-11-30,252,6,delta_cross_industry_degree_percentile_1m,ORIGINAL,4844,4825,1408,-0.6980913089426372,-0.0037907908079221897,0.5199871856856193,-0.03692663965463383,-0.0037907908079221897,0.0009788253616460649,0.053337027164635065,5,PASS,968,1481,446,968,962
2023-11-30,252,7,neighbor_jaccard_1m,ORIGINAL,4844,4456,1544,0.0,0.6779982023626091,1.0,0.4158415841584158,0.6153846153846154,0.7349397590361446,0.8253968253968254,5,PASS,892,895,888,891,890
2023-11-30,252,8,neighbor_retention_1m,ORIGINAL,4844,4330,1286,0.0,0.8571428571428571,1.0,0.6363636363636364,0.8016956397834141,0.8980207932229496,0.9651365015166836,5,PASS,867,865,866,866,866
2023-11-30,252,9,outside_community_degree_percentile,ORIGINAL,4844,4844,107,0.21366639141205615,0.5026837324525186,1.0,0.21366639141205615,0.21366639141205615,0.620767960363336,0.7967588769611891,3,FEWER_THAN_5_PORTFOLIOS,0,0,0,0,0
2023-12-29,60,1,residual_degree_percentile,ORIGINAL,5056,5056,259,0.0049446201883256435,0.501780092716217,1.0,0.20431171357631683,0.4023931920528412,0.5992879867553711,0.8019185066223145,5,PASS,1083,983,978,1020,992
2023-12-29,60,2,delta_degree_percentile,ORIGINAL,5056,5056,2531,-0.9330498557537794,0.01611948013305664,0.7507911622524261,-0.14833855628967285,-0.031151115894317627,0.06497234106063843,0.1799841821193695,5,PASS,1012,1087,935,1015,1007
2023-12-29,60,3,cross_industry_degree_percentile,ORIGINAL,5056,5056,209,0.010284810126582278,0.4912974683544304,1.0,0.18730221518987342,0.38864715189873417,0.6037381329113924,0.7993473101265823,5,PASS,1044,990,1063,956,1003
2023-12-29,60,4,cross_industry_degree_ratio,ORIGINAL,5056,5007,1710,0.0,0.6666666666666666,1.0,0.311183970856102,0.5555555555555556,0.7711455993465387,0.9249056603773587,5,PASS,1002,1006,996,1001,1002
2023-12-29,60,5,delta_residual_degree_percentile_1m,ORIGINAL,5056,5040,3479,-0.9038718640804291,-0.001742929220199585,0.8458832763135433,-0.13688183203339577,-0.03622559644281864,0.03354451805353165,0.13674155473709113,5,PASS,1010,1009,1012,1001,1008
2023-12-29,60,6,delta_cross_industry_degree_percentile_1m,ORIGINAL,5056,5040,2400,-0.8212614279153575,0.00027150317710478156,0.883916863876369,-0.15653812902157216,-0.041701303842640425,0.0365078448890272,0.15260752843333097,5,PASS,1009,1011,1014,999,1007
2023-12-29,60,7,neighbor_jaccard_1m,ORIGINAL,5056,5032,2067,0.0,0.2689655172413793,1.0,0.08836601307189546,0.21052631578947367,0.3269230769230769,0.4482758620689655,5,PASS,1007,1009,1005,1007,1004
2023-12-29,60,8,neighbor_retention_1m,ORIGINAL,5056,4995,1684,0.0,0.46153846153846156,1.0,0.17647058823529413,0.375,0.5348837209302325,0.6842105263157895,5,PASS,1005,1008,985,1003,994
2023-12-29,60,9,outside_community_degree_percentile,ORIGINAL,5056,5056,75,0.04845727848101266,0.48823180379746833,1.0,0.14873417721518986,0.41386471518987344,0.6018591772151899,0.7942049050632911,5,PASS,1014,1271,882,904,985
2023-12-29,120,1,residual_degree_percentile,ORIGINAL,5014,5014,279,0.019046669825911522,0.49880334734916687,0.9999002814292908,0.20971280336380005,0.39499402046203613,0.5979257822036743,0.8000598549842834,5,PASS,1103,908,1004,1005,994
2023-12-29,120,2,delta_degree_percentile,ORIGINAL,5014,5014,2846,-0.9423614088445902,0.025628238916397095,0.7881930619478226,-0.16106901168823243,-0.03220980986952782,0.07439170777797699,0.18950934410095216,5,PASS,1003,1048,959,1001,1003
2023-12-29,120,3,cross_industry_degree_percentile,ORIGINAL,5014,5014,222,0.03948942959712804,0.49232149980055845,1.0,0.18368568009573194,0.3896090945353012,0.607399282010371,0.7976665337056242,5,PASS,1082,977,1041,912,1002
2023-12-29,120,4,cross_industry_degree_ratio,ORIGINAL,5014,4824,1697,0.0,0.5169540229885058,1.0,0.17331240188383046,0.3890058479532164,0.6666666666666666,0.875,5,PASS,965,965,1057,887,950
2023-12-29,120,5,delta_residual_degree_percentile_1m,ORIGINAL,5014,4976,2953,-0.6272739171981812,-0.0006487444043159485,0.7325394302606583,-0.07394951581954956,-0.01491457223892212,0.018124520778656006,0.07706747949123383,5,PASS,996,995,995,1000,990
2023-12-29,120,6,delta_cross_industry_degree_percentile_1m,ORIGINAL,5014,4976,1815,-0.68076780512956,-0.002963687206368748,0.7492759421529686,-0.08701780512956006,-0.013404909981954094,0.01939384835002178,0.09325223778564717,5,PASS,1005,986,995,996,994
2023-12-29,120,7,neighbor_jaccard_1m,ORIGINAL,5014,4882,1844,0.0,0.4715633423180593,1.0,0.2,0.3974358974358974,0.5273926073926074,0.6525742022758017,5,PASS,991,963,975,976,977
2023-12-29,120,8,neighbor_retention_1m,ORIGINAL,5014,4776,1502,0.0,0.6985214176994998,1.0,0.4,0.625,0.7540983606557377,0.8666666666666667,5,PASS,999,920,947,955,955
2023-12-29,120,9,outside_community_degree_percentile,ORIGINAL,5014,5014,119,0.12465097726366174,0.5261268448344635,1.0,0.12465097726366174,0.4360789788591943,0.593139210211408,0.793877143996809,4,FEWER_THAN_5_PORTFOLIOS,0,0,0,0,0
2023-12-29,252,1,residual_degree_percentile,ORIGINAL,4861,4861,265,0.04062949866056442,0.4983542561531067,1.0,0.18566139042377472,0.4046492576599121,0.5978193879127502,0.7998354434967041,5,PASS,982,1016,924,973,966
2023-12-29,252,2,delta_degree_percentile,ORIGINAL,4861,4861,2783,-0.9531989172101021,0.027874916791915894,0.622299924492836,-0.13968319445848465,-0.020880460739135742,0.07189878821372986,0.16622093319892883,5,PASS,981,964,1018,946,952
2023-12-29,252,3,cross_industry_degree_percentile,ORIGINAL,4861,4861,206,0.08043612425426867,0.5028800658300762,1.0,0.21086196255914422,0.41925529726393745,0.6041966673523966,0.800555441267229,5,PASS,1268,889,824,921,959
2023-12-29,252,4,cross_industry_degree_ratio,ORIGINAL,4861,4467,1551,0.0,0.3888888888888889,1.0,0.1,0.27331378299120246,0.5217391304347826,0.8333333333333334,5,PASS,908,879,894,908,878
2023-12-29,252,5,delta_residual_degree_percentile_1m,ORIGINAL,4861,4844,2555,-0.5890997350215912,-0.002482175827026367,0.4601093530654907,-0.03975957632064819,-0.007126331329345702,0.01175236701965332,0.04599024057388306,5,PASS,973,965,970,967,969
2023-12-29,252,6,delta_cross_industry_degree_percentile_1m,ORIGINAL,4861,4844,1442,-0.4866014042571769,-0.013804173020710686,0.5897753373680982,-0.03594701487479085,-0.013804173020710686,0.00528361021025292,0.057989842646208684,5,PASS,990,1447,472,1059,876
2023-12-29,252,7,neighbor_jaccard_1m,ORIGINAL,4861,4501,1608,0.0,0.6818181818181818,1.0,0.45714285714285713,0.625,0.7317073170731707,0.8148148148148148,5,PASS,902,915,884,901,899
2023-12-29,252,8,neighbor_retention_1m,ORIGINAL,4861,4383,1303,0.0,0.88,1.0,0.6666666666666666,0.8278072111846946,0.9210526315789473,1.0,4,FEWER_THAN_5_PORTFOLIOS,0,0,0,0,0
2023-12-29,252,9,outside_community_degree_percentile,ORIGINAL,4861,4861,100,0.18679284097922239,0.4594733593910718,0.9998971405060687,0.18679284097922239,0.4594733593910718,0.5898991976959473,0.7945895906192142,4,FEWER_THAN_5_PORTFOLIOS,0,0,0,0,0
2024-01-31,60,1,residual_degree_percentile,ORIGINAL,5061,5061,298,0.01254692766815424,0.5012843608856201,1.0,0.20203517377376556,0.40318119525909424,0.6026477217674255,0.8010274767875671,5,PASS,1078,990,1001,990,1002
2024-01-31,60,2,delta_degree_percentile,ORIGINAL,5061,5061,2177,-0.9701639702543616,-0.002371072769165039,0.7481722682714462,-0.19472436234354973,-0.05483105778694153,0.06095634400844574,0.20687611401081085,5,PASS,1033,1072,973,983,1000
2024-01-31,60,3,cross_industry_degree_percentile,ORIGINAL,5061,5061,267,0.02222880853586248,0.5019758940920767,1.0,0.1780280576961075,0.40555226239873543,0.6057103339261015,0.8004346967002569,5,PASS,1019,1114,973,954,1001
2024-01-31,60,4,cross_industry_degree_ratio,ORIGINAL,5061,4935,1631,0.0,0.7368421052631579,1.0,0.33762987012987017,0.6312838170191836,0.8094027441485069,0.9473684210526315,5,PASS,987,987,987,992,982
2024-01-31,60,5,delta_residual_degree_percentile_1m,ORIGINAL,5061,5047,3473,-0.8447659760713577,-0.00011628866195678711,0.894666550680995,-0.16230948269367218,-0.04010685682296752,0.039949393272399894,0.16630153357982635,5,PASS,1011,1008,1009,1011,1008
2024-01-31,60,6,delta_cross_industry_degree_percentile_1m,ORIGINAL,5061,5047,2547,-0.8545512547552767,-0.005596907600689316,0.8812123227948147,-0.18142693162405982,-0.04897372310970714,0.037773440137912395,0.17599106173668583,5,PASS,1010,1020,1000,1008,1009
2024-01-31,60,7,neighbor_jaccard_1m,ORIGINAL,5061,5031,1982,0.0,0.14814814814814814,1.0,0.024096385542168676,0.10344827586206896,0.2,0.3282442748091603,5,PASS,1008,1005,1029,983,1006
2024-01-31,60,8,neighbor_retention_1m,ORIGINAL,5061,4999,1594,0.0,0.27350427350427353,1.0,0.0392156862745098,0.19309564233163556,0.36363636363636365,0.5622549019607843,5,PASS,1002,998,1002,997,1000
2024-01-31,60,9,outside_community_degree_percentile,ORIGINAL,5061,5061,124,0.07755384311400909,0.49683856945267735,1.0,0.21833629717447145,0.42323651452282157,0.6064018968583283,0.7998419284726339,5,PASS,1425,922,831,904,979
2024-01-31,120,1,residual_degree_percentile,ORIGINAL,5041,5041,312,0.024201547726988792,0.5044633746147156,1.0,0.20313429832458496,0.3984328508377075,0.599682629108429,0.8016266822814941,5,PASS,1089,952,1001,1007,992
2024-01-31,120,2,delta_degree_percentile,ORIGINAL,5041,5041,2495,-0.9578456524759531,0.01706010103225708,0.8036103844642639,-0.17060106992721558,-0.03650069236755371,0.07270383834838867,0.1957944631576538,5,PASS,1009,1008,1008,1008,1008
2024-01-31,120,3,cross_industry_degree_percentile,ORIGINAL,5041,5041,265,0.045328307875421546,0.5012894267010514,1.0,0.1976790319381075,0.4022019440587185,0.6084110295576275,0.8010315413608411,5,PASS,1163,963,990,931,994
2024-01-31,120,4,cross_industry_degree_ratio,ORIGINAL,5041,4798,1614,0.0,0.5714285714285714,1.0,0.17647058823529413,0.4117647058823529,0.707119980290712,0.8945978808407158,5,PASS,963,957,959,959,960
2024-01-31,120,5,delta_residual_degree_percentile_1m,ORIGINAL,5041,5010,3100,-0.7555152419954538,-0.0014257580041885376,0.6974149495363235,-0.08597968816757202,-0.027278199791908264,0.015162920951843281,0.0855962261557579,5,PASS,1002,1013,991,1005,999
2024-01-31,120,6,delta_cross_industry_degree_percentile_1m,ORIGINAL,5041,5010,1978,-0.696793750361515,0.005838878278293505,0.7922813345406122,-0.10008722254932764,-0.029078366331067296,0.013993351842375573,0.09406174118933958,5,PASS,1047,957,1051,955,1000
2024-01-31,120,7,neighbor_jaccard_1m,ORIGINAL,5041,4890,1872,0.0,0.42857142857142855,1.0,0.18181818181818182,0.35714285714285715,0.5,0.6139240506329114,5,PASS,988,974,1113,838,977
2024-01-31,120,8,neighbor_retention_1m,ORIGINAL,5041,4818,1606,0.0,0.625,1.0,0.3333333333333333,0.5391986359761296,0.6890602499187067,0.8109384975526709,5,PASS,1029,898,964,963,964
2024-01-31,120,9,outside_community_degree_percentile,ORIGINAL,5041,5041,130,0.12735568339615155,0.5362031342987502,1.0,0.12735568339615155,0.44862130529656813,0.6035508827613568,0.7958738345566356,4,FEWER_THAN_5_PORTFOLIOS,0,0,0,0,0
2024-01-31,252,1,residual_degree_percentile,ORIGINAL,4876,4876,276,0.04142739996314049,0.5026661157608032,1.0,0.18775635957717896,0.40186628699302673,0.6019278168678284,0.7996308207511902,5,PASS,989,992,966,959,970
2024-01-31,252,2,delta_degree_percentile,ORIGINAL,4876,4876,2725,-0.9415504671633244,0.02799426019191742,0.6651968583464622,-0.14643150568008423,-0.021123871207237244,0.07783019542694092,0.18478259444236755,5,PASS,979,975,972,975,975
2024-01-31,252,3,cross_industry_degree_percentile,ORIGINAL,4876,4876,231,0.08357260049220673,0.5014356029532404,1.0,0.21759639048400328,0.418785890073831,0.6022354388843314,0.8009639048400328,5,PASS,1307,854,821,935,959
2024-01-31,252,4,cross_industry_degree_ratio,ORIGINAL,4876,4473,1569,0.0,0.41975308641975306,1.0,0.1003669724770643,0.27766776677667776,0.5618150684931505,0.8443290043290044,5,PASS,895,894,895,894,895
2024-01-31,252,5,delta_residual_degree_percentile_1m,ORIGINAL,4876,4858,2575,-0.440672792494297,0.0007979013025760651,0.5676269978284836,-0.04406279325485229,-0.00957593917846679,0.004158779978752136,0.04059019684791565,5,PASS,972,971,1030,914,971
2024-01-31,252,6,delta_cross_industry_degree_percentile_1m,ORIGINAL,4876,4858,1542,-0.6901365128589556,0.0023589968473860523,0.5901019422808885,-0.0539968887323542,-0.0018333080473926788,0.0031364762379380573,0.04988293931424874,5,PASS,1016,930,1121,819,972
2024-01-31,252,7,neighbor_jaccard_1m,ORIGINAL,4876,4554,1663,0.0,0.6813346228239845,1.0,0.4166666666666667,0.6171464330413017,0.7376639344262295,0.8333333333333334,5,PASS,917,905,910,929,893
2024-01-31,252,8,neighbor_retention_1m,ORIGINAL,4876,4464,1337,0.0,0.8354430379746836,1.0,0.6052631578947368,0.782608695652174,0.88,0.9487762237762237,5,PASS,894,900,888,889,893
2024-01-31,252,9,outside_community_degree_percentile,ORIGINAL,4876,4876,118,0.18826907301066448,0.45436833470057425,1.0,0.18826907301066448,0.45436833470057425,0.5778301886792453,0.8058859721082855,4,FEWER_THAN_5_PORTFOLIOS,0,0,0,0,0
2024-02-29,60,1,residual_degree_percentile,ORIGINAL,5068,5068,416,0.15292029082775116,0.4979281723499298,1.0,0.15292029082775116,0.42136937379837036,0.6029005646705627,0.8000591754913331,4,FEWER_THAN_5_PORTFOLIOS,0,0,0,0,0
2024-02-29,60,2,delta_degree_percentile,ORIGINAL,5068,5068,1892,-0.8193567544221878,-0.03985792398452759,0.7243488430976868,-0.15238752365112304,-0.12095500528812408,0.07675611972808838,0.251775860786438,5,PASS,1014,1253,948,841,1012
2024-02-29,60,3,cross_industry_degree_percentile,ORIGINAL,5068,5068,375,0.19928966061562747,0.5095698500394633,1.0,0.19928966061562747,0.4409037095501184,0.6019139700078927,0.800414364640884,4,FEWER_THAN_5_PORTFOLIOS,0,0,0,0,0
2024-02-29,60,4,cross_industry_degree_ratio,ORIGINAL,5068,3519,1244,0.0,0.8108108108108109,1.0,0.3,0.6924743126909192,0.8797199183525825,0.9755300059812587,5,PASS,705,703,703,704,704
2024-02-29,60,5,delta_residual_degree_percentile_1m,ORIGINAL,5068,5059,2716,-0.8399664908647537,-0.014322370290756226,0.9356211684644222,-0.22070695757865905,-0.07243043184280396,0.052048999071121066,0.19700564444065094,5,PASS,1012,1022,1001,1023,1001
2024-02-29,60,6,delta_cross_industry_degree_percentile_1m,ORIGINAL,5068,5059,2252,-0.7960669882679924,-0.022620030107822653,0.9473844511326458,-0.23471547670901194,-0.06946591364360333,0.05288843512462859,0.19697428936041078,5,PASS,1055,971,1009,1012,1012
2024-02-29,60,7,neighbor_jaccard_1m,ORIGINAL,5068,4967,1570,0.0,0.034482758620689655,1.0,0.0,0.009174311926605505,0.06666666666666667,0.16030506846024503,4,FEWER_THAN_5_PORTFOLIOS,0,0,0,0,0
2024-02-29,60,8,neighbor_retention_1m,ORIGINAL,5068,4934,1366,0.0,0.0625,1.0,0.0,0.016666666666666666,0.12153972153972144,0.3333333333333333,4,FEWER_THAN_5_PORTFOLIOS,0,0,0,0,0
2024-02-29,60,9,outside_community_degree_percentile,ORIGINAL,5068,5068,177,0.34925019731649565,0.34925019731649565,1.0,0.34925019731649565,0.34925019731649565,0.34925019731649565,0.7967640094711917,2,FEWER_THAN_5_PORTFOLIOS,0,0,0,0,0
2024-02-29,120,1,residual_degree_percentile,ORIGINAL,5047,5047,401,0.09163859486579895,0.49831584095954895,1.0,0.22458887100219727,0.4014265835285187,0.5999603867530823,0.8003764748573303,5,PASS,1342,755,949,997,1004
2024-02-29,120,2,delta_degree_percentile,ORIGINAL,5047,5047,2017,-0.8917178809642792,-0.020606279373168945,0.7319199442863464,-0.1645531952381134,-0.08539724349975586,0.05835146903991681,0.2421240508556366,5,PASS,1749,272,1007,1046,973
2024-02-29,120,3,cross_industry_degree_percentile,ORIGINAL,5047,5047,365,0.1467208242520309,0.48890429958391124,1.0,0.1467208242520309,0.3485238755696453,0.5946106597978997,0.8001783237566872,4,FEWER_THAN_5_PORTFOLIOS,0,0,0,0,0
2024-02-29,120,4,cross_industry_degree_ratio,ORIGINAL,5047,4123,1402,0.0,0.6666666666666666,1.0,0.13257861635220136,0.5,0.7931034482758621,0.9426364942528737,5,PASS,825,895,756,822,825
2024-02-29,120,5,delta_residual_degree_percentile_1m,ORIGINAL,5047,5038,3007,-0.8530152142047882,-0.013467341661453247,0.8750561624765396,-0.1867382526397705,-0.06463944911956787,0.02597702294588089,0.1589272990822792,5,PASS,1011,1005,1044,980,998
2024-02-29,120,6,delta_cross_industry_degree_percentile_1m,ORIGINAL,5047,5038,2190,-0.7875184139943487,-0.012385127117140127,0.9121711967808099,-0.2090085432601075,-0.06747694072072438,0.027387662105940236,0.17486154252388209,5,PASS,1008,1007,1008,1007,1008
2024-02-29,120,7,neighbor_jaccard_1m,ORIGINAL,5047,4857,1863,0.0,0.14285714285714285,1.0,0.0,0.1,0.19047619047619047,0.30529175831284777,4,FEWER_THAN_5_PORTFOLIOS,0,0,0,0,0
2024-02-29,120,8,neighbor_retention_1m,ORIGINAL,5047,4798,1560,0.0,0.2350383631713555,1.0,0.017487684729064094,0.15903743315508026,0.3151981351981351,0.5137387387387389,5,PASS,960,959,960,959,960
2024-02-29,120,9,outside_community_degree_percentile,ORIGINAL,5047,5047,172,0.25559738458490194,0.25559738458490194,1.0,0.25559738458490194,0.25559738458490194,0.5699425401228453,0.7951258173172181,3,FEWER_THAN_5_PORTFOLIOS,0,0,0,0,0
2024-02-29,252,1,residual_degree_percentile,ORIGINAL,4892,4892,321,0.05907604098320007,0.5043949484825134,1.0,0.19266149401664734,0.396668016910553,0.6022076606750488,0.7995707392692566,5,PASS,1044,927,988,960,973
2024-02-29,252,2,delta_degree_percentile,ORIGINAL,4892,4892,2362,-0.9208912551403046,0.015739992260932922,0.8145952671766281,-0.18376940488815308,-0.04640229344367981,0.07624694108963008,0.22168850898742676,5,PASS,980,977,978,979,978
2024-02-29,252,3,cross_industry_degree_percentile,ORIGINAL,4892,4892,280,0.10915780866721178,0.48589533932951756,1.0,0.10915780866721178,0.40310711365494684,0.598323793949305,0.8006950122649223,4,FEWER_THAN_5_PORTFOLIOS,0,0,0,0,0
2024-02-29,252,4,cross_industry_degree_ratio,ORIGINAL,4892,4315,1558,0.0,0.5,1.0,0.1,0.3333333333333333,0.6592918192918192,0.8758916900093372,5,PASS,868,891,830,863,863
2024-02-29,252,5,delta_residual_degree_percentile_1m,ORIGINAL,4892,4875,2979,-0.5867902338504791,-0.02421709895133972,0.8401139117777348,-0.12158486843109131,-0.05083773136138913,0.010621029138565066,0.09415112733840945,5,PASS,975,975,975,975,975
2024-02-29,252,6,delta_cross_industry_degree_percentile_1m,ORIGINAL,4892,4875,1927,-0.7351818139742976,-0.01807482977683006,0.8322082662289707,-0.13649587446514946,-0.06109707164498866,0.02558520817500505,0.11618721563792724,5,PASS,975,975,1389,561,975
2024-02-29,252,7,neighbor_jaccard_1m,ORIGINAL,4892,4581,1871,0.0,0.3924050632911392,1.0,0.14285714285714285,0.3235294117647059,0.45977011494252873,0.6016260162601627,5,PASS,918,918,913,916,916
2024-02-29,252,8,neighbor_retention_1m,ORIGINAL,4892,4472,1540,0.0,0.56,1.0,0.2962962962962963,0.5,0.6363636363636364,0.7726121979286538,5,PASS,897,1069,726,885,895
2024-02-29,252,9,outside_community_degree_percentile,ORIGINAL,4892,4892,124,0.21228536385936222,0.491107931316435,1.0,0.21228536385936222,0.21228536385936222,0.5989370400654129,0.8046811120196239,3,FEWER_THAN_5_PORTFOLIOS,0,0,0,0,0
2024-03-29,60,1,residual_degree_percentile,ORIGINAL,5078,5078,422,0.12248916923999786,0.5099448561668396,1.0,0.12248916923999786,0.3721937835216522,0.5998424291610718,0.800236332416535,4,FEWER_THAN_5_PORTFOLIOS,0,0,0,0,0
2024-03-29,60,2,delta_degree_percentile,ORIGINAL,5078,5078,2028,-0.8710121959447861,-0.00019693374633789062,0.7476368397474289,-0.18400942087173458,-0.1272154450416565,0.060023665428161566,0.26341077089309733,5,PASS,1016,1089,942,1015,1016
2024-03-29,60,3,cross_industry_degree_percentile,ORIGINAL,5078,5078,387,0.16315478534856243,0.5175265852697912,1.0,0.16315478534856243,0.3826309570697125,0.5952146514375738,0.8005120126033871,4,FEWER_THAN_5_PORTFOLIOS,0,0,0,0,0
2024-03-29,60,4,cross_industry_degree_ratio,ORIGINAL,5078,3835,1266,0.0,0.8043478260869565,1.0,0.3333333333333333,0.6875,0.8807566671542101,1.0,4,FEWER_THAN_5_PORTFOLIOS,0,0,0,0,0
2024-03-29,60,5,delta_residual_degree_percentile_1m,ORIGINAL,5078,5063,2172,-0.7659283727407455,-0.016142070293426514,0.8179343491792679,-0.058282780647277814,-0.030431121587753296,0.013537466526031494,0.09557963609695475,5,PASS,1013,1411,615,1011,1013
2024-03-29,60,6,delta_cross_industry_degree_percentile_1m,ORIGINAL,5078,5063,1923,-0.7352272193870335,-0.03613487526706505,0.7763897407234824,-0.058272752480405865,-0.03613487526706505,0.002294536718897902,0.08883938577139015,5,PASS,1039,1573,426,1012,1013
2024-03-29,60,7,neighbor_jaccard_1m,ORIGINAL,5078,4050,1502,0.0,0.25,1.0,0.0,0.14058085915379018,0.3333333333333333,0.5,4,FEWER_THAN_5_PORTFOLIOS,0,0,0,0,0
2024-03-29,60,8,neighbor_retention_1m,ORIGINAL,5078,3516,1275,0.0,0.5954913880445796,1.0,0.04838709677419355,0.49019607843137253,0.6736842105263158,0.8378378378378378,5,PASS,704,703,703,704,702
2024-03-29,60,9,outside_community_degree_percentile,ORIGINAL,5078,5078,195,0.3124261520283576,0.3124261520283576,1.0,0.3124261520283576,0.3124261520283576,0.3124261520283576,0.7996652225285643,2,FEWER_THAN_5_PORTFOLIOS,0,0,0,0,0
2024-03-29,120,1,residual_degree_percentile,ORIGINAL,5057,5057,401,0.08720584958791733,0.49614396691322327,1.0,0.21336761116981506,0.3974688649177551,0.5968953967094421,0.8001779913902283,5,PASS,1276,814,946,1014,1007
2024-03-29,120,2,delta_degree_percentile,ORIGINAL,5057,5057,2008,-0.9028079882264137,0.003262758255004883,0.7353173792362213,-0.17174214869737625,-0.057840585708618164,0.07069408893585205,0.2371959686279297,5,PASS,1673,352,1130,914,988
2024-03-29,120,3,cross_industry_degree_percentile,ORIGINAL,5057,5057,364,0.14049831916155825,0.5141388174807198,1.0,0.14049831916155825,0.42001186474194185,0.6034210005932371,0.7994858611825193,4,FEWER_THAN_5_PORTFOLIOS,0,0,0,0,0
2024-03-29,120,4,cross_industry_degree_ratio,ORIGINAL,5057,4176,1376,0.0,0.6666666666666666,1.0,0.16279069767441862,0.5,0.7837837837837838,0.9408602150537635,5,PASS,836,882,788,835,835
2024-03-29,120,5,delta_residual_degree_percentile_1m,ORIGINAL,5057,5044,2330,-0.8212546482682228,-0.004432745277881622,0.6834256947040558,-0.047830474376678464,-0.004432745277881622,0.009416651725769035,0.056111156940460205,5,PASS,1009,1557,460,1044,974
2024-03-29,120,6,delta_cross_industry_degree_percentile_1m,ORIGINAL,5057,5044,1871,-0.7566683144821904,-0.0062225050904726464,0.6643331603238045,-0.03671763845793776,-0.0062225050904726464,-0.0005835045764592162,0.05182213826377714,5,PASS,1009,1898,119,1009,1009
2024-03-29,120,7,neighbor_jaccard_1m,ORIGINAL,5057,4360,1588,0.0,0.5,1.0,0.14285714285714285,0.4,0.5454545454545454,0.6666666666666666,5,PASS,879,926,822,873,860
2024-03-29,120,8,neighbor_retention_1m,ORIGINAL,5057,4122,1369,0.0,0.7391304347826086,1.0,0.3455460263007433,0.6621621621621622,0.8,0.8974358974358975,5,PASS,825,825,865,783,824
2024-03-29,120,9,outside_community_degree_percentile,ORIGINAL,5057,5057,179,0.246885505240261,0.5571485070199723,1.0,0.246885505240261,0.246885505240261,0.5571485070199723,0.8062092149495749,3,FEWER_THAN_5_PORTFOLIOS,0,0,0,0,0
2024-03-29,252,1,residual_degree_percentile,ORIGINAL,4919,4919,315,0.05600731819868088,0.4993901252746582,1.0,0.1858101189136505,0.40404555201530457,0.6005285382270813,0.7988412380218506,5,PASS,1014,999,953,971,982
2024-03-29,252,2,delta_degree_percentile,ORIGINAL,4919,4919,2426,-0.922443576157093,0.012502551078796387,0.8225249201059341,-0.19597479701042175,-0.04925796985626218,0.07739375829696647,0.22327706813812265,5,PASS,989,979,983,984,984
2024-03-29,252,3,cross_industry_degree_percentile,ORIGINAL,4919,4919,278,0.10561089652368368,0.5108761943484448,1.0,0.10561089652368368,0.4006911973978451,0.5971742224029274,0.7990445212441554,4,FEWER_THAN_5_PORTFOLIOS,0,0,0,0,0
2024-03-29,252,4,cross_industry_degree_ratio,ORIGINAL,4919,4369,1566,0.0,0.5,1.0,0.10714285714285714,0.3333333333333333,0.6507784613047771,0.8779568559385074,5,PASS,875,905,841,874,874
2024-03-29,252,5,delta_residual_degree_percentile_1m,ORIGINAL,4919,4888,2379,-0.4925413206219673,-0.002934664487838745,0.3564321994781494,-0.028585284948349,-0.003363984823226926,0.006743001937866201,0.03758668899536133,5,PASS,987,968,978,987,968
2024-03-29,252,6,delta_cross_industry_degree_percentile_1m,ORIGINAL,4919,4888,1624,-0.5498058116300089,-0.0035469121435281054,0.40171838568123297,-0.024973665781406924,-0.0035469121435281054,-2.7240145633156132e-05,0.036054026164170194,5,PASS,978,1636,339,968,967
2024-03-29,252,7,neighbor_jaccard_1m,ORIGINAL,4919,4426,1506,0.0,0.7142857142857143,1.0,0.5,0.6607142857142857,0.7557251908396947,0.8360655737704918,5,PASS,1075,697,884,887,883
2024-03-29,252,8,neighbor_retention_1m,ORIGINAL,4919,4314,1243,0.0,0.8869446135118686,1.0,0.6666666666666666,0.8461538461538461,0.9148936170212766,0.9723241590214068,5,PASS,879,861,849,862,863
2024-03-29,252,9,outside_community_degree_percentile,ORIGINAL,4919,4919,129,0.20491969912583857,0.48190689164464323,1.0,0.20491969912583857,0.20491969912583857,0.5935149420613945,0.7989428745680016,3,FEWER_THAN_5_PORTFOLIOS,0,0,0,0,0
2024-04-30,60,1,residual_degree_percentile,ORIGINAL,5091,5091,411,0.06855234503746033,0.49440187215805054,1.0,0.18139854073524475,0.3877430856227875,0.5985071659088135,0.8001375198364258,5,PASS,1149,913,1010,1006,1013
2024-04-30,60,2,delta_degree_percentile,ORIGINAL,5091,5091,2026,-0.9247691929340363,-0.010606974363327026,0.7323708236217499,-0.23462975025177002,-0.08505207300186157,0.08475738763809204,0.30141425132751465,5,PASS,1019,1167,924,963,1018
2024-04-30,60,3,cross_industry_degree_percentile,ORIGINAL,5091,5091,372,0.09929286977018267,0.4951875859359654,1.0,0.25329011981928895,0.4115105087409153,0.6076409349833038,0.7997446474170105,5,PASS,1568,669,897,942,1015
2024-04-30,60,4,cross_industry_degree_ratio,ORIGINAL,5091,4394,1293,0.0,0.8017067550050411,1.0,0.4129817444219067,0.7142857142857143,0.881578947368421,1.0,4,FEWER_THAN_5_PORTFOLIOS,0,0,0,0,0
2024-04-30,60,5,delta_residual_degree_percentile_1m,ORIGINAL,5091,5075,2277,-0.7581510841846466,-0.004895567893981934,0.6885499209165573,-0.09282248020172114,-0.038268208503723145,0.020228326320648193,0.09307878017425542,5,PASS,1015,1053,978,1014,1015
2024-04-30,60,6,delta_cross_industry_degree_percentile_1m,ORIGINAL,5091,5075,1974,-0.8218374965157567,-0.01637290714277817,0.7584716141800174,-0.08574435622207524,-0.05786719901804488,0.01992328823757359,0.09013533447072652,5,PASS,1015,1043,987,1050,980
2024-04-30,60,7,neighbor_jaccard_1m,ORIGINAL,5091,4528,1505,0.0,0.2222222222222222,1.0,0.0,0.14285714285714285,0.3,0.4425874807177073,4,FEWER_THAN_5_PORTFOLIOS,0,0,0,0,0
2024-04-30,60,8,neighbor_retention_1m,ORIGINAL,5091,3832,1306,0.0,0.5555555555555556,1.0,0.12778187177597655,0.47619047619047616,0.6497372830810304,0.8,5,PASS,767,767,765,777,756
2024-04-30,60,9,outside_community_degree_percentile,ORIGINAL,5091,5091,196,0.2281477116480063,0.5321154979375369,1.0,0.2281477116480063,0.2281477116480063,0.5321154979375369,0.805932036927912,3,FEWER_THAN_5_PORTFOLIOS,0,0,0,0,0
2024-04-30,120,1,residual_degree_percentile,ORIGINAL,5068,5068,395,0.07428965717554092,0.5042423009872437,1.0,0.1888318806886673,0.3964088261127472,0.5993488430976868,0.8008090257644653,5,PASS,1161,908,989,1005,1005
2024-04-30,120,2,delta_degree_percentile,ORIGINAL,5068,5068,2075,-0.9092344269156456,-0.005623519420623779,0.7359904944896698,-0.19129836559295654,-0.07300712168216705,0.07882791757583618,0.2673638164997101,5,PASS,1015,1209,889,954,1001
2024-04-30,120,3,cross_industry_degree_percentile,ORIGINAL,5068,5068,342,0.1165153906866614,0.5063141278610892,1.0,0.1165153906866614,0.3728295185477506,0.6046764009471192,0.7996250986582478,4,FEWER_THAN_5_PORTFOLIOS,0,0,0,0,0
2024-04-30,120,4,cross_industry_degree_ratio,ORIGINAL,5068,4316,1458,0.0,0.7032032032032032,1.0,0.25,0.5689655172413793,0.8074534161490683,0.9512195121951219,5,PASS,902,825,864,862,863
2024-04-30,120,5,delta_residual_degree_percentile_1m,ORIGINAL,5068,5057,2409,-0.6780373752117157,-0.007121562957763672,0.7550396099686623,-0.06275162100791931,-0.012916192412376404,0.011296987533569334,0.07069436311721808,5,PASS,1014,1416,604,1011,1012
2024-04-30,120,6,delta_cross_industry_degree_percentile_1m,ORIGINAL,5068,5057,1942,-0.6595376051606789,-0.022738102131361515,0.735488263316737,-0.052298918610398704,-0.023982928474896845,0.004019263271631579,0.0758829220602575,5,PASS,1013,1502,519,1011,1012
2024-04-30,120,7,neighbor_jaccard_1m,ORIGINAL,5068,4480,1633,0.0,0.391304347826087,1.0,0.1,0.3197777777777778,0.47058823529411764,0.6,5,PASS,904,888,902,919,867
2024-04-30,120,8,neighbor_retention_1m,ORIGINAL,5068,4176,1394,0.0,0.6666666666666666,1.0,0.3181818181818182,0.5815602836879432,0.7450980392156863,0.875,5,PASS,836,835,835,864,806
2024-04-30,120,9,outside_community_degree_percentile,ORIGINAL,5068,5068,175,0.21872533543804262,0.5007892659826362,1.0,0.21872533543804262,0.21872533543804262,0.6023086029992107,0.805741910023678,3,FEWER_THAN_5_PORTFOLIOS,0,0,0,0,0
2024-04-30,252,1,residual_degree_percentile,ORIGINAL,4942,4942,327,0.050890326499938965,0.49838122725486755,1.0,0.21084581315517426,0.39376771450042725,0.5972278714179993,0.7991703748703003,5,PASS,1117,863,987,990,985
2024-04-30,252,2,delta_degree_percentile,ORIGINAL,4942,4942,2368,-0.9255362153053284,-0.0017199814319610596,0.8010926693677902,-0.20932821929454803,-0.05888304114341736,0.07879399061202995,0.23876972496509552,5,PASS,1000,1110,855,996,981
2024-04-30,252,3,cross_industry_degree_percentile,ORIGINAL,4942,4942,286,0.09915014164305949,0.5033387292594091,1.0,0.24514366653176853,0.38435855928773777,0.5999595305544314,0.8000809388911372,5,PASS,1443,587,965,967,980
2024-04-30,252,4,cross_industry_degree_ratio,ORIGINAL,4942,4440,1573,0.0,0.5,1.0,0.125,0.35814069723853564,0.6640535934653582,0.875,5,PASS,909,867,888,892,884
2024-04-30,252,5,delta_residual_degree_percentile_1m,ORIGINAL,4942,4918,2548,-0.8197932541370392,-0.005116991698741913,0.5578903555870056,-0.0415189743041992,-0.008074820041656494,0.006780719757080072,0.045937252044677745,5,PASS,984,988,979,983,984
2024-04-30,252,6,delta_cross_industry_degree_percentile_1m,ORIGINAL,4942,4918,1744,-0.7473344794328584,-0.006460754880624184,0.5578117218897578,-0.04104627708661788,-0.006460754880624184,0.0006456312209226475,0.04546854099133607,5,PASS,984,1774,193,1000,967
2024-04-30,252,7,neighbor_jaccard_1m,ORIGINAL,4942,4498,1609,0.0,0.6224318658280923,1.0,0.38917748917748923,0.5653799268590004,0.6694578949284595,0.7779804120229653,5,PASS,900,899,900,899,900
2024-04-30,252,8,neighbor_retention_1m,ORIGINAL,4942,4367,1356,0.0,0.8170731707317073,1.0,0.5909662664379646,0.767607973421927,0.8571428571428571,0.9374509803921569,5,PASS,874,873,903,843,874
2024-04-30,252,9,outside_community_degree_percentile,ORIGINAL,4942,4942,122,0.19405099150141644,0.4598340752731688,1.0,0.19405099150141644,0.4598340752731688,0.5736543909348442,0.7952246054229057,4,FEWER_THAN_5_PORTFOLIOS,0,0,0,0,0
2024-05-31,60,1,residual_degree_percentile,ORIGINAL,5075,5075,231,0.0012807882158085704,0.502265989780426,1.0,0.20699506998062134,0.4070935845375061,0.6035467982292175,0.7987192273139954,5,PASS,1087,1019,978,982,1009
2024-05-31,60,2,delta_degree_percentile,ORIGINAL,5075,5075,2319,-0.9393103159964085,-0.007389172911643982,0.7844334989786148,-0.2297340154647827,-0.07554680109024045,0.07743842899799347,0.2633300542831423,5,PASS,1015,1015,1024,1006,1015
2024-05-31,60,3,cross_industry_degree_percentile,ORIGINAL,5075,5075,195,0.003349753694581281,0.5076847290640394,1.0,0.21300492610837438,0.40738916256157637,0.5958620689655172,0.8029556650246306,5,PASS,1152,974,934,1031,984
2024-05-31,60,4,cross_industry_degree_ratio,ORIGINAL,5075,5063,1690,0.0,0.75,1.0,0.47368421052631576,0.6666666666666666,0.8214285714285714,0.9338596491228074,5,PASS,1019,1045,981,1005,1013
2024-05-31,60,5,delta_residual_degree_percentile_1m,ORIGINAL,5075,5069,3048,-0.9503803970292211,0.0060289353132247925,0.8784427344799042,-0.19537692070007323,-0.04639486074447631,0.061625874042510874,0.205172598361969,5,PASS,1014,1014,1013,1014,1014
2024-05-31,60,6,delta_cross_industry_degree_percentile_1m,ORIGINAL,5075,5069,2507,-0.9575300757736293,0.0011012188997680666,0.86612584944164,-0.21890977316291765,-0.0514110963711679,0.06430437950483464,0.22027855589841244,5,PASS,1019,1058,966,1012,1014
2024-05-31,60,7,neighbor_jaccard_1m,ORIGINAL,5075,5058,1708,0.0,0.09523809523809523,1.0,0.0,0.06451612903225806,0.12967772967772961,0.21875,4,FEWER_THAN_5_PORTFOLIOS,0,0,0,0,0
2024-05-31,60,8,neighbor_retention_1m,ORIGINAL,5075,4376,1352,0.0,0.4902395740905058,1.0,0.11607142857142858,0.3333333333333333,0.625,0.96875,5,PASS,877,936,824,865,874
2024-05-31,60,9,outside_community_degree_percentile,ORIGINAL,5075,5075,116,0.020689655172413793,0.4782266009852217,1.0,0.2154679802955665,0.42039408866995076,0.6103448275862069,0.7976354679802956,5,PASS,1289,1003,887,907,989
2024-05-31,120,1,residual_degree_percentile,ORIGINAL,5057,5057,383,0.06090567633509636,0.4986157715320587,1.0,0.21959659457206726,0.39331620931625366,0.6016412973403931,0.7995847463607788,5,PASS,1236,810,1015,990,1006
2024-05-31,120,2,delta_degree_percentile,ORIGINAL,5057,5057,2186,-0.9286138005554676,-0.01295238733291626,0.7506426870822906,-0.21918137073516844,-0.08443741500377655,0.07154439687728877,0.27581568956375124,5,PASS,1012,1118,904,1011,1012
2024-05-31,120,3,cross_industry_degree_percentile,ORIGINAL,5057,5057,348,0.09976270516116274,0.5106782677476764,1.0,0.25084041922088196,0.39549139806209216,0.6025311449475974,0.8008700810757367,5,PASS,1528,603,945,980,1001
2024-05-31,120,4,cross_industry_degree_ratio,ORIGINAL,5057,4442,1430,0.0,0.6666666666666666,1.0,0.25,0.5336986301369864,0.7878787878787878,0.9411764705882353,5,PASS,919,858,889,889,887
2024-05-31,120,5,delta_residual_degree_percentile_1m,ORIGINAL,5057,5048,2399,-0.702511865645647,-0.00492057204246521,0.5339763462543488,-0.04788348078727722,-0.013383980840444565,0.008763760328292847,0.05623320937156678,5,PASS,1019,1274,742,1003,1010
2024-05-31,120,6,delta_cross_industry_degree_percentile_1m,ORIGINAL,5057,5048,1953,-0.6998623934970851,-0.015440084067674276,0.631952080145848,-0.043274094423805406,-0.016752685525498662,0.005531994458126054,0.05742745799698753,5,PASS,1010,1486,533,1009,1010
2024-05-31,120,7,neighbor_jaccard_1m,ORIGINAL,5057,4560,1611,0.0,0.5384615384615384,1.0,0.2222222222222222,0.47619047619047616,0.6075629043853342,0.7174051069703243,5,PASS,915,912,909,912,912
2024-05-31,120,8,neighbor_retention_1m,ORIGINAL,5057,4301,1329,0.0,0.7959183673469388,1.0,0.5,0.7272727272727273,0.8461538461538461,0.945054945054945,5,PASS,982,747,861,851,860
2024-05-31,120,9,outside_community_degree_percentile,ORIGINAL,5057,5057,202,0.2231560213565355,0.5091951750049436,1.0,0.2231560213565355,0.2231560213565355,0.6082657702194977,0.7982005141388174,3,FEWER_THAN_5_PORTFOLIOS,0,0,0,0,0
2024-05-31,252,1,residual_degree_percentile,ORIGINAL,4964,4964,330,0.04955681040883064,0.4991942048072815,1.0,0.21122078597545624,0.3992747664451599,0.600221574306488,0.7984488606452942,5,PASS,1133,879,984,976,992
2024-05-31,252,2,delta_degree_percentile,ORIGINAL,4964,4964,2496,-0.9325141124427319,-0.0030217617750167847,0.8154713958501816,-0.21952055692672728,-0.05741339921951294,0.07933121919631939,0.23857775926589975,5,PASS,993,994,991,993,993
2024-05-31,252,3,cross_industry_degree_percentile,ORIGINAL,4964,4964,288,0.09578968573730862,0.4976833199033038,1.0,0.2410354552780016,0.3861804995970991,0.5996172441579372,0.798348106365834,5,PASS,1442,602,976,954,990
2024-05-31,252,4,cross_industry_degree_ratio,ORIGINAL,4964,4473,1578,0.0,0.5,1.0,0.13333333333333333,0.3786779714240855,0.6568017057569295,0.875,5,PASS,898,891,895,898,891
2024-05-31,252,5,delta_residual_degree_percentile_1m,ORIGINAL,4964,4939,2507,-0.4486854374408722,-0.0013335160911083221,0.48009613156318665,-0.03804688453674317,-0.0038987845182418823,0.005380976200103753,0.043643519282341,5,PASS,988,1066,909,996,980
2024-05-31,252,6,delta_cross_industry_degree_percentile_1m,ORIGINAL,4964,4939,1753,-0.5578930338094336,-0.0033604559057508754,0.5198127856055301,-0.041393655525775085,-0.0033604559057508754,0.0005742682807921007,0.04790566542888641,5,PASS,988,1700,312,952,987
2024-05-31,252,7,neighbor_jaccard_1m,ORIGINAL,4964,4547,1561,0.0,0.6410256410256411,1.0,0.40441691354699705,0.5826291079812208,0.6896551724137931,0.7799322033898306,5,PASS,910,909,912,906,910
2024-05-31,252,8,neighbor_retention_1m,ORIGINAL,4964,4439,1318,0.0,0.8181818181818182,1.0,0.5882352941176471,0.7647058823529411,0.8571428571428571,0.9411764705882353,5,PASS,895,884,885,904,871
2024-05-31,252,9,outside_community_degree_percentile,ORIGINAL,4964,4964,150,0.1951047542304593,0.4591055600322321,1.0,0.1951047542304593,0.4591055600322321,0.5667808219178082,0.8067082997582594,4,FEWER_THAN_5_PORTFOLIOS,0,0,0,0,0
2024-06-28,60,1,residual_degree_percentile,ORIGINAL,5074,5074,251,0.003646038705483079,0.49832478165626526,1.0,0.19383129477500916,0.39830508828163147,0.5988371968269348,0.7990736961364746,5,PASS,1023,1029,1007,1004,1011
2024-06-28,60,2,delta_degree_percentile,ORIGINAL,5074,5074,2166,-0.9577256459742785,-0.018230199813842773,0.7565037161111832,-0.22970043309032917,-0.08691367506980896,0.060366559028625436,0.2655695825815201,5,PASS,1029,1032,983,1029,1001
2024-06-28,60,3,cross_industry_degree_percentile,ORIGINAL,5074,5074,209,0.006700827749310209,0.4928064643279464,1.0,0.1951123374063855,0.3928852975955853,0.6044540796216004,0.8014387071344107,5,PASS,1073,968,1056,982,995
2024-06-28,60,4,cross_industry_degree_ratio,ORIGINAL,5074,5038,1695,0.0,0.75,1.0,0.45,0.6666666666666666,0.8213199348180337,0.9354838709677419,5,PASS,1010,1075,938,1009,1006
2024-06-28,60,5,delta_residual_degree_percentile_1m,ORIGINAL,5074,5063,3428,-0.8128023762255907,-0.005154013633728027,0.8007545452564955,-0.118645578622818,-0.03526186943054199,0.02224111557006836,0.11679506301879894,5,PASS,1015,1011,1014,1010,1013
2024-06-28,60,6,delta_cross_industry_degree_percentile_1m,ORIGINAL,5074,5063,2736,-0.8654092825201792,-0.0016014415226083267,0.8449099533796365,-0.12651131723400083,-0.033916557122080915,0.027108372442530358,0.13039552553246436,5,PASS,1017,1013,1012,1009,1012
2024-06-28,60,7,neighbor_jaccard_1m,ORIGINAL,5074,5061,2056,0.0,0.3,1.0,0.10185185185185185,0.23809523809523808,0.36363636363636365,0.5,5,PASS,1014,1019,1011,1053,964
2024-06-28,60,8,neighbor_retention_1m,ORIGINAL,5074,5050,1669,0.0,0.48058069381598795,1.0,0.1994904458598728,0.4,0.552519754170325,0.6896551724137931,5,PASS,1010,1061,959,1020,1000
2024-06-28,60,9,outside_community_degree_percentile,ORIGINAL,5074,5074,99,0.02837997635001971,0.48078439101300746,0.9999014584154513,0.16249507292077256,0.4251083957430035,0.6121403232163973,0.8011430823807647,5,PASS,1016,1285,894,899,980
2024-06-28,120,1,residual_degree_percentile,ORIGINAL,5065,5065,381,0.06475814431905746,0.4946692883968353,1.0,0.22438302636146545,0.3970384895801544,0.6029614806175232,0.8003948926925659,5,PASS,1262,810,1002,984,1007
2024-06-28,120,2,delta_degree_percentile,ORIGINAL,5065,5065,2176,-0.9157946482300758,-0.016683116555213928,0.7575518041849136,-0.23277390003204346,-0.07660414278507233,0.06406711041927338,0.27472855150699615,5,PASS,1014,1213,819,1025,994
2024-06-28,120,3,cross_industry_degree_percentile,ORIGINAL,5065,5065,344,0.10256663376110563,0.5085883514313919,1.0,0.10256663376110563,0.3947680157946693,0.6007897334649556,0.7993089832181639,4,FEWER_THAN_5_PORTFOLIOS,0,0,0,0,0
2024-06-28,120,4,cross_industry_degree_ratio,ORIGINAL,5065,4410,1446,0.0,0.6666666666666666,1.0,0.25,0.5350802489354733,0.8,0.9396632996633001,5,PASS,886,878,935,829,882
2024-06-28,120,5,delta_residual_degree_percentile_1m,ORIGINAL,5065,5053,2351,-0.6571713984012604,0.0038524679839611053,0.6133730560541153,-0.0438333511352539,-0.002013897895812985,0.0050809383392333984,0.046189177036285625,5,PASS,1011,1010,1013,1008,1011
2024-06-28,120,6,delta_cross_industry_degree_percentile_1m,ORIGINAL,5065,5053,1892,-0.8025154307039922,0.0028039285999428842,0.7221523984913546,-0.047490240088265245,-0.0007233822674228563,0.0028039285999428842,0.04778330585130108,5,PASS,1025,1009,1004,1005,1010
2024-06-28,120,7,neighbor_jaccard_1m,ORIGINAL,5065,4587,1532,0.0,0.5851063829787234,1.0,0.2857142857142857,0.5,0.65,0.7586206896551724,5,PASS,931,939,883,918,916
2024-06-28,120,8,neighbor_retention_1m,ORIGINAL,5065,4438,1282,0.0,0.7961073318216175,1.0,0.5,0.7268322268666504,0.8382650029708854,0.9285714285714286,5,PASS,996,779,888,888,887
2024-06-28,120,9,outside_community_degree_percentile,ORIGINAL,5065,5065,204,0.20493583415597236,0.4749259624876604,1.0,0.20493583415597236,0.20493583415597236,0.5783810463968411,0.7966436327739388,3,FEWER_THAN_5_PORTFOLIOS,0,0,0,0,0
2024-06-28,252,1,residual_degree_percentile,ORIGINAL,4980,4980,329,0.05261044204235077,0.49989961087703705,1.0,0.21576304733753204,0.40321284532546997,0.6018072366714478,0.7986947894096375,5,PASS,1159,893,958,978,992
2024-06-28,252,2,delta_degree_percentile,ORIGINAL,4980,4980,2426,-0.9307229071855545,-0.0003012120723724365,0.8106425702571869,-0.21767067909240723,-0.06943775415420526,0.07068271934986115,0.24036145210266113,5,PASS,997,995,1046,969,973
2024-06-28,252,3,cross_industry_degree_percentile,ORIGINAL,4980,4980,284,0.09979919678714859,0.5028112449799197,1.0,0.24759036144578314,0.3899598393574297,0.6020080321285141,0.7995983935742972,5,PASS,1472,603,963,949,993
2024-06-28,252,4,cross_industry_degree_ratio,ORIGINAL,4980,4457,1546,0.0,0.5,1.0,0.125,0.3747272727272728,0.6666666666666666,0.875,5,PASS,893,890,960,826,888
2024-06-28,252,5,delta_residual_degree_percentile_1m,ORIGINAL,4980,4945,2384,-0.4850340187549591,0.0030536316335201263,0.6135783940553665,-0.033108338713645935,-0.0033685564994812007,0.005183905363082886,0.03596547842025759,5,PASS,1010,968,995,983,989
2024-06-28,252,6,delta_cross_industry_degree_percentile_1m,ORIGINAL,4980,4945,1706,-0.5586415767825533,0.004009511049839973,0.556684999466035,-0.030454371879136244,0.0035263859628684763,0.004009511049839973,0.033313431000391525,5,PASS,991,987,1045,938,984
2024-06-28,252,7,neighbor_jaccard_1m,ORIGINAL,4980,4528,1548,0.0,0.7157894736842105,1.0,0.5,0.6666666666666666,0.7608695652173914,0.84535075859997,5,PASS,1078,813,829,902,906
2024-06-28,252,8,neighbor_retention_1m,ORIGINAL,4980,4454,1201,0.0,0.8666666666666667,1.0,0.6666666666666666,0.8260869565217391,0.8975594686438059,0.9530147058823529,5,PASS,968,817,887,891,891
2024-06-28,252,9,outside_community_degree_percentile,ORIGINAL,4980,4980,157,0.19728915662650603,0.45943775100401607,1.0,0.19728915662650603,0.45943775100401607,0.6266064257028112,0.8019076305220884,4,FEWER_THAN_5_PORTFOLIOS,0,0,0,0,0
2024-07-31,60,1,residual_degree_percentile,ORIGINAL,5068,5068,263,0.008287292905151844,0.49871745705604553,1.0,0.1937648057937622,0.3949289619922638,0.5985793232917774,0.7985398769378662,5,PASS,1025,1012,1004,1015,1012
2024-07-31,60,2,delta_degree_percentile,ORIGINAL,5068,5068,2354,-0.9525453727692366,-0.003650352358818054,0.7500000149011612,-0.18912786524742842,-0.0623520165681839,0.05558408498764025,0.22178374230861664,5,PASS,1048,1015,978,1019,1008
2024-07-31,60,3,cross_industry_degree_percentile,ORIGINAL,5068,5068,229,0.014502762430939226,0.4928966061562747,1.0,0.1936661404893449,0.39433701657458564,0.6064522494080505,0.7989344909234412,5,PASS,1081,987,1038,954,1008
2024-07-31,60,4,cross_industry_degree_ratio,ORIGINAL,5068,4985,1704,0.0,0.7241379310344828,1.0,0.375,0.6190476190476191,0.8064516129032258,0.9351985078603784,5,PASS,1006,991,995,996,997
2024-07-31,60,5,delta_residual_degree_percentile_1m,ORIGINAL,5068,5061,3574,-0.8227662369608879,0.006953835487365723,0.8219549674540758,-0.15687841176986694,-0.032068558037281036,0.043709918623790145,0.1549118161201477,5,PASS,1013,1013,1013,1010,1012
2024-07-31,60,6,delta_cross_industry_degree_percentile_1m,ORIGINAL,5068,5061,2848,-0.866124879797933,0.007801934681629017,0.7922538459217161,-0.17736493580875184,-0.032625664241833274,0.055947859602119066,0.17794234127338435,5,PASS,1016,1010,1017,1011,1007
2024-07-31,60,7,neighbor_jaccard_1m,ORIGINAL,5068,5052,2066,0.0,0.16710296684118675,1.0,0.038461538461538464,0.12121212121212122,0.2222222222222222,0.35024195619111576,5,PASS,1015,1007,1028,991,1011
2024-07-31,60,8,neighbor_retention_1m,ORIGINAL,5068,5025,1699,0.0,0.32142857142857145,1.0,0.06869863013698632,0.23076923076923078,0.4,0.5833333333333334,5,PASS,1005,1007,1025,984,1004
2024-07-31,60,9,outside_community_degree_percentile,ORIGINAL,5068,5068,93,0.05445935280189424,0.48845698500394635,1.0,0.16288476716653513,0.4272888713496448,0.5897790055248618,0.7994277821625888,5,PASS,1099,1240,760,1002,967
2024-07-31,120,1,residual_degree_percentile,ORIGINAL,5061,5061,384,0.05176842585206032,0.5055325031280518,1.0,0.19788579642772675,0.3949812352657318,0.5983995199203491,0.8009286522865295,5,PASS,1139,913,990,1016,1003
2024-07-31,120,2,delta_degree_percentile,ORIGINAL,5061,5061,2175,-0.9292629919946194,-0.015313208103179932,0.7639794498682022,-0.2399722933769226,-0.09800434112548828,0.08081407845020294,0.27741551399230957,5,PASS,1013,1060,1037,939,1012
2024-07-31,120,3,cross_industry_degree_percentile,ORIGINAL,5061,5061,354,0.08763090298360007,0.49654218533886585,1.0,0.2259434894289666,0.3749259039715471,0.5959296581703221,0.7992491602450109,5,PASS,1400,643,1015,993,1010
2024-07-31,120,4,cross_industry_degree_ratio,ORIGINAL,5061,4538,1465,0.0,0.6666666666666666,1.0,0.25,0.5369467028003615,0.7923888711224816,0.9444444444444444,5,PASS,931,884,908,911,904
2024-07-31,120,5,delta_residual_degree_percentile_1m,ORIGINAL,5061,5051,2445,-0.5653246939182281,-0.005046546459197998,0.5472390949726105,-0.054756104946136475,-0.012989718466997147,0.010291695594787598,0.05816984176635742,5,PASS,1011,1341,679,1029,991
2024-07-31,120,6,delta_cross_industry_degree_percentile_1m,ORIGINAL,5061,5051,1965,-0.5621430200127058,-0.014036962288120458,0.6603260751896946,-0.051984661756384554,-0.014935730777505554,0.004710937227229595,0.05911919985846903,5,PASS,1025,1442,564,1010,1010
2024-07-31,120,7,neighbor_jaccard_1m,ORIGINAL,5061,4628,1573,0.0,0.5263157894736842,1.0,0.25,0.4782608695652174,0.5991605320935038,0.7037037037037037,5,PASS,929,925,923,928,923
2024-07-31,120,8,neighbor_retention_1m,ORIGINAL,5061,4400,1370,0.0,0.7727272727272727,1.0,0.5,0.7142857142857143,0.8228221775888646,0.9259259259259259,5,PASS,979,817,844,881,879
2024-07-31,120,9,outside_community_degree_percentile,ORIGINAL,5061,5061,183,0.18553645524599882,0.4397352301916617,1.0,0.18553645524599882,0.4397352301916617,0.6150958308634658,0.8030033590199566,4,FEWER_THAN_5_PORTFOLIOS,0,0,0,0,0
2024-07-31,252,1,residual_degree_percentile,ORIGINAL,4999,4999,336,0.05151030048727989,0.5011002421379089,1.0,0.17853569984436035,0.39297860860824585,0.599419891834259,0.7998600006103516,5,PASS,1005,998,1008,994,994
2024-07-31,252,2,delta_degree_percentile,ORIGINAL,4999,4999,2500,-0.9470894075930119,0.0006000995635986328,0.8159631788730621,-0.22318462133407593,-0.07057409286499018,0.07741549611091614,0.246409285068512,5,PASS,1000,1000,1060,939,1000
2024-07-31,252,3,cross_industry_degree_percentile,ORIGINAL,4999,4999,291,0.09831966393278656,0.4988997799559912,1.0,0.2456491298259652,0.3844768953790758,0.5967193438687738,0.7998199639927989,5,PASS,1473,561,988,977,1000
2024-07-31,252,4,cross_industry_degree_ratio,ORIGINAL,4999,4485,1590,0.0,0.5,1.0,0.13043478260869565,0.37777777777777777,0.6666666666666666,0.875,5,PASS,904,891,961,835,894
2024-07-31,252,5,delta_residual_degree_percentile_1m,ORIGINAL,4999,4967,2475,-0.44350501894950867,-0.001100141555070877,0.41118232905864716,-0.03722734749317169,-0.0035299062728881836,0.002740979194641113,0.041131407022476196,5,PASS,1029,959,992,994,993
2024-07-31,252,6,delta_cross_industry_degree_percentile_1m,ORIGINAL,4999,4967,1737,-0.5036883681957275,-0.0014795328543620312,0.5387285087539597,-0.03602057760949784,-0.0019412316198179347,-0.0014795328543620312,0.03697816270081324,5,PASS,995,1163,831,984,994
2024-07-31,252,7,neighbor_jaccard_1m,ORIGINAL,4999,4548,1528,0.0,0.687665343915344,1.0,0.46153846153846156,0.6363636363636364,0.7415023636573274,0.8296905222437139,5,PASS,912,914,903,909,910
2024-07-31,252,8,neighbor_retention_1m,ORIGINAL,4999,4444,1280,0.0,0.8571428571428571,1.0,0.6666666666666666,0.8125,0.8953488372093024,0.9615384615384616,5,PASS,999,782,886,892,885
2024-07-31,252,9,outside_community_degree_percentile,ORIGINAL,4999,4999,163,0.19673934786957392,0.45699139827965596,1.0,0.19673934786957392,0.45699139827965596,0.5619123824764953,0.8019603920784156,4,FEWER_THAN_5_PORTFOLIOS,0,0,0,0,0
2024-08-30,60,1,residual_degree_percentile,ORIGINAL,5068,5068,272,0.005722178146243095,0.49960535764694214,1.0,0.2075769603252411,0.3931531310081482,0.5962904691696167,0.799723744392395,5,PASS,1099,931,1015,1016,1007
2024-08-30,60,2,delta_degree_percentile,ORIGINAL,5068,5068,2473,-0.9433701504021883,0.008287295699119568,0.7742699086666107,-0.16872535943984984,-0.0459747314453125,0.06681137084960936,0.20949091315269486,5,PASS,1014,1021,1006,1013,1014
2024-08-30,60,3,cross_industry_degree_percentile,ORIGINAL,5068,5068,249,0.009865824782951855,0.4960536700868193,1.0,0.1957379636937648,0.40282162588792425,0.6052683504340963,0.7980465666929756,5,PASS,1065,1030,1011,952,1010
2024-08-30,60,4,cross_industry_degree_ratio,ORIGINAL,5068,5011,1647,0.0,0.7368421052631579,1.0,0.36363636363636365,0.6296296296296297,0.8181818181818182,0.9423076923076923,5,PASS,1007,1004,1000,1000,1000
2024-08-30,60,5,delta_residual_degree_percentile_1m,ORIGINAL,5068,5063,3121,-0.7830504924058914,0.0007892698049545288,0.8153117820620537,-0.1320047378540039,-0.028808188438415528,0.0314719807356596,0.1361483871936798,5,PASS,1014,1011,1019,1006,1013
2024-08-30,60,6,delta_cross_industry_degree_percentile_1m,ORIGINAL,5068,5063,2396,-0.8378058405682716,0.002071823204419898,0.8083070244672454,-0.14591554853985791,-0.030682715074980216,0.038279400157853194,0.15617600631412787,5,PASS,1019,1007,1014,1011,1012
2024-08-30,60,7,neighbor_jaccard_1m,ORIGINAL,5068,5046,1991,0.0,0.22456373853889383,1.0,0.05263157894736842,0.16666666666666666,0.28125,0.4125,5,PASS,1016,1038,978,1005,1009
2024-08-30,60,8,neighbor_retention_1m,ORIGINAL,5068,4981,1666,0.0,0.4,1.0,0.1111111111111111,0.3142857142857143,0.5,0.6470588235294118,5,PASS,1007,988,1131,860,995
2024-08-30,60,9,outside_community_degree_percentile,ORIGINAL,5068,5068,81,0.04725730071033939,0.47198105761641673,1.0,0.23520126282557222,0.40617600631412787,0.5806037884767167,0.8049526440410418,5,PASS,1441,791,844,1056,936
2024-08-30,120,1,residual_degree_percentile,ORIGINAL,5061,5061,246,0.01254692766815424,0.49634459614753723,1.0,0.20786406099796295,0.40110650658607483,0.5981031656265259,0.8015214204788208,5,PASS,1099,958,985,1028,991
2024-08-30,120,2,delta_degree_percentile,ORIGINAL,5061,5061,2455,-0.9813278010115027,-0.003457784652709961,0.8108081370592117,-0.20588816702365875,-0.06984782218933105,0.06401896476745605,0.24125665426254272,5,PASS,1013,1012,1012,1012,1012
2024-08-30,120,3,cross_industry_degree_percentile,ORIGINAL,5061,5061,213,0.021537245603635645,0.494665085951393,1.0,0.1873147599288678,0.4114799446749654,0.5995850622406639,0.7990515708358032,5,PASS,1056,1090,916,991,1008
2024-08-30,120,4,cross_industry_degree_ratio,ORIGINAL,5061,4935,1716,0.0,0.6666666666666666,1.0,0.3181818181818182,0.5423728813559322,0.75,0.9074385309679428,5,PASS,992,983,996,977,987
2024-08-30,120,5,delta_residual_degree_percentile_1m,ORIGINAL,5061,5055,2750,-0.8342224583029747,0.011065006256103516,0.8160442672669888,-0.1365737937390804,-0.02236714959144591,0.05364552512764931,0.1508595198392868,5,PASS,1011,1011,1047,982,1004
2024-08-30,120,6,delta_cross_industry_degree_percentile_1m,ORIGINAL,5061,5055,2182,-0.8378778897451097,0.010571033392610174,0.7288085358624777,-0.15975103734439833,-0.03034973325429753,0.05888164394388462,0.169353882631891,5,PASS,1012,1010,1081,941,1011
2024-08-30,120,7,neighbor_jaccard_1m,ORIGINAL,5061,4960,1910,0.0,0.23529411764705882,1.0,0.06871833084947844,0.18181818181818182,0.2857142857142857,0.40625,5,PASS,992,1006,1009,964,989
2024-08-30,120,8,neighbor_retention_1m,ORIGINAL,5061,4529,1430,0.0,0.75,1.0,0.28859060402684567,0.593918918918919,0.8723404255319149,1.0,4,FEWER_THAN_5_PORTFOLIOS,0,0,0,0,0
2024-08-30,120,9,outside_community_degree_percentile,ORIGINAL,5061,5061,115,0.06826714088124876,0.5179806362378977,1.0,0.19294605809128632,0.38480537443193047,0.6185536455245999,0.8025093854969374,5,PASS,1262,895,1068,871,965
2024-08-30,252,1,residual_degree_percentile,ORIGINAL,5006,5006,341,0.04914103075861931,0.5030962824821472,1.0,0.21664002537727356,0.4040151834487915,0.5991809964179993,0.7986416220664978,5,PASS,1179,874,961,994,998
2024-08-30,252,2,delta_degree_percentile,ORIGINAL,5006,5006,2528,-0.9498601742088795,-0.006142616271972656,0.8207151293754578,-0.22602880001068115,-0.06951659917831421,0.07171395421028137,0.2456052601337433,5,PASS,1002,1001,1003,1021,979
2024-08-30,252,3,cross_industry_degree_percentile,ORIGINAL,5006,5006,291,0.09398721534159009,0.49340791050739113,1.0,0.23671594087095485,0.37994406711945666,0.6058729524570515,0.800539352776668,5,PASS,1429,590,1050,943,994
2024-08-30,252,4,cross_industry_degree_ratio,ORIGINAL,5006,4515,1616,0.0,0.5,1.0,0.14285714285714285,0.38031858407079655,0.6666666666666666,0.8783989052343483,5,PASS,916,890,949,857,903
2024-08-30,252,5,delta_residual_degree_percentile_1m,ORIGINAL,5006,4990,2283,-0.4576571583747864,-0.001879185438156128,0.3662729263305664,-0.023763179779052734,-0.0023692697286605835,0.004930603504180909,0.03225433826446533,5,PASS,999,1365,630,1009,987
2024-08-30,252,6,delta_cross_industry_degree_percentile_1m,ORIGINAL,5006,4990,1607,-0.4652424691890036,-0.004332448591196469,0.39508824657460456,-0.020062985829287307,-0.004426830232207013,-0.0011409752985355576,0.03153963992958395,5,PASS,998,998,998,998,998
2024-08-30,252,7,neighbor_jaccard_1m,ORIGINAL,5006,4567,1454,0.0,0.7464788732394366,1.0,0.5,0.6934193548387098,0.7816091954022989,0.8571428571428571,5,PASS,937,890,914,951,875
2024-08-30,252,8,neighbor_retention_1m,ORIGINAL,5006,4477,1205,0.0,0.8888888888888888,1.0,0.7142857142857143,0.8571428571428571,0.9166666666666666,0.975,5,PASS,918,906,883,877,893
2024-08-30,252,9,outside_community_degree_percentile,ORIGINAL,5006,5006,167,0.19027167399121056,0.4507590890930883,1.0,0.19027167399121056,0.4507590890930883,0.6233519776268478,0.8039352776667998,4,FEWER_THAN_5_PORTFOLIOS,0,0,0,0,0
2024-09-30,60,1,residual_degree_percentile,ORIGINAL,5067,5067,238,0.0016775212716311216,0.49842116236686707,1.0,0.19498717784881592,0.3971778154373169,0.5991711020469666,0.8006709814071655,5,PASS,1025,1023,1011,1005,1003
2024-09-30,60,2,delta_degree_percentile,ORIGINAL,5067,5067,2414,-0.99230314232409,0.01144661009311676,0.7941582947969437,-0.19676337321288884,-0.05377936363220215,0.08397477865219116,0.2388000637292862,5,PASS,1024,1054,964,1017,1008
2024-09-30,60,3,cross_industry_degree_percentile,ORIGINAL,5067,5067,192,0.002960331557134399,0.4972370238800079,0.9999013222814288,0.205249654627985,0.3894809552003158,0.5999605289125716,0.7983027432405763,5,PASS,1105,938,1040,977,1007
2024-09-30,60,4,cross_industry_degree_ratio,ORIGINAL,5067,5051,1658,0.0,0.7590361445783133,1.0,0.4444444444444444,0.6666666666666666,0.8333333333333334,0.9411764705882353,5,PASS,1016,1011,1046,982,996
2024-09-30,60,5,delta_residual_degree_percentile_1m,ORIGINAL,5067,5059,3475,-0.8780487440526485,0.008584916591644287,0.9070495031774044,-0.13801894187927247,-0.028093662858009336,0.04466878175735464,0.14702068567276003,5,PASS,1012,1012,1011,1012,1012
2024-09-30,60,6,delta_cross_industry_degree_percentile_1m,ORIGINAL,5067,5059,2643,-0.8979815889340144,0.006370787719226834,0.9478014339500263,-0.1638931568754538,-0.03506579319362063,0.04610872166169852,0.16787164077135916,5,PASS,1015,1013,1014,1005,1012
2024-09-30,60,7,neighbor_jaccard_1m,ORIGINAL,5067,5053,2003,0.0,0.265625,1.0,0.08854038310742691,0.20833333333333334,0.32,0.44,5,PASS,1011,1014,1013,1009,1006
2024-09-30,60,8,neighbor_retention_1m,ORIGINAL,5067,5003,1633,0.0,0.5,1.0,0.2,0.39911468974081665,0.5715813598166538,0.7443410852713179,5,PASS,1042,959,1001,1000,1001
2024-09-30,60,9,outside_community_degree_percentile,ORIGINAL,5067,5067,104,0.020031576869942766,0.5197355437142294,1.0,0.18965857509374384,0.39403986579830774,0.6013420169725676,0.8016577856719953,5,PASS,1119,908,1121,950,969
2024-09-30,120,1,residual_degree_percentile,ORIGINAL,5064,5064,289,0.01727883145213127,0.5035545229911804,1.0,0.19549763202667236,0.3984992206096649,0.6018167495727522,0.8014415502548218,5,PASS,1052,1000,986,1028,998
2024-09-30,120,2,delta_degree_percentile,ORIGINAL,5064,5064,2520,-0.9573459811508656,-0.007602691650390625,0.8096366673707962,-0.21123616695404052,-0.07087281942367553,0.06117692589759821,0.22758688032627106,5,PASS,1013,1013,1012,1015,1011
2024-09-30,120,3,cross_industry_degree_percentile,ORIGINAL,5064,5064,249,0.02981832543443918,0.4969391785150079,1.0,0.1841429699842022,0.397413112164297,0.6023894154818326,0.799565560821485,5,PASS,1044,1037,999,975,1009
2024-09-30,120,4,cross_industry_degree_ratio,ORIGINAL,5064,4890,1667,0.0,0.6754106820331987,1.0,0.3125,0.5652173913043478,0.7679606625258799,0.9196558915537018,5,PASS,985,973,976,978,978
2024-09-30,120,5,delta_residual_degree_percentile_1m,ORIGINAL,5064,5058,3111,-0.7399628013372421,-0.004097171127796173,0.8176705464720726,-0.08382081985473633,-0.026819951832294464,0.015067994594573975,0.08432678282260912,5,PASS,1012,1025,998,1011,1012
2024-09-30,120,6,delta_cross_industry_degree_percentile_1m,ORIGINAL,5064,5058,2352,-0.7503962908441189,-0.0031319618661804216,0.7752378915618086,-0.09573558042123065,-0.030094283391907783,0.020103610361176583,0.09092922974778794,5,PASS,1015,1010,1078,944,1011
2024-09-30,120,7,neighbor_jaccard_1m,ORIGINAL,5064,4977,1893,0.0,0.48484848484848486,1.0,0.2631578947368421,0.42857142857142855,0.5338983050847458,0.6410256410256411,5,PASS,1002,1025,960,996,994
2024-09-30,120,8,neighbor_retention_1m,ORIGINAL,5064,4933,1579,0.0,0.6607142857142857,1.0,0.39066808059384955,0.5930947897049593,0.7170192490947207,0.8199503105590062,5,PASS,987,986,987,986,987
2024-09-30,120,9,outside_community_degree_percentile,ORIGINAL,5064,5064,108,0.080173775671406,0.4809439178515008,1.0,0.21939178515007898,0.4104462875197472,0.5897511848341233,0.794826224328594,5,PASS,1410,862,813,974,1005
2024-09-30,252,1,residual_degree_percentile,ORIGINAL,5015,5015,359,0.05992024019360542,0.497806578874588,1.0,0.20498503744602203,0.40907278656959534,0.6005982160568237,0.800000011920929,5,PASS,1139,960,930,987,999
2024-09-30,252,2,delta_degree_percentile,ORIGINAL,5015,5015,2474,-0.924725841730833,-0.0024924874305725098,0.8104685842990875,-0.21411763429641723,-0.07806581258773804,0.06069791316986086,0.23988033533096315,5,PASS,1003,1010,996,1003,1003
2024-09-30,252,3,cross_industry_degree_percentile,ORIGINAL,5015,5015,311,0.1098703888334995,0.4888334995014955,1.0,0.1098703888334995,0.40757726819541373,0.6058823529411764,0.7995014955134604,4,FEWER_THAN_5_PORTFOLIOS,0,0,0,0,0
2024-09-30,252,4,cross_industry_degree_ratio,ORIGINAL,5015,4415,1545,0.0,0.55,1.0,0.13793103448275862,0.4028571428571435,0.6871739130434783,0.8898460581558078,5,PASS,884,882,883,883,883
2024-09-30,252,5,delta_residual_degree_percentile_1m,ORIGINAL,5015,5005,2446,-0.6469642519950867,0.005066812038421631,0.5403889119625092,-0.04150950908660889,-0.006843674182891841,0.010779209434986115,0.034549570083618246,5,PASS,1001,1001,1129,873,1001
2024-09-30,252,6,delta_cross_industry_degree_percentile_1m,ORIGINAL,5015,5005,1813,-0.5232698428884341,0.015883173491909416,0.6079071017072634,-0.04770961585877598,-0.004137535455957341,0.015883173491909416,0.03237678096354166,5,PASS,1001,1001,1297,787,919
2024-09-30,252,7,neighbor_jaccard_1m,ORIGINAL,5015,4551,1504,0.0,0.6842105263157895,1.0,0.4868421052631579,0.6309523809523809,0.7341772151898734,0.8114558472553699,5,PASS,911,910,910,910,910
2024-09-30,252,8,neighbor_retention_1m,ORIGINAL,5015,4513,1356,0.0,0.8133333333333334,1.0,0.5854537464293562,0.7574891774891775,0.8571428571428571,0.9333333333333333,5,PASS,903,902,904,907,897
2024-09-30,252,9,outside_community_degree_percentile,ORIGINAL,5015,5015,186,0.19481555333998005,0.45304087736789633,1.0,0.19481555333998005,0.45304087736789633,0.6165503489531405,0.7991026919242273,4,FEWER_THAN_5_PORTFOLIOS,0,0,0,0,0
2024-10-31,60,1,residual_degree_percentile,ORIGINAL,5062,5062,300,0.006716712843626738,0.5001975297927856,1.0,0.209502175450325,0.4008297026157379,0.5999605059623718,0.8002765774726868,5,PASS,1122,943,999,991,1007
2024-10-31,60,2,delta_degree_percentile,ORIGINAL,5062,5062,2468,-0.9737257920205593,0.00237061083316803,0.775088906288147,-0.22139469385147093,-0.06726589798927307,0.08879891037940979,0.27015015482902527,5,PASS,1013,1055,992,1010,992
2024-10-31,60,3,cross_industry_degree_percentile,ORIGINAL,5062,5062,243,0.01126037139470565,0.4988146977479257,1.0,0.18549980244962466,0.39608850256815487,0.5976886606084552,0.7985973923350455,5,PASS,1038,1019,1002,995,1008
2024-10-31,60,4,cross_industry_degree_ratio,ORIGINAL,5062,4995,1536,0.0,0.7897727272727273,1.0,0.4876639344262295,0.7142857142857143,0.8571428571428571,0.9565217391304348,5,PASS,999,1016,1041,946,993
2024-10-31,60,5,delta_residual_degree_percentile_1m,ORIGINAL,5062,5056,3571,-0.9109700880944729,-0.01458168774843216,0.9265186879783869,-0.2034400850534439,-0.06336537003517151,0.030106082558631897,0.19493761658668518,5,PASS,1013,1011,1011,1010,1011
2024-10-31,60,6,delta_cross_industry_degree_percentile_1m,ORIGINAL,5062,5056,2926,-0.9093418246855237,-0.022919878760913517,0.9694086401446224,-0.22102697812177352,-0.07987148426026058,0.025812215872695055,0.21708712108009487,5,PASS,1014,1009,1017,1005,1011
2024-10-31,60,7,neighbor_jaccard_1m,ORIGINAL,5062,5054,1924,0.0,0.13793103448275862,0.75,0.03125,0.09859154929577464,0.18259489302967563,0.3,5,PASS,1012,1011,1009,1022,1000
2024-10-31,60,8,neighbor_retention_1m,ORIGINAL,5062,5039,1581,0.0,0.23333333333333334,1.0,0.058823529411764705,0.1724137931034483,0.3055555555555556,0.4782608695652174,5,PASS,1017,1002,1009,1006,1005
2024-10-31,60,9,outside_community_degree_percentile,ORIGINAL,5062,5062,119,0.043461082576056895,0.5102726195179771,1.0,0.21849071513235876,0.38453180561043065,0.6080600553141051,0.7990912682734097,5,PASS,1337,798,1047,902,978
2024-10-31,120,1,residual_degree_percentile,ORIGINAL,5066,5066,289,0.015791552141308784,0.5003947615623474,1.0,0.20509277284145355,0.40278327465057373,0.5998815894126892,0.8003355860710144,5,PASS,1102,974,978,1006,1006
2024-10-31,120,2,delta_degree_percentile,ORIGINAL,5066,5066,2571,-0.9830241035670042,0.007303595542907715,0.7761547714471817,-0.1998618245124817,-0.05428344011306763,0.07431900501251221,0.23746544122695923,5,PASS,1014,1013,1013,1013,1013
2024-10-31,120,3,cross_industry_degree_percentile,ORIGINAL,5066,5066,233,0.027536517962889855,0.49881563363600473,1.0,0.18476115278326097,0.4035728385313857,0.6009672325305961,0.8005329648637979,5,PASS,1052,1062,956,994,1002
2024-10-31,120,4,cross_industry_degree_ratio,ORIGINAL,5066,4907,1659,0.0,0.6842105263157895,1.0,0.3333333333333333,0.5714285714285714,0.782608695652174,0.9315485114585565,5,PASS,1044,938,965,978,982
2024-10-31,120,5,delta_residual_degree_percentile_1m,ORIGINAL,5066,5064,3201,-0.6898330003023148,-0.001708880066871643,0.8213270604610443,-0.1178318977355957,-0.033082855865359306,0.02612372487783432,0.1083502322435379,5,PASS,1013,1015,1013,1013,1010
2024-10-31,120,6,delta_cross_industry_degree_percentile_1m,ORIGINAL,5066,5064,2504,-0.6969334952403939,-0.002281807471549324,0.8215015975536817,-0.13595924788058295,-0.038257676396682205,0.028928764323567106,0.12468998477599638,5,PASS,1014,1013,1011,1013,1013
2024-10-31,120,7,neighbor_jaccard_1m,ORIGINAL,5066,4996,1994,0.0,0.31111694395089645,1.0,0.11538461538461539,0.25,0.36936936936936937,0.5,5,PASS,1003,1010,985,1083,915
2024-10-31,120,8,neighbor_retention_1m,ORIGINAL,5066,4890,1658,0.0,0.5,1.0,0.21739130434782608,0.4166666666666667,0.5714285714285714,0.75,5,PASS,981,984,972,1020,933
2024-10-31,120,9,outside_community_degree_percentile,ORIGINAL,5066,5066,124,0.06681800236873273,0.5018752467429926,1.0,0.18722858270825107,0.36794315041452824,0.5925779707856297,0.7994472956968022,5,PASS,1220,832,1042,987,985
2024-10-31,252,1,residual_degree_percentile,ORIGINAL,5023,5023,350,0.060521598905324936,0.49810871481895447,1.0,0.20605215430259705,0.3967748284339905,0.6021301746368408,0.8000199198722839,5,PASS,1159,874,1010,983,997
2024-10-31,252,2,delta_degree_percentile,ORIGINAL,5023,5023,2526,-0.9288274087011814,0.0016922354698181152,0.8067887723445892,-0.23042005300521848,-0.0642842769622802,0.06820625066757201,0.2410312652587894,5,PASS,1005,1004,1005,1004,1005
2024-10-31,252,3,cross_industry_degree_percentile,ORIGINAL,5023,5023,293,0.10581325900856062,0.5034839737208839,1.0,0.10581325900856062,0.39926338841329884,0.5958590483774636,0.8000199084212622,4,FEWER_THAN_5_PORTFOLIOS,0,0,0,0,0
2024-10-31,252,4,cross_industry_degree_ratio,ORIGINAL,5023,4416,1564,0.0,0.5841194968553459,1.0,0.16279069767441862,0.4392523364485981,0.72,0.9,5,PASS,887,880,885,894,870
2024-10-31,252,5,delta_residual_degree_percentile_1m,ORIGINAL,5023,5014,2470,-0.43628695607185364,0.0006013587117195129,0.5202169418334961,-0.0456330418586731,-0.006667816638946532,0.0017868578433990479,0.03989285230636603,5,PASS,1003,1003,1006,999,1003
2024-10-31,252,6,delta_cross_industry_degree_percentile_1m,ORIGINAL,5023,5014,1854,-0.4341668008119778,-0.004057129824938888,0.692339445926604,-0.04756334222496755,-0.008313879782114897,-0.004057129824938888,0.03923737447819792,5,PASS,1026,981,1069,939,999
2024-10-31,252,7,neighbor_jaccard_1m,ORIGINAL,5023,4523,1615,0.0,0.6339869281045751,1.0,0.39735449735449746,0.5714285714285714,0.6819251336898394,0.7815868764646803,5,PASS,905,941,868,904,905
2024-10-31,252,8,neighbor_retention_1m,ORIGINAL,5023,4415,1317,0.0,0.8064516129032258,1.0,0.5833333333333334,0.75,0.8527358698273241,0.9437295774647888,5,PASS,890,906,853,883,883
2024-10-31,252,9,outside_community_degree_percentile,ORIGINAL,5023,5023,180,0.22207843917977305,0.509755126418475,1.0,0.22207843917977305,0.22207843917977305,0.6083018116663349,0.8046983874178778,3,FEWER_THAN_5_PORTFOLIOS,0,0,0,0,0
2024-11-29,60,1,residual_degree_percentile,ORIGINAL,5054,5054,325,0.007617728319019079,0.5054412484169006,1.0,0.21121883392333984,0.4035417437553406,0.6036802530288696,0.79936683177948,5,PASS,1128,949,993,977,1007
2024-11-29,60,2,delta_degree_percentile,ORIGINAL,5054,5054,2320,-0.973090632352978,0.011179238557815552,0.7714681476354599,-0.22882866859436035,-0.0654926747083664,0.09922833740711212,0.2739414572715759,5,PASS,1018,1049,1002,975,1010
2024-11-29,60,3,cross_industry_degree_percentile,ORIGINAL,5054,5054,284,0.012465373961218837,0.4950534230312624,1.0,0.19806094182825484,0.407202216066482,0.6039770478828651,0.7990700435298773,5,PASS,1095,1028,965,963,1003
2024-11-29,60,4,cross_industry_degree_ratio,ORIGINAL,5054,4978,1399,0.0,0.8235294117647058,1.0,0.5094339622641509,0.75,0.875,0.9655172413793104,5,PASS,997,1034,989,967,991
2024-11-29,60,5,delta_residual_degree_percentile_1m,ORIGINAL,5054,5043,3169,-0.7854920923709869,-0.0011950135231018066,0.8024699650704861,-0.13439115583896635,-0.03457134962081909,0.030497348308563224,0.12730649113655104,5,PASS,1009,1009,1008,1008,1009
2024-11-29,60,6,delta_cross_industry_degree_percentile_1m,ORIGINAL,5054,5043,2626,-0.7780940946431248,-0.0006302537103431982,0.8245572080714377,-0.14393667318288444,-0.0377520721681931,0.032094118408583616,0.133626998311558,5,PASS,1010,1007,1013,1004,1009
2024-11-29,60,7,neighbor_jaccard_1m,ORIGINAL,5054,5020,1861,0.0,0.18181818181818182,1.0,0.030303030303030304,0.125,0.2438109756097561,0.3959942097644427,5,PASS,1008,1014,990,1004,1004
2024-11-29,60,8,neighbor_retention_1m,ORIGINAL,5054,4978,1579,0.0,0.30434782608695654,1.0,0.058823529411764705,0.2222222222222222,0.4,0.6109144542772863,5,PASS,1005,1003,995,979,996
2024-11-29,60,9,outside_community_degree_percentile,ORIGINAL,5054,5054,167,0.0518401266323704,0.4872378314206569,1.0,0.1598733676296003,0.42421844083893945,0.5880490700435299,0.8022358527898694,5,PASS,1092,1221,780,988,973
2024-11-29,120,1,residual_degree_percentile,ORIGINAL,5066,5066,307,0.014903277158737183,0.5006908774375916,1.0,0.1861429065465927,0.3977496922016144,0.6030398607254028,0.8004342913627625,5,PASS,1017,1037,1020,988,1004
2024-11-29,120,2,delta_degree_percentile,ORIGINAL,5066,5066,2543,-0.9703908264636993,0.004441365599632263,0.7936241626739502,-0.19769048690795898,-0.050631701946258545,0.08142518997192383,0.24427556991577148,5,PASS,1014,1013,1059,985,995
2024-11-29,120,3,cross_industry_degree_percentile,ORIGINAL,5066,5066,265,0.0284247927358863,0.5089814449269641,1.0,0.18870904066324518,0.3862021318594552,0.5970193446506119,0.7998420844848007,5,PASS,1080,952,1022,1007,1005
2024-11-29,120,4,cross_industry_degree_ratio,ORIGINAL,5066,4916,1611,0.0,0.7333333333333333,1.0,0.3333333333333333,0.6140350877192983,0.8115942028985508,0.9411764705882353,5,PASS,1009,958,983,984,982
2024-11-29,120,5,delta_residual_degree_percentile_1m,ORIGINAL,5066,5062,2584,-0.6886103451251984,0.0,0.6320568174123764,-0.08260956406593323,-0.02003556489944458,0.023193836212158203,0.08241216838359833,5,PASS,1016,1010,1015,1009,1012
2024-11-29,120,6,delta_cross_industry_degree_percentile_1m,ORIGINAL,5066,5062,2016,-0.6758784050532964,0.000888274772996446,0.7095341492301619,-0.10047374654559811,-0.0245361231741018,0.017370706671930525,0.09619028819581525,5,PASS,1028,997,1013,1011,1013
2024-11-29,120,7,neighbor_jaccard_1m,ORIGINAL,5066,4993,1910,0.0,0.3793103448275862,1.0,0.13112617309697605,0.30907048008171606,0.45161290322580644,0.5827584524564572,5,PASS,999,998,1000,997,999
2024-11-29,120,8,neighbor_retention_1m,ORIGINAL,5066,4904,1595,0.0,0.5692928852029682,1.0,0.2459392945036916,0.4870011148272018,0.6551724137931034,0.7946610467158413,5,PASS,981,981,982,979,981
2024-11-29,120,9,outside_community_degree_percentile,ORIGINAL,5066,5066,132,0.07925384919068298,0.48628108961705485,1.0,0.21466640347414134,0.41127121989735493,0.5954401894986182,0.7958941966048164,5,PASS,1372,903,847,946,998
2024-11-29,252,1,residual_degree_percentile,ORIGINAL,5034,5034,348,0.057508938014507294,0.5019865036010742,1.0,0.20013906061649323,0.3962058126926422,0.5980333685874939,0.8011521697044373,5,PASS,1124,914,990,1011,995
2024-11-29,252,2,delta_degree_percentile,ORIGINAL,5034,5034,2606,-0.9329559281468391,0.006704390048980713,0.8170440793037415,-0.23013506829738617,-0.06164088249206542,0.07796981930732727,0.24380214214324955,5,PASS,1017,997,1011,1002,1007
2024-11-29,252,3,cross_industry_degree_percentile,ORIGINAL,5034,5034,302,0.09823202224870878,0.4922526817640048,1.0,0.24423917361938816,0.3841875248311482,0.6038935240365515,0.7996622963845849,5,PASS,1470,590,1017,954,1003
2024-11-29,252,4,cross_industry_degree_ratio,ORIGINAL,5034,4456,1534,0.0,0.6111111111111112,1.0,0.1875,0.46875,0.75,0.9111111111111111,5,PASS,895,888,953,829,891
2024-11-29,252,5,delta_residual_degree_percentile_1m,ORIGINAL,5034,5023,2403,-0.4913662150502205,-0.003012660890817642,0.39788076281547546,-0.035948991775512695,-0.005167067050933838,0.006787657737731934,0.03889182209968567,5,PASS,1005,1007,1004,1004,1003
2024-11-29,252,6,delta_cross_industry_degree_percentile_1m,ORIGINAL,5034,5023,1818,-0.5877126323401823,-0.007581236759851839,0.49808026502799085,-0.03464286767955216,-0.007581236759851839,0.0016814113164465006,0.04126496858985812,5,PASS,1006,1724,284,1047,962
2024-11-29,252,7,neighbor_jaccard_1m,ORIGINAL,5034,4547,1562,0.0,0.6666666666666666,1.0,0.4,0.5974025974025974,0.7122753090544603,0.8,5,PASS,952,868,908,933,886
2024-11-29,252,8,neighbor_retention_1m,ORIGINAL,5034,4416,1323,0.0,0.8333333333333334,1.0,0.59375,0.7777777777777778,0.8782608695652174,0.9539473684210527,5,PASS,884,884,882,883,883
2024-11-29,252,9,outside_community_degree_percentile,ORIGINAL,5034,5034,156,0.22129519268970999,0.5053635280095352,1.0,0.22129519268970999,0.22129519268970999,0.6021056813667064,0.8054231227651967,3,FEWER_THAN_5_PORTFOLIOS,0,0,0,0,0
2024-12-31,60,1,residual_degree_percentile,ORIGINAL,5053,5053,345,0.007322382647544146,0.49950525164604187,1.0,0.20186027884483337,0.40263208746910095,0.5994458794593811,0.7992281913757324,5,PASS,1085,999,966,995,1008
2024-12-31,60,2,delta_degree_percentile,ORIGINAL,5053,5053,2452,-0.9603205802850425,0.01345735788345337,0.7914110571146011,-0.20294874906539917,-0.05432416498661041,0.0826241672039032,0.24670493602752694,5,PASS,1019,1073,943,1007,1011
2024-12-31,60,3,cross_industry_degree_percentile,ORIGINAL,5053,5053,312,0.011082525232535128,0.49653671086483275,1.0,0.1839501286364536,0.4044132198693845,0.6020186028102118,0.7990302790421532,5,PASS,1022,1081,975,965,1010
2024-12-31,60,4,cross_industry_degree_ratio,ORIGINAL,5053,4980,1421,0.0,0.8333333333333334,1.0,0.5236630036630038,0.7619047619047619,0.8823529411764706,0.9736842105263158,5,PASS,996,1001,1006,982,995
2024-12-31,60,5,delta_residual_degree_percentile_1m,ORIGINAL,5053,5038,3028,-0.9031365290284157,-0.0027025043964385986,0.8283213214017451,-0.12665945291519165,-0.029926329851150513,0.02623160183429718,0.12202748656272888,5,PASS,1009,1007,1012,1010,1000
2024-12-31,60,6,delta_cross_industry_degree_percentile_1m,ORIGINAL,5053,5038,2577,-0.9245074039479108,-0.003418982372134338,0.8612868610535995,-0.13888975905657253,-0.03356181108661329,0.02475410823349268,0.13706362733105848,5,PASS,1010,1005,1019,1000,1004
2024-12-31,60,7,neighbor_jaccard_1m,ORIGINAL,5053,5018,1808,0.0,0.2608695652173913,1.0,0.07692307692307693,0.2,0.32543373938722775,0.46347593582887714,5,PASS,1008,1011,992,1003,1004
2024-12-31,60,8,neighbor_retention_1m,ORIGINAL,5053,4961,1512,0.0,0.46153846153846156,1.0,0.16666666666666666,0.36363636363636365,0.5384615384615384,0.7083333333333334,5,PASS,1025,967,986,996,987
2024-12-31,60,9,outside_community_degree_percentile,ORIGINAL,5053,5053,137,0.056105283989709084,0.5292895309717,1.0,0.17177914110429449,0.3791806847417376,0.586780130615476,0.800712448050663,5,PASS,1169,974,947,994,969
2024-12-31,120,1,residual_degree_percentile,ORIGINAL,5073,5073,306,0.011137394234538078,0.5010841488838196,1.0,0.20707668364048004,0.3925684988498688,0.5985609889030457,0.799231231212616,5,PASS,1119,916,1018,1006,1014
2024-12-31,120,2,delta_degree_percentile,ORIGINAL,5073,5073,2506,-0.9886654932051897,0.017149612307548523,0.793317586183548,-0.19623494148254395,-0.05131084918975825,0.08446681499481201,0.24640250205993652,5,PASS,1016,1013,1020,1010,1014
2024-12-31,120,3,cross_industry_degree_percentile,ORIGINAL,5073,5073,265,0.02040212891780012,0.4904395821013207,1.0,0.21230041395623891,0.39207569485511534,0.5942243248570865,0.7997240291740587,5,PASS,1184,885,977,1019,1008
2024-12-31,120,4,cross_industry_degree_ratio,ORIGINAL,5073,4961,1609,0.0,0.75,1.0,0.3793103448275862,0.6428571428571429,0.8235294117647058,0.9441340782122905,5,PASS,995,998,986,990,992
2024-12-31,120,5,delta_residual_degree_percentile_1m,ORIGINAL,5073,5065,2887,-0.7418417036533356,0.0029512643814086914,0.8296231217682362,-0.07272717356681824,-0.009821001440286636,0.020242905616760256,0.07578574866056442,5,PASS,1013,1054,972,1023,1003
2024-12-31,120,6,delta_cross_industry_degree_percentile_1m,ORIGINAL,5073,5065,2291,-0.7049297781019306,0.0016260037327890942,0.8776465654348214,-0.0832332353482036,-0.018315460444116805,0.020922397193629927,0.08346343153091589,5,PASS,1014,1020,1005,1022,1004
2024-12-31,120,7,neighbor_jaccard_1m,ORIGINAL,5073,5012,1808,0.0,0.45454545454545453,1.0,0.19248251748251752,0.38461538461538464,0.5183838383838384,0.6545018205892089,5,PASS,1003,1010,994,1002,1003
2024-12-31,120,8,neighbor_retention_1m,ORIGINAL,5073,4915,1545,0.0,0.6666666666666666,1.0,0.3333333333333333,0.5833333333333334,0.75,0.8636363636363636,5,PASS,1010,957,1071,895,982
2024-12-31,120,9,outside_community_degree_percentile,ORIGINAL,5073,5073,131,0.0618963138182535,0.5021683422038241,1.0,0.17425586438005125,0.3628030751034891,0.5991523753203233,0.797752808988764,5,PASS,1140,896,1107,935,995
2024-12-31,252,1,residual_degree_percentile,ORIGINAL,5042,5042,360,0.05979770049452782,0.5004462450742722,1.0,0.2046806812286377,0.3894287943840027,0.6029353141784668,0.7994843125343323,5,PASS,1154,866,1037,982,1003
2024-12-31,252,2,delta_degree_percentile,ORIGINAL,5042,5042,2602,-0.9309797920286655,0.007735013961791992,0.8220944255590439,-0.22861957550048828,-0.06921857595443726,0.07963109016418457,0.24708452224731448,5,PASS,1009,1011,1028,985,1009
2024-12-31,252,3,cross_industry_degree_percentile,ORIGINAL,5042,5042,308,0.09936533121777072,0.4987108290360968,1.0,0.24801666005553352,0.3899246330821103,0.600059500198334,0.8010710035700119,5,PASS,1499,593,962,991,997
2024-12-31,252,4,cross_industry_degree_ratio,ORIGINAL,5042,4440,1509,0.0,0.6228441867380315,1.0,0.2,0.5,0.75,0.9145433399859292,5,PASS,905,1046,759,842,888
2024-12-31,252,5,delta_residual_degree_percentile_1m,ORIGINAL,5042,5029,2283,-0.5785060375928879,0.0027945637702941895,0.43025241792201996,-0.027554905414581297,0.002288762480020523,0.006856068968772888,0.03204182386398315,5,PASS,1006,1467,552,998,1006
2024-12-31,252,6,delta_cross_industry_degree_percentile_1m,ORIGINAL,5042,5029,1730,-0.6707975611143707,0.0011333089690619413,0.5018274779496252,-0.02897706149551555,0.0011333089690619413,0.0055325886313409844,0.027375055493331614,5,PASS,1006,1549,578,890,1006
2024-12-31,252,7,neighbor_jaccard_1m,ORIGINAL,5042,4539,1477,0.0,0.7191011235955056,1.0,0.46153846153846156,0.6666666666666666,0.7692307692307693,0.8571428571428571,5,PASS,916,1052,757,910,904
2024-12-31,252,8,neighbor_retention_1m,ORIGINAL,5042,4452,1259,0.0,0.8666666666666667,1.0,0.6153846153846154,0.8095238095238095,0.9117647058823529,0.9709579356663132,5,PASS,897,885,892,887,891
2024-12-31,252,9,outside_community_degree_percentile,ORIGINAL,5042,5042,164,0.2245140817136057,0.5164617215390718,1.0,0.2245140817136057,0.2245140817136057,0.618107893692979,0.8033518445061484,3,FEWER_THAN_5_PORTFOLIOS,0,0,0,0,0
2025-01-27,60,1,residual_degree_percentile,ORIGINAL,5059,5059,331,0.004447519313544035,0.4984186589717865,1.0,0.19173750281333923,0.4073927700519562,0.6033801436424255,0.7996639609336853,5,PASS,1035,1066,973,977,1008
2025-01-27,60,2,delta_degree_percentile,ORIGINAL,5059,5059,2490,-0.9654081705957651,0.020162105560302734,0.810041531920433,-0.18325756788253783,-0.048823870718479156,0.07906700670719147,0.21814588308334354,5,PASS,1012,1023,1015,997,1012
2025-01-27,60,3,cross_industry_degree_percentile,ORIGINAL,5059,5059,299,0.0078078671674243925,0.5065230282664558,1.0,0.20705673057916585,0.39424787507412534,0.6053567898794228,0.7988732951176122,5,PASS,1138,917,1036,959,1009
2025-01-27,60,4,cross_industry_degree_ratio,ORIGINAL,5059,5015,1443,0.0,0.8235294117647058,1.0,0.5426190476190477,0.75,0.875,0.971097308488613,5,PASS,1003,1039,987,983,1003
2025-01-27,60,5,delta_residual_degree_percentile_1m,ORIGINAL,5059,5036,3075,-0.8693897724151611,0.01278570294380188,0.806920625269413,-0.13391220569610596,-0.015104502439498901,0.045455217361450195,0.14144157618284225,5,PASS,1008,1013,1001,1011,1003
2025-01-27,60,6,delta_cross_industry_degree_percentile_1m,ORIGINAL,5059,5036,2607,-0.9444976938854155,0.017376825612922864,0.8317975144433621,-0.14611489040444858,-0.01251580059043636,0.053403795239917284,0.16408872826865042,5,PASS,1008,1020,997,1007,1004
2025-01-27,60,7,neighbor_jaccard_1m,ORIGINAL,5059,5026,1813,0.0,0.2061157796451914,1.0,0.05263157894736842,0.1510791366906475,0.2571428571428571,0.39351851851851855,5,PASS,1015,997,1004,1005,1005
2025-01-27,60,8,neighbor_retention_1m,ORIGINAL,5059,4964,1493,0.0,0.4,1.0,0.1,0.3,0.5,0.6899835796387521,5,PASS,1002,999,1070,900,993
2025-01-27,60,9,outside_community_degree_percentile,ORIGINAL,5059,5059,162,0.04635303419648152,0.5021743427554852,1.0,0.2527179284443566,0.4355603874283455,0.6039731172168413,0.8026289780589049,5,PASS,1548,848,761,933,969
2025-01-27,120,1,residual_degree_percentile,ORIGINAL,5078,5078,332,0.016049625352025032,0.5064001679420471,1.0,0.1848168522119522,0.4033083915710449,0.6018117666244507,0.8007089495658875,5,PASS,1017,1071,989,994,1007
2025-01-27,120,2,delta_degree_percentile,ORIGINAL,5078,5078,2422,-0.9528357367962599,0.016148090362548828,0.7935210913419724,-0.18481685034930706,-0.04923197627067566,0.08074043989181501,0.2343442291021347,5,PASS,1149,960,938,1028,1003
2025-01-27,120,3,cross_industry_degree_percentile,ORIGINAL,5078,5078,299,0.0265852697912564,0.48897203623473806,1.0,0.1947617172115006,0.40852697912564,0.6020086648286727,0.7997243009058684,5,PASS,1134,1022,931,978,1013
2025-01-27,120,4,cross_industry_degree_ratio,ORIGINAL,5078,4916,1546,0.0,0.75,1.0,0.3829787234042553,0.6428571428571429,0.8333333333333334,0.9539473684210527,5,PASS,984,985,1062,902,983
2025-01-27,120,5,delta_residual_degree_percentile_1m,ORIGINAL,5078,5071,2675,-0.6481843590736389,0.002575993537902832,0.5882167667150497,-0.057902991771698,-0.011712975800037384,0.015581786632537842,0.0608271062374115,5,PASS,1015,1027,1001,1029,999
2025-01-27,120,6,delta_cross_industry_degree_percentile_1m,ORIGINAL,5078,5071,2082,-0.5790859322345896,0.004043990429760891,0.6721478660473976,-0.06489896972496156,-0.013511262545954694,0.015910635016277097,0.07112384084062331,5,PASS,1015,1025,1003,1016,1012
2025-01-27,120,7,neighbor_jaccard_1m,ORIGINAL,5078,5001,1731,0.0,0.5384615384615384,1.0,0.3,0.4857142857142857,0.6,0.72,5,PASS,1024,977,1029,976,995
2025-01-27,120,8,neighbor_retention_1m,ORIGINAL,5078,4959,1461,0.0,0.7021276595744681,1.0,0.4375,0.6347951114306255,0.7647058823529411,0.8695652173913043,5,PASS,998,986,995,990,990
2025-01-27,120,9,outside_community_degree_percentile,ORIGINAL,5078,5078,145,0.08290665616384403,0.5203820401732966,1.0,0.2264671130366286,0.34541157936195355,0.5790665616384403,0.800610476565577,5,PASS,1458,591,1020,1018,991
2025-01-27,252,1,residual_degree_percentile,ORIGINAL,5049,5049,372,0.05892255902290344,0.5009902715682983,1.0,0.20518915355205536,0.39542484283447266,0.6023964881896973,0.7994652390480042,5,PASS,1156,889,1015,982,1007
2025-01-27,252,2,delta_degree_percentile,ORIGINAL,5049,5049,2586,-0.9329570233821869,0.011388421058654785,0.818974032998085,-0.22800556421279905,-0.057912456989288326,0.08061002194881439,0.24618735313415527,5,PASS,1010,1010,1029,990,1010
2025-01-27,252,3,cross_industry_degree_percentile,ORIGINAL,5049,5049,319,0.09883145177262824,0.504159239453357,1.0,0.24985145573380868,0.39463260051495347,0.5934838581897406,0.7995642701525054,5,PASS,1525,585,928,1003,1008
2025-01-27,252,4,cross_industry_degree_ratio,ORIGINAL,5049,4455,1524,0.0,0.6339285714285714,1.0,0.2,0.5,0.75,0.9166666666666666,5,PASS,912,1003,796,861,883
2025-01-27,252,5,delta_residual_degree_percentile_1m,ORIGINAL,5049,5041,2164,-0.48669010400772095,-0.00040593743324279785,0.29630959033966064,-0.019963324069976807,-0.0008751414716243744,0.0036907196044921875,0.025503993034362793,5,PASS,1009,1339,679,1006,1008
2025-01-27,252,6,delta_cross_industry_degree_percentile_1m,ORIGINAL,5049,5041,1660,-0.44519869499452763,2.3097720090015095e-05,0.40479390823558636,-0.01779308119579248,-0.0005338794451424794,0.002166923609161764,0.020435334672215477,5,PASS,1009,1469,577,978,1008
2025-01-27,252,7,neighbor_jaccard_1m,ORIGINAL,5049,4537,1410,0.0,0.7777777777777778,1.0,0.5418079096045197,0.7268641470888663,0.8235294117647058,0.8989088549060966,5,PASS,908,907,913,901,908
2025-01-27,252,8,neighbor_retention_1m,ORIGINAL,5049,4439,1235,0.0,0.9009009009009009,1.0,0.7142857142857143,0.8571428571428571,0.9358974358974359,1.0,4,FEWER_THAN_5_PORTFOLIOS,0,0,0,0,0
2025-01-27,252,9,outside_community_degree_percentile,ORIGINAL,5049,5049,157,0.21895424836601307,0.5054466230936819,1.0,0.21895424836601307,0.21895424836601307,0.6085363438304615,0.7981778570013864,3,FEWER_THAN_5_PORTFOLIOS,0,0,0,0,0
2025-02-28,60,1,residual_degree_percentile,ORIGINAL,5071,5071,309,0.002563596935942769,0.49645039439201355,1.0,0.19266417622566223,0.40199172496795654,0.6007691025733948,0.79974365234375,5,PASS,1023,1054,994,988,1012
2025-02-28,60,2,delta_degree_percentile,ORIGINAL,5071,5071,2516,-0.948037888854742,0.015282988548278809,0.8211398273706436,-0.1836915910243988,-0.03993295878171921,0.07256951928138733,0.2127785086631775,5,PASS,1016,1060,969,1012,1014
2025-02-28,60,3,cross_industry_degree_percentile,ORIGINAL,5071,5071,276,0.004338394793926247,0.5085781897061723,1.0,0.19956616052060738,0.40455531453362253,0.6054032735160718,0.8015184381778742,5,PASS,1093,1019,991,971,997
2025-02-28,60,4,cross_industry_degree_ratio,ORIGINAL,5071,5046,1528,0.0,0.8181818181818182,1.0,0.5227272727272727,0.75,0.8709677419354839,0.9625,5,PASS,1010,1025,993,1009,1009
2025-02-28,60,5,delta_residual_degree_percentile_1m,ORIGINAL,5071,5052,3147,-0.805289015173912,0.005138576030731201,0.8365769628435373,-0.11903526782989501,-0.02267971038818357,0.03457942605018616,0.12753961086273194,5,PASS,1011,1010,1013,1007,1011
2025-02-28,60,6,delta_cross_industry_degree_percentile_1m,ORIGINAL,5071,5052,2594,-0.8652838333731774,0.006780393642535354,0.8742135835983745,-0.1388831196339904,-0.02271611860347639,0.03988970378287926,0.14277564962197792,5,PASS,1011,1010,1021,1001,1009
2025-02-28,60,7,neighbor_jaccard_1m,ORIGINAL,5071,5047,1827,0.0,0.19322033898305085,1.0,0.043478260869565216,0.13793103448275862,0.25,0.4009039548022601,5,PASS,1015,1007,1014,1001,1010
2025-02-28,60,8,neighbor_retention_1m,ORIGINAL,5071,5008,1492,0.0,0.380672268907563,1.0,0.09523809523809523,0.2857142857142857,0.48944854537559696,0.6666666666666666,5,PASS,1005,1048,952,1060,943
2025-02-28,60,9,outside_community_degree_percentile,ORIGINAL,5071,5071,132,0.03322816012620785,0.4940840070991915,1.0,0.20222835732597122,0.43107868270558075,0.5936698875961349,0.8035890356931572,5,PASS,1259,1089,770,989,964
2025-02-28,120,1,residual_degree_percentile,ORIGINAL,5082,5082,353,0.018004722893238068,0.4981306493282318,1.0,0.21113735437393188,0.3904958665370941,0.5988783836364746,0.8008658289909363,5,PASS,1156,883,1022,1019,1002
2025-02-28,120,2,delta_degree_percentile,ORIGINAL,5082,5082,2400,-0.9259149990975857,0.01254427433013916,0.78502556681633,-0.1887052282691002,-0.05480128526687622,0.08717039227485657,0.2379771947860718,5,PASS,1125,909,1017,1014,1017
2025-02-28,120,3,cross_industry_degree_percentile,ORIGINAL,5082,5082,316,0.029319165682802045,0.48760330578512395,1.0,0.22520661157024793,0.40279417552144825,0.5999606454151909,0.800275482093664,5,PASS,1283,855,945,989,1010
2025-02-28,120,4,cross_industry_degree_ratio,ORIGINAL,5082,4900,1498,0.0,0.7546591040629702,1.0,0.3799493670886076,0.6666666666666666,0.8333333333333334,0.9736842105263158,5,PASS,980,1095,870,980,975
2025-02-28,120,5,delta_residual_degree_percentile_1m,ORIGINAL,5082,5075,2548,-0.8241567462682724,0.001190185546875,0.5296466127038002,-0.05322717428207397,-0.00878618955612182,0.012295103073120124,0.05259762331843376,5,PASS,1015,1015,1015,1018,1012
2025-02-28,120,6,delta_cross_industry_degree_percentile_1m,ORIGINAL,5082,5075,1981,-0.7481096546763059,0.001693572399648513,0.5938506484981475,-0.06445146389290479,-0.011020407498978202,0.012529529501136075,0.06717702851649646,5,PASS,1019,1041,1018,1010,987
2025-02-28,120,7,neighbor_jaccard_1m,ORIGINAL,5082,4984,1630,0.0,0.5384615384615384,1.0,0.27630227439471755,0.4827586206896552,0.6086956521739131,0.7325113483008221,5,PASS,997,998,999,993,997
2025-02-28,120,8,neighbor_retention_1m,ORIGINAL,5082,4913,1424,0.0,0.7142857142857143,1.0,0.40816326530612246,0.64,0.7777777777777778,0.8853085517385403,5,PASS,984,986,1000,960,983
2025-02-28,120,9,outside_community_degree_percentile,ORIGINAL,5082,5082,161,0.10222353404171586,0.49104683195592286,1.0,0.10222353404171586,0.40053128689492323,0.6101928374655647,0.7977174340810704,4,FEWER_THAN_5_PORTFOLIOS,0,0,0,0,0
2025-02-28,252,1,residual_degree_percentile,ORIGINAL,5052,5052,348,0.04196357727050781,0.5001979470252991,1.0,0.21110451221466064,0.4070664942264557,0.6002573370933533,0.8001781702041626,5,PASS,1167,936,946,999,1004
2025-02-28,252,2,delta_degree_percentile,ORIGINAL,5052,5052,2694,-0.9528899192810059,0.020190030336380005,0.8445170521736145,-0.218131422996521,-0.03756928443908691,0.07654393911361691,0.23998415470123294,5,PASS,1025,996,1010,1010,1011
2025-02-28,252,3,cross_industry_degree_percentile,ORIGINAL,5052,5052,300,0.07501979414093428,0.49574425969912905,1.0,0.19972288202692004,0.39647664291369755,0.599366587490103,0.7987925574030087,5,PASS,1260,860,949,974,1009
2025-02-28,252,4,cross_industry_degree_ratio,ORIGINAL,5052,4629,1516,0.0,0.625,1.0,0.21428571428571427,0.4961881420451583,0.75,0.9173857002047161,5,PASS,933,919,977,874,926
2025-02-28,252,5,delta_residual_degree_percentile_1m,ORIGINAL,5052,5046,2435,-0.48368507623672485,0.0006553828716278076,0.5413347780704498,-0.039136409759521484,-0.014069080352783203,0.014377295970916748,0.05171436071395874,5,PASS,1011,1009,1008,1014,1004
2025-02-28,252,6,delta_cross_industry_degree_percentile_1m,ORIGINAL,5052,5046,1834,-0.580060419762809,-0.00446514890415961,0.5920830375385358,-0.05012857370688864,-0.02381165763169396,0.00959815894495225,0.05977630621336083,5,PASS,1120,1034,879,1022,991
2025-02-28,252,7,neighbor_jaccard_1m,ORIGINAL,5052,4669,1481,0.0,0.6346153846153846,1.0,0.4,0.5714285714285714,0.6847451680806276,0.7880888376856119,5,PASS,975,939,887,934,934
2025-02-28,252,8,neighbor_retention_1m,ORIGINAL,5052,4452,1297,0.0,0.9,1.0,0.6666666666666666,0.8461538461538461,0.9444444444444444,1.0,4,FEWER_THAN_5_PORTFOLIOS,0,0,0,0,0
2025-02-28,252,9,outside_community_degree_percentile,ORIGINAL,5052,5052,163,0.18844022169437846,0.44546714172604907,1.0,0.18844022169437846,0.44546714172604907,0.6180720506730008,0.7980997624703088,4,FEWER_THAN_5_PORTFOLIOS,0,0,0,0,0
2025-03-31,60,1,residual_degree_percentile,ORIGINAL,5068,5068,272,0.0016771901864558458,0.5001972913742065,1.0,0.197612464427948,0.3981846868991852,0.5973756909370422,0.8003749132156385,5,PASS,1044,1009,997,1004,1014
2025-03-31,60,2,delta_degree_percentile,ORIGINAL,5068,5068,2610,-0.9884569894056767,0.017462506890296936,0.8267561048269272,-0.18922650814056396,-0.03906866908073425,0.07038279771804788,0.21921861171722412,5,PASS,1015,1045,981,1016,1011
2025-03-31,60,3,cross_industry_degree_percentile,ORIGINAL,5068,5068,234,0.0027624309392265192,0.5061168113654302,0.9999013417521705,0.20511049723756905,0.3983820047355959,0.601223362273086,0.800611681136543,5,PASS,1136,945,1001,987,999
2025-03-31,60,4,cross_industry_degree_ratio,ORIGINAL,5068,5052,1606,0.0,0.7777777777777778,1.0,0.48091168091168096,0.7046944858420269,0.8461538461538461,0.9498989898989899,5,PASS,1011,1010,1035,985,1011
2025-03-31,60,5,delta_residual_degree_percentile_1m,ORIGINAL,5068,5048,3346,-0.7685903608798981,0.0020328685641288757,0.8444888070225716,-0.1384001612663269,-0.03087736666202545,0.034591561555862425,0.13572049140930176,5,PASS,1010,1013,1006,1010,1009
2025-03-31,60,6,delta_cross_industry_degree_percentile_1m,ORIGINAL,5068,5048,2658,-0.8251682851729591,0.003342425093273038,0.8471390742381621,-0.16332212417919684,-0.02962068462092432,0.03956129589661067,0.15628443116428642,5,PASS,1012,1019,1000,1008,1009
2025-03-31,60,7,neighbor_jaccard_1m,ORIGINAL,5068,5046,1901,0.0,0.18181818181818182,1.0,0.043478260869565216,0.13043478260869565,0.23684210526315788,0.36160714285714285,5,PASS,1022,1000,1006,1009,1009
2025-03-31,60,8,neighbor_retention_1m,ORIGINAL,5068,5023,1546,0.0,0.35,1.0,0.09523809523809523,0.2631578947368421,0.43321044546850995,0.6,5,PASS,1012,1001,1001,1032,977
2025-03-31,60,9,outside_community_degree_percentile,ORIGINAL,5068,5068,128,0.015489344909234412,0.5165745856353591,1.0,0.18537884767166535,0.3737174427782163,0.5923441199684294,0.7945935280189423,5,PASS,1102,934,1050,972,1010
2025-03-31,120,1,residual_degree_percentile,ORIGINAL,5089,5089,362,0.021418746560811996,0.5051090717315674,1.0,0.20379249751567918,0.3963450491428375,0.6017881631851196,0.7993711829185486,5,PASS,1018,1048,1018,989,1016
2025-03-31,120,2,delta_degree_percentile,ORIGINAL,5089,5089,2341,-0.952151719480753,0.014541178941726685,0.7779524475336075,-0.18127333000302315,-0.055610135197639465,0.07840441167354584,0.23187266290187836,5,PASS,1190,871,1022,1015,991
2025-03-31,120,3,cross_industry_degree_percentile,ORIGINAL,5089,5089,325,0.03212811947337394,0.5003930045195519,1.0,0.17056396148555708,0.4143250147376695,0.59451758695225,0.7989781882491649,5,PASS,1043,1153,868,1008,1017
2025-03-31,120,4,cross_industry_degree_ratio,ORIGINAL,5089,4872,1515,0.0,0.75,1.0,0.3873029901310944,0.6486486486486487,0.828796992481203,0.9751836224410065,5,PASS,975,976,972,974,975
2025-03-31,120,5,delta_residual_degree_percentile_1m,ORIGINAL,5089,5081,2533,-0.5365054458379745,0.003414023667573929,0.6787372194230556,-0.056910812854766846,-0.011000216007232666,0.009070634841918945,0.05290579795837402,5,PASS,1017,1020,1014,1014,1016
2025-03-31,120,6,delta_cross_industry_degree_percentile_1m,ORIGINAL,5089,5081,1980,-0.6375837908912811,0.0029191141483251304,0.6860569196132532,-0.06330201206404781,-0.009417763262955181,0.011084919831950035,0.07079873567306355,5,PASS,1071,962,1018,1023,1007
2025-03-31,120,7,neighbor_jaccard_1m,ORIGINAL,5089,4962,1617,0.0,0.5333333333333333,1.0,0.2631578947368421,0.47058823529411764,0.6,0.7096774193548387,5,PASS,997,997,985,991,992
2025-03-31,120,8,neighbor_retention_1m,ORIGINAL,5089,4899,1375,0.0,0.7272727272727273,1.0,0.43478260869565216,0.6628412537917088,0.7878787878787878,0.8784288961859056,5,PASS,981,979,983,976,980
2025-03-31,120,9,outside_community_degree_percentile,ORIGINAL,5089,5089,158,0.10257417960306543,0.48457457260758496,1.0,0.10257417960306543,0.3946747887600707,0.6040479465513854,0.7990764393790528,4,FEWER_THAN_5_PORTFOLIOS,0,0,0,0,0
2025-03-31,252,1,residual_degree_percentile,ORIGINAL,5057,5057,333,0.031144946813583374,0.5024718046188354,1.0,0.20061300694942474,0.3941071927547455,0.5991694927215576,0.8002768158912659,5,PASS,1103,924,1023,1002,1005
2025-03-31,252,2,delta_degree_percentile,ORIGINAL,5057,5057,2758,-0.9575835764408112,0.016412854194641113,0.8421989232301712,-0.19477951526641846,-0.04904094934463501,0.07016013860702514,0.22137631475925446,5,PASS,1023,1000,1011,1026,997
2025-03-31,252,3,cross_industry_degree_percentile,ORIGINAL,5057,5057,281,0.055566541427723944,0.5084041922088195,1.0,0.2270120624876409,0.3849120031639312,0.6017401621514732,0.8017599367213764,5,PASS,1314,733,1029,990,991
2025-03-31,252,4,cross_industry_degree_ratio,ORIGINAL,5057,4743,1604,0.0,0.6029411764705882,1.0,0.23076923076923078,0.48950839328537177,0.7284151472650771,0.9065000000000001,5,PASS,951,946,949,948,949
2025-03-31,252,5,delta_residual_degree_percentile_1m,ORIGINAL,5057,5051,2623,-0.591950535774231,0.003910064697265625,0.5180263221263885,-0.05097728967666626,-0.010818630456924438,0.020653441548347473,0.060110896825790405,5,PASS,1012,1069,964,1004,1002
2025-03-31,252,6,delta_cross_industry_degree_percentile_1m,ORIGINAL,5057,5051,1920,-0.6093156777581181,0.0018410664740251548,0.6046321734287711,-0.057429742738012324,-0.019453252713210335,0.020899454062171086,0.07754101266151776,5,PASS,1033,1034,964,1136,884
2025-03-31,252,7,neighbor_jaccard_1m,ORIGINAL,5057,4799,1660,0.0,0.5714285714285714,1.0,0.3333333333333333,0.5,0.626767262588158,0.74,5,PASS,1022,944,913,962,958
2025-03-31,252,8,neighbor_retention_1m,ORIGINAL,5057,4628,1373,0.0,0.8725881261595547,1.0,0.5838210950432583,0.8,0.9302325581395349,1.0,4,FEWER_THAN_5_PORTFOLIOS,0,0,0,0,0
2025-03-31,252,9,outside_community_degree_percentile,ORIGINAL,5057,5057,157,0.13357721969547162,0.5325291674906071,1.0,0.13357721969547162,0.3377496539450267,0.5907652758552502,0.8008700810757367,4,FEWER_THAN_5_PORTFOLIOS,0,0,0,0,0
2025-04-30,60,1,residual_degree_percentile,ORIGINAL,5078,5078,309,0.004233950283378363,0.498916894197464,1.0,0.19958645105361938,0.40419456362724304,0.6009255647659302,0.8005907773971569,5,PASS,1060,1029,985,988,1016
2025-04-30,60,2,delta_degree_percentile,ORIGINAL,5078,5078,2281,-0.943284772336483,-0.0013292431831359863,0.7804253846406937,-0.2030327320098877,-0.07443876564502716,0.07032294273376427,0.2579755634069443,5,PASS,1017,1017,1013,1039,992
2025-04-30,60,3,cross_industry_degree_percentile,ORIGINAL,5078,5078,268,0.007877116975187082,0.49783379283182355,1.0,0.2050019692792438,0.38912957857424185,0.604864119732178,0.7997243009058684,5,PASS,1110,927,1064,970,1007
2025-04-30,60,4,cross_industry_degree_ratio,ORIGINAL,5078,5036,1592,0.0,0.7741935483870968,1.0,0.5,0.7,0.84,0.9444444444444444,5,PASS,1088,932,1003,1017,996
2025-04-30,60,5,delta_residual_degree_percentile_1m,ORIGINAL,5078,5049,3554,-0.7968843430280685,-0.017446696758270264,0.8579428195953369,-0.18498875200748444,-0.061601686477661136,0.02354606389999389,0.1747253566980362,5,PASS,1015,1005,1009,1010,1010
2025-04-30,60,6,delta_cross_industry_degree_percentile_1m,ORIGINAL,5078,5049,2850,-0.8320524599204268,-0.013907082659680325,0.9373891211854346,-0.20589230265164146,-0.06632035899012498,0.030921569840402834,0.198122314778174,5,PASS,1010,1010,1009,1010,1010
2025-04-30,60,7,neighbor_jaccard_1m,ORIGINAL,5078,5048,1941,0.0,0.16666666666666666,1.0,0.044642857142857144,0.12121212121212122,0.21283571677711888,0.3333333333333333,5,PASS,1011,1011,1007,1059,960
2025-04-30,60,8,neighbor_retention_1m,ORIGINAL,5078,5033,1544,0.0,0.2972972972972973,1.0,0.09375,0.23076923076923078,0.36548775748153906,0.5,5,PASS,1008,1021,991,1021,992
2025-04-30,60,9,outside_community_degree_percentile,ORIGINAL,5078,5078,151,0.03219771563607719,0.4885781803859787,1.0,0.17802284363922805,0.3779046868846002,0.5997439936983064,0.8013981882630957,5,PASS,1100,974,1048,976,980
2025-04-30,120,1,residual_degree_percentile,ORIGINAL,5089,5089,339,0.010316368192434311,0.49695420265197754,1.0,0.20475535094738007,0.390843003988266,0.5950088500976562,0.8014344573020935,5,PASS,1093,948,1013,1032,1003
2025-04-30,120,2,delta_degree_percentile,ORIGINAL,5089,5089,2381,-0.958145011216402,0.012379646301269531,0.7937708795070648,-0.19489094018936154,-0.062487706542015076,0.0731184720993041,0.2316368937492371,5,PASS,1018,1028,1007,1018,1018
2025-04-30,120,3,cross_industry_degree_percentile,ORIGINAL,5089,5089,299,0.0171939477303989,0.5043230497150717,1.0,0.21801925722145804,0.406170170956966,0.593142071133818,0.7985851837296128,5,PASS,1216,923,918,1019,1013
2025-04-30,120,4,cross_industry_degree_ratio,ORIGINAL,5089,4985,1535,0.0,0.7368421052631579,1.0,0.42084210526315796,0.6446936656282451,0.8043478260869565,0.9390983000739099,5,PASS,997,997,998,996,997
2025-04-30,120,5,delta_residual_degree_percentile_1m,ORIGINAL,5089,5081,2637,-0.8999803699553013,0.00029480457305908203,0.7412064969539642,-0.10247592628002167,-0.021713480353355408,0.028689324855804443,0.10787974670529366,5,PASS,1019,1018,1013,1023,1008
2025-04-30,120,6,delta_cross_industry_degree_percentile_1m,ORIGINAL,5089,5081,2121,-0.9199253291412851,0.0033405384161918072,0.8470229907643938,-0.1171153468264885,-0.018765965808606788,0.03478089998034972,0.12694045981528784,5,PASS,1031,1007,1013,1015,1015
2025-04-30,120,7,neighbor_jaccard_1m,ORIGINAL,5089,5022,1824,0.0,0.29526825633383014,1.0,0.10214547357404503,0.23076923076923078,0.3543248945147679,0.5,5,PASS,1005,1017,991,1109,900
2025-04-30,120,8,neighbor_retention_1m,ORIGINAL,5089,4863,1490,0.0,0.5714285714285714,1.0,0.25,0.48484848484848486,0.6666666666666666,0.8333333333333334,5,PASS,985,961,1067,907,943
2025-04-30,120,9,outside_community_degree_percentile,ORIGINAL,5089,5089,168,0.059736686971900176,0.48958538023187265,1.0,0.17243073295342898,0.43083120455885243,0.5859697386519945,0.7957359009628611,5,PASS,1147,1210,730,988,1014
2025-04-30,252,1,residual_degree_percentile,ORIGINAL,5054,5054,314,0.027502967044711113,0.49732884764671326,1.0,0.19934704899787903,0.39780372381210327,0.5973486304283142,0.7991690039634705,5,PASS,1076,972,987,1009,1010
2025-04-30,252,2,delta_degree_percentile,ORIGINAL,5054,5054,2661,-0.9612188208848238,0.013850420713424683,0.8209338933229446,-0.20122677087783813,-0.04916897416114807,0.07781952619552607,0.2325880527496338,5,PASS,1013,1067,952,1012,1010
2025-04-30,252,3,cross_industry_degree_percentile,ORIGINAL,5054,5054,275,0.047586070439256035,0.5086070439256035,1.0,0.1981598733676296,0.38979026513652554,0.5992283339928769,0.799564701226751,5,PASS,1168,894,997,991,1004
2025-04-30,252,4,cross_industry_degree_ratio,ORIGINAL,5054,4777,1623,0.0,0.6,1.0,0.23809523809523808,0.4763183125599233,0.7142857142857143,0.9,5,PASS,957,954,968,946,952
2025-04-30,252,5,delta_residual_degree_percentile_1m,ORIGINAL,5054,5052,2653,-0.45939837396144867,-0.003641979768872261,0.5351408272981644,-0.05478370189666748,-0.012437790632247925,0.007251715660095207,0.04550695419311524,5,PASS,1012,1011,1008,1010,1011
2025-04-30,252,6,delta_cross_industry_degree_percentile_1m,ORIGINAL,5054,5052,1865,-0.6340529010045278,-0.0077293762073972205,0.6381414126680417,-0.06194313594316436,-0.018300613215125217,0.006017545607302698,0.05913609779264306,5,PASS,1012,1011,1008,1026,995
2025-04-30,252,7,neighbor_jaccard_1m,ORIGINAL,5054,4852,1643,0.0,0.6086956521739131,1.0,0.35714285714285715,0.5405405405405406,0.6666666666666666,0.7741536003195846,5,PASS,979,964,1011,927,971
2025-04-30,252,8,neighbor_retention_1m,ORIGINAL,5054,4737,1384,0.0,0.8125,1.0,0.5928240740740741,0.7533157121879589,0.8585477415666095,0.9439417218543047,5,PASS,948,947,947,947,948
2025-04-30,252,9,outside_community_degree_percentile,ORIGINAL,5054,5054,145,0.10625247328848438,0.4766521567075584,1.0,0.10625247328848438,0.3869212504946577,0.5955678670360111,0.7959042342698852,4,FEWER_THAN_5_PORTFOLIOS,0,0,0,0,0
2025-05-30,60,1,residual_degree_percentile,ORIGINAL,5066,5066,296,0.004441373981535435,0.4988156259059906,1.0,0.19709829986095428,0.40515199303627014,0.5977102518081665,0.7999407649040222,5,PASS,1045,1044,959,1013,1005
2025-05-30,60,2,delta_degree_percentile,ORIGINAL,5066,5066,2140,-0.938511616550386,-0.006217926740646362,0.7479273676872253,-0.22414135932922363,-0.07254242897033691,0.07797074317932129,0.2535530924797058,5,PASS,1014,1013,1013,1013,1013
2025-05-30,60,3,cross_industry_degree_percentile,ORIGINAL,5066,5066,257,0.007599684168969601,0.5000986971969996,1.0,0.19542045005921832,0.39301223845242794,0.6047177260165811,0.7995459928938018,5,PASS,1076,978,1043,965,1004
2025-05-30,60,4,cross_industry_degree_ratio,ORIGINAL,5066,5022,1633,0.0,0.7777777777777778,1.0,0.49376023827252424,0.7045454545454546,0.84,0.9544409613375132,5,PASS,1005,1005,1009,998,1005
2025-05-30,60,5,delta_residual_degree_percentile_1m,ORIGINAL,5066,5051,3330,-0.7457467056810856,0.00020742369815707207,0.7371108829975128,-0.1156243085861206,-0.025974929332733154,0.027479469776153564,0.12758768163621426,5,PASS,1011,1010,1011,1010,1009
2025-05-30,60,6,delta_cross_industry_degree_percentile_1m,ORIGINAL,5066,5051,2655,-0.8072699134714405,0.0011056496156989781,0.7147338083341639,-0.12898755723387867,-0.026781459138738528,0.032586867916172935,0.1415523829056299,5,PASS,1011,1010,1015,1006,1009
2025-05-30,60,7,neighbor_jaccard_1m,ORIGINAL,5066,5043,1926,0.0,0.2714285714285714,1.0,0.09090909090909091,0.21052631578947367,0.3333333333333333,0.47194161503727816,5,PASS,1019,1002,1034,979,1009
2025-05-30,60,8,neighbor_retention_1m,ORIGINAL,5066,5012,1591,0.0,0.47320574162679424,1.0,0.1746825396825397,0.3848976711362033,0.5490196078431373,0.6907216494845361,5,PASS,1003,1002,1004,1001,1002
2025-05-30,60,9,outside_community_degree_percentile,ORIGINAL,5066,5066,149,0.032175286221871296,0.5240821160679037,1.0,0.18673509672325306,0.4189696012633241,0.6093564942755626,0.794512435846822,5,PASS,1173,1118,903,868,1004
2025-05-30,120,1,residual_degree_percentile,ORIGINAL,5083,5083,329,0.008164470084011555,0.49832776188850403,1.0,0.2004721611738205,0.4072398245334625,0.6011213660240173,0.7984458208084106,5,PASS,1079,1030,963,996,1015
2025-05-30,120,2,delta_degree_percentile,ORIGINAL,5083,5083,2400,-0.9396025761961937,0.003541216254234314,0.7948062419891357,-0.1954554319381714,-0.06384025514125824,0.07023411989212036,0.23791066408157352,5,PASS,1021,1024,1006,1015,1017
2025-05-30,120,3,cross_industry_degree_percentile,ORIGINAL,5083,5083,278,0.014263230375762345,0.4896714538658273,1.0,0.2015542002754279,0.40468227424749165,0.6001377139484556,0.7992327365728901,5,PASS,1141,989,959,984,1010
2025-05-30,120,4,cross_industry_degree_ratio,ORIGINAL,5083,5001,1588,0.0,0.7142857142857143,1.0,0.3958333333333333,0.631578947368421,0.8,0.9285714285714286,5,PASS,1001,1001,1060,953,986
2025-05-30,120,5,delta_residual_degree_percentile_1m,ORIGINAL,5083,5074,2836,-0.6443410813808441,0.0021944046020507812,0.5802234560251236,-0.07119938731193542,-0.011135518550872803,0.018616706132888794,0.07288141250610353,5,PASS,1020,1019,1008,1012,1015
2025-05-30,120,6,delta_cross_industry_degree_percentile_1m,ORIGINAL,5083,5074,2163,-0.7824701621389126,0.004674795718639824,0.7008833555550084,-0.08408615064211937,-0.012958769279633853,0.02502333150232758,0.09380446892451877,5,PASS,1023,1007,1014,1029,1001
2025-05-30,120,7,neighbor_jaccard_1m,ORIGINAL,5083,5033,1797,0.0,0.4634146341463415,1.0,0.2222222222222222,0.4,0.5192307692307693,0.6363636363636364,5,PASS,1015,1044,963,1009,1002
2025-05-30,120,8,neighbor_retention_1m,ORIGINAL,5083,4971,1468,0.0,0.6909090909090909,1.0,0.4,0.6111111111111112,0.75,0.865979381443299,5,PASS,1014,975,999,989,994
2025-05-30,120,9,outside_community_degree_percentile,ORIGINAL,5083,5083,152,0.04751131221719457,0.49901632893960257,1.0,0.22221129254377336,0.38077906747983475,0.5856777493606138,0.8033641550265591,5,PASS,1355,742,980,1033,973
2025-05-30,252,1,residual_degree_percentile,ORIGINAL,5056,5056,333,0.02828322723507881,0.4983188211917877,1.0,0.1826542764902115,0.399030864238739,0.5971123576164246,0.8005340099334717,5,PASS,1019,1036,981,1018,1002
2025-05-30,252,2,delta_degree_percentile,ORIGINAL,5056,5056,2579,-0.9509493820369244,0.01483386754989624,0.8109177201986313,-0.185522198677063,-0.05419304221868515,0.07674050331115723,0.22933149337768555,5,PASS,1012,1039,1055,940,1010
2025-05-30,252,3,cross_industry_degree_percentile,ORIGINAL,5056,5056,272,0.05003955696202532,0.4994066455696203,1.0,0.20797072784810128,0.4110957278481013,0.6005735759493671,0.8015229430379747,5,PASS,1220,946,905,991,994
2025-05-30,252,4,cross_industry_degree_ratio,ORIGINAL,5056,4771,1593,0.0,0.6,1.0,0.24210526315789474,0.4925373134328358,0.7216981132075472,0.9081632653061225,5,PASS,956,953,954,954,954
2025-05-30,252,5,delta_residual_degree_percentile_1m,ORIGINAL,5056,5052,2325,-0.3558226525783539,0.0009899735450744629,0.40070115216076374,-0.031055033206939697,-0.0036526679992675767,0.006966337561607361,0.033934175968170166,5,PASS,1012,1009,1025,996,1010
2025-05-30,252,6,delta_cross_industry_degree_percentile_1m,ORIGINAL,5056,5052,1647,-0.4857372262476644,0.002453486522769284,0.42232974069918305,-0.04182506931469243,-0.00187968359439575,0.00981085448047167,0.042592266183446664,5,PASS,1020,1001,1077,943,1011
2025-05-30,252,7,neighbor_jaccard_1m,ORIGINAL,5056,4827,1529,0.0,0.7272727272727273,1.0,0.5,0.6666666666666666,0.7692307692307693,0.8536585365853658,5,PASS,1009,952,944,958,964
2025-05-30,252,8,neighbor_retention_1m,ORIGINAL,5056,4776,1248,0.0,0.8571428571428571,1.0,0.6666666666666666,0.8095238095238095,0.8918918918918919,0.9512195121951219,5,PASS,1063,850,953,955,955
2025-05-30,252,9,outside_community_degree_percentile,ORIGINAL,5056,5056,149,0.11293512658227849,0.4939675632911392,1.0,0.11293512658227849,0.4107990506329114,0.6066060126582279,0.8043908227848101,4,FEWER_THAN_5_PORTFOLIOS,0,0,0,0,0
2025-06-30,60,1,residual_degree_percentile,ORIGINAL,5084,5084,328,0.009736428037285805,0.5057041645050049,1.0,0.18971282243728638,0.39929190278053284,0.600314736366272,0.8011408448219299,5,PASS,1025,1052,993,1009,1005
2025-06-30,60,2,delta_degree_percentile,ORIGINAL,5084,5084,2102,-0.9347954299300909,-0.001967012882232666,0.7233477830886841,-0.22354444861412048,-0.07926827669143677,0.07523602247238159,0.25963807106018066,5,PASS,1082,953,1017,1016,1016
2025-06-30,60,3,cross_industry_degree_percentile,ORIGINAL,5084,5084,287,0.01642407553107789,0.5081628638867034,1.0,0.19059795436664045,0.395456333595594,0.6040519276160503,0.8013375295043274,5,PASS,1076,997,1029,982,1000
2025-06-30,60,4,cross_industry_degree_ratio,ORIGINAL,5084,4986,1564,0.0,0.7829127394344786,1.0,0.47368421052631576,0.7072243346007605,0.8461538461538461,0.9583333333333334,5,PASS,1007,988,1008,990,993
2025-06-30,60,5,delta_residual_degree_percentile_1m,ORIGINAL,5084,5054,3185,-0.7044905722141266,0.0004903674125671387,0.652643159031868,-0.10684809684753419,-0.02321878671646117,0.027063593268394467,0.11687367558479313,5,PASS,1011,1011,1010,1011,1011
2025-06-30,60,6,delta_cross_industry_degree_percentile_1m,ORIGINAL,5084,5054,2535,-0.7162480435280264,0.0036461858464336694,0.6998377126105355,-0.11976160938398349,-0.023356718848571018,0.0304124036362812,0.12938352224282273,5,PASS,1011,1025,1011,1001,1006
2025-06-30,60,7,neighbor_jaccard_1m,ORIGINAL,5084,5037,1933,0.0,0.24031007751937986,1.0,0.0625,0.18181818181818182,0.30053097345132734,0.4444444444444444,5,PASS,1018,1011,993,1010,1005
2025-06-30,60,8,neighbor_retention_1m,ORIGINAL,5084,5010,1593,0.0,0.4,1.0,0.1111111111111111,0.3055555555555556,0.5,0.6500699300699302,5,PASS,1019,988,1154,847,1002
2025-06-30,60,9,outside_community_degree_percentile,ORIGINAL,5084,5084,122,0.05881195908733281,0.47000393391030687,1.0,0.17456726986624704,0.3802124311565696,0.6005114083398898,0.7956333595594021,5,PASS,1177,995,1008,916,988
2025-06-30,120,1,residual_degree_percentile,ORIGINAL,5091,5091,314,0.007071302272379398,0.49558043479919434,1.0,0.20094284415245056,0.3944215178489685,0.5969357490539551,0.7987625002861023,5,PASS,1076,965,1017,1018,1015
2025-06-30,120,2,delta_degree_percentile,ORIGINAL,5091,5091,2382,-0.9319387264549732,0.0018660426139831543,0.7929680049419403,-0.192005499266088,-0.060597121715545654,0.07798075675964355,0.2406206727027893,5,PASS,1073,964,1071,965,1018
2025-06-30,120,3,cross_industry_degree_percentile,ORIGINAL,5091,5091,259,0.012669416617560401,0.5061873895109016,1.0,0.18218424670988018,0.41180514633667253,0.5958554311530151,0.800530347672363,5,PASS,1027,1129,913,1019,1003
2025-06-30,120,4,cross_industry_degree_ratio,ORIGINAL,5091,5020,1656,0.0,0.7083333333333334,1.0,0.379565772669221,0.6181313131313132,0.7857142857142857,0.9230769230769231,5,PASS,1004,1004,1012,1005,995
2025-06-30,120,5,delta_residual_degree_percentile_1m,ORIGINAL,5091,5081,2924,-0.6898089349269867,0.00368654727935791,0.7336611449718475,-0.0741850733757019,-0.011608302593231201,0.020878106355667114,0.07658539712429047,5,PASS,1017,1016,1016,1026,1006
2025-06-30,120,6,delta_cross_industry_degree_percentile_1m,ORIGINAL,5091,5081,2204,-0.6778393613955693,0.0031487714468211303,0.7376856884420254,-0.08487038940660274,-0.013411353074998994,0.025795020108740574,0.09347624560946702,5,PASS,1017,1027,1006,1015,1016
2025-06-30,120,7,neighbor_jaccard_1m,ORIGINAL,5091,5045,1824,0.0,0.4714285714285714,1.0,0.22603085553997196,0.4,0.5294117647058824,0.64,5,PASS,1009,1024,999,1006,1007
2025-06-30,120,8,neighbor_retention_1m,ORIGINAL,5091,4999,1497,0.0,0.6875,1.0,0.4,0.6170212765957447,0.75,0.8518518518518519,5,PASS,1023,978,1063,940,995
2025-06-30,120,9,outside_community_degree_percentile,ORIGINAL,5091,5091,143,0.040856413278334315,0.4830092319780004,1.0,0.2107640934983304,0.42742093891180516,0.5820074641524259,0.7947358082891377,5,PASS,1280,1055,733,1014,1009
2025-06-30,252,1,residual_degree_percentile,ORIGINAL,5049,5049,326,0.027431175112724304,0.4968310594558716,1.0,0.2093483805656433,0.40136662125587463,0.6036838889122009,0.8004555106163025,5,PASS,1131,936,1002,977,1003
2025-06-30,252,2,delta_degree_percentile,ORIGINAL,5049,5049,2555,-0.9670231491327286,0.0030699074268341064,0.794117659330368,-0.17755991220474243,-0.052386635541915895,0.07991683483123779,0.2252921462059021,5,PASS,1019,1001,1010,1013,1006
2025-06-30,252,3,cross_industry_degree_percentile,ORIGINAL,5049,5049,277,0.04951475539710834,0.5000990295107942,1.0,0.20330758566052684,0.4036442859972272,0.6015052485640721,0.8021390374331551,5,PASS,1192,938,947,985,987
2025-06-30,252,4,cross_industry_degree_ratio,ORIGINAL,5049,4773,1586,0.0,0.6086956521739131,1.0,0.23529411764705882,0.5,0.7152074542897328,0.9090909090909091,5,PASS,956,1074,834,966,943
2025-06-30,252,5,delta_residual_degree_percentile_1m,ORIGINAL,5049,5044,2432,-0.5034109950065613,-0.0003222823143005371,0.3678990751504898,-0.03450612723827362,-0.003509894013404846,0.00853962898254394,0.03659088611602784,5,PASS,1023,1015,988,1009,1009
2025-06-30,252,6,delta_cross_industry_degree_percentile_1m,ORIGINAL,5049,5044,1688,-0.5095049919021437,-0.0005248015649169796,0.5413865792449187,-0.0453087511375858,-0.0035525936016907113,0.0028516816840531527,0.04949375863374372,5,PASS,1009,1009,1008,1054,964
2025-06-30,252,7,neighbor_jaccard_1m,ORIGINAL,5049,4818,1492,0.0,0.7272727272727273,1.0,0.5,0.6666666666666666,0.775,0.8533333333333334,5,PASS,1086,874,933,962,963
2025-06-30,252,8,neighbor_retention_1m,ORIGINAL,5049,4758,1227,0.0,0.8809523809523809,1.0,0.6666666666666666,0.8333333333333334,0.9166666666666666,0.9767441860465116,5,PASS,967,944,964,932,951
2025-06-30,252,9,outside_community_degree_percentile,ORIGINAL,5049,5049,139,0.11645870469399881,0.5034660328777976,1.0,0.11645870469399881,0.4180035650623886,0.6155674390968509,0.8043176866706279,4,FEWER_THAN_5_PORTFOLIOS,0,0,0,0,0
2025-07-31,60,1,residual_degree_percentile,ORIGINAL,5093,5093,287,0.001570783439092338,0.5052032470703125,1.0,0.1972315013408661,0.3935794234275818,0.6012173295021057,0.8008050322532654,5,PASS,1044,1002,1039,1002,1006
2025-07-31,60,2,delta_degree_percentile,ORIGINAL,5093,5093,2884,-0.9332417212426662,0.02316907048225403,0.845866896212101,-0.16901630461215972,-0.026408791542053223,0.07549578696489334,0.19821322709321976,5,PASS,1019,1021,1046,992,1015
2025-07-31,60,3,cross_industry_degree_percentile,ORIGINAL,5093,5093,259,0.002650697035146279,0.48978990771647357,1.0,0.20341645395641075,0.40192420969958764,0.604555271941881,0.8014922442568231,5,PASS,1110,994,1008,983,998
2025-07-31,60,4,cross_industry_degree_ratio,ORIGINAL,5093,5078,1587,0.0,0.7965351732413379,1.0,0.5,0.71875,0.8461538461538461,0.9411764705882353,5,PASS,1037,995,1021,1027,998
2025-07-31,60,5,delta_residual_degree_percentile_1m,ORIGINAL,5093,5072,3527,-0.9503973089158535,0.014101237058639526,0.957964351400733,-0.20071833431720734,-0.03331099748611449,0.06913784146308899,0.20794945061206824,5,PASS,1015,1014,1016,1012,1015
2025-07-31,60,6,delta_cross_industry_degree_percentile_1m,ORIGINAL,5093,5072,2875,-0.9282332679818631,0.014626684811213243,0.973562180113925,-0.22315206629546458,-0.04010829337501082,0.0711932910183722,0.2255207082181728,5,PASS,1015,1017,1024,1001,1015
2025-07-31,60,7,neighbor_jaccard_1m,ORIGINAL,5093,5069,1837,0.0,0.09782608695652174,0.9090909090909091,0.018409560242391418,0.06896551724137931,0.13333333333333333,0.23317176125489636,5,PASS,1014,1022,1008,1011,1014
2025-07-31,60,8,neighbor_retention_1m,ORIGINAL,5093,4975,1504,0.0,0.25,1.0,0.04,0.16666666666666666,0.3476410730804811,0.6,5,PASS,999,1014,972,1038,952
2025-07-31,60,9,outside_community_degree_percentile,ORIGINAL,5093,5093,105,0.01246809346161398,0.48566660121735716,1.0,0.17366974278421363,0.4285293540153151,0.582662477910858,0.7929511093657962,5,PASS,1067,1263,748,1006,1009
2025-07-31,120,1,residual_degree_percentile,ORIGINAL,5102,5102,308,0.005586044862866402,0.4950999617576599,1.0,0.19462954998016357,0.397981196641922,0.5990787744522095,0.8009604215621948,5,PASS,1044,1014,1017,1022,1005
2025-07-31,120,2,delta_degree_percentile,ORIGINAL,5102,5102,2492,-0.9586436580866575,0.0070070624351501465,0.7979224175214767,-0.19639357924461365,-0.05978047102689743,0.07781261205673218,0.2375539094209671,5,PASS,1027,1019,1016,1040,1000
2025-07-31,120,3,cross_industry_degree_percentile,ORIGINAL,5102,5102,265,0.013230105840846726,0.4933359466875735,1.0,0.1840454723637789,0.4024892199137593,0.6032928263426107,0.7991963935711486,5,PASS,1030,1090,989,981,1012
2025-07-31,120,4,cross_industry_degree_ratio,ORIGINAL,5102,5046,1658,0.0,0.7103356216628528,1.0,0.4,0.631578947368421,0.78,0.9166666666666666,5,PASS,1028,996,1004,1009,1009
2025-07-31,120,5,delta_residual_degree_percentile_1m,ORIGINAL,5102,5090,3075,-0.6278174761682749,0.0018323063850402832,0.7467906549572945,-0.08213302865624428,-0.01646995544433593,0.02103659510612488,0.08346529006958009,5,PASS,1022,1014,1018,1018,1018
2025-07-31,120,6,delta_cross_industry_degree_percentile_1m,ORIGINAL,5102,5090,2291,-0.7150770134858782,0.0005606892232863248,0.7556388661676963,-0.09863396801497727,-0.02020414654772744,0.02308009899946417,0.09963367611085468,5,PASS,1023,1013,1020,1016,1018
2025-07-31,120,7,neighbor_jaccard_1m,ORIGINAL,5102,5063,1896,0.0,0.43859649122807015,1.0,0.20930232558139536,0.375,0.5,0.6133333333333333,5,PASS,1014,1037,1124,876,1012
2025-07-31,120,8,neighbor_retention_1m,ORIGINAL,5102,5019,1546,0.0,0.6451612903225806,1.0,0.36081081081081084,0.5675675675675675,0.7111111111111111,0.8269230769230769,5,PASS,1004,1005,1003,1004,1003
2025-07-31,120,9,outside_community_degree_percentile,ORIGINAL,5102,5102,140,0.03920031360250882,0.5203841630733046,1.0,0.197765582124657,0.40797726381811056,0.6016268130145042,0.803802430419446,5,PASS,1211,1031,922,917,1021
2025-07-31,252,1,residual_degree_percentile,ORIGINAL,5055,5055,338,0.02749752812087536,0.4980217516422272,1.0,0.21394658088684082,0.3930761516094208,0.6021760702133179,0.8008902072906494,5,PASS,1170,859,1030,995,1001
2025-07-31,252,2,delta_degree_percentile,ORIGINAL,5055,5055,2517,-0.9723046440631151,0.016815006732940674,0.7964391708374023,-0.17873393893241876,-0.05186942815780638,0.084866464138031,0.23155292868614197,5,PASS,1011,1011,1016,1007,1010
2025-07-31,252,3,cross_industry_degree_percentile,ORIGINAL,5055,5055,293,0.04896142433234421,0.504648862512364,1.0,0.2076162215628091,0.41216617210682494,0.6002967359050445,0.8013847675568744,5,PASS,1210,962,899,989,995
2025-07-31,252,4,cross_industry_degree_ratio,ORIGINAL,5055,4778,1594,0.0,0.625,1.0,0.25,0.5,0.7298155298155297,0.9117231344834754,5,PASS,972,988,907,955,956
2025-07-31,252,5,delta_residual_degree_percentile_1m,ORIGINAL,5055,5047,2416,-0.3816695809364319,0.001955866813659668,0.4131659269332886,-0.036336250603199005,-0.0024514675140380852,0.008247464895248413,0.037574779987335216,5,PASS,1012,1007,1017,1001,1010
2025-07-31,252,6,delta_cross_industry_degree_percentile_1m,ORIGINAL,5055,5047,1657,-0.45113760517845003,0.0021151175453845983,0.5125008742219426,-0.04281705752468541,-0.0005533310647641287,0.0045498330015697475,0.046945336297753826,5,PASS,1010,1355,670,1007,1005
2025-07-31,252,7,neighbor_jaccard_1m,ORIGINAL,5055,4835,1579,0.0,0.7052631578947368,1.0,0.48754119973632176,0.6519104084321476,0.75,0.8361489423355549,5,PASS,967,967,999,935,967
2025-07-31,252,8,neighbor_retention_1m,ORIGINAL,5055,4770,1360,0.0,0.8556623931623931,1.0,0.625,0.8,0.8936170212765957,0.9562166285278414,5,PASS,963,975,926,952,954
2025-07-31,252,9,outside_community_degree_percentile,ORIGINAL,5055,5055,156,0.12007912957467853,0.5099901088031652,1.0,0.12007912957467853,0.42116716122650844,0.5765578635014836,0.8056379821958457,4,FEWER_THAN_5_PORTFOLIOS,0,0,0,0,0
2025-08-29,60,1,residual_degree_percentile,ORIGINAL,5108,5108,294,0.0009788566967472434,0.5002936720848083,1.0,0.20624510943889618,0.39780735969543457,0.5953406691551208,0.799138605594635,5,PASS,1103,970,995,1023,1017
2025-08-29,60,2,delta_degree_percentile,ORIGINAL,5108,5108,2816,-0.922180893830955,0.02089861035346985,0.7626272514462471,-0.14565387181937695,-0.021241188049316406,0.06489825248718262,0.17511748075485228,5,PASS,1026,1018,1022,1020,1022
2025-08-29,60,3,cross_industry_degree_percentile,ORIGINAL,5108,5108,269,0.002153484729835552,0.5064604541895067,1.0,0.20722396241190288,0.3917384494909945,0.6051292090837901,0.8006068911511355,5,PASS,1124,936,1066,972,1010
2025-08-29,60,4,cross_industry_degree_ratio,ORIGINAL,5108,5099,1524,0.0,0.8260869565217391,1.0,0.5221284879948086,0.76,0.8705026455026454,0.95,5,PASS,1020,1029,1010,1026,1014
2025-08-29,60,5,delta_residual_degree_percentile_1m,ORIGINAL,5108,5082,3481,-0.7793459743261337,-0.004447430372238159,0.8534200452268124,-0.15529763698577878,-0.041377097368240356,0.027686357498168945,0.14932361245155334,5,PASS,1017,1017,1017,1015,1016
2025-08-29,60,6,delta_cross_industry_degree_percentile_1m,ORIGINAL,5108,5082,2832,-0.8118771776822672,-0.006163952672922635,0.8536277701471503,-0.1702161910623714,-0.04317460696972105,0.025074856686769398,0.1683459578234809,5,PASS,1017,1016,1016,1022,1011
2025-08-29,60,7,neighbor_jaccard_1m,ORIGINAL,5108,5081,2003,0.0,0.16666666666666666,0.9090909090909091,0.03571428571428571,0.11764705882352941,0.23529411764705882,0.3939393939393939,5,PASS,1038,995,1025,1008,1015
2025-08-29,60,8,neighbor_retention_1m,ORIGINAL,5108,5067,1546,0.0,0.3076923076923077,1.0,0.07142857142857142,0.2222222222222222,0.4,0.59375,5,PASS,1033,1000,1009,1012,1013
2025-08-29,60,9,outside_community_degree_percentile,ORIGINAL,5108,5108,119,0.01076742364917776,0.5036217697729053,1.0,0.2077133907595928,0.399177760375881,0.586628817541112,0.8042286609240408,5,PASS,1220,955,925,1045,963
2025-08-29,120,1,residual_degree_percentile,ORIGINAL,5111,5111,294,0.005478379782289267,0.4967716634273529,1.0,0.1977108269929886,0.3936607241630554,0.5969477891921997,0.8003326058387756,5,PASS,1055,991,1023,1031,1011
2025-08-29,120,2,delta_degree_percentile,ORIGINAL,5111,5111,2434,-0.9187047630548477,0.01036977767944336,0.7923106998205185,-0.1871453821659088,-0.04910975694656372,0.07689297199249268,0.22520054876804352,5,PASS,1023,1023,1021,1024,1020
2025-08-29,120,3,cross_industry_degree_percentile,ORIGINAL,5111,5111,252,0.011445900997847779,0.5001956564273137,1.0,0.182840931324594,0.3934650753277245,0.6029152807669732,0.7986695362942673,5,PASS,1027,1045,1042,983,1014
2025-08-29,120,4,cross_industry_degree_ratio,ORIGINAL,5111,5056,1674,0.0,0.7380952380952381,1.0,0.4166666666666667,0.6521739130434783,0.8026315789473685,0.9279279279279279,5,PASS,1016,1007,1011,1011,1011
2025-08-29,120,5,delta_residual_degree_percentile_1m,ORIGINAL,5111,5100,3056,-0.6603741645812988,-0.00010766508057713509,0.6821120381355286,-0.06870841979980469,-0.01628871262073517,0.016464799642562866,0.07570302486419678,5,PASS,1022,1020,1025,1014,1019
2025-08-29,120,6,delta_cross_industry_degree_percentile_1m,ORIGINAL,5111,5100,2305,-0.7181518543911216,-0.0005623108964523463,0.7215429192813312,-0.08519061852357862,-0.01966851766901793,0.0161058948420717,0.08186346985590998,5,PASS,1021,1019,1021,1019,1020
2025-08-29,120,7,neighbor_jaccard_1m,ORIGINAL,5111,5077,2013,0.0,0.42105263157894735,1.0,0.1810444874274662,0.3404255319148936,0.49310144927536226,0.637881059470265,5,PASS,1016,1016,1014,1015,1016
2025-08-29,120,8,neighbor_retention_1m,ORIGINAL,5111,5045,1621,0.0,0.625,1.0,0.32235023041474664,0.5384615384615384,0.6944444444444444,0.8197377049180329,5,PASS,1009,1010,1009,1008,1009
2025-08-29,120,9,outside_community_degree_percentile,ORIGINAL,5111,5111,133,0.03688123654862062,0.5129133242027001,1.0,0.2011348072784191,0.4040305224026609,0.5979260418704755,0.7953433770299354,5,PASS,1238,994,926,941,1012
2025-08-29,252,1,residual_degree_percentile,ORIGINAL,5062,5062,355,0.027163175866007805,0.5002963542938232,1.0,0.1858949065208435,0.39460688829421997,0.5997629165649414,0.800177812576294,5,PASS,1025,1015,1017,1002,1003
2025-08-29,252,2,delta_degree_percentile,ORIGINAL,5062,5062,2541,-0.9512050468474627,0.015804052352905273,0.7955353558063507,-0.1760173738002777,-0.04490317106246947,0.0882062315940857,0.2319241166114808,5,PASS,1014,1011,1013,1011,1013
2025-08-29,252,3,cross_industry_degree_percentile,ORIGINAL,5062,5062,303,0.050177795337811144,0.49446858949032,1.0,0.20930462267878308,0.41159620703279337,0.602627419992098,0.7991900434610826,5,PASS,1235,949,909,963,1006
2025-08-29,252,4,cross_industry_degree_ratio,ORIGINAL,5062,4788,1537,0.0,0.6428571428571429,1.0,0.25806451612903225,0.5045706256715431,0.75,0.9153014403702672,5,PASS,960,955,1042,873,958
2025-08-29,252,5,delta_residual_degree_percentile_1m,ORIGINAL,5062,5055,2348,-0.5244486331939697,0.002505257725715637,0.5796132683753967,-0.03250412940979004,-0.0003343522548675537,0.008635139465332032,0.036890119314193726,5,PASS,1011,1137,885,1030,992
2025-08-29,252,6,delta_cross_industry_degree_percentile_1m,ORIGINAL,5062,5055,1670,-0.6639884815039309,0.0012163710054669333,0.5441617318153023,-0.04318416032883643,-1.9403315798083298e-05,0.004184136489918668,0.04607351531415982,5,PASS,1014,1009,1010,1039,983
2025-08-29,252,7,neighbor_jaccard_1m,ORIGINAL,5062,4854,1472,0.0,0.7209302325581395,1.0,0.5,0.6666666666666666,0.7666666666666667,0.8461538461538461,5,PASS,1106,935,875,987,951
2025-08-29,252,8,neighbor_retention_1m,ORIGINAL,5062,4778,1235,0.0,0.8709677419354839,1.0,0.6666666666666666,0.8204552002304811,0.9090909090909091,0.966405122089009,5,PASS,1077,834,971,940,956
2025-08-29,252,9,outside_community_degree_percentile,ORIGINAL,5062,5062,151,0.11527064401422363,0.49555511655472145,1.0,0.11527064401422363,0.4078427499012248,0.6155669695772422,0.8025483998419597,4,FEWER_THAN_5_PORTFOLIOS,0,0,0,0,0
2025-09-30,60,1,residual_degree_percentile,ORIGINAL,5119,5119,320,0.002539558568969369,0.5037116408348083,1.0,0.1975971907377243,0.4015432596206665,0.5959171652793884,0.8000586032867432,5,PASS,1070,1024,980,1030,1015
2025-09-30,60,2,delta_degree_percentile,ORIGINAL,5119,5119,2772,-0.9688415692653507,0.020707130432128906,0.741648755967617,-0.1328970432281494,-0.014944314956665039,0.06344989538192744,0.1670638680458069,5,PASS,1024,1037,1010,1024,1024
2025-09-30,60,3,cross_industry_degree_percentile,ORIGINAL,5119,5119,294,0.004981441687829654,0.5008790779449112,1.0,0.21381129126782575,0.39324086735690567,0.6026567689001758,0.8013283844500879,5,PASS,1183,892,1045,998,1001
2025-09-30,60,4,cross_industry_degree_ratio,ORIGINAL,5119,5094,1513,0.0,0.8308775731310942,1.0,0.5149732620320855,0.7634058969413062,0.875,0.9583333333333334,5,PASS,1019,1019,1037,1013,1006
2025-09-30,60,5,delta_residual_degree_percentile_1m,ORIGINAL,5119,5099,3308,-0.8085663169622421,-0.005070805549621582,0.8202703893184662,-0.13465101718902586,-0.034735584259033205,0.02907334566116329,0.13068045377731324,5,PASS,1020,1020,1019,1020,1020
2025-09-30,60,6,delta_cross_industry_degree_percentile_1m,ORIGINAL,5119,5099,2735,-0.7841193800546217,-0.005581376244595537,0.8064828805058252,-0.14806157691270397,-0.037255297299372846,0.029351936824485593,0.14522932897126695,5,PASS,1020,1020,1019,1021,1019
2025-09-30,60,7,neighbor_jaccard_1m,ORIGINAL,5119,5099,1921,0.0,0.2,0.7941176470588235,0.04878048780487805,0.14285714285714285,0.2558139534883721,0.38540133037694013,5,PASS,1027,1033,1008,1011,1020
2025-09-30,60,8,neighbor_retention_1m,ORIGINAL,5119,5090,1541,0.0,0.3333333333333333,1.0,0.09090909090909091,0.25,0.4166666666666667,0.5834130781499204,5,PASS,1020,1039,1000,1013,1018
2025-09-30,60,9,outside_community_degree_percentile,ORIGINAL,5119,5119,146,0.024614182457511232,0.489841765969916,1.0,0.22816956436804064,0.37194764602461416,0.610861496386013,0.7956632154717719,5,PASS,1366,702,1150,880,1021
2025-09-30,120,1,residual_degree_percentile,ORIGINAL,5122,5122,265,0.0026356892194598913,0.5012690424919128,1.0,0.20548613369464874,0.398477166891098,0.6018157005310059,0.8018352389335632,5,PASS,1098,971,1026,1023,1004
2025-09-30,120,2,delta_degree_percentile,ORIGINAL,5122,5122,2933,-0.9339125156402588,0.02123194932937622,0.870558388531208,-0.1617141842842102,-0.029480683803558304,0.07194453477859497,0.18947677314281464,5,PASS,1025,1024,1026,1023,1024
2025-09-30,120,3,cross_industry_degree_percentile,ORIGINAL,5122,5122,221,0.006345177664974619,0.5001952362358454,1.0,0.20441233893010544,0.3952557594689574,0.5953729012104647,0.7981257321358844,5,PASS,1120,955,1011,1013,1023
2025-09-30,120,4,cross_industry_degree_ratio,ORIGINAL,5122,5096,1719,0.0,0.7434164934164934,1.0,0.4117647058823529,0.6590909090909091,0.8125,0.9285714285714286,5,PASS,1021,1018,1022,1021,1014
2025-09-30,120,5,delta_residual_degree_percentile_1m,ORIGINAL,5122,5109,3358,-0.8032166287302971,0.015258491039276123,0.7009033262729645,-0.1060543656349182,-0.013423945009708399,0.04285047054290763,0.12257534265518188,5,PASS,1022,1022,1021,1023,1021
2025-09-30,120,6,delta_cross_industry_degree_percentile_1m,ORIGINAL,5122,5109,2595,-0.8381485110973713,0.013191510054303274,0.7633867462901487,-0.12224164355677256,-0.01677725214796147,0.047053277451433256,0.13417382068107533,5,PASS,1024,1023,1018,1022,1022
2025-09-30,120,7,neighbor_jaccard_1m,ORIGINAL,5122,5099,2036,0.0,0.31654676258992803,1.0,0.13333333333333333,0.26251396648044695,0.375,0.5,5,PASS,1029,1011,1039,1014,1006
2025-09-30,120,8,neighbor_retention_1m,ORIGINAL,5122,5054,1663,0.0,0.5555555555555556,1.0,0.2415181670909512,0.4666666666666667,0.65,0.8148148148148148,5,PASS,1011,1024,1002,1007,1010
2025-09-30,120,9,outside_community_degree_percentile,ORIGINAL,5122,5122,120,0.0266497461928934,0.514935572042171,1.0,0.17297930495900038,0.39955095665755563,0.5933229207340882,0.7921710269426006,5,PASS,1086,1139,902,976,1019
2025-09-30,252,1,residual_degree_percentile,ORIGINAL,5070,5070,362,0.03333333507180214,0.5025641322135925,1.0,0.20424063503742218,0.40138065814971924,0.6023668646812439,0.7995858192443857,5,PASS,1123,951,994,988,1014
2025-09-30,252,2,delta_degree_percentile,ORIGINAL,5070,5070,2514,-0.9465483091771603,0.027712032198905945,0.8085798919200897,-0.1772978067398071,-0.0441814661026001,0.0894477367401123,0.224852055311203,5,PASS,1014,1025,1053,967,1011
2025-09-30,252,3,cross_industry_degree_percentile,ORIGINAL,5070,5070,315,0.05719921104536489,0.5081854043392505,1.0,0.22978303747534518,0.3844181459566075,0.6041420118343195,0.7992110453648915,5,PASS,1329,719,1056,958,1008
2025-09-30,252,4,cross_industry_degree_ratio,ORIGINAL,5070,4733,1595,0.0,0.6479591836734694,1.0,0.25197784294558495,0.5,0.75,0.9179838512356252,5,PASS,947,986,969,884,947
2025-09-30,252,5,delta_residual_degree_percentile_1m,ORIGINAL,5070,5061,2320,-0.5297839902341366,0.004044294357299805,0.46375763416290283,-0.032818615436553955,-0.005299985408782959,0.010035276412963867,0.033094435930252075,5,PASS,1014,1018,1005,1018,1006
2025-09-30,252,6,delta_cross_industry_degree_percentile_1m,ORIGINAL,5070,5061,1650,-0.5279033086375882,0.007021415707553748,0.4978498180744177,-0.04362668200312181,-0.0006698399413349598,0.01158276425577276,0.03845651203186984,5,PASS,1037,988,1012,1014,1010
2025-09-30,252,7,neighbor_jaccard_1m,ORIGINAL,5070,4839,1462,0.0,0.7096774193548387,1.0,0.5,0.6618792971734149,0.75,0.8333333333333334,5,PASS,1159,777,985,989,929
2025-09-30,252,8,neighbor_retention_1m,ORIGINAL,5070,4787,1191,0.0,0.8490566037735849,1.0,0.6402051282051283,0.800987654320988,0.8857142857142857,0.9443927648578812,5,PASS,958,957,960,954,958
2025-09-30,252,9,outside_community_degree_percentile,ORIGINAL,5070,5070,158,0.12090729783037475,0.5026627218934911,1.0,0.12090729783037475,0.41785009861932937,0.6191321499013807,0.801577909270217,4,FEWER_THAN_5_PORTFOLIOS,0,0,0,0,0
2025-10-31,60,1,residual_degree_percentile,ORIGINAL,5118,5118,338,0.002637749072164297,0.49443140625953674,1.0,0.19187182188034058,0.3970300853252411,0.5997459888458252,0.7997264266014099,5,PASS,1045,1034,1004,1016,1019
2025-10-31,60,2,delta_degree_percentile,ORIGINAL,5118,5118,2832,-0.9308323320001364,0.01953887939453125,0.7965025305747986,-0.16348181962966915,-0.02313406467437737,0.06701838970184326,0.1864595651626587,5,PASS,1024,1023,1025,1022,1024
2025-10-31,60,3,cross_industry_degree_percentile,ORIGINAL,5118,5118,316,0.004200859710824541,0.4970691676436108,1.0,0.19734271199687378,0.4059202813599062,0.597010550996483,0.8014849550605705,5,PASS,1098,1041,951,1024,1004
2025-10-31,60,4,cross_industry_degree_ratio,ORIGINAL,5118,5092,1485,0.0,0.8260869565217391,1.0,0.5152462121212121,0.75,0.8752830188679245,0.9655172413793104,5,PASS,1019,1067,969,1020,1017
2025-10-31,60,5,delta_residual_degree_percentile_1m,ORIGINAL,5118,5109,3150,-0.8147027380764484,0.0005854368209838867,0.7730594482272863,-0.11690773516893385,-0.0249803364276886,0.027420222759246826,0.11662787199020386,5,PASS,1022,1027,1017,1022,1021
2025-10-31,60,6,delta_cross_industry_degree_percentile_1m,ORIGINAL,5118,5109,2567,-0.8576798533320417,-0.0020696558294001077,0.8119494789160611,-0.12644974194094577,-0.030406539292543618,0.02428139929696661,0.12691088475677856,5,PASS,1022,1022,1021,1022,1022
2025-10-31,60,7,neighbor_jaccard_1m,ORIGINAL,5118,5104,1905,0.0,0.25806451612903225,1.0,0.08333333333333333,0.2,0.3181818181818182,0.4444444444444444,5,PASS,1031,1034,1004,1015,1020
2025-10-31,60,8,neighbor_retention_1m,ORIGINAL,5118,5084,1566,0.0,0.42857142857142855,1.0,0.15619725738396625,0.3333333333333333,0.5,0.6666666666666666,5,PASS,1017,1027,1024,1055,961
2025-10-31,60,9,outside_community_degree_percentile,ORIGINAL,5118,5118,127,0.0241305197342712,0.4829034779210629,0.9999023055881203,0.23954669792887848,0.3773935130910512,0.6047284095349746,0.7998241500586166,5,PASS,1435,644,1099,943,997
2025-10-31,120,1,residual_degree_percentile,ORIGINAL,5124,5124,278,0.0059523810632526875,0.4948282539844513,1.0,0.201502725481987,0.4039812684059143,0.5980679392814636,0.7988876104354858,5,PASS,1080,1021,975,1028,1020
2025-10-31,120,2,delta_degree_percentile,ORIGINAL,5124,5124,2918,-0.8934426046907902,0.022101864218711853,0.8091334700584412,-0.1402224898338318,-0.017564386129379272,0.0661202192306518,0.17168225049972594,5,PASS,1029,1022,1023,1025,1025
2025-10-31,120,3,cross_industry_degree_percentile,ORIGINAL,5124,5124,248,0.011904761904761904,0.49404761904761907,1.0,0.20911397345823576,0.40827478532396566,0.6038251366120219,0.7995706479313037,5,PASS,1151,1006,969,984,1014
2025-10-31,120,4,cross_industry_degree_ratio,ORIGINAL,5124,5064,1670,0.0,0.75,1.0,0.4,0.6524057971014493,0.8181818181818182,0.9333333333333333,5,PASS,1015,1011,1022,1011,1005
2025-10-31,120,5,delta_residual_degree_percentile_1m,ORIGINAL,5124,5120,3069,-0.5915976613759995,0.0014411434531211853,0.6006985101848841,-0.0699945162050426,-0.017573585268110037,0.01795247197151184,0.07332724928855897,5,PASS,1025,1025,1023,1023,1024
2025-10-31,120,6,delta_cross_industry_degree_percentile_1m,ORIGINAL,5124,5120,2320,-0.6721292805277992,-0.0008376030781789279,0.7395491079334802,-0.07999019856180543,-0.019972872679455,0.01969032119027958,0.08730737377238172,5,PASS,1024,1024,1039,1009,1024
2025-10-31,120,7,neighbor_jaccard_1m,ORIGINAL,5124,5107,2015,0.0,0.4482758620689655,1.0,0.23809523809523808,0.3888888888888889,0.5,0.625,5,PASS,1023,1024,1069,991,1000
2025-10-31,120,8,neighbor_retention_1m,ORIGINAL,5124,5094,1579,0.0,0.6274509803921569,1.0,0.35294117647058826,0.5555555555555556,0.6857142857142857,0.8,5,PASS,1022,1032,1011,1063,966
2025-10-31,120,9,outside_community_degree_percentile,ORIGINAL,5124,5124,129,0.03629976580796253,0.47784933645589384,1.0,0.20189305230288837,0.42232630757220924,0.6047033567525371,0.8031811085089774,5,PASS,1264,1056,856,970,978
2025-10-31,252,1,residual_degree_percentile,ORIGINAL,5075,5075,321,0.02068965509533882,0.49546799063682556,1.0,0.20916256308555603,0.3961576223373413,0.601477861404419,0.7988177537918091,5,PASS,1120,923,1028,991,1013
2025-10-31,252,2,delta_degree_percentile,ORIGINAL,5075,5075,2793,-0.9336945526301861,0.021280765533447266,0.8356650173664093,-0.19359605759382248,-0.0293596014380455,0.08187192678451538,0.22199014425277713,5,PASS,1016,1123,935,986,1015
2025-10-31,252,3,cross_industry_degree_percentile,ORIGINAL,5075,5075,278,0.04009852216748769,0.5095566502463054,1.0,0.17566502463054187,0.41261083743842364,0.5924137931034483,0.797832512315271,5,PASS,1036,1125,885,1016,1013
2025-10-31,252,4,cross_industry_degree_ratio,ORIGINAL,5075,4866,1650,0.0,0.6581737531104619,1.0,0.2727272727272727,0.5263157894736842,0.75,0.9090909090909091,5,PASS,978,971,1005,955,957
2025-10-31,252,5,delta_residual_degree_percentile_1m,ORIGINAL,5075,5069,2623,-0.7791524827480316,0.007120609283447266,0.48036429286003113,-0.042309892177581784,-0.008584678173065186,0.022278934717178345,0.05626749992370606,5,PASS,1014,1017,1012,1012,1014
2025-10-31,252,6,delta_cross_industry_degree_percentile_1m,ORIGINAL,5075,5069,1933,-0.8959961523887253,0.004261035162891891,0.5493032520088224,-0.05001964613635701,-0.015457486810271981,0.022836253048454602,0.06525816888681604,5,PASS,1014,1028,1001,1012,1014
2025-10-31,252,7,neighbor_jaccard_1m,ORIGINAL,5075,4889,1657,0.0,0.6,1.0,0.39805825242718446,0.5445544554455446,0.6451612903225806,0.7401038961038962,5,PASS,979,978,980,974,978
2025-10-31,252,8,neighbor_retention_1m,ORIGINAL,5075,4732,1294,0.0,0.9166666666666666,1.0,0.6618441971383148,0.8537824235385211,0.9578354336545589,1.0,4,FEWER_THAN_5_PORTFOLIOS,0,0,0,0,0
2025-10-31,252,9,outside_community_degree_percentile,ORIGINAL,5075,5075,144,0.09536945812807882,0.5114285714285715,1.0,0.25359605911330046,0.36049261083743844,0.6137931034482759,0.7986206896551724,5,PASS,1606,446,1165,868,990
2025-11-28,60,1,residual_degree_percentile,ORIGINAL,5119,5119,290,0.002148857107385993,0.49462786316871643,1.0,0.20834147930145264,0.3951943814754486,0.6009963154792786,0.8014260530471802,5,PASS,1111,945,1040,1017,1006
2025-11-28,60,2,delta_degree_percentile,ORIGINAL,5119,5119,2764,-0.927134208381176,0.017581582069396973,0.8051377087831497,-0.14602460861206054,-0.02264114618301391,0.061730802059173584,0.17335416078567506,5,PASS,1024,1024,1024,1023,1024
2025-11-28,60,3,cross_industry_degree_percentile,ORIGINAL,5119,5119,248,0.004688415706192616,0.5067395975776519,1.0,0.20961125219769486,0.4109201015823403,0.5937683141238523,0.7995702285602657,5,PASS,1138,1026,909,1030,1016
2025-11-28,60,4,cross_industry_degree_ratio,ORIGINAL,5119,5098,1620,0.0,0.8,1.0,0.5,0.7142857142857143,0.8607794361525704,0.9624411764705884,5,PASS,1086,968,1005,1019,1020
2025-11-28,60,5,delta_residual_degree_percentile_1m,ORIGINAL,5119,5106,3327,-0.7155580818653107,-0.0005857944488525391,0.8485924080014229,-0.12348615587688982,-0.028665363788604736,0.026922762393951416,0.11782950162887573,5,PASS,1022,1021,1021,1021,1021
2025-11-28,60,6,delta_cross_industry_degree_percentile_1m,ORIGINAL,5119,5106,2693,-0.7209964776574654,-0.0004324585608893594,0.7831575673644862,-0.14678300069139935,-0.03214237757243185,0.0297457823076126,0.13232491478123512,5,PASS,1027,1017,1024,1021,1017
2025-11-28,60,7,neighbor_jaccard_1m,ORIGINAL,5119,5102,1976,0.0,0.22697210982030197,1.0,0.062217514124293806,0.16666666666666666,0.2857142857142857,0.4150686689770248,5,PASS,1021,1029,1024,1007,1021
2025-11-28,60,8,neighbor_retention_1m,ORIGINAL,5119,5080,1518,0.0,0.4166666666666667,1.0,0.125,0.3333333333333333,0.5,0.6666666666666666,5,PASS,1035,1088,1025,981,951
2025-11-28,60,9,outside_community_degree_percentile,ORIGINAL,5119,5119,135,0.02041414338738035,0.4827114670834147,0.9999023246727876,0.18997851142801328,0.38327798398124635,0.5928892361789412,0.8023051377222113,5,PASS,1138,971,1017,1010,983
2025-11-28,120,1,residual_degree_percentile,ORIGINAL,5130,5130,284,0.006335282698273659,0.4998050630092621,1.0,0.1927875280380249,0.4051657021045685,0.596881091594696,0.7999025583267212,5,PASS,1042,1074,965,1033,1016
2025-11-28,120,2,delta_degree_percentile,ORIGINAL,5130,5130,2860,-0.9495126716792583,0.021247565746307373,0.808869406580925,-0.1342105269432068,-0.015204668045043945,0.06198829412460327,0.16017544269561765,5,PASS,1028,1025,1034,1017,1026
2025-11-28,120,3,cross_industry_degree_percentile,ORIGINAL,5130,5130,257,0.011695906432748537,0.5069200779727095,1.0,0.18352826510721248,0.4003898635477583,0.5958089668615985,0.8014619883040935,5,PASS,1027,1088,970,1034,1011
2025-11-28,120,4,cross_industry_degree_ratio,ORIGINAL,5130,5066,1734,0.0,0.75,1.0,0.40476190476190477,0.6585365853658537,0.8235294117647058,0.9444444444444444,5,PASS,1014,1014,1018,1007,1013
2025-11-28,120,5,delta_residual_degree_percentile_1m,ORIGINAL,5130,5122,3004,-0.7319516837596893,0.0003829016350209713,0.618998795747757,-0.06565043330192566,-0.015371419489383698,0.014619290828704834,0.06757763624191289,5,PASS,1026,1039,1011,1021,1025
2025-11-28,120,6,delta_cross_industry_degree_percentile_1m,ORIGINAL,5130,5122,2311,-0.686315287307522,0.0010180848295602285,0.6833453168440227,-0.07763694299501027,-0.02305385503832442,0.015305294200893854,0.07637513638376447,5,PASS,1025,1024,1024,1025,1024
2025-11-28,120,7,neighbor_jaccard_1m,ORIGINAL,5130,5104,1977,0.0,0.48130677847658976,1.0,0.22727272727272727,0.4030332209918151,0.5409836065573771,0.6634044173648134,5,PASS,1022,1020,1021,1020,1021
2025-11-28,120,8,neighbor_retention_1m,ORIGINAL,5130,5063,1560,0.0,0.6666666666666666,1.0,0.375,0.6,0.7272727272727273,0.8333333333333334,5,PASS,1021,1069,951,1055,967
2025-11-28,120,9,outside_community_degree_percentile,ORIGINAL,5130,5130,129,0.03391812865497076,0.4844054580896686,1.0,0.1750487329434698,0.38362573099415204,0.5990253411306042,0.7969785575048733,5,PASS,1089,1022,1037,978,1004
2025-11-28,252,1,residual_degree_percentile,ORIGINAL,5082,5082,300,0.020070837810635567,0.4954742193222046,1.0,0.2019874006509781,0.40181031823158264,0.6011806488037102,0.801456093788147,5,PASS,1080,992,977,1032,1001
2025-11-28,252,2,delta_degree_percentile,ORIGINAL,5082,5082,2735,-0.9366391431540251,0.023317590355873108,0.848878413438797,-0.18844943046569823,-0.03364817053079605,0.08744587898254387,0.2187721133232117,5,PASS,1017,1070,962,1016,1017
2025-11-28,252,3,cross_industry_degree_percentile,ORIGINAL,5082,5082,266,0.03768201495474223,0.5004919323101141,1.0,0.22333726879181426,0.4049586776859504,0.6047815820543093,0.8020464384100747,5,PASS,1256,874,978,979,995
2025-11-28,252,4,cross_industry_degree_ratio,ORIGINAL,5082,4879,1653,0.0,0.6506024096385542,1.0,0.2857142857142857,0.5333333333333333,0.746764129078267,0.90625,5,PASS,994,964,969,979,973
2025-11-28,252,5,delta_residual_degree_percentile_1m,ORIGINAL,5082,5073,2685,-0.5680079590529203,-0.00030177831649780273,0.3693062588572502,-0.04052029363811016,-0.006944644451141347,0.012602835893630981,0.04815754294395447,5,PASS,1041,988,1019,1016,1009
2025-11-28,252,6,delta_cross_industry_degree_percentile_1m,ORIGINAL,5082,5073,1912,-0.6908894136166863,-0.0024165072127454584,0.5790474833421542,-0.053293571632129555,-0.0043870862679640105,0.011870971244011968,0.057694771268438985,5,PASS,1019,1150,875,1032,997
2025-11-28,252,7,neighbor_jaccard_1m,ORIGINAL,5082,4941,1682,0.0,0.6338028169014085,1.0,0.4,0.5757575757575758,0.680327868852459,0.7777777777777778,5,PASS,1023,955,987,1006,970
2025-11-28,252,8,neighbor_retention_1m,ORIGINAL,5082,4864,1411,0.0,0.8205128205128205,1.0,0.6,0.7692307692307693,0.8620689655172413,0.9375,5,PASS,1012,937,973,984,958
2025-11-28,252,9,outside_community_degree_percentile,ORIGINAL,5082,5082,131,0.0923848878394333,0.5041322314049587,1.0,0.24311294765840222,0.3544864226682409,0.6017316017316018,0.7954545454545454,5,PASS,1532,538,1096,906,1010
2025-12-31,60,1,residual_degree_percentile,ORIGINAL,5119,5119,284,0.0016604805132374167,0.49706974625587463,1.0,0.20336003601551056,0.4049619138240814,0.6037312150001526,0.801719069480896,5,PASS,1094,1008,1010,1006,1001
2025-12-31,60,2,delta_degree_percentile,ORIGINAL,5119,5119,2744,-0.9517483673989773,0.02432115375995636,0.7775932773947716,-0.14866184815764427,-0.015921056270599365,0.06411408185958854,0.16784527897834783,5,PASS,1032,1019,1020,1024,1024
2025-12-31,60,3,cross_industry_degree_percentile,ORIGINAL,5119,5119,248,0.002344207853096308,0.4966790388747802,1.0,0.1908575893729244,0.39636647782770074,0.599628833756593,0.8010353584684509,5,PASS,1052,1031,1019,1011,1006
2025-12-31,60,4,cross_industry_degree_ratio,ORIGINAL,5119,5103,1601,0.0,0.8,1.0,0.5109661835748792,0.7142857142857143,0.859375,0.9583333333333334,5,PASS,1021,1042,1000,1021,1019
2025-12-31,60,5,delta_residual_degree_percentile_1m,ORIGINAL,5119,5103,3086,-0.7951748222112656,0.0041024088859558105,0.7641140818595886,-0.13664780855178832,-0.027446749806404113,0.03606173992156981,0.13416680097579958,5,PASS,1021,1020,1021,1020,1021
2025-12-31,60,6,delta_cross_industry_degree_percentile_1m,ORIGINAL,5119,5103,2534,-0.7927329556554015,0.005176792342254433,0.7537605000976753,-0.15284235202187926,-0.03305333072865791,0.04073061144754833,0.1572572768118773,5,PASS,1021,1020,1025,1018,1019
2025-12-31,60,7,neighbor_jaccard_1m,ORIGINAL,5119,5103,1981,0.0,0.2112676056338028,0.7441860465116279,0.05018348623853215,0.15384615384615385,0.2676056338028169,0.3935035460992909,5,PASS,1021,1035,1008,1018,1021
2025-12-31,60,8,neighbor_retention_1m,ORIGINAL,5119,5082,1635,0.0,0.375,1.0,0.1,0.2857142857142857,0.460056338028169,0.6215397215397216,5,PASS,1028,1044,977,1016,1017
2025-12-31,60,9,outside_community_degree_percentile,ORIGINAL,5119,5119,122,0.012697792537605002,0.5168978316077358,1.0,0.21908575893729243,0.38230123070912286,0.5892752490720844,0.7997655792146904,5,PASS,1283,810,999,1033,994
2025-12-31,120,1,residual_degree_percentile,ORIGINAL,5132,5132,300,0.007599376607686281,0.4999999850988388,1.0,0.18871784210205078,0.40101325511932373,0.5968433618545532,0.8010522127151489,5,PASS,1028,1059,995,1035,1015
2025-12-31,120,2,delta_degree_percentile,ORIGINAL,5132,5132,2824,-0.8953624293208122,0.01938815414905548,0.7459080219268799,-0.12743568420410156,-0.01800470352172849,0.0555923581123352,0.15676149725914001,5,PASS,1031,1022,1026,1027,1026
2025-12-31,120,3,cross_industry_degree_percentile,ORIGINAL,5132,5132,267,0.011496492595479345,0.5042868277474669,1.0,0.1906664068589244,0.40646921278254095,0.6007404520654716,0.8012470771628994,5,PASS,1060,1090,959,1014,1009
2025-12-31,120,4,cross_industry_degree_ratio,ORIGINAL,5132,5055,1630,0.0,0.75,1.0,0.4230769230769231,0.6666666666666666,0.8333333333333334,0.95,5,PASS,1014,1088,958,985,1010
2025-12-31,120,5,delta_residual_degree_percentile_1m,ORIGINAL,5132,5124,3002,-0.640830859541893,0.0006249994039535522,0.5706965923309326,-0.0642944872379303,-0.015471696853637681,0.016017913818359326,0.06841657757759097,5,PASS,1026,1024,1024,1025,1025
2025-12-31,120,6,delta_cross_industry_degree_percentile_1m,ORIGINAL,5132,5124,2309,-0.5969830395682634,-0.0001994138372691922,0.6010717449204548,-0.073212492346307,-0.017337342880888007,0.01733965987975916,0.07741104623514271,5,PASS,1029,1022,1024,1038,1011
2025-12-31,120,7,neighbor_jaccard_1m,ORIGINAL,5132,5098,1926,0.0,0.47368421052631576,1.0,0.22580645161290322,0.4,0.5333333333333333,0.6525362318840582,5,PASS,1021,1028,1014,1015,1020
2025-12-31,120,8,neighbor_retention_1m,ORIGINAL,5132,5061,1567,0.0,0.6666666666666666,1.0,0.35714285714285715,0.5849056603773585,0.719626168224299,0.82,5,PASS,1015,1010,1013,1011,1012
2025-12-31,120,9,outside_community_degree_percentile,ORIGINAL,5132,5132,151,0.03682774746687451,0.5151987529228371,1.0,0.19056897895557287,0.40754091971940765,0.5920693686671863,0.7986165237724084,5,PASS,1186,1063,879,1002,1002
2025-12-31,252,1,residual_degree_percentile,ORIGINAL,5093,5093,294,0.020322009921073914,0.49862557649612427,1.0,0.1936972290277481,0.39888080954551697,0.6021990776062012,0.7998232841491699,5,PASS,1043,1013,1029,996,1012
2025-12-31,252,2,delta_degree_percentile,ORIGINAL,5093,5093,2719,-0.9335362464189529,0.02258002758026123,0.8475358039140701,-0.1833496809005737,-0.03661889582872391,0.08207342028617859,0.21833890676498413,5,PASS,1019,1080,959,1017,1018
2025-12-31,252,3,cross_industry_degree_percentile,ORIGINAL,5093,5093,253,0.037993324170430005,0.5031415668564697,1.0,0.2163754172393481,0.38916159434517966,0.5966031808364421,0.800314156685647,5,PASS,1225,828,1020,1015,1005
2025-12-31,252,4,cross_industry_degree_ratio,ORIGINAL,5093,4887,1704,0.0,0.6375,1.0,0.2861056751467711,0.5217391304347826,0.7391304347826086,0.90625,5,PASS,978,979,977,976,977
2025-12-31,252,5,delta_residual_degree_percentile_1m,ORIGINAL,5093,5079,2658,-0.6021304726600647,0.00025117211043834686,0.5112351775169373,-0.03968708515167236,-0.006054961681365965,0.011989974975585927,0.04384148120880127,5,PASS,1016,1016,1015,1017,1015
2025-12-31,252,6,delta_cross_industry_degree_percentile_1m,ORIGINAL,5093,5079,1934,-0.546004277154876,0.00031130921568777586,0.4579420187117026,-0.05094060007666923,-0.006961851552466147,0.012840049537477355,0.053857981798292015,5,PASS,1047,1007,993,1020,1012
2025-12-31,252,7,neighbor_jaccard_1m,ORIGINAL,5093,4942,1720,0.0,0.6439517065242628,1.0,0.4,0.5789473684210527,0.6997546012269937,0.7931034482758621,5,PASS,1023,956,986,991,986
2025-12-31,252,8,neighbor_retention_1m,ORIGINAL,5093,4879,1430,0.0,0.8301886792452831,1.0,0.5978896103896104,0.7777777777777778,0.8666666666666667,0.9384615384615385,5,PASS,976,980,974,974,975
2025-12-31,252,9,outside_community_degree_percentile,ORIGINAL,5093,5093,124,0.0879638719811506,0.4953858236795602,1.0,0.23591203612801884,0.42960926762222656,0.5900255252307088,0.7999214608285883,5,PASS,1507,865,735,999,987
2026-01-30,60,1,residual_degree_percentile,ORIGINAL,5126,5126,257,0.003511509858071804,0.4974639117717743,1.0,0.21010534465312958,0.3984588384628296,0.6002731323242188,0.7983807921409607,5,PASS,1132,947,1021,1001,1025
2026-01-30,60,2,delta_degree_percentile,ORIGINAL,5126,5126,2919,-0.955520885065198,0.013948500156402588,0.6809403151273727,-0.13382750749588013,-0.020191192626953125,0.05872025340795517,0.16201716661453247,5,PASS,1026,1026,1094,955,1025
2026-01-30,60,3,cross_industry_degree_percentile,ORIGINAL,5126,5126,215,0.006145142411236832,0.5052672649239173,0.9999024580569645,0.1905969566913773,0.388412017167382,0.5967616074912212,0.7994537651190011,5,PASS,1073,981,1038,1016,1018
2026-01-30,60,4,cross_industry_degree_ratio,ORIGINAL,5126,5091,1662,0.0,0.764102564102564,1.0,0.4766355140186916,0.6666666666666666,0.8421052631578947,0.9629629629629629,5,PASS,1019,1020,1023,1015,1014
2026-01-30,60,5,delta_residual_degree_percentile_1m,ORIGINAL,5126,5106,3571,-0.8259190171957016,-0.007883995771408081,0.9042902728542686,-0.16367807984352112,-0.04739135503768921,0.03424593061208725,0.1604275107383728,5,PASS,1022,1021,1025,1017,1021
2026-01-30,60,6,delta_cross_industry_degree_percentile_1m,ORIGINAL,5126,5106,2940,-0.8276756084624105,-0.00789589547924438,0.9503160709564187,-0.18488073968309593,-0.05082596436569309,0.03694360600844654,0.1842339788644769,5,PASS,1022,1021,1025,1018,1020
2026-01-30,60,7,neighbor_jaccard_1m,ORIGINAL,5126,5104,1952,0.0,0.15735538909696212,0.8333333333333334,0.034326018808777434,0.1111111111111111,0.21048113846848876,0.32937915742793794,5,PASS,1021,1029,1012,1021,1021
2026-01-30,60,8,neighbor_retention_1m,ORIGINAL,5126,5089,1606,0.0,0.28695652173913044,1.0,0.06666666666666667,0.20967741935483872,0.36618609293556614,0.5294117647058824,5,PASS,1028,1010,1015,1024,1012
2026-01-30,60,9,outside_community_degree_percentile,ORIGINAL,5126,5126,117,0.029750292625829105,0.5095591104174795,1.0,0.17703862660944206,0.3983612953570035,0.592469761997659,0.7973078423722201,5,PASS,1122,1081,922,997,1004
2026-01-30,120,1,residual_degree_percentile,ORIGINAL,5138,5138,301,0.01235889457166195,0.4982483386993408,1.0,0.20864149928092957,0.4042429029941559,0.5979953408241272,0.7997274994850159,5,PASS,1127,979,979,1031,1022
2026-01-30,120,2,delta_degree_percentile,ORIGINAL,5138,5138,2828,-0.9256519768387079,0.016446083784103394,0.7178863286972046,-0.11940444260835648,-0.01685481071472166,0.055001950263977036,0.1525107383728028,5,PASS,1033,1022,1028,1027,1028
2026-01-30,120,3,cross_industry_degree_percentile,ORIGINAL,5138,5138,251,0.01936551187232386,0.5042818217205138,1.0,0.19959128065395096,0.4105683145192682,0.5995523550019463,0.7990463215258855,5,PASS,1124,1047,936,1007,1024
2026-01-30,120,4,cross_industry_degree_ratio,ORIGINAL,5138,5012,1693,0.0,0.7222222222222222,1.0,0.4,0.625,0.8228181164629762,0.9595842821276347,5,PASS,1011,1015,981,1002,1003
2026-01-30,120,5,delta_residual_degree_percentile_1m,ORIGINAL,5138,5130,3186,-0.7007899433374405,-0.005001068115234375,0.7460527010262012,-0.08529261499643326,-0.02714723348617554,0.015644371509552002,0.08577633276581764,5,PASS,1026,1026,1033,1024,1021
2026-01-30,120,6,delta_cross_industry_degree_percentile_1m,ORIGINAL,5138,5130,2458,-0.7934294834356637,-0.005652240561136224,0.7803689866618204,-0.10209832170670927,-0.028728830194655552,0.013750076986626641,0.09366851363778265,5,PASS,1026,1027,1039,1012,1026
2026-01-30,120,7,neighbor_jaccard_1m,ORIGINAL,5138,5093,1995,0.0,0.4,1.0,0.16666666666666666,0.3333333333333333,0.46153846153846156,0.5898974358974359,5,PASS,1054,1112,894,1014,1019
2026-01-30,120,8,neighbor_retention_1m,ORIGINAL,5138,5053,1567,0.0,0.5871559633027523,1.0,0.2857142857142857,0.5,0.6546708463949842,0.7666666666666667,5,PASS,1040,1049,943,1012,1009
2026-01-30,120,9,outside_community_degree_percentile,ORIGINAL,5138,5138,135,0.0623783573374854,0.48880887504865705,1.0,0.1758466329311016,0.4279875437913585,0.5880692876605683,0.7974892954456987,5,PASS,1166,1196,778,992,1006
2026-01-30,252,1,residual_degree_percentile,ORIGINAL,5096,5096,284,0.022762950509786606,0.4982339143753052,1.0,0.1874018907546997,0.4029631018638611,0.6004709601402283,0.8015109896659851,5,PASS,1023,1058,993,1022,1000
2026-01-30,252,2,delta_degree_percentile,ORIGINAL,5096,5096,2823,-0.9387754835188389,0.023645997047424316,0.8379120975732803,-0.15629905462265015,-0.029631078243255615,0.0733909010887146,0.19701728224754333,5,PASS,1020,1019,1019,1019,1019
2026-01-30,252,3,cross_industry_degree_percentile,ORIGINAL,5096,5096,241,0.041601255886970175,0.49882260596546313,1.0,0.1771978021978022,0.39158163265306123,0.5997841444270016,0.798861852433281,5,PASS,1042,1011,1035,994,1014
2026-01-30,252,4,cross_industry_degree_ratio,ORIGINAL,5096,4865,1710,0.0,0.6282051282051282,1.0,0.282004662004662,0.5161290322580645,0.7276679841897234,0.9090909090909091,5,PASS,973,975,971,990,956
2026-01-30,252,5,delta_residual_degree_percentile_1m,ORIGINAL,5096,5093,2829,-0.6039796508848667,-0.0015691518783569336,0.5134856924414635,-0.05145927667617797,-0.015233010053634644,0.009090650826692581,0.04678945243358612,5,PASS,1019,1021,1076,978,999
2026-01-30,252,6,delta_cross_industry_degree_percentile_1m,ORIGINAL,5096,5093,2051,-0.5162049074036115,0.001979103124582937,0.6310853216515049,-0.06334671191196956,-0.016158201563940475,0.010646427007118072,0.05879952352491693,5,PASS,1050,987,1019,1018,1019
2026-01-30,252,7,neighbor_jaccard_1m,ORIGINAL,5096,4949,1778,0.0,0.6171428571428571,1.0,0.38179271708683477,0.5555555555555556,0.6666666666666666,0.7607479378871048,5,PASS,990,996,1022,951,990
2026-01-30,252,8,neighbor_retention_1m,ORIGINAL,5096,4887,1438,0.0,0.7916666666666666,1.0,0.5517241379310345,0.7400629921259843,0.8333333333333334,0.9047619047619048,5,PASS,982,973,1018,938,976
2026-01-30,252,9,outside_community_degree_percentile,ORIGINAL,5096,5096,124,0.09644819466248038,0.529532967032967,1.0,0.25892857142857145,0.3728414442700157,0.5851648351648352,0.7970957613814756,5,PASS,1656,487,949,1009,995
2026-02-27,60,1,residual_degree_percentile,ORIGINAL,5126,5126,287,0.006242684554308653,0.5016582012176514,1.0,0.20259462296962738,0.40577447414398193,0.5984198451042175,0.7995513081550598,5,PASS,1098,1016,969,1027,1016
2026-02-27,60,2,delta_degree_percentile,ORIGINAL,5126,5126,2896,-0.954740522429347,0.015655457973480225,0.6014436185359955,-0.12182989716529846,-0.01960591971874237,0.04857587814331055,0.1424112319946289,5,PASS,1028,1028,1024,1021,1025
2026-02-27,60,3,cross_industry_degree_percentile,ORIGINAL,5126,5126,244,0.00946156847444401,0.5017557549746391,1.0,0.19479126024190402,0.4013850955911042,0.5958837300039017,0.7986734295747171,5,PASS,1097,1016,968,1022,1023
2026-02-27,60,4,cross_industry_degree_ratio,ORIGINAL,5126,5063,1680,0.0,0.7619047619047619,1.0,0.4375,0.6666666666666666,0.8461538461538461,0.9666666666666667,5,PASS,1015,1082,950,1004,1012
2026-02-27,60,5,delta_residual_degree_percentile_1m,ORIGINAL,5126,5116,2749,-0.7263948172330856,-0.003413967788219452,0.6790869981050491,-0.08866563439369202,-0.02526336908340454,0.0229223370552063,0.09198206663131714,5,PASS,1025,1028,1017,1023,1023
2026-02-27,60,6,delta_cross_industry_degree_percentile_1m,ORIGINAL,5126,5116,2176,-0.7579008973858758,0.0009754194303550068,0.710397971127585,-0.10017557549746392,-0.030140460397971136,0.0241904018728053,0.10680842762387824,5,PASS,1032,1016,1022,1027,1019
2026-02-27,60,7,neighbor_jaccard_1m,ORIGINAL,5126,5104,2003,0.0,0.36585365853658536,1.0,0.14285714285714285,0.29850746268656714,0.4270833333333333,0.5527554179566564,5,PASS,1051,993,1019,1020,1021
2026-02-27,60,8,neighbor_retention_1m,ORIGINAL,5126,5080,1611,0.0,0.5517241379310345,1.0,0.25,0.4844716494845361,0.6241330599225337,0.7380952380952381,5,PASS,1059,973,1016,1018,1014
2026-02-27,60,9,outside_community_degree_percentile,ORIGINAL,5126,5126,109,0.046917674600078035,0.5025360905189231,1.0,0.148263753413968,0.43611002731174403,0.6070035115099492,0.7917479516191962,5,PASS,1039,1388,802,879,1018
2026-02-27,120,1,residual_degree_percentile,ORIGINAL,5136,5136,288,0.02083333395421505,0.5003407299518585,1.0,0.18876557052135468,0.4044003188610077,0.5983255505561829,0.8013045191764832,5,PASS,1029,1075,980,1039,1013
2026-02-27,120,2,delta_degree_percentile,ORIGINAL,5136,5136,2863,-0.8695482537150383,0.01776677370071411,0.704341895878315,-0.11302566528320312,-0.017718061804771423,0.05227804183959961,0.1409657597541809,5,PASS,1029,1117,937,1026,1027
2026-02-27,120,3,cross_industry_degree_percentile,ORIGINAL,5136,5136,245,0.031347352024922115,0.4929906542056075,1.0,0.1976246105919003,0.3961253894080997,0.5999805295950156,0.7986760124610592,5,PASS,1125,978,1005,1002,1026
2026-02-27,120,4,cross_industry_degree_ratio,ORIGINAL,5136,4923,1730,0.0,0.7,1.0,0.3667889908256881,0.5882352941176471,0.8048780487804879,0.95684182448653,5,PASS,985,989,982,982,985
2026-02-27,120,5,delta_residual_degree_percentile_1m,ORIGINAL,5136,5134,2866,-0.5832589268684387,-0.001906268298625946,0.621998094022274,-0.05273615010082722,-0.01508398056030272,0.008523464202880847,0.05311878025531769,5,PASS,1045,1009,1026,1028,1026
2026-02-27,120,6,delta_cross_industry_degree_percentile_1m,ORIGINAL,5136,5134,2153,-0.5845297514457666,-0.0014203580856824716,0.6779841711443293,-0.06315970491687975,-0.015107639735208511,0.011981840152598254,0.06524700205784523,5,PASS,1027,1029,1070,985,1023
2026-02-27,120,7,neighbor_jaccard_1m,ORIGINAL,5136,5054,1817,0.0,0.5623744979919678,1.0,0.29290183677588644,0.5,0.625,0.7232078559738134,5,PASS,1011,1184,865,983,1011
2026-02-27,120,8,neighbor_retention_1m,ORIGINAL,5136,5007,1445,0.0,0.7333333333333333,1.0,0.4375,0.6666666666666666,0.782608695652174,0.8624550898203593,5,PASS,1003,1061,949,992,1002
2026-02-27,120,9,outside_community_degree_percentile,ORIGINAL,5136,5136,129,0.08596183800623053,0.48607866043613707,1.0,0.22955607476635514,0.41442757009345793,0.5919003115264797,0.7944898753894081,5,PASS,1475,846,825,979,1011
2026-02-27,252,1,residual_degree_percentile,ORIGINAL,5104,5104,285,0.027919279411435127,0.4994122385978699,1.0,0.1995493769645691,0.40615203976631165,0.6003134846687317,0.7993730306625366,5,PASS,1078,1027,972,1016,1011
2026-02-27,252,2,delta_degree_percentile,ORIGINAL,5104,5104,2828,-0.9589537512511015,0.026253938674926758,0.8153408840298653,-0.1509600281715393,-0.03140673637390136,0.07758617401123047,0.19288791418075563,5,PASS,1023,1019,1022,1019,1021
2026-02-27,252,3,cross_industry_degree_percentile,ORIGINAL,5104,5104,235,0.0498628526645768,0.49030172413793105,1.0,0.19416144200626959,0.40664184952978055,0.5967868338557993,0.799275078369906,5,PASS,1133,999,947,1014,1011
2026-02-27,252,4,cross_industry_degree_ratio,ORIGINAL,5104,4820,1731,0.0,0.6173949579831932,1.0,0.2608695652173913,0.5,0.71875,0.9090909090909091,5,PASS,965,996,934,968,957
2026-02-27,252,5,delta_residual_degree_percentile_1m,ORIGINAL,5104,5096,2533,-0.4085247814655304,0.00037726759910583496,0.3465155363082886,-0.030908286571502686,-0.00853624939918518,0.0060350894927978516,0.030737578868865967,5,PASS,1020,1021,1018,1018,1019
2026-02-27,252,6,delta_cross_industry_degree_percentile_1m,ORIGINAL,5104,5096,1772,-0.36634593854421443,0.007079589130081776,0.4680970199750988,-0.03722155307746433,-0.006534260074900433,0.010346488486882577,0.03510390471597369,5,PASS,1020,1019,1025,1014,1018
2026-02-27,252,7,neighbor_jaccard_1m,ORIGINAL,5104,4897,1644,0.0,0.75,1.0,0.5384615384615384,0.6944444444444444,0.7861842105263158,0.8666666666666667,5,PASS,990,973,976,989,969
2026-02-27,252,8,neighbor_retention_1m,ORIGINAL,5104,4865,1274,0.0,0.8695652173913043,1.0,0.7,0.8333333333333334,0.8979591836734694,0.953125,5,PASS,983,1028,910,972,972
2026-02-27,252,9,outside_community_degree_percentile,ORIGINAL,5104,5104,115,0.11118730407523511,0.48197492163009403,1.0,0.11118730407523511,0.3955721003134796,0.6032523510971787,0.7997648902821317,4,FEWER_THAN_5_PORTFOLIOS,0,0,0,0,0
2026-03-31,60,1,residual_degree_percentile,ORIGINAL,5145,5145,290,0.01690962165594101,0.5016520619392395,1.0,0.1994169056415558,0.40495628118515015,0.602332353591919,0.7988338470458984,5,PASS,1084,1026,1009,999,1027
2026-03-31,60,2,delta_degree_percentile,ORIGINAL,5145,5145,2613,-0.9021379724144936,0.012147724628448486,0.7710398584604263,-0.13896983861923218,-0.02505345344543459,0.0647619128227234,0.17241984605789182,5,PASS,1030,1028,1029,1029,1029
2026-03-31,60,3,cross_industry_degree_percentile,ORIGINAL,5145,5145,245,0.022740524781341108,0.5084548104956268,1.0,0.21428571428571427,0.40573372206025266,0.5961127308066083,0.7990281827016521,5,PASS,1207,944,945,1029,1020
2026-03-31,60,4,cross_industry_degree_ratio,ORIGINAL,5145,4972,1703,0.0,0.7368421052631579,1.0,0.38461538461538464,0.6428571428571429,0.8240063593004768,0.9736842105263158,5,PASS,1002,996,985,996,993
2026-03-31,60,5,delta_residual_degree_percentile_1m,ORIGINAL,5145,5114,3322,-0.8732906691730022,-0.006624937057495117,0.8616274520754814,-0.1253928244113922,-0.037375569343566895,0.022972524166107178,0.11997924447059632,5,PASS,1026,1021,1024,1020,1023
2026-03-31,60,6,delta_cross_industry_degree_percentile_1m,ORIGINAL,5145,5114,2620,-0.8183636500138208,-0.0058591331298697424,0.8723134256768311,-0.13959645504709886,-0.043803275058420965,0.02498143385329159,0.13309746952122356,5,PASS,1024,1022,1022,1027,1019
2026-03-31,60,7,neighbor_jaccard_1m,ORIGINAL,5145,5086,2040,0.0,0.25,1.0,0.05660377358490566,0.18584070796460178,0.30952380952380953,0.4482758620689655,5,PASS,1019,1016,1018,1018,1015
2026-03-31,60,8,neighbor_retention_1m,ORIGINAL,5145,5051,1643,0.0,0.4074074074074074,1.0,0.1111111111111111,0.3333333333333333,0.5,0.6666666666666666,5,PASS,1019,1113,990,926,1003
2026-03-31,60,9,outside_community_degree_percentile,ORIGINAL,5145,5145,129,0.07871720116618076,0.5101068999028183,1.0,0.2240038872691934,0.4371234207968902,0.6212827988338192,0.7949465500485908,5,PASS,1495,970,852,813,1015
2026-03-31,120,1,residual_degree_percentile,ORIGINAL,5142,5142,293,0.026059899479150772,0.5011668801307678,1.0,0.20468689501285553,0.40363672375679016,0.6004472970962524,0.8013418912887573,5,PASS,1120,982,1004,1022,1014
2026-03-31,120,2,delta_degree_percentile,ORIGINAL,5142,5142,2750,-0.9611046575009823,0.016433298587799072,0.7831582799553871,-0.11892259120941162,-0.027771306037902822,0.06283550262451171,0.16653052568435672,5,PASS,1031,1026,1028,1028,1029
2026-03-31,120,3,cross_industry_degree_percentile,ORIGINAL,5142,5142,250,0.03695060287825749,0.5068066900038896,1.0,0.21373006612213147,0.4102489303772851,0.5984052897705173,0.8006417736289388,5,PASS,1212,954,935,1012,1029
2026-03-31,120,4,cross_industry_degree_ratio,ORIGINAL,5142,4875,1739,0.0,0.6820809248554913,1.0,0.3379901027788352,0.5714285714285714,0.7908596138075001,0.9565217391304348,5,PASS,975,978,972,976,974
2026-03-31,120,5,delta_residual_degree_percentile_1m,ORIGINAL,5142,5135,3101,-0.7037401646375656,0.0006421208381652832,0.6397073063999414,-0.07674383744597435,-0.01979529857635498,0.015264749526977539,0.0688808262348175,5,PASS,1050,1005,1027,1035,1018
2026-03-31,120,6,delta_cross_industry_degree_percentile_1m,ORIGINAL,5142,5135,2378,-0.7386086771211609,0.005603250853335372,0.7661050011450506,-0.09003837737234512,-0.021056890842139242,0.014993347800957485,0.0757748630483066,5,PASS,1027,1028,1031,1026,1023
2026-03-31,120,7,neighbor_jaccard_1m,ORIGINAL,5142,5026,2004,0.0,0.425,1.0,0.15384615384615385,0.34831460674157305,0.4919614147909968,0.625,5,PASS,1012,999,1005,1006,1004
2026-03-31,120,8,neighbor_retention_1m,ORIGINAL,5142,4922,1668,0.0,0.6085144927536232,1.0,0.2916666666666667,0.5238095238095238,0.6875,0.819963963963964,5,PASS,986,986,990,975,985
2026-03-31,120,9,outside_community_degree_percentile,ORIGINAL,5142,5142,132,0.0985025281991443,0.5173084402956049,1.0,0.2594321275768184,0.367464021781408,0.616783352781019,0.8050369506028783,5,PASS,1655,468,1167,879,973
2026-03-31,252,1,residual_degree_percentile,ORIGINAL,5111,5111,272,0.030815888196229935,0.5030326843261719,1.0,0.20475445687770844,0.3958129584789276,0.6027196049690247,0.7988651990890503,5,PASS,1100,947,1055,990,1019
2026-03-31,252,2,delta_degree_percentile,ORIGINAL,5111,5111,2769,-0.955292534083128,0.026217937469482422,0.8607904613018036,-0.1609273999929428,-0.030131101608276367,0.07796910405158997,0.20348265767097473,5,PASS,1028,1017,1026,1018,1022
2026-03-31,252,3,cross_industry_degree_percentile,ORIGINAL,5111,5111,222,0.05184895323811387,0.49197808648014085,1.0,0.20172177656036,0.4090197612991587,0.6020348268440618,0.8017022109176286,5,PASS,1165,987,949,1007,1003
2026-03-31,252,4,cross_industry_degree_ratio,ORIGINAL,5111,4797,1753,0.0,0.6022727272727273,1.0,0.2594907407407408,0.5,0.7142857142857143,0.9090909090909091,5,PASS,960,1051,871,964,951
2026-03-31,252,5,delta_residual_degree_percentile_1m,ORIGINAL,5111,5099,2698,-0.3769461661577225,0.0028966087847948074,0.5501247644424438,-0.04187285900115967,-0.009116423130035394,0.0064525365829467655,0.03868260383605958,5,PASS,1022,1018,1019,1020,1020
2026-03-31,252,6,delta_cross_industry_degree_percentile_1m,ORIGINAL,5111,5099,1945,-0.4597869115970288,0.0019861005735370696,0.534974678899589,-0.05103629288724487,-0.003517905629814355,0.00656807969656692,0.0477982058489618,5,PASS,1031,1014,1028,1032,994
2026-03-31,252,7,neighbor_jaccard_1m,ORIGINAL,5111,4880,1763,0.0,0.6556466302367941,1.0,0.40952902519167583,0.5932870370370372,0.703836571998007,0.8,5,PASS,976,976,976,1020,932
2026-03-31,252,8,neighbor_retention_1m,ORIGINAL,5111,4813,1417,0.0,0.8165137614678899,1.0,0.6,0.765625,0.8548387096774194,0.9269114825979722,5,PASS,971,955,963,961,963
2026-03-31,252,9,outside_community_degree_percentile,ORIGINAL,5111,5111,127,0.11846996673840736,0.49814126394052044,1.0,0.11846996673840736,0.4154764234005087,0.6087849735863823,0.795049892388965,4,FEWER_THAN_5_PORTFOLIOS,0,0,0,0,0
2026-04-30,60,1,residual_degree_percentile,ORIGINAL,5150,5150,275,0.006116504780948162,0.4980582594871521,1.0,0.21067960560321808,0.4012621343135834,0.5999029278755188,0.8012621402740479,5,PASS,1141,956,1010,1032,1011
2026-04-30,60,2,delta_degree_percentile,ORIGINAL,5150,5150,2481,-0.9160193968564272,0.009805813431739807,0.7864077538251877,-0.16922330856323242,-0.040291279554367065,0.056213587522506714,0.19679611921310425,5,PASS,1034,1030,1030,1027,1029
2026-04-30,60,3,cross_industry_degree_percentile,ORIGINAL,5150,5150,250,0.009320388349514564,0.49213592233009706,1.0,0.18970873786407766,0.39310679611650484,0.5955339805825243,0.7978640776699029,5,PASS,1070,1014,1019,1019,1028
2026-04-30,60,4,cross_industry_degree_ratio,ORIGINAL,5150,5088,1663,0.0,0.7683652195241599,1.0,0.41379310344827586,0.6774193548387096,0.8417543859649121,0.9642857142857143,5,PASS,1021,1017,1015,1020,1015
2026-04-30,60,5,delta_residual_degree_percentile_1m,ORIGINAL,5150,5131,3382,-0.7484068721532822,0.004837950691580772,0.791994035243988,-0.12381073832511902,-0.027014613151550293,0.03510411083698273,0.12008380889892578,5,PASS,1027,1027,1028,1023,1026
2026-04-30,60,6,delta_cross_industry_degree_percentile_1m,ORIGINAL,5150,5131,2654,-0.8320776132921962,0.0020306263975771177,0.7562886014322511,-0.13744723409474746,-0.028400841612650607,0.03495806089426068,0.13327889269438703,5,PASS,1030,1034,1015,1033,1019
2026-04-30,60,7,neighbor_jaccard_1m,ORIGINAL,5150,5110,2042,0.0,0.1895988280369619,1.0,0.015091509150915111,0.12181938035596576,0.2553812703835999,0.4069025227645917,5,PASS,1022,1022,1022,1022,1022
2026-04-30,60,8,neighbor_retention_1m,ORIGINAL,5150,4956,1705,0.0,0.3684210526315789,1.0,0.05454545454545454,0.26515151515151514,0.46846846846846846,0.6666666666666666,5,PASS,992,991,991,1038,944
2026-04-30,60,9,outside_community_degree_percentile,ORIGINAL,5150,5150,111,0.051262135922330095,0.48262135922330096,1.0,0.15611650485436893,0.42135922330097086,0.6113592233009709,0.7959223300970873,5,PASS,1080,1261,895,887,1027
2026-04-30,120,1,residual_degree_percentile,ORIGINAL,5150,5150,272,0.021650485694408417,0.5028155446052551,1.0,0.2082524299621582,0.39514562487602234,0.5991262197494507,0.7998058199882507,5,PASS,1131,937,1039,1020,1023
2026-04-30,120,2,delta_degree_percentile,ORIGINAL,5150,5150,2712,-0.9707766845822334,0.014368951320648193,0.7942718490958214,-0.12718444466590884,-0.020970873534679413,0.06514563411474228,0.16928156018257126,5,PASS,1030,1162,952,976,1030
2026-04-30,120,3,cross_industry_degree_percentile,ORIGINAL,5150,5150,235,0.02970873786407767,0.49689320388349517,1.0,0.19310679611650486,0.390873786407767,0.5963106796116505,0.7983106796116498,5,PASS,1098,985,1012,1025,1030
2026-04-30,120,4,cross_industry_degree_ratio,ORIGINAL,5150,4928,1736,0.0,0.6842105263157895,1.0,0.34172015404364575,0.5831501831501834,0.7865905323263952,0.9538461538461539,5,PASS,986,985,986,986,985
2026-04-30,120,5,delta_residual_degree_percentile_1m,ORIGINAL,5150,5139,2994,-0.6550141423940659,0.00039076805114746094,0.5564635246992111,-0.059347718954086304,-0.014099456369876862,0.016708925366401672,0.06420493125915527,5,PASS,1030,1059,995,1028,1027
2026-04-30,120,6,delta_cross_industry_degree_percentile_1m,ORIGINAL,5150,5139,2224,-0.7996378198955489,0.00016234097268641445,0.6534263801248428,-0.07617971927360062,-0.01725323152564262,0.01817678890386798,0.07268191516277528,5,PASS,1052,1006,1026,1027,1028
2026-04-30,120,7,neighbor_jaccard_1m,ORIGINAL,5150,5021,1940,0.0,0.47368421052631576,1.0,0.1791044776119403,0.3888888888888889,0.5384615384615384,0.6583333333333333,5,PASS,1005,1004,1009,1000,1003
2026-04-30,120,8,neighbor_retention_1m,ORIGINAL,5150,4872,1611,0.0,0.6818181818181818,1.0,0.35714285714285715,0.6028203062046736,0.75,0.8571428571428571,5,PASS,977,972,1004,945,974
2026-04-30,120,9,outside_community_degree_percentile,ORIGINAL,5150,5150,113,0.09514563106796116,0.5248543689320389,1.0,0.2550485436893204,0.3693203883495146,0.5806796116504854,0.7975728155339806,5,PASS,1647,509,955,1039,1000
2026-04-30,252,1,residual_degree_percentile,ORIGINAL,5116,5116,267,0.033717747777700424,0.500488668680191,1.0,0.19067631661891937,0.399139940738678,0.6024237871170044,0.8000391125679016,5,PASS,1037,1032,1026,1004,1017
2026-04-30,252,2,delta_degree_percentile,ORIGINAL,5116,5116,2921,-0.9311962760984898,0.022136449813842773,0.7877248004078865,-0.13477325439453125,-0.014855355024337769,0.06460124254226685,0.17318212985992432,5,PASS,1024,1023,1023,1023,1023
2026-04-30,252,3,cross_industry_degree_percentile,ORIGINAL,5116,5116,222,0.05394839718530102,0.4921813917122752,1.0,0.20777951524628616,0.4110633307271306,0.6032056293979672,0.8017005473025801,5,PASS,1197,963,958,998,1000
2026-04-30,252,4,cross_industry_degree_ratio,ORIGINAL,5116,4772,1796,0.0,0.6061553030303031,1.0,0.26285055704955823,0.5,0.723572228443449,0.9144810744810745,5,PASS,955,1065,843,954,955
2026-04-30,252,5,delta_residual_degree_percentile_1m,ORIGINAL,5116,5110,2850,-0.6284393221139908,0.006661802530288696,0.37105146050453186,-0.04992537572979927,0.00046929121017456833,0.01763147115707399,0.053889310359954874,5,PASS,1025,1019,1022,1022,1022
2026-04-30,252,6,delta_cross_industry_degree_percentile_1m,ORIGINAL,5116,5110,2039,-0.6366209630181817,0.004153301017642885,0.3919511282675503,-0.057077523237451466,0.00186558173979412,0.017013313050742607,0.06451135839867073,5,PASS,1035,1030,1002,1023,1020
2026-04-30,252,7,neighbor_jaccard_1m,ORIGINAL,5116,4884,1861,0.0,0.5977667192620464,1.0,0.3333333333333333,0.5244302279088365,0.6578947368421053,0.7647058823529411,5,PASS,1061,893,978,983,969
2026-04-30,252,8,neighbor_retention_1m,ORIGINAL,5116,4795,1515,0.0,0.8041237113402062,1.0,0.5,0.7346938775510204,0.8571428571428571,0.9375,5,PASS,1033,886,985,938,953
2026-04-30,252,9,outside_community_degree_percentile,ORIGINAL,5116,5116,123,0.11786551993745113,0.49569976544175137,1.0,0.11786551993745113,0.41301798279906177,0.6104378420641126,0.8037529319781079,4,FEWER_THAN_5_PORTFOLIOS,0,0,0,0,0
2026-05-29,60,1,residual_degree_percentile,ORIGINAL,5149,5149,319,0.004661099053919315,0.49650418758392334,1.0,0.2013012170791626,0.39395999908447266,0.6027383804321289,0.8007380366325378,5,PASS,1099,964,1065,1004,1017
2026-05-29,60,2,delta_degree_percentile,ORIGINAL,5149,5149,2479,-0.9078461639583111,0.003981351852416992,0.791027382016182,-0.19372692108154296,-0.06040006875991821,0.06455619335174557,0.2122159600257874,5,PASS,1030,1036,1023,1030,1030
2026-05-29,60,3,cross_industry_degree_percentile,ORIGINAL,5149,5149,274,0.006409011458535638,0.4988347251893572,1.0,0.1989706739172655,0.4095940959409594,0.5958438531753738,0.800835113614294,5,PASS,1116,1052,930,1033,1018
2026-05-29,60,4,cross_industry_degree_ratio,ORIGINAL,5149,5102,1568,0.0,0.8,1.0,0.47956164383561645,0.7142857142857143,0.8695652173913043,0.9787234042553191,5,PASS,1021,1024,1018,1019,1020
2026-05-29,60,5,delta_residual_degree_percentile_1m,ORIGINAL,5149,5133,3419,-0.9098024573177099,-0.003068268299102783,0.7526941522955894,-0.13121725320816038,-0.0347454808652401,0.03249900341033935,0.13138210773468018,5,PASS,1027,1028,1025,1027,1026
2026-05-29,60,6,delta_cross_industry_degree_percentile_1m,ORIGINAL,5149,5133,2678,-0.9305776406767644,-0.005087216482793311,0.8213376525180685,-0.15047502107111002,-0.04079438556265992,0.02833881590732111,0.14557927168438783,5,PASS,1027,1026,1027,1026,1027
2026-05-29,60,7,neighbor_jaccard_1m,ORIGINAL,5149,5125,1991,0.0,0.20512820512820512,0.9333333333333333,0.043010752688172046,0.14705882352941177,0.26328395839899155,0.40789473684210525,5,PASS,1026,1025,1024,1027,1023
2026-05-29,60,8,neighbor_retention_1m,ORIGINAL,5149,5072,1676,0.0,0.3469387755102041,1.0,0.09090909090909091,0.265625,0.4444444444444444,0.6296296296296297,5,PASS,1020,1010,1020,1010,1012
2026-05-29,60,9,outside_community_degree_percentile,ORIGINAL,5149,5149,148,0.03913381239075549,0.48514274616430375,1.0,0.2114002718974558,0.37886968343369426,0.6152651000194213,0.8030685570013595,5,PASS,1317,743,1199,908,982
2026-05-29,120,1,residual_degree_percentile,ORIGINAL,5140,5140,291,0.022373540326952934,0.49727627635002136,1.0,0.19153696298599243,0.40408560633659363,0.6001945734024048,0.7996109127998352,5,PASS,1058,1054,986,1021,1021
2026-05-29,120,2,delta_degree_percentile,ORIGINAL,5140,5140,2819,-0.8697471022605896,0.011429965496063232,0.8288910537958145,-0.14774320721626286,-0.034824907779693604,0.05856027603149414,0.17499996423721315,5,PASS,1028,1029,1027,1028,1028
2026-05-29,120,3,cross_industry_degree_percentile,ORIGINAL,5140,5140,243,0.031809338521400776,0.4942607003891051,1.0,0.2006809338521401,0.40428015564202335,0.5964007782101167,0.8003891050583658,5,PASS,1123,1015,953,1033,1016
2026-05-29,120,4,cross_industry_degree_ratio,ORIGINAL,5140,4911,1739,0.0,0.7010309278350515,1.0,0.3333333333333333,0.5849056603773585,0.8,0.9523809523809523,5,PASS,1005,961,1037,927,981
2026-05-29,120,5,delta_residual_degree_percentile_1m,ORIGINAL,5140,5135,3091,-0.6648817360401154,0.0007230546325445175,0.5377673879265785,-0.07041196525096893,-0.019424581527709962,0.01237648725509645,0.07188769578933715,5,PASS,1034,1020,1027,1027,1027
2026-05-29,120,6,delta_cross_industry_degree_percentile_1m,ORIGINAL,5140,5135,2285,-0.6597244153979827,0.0021006006573231067,0.6796297835367006,-0.08357409995844511,-0.02231124626950245,0.01096479165879647,0.08279913868006496,5,PASS,1029,1025,1027,1027,1027
2026-05-29,120,7,neighbor_jaccard_1m,ORIGINAL,5140,5017,1930,0.0,0.47619047619047616,1.0,0.18181818181818182,0.39473684210526316,0.5454545454545454,0.6666666666666666,5,PASS,1017,991,1004,1034,971
2026-05-29,120,8,neighbor_retention_1m,ORIGINAL,5140,4915,1596,0.0,0.6666666666666666,1.0,0.3333333333333333,0.5769230769230769,0.7368421052631579,0.8378378378378378,5,PASS,1078,890,986,980,981
2026-05-29,120,9,outside_community_degree_percentile,ORIGINAL,5140,5140,127,0.09824902723735408,0.49562256809338523,1.0,0.259727626459144,0.37334630350194553,0.5828793774319067,0.7976653696498055,5,PASS,1660,517,943,1011,1009
2026-05-29,252,1,residual_degree_percentile,ORIGINAL,5123,5123,279,0.036111652851104736,0.5002927780151367,1.0,0.2027132511138916,0.3971305787563324,0.6015030145645142,0.8009955286979675,5,PASS,1098,962,1030,1020,1013
2026-05-29,252,2,delta_degree_percentile,ORIGINAL,5123,5123,2931,-0.8910794705152512,0.01171189546585083,0.8034354597330093,-0.13435487747192382,-0.02129611372947691,0.05652941465377806,0.17148154973983765,5,PASS,1025,1024,1025,1025,1024
2026-05-29,252,3,cross_industry_degree_percentile,ORIGINAL,5123,5123,232,0.05670505563146594,0.49912160843255904,1.0,0.2150107358969354,0.39000585594378295,0.5974038649228968,0.7977747413624829,5,PASS,1233,833,1026,1007,1024
2026-05-29,252,4,cross_industry_degree_ratio,ORIGINAL,5123,4754,1783,0.0,0.6144578313253012,1.0,0.2538734896943852,0.5,0.736673684210526,0.9224775224775226,5,PASS,951,1033,868,951,951
2026-05-29,252,5,delta_residual_degree_percentile_1m,ORIGINAL,5123,5115,2754,-0.5092880427837372,0.002393905073404312,0.5296852588653564,-0.04029403924942016,-0.008827114105224607,0.007761907577514654,0.04342675209045414,5,PASS,1023,1023,1023,1023,1023
2026-05-29,252,6,delta_cross_industry_degree_percentile_1m,ORIGINAL,5123,5115,1953,-0.4714461693474232,0.0027566584461649196,0.5937189852078281,-0.051572062218601444,-0.00886441773192597,0.006634294403033286,0.04823913815525105,5,PASS,1033,1013,1143,908,1018
2026-05-29,252,7,neighbor_jaccard_1m,ORIGINAL,5123,4860,1772,0.0,0.6666666666666666,1.0,0.38461538461538464,0.6,0.715542521994135,0.8095238095238095,5,PASS,978,1014,924,976,968
2026-05-29,252,8,neighbor_retention_1m,ORIGINAL,5123,4771,1429,0.0,0.8207547169811321,1.0,0.5588235294117647,0.7655172413793103,0.8571428571428571,0.9204545454545454,5,PASS,956,953,966,942,954
2026-05-29,252,9,outside_community_degree_percentile,ORIGINAL,5123,5123,151,0.12063244192855749,0.49590083935194224,1.0,0.12063244192855749,0.4147960179582276,0.6009174311926605,0.8018739020105407,4,FEWER_THAN_5_PORTFOLIOS,0,0,0,0,0
2026-06-30,60,1,residual_degree_percentile,ORIGINAL,5156,5156,382,0.016291698440909386,0.4977695941925049,1.0,0.18754848837852478,0.40428626537323,0.6035686731338501,0.7998448610305786,5,PASS,1063,1072,995,997,1029
2026-06-30,60,2,delta_degree_percentile,ORIGINAL,5156,5156,2461,-0.9199960976839066,0.010085344314575195,0.7702676504850388,-0.15079522132873535,-0.03607448935508728,0.057699769735336304,0.18240880966186523,5,PASS,1032,1035,1049,1009,1031
2026-06-30,60,3,cross_industry_degree_percentile,ORIGINAL,5156,5156,341,0.0252133436772692,0.5119278510473235,1.0,0.20645849495733126,0.38576415826221877,0.5966834755624515,0.7987781225756401,5,PASS,1205,869,1048,1005,1029
2026-06-30,60,4,cross_industry_degree_ratio,ORIGINAL,5156,4989,1447,0.0,0.8235294117647058,1.0,0.42857142857142855,0.7153021843471448,0.8947368421052632,1.0,4,FEWER_THAN_5_PORTFOLIOS,0,0,0,0,0
2026-06-30,60,5,delta_residual_degree_percentile_1m,ORIGINAL,5156,5141,3136,-0.7272088676691055,-0.003864530473947525,0.8971582092344761,-0.13845527172088623,-0.03628137707710266,0.02450379729270935,0.13468939065933228,5,PASS,1029,1031,1025,1029,1027
2026-06-30,60,6,delta_cross_industry_degree_percentile_1m,ORIGINAL,5156,5141,2449,-0.7900905988358401,-0.006647671311142078,0.8950005318619191,-0.1516943644182267,-0.043906444433763694,0.02798874381296179,0.15110690560174148,5,PASS,1051,1016,1022,1026,1026
2026-06-30,60,7,neighbor_jaccard_1m,ORIGINAL,5156,5122,1791,0.0,0.18100524205982116,1.0,0.02631578947368421,0.125,0.23809523809523808,0.3684210526315789,5,PASS,1028,1028,1020,1025,1021
2026-06-30,60,8,neighbor_retention_1m,ORIGINAL,5156,5095,1585,0.0,0.2857142857142857,1.0,0.041666666666666664,0.2,0.37589820359281456,0.5714285714285714,5,PASS,1021,1064,972,1030,1008
2026-06-30,60,9,outside_community_degree_percentile,ORIGINAL,5156,5156,175,0.11404189294026378,0.5348138091543833,1.0,0.11404189294026378,0.4428820791311094,0.5976532195500388,0.8010085337470908,4,FEWER_THAN_5_PORTFOLIOS,0,0,0,0,0
2026-06-30,120,1,residual_degree_percentile,ORIGINAL,5157,5157,348,0.04430870711803436,0.5005817413330078,1.0,0.19749854505062103,0.4055652618408203,0.6010277271270752,0.8009501695632935,5,PASS,1096,1027,991,1024,1019
2026-06-30,120,2,delta_degree_percentile,ORIGINAL,5157,5157,2604,-0.8680434376001358,0.0067868828773498535,0.7837890386581421,-0.1174132227897644,-0.03025016188621521,0.04553034305572509,0.1616249680519104,5,PASS,1036,1028,1030,1041,1022
2026-06-30,120,3,cross_industry_degree_percentile,ORIGINAL,5157,5157,291,0.06263331394221447,0.5092107814620903,1.0,0.2309482257126236,0.40149311615280203,0.5973434167151445,0.7987201861547412,5,PASS,1350,808,958,1015,1026
2026-06-30,120,4,cross_industry_degree_ratio,ORIGINAL,5157,4701,1672,0.0,0.6842105263157895,1.0,0.27848101265822783,0.5490196078431373,0.8,0.9628571428571429,5,PASS,941,940,946,934,940
2026-06-30,120,5,delta_residual_degree_percentile_1m,ORIGINAL,5157,5139,3061,-0.7311006933450699,-0.009368181228637695,0.7466854304075241,-0.07975671887397766,-0.027294188737869263,0.015505731105804443,0.0881306529045105,5,PASS,1028,1047,1009,1028,1027
2026-06-30,120,6,delta_cross_industry_degree_percentile_1m,ORIGINAL,5157,5139,2255,-0.6771126510828469,-0.009457697557398004,0.7618539909110732,-0.09223049928735752,-0.03260014909280498,0.019914365951911546,0.08934000025653639,5,PASS,1098,998,987,1028,1028
2026-06-30,120,7,neighbor_jaccard_1m,ORIGINAL,5157,4989,1902,0.0,0.4,1.0,0.1111111111111111,0.32506024096385544,0.48,0.6118813825608798,5,PASS,1009,987,998,997,998
2026-06-30,120,8,neighbor_retention_1m,ORIGINAL,5157,4910,1614,0.0,0.5687964841108857,1.0,0.2,0.4666666666666667,0.6530612244897959,0.7790199637023594,5,PASS,1039,935,973,981,982
2026-06-30,120,9,outside_community_degree_percentile,ORIGINAL,5157,5157,173,0.15697110723288735,0.5050416909055653,1.0,0.15697110723288735,0.38646499903044407,0.581636610432422,0.7990110529377545,4,FEWER_THAN_5_PORTFOLIOS,0,0,0,0,0
2026-06-30,252,1,residual_degree_percentile,ORIGINAL,5115,5115,312,0.05141739919781685,0.5001955032348633,1.0,0.20312805473804474,0.40254154801368713,0.6013685464859009,0.7987292408943176,5,PASS,1106,973,1011,1003,1022
2026-06-30,252,2,delta_degree_percentile,ORIGINAL,5115,5115,2854,-0.9297165386378765,0.020723342895507812,0.7252199277281761,-0.11438906192779541,-0.027135872840881228,0.05650049448013306,0.15845552682876587,5,PASS,1023,1023,1024,1022,1023
2026-06-30,252,3,cross_industry_degree_percentile,ORIGINAL,5115,5115,258,0.07526881720430108,0.5009775171065494,1.0,0.1887585532746823,0.40654936461388075,0.6023460410557184,0.8011730205278592,5,PASS,1161,1006,943,1000,1005
2026-06-30,252,4,cross_industry_degree_ratio,ORIGINAL,5115,4590,1711,0.0,0.6074929971988795,1.0,0.23333333333333334,0.48560332871012485,0.75,0.9262769827795295,5,PASS,920,916,974,862,918
2026-06-30,252,5,delta_residual_degree_percentile_1m,ORIGINAL,5115,5108,2894,-0.5956485867500305,-0.003249824047088623,0.5152276456356049,-0.055945014953613266,-0.01831981539726255,0.015305746346712112,0.051595792174339294,5,PASS,1022,1021,1292,759,1014
2026-06-30,252,6,delta_cross_industry_degree_percentile_1m,ORIGINAL,5115,5108,2069,-0.5300833894790309,-0.000791601862987712,0.5927847674480506,-0.07300213382272155,-0.019160709116820995,0.01856376157283514,0.05412529201009997,5,PASS,1060,991,1345,693,1019
2026-06-30,252,7,neighbor_jaccard_1m,ORIGINAL,5115,4818,1790,0.0,0.5915650406504065,1.0,0.2857142857142857,0.5,0.6511627906976745,0.7567567567567568,5,PASS,976,952,964,964,962
2026-06-30,252,8,neighbor_retention_1m,ORIGINAL,5115,4741,1517,0.0,0.7368421052631579,1.0,0.4142857142857143,0.6666666666666666,0.7931034482758621,0.875,5,PASS,950,1025,874,946,946
2026-06-30,252,9,outside_community_degree_percentile,ORIGINAL,5115,5115,159,0.15874877810361682,0.5001955034213099,1.0,0.15874877810361682,0.3881720430107527,0.5729227761485826,0.8007820136852395,4,FEWER_THAN_5_PORTFOLIOS,0,0,0,0,0
2026-07-31,60,1,residual_degree_percentile,ORIGINAL,5172,5172,448,0.10856535285711288,0.5028035640716553,1.0,0.10856535285711288,0.41047951579093933,0.5981245040893555,0.8006574034690861,4,FEWER_THAN_5_PORTFOLIOS,0,0,0,0,0
2026-07-31,60,2,delta_degree_percentile,ORIGINAL,5172,5172,2145,-0.8210556879639626,-0.019721567630767822,0.7383024096488953,-0.08633023500442505,-0.031129159033298492,0.023762571811676,0.11852282285690308,5,PASS,1037,1405,661,1051,1018
2026-07-31,60,3,cross_industry_degree_percentile,ORIGINAL,5172,5172,400,0.14375483372003092,0.4813418406805878,1.0,0.14375483372003092,0.4263341067285383,0.5997679814385151,0.7995939675174014,4,FEWER_THAN_5_PORTFOLIOS,0,0,0,0,0
2026-07-31,60,4,cross_industry_degree_ratio,ORIGINAL,5172,4050,1313,0.0,0.75,1.0,0.24628177714421481,0.5625,0.8709677419354839,1.0,4,FEWER_THAN_5_PORTFOLIOS,0,0,0,0,0
2026-07-31,60,5,delta_residual_degree_percentile_1m,ORIGINAL,5172,5148,2629,-0.8246192708611488,0.002385944128036499,0.7968183755874634,-0.1152515634894371,-0.028510141372680643,0.033760279417037964,0.11347323656082153,5,PASS,1064,995,1032,1040,1017
2026-07-31,60,6,delta_cross_industry_degree_percentile_1m,ORIGINAL,5172,5148,2032,-0.7981575014234912,-0.0026765084056478983,0.7495546527611529,-0.12487481077617325,-0.025503651877358324,0.039704918829503257,0.12898604528651925,5,PASS,1030,1029,1030,1029,1030
2026-07-31,60,7,neighbor_jaccard_1m,ORIGINAL,5172,5009,1631,0.0,0.16666666666666666,1.0,0.0,0.1,0.23635722302388967,0.38833522761260997,4,FEWER_THAN_5_PORTFOLIOS,0,0,0,0,0
2026-07-31,60,8,neighbor_retention_1m,ORIGINAL,5172,4982,1398,0.0,0.25,1.0,0.0,0.14662840746054526,0.35200834637454353,0.5769230769230769,4,FEWER_THAN_5_PORTFOLIOS,0,0,0,0,0
2026-07-31,60,9,outside_community_degree_percentile,ORIGINAL,5172,5172,249,0.29582366589327147,0.29582366589327147,1.0,0.29582366589327147,0.29582366589327147,0.6339907192575406,0.7975638051044084,3,FEWER_THAN_5_PORTFOLIOS,0,0,0,0,0
2026-07-31,120,1,residual_degree_percentile,ORIGINAL,5168,5168,404,0.08533281832933426,0.5049341917037964,1.0,0.20549535751342773,0.39802631735801697,0.6007159352302551,0.8003095984458923,5,PASS,1242,864,1013,1022,1027
2026-07-31,120,2,delta_degree_percentile,ORIGINAL,5168,5168,2390,-0.8841911479830742,-0.005901694297790527,0.7958591431379318,-0.11050693988800038,-0.05882353335618973,0.053405582904815674,0.15330883860588077,5,PASS,1034,1066,1004,1030,1034
2026-07-31,120,3,cross_industry_degree_percentile,ORIGINAL,5168,5168,340,0.1178405572755418,0.4868421052631579,1.0,0.1178405572755418,0.40576625386996906,0.6000386996904025,0.8004063467492261,4,FEWER_THAN_5_PORTFOLIOS,0,0,0,0,0
2026-07-31,120,4,cross_industry_degree_ratio,ORIGINAL,5168,4287,1501,0.0,0.6666666666666666,1.0,0.21992831541218652,0.5,0.8,0.9655172413793104,5,PASS,858,901,841,831,856
2026-07-31,120,5,delta_residual_degree_percentile_1m,ORIGINAL,5168,5157,2839,-0.6472636386752129,-0.0011383891105651855,0.6945033371448517,-0.08118534088134764,-0.024327135086059555,0.027549910545349113,0.08559927940368653,5,PASS,1032,1031,1031,1031,1032
2026-07-31,120,6,delta_cross_industry_degree_percentile_1m,ORIGINAL,5168,5157,2121,-0.7572806372173805,0.0017047900266011773,0.8300717944169186,-0.10585764877580806,-0.025539825786105693,0.04106812346199307,0.08918909102479367,5,PASS,1040,1023,1032,1033,1029
2026-07-31,120,7,neighbor_jaccard_1m,ORIGINAL,5168,4793,1789,0.0,0.375,1.0,0.07726495726495734,0.3,0.4495959595959595,0.5833333333333334,5,PASS,959,972,945,966,951
2026-07-31,120,8,neighbor_retention_1m,ORIGINAL,5168,4701,1598,0.0,0.5098039215686274,1.0,0.14285714285714285,0.4230769230769231,0.6105263157894737,0.7777777777777778,5,PASS,962,921,938,945,935
2026-07-31,120,9,outside_community_degree_percentile,ORIGINAL,5168,5168,214,0.2572561919504644,0.2572561919504644,1.0,0.2572561919504644,0.2572561919504644,0.5713041795665634,0.795375386996904,3,FEWER_THAN_5_PORTFOLIOS,0,0,0,0,0
2026-07-31,252,1,residual_degree_percentile,ORIGINAL,5122,5122,350,0.07858258485794067,0.5004881024360657,1.0,0.1856696605682373,0.4037485420703888,0.6002538204193115,0.8000780940055847,5,PASS,1097,1000,990,1016,1019
2026-07-31,252,2,delta_degree_percentile,ORIGINAL,5122,5122,2780,-0.8866653442382812,-0.0011226236820220947,0.8224326521158218,-0.12092927694320678,-0.021280750632286072,0.043635290861129716,0.15228426456451416,5,PASS,1025,1310,738,1025,1024
2026-07-31,252,3,cross_industry_degree_percentile,ORIGINAL,5122,5122,292,0.1116751269035533,0.4935572042171027,1.0,0.1116751269035533,0.41146036704412337,0.6019133151112847,0.7989066770792659,4,FEWER_THAN_5_PORTFOLIOS,0,0,0,0,0
2026-07-31,252,4,cross_industry_degree_ratio,ORIGINAL,5122,4318,1657,0.0,0.6,1.0,0.2,0.4533333333333333,0.7444444444444445,0.9324319177299563,5,PASS,888,840,864,862,864
2026-07-31,252,5,delta_residual_degree_percentile_1m,ORIGINAL,5122,5115,2790,-0.44292277097702026,-0.0007551908493041992,0.6049586534500122,-0.05550547838211059,-0.017458394169807434,0.017248284816741948,0.05304172039031986,5,PASS,1023,1046,1000,1023,1023
2026-07-31,252,6,delta_cross_industry_degree_percentile_1m,ORIGINAL,5122,5115,2007,-0.5820687636145307,0.004835369859113148,0.6478287173227406,-0.077083426371129,-0.014879730280090542,0.031221140630015666,0.06411804559176436,5,PASS,1031,1024,1014,1023,1023
2026-07-31,252,7,neighbor_jaccard_1m,ORIGINAL,5122,4641,1700,0.0,0.6,1.0,0.3076923076923077,0.5238095238095238,0.660377358490566,0.75,5,PASS,930,931,924,928,928
2026-07-31,252,8,neighbor_retention_1m,ORIGINAL,5122,4590,1479,0.0,0.7368421052631579,1.0,0.4,0.6666666666666666,0.7938375350140056,0.8879672052085846,5,PASS,930,983,841,918,918
2026-07-31,252,9,outside_community_degree_percentile,ORIGINAL,5122,5122,182,0.22139789144865288,0.5087856306130418,1.0,0.22139789144865288,0.22139789144865288,0.6089418196017181,0.802616165560328,3,FEWER_THAN_5_PORTFOLIOS,0,0,0,0,0
2026-08-31,60,1,residual_degree_percentile,ORIGINAL,5175,5175,408,0.08492753654718399,0.49835747480392456,1.0,0.20937198400497437,0.41004830598831177,0.5991304516792297,0.7991304397583008,5,PASS,1288,899,934,1020,1034
2026-08-31,60,2,delta_degree_percentile,ORIGINAL,5175,5175,2456,-0.8490821346640587,-0.01207733154296875,0.7766183838248253,-0.12772947549819946,-0.029855072498321533,0.03565216064453125,0.1519033908843994,5,PASS,1042,1335,737,1026,1035
2026-08-31,60,3,cross_industry_degree_percentile,ORIGINAL,5175,5175,369,0.11690821256038647,0.49884057971014495,1.0,0.11690821256038647,0.42328502415458935,0.5979710144927536,0.7989371980676329,4,FEWER_THAN_5_PORTFOLIOS,0,0,0,0,0
2026-08-31,60,4,cross_industry_degree_ratio,ORIGINAL,5175,4297,1414,0.0,0.7818181818181819,1.0,0.296875,0.6052149400986612,0.875,1.0,4,FEWER_THAN_5_PORTFOLIOS,0,0,0,0,0
2026-08-31,60,5,delta_residual_degree_percentile_1m,ORIGINAL,5175,5166,2534,-0.7508948445320129,-0.01803550124168396,0.8157824650406837,-0.0870862603187561,-0.023637816309928894,0.013455331325531006,0.10080663114786148,5,PASS,1034,1487,579,1146,920
2026-08-31,60,6,delta_cross_industry_degree_percentile_1m,ORIGINAL,5175,5166,1986,-0.7837105036035734,-0.02684662115964445,0.7934432339128193,-0.08294181602161022,-0.02684662115964445,0.010304930674647217,0.1250198953114317,5,PASS,1034,1556,516,1041,1019
2026-08-31,60,7,neighbor_jaccard_1m,ORIGINAL,5175,4499,1681,0.0,0.2564102564102564,1.0,0.0,0.1740360951599672,0.3333333333333333,0.5,4,FEWER_THAN_5_PORTFOLIOS,0,0,0,0,0
2026-08-31,60,8,neighbor_retention_1m,ORIGINAL,5175,4046,1337,0.0,0.5714285714285714,1.0,0.125,0.5,0.6666666666666666,0.835820895522388,5,PASS,811,973,713,740,809
2026-08-31,60,9,outside_community_degree_percentile,ORIGINAL,5175,5175,193,0.2693719806763285,0.2693719806763285,1.0,0.2693719806763285,0.2693719806763285,0.5885990338164251,0.8018357487922705,3,FEWER_THAN_5_PORTFOLIOS,0,0,0,0,0
2026-08-31,120,1,residual_degree_percentile,ORIGINAL,5170,5170,409,0.09245648235082626,0.503288209438324,1.0,0.21856866776943207,0.39748549461364746,0.598452627658844,0.7996711850166318,5,PASS,1304,803,1003,1026,1034
2026-08-31,120,2,delta_degree_percentile,ORIGINAL,5170,5170,2398,-0.8878143206238747,-0.012620896100997925,0.7697291970252991,-0.11723402738571168,-0.05328819900751114,0.045087027549743676,0.16187621355056755,5,PASS,1034,1225,843,1034,1034
2026-08-31,120,3,cross_industry_degree_percentile,ORIGINAL,5170,5170,357,0.1283365570599613,0.503384912959381,1.0,0.1283365570599613,0.3776595744680851,0.6058994197292069,0.8009671179883946,4,FEWER_THAN_5_PORTFOLIOS,0,0,0,0,0
2026-08-31,120,4,cross_industry_degree_ratio,ORIGINAL,5170,4215,1456,0.0,0.6666666666666666,1.0,0.23076923076923078,0.5,0.8152046783625732,0.9662313999392651,5,PASS,844,878,807,843,843
2026-08-31,120,5,delta_residual_degree_percentile_1m,ORIGINAL,5170,5167,2544,-0.5697919502854347,0.007123664021492004,0.690636157989502,-0.047963196039199824,-0.0005408227443695068,0.007949984073638915,0.04552045464515686,5,PASS,1034,1034,1032,1042,1025
2026-08-31,120,6,delta_cross_industry_degree_percentile_1m,ORIGINAL,5170,5167,1881,-0.6426580249833824,0.010495999784419507,0.637995385978885,-0.052569801665958045,0.005564820858609099,0.010495999784419507,0.042727444892239716,5,PASS,1034,1039,1189,871,1034
2026-08-31,120,7,neighbor_jaccard_1m,ORIGINAL,5170,4408,1672,0.0,0.5317381777055206,1.0,0.2550688360450563,0.4772430184194891,0.6,0.7174955156950673,5,PASS,882,881,944,819,882
2026-08-31,120,8,neighbor_retention_1m,ORIGINAL,5170,4287,1417,0.0,0.7419354838709677,1.0,0.439219512195122,0.6666666666666666,0.8056345444971037,0.9127013422818793,5,PASS,858,953,761,857,858
2026-08-31,120,9,outside_community_degree_percentile,ORIGINAL,5170,5170,194,0.270889748549323,0.270889748549323,1.0,0.270889748549323,0.270889748549323,0.5944874274661509,0.8009671179883946,3,FEWER_THAN_5_PORTFOLIOS,0,0,0,0,0
2026-08-31,252,1,residual_degree_percentile,ORIGINAL,5124,5124,352,0.08557767421007156,0.501366138458252,1.0,0.19935597479343414,0.3920764923095703,0.6005074381828308,0.8011319041252136,5,PASS,1166,885,1041,1019,1013
2026-08-31,252,2,delta_degree_percentile,ORIGINAL,5124,5124,2729,-0.8805620595812798,-0.003854423761367798,0.790593259036541,-0.12999610900878902,-0.01932084560394287,0.042740046977996826,0.1508586764335635,5,PASS,1025,1373,684,1017,1025
2026-08-31,252,3,cross_industry_degree_percentile,ORIGINAL,5124,5124,292,0.11992583918813426,0.5067330210772834,1.0,0.11992583918813426,0.39490632318501173,0.5991412958626073,0.7986924277907884,4,FEWER_THAN_5_PORTFOLIOS,0,0,0,0,0
2026-08-31,252,4,cross_industry_degree_ratio,ORIGINAL,5124,4248,1602,0.0,0.5833333333333334,1.0,0.19242165242165246,0.4444444444444444,0.7300526315789473,0.9355796870009583,5,PASS,850,852,847,849,850
2026-08-31,252,5,delta_residual_degree_percentile_1m,ORIGINAL,5124,5122,2444,-0.42848286032676697,0.00699508935213089,0.4550322890281677,-0.02948939800262451,-0.003258347511291504,0.00699508935213089,0.020514822006225602,5,PASS,1026,1032,1236,803,1025
2026-08-31,252,6,delta_cross_industry_degree_percentile_1m,ORIGINAL,5124,5122,1737,-0.4705661561261961,0.008250712284580963,0.5177159737990228,-0.026770042805658995,0.0016318381072479248,0.008250712284580963,0.021126549659045313,5,PASS,1025,1024,1253,836,984
2026-08-31,252,7,neighbor_jaccard_1m,ORIGINAL,5124,4387,1620,0.0,0.7407407407407407,1.0,0.5,0.6866261786215827,0.7823696145124717,0.8666666666666667,5,PASS,948,807,877,879,876
2026-08-31,252,8,neighbor_retention_1m,ORIGINAL,5124,4318,1308,0.0,0.8611111111111112,1.0,0.6666666666666666,0.8205128205128205,0.8969875222816399,0.9553379598821181,5,PASS,898,835,858,863,864
2026-08-31,252,9,outside_community_degree_percentile,ORIGINAL,5124,5124,177,0.24180327868852458,0.546935987509758,1.0,0.24180327868852458,0.24180327868852458,0.546935987509758,0.799863387978142,3,FEWER_THAN_5_PORTFOLIOS,0,0,0,0,0
2026-09-03,60,1,residual_degree_percentile,ORIGINAL,5176,5176,403,0.09119010716676712,0.5042504072189331,1.0,0.221406489610672,0.3995363116264343,0.5976622700691223,0.8003284335136414,5,PASS,1348,783,981,1033,1031
2026-09-03,60,2,delta_degree_percentile,ORIGINAL,5176,5176,2438,-0.8333655521273613,-0.008355885744094849,0.7851622924208641,-0.12364757061004639,-0.024729520082473755,0.03496912121772766,0.14383694529533386,5,PASS,1037,1388,682,1039,1030
2026-09-03,60,3,cross_industry_degree_percentile,ORIGINAL,5176,5176,361,0.1241306027820711,0.5091769706336939,1.0,0.1241306027820711,0.37654559505409585,0.5922527047913446,0.7999420401854714,4,FEWER_THAN_5_PORTFOLIOS,0,0,0,0,0
2026-09-03,60,4,cross_industry_degree_ratio,ORIGINAL,5176,4233,1399,0.0,0.7804878048780488,1.0,0.2857142857142857,0.6048808498420902,0.8740274132400117,1.0,4,FEWER_THAN_5_PORTFOLIOS,0,0,0,0,0
2026-09-03,60,5,delta_residual_degree_percentile_1m,ORIGINAL,5176,5175,2123,-0.3931577131152153,0.00626257061958313,0.3696341812610626,-0.022383004426956177,-0.00033385753631591877,0.00626257061958313,0.01657571792602539,5,PASS,1046,1024,1165,905,1035
2026-09-03,60,6,delta_cross_industry_degree_percentile_1m,ORIGINAL,5176,5175,1667,-0.5817631170246922,0.007222390221684624,0.39226875807330747,-0.021515601550074995,0.0036873156672565504,0.007222390221684624,0.015003449588961314,5,PASS,1035,1035,1245,825,1035
2026-09-03,60,7,neighbor_jaccard_1m,ORIGINAL,5176,4396,1444,0.0,0.736106346483705,1.0,0.5,0.6666666666666666,0.7857142857142857,0.875,5,PASS,1077,702,872,882,863
2026-09-03,60,8,neighbor_retention_1m,ORIGINAL,5176,4297,1241,0.0,0.8688524590163934,1.0,0.6666666666666666,0.8181818181818182,0.9024390243902439,0.9765246449456977,5,PASS,970,752,857,858,860
2026-09-03,60,9,outside_community_degree_percentile,ORIGINAL,5176,5176,196,0.2757921174652241,0.2757921174652241,1.0,0.2757921174652241,0.2757921174652241,0.6007534775888718,0.8010046367851623,3,FEWER_THAN_5_PORTFOLIOS,0,0,0,0,0
2026-09-03,120,1,residual_degree_percentile,ORIGINAL,5170,5170,398,0.09439071267843246,0.502417802810669,1.0,0.22282397747039795,0.3979690670967102,0.6027079224586487,0.7994197010993958,5,PASS,1328,781,1025,1005,1031
2026-09-03,120,2,delta_degree_percentile,ORIGINAL,5170,5170,2391,-0.8767891898751259,-0.014410033822059631,0.7561895549297333,-0.11266925930976868,-0.051257260143756866,0.045822048187255875,0.1576402187347412,5,PASS,1036,1201,865,1035,1033
2026-09-03,120,3,cross_industry_degree_percentile,ORIGINAL,5170,5170,358,0.13065764023210832,0.5044487427466151,1.0,0.13065764023210832,0.38104448742746616,0.606963249516441,0.8,4,FEWER_THAN_5_PORTFOLIOS,0,0,0,0,0
2026-09-03,120,4,cross_industry_degree_ratio,ORIGINAL,5170,4195,1458,0.0,0.6666666666666666,1.0,0.23076923076923078,0.5,0.8168620501635769,0.9661245991754467,5,PASS,840,890,787,839,839
2026-09-03,120,5,delta_residual_degree_percentile_1m,ORIGINAL,5170,5170,907,-0.3906189501285553,0.0019342303276062012,0.4099613204598427,-0.00570601224899292,0.0018375217914581299,0.0019342303276062012,0.006673097610473633,5,PASS,1040,1086,1005,1006,1033
2026-09-03,120,6,delta_cross_industry_degree_percentile_1m,ORIGINAL,5170,5170,718,-0.3458413926499032,0.0023210831721470204,0.4009671179883946,-0.0030174081237911475,0.001644100580270813,0.0023210831721470204,0.004835589941972973,5,PASS,1034,1049,1362,771,954
2026-09-03,120,7,neighbor_jaccard_1m,ORIGINAL,5170,4253,1189,0.0,0.9090909090909091,1.0,0.7633823529411766,0.88,0.9322428983445932,1.0,4,FEWER_THAN_5_PORTFOLIOS,0,0,0,0,0
2026-09-03,120,8,neighbor_retention_1m,ORIGINAL,5170,4215,984,0.0,0.967741935483871,1.0,0.875,0.9508196721311475,0.9823008849557522,1.0,4,FEWER_THAN_5_PORTFOLIOS,0,0,0,0,0
2026-09-03,120,9,outside_community_degree_percentile,ORIGINAL,5170,5170,203,0.2668278529980658,0.2668278529980658,1.0,0.2668278529980658,0.2668278529980658,0.5872340425531914,0.796615087040619,3,FEWER_THAN_5_PORTFOLIOS,0,0,0,0,0
2026-09-03,252,1,residual_degree_percentile,ORIGINAL,5125,5125,355,0.08751219511032104,0.5004878044128418,1.0,0.20351219177246094,0.4055609703063965,0.6003902554512024,0.7999024391174316,5,PASS,1189,918,986,1013,1019
2026-09-03,252,2,delta_degree_percentile,ORIGINAL,5125,5125,2733,-0.874439001083374,-0.004487812519073486,0.7977560684084892,-0.12528781890869142,-0.018634147942066193,0.04243902862071991,0.1473170518875122,5,PASS,1025,1398,662,1016,1024
2026-09-03,252,3,cross_industry_degree_percentile,ORIGINAL,5125,5125,300,0.12302439024390244,0.5089756097560976,1.0,0.12302439024390244,0.39658536585365856,0.5973658536585366,0.7999024390243903,4,FEWER_THAN_5_PORTFOLIOS,0,0,0,0,0
2026-09-03,252,4,cross_industry_degree_ratio,ORIGINAL,5125,4229,1618,0.0,0.5833333333333334,1.0,0.19506059211535512,0.4444444444444444,0.7312284730195177,0.9354838709677419,5,PASS,846,852,839,847,845
2026-09-03,252,5,delta_residual_degree_percentile_1m,ORIGINAL,5125,5124,1722,-0.19563788175582886,0.0019345209002494812,0.19539793580770493,-0.0066397786140441895,0.0006459116935730115,0.0019345209002494812,0.004156216979026794,5,PASS,1030,1020,1236,873,965
2026-09-03,252,6,delta_cross_industry_degree_percentile_1m,ORIGINAL,5125,5124,1239,-0.2718819329411093,0.002242588678814217,0.3114887949582072,-0.0034266331562612714,0.0014710496753679858,0.003098551055768173,0.004140458102473266,5,PASS,1025,1103,1809,369,818
2026-09-03,252,7,neighbor_jaccard_1m,ORIGINAL,5125,4265,1060,0.0,0.9429280397022333,1.0,0.8571428571428571,0.9259259259259259,0.9583333333333334,1.0,4,FEWER_THAN_5_PORTFOLIOS,0,0,0,0,0
2026-09-03,252,8,neighbor_retention_1m,ORIGINAL,5125,4248,833,0.0,0.9767441860465116,1.0,0.9230769230769231,0.9647058823529412,0.9874581589958159,1.0,4,FEWER_THAN_5_PORTFOLIOS,0,0,0,0,0
2026-09-03,252,9,outside_community_degree_percentile,ORIGINAL,5125,5125,180,0.2446829268292683,0.5515121951219513,1.0,0.2446829268292683,0.2446829268292683,0.5515121951219513,0.7979512195121952,3,FEWER_THAN_5_PORTFOLIOS,0,0,0,0,0
