sample_scope,method,window,factor,cost_bps,mean_ic,mean_gross_hl,mean_one_way_trade_notional,mean_net_hl,mean_net_lh,bh_q_net_hl,bh_q_net_lh,capacity_95pct_dates_cny,annual_pnl_95pct_hl_cny,annual_pnl_95pct_lh_cny
COMMON_DATE,CHARACTERISTIC_NEUTRAL_FACTOR_SORT,60,cross_industry_degree_percentile,10,0.005301275308953,-0.0001171264554778,1.9019071346107963,-0.0020190335900886,-0.0017847806791329,0.3220879106110476,0.3787274569610141,369246078.2217535,-8946242.8192584,-7908279.195069783
COMMON_DATE,CHARACTERISTIC_NEUTRAL_FACTOR_SORT,60,cross_industry_degree_percentile,20,0.005301275308953,-0.0001171264554778,1.9019071346107963,-0.0039209407246993,-0.0036866878137437,0.0289813441667641,0.0425236978609734,369246078.2217535,-17373503.826422505,-16335540.202233866
COMMON_DATE,CHARACTERISTIC_NEUTRAL_FACTOR_SORT,60,cross_industry_degree_percentile,30,0.005301275308953,-0.0001171264554778,1.9019071346107963,-0.0058228478593101,-0.0055885949483545,0.0009462785723508,0.0018482197755912,369246078.2217535,-25800764.833586626,-24762801.20939795
COMMON_DATE,CHARACTERISTIC_NEUTRAL_FACTOR_SORT,60,cross_industry_degree_percentile,50,0.005301275308953,-0.0001171264554778,1.9019071346107963,-0.0096266621285317,-0.0093924092175761,4.097835650528164e-08,4.27875034099756e-08,369246078.2217535,-42655286.84791477,-41617323.22372614
COMMON_DATE,CHARACTERISTIC_NEUTRAL_FACTOR_SORT,60,cross_industry_degree_ratio,10,-0.0053132938222321,-0.0025282897760375,1.8272788567081295,-0.0043555686327456,0.0007010109193294,0.0071736654023551,0.6062038381137571,383388600.7461464,-20038504.362745967,3225115.1456336896
COMMON_DATE,CHARACTERISTIC_NEUTRAL_FACTOR_SORT,60,cross_industry_degree_ratio,20,-0.0053132938222321,-0.0025282897760375,1.8272788567081295,-0.0061828474894538,-0.0011262679373787,9.202961325373902e-06,0.4406393518319259,383388600.7461464,-28445198.97130212,-5181579.462922456
COMMON_DATE,CHARACTERISTIC_NEUTRAL_FACTOR_SORT,60,cross_industry_degree_ratio,30,-0.0053132938222321,-0.0025282897760375,1.8272788567081295,-0.0080101263461619,-0.0029535467940868,3.855651734863485e-09,0.0236498639713358,383388600.7461464,-36851893.57985827,-13588274.071478616
COMMON_DATE,CHARACTERISTIC_NEUTRAL_FACTOR_SORT,60,cross_industry_degree_ratio,50,-0.0053132938222321,-0.0025282897760375,1.8272788567081295,-0.0116646840595781,-0.0066081045075031,9.965877457418305e-18,1.8338409245323728e-07,383388600.7461464,-53665282.79697061,-30401663.288590904
COMMON_DATE,CHARACTERISTIC_NEUTRAL_FACTOR_SORT,60,delta_cross_industry_degree_percentile_1m,10,0.0035169830202558,0.0007909426303658,3.416039837603308,-0.0026250972072374,-0.0042069824679691,0.0130338805031847,2.4830183877707776e-05,383659389.8070315,-12085718.3125542,-19368579.919079177
COMMON_DATE,CHARACTERISTIC_NEUTRAL_FACTOR_SORT,60,delta_cross_industry_degree_percentile_1m,20,0.0035169830202558,0.0007909426303658,3.416039837603308,-0.0060411370448407,-0.0076230223055724,1.0060888686738263e-10,1.12531664949302e-17,383659389.8070315,-27812867.428370927,-35095729.03489589
COMMON_DATE,CHARACTERISTIC_NEUTRAL_FACTOR_SORT,60,delta_cross_industry_degree_percentile_1m,30,0.0035169830202558,0.0007909426303658,3.416039837603308,-0.009457176882444,-0.0110390621431758,7.542944526139589e-26,3.812253674757348e-37,383659389.8070315,-43540016.54418759,-50822878.15071258
COMMON_DATE,CHARACTERISTIC_NEUTRAL_FACTOR_SORT,60,delta_cross_industry_degree_percentile_1m,50,0.0035169830202558,0.0007909426303658,3.416039837603308,-0.0162892565576506,-0.0178711418183824,1.9700231102187004e-74,3.285340688995073e-98,383659389.8070315,-74994314.77582106,-82277176.38234608
COMMON_DATE,CHARACTERISTIC_NEUTRAL_FACTOR_SORT,60,delta_degree_percentile,10,-0.0134413166954353,-0.0020303518497782,2.0453625174632397,-0.0040757143672414,-1.501066768502029e-05,0.0138645384175568,0.991382482939358,392038143.3674337,-19174025.92115177,-70617.05147928749
COMMON_DATE,CHARACTERISTIC_NEUTRAL_FACTOR_SORT,60,delta_degree_percentile,20,-0.0134413166954353,-0.0020303518497782,2.0453625174632397,-0.0061210768847047,-0.0020603731851482,3.577291624921879e-05,0.1680473886674812,392038143.3674337,-28796347.40746728,-9692938.537794804
COMMON_DATE,CHARACTERISTIC_NEUTRAL_FACTOR_SORT,60,delta_degree_percentile,30,-0.0134413166954353,-0.0020303518497782,2.0453625174632397,-0.0081664394021679,-0.0041057357026114,1.7966423834807512e-08,0.0039837133480419,392038143.3674337,-38418668.893782765,-19315260.02411029
COMMON_DATE,CHARACTERISTIC_NEUTRAL_FACTOR_SORT,60,delta_degree_percentile,50,-0.0134413166954353,-0.0020303518497782,2.0453625174632397,-0.0122571644370944,-0.0081964607375379,1.6303331724393112e-17,4.669922031923869e-09,392038143.3674337,-57663311.86641381,-38559902.996741325
COMMON_DATE,CHARACTERISTIC_NEUTRAL_FACTOR_SORT,60,delta_residual_degree_percentile_1m,10,0.002628028165967,0.0012235458603966,3.3450836704734828,-0.0021215378100768,-0.0045686295308701,0.0871616841295761,6.406620329426308e-05,385769140.02321625,-9821085.798240826,-21149235.42250126
COMMON_DATE,CHARACTERISTIC_NEUTRAL_FACTOR_SORT,60,delta_residual_degree_percentile_1m,20,0.002628028165967,0.0012235458603966,3.3450836704734828,-0.0054666214805503,-0.0079137132013436,6.220601273951024e-07,5.1894875228178894e-14,385769140.02321625,-25306246.40861193,-36634396.03287234
COMMON_DATE,CHARACTERISTIC_NEUTRAL_FACTOR_SORT,60,delta_residual_degree_percentile_1m,30,0.002628028165967,0.0012235458603966,3.3450836704734828,-0.0088117051510237,-0.0112587968718171,1.6674678376618191e-16,6.324616480037262e-28,385769140.02321625,-40791407.01898296,-52119556.64324337
COMMON_DATE,CHARACTERISTIC_NEUTRAL_FACTOR_SORT,60,delta_residual_degree_percentile_1m,50,0.002628028165967,0.0012235458603966,3.3450836704734828,-0.0155018724919707,-0.017948964212764,1.2761143538758976e-48,1.08108388318085e-70,385769140.02321625,-71761728.23972513,-83089877.86398558
COMMON_DATE,CHARACTERISTIC_NEUTRAL_FACTOR_SORT,60,neighbor_jaccard_1m,10,0.0102383705300072,0.0006525946443953,2.7396720214815744,-0.0020870773770861,-0.0033922666658769,0.2588815792760316,0.0815111938492491,384268179.2980039,-9623969.084963528,-15642481.624678109
COMMON_DATE,CHARACTERISTIC_NEUTRAL_FACTOR_SORT,60,neighbor_jaccard_1m,20,0.0102383705300072,0.0006525946443953,2.7396720214815744,-0.0048267493985677,-0.0061319386873585,0.0032336887608186,0.0002427858324749,384268179.2980039,-22257194.439784367,-28275706.979498968
COMMON_DATE,CHARACTERISTIC_NEUTRAL_FACTOR_SORT,60,neighbor_jaccard_1m,30,0.0102383705300072,0.0006525946443953,2.7396720214815744,-0.0075664214200493,-0.0088716107088401,2.254343582108516e-06,4.0364767631027296e-08,384268179.2980039,-34890419.79460518,-40908932.33431983
COMMON_DATE,CHARACTERISTIC_NEUTRAL_FACTOR_SORT,60,neighbor_jaccard_1m,50,0.0102383705300072,0.0006525946443953,2.7396720214815744,-0.0130457654630124,-0.0143509547518032,1.6319290119777474e-16,1.6698969571944552e-19,384268179.2980039,-60156870.50424688,-66175383.04396155
COMMON_DATE,CHARACTERISTIC_NEUTRAL_FACTOR_SORT,60,neighbor_retention_1m,10,0.0107999596568096,0.0006117617742759,2.853726683051076,-0.0022419649087751,-0.003465488457327,0.193564708163639,0.05592626774659,383600019.8493562,-10320213.402092405,-15952337.29222021
COMMON_DATE,CHARACTERISTIC_NEUTRAL_FACTOR_SORT,60,neighbor_retention_1m,20,0.0107999596568096,0.0006117617742759,2.853726683051076,-0.0050956915918262,-0.006319215140378,0.0010303248460705,5.2511788736851526e-05,383600019.8493562,-23456488.74924872,-29088612.63937654
COMMON_DATE,CHARACTERISTIC_NEUTRAL_FACTOR_SORT,60,neighbor_retention_1m,30,0.0107999596568096,0.0006117617742759,2.853726683051076,-0.0079494182748772,-0.0091729418234291,1.6938906507926654e-07,1.3163067466311084e-09,383600019.8493562,-36592764.09640504,-42224887.9865329
COMMON_DATE,CHARACTERISTIC_NEUTRAL_FACTOR_SORT,60,neighbor_retention_1m,50,0.0107999596568096,0.0006117617742759,2.853726683051076,-0.0136568716409794,-0.0148803951895313,1.3333538367958452e-19,1.1651047988086386e-23,383600019.8493562,-62865314.79071769,-68497438.68084556
COMMON_DATE,CHARACTERISTIC_NEUTRAL_FACTOR_SORT,60,outside_community_degree_percentile,10,0.0004954664389883,-0.0012608444328765,2.373353263456923,-0.0036341976963334,-0.0011125088305803,0.0245302850434388,0.4742217308553844,403020061.064077,-17575854.92994299,-5380360.522017778
COMMON_DATE,CHARACTERISTIC_NEUTRAL_FACTOR_SORT,60,outside_community_degree_percentile,20,0.0004954664389883,-0.0012608444328765,2.373353263456923,-0.0060075509597904,-0.0034858620940372,3.577291624921879e-05,0.0231749380569054,403020061.064077,-29053962.65592337,-16858468.24799815
COMMON_DATE,CHARACTERISTIC_NEUTRAL_FACTOR_SORT,60,outside_community_degree_percentile,30,0.0004954664389883,-0.0012608444328765,2.373353263456923,-0.0083809042232473,-0.0058592153574941,3.5746107755962104e-09,5.330006955364854e-05,403020061.064077,-40532070.381903805,-28336575.97397853
COMMON_DATE,CHARACTERISTIC_NEUTRAL_FACTOR_SORT,60,outside_community_degree_percentile,50,0.0004954664389883,-0.0012608444328765,2.373353263456923,-0.0131276107501611,-0.010605921884408,3.584805184616613e-21,8.052968206231113e-14,403020061.064077,-63488285.83386456,-51292791.42593934
COMMON_DATE,CHARACTERISTIC_NEUTRAL_FACTOR_SORT,60,residual_degree_percentile,10,0.0066241546871734,0.0009236251621106,1.7829130591570417,-0.0008592878970463,-0.0027065382212677,0.7509183390051422,0.247384081831046,365329071.752811,-3767074.197556539,-11865325.152470777
COMMON_DATE,CHARACTERISTIC_NEUTRAL_FACTOR_SORT,60,residual_degree_percentile,20,0.0066241546871734,0.0009236251621106,1.7829130591570417,-0.0026422009562034,-0.0044894512804247,0.2202209279499196,0.0358214559448195,365329071.752811,-11583273.872570183,-19681524.82748442
COMMON_DATE,CHARACTERISTIC_NEUTRAL_FACTOR_SORT,60,residual_degree_percentile,30,0.0066241546871734,0.0009236251621106,1.7829130591570417,-0.0044251140153604,-0.0062723643395817,0.032549426478897,0.0022271054875762,365329071.752811,-19399473.54758386,-27497724.50249809
COMMON_DATE,CHARACTERISTIC_NEUTRAL_FACTOR_SORT,60,residual_degree_percentile,50,0.0066241546871734,0.0009236251621106,1.7829130591570417,-0.0079909401336745,-0.0098381904578958,9.08944949625166e-05,9.265991999389077e-07,365329071.752811,-35031872.897611186,-43130123.85252541
COMMON_DATE,CHARACTERISTIC_NEUTRAL_FACTOR_SORT,120,cross_industry_degree_percentile,10,0.0080304578157683,0.0011464345850477,1.366793315913715,-0.0002203587308659,-0.0025132279009615,0.92911842082356,0.2186406024809098,308467926.04620004,-815683.2083566381,-9303002.379492454
COMMON_DATE,CHARACTERISTIC_NEUTRAL_FACTOR_SORT,120,cross_industry_degree_percentile,20,0.0080304578157683,0.0011464345850477,1.366793315913715,-0.0015871520467796,-0.0038800212168752,0.3842975384977609,0.032157286321291,308467926.04620004,-5875026.002281168,-14362345.173416983
COMMON_DATE,CHARACTERISTIC_NEUTRAL_FACTOR_SORT,120,cross_industry_degree_percentile,30,0.0080304578157683,0.0011464345850477,1.366793315913715,-0.0029539453626933,-0.0052468145327889,0.0871686274709219,0.0022271054875762,308467926.04620004,-10934368.796205688,-19421687.967341505
COMMON_DATE,CHARACTERISTIC_NEUTRAL_FACTOR_SORT,120,cross_industry_degree_percentile,50,0.0080304578157683,0.0011464345850477,1.366793315913715,-0.0056875319945207,-0.0079804011646163,0.0008149660826732,1.7287648373629264e-06,308467926.04620004,-21053054.38405475,-29540373.555190574
COMMON_DATE,CHARACTERISTIC_NEUTRAL_FACTOR_SORT,120,cross_industry_degree_ratio,10,-0.0064438777414441,-0.0031958644335199,1.3774534196775263,-0.0045733178531974,0.0018184110138423,0.0037454904477131,0.2299945008272261,303150532.58565927,-16636844.914563673,6615027.207671356
COMMON_DATE,CHARACTERISTIC_NEUTRAL_FACTOR_SORT,120,cross_industry_degree_ratio,20,-0.0064438777414441,-0.0031958644335199,1.3774534196775263,-0.0059507712728749,0.0004409575941648,9.202961325373902e-06,0.7806715918826721,303150532.58565927,-21647753.768009808,1604118.3542252243
COMMON_DATE,CHARACTERISTIC_NEUTRAL_FACTOR_SORT,120,cross_industry_degree_ratio,30,-0.0064438777414441,-0.0031958644335199,1.3774534196775263,-0.0073282246925525,-0.0009364958255126,1.7966423834807512e-08,0.4674328501483521,303150532.58565927,-26658662.621455938,-3406790.499220906
COMMON_DATE,CHARACTERISTIC_NEUTRAL_FACTOR_SORT,120,cross_industry_degree_ratio,50,-0.0064438777414441,-0.0031958644335199,1.3774534196775263,-0.0100831315319075,-0.0036914026648677,5.626532830236657e-15,0.0030224917119278,303150532.58565927,-36680480.32834825,-13428608.206113186
COMMON_DATE,CHARACTERISTIC_NEUTRAL_FACTOR_SORT,120,delta_cross_industry_degree_percentile_1m,10,0.0012525274518234,0.0006586962875499,3.209826475017301,-0.0025511301874673,-0.0038685227625672,0.0130338805031847,4.5090162858683215e-05,371819710.9511008,-11382725.866832923,-17260716.18462597
COMMON_DATE,CHARACTERISTIC_NEUTRAL_FACTOR_SORT,120,delta_cross_industry_degree_percentile_1m,20,0.0012525274518234,0.0006586962875499,3.209826475017301,-0.0057609566624846,-0.0070783492375845,1.038381620373732e-10,1.9178527884872135e-16,371819710.9511008,-25704446.892562345,-31582437.210355382
COMMON_DATE,CHARACTERISTIC_NEUTRAL_FACTOR_SORT,120,delta_cross_industry_degree_percentile_1m,30,0.0012525274518234,0.0006586962875499,3.209826475017301,-0.0089707831375019,-0.0102881757126018,3.5702830091808776e-25,2.1519063491563235e-34,371819710.9511008,-40026167.91829177,-45904158.236084834
COMMON_DATE,CHARACTERISTIC_NEUTRAL_FACTOR_SORT,120,delta_cross_industry_degree_percentile_1m,50,0.0012525274518234,0.0006586962875499,3.209826475017301,-0.0153904360875365,-0.0167078286626364,1.46545857642089e-71,1.6690160084920944e-90,371819710.9511008,-68669609.96975069,-74547600.28754376
COMMON_DATE,CHARACTERISTIC_NEUTRAL_FACTOR_SORT,120,delta_degree_percentile,10,-0.0132175031053773,-0.0027416556908265,1.50218755997526,-0.0042438432508017,0.0012394681308512,0.0163474803928875,0.4742217308553844,351545339.45144653,-17902839.794182066,5228750.937592296
COMMON_DATE,CHARACTERISTIC_NEUTRAL_FACTOR_SORT,120,delta_degree_percentile,20,-0.0132175031053773,-0.0027416556908265,1.50218755997526,-0.005746030810777,-0.000262719429124,0.0002912184169769,0.8849845004407167,351545339.45144653,-24239884.22247695,-1108293.490702602
COMMON_DATE,CHARACTERISTIC_NEUTRAL_FACTOR_SORT,120,delta_degree_percentile,30,-0.0132175031053773,-0.0027416556908265,1.50218755997526,-0.0072482183707522,-0.0017649069890992,2.6004675822676686e-06,0.2690972380534978,351545339.45144653,-30576928.650771853,-7445337.918997513
COMMON_DATE,CHARACTERISTIC_NEUTRAL_FACTOR_SORT,120,delta_degree_percentile,50,-0.0132175031053773,-0.0027416556908265,1.50218755997526,-0.0102525934907028,-0.0047692821090497,2.2336272809234758e-11,0.0016390265407836,351545339.45144653,-43251017.50736165,-20119426.77558734
COMMON_DATE,CHARACTERISTIC_NEUTRAL_FACTOR_SORT,120,delta_residual_degree_percentile_1m,10,0.0014379712537047,0.0003428038095736,3.1423948403109616,-0.0027995910307372,-0.0034851986498846,0.0245302850434388,0.0056631949709264,362092891.62560505,-12164544.140265284,-15143587.884316476
COMMON_DATE,CHARACTERISTIC_NEUTRAL_FACTOR_SORT,120,delta_residual_degree_percentile_1m,20,0.0014379712537047,0.0003428038095736,3.1423948403109616,-0.0059419858710482,-0.0066275934901955,2.420692763540146e-07,2.639815554560242e-09,362092891.62560505,-25818610.15255613,-28797653.896607343
COMMON_DATE,CHARACTERISTIC_NEUTRAL_FACTOR_SORT,120,delta_residual_degree_percentile_1m,30,0.0014379712537047,0.0003428038095736,3.1423948403109616,-0.0090843807113592,-0.0097699883305065,2.9413640144639835e-16,1.3809416673863778e-19,362092891.62560505,-39472676.16484705,-42451719.90889827
COMMON_DATE,CHARACTERISTIC_NEUTRAL_FACTOR_SORT,120,delta_residual_degree_percentile_1m,50,0.0014379712537047,0.0003428038095736,3.1423948403109616,-0.0153691703919811,-0.0160547780111284,7.452097477452755e-44,3.752737102157613e-52,362092891.62560505,-66780808.18942883,-69759851.93348004
COMMON_DATE,CHARACTERISTIC_NEUTRAL_FACTOR_SORT,120,neighbor_jaccard_1m,10,0.0039201746007492,0.0002135095948244,2.472547681960352,-0.0022590380871359,-0.0026860572767847,0.1898149544563681,0.1246123710257585,327926332.2992289,-8889576.893264888,-10569946.933460234
COMMON_DATE,CHARACTERISTIC_NEUTRAL_FACTOR_SORT,120,neighbor_jaccard_1m,20,0.0039201746007492,0.0002135095948244,2.472547681960352,-0.0047315857690962,-0.0051586049587451,0.0018758795957653,0.0008591691185966,327926332.2992289,-18619338.80662748,-20299708.84682283
COMMON_DATE,CHARACTERISTIC_NEUTRAL_FACTOR_SORT,120,neighbor_jaccard_1m,30,0.0039201746007492,0.0002135095948244,2.472547681960352,-0.0072041334510566,-0.0076311526407054,1.2459308778224492e-06,3.384789516914576e-07,327926332.2992289,-28349100.71999008,-30029470.760185465
COMMON_DATE,CHARACTERISTIC_NEUTRAL_FACTOR_SORT,120,neighbor_jaccard_1m,50,0.0039201746007492,0.0002135095948244,2.472547681960352,-0.0121492288149773,-0.0125762480046261,1.2638120171703876e-16,1.2444517581743448e-17,327926332.2992289,-47808624.54671525,-49488994.58691064
COMMON_DATE,CHARACTERISTIC_NEUTRAL_FACTOR_SORT,120,neighbor_retention_1m,10,0.0045877616157649,0.0001126533294106,2.7122918989106224,-0.0025996385695,-0.0028249452283212,0.1628413933646741,0.1246123710257585,353494483.6102125,-11027494.72438316,-11983230.65655054
COMMON_DATE,CHARACTERISTIC_NEUTRAL_FACTOR_SORT,120,neighbor_retention_1m,20,0.0045877616157649,0.0001126533294106,2.7122918989106224,-0.0053119304684106,-0.0055372371272318,0.0010303248460705,0.0006964751348737,353494483.6102125,-22532857.41485001,-23488593.34701737
COMMON_DATE,CHARACTERISTIC_NEUTRAL_FACTOR_SORT,120,neighbor_retention_1m,30,0.0045877616157649,0.0001126533294106,2.7122918989106224,-0.0080242223673212,-0.0082495290261424,3.842351862470453e-07,1.4766409277932106e-07,353494483.6102125,-34038220.105316855,-34993956.037484206
COMMON_DATE,CHARACTERISTIC_NEUTRAL_FACTOR_SORT,120,neighbor_retention_1m,50,0.0045877616157649,0.0001126533294106,2.7122918989106224,-0.0134488061651425,-0.0136741128239637,1.0655355675390589e-17,4.882985398065699e-19,353494483.6102125,-57048945.48625055,-58004681.418417946
COMMON_DATE,CHARACTERISTIC_NEUTRAL_FACTOR_SORT,120,outside_community_degree_percentile,10,0.0023570358181133,-0.0006532113202912,1.9031658956864768,-0.0025563772159777,-0.0012499545753951,0.1661174030035538,0.4742217308553844,348313698.33497185,-10685054.429237649,-5224515.610879441
COMMON_DATE,CHARACTERISTIC_NEUTRAL_FACTOR_SORT,120,outside_community_degree_percentile,20,0.0023570358181133,-0.0006532113202912,1.9031658956864768,-0.0044595431116642,-0.0031531204710816,0.005989138099864,0.0555807612406902,348313698.33497185,-18639839.449296158,-13179300.630937971
COMMON_DATE,CHARACTERISTIC_NEUTRAL_FACTOR_SORT,120,outside_community_degree_percentile,30,0.0023570358181133,-0.0006532113202912,1.9031658956864768,-0.0063627090073507,-0.0050562863667681,5.869911575198052e-05,0.0018482197755912,348313698.33497185,-26594624.469354663,-21134085.650996488
COMMON_DATE,CHARACTERISTIC_NEUTRAL_FACTOR_SORT,120,outside_community_degree_percentile,50,0.0023570358181133,-0.0006532113202912,1.9031658956864768,-0.0101690407987236,-0.0088626181581411,9.839287648303408e-11,1.82096943978317e-08,348313698.33497185,-42504194.50947173,-37043655.69111355
COMMON_DATE,CHARACTERISTIC_NEUTRAL_FACTOR_SORT,120,residual_degree_percentile,10,0.0105041551820835,0.0025579073375949,1.2555086041377743,0.0013023987334571,-0.0038134159417326,0.6258101825320133,0.1218609369767823,286632679.5570571,4479720.465870383,-13116595.5557332
COMMON_DATE,CHARACTERISTIC_NEUTRAL_FACTOR_SORT,120,residual_degree_percentile,20,0.0105041551820835,0.0025579073375949,1.2555086041377743,4.689012931935141e-05,-0.0050689245458704,0.9811021164389188,0.0208416680137681,286632679.5570571,161282.92093897532,-17435033.100664616
COMMON_DATE,CHARACTERISTIC_NEUTRAL_FACTOR_SORT,120,residual_degree_percentile,30,0.0105041551820835,0.0025579073375949,1.2555086041377743,-0.0012086184748184,-0.0063244331500082,0.563045143410377,0.0020678717251341,286632679.5570571,-4157154.623992408,-21753470.645596005
COMMON_DATE,CHARACTERISTIC_NEUTRAL_FACTOR_SORT,120,residual_degree_percentile,50,0.0105041551820835,0.0025579073375949,1.2555086041377743,-0.0037196356830939,-0.0088354503582837,0.0640531080419013,8.768832696174085e-06,286632679.5570571,-12794029.713855198,-30390345.73545879
COMMON_DATE,CHARACTERISTIC_NEUTRAL_FACTOR_SORT,252,cross_industry_degree_percentile,10,0.011367055920236,0.0009366967513659,1.0403439926822982,-0.0001036472413163,-0.0019770407440482,0.9525573181738488,0.3490249786673019,0.0,-0.0,-0.0
COMMON_DATE,CHARACTERISTIC_NEUTRAL_FACTOR_SORT,252,cross_industry_degree_percentile,20,0.011367055920236,0.0009366967513659,1.0403439926822982,-0.0011439912339986,-0.0030173847367305,0.5514702392631028,0.109857141393993,0.0,-0.0,-0.0
COMMON_DATE,CHARACTERISTIC_NEUTRAL_FACTOR_SORT,252,cross_industry_degree_percentile,30,0.011367055920236,0.0009366967513659,1.0403439926822982,-0.0021843352266809,-0.0040577287294128,0.2250251520370914,0.0247576821834153,0.0,-0.0,-0.0
COMMON_DATE,CHARACTERISTIC_NEUTRAL_FACTOR_SORT,252,cross_industry_degree_percentile,50,0.011367055920236,0.0009366967513659,1.0403439926822982,-0.0042650232120455,-0.0061384167147774,0.0149139235547724,0.0006185447454426,0.0,-0.0,-0.0
COMMON_DATE,CHARACTERISTIC_NEUTRAL_FACTOR_SORT,252,cross_industry_degree_ratio,10,-0.0058793093370592,-0.0029127430361505,1.043182616857386,-0.0039559256530079,0.0018695604192931,0.0037454904477131,0.1432935587724252,235179655.65340143,-11164238.794378389,5276190.907591181
COMMON_DATE,CHARACTERISTIC_NEUTRAL_FACTOR_SORT,252,cross_industry_degree_ratio,20,-0.0058793093370592,-0.0029127430361505,1.043182616857386,-0.0049991082698653,0.0008263778024357,1.8597092501947245e-05,0.4885459691042514,235179655.65340143,-14108262.737772,2332166.964197566
COMMON_DATE,CHARACTERISTIC_NEUTRAL_FACTOR_SORT,252,cross_industry_degree_ratio,30,-0.0058793093370592,-0.0029127430361505,1.043182616857386,-0.0060422908867227,-0.0002168048144215,1.266285504532952e-07,0.8361097682634235,235179655.65340143,-17052286.681165583,-611856.9791959984
COMMON_DATE,CHARACTERISTIC_NEUTRAL_FACTOR_SORT,252,cross_industry_degree_ratio,50,-0.0058793093370592,-0.0029127430361505,1.043182616857386,-0.0081286561204375,-0.0023031700481363,1.5925282800895576e-12,0.0257477437873494,235179655.65340143,-22940334.567952786,-6499904.865983174
COMMON_DATE,CHARACTERISTIC_NEUTRAL_FACTOR_SORT,252,delta_cross_industry_degree_percentile_1m,10,0.0013803458283696,-0.0002964785145396,3.1118765485438704,-0.0034083550630835,-0.0028153980340042,0.0138645384175568,0.055003081869504,287229258.27791274,-11747751.56060688,-9703976.268769529
COMMON_DATE,CHARACTERISTIC_NEUTRAL_FACTOR_SORT,252,delta_cross_industry_degree_percentile_1m,20,0.0013803458283696,-0.0002964785145396,3.1118765485438704,-0.0065202316116273,-0.0059272745825481,1.4889493400037546e-07,1.8781174843216008e-06,287229258.27791274,-22473615.47529508,-20429840.18345772
COMMON_DATE,CHARACTERISTIC_NEUTRAL_FACTOR_SORT,252,delta_cross_industry_degree_percentile_1m,30,0.0013803458283696,-0.0002964785145396,3.1118765485438704,-0.0096321081601712,-0.0090391511310919,2.9413640144639835e-16,1.0362684969838502e-13,287229258.27791274,-33199479.389983304,-31155704.098145954
COMMON_DATE,CHARACTERISTIC_NEUTRAL_FACTOR_SORT,252,delta_cross_industry_degree_percentile_1m,50,0.0013803458283696,-0.0002964785145396,3.1118765485438704,-0.0158558612572589,-0.0152629042281797,3.074228411313093e-43,1.74906148415859e-36,287229258.27791274,-54651207.219359726,-52607431.92752237
COMMON_DATE,CHARACTERISTIC_NEUTRAL_FACTOR_SORT,252,delta_degree_percentile,10,-0.0090125473306271,-0.0020208056651271,1.120793277545099,-0.0031415989426722,0.000900012387582,0.0871616841295761,0.597230263647337,236064578.05834937,-8899442.745965682,2549532.5342620187
COMMON_DATE,CHARACTERISTIC_NEUTRAL_FACTOR_SORT,252,delta_degree_percentile,20,-0.0090125473306271,-0.0020208056651271,1.120793277545099,-0.0042623922202173,-0.000220780889963,0.0060890571318541,0.8849845004407167,236064578.05834937,-12074397.851817474,-625422.5715897803
COMMON_DATE,CHARACTERISTIC_NEUTRAL_FACTOR_SORT,252,delta_degree_percentile,30,-0.0090125473306271,-0.0020208056651271,1.120793277545099,-0.0053831854977624,-0.0013415741675081,0.0003901106956238,0.4130428563437604,236064578.05834937,-15249352.957669284,-3800377.677441585
COMMON_DATE,CHARACTERISTIC_NEUTRAL_FACTOR_SORT,252,delta_degree_percentile,50,-0.0090125473306271,-0.0020208056651271,1.120793277545099,-0.0076247720528526,-0.0035831607225983,2.866357737026926e-07,0.0221974021673495,236064578.05834937,-21599263.16937292,-10150287.889145209
COMMON_DATE,CHARACTERISTIC_NEUTRAL_FACTOR_SORT,252,delta_residual_degree_percentile_1m,10,0.0038736917020555,0.00071890248448,3.027257139388612,-0.0023083546549085,-0.0037461596238686,0.1195579993666684,0.0121185512410432,285445764.1362184,-7906920.700413191,-12831904.75693724
COMMON_DATE,CHARACTERISTIC_NEUTRAL_FACTOR_SORT,252,delta_residual_degree_percentile_1m,20,0.0038736917020555,0.00071890248448,3.027257139388612,-0.0053356117942971,-0.0067734167632572,3.61655390896514e-05,3.019813492123849e-07,285445764.1362184,-18276333.42908843,-23201317.485612474
COMMON_DATE,CHARACTERISTIC_NEUTRAL_FACTOR_SORT,252,delta_residual_degree_percentile_1m,30,0.0038736917020555,0.00071890248448,3.027257139388612,-0.0083628689336857,-0.0098006739026458,4.1347972537948695e-11,4.1958518965160287e-14,285445764.1362184,-28645746.157763623,-33570730.21428768
COMMON_DATE,CHARACTERISTIC_NEUTRAL_FACTOR_SORT,252,delta_residual_degree_percentile_1m,50,0.0038736917020555,0.00071890248448,3.027257139388612,-0.0144173832124629,-0.0158551881814231,1.0476154004306048e-31,7.567356962832211e-35,285445764.1362184,-49384571.61511415,-54309555.67163821
COMMON_DATE,CHARACTERISTIC_NEUTRAL_FACTOR_SORT,252,neighbor_jaccard_1m,10,0.0046795320626654,0.0019871565839209,2.4100010374318304,-0.0004228444535109,-0.0043971576213527,0.7872090930073891,0.0022702448031219,258413658.75069052,-1311225.3877702933,-13635427.06844692
COMMON_DATE,CHARACTERISTIC_NEUTRAL_FACTOR_SORT,252,neighbor_jaccard_1m,20,0.0046795320626654,0.0019871565839209,2.4100010374318304,-0.0028328454909427,-0.0068071586587845,0.0269366907671438,1.685020439829225e-07,258413658.75069052,-8784551.615878874,-21108753.296555497
COMMON_DATE,CHARACTERISTIC_NEUTRAL_FACTOR_SORT,252,neighbor_jaccard_1m,30,0.0046795320626654,0.0019871565839209,2.4100010374318304,-0.0052428465283745,-0.0092171596962164,2.385555314497576e-05,3.0825329929897217e-13,258413658.75069052,-16257877.843987493,-28582079.52466412
COMMON_DATE,CHARACTERISTIC_NEUTRAL_FACTOR_SORT,252,neighbor_jaccard_1m,50,0.0046795320626654,0.0019871565839209,2.4100010374318304,-0.0100628486032382,-0.01403716177108,1.7065980513786282e-16,4.504820800958441e-29,258413658.75069052,-31204530.30020472,-43528731.980881326
COMMON_DATE,CHARACTERISTIC_NEUTRAL_FACTOR_SORT,252,neighbor_retention_1m,10,0.002156212599123,0.0003727834470811,2.691925907939696,-0.0023191424608585,-0.0030647093550208,0.114141590034963,0.0440227103681084,262700288.6247061,-7310872.725952027,-9661200.385377886
COMMON_DATE,CHARACTERISTIC_NEUTRAL_FACTOR_SORT,252,neighbor_retention_1m,20,0.002156212599123,0.0003727834470811,2.691925907939696,-0.0050110683687981,-0.0057566352629605,7.441077840250563e-05,7.0470042329339145e-06,262700288.6247061,-15796909.281616995,-18147236.94104283
COMMON_DATE,CHARACTERISTIC_NEUTRAL_FACTOR_SORT,252,neighbor_retention_1m,30,0.002156212599123,0.0003727834470811,2.691925907939696,-0.0077029942767378,-0.0084485611709002,6.533205875685815e-10,1.2161873490298146e-11,262700288.6247061,-24282945.83728196,-26633273.49670778
COMMON_DATE,CHARACTERISTIC_NEUTRAL_FACTOR_SORT,252,neighbor_retention_1m,50,0.002156212599123,0.0003727834470811,2.691925907939696,-0.0130868460926172,-0.0138324129867796,6.561445356984422e-27,3.2359009621276606e-29,262700288.6247061,-41255018.94861192,-43605346.60803774
COMMON_DATE,CHARACTERISTIC_NEUTRAL_FACTOR_SORT,252,outside_community_degree_percentile,10,0.0125155539121023,0.0006252722648646,1.5381842811013196,-0.0009129120162366,-0.0021634565459659,0.6600979904457513,0.247384081831046,279929266.1027635,-3066609.488658365,-7267377.637889615
COMMON_DATE,CHARACTERISTIC_NEUTRAL_FACTOR_SORT,252,outside_community_degree_percentile,20,0.0125155539121023,0.0006252722648646,1.5381842811013196,-0.002451096297338,-0.0037016408270672,0.1454555992973095,0.0324169884296521,279929266.1027635,-8233603.051932341,-12434371.201163605
COMMON_DATE,CHARACTERISTIC_NEUTRAL_FACTOR_SORT,252,outside_community_degree_percentile,30,0.0125155539121023,0.0006252722648646,1.5381842811013196,-0.0039892805784393,-0.0052398251081685,0.0132949349076725,0.0018482197755912,279929266.1027635,-13400596.61520633,-17601364.764437582
COMMON_DATE,CHARACTERISTIC_NEUTRAL_FACTOR_SORT,252,outside_community_degree_percentile,50,0.0125155539121023,0.0006252722648646,1.5381842811013196,-0.0070656491406419,-0.0083161936703712,7.1590434483600725e-06,4.5769877193990563e-07,279929266.1027635,-23734583.74175427,-27935351.890985537
COMMON_DATE,CHARACTERISTIC_NEUTRAL_FACTOR_SORT,252,residual_degree_percentile,10,0.0145646969661481,0.002968538025101,0.9608206280410336,0.00200771739706,-0.003929358653142,0.4129649399255316,0.1218609369767823,0.0,0.0,-0.0
COMMON_DATE,CHARACTERISTIC_NEUTRAL_FACTOR_SORT,252,residual_degree_percentile,20,0.0145646969661481,0.002968538025101,0.9608206280410336,0.0010468967690189,-0.0048901792811831,0.6268060900472066,0.0306726647293965,0.0,0.0,-0.0
COMMON_DATE,CHARACTERISTIC_NEUTRAL_FACTOR_SORT,252,residual_degree_percentile,30,0.0145646969661481,0.002968538025101,0.9608206280410336,8.607614097794345e-05,-0.0058509999092241,0.9658240196340724,0.0057733606320787,0.0,0.0,-0.0
COMMON_DATE,CHARACTERISTIC_NEUTRAL_FACTOR_SORT,252,residual_degree_percentile,50,0.0145646969661481,0.002968538025101,0.9608206280410336,-0.0018355651151041,-0.0077726411653062,0.3577308474804834,0.0002276035617346,0.0,-0.0,-0.0
COMMON_DATE,RAW_FACTOR_SORT,60,cross_industry_degree_percentile,10,0.0096190931278448,0.0012524984498862,1.786676321526356,-0.0005341778716401,-0.0030391747714125,0.9745346441776318,0.5815278760002706,369246078.2217535,-2366917.0101115764,-13466440.384495027
COMMON_DATE,RAW_FACTOR_SORT,60,cross_industry_degree_percentile,20,0.0096190931278448,0.0012524984498862,1.786676321526356,-0.0023208541931664,-0.0048258510929389,0.6066891883638131,0.2435212043702931,369246078.2217535,-10283595.70741488,-21383119.08179831
COMMON_DATE,RAW_FACTOR_SORT,60,cross_industry_degree_percentile,30,0.0096190931278448,0.0012524984498862,1.786676321526356,-0.0041075305146928,-0.0066125274144652,0.2706065387632905,0.0721842020570177,369246078.2217535,-18200274.40471817,-29299797.77910163
COMMON_DATE,RAW_FACTOR_SORT,60,cross_industry_degree_percentile,50,0.0096190931278448,0.0012524984498862,1.786676321526356,-0.0076808831577455,-0.0101858800575179,0.0219507580108735,0.0025220199317276,369246078.2217535,-34033631.79932475,-45133155.17370822
COMMON_DATE,RAW_FACTOR_SORT,60,cross_industry_degree_ratio,10,0.0077681623929427,-0.0016256278805698,1.533462508465414,-0.0031590903890352,9.216537210439766e-05,0.4677270786622498,0.9791014388654006,383388600.7461464,-14533910.92659378,424021.8365802533
COMMON_DATE,RAW_FACTOR_SORT,60,cross_industry_degree_ratio,20,0.0077681623929427,-0.0016256278805698,1.533462508465414,-0.0046925528975006,-0.001441297136361,0.0984076263580411,0.5969204616696354,383388600.7461464,-21588855.471600544,-6630922.70842651
COMMON_DATE,RAW_FACTOR_SORT,60,cross_industry_degree_ratio,30,0.0077681623929427,-0.0016256278805698,1.533462508465414,-0.006226015405966,-0.0029747596448264,0.017215422165455,0.2497251104447161,383388600.7461464,-28643800.016607262,-13685867.253433231
COMMON_DATE,RAW_FACTOR_SORT,60,cross_industry_degree_ratio,50,0.0077681623929427,-0.0016256278805698,1.533462508465414,-0.0092929404228968,-0.0060416846617572,0.0001588807300171,0.0135027881150153,383388600.7461464,-42753689.10662078,-27795756.343446784
COMMON_DATE,RAW_FACTOR_SORT,60,delta_cross_industry_degree_percentile_1m,10,0.0116229762029409,0.001997440308222,3.4242226628107195,-0.0014267823545886,-0.0054216629710327,0.6642493831017725,0.00150958937482,383659389.8070315,-6568781.370587107,-24960862.886469685
COMMON_DATE,RAW_FACTOR_SORT,60,delta_cross_industry_degree_percentile_1m,20,0.0116229762029409,0.001997440308222,3.4242226628107195,-0.0048510050173993,-0.0088458856338434,0.0020680615881935,1.8387801443040974e-09,383659389.8070315,-22333603.499115493,-40725685.0149981
COMMON_DATE,RAW_FACTOR_SORT,60,delta_cross_industry_degree_percentile_1m,30,0.0116229762029409,0.001997440308222,3.4242226628107195,-0.0082752276802101,-0.0122701082966542,1.0066238472175296e-08,3.3815210272480736e-18,383659389.8070315,-38098425.62764388,-56490507.14352645
COMMON_DATE,RAW_FACTOR_SORT,60,delta_cross_industry_degree_percentile_1m,50,0.0116229762029409,0.001997440308222,3.4242226628107195,-0.0151236730058315,-0.0191185536222756,1.0771215300974346e-26,4.277295095395162e-44,383659389.8070315,-69628069.8847007,-88020151.4005833
COMMON_DATE,RAW_FACTOR_SORT,60,delta_degree_percentile,10,-0.0464904051116403,-0.0068584732342618,1.7917251375771597,-0.008650198371839,0.0050667480966846,0.0184367732284065,0.1594042303485859,392038143.3674337,-40694492.51346907,23836302.200816862
COMMON_DATE,RAW_FACTOR_SORT,60,delta_degree_percentile,20,-0.0464904051116403,-0.0068584732342618,1.7917251375771597,-0.0104419235094161,0.0032750229591075,0.0003132626372501,0.3181145666974734,392038143.3674337,-49123587.66979516,15407207.044490784
COMMON_DATE,RAW_FACTOR_SORT,60,delta_degree_percentile,30,-0.0464904051116403,-0.0068584732342618,1.7917251375771597,-0.0122336486469933,0.0014832978215303,6.654595156083708e-06,0.5841110261756746,392038143.3674337,-57552682.826121256,6978111.88816468
COMMON_DATE,RAW_FACTOR_SORT,60,delta_degree_percentile,50,-0.0464904051116403,-0.0068584732342618,1.7917251375771597,-0.0158170989221476,-0.0021001524536239,1.5174923469511767e-09,0.4654747682024849,392038143.3674337,-74410873.13877347,-9880078.424487509
COMMON_DATE,RAW_FACTOR_SORT,60,delta_residual_degree_percentile_1m,10,0.009757239858874,0.001885097691663,3.35451825109555,-0.0014694205594325,-0.0052396159427585,0.6690268444963229,0.0221944799671094,385769140.02321625,-6802285.266536536,-24255385.63547886
COMMON_DATE,RAW_FACTOR_SORT,60,delta_residual_degree_percentile_1m,20,0.009757239858874,0.001885097691663,3.35451825109555,-0.004823938810528,-0.0085941341938541,0.0182613297726959,4.565562553648896e-06,385769140.02321625,-22331120.71754429,-39784221.08648661
COMMON_DATE,RAW_FACTOR_SORT,60,delta_residual_degree_percentile_1m,30,0.009757239858874,0.001885097691663,3.35451825109555,-0.0081784570616236,-0.0119486524449496,9.490253631104269e-06,4.375370032616232e-11,385769140.02321625,-37859956.168552026,-55313056.53749435
COMMON_DATE,RAW_FACTOR_SORT,60,delta_residual_degree_percentile_1m,50,0.009757239858874,0.001885097691663,3.35451825109555,-0.0148874935638147,-0.0186576889471407,6.227255792785919e-17,3.3477878934516914e-26,385769140.02321625,-68917627.07056747,-86370727.4395098
COMMON_DATE,RAW_FACTOR_SORT,60,neighbor_jaccard_1m,10,0.0023013015820441,0.000477027427043,2.641110972867003,-0.0021640835458239,-0.00311813839991,0.6690268444963229,0.4459143810364719,384268179.2980039,-9979061.328030609,-14378416.388791276
COMMON_DATE,RAW_FACTOR_SORT,60,neighbor_jaccard_1m,20,0.0023013015820441,0.000477027427043,2.641110972867003,-0.0048051945186909,-0.005759249372777,0.1023934736737266,0.0492485533633366,384268179.2980039,-22157800.186441574,-26557155.247202262
COMMON_DATE,RAW_FACTOR_SORT,60,neighbor_jaccard_1m,30,0.0023013015820441,0.000477027427043,2.641110972867003,-0.0074463054915579,-0.008400360345644,0.0057199257360264,0.0014058018865419,384268179.2980039,-34336539.04485256,-38735894.10561325
COMMON_DATE,RAW_FACTOR_SORT,60,neighbor_jaccard_1m,50,0.0023013015820441,0.000477027427043,2.641110972867003,-0.012728527437292,-0.013682582291378,5.493117672940447e-07,4.51042552158302e-08,384268179.2980039,-58694016.76167451,-63093371.8224352
COMMON_DATE,RAW_FACTOR_SORT,60,neighbor_retention_1m,10,0.0063899344044939,0.000909150285395,2.7846887837876944,-0.0018755384983926,-0.0036938390691827,0.6690268444963229,0.235865323644265,383600019.8493562,-8633479.262539767,-17003480.88310592
COMMON_DATE,RAW_FACTOR_SORT,60,neighbor_retention_1m,20,0.0063899344044939,0.000909150285395,2.7846887837876944,-0.0046602272821803,-0.0064785278529704,0.0782707853697357,0.009032910315622,383600019.8493562,-21451959.3353626,-29821960.95592876
COMMON_DATE,RAW_FACTOR_SORT,60,neighbor_retention_1m,30,0.0063899344044939,0.000909150285395,2.7846887837876944,-0.007444916065968,-0.0092632166367581,0.0016818108171902,5.7885923167129e-05,383600019.8493562,-34270439.40818544,-42640441.02875159
COMMON_DATE,RAW_FACTOR_SORT,60,neighbor_retention_1m,50,0.0063899344044939,0.000909150285395,2.7846887837876944,-0.0130142936335434,-0.0148325942043335,7.753069828411789e-09,1.5606679241151276e-11,383600019.8493562,-59907399.55383115,-68277401.1743973
COMMON_DATE,RAW_FACTOR_SORT,60,outside_community_degree_percentile,10,0.0135397134635869,0.0014850875964619,2.2802836268137443,-0.0007951960303517,-0.0037653712232757,0.9745346441776318,0.5815278760002706,403020061.064077,-3845759.4325232985,-18210241.684001982
COMMON_DATE,RAW_FACTOR_SORT,60,outside_community_degree_percentile,20,0.0135397134635869,0.0014850875964619,2.2802836268137443,-0.0030754796571655,-0.0060456548500894,0.6066891883638131,0.2166923797844864,403020061.064077,-14873759.990785971,-29238242.242264666
COMMON_DATE,RAW_FACTOR_SORT,60,outside_community_degree_percentile,30,0.0135397134635869,0.0014850875964619,2.2802836268137443,-0.0053557632839792,-0.0083259384769032,0.2143698258450678,0.0525425834016087,403020061.064077,-25901760.54904862,-40266242.80052733
COMMON_DATE,RAW_FACTOR_SORT,60,outside_community_degree_percentile,50,0.0135397134635869,0.0014850875964619,2.2802836268137443,-0.0099163305376067,-0.0128865057305307,0.0118588626769229,0.0011179313056038,403020061.064077,-47957761.66557397,-62322243.91705269
COMMON_DATE,RAW_FACTOR_SORT,60,residual_degree_percentile,10,0.0051376875655381,0.0009956882174524,1.653001570351956,-0.0006573133528994,-0.0026486897878044,0.9745346441776318,0.6143503357298374,365329071.752811,-2881628.1247859085,-11611720.578476936
COMMON_DATE,RAW_FACTOR_SORT,60,residual_degree_percentile,20,0.0051376875655381,0.0009956882174524,1.653001570351956,-0.0023103149232514,-0.0043016913581563,0.6066891883638131,0.3023812988451146,365329071.752811,-10128302.476417327,-18858394.93010837
COMMON_DATE,RAW_FACTOR_SORT,60,residual_degree_percentile,30,0.0051376875655381,0.0009956882174524,1.653001570351956,-0.0039633164936033,-0.0059546929285083,0.2796662724846112,0.1130867693873318,365329071.752811,-17374976.828048736,-26105069.281739783
COMMON_DATE,RAW_FACTOR_SORT,60,residual_degree_percentile,50,0.0051376875655381,0.0009956882174524,1.653001570351956,-0.0072693196343072,-0.0092606960692122,0.0294199151624456,0.0068059733445753,365329071.752811,-31868325.531311583,-40598417.985002615
COMMON_DATE,RAW_FACTOR_SORT,120,cross_industry_degree_percentile,10,0.006008230887679,0.0009799509991408,1.2642036940678654,-0.000284252694927,-0.0022441546932086,0.9745346441776318,0.6143503357298374,308467926.04620004,-1052194.0713263073,-8306996.92729113
COMMON_DATE,RAW_FACTOR_SORT,120,cross_industry_degree_percentile,20,0.006008230887679,0.0009799509991408,1.2642036940678654,-0.0015484563889949,-0.0035083583872765,0.7091424819841445,0.3447760182820605,308467926.04620004,-5731789.570635014,-12986592.42659981
COMMON_DATE,RAW_FACTOR_SORT,120,cross_industry_degree_percentile,30,0.006008230887679,0.0009799509991408,1.2642036940678654,-0.0028126600830627,-0.0047725620813444,0.4302344778423777,0.1774967311970132,308467926.04620004,-10411385.069943702,-17666187.925908513
COMMON_DATE,RAW_FACTOR_SORT,120,cross_industry_degree_percentile,50,0.006008230887679,0.0009799509991408,1.2642036940678654,-0.0053410674711985,-0.0073009694694801,0.0901697248964304,0.0236502683429329,308467926.04620004,-19770576.0685611,-27025378.92452595
COMMON_DATE,RAW_FACTOR_SORT,120,cross_industry_degree_ratio,10,0.0069166291941272,-0.0017738534078846,1.13532175008239,-0.002909175157967,0.0006385316578022,0.5234848143729072,0.8469626431151842,303150532.58565927,-10583015.982272005,2322854.5456265714
COMMON_DATE,RAW_FACTOR_SORT,120,cross_industry_degree_ratio,20,0.0069166291941272,-0.0017738534078846,1.13532175008239,-0.0040444969080493,-0.0004967900922801,0.1511100699751579,0.8311161933907069,303150532.58565927,-14713096.700594692,-1807226.172696124
COMMON_DATE,RAW_FACTOR_SORT,120,cross_industry_degree_ratio,30,0.0069166291941272,-0.0017738534078846,1.13532175008239,-0.0051798186581317,-0.0016321118423625,0.0487240548035596,0.5216969445505675,303150532.58565927,-18843177.418917403,-5937306.891018833
COMMON_DATE,RAW_FACTOR_SORT,120,cross_industry_degree_ratio,50,0.0069166291941272,-0.0017738534078846,1.13532175008239,-0.0074504621582965,-0.0039027553425273,0.0025630463252567,0.1139548151361947,303150532.58565927,-27103338.85556281,-14197468.327664234
COMMON_DATE,RAW_FACTOR_SORT,120,delta_cross_industry_degree_percentile_1m,10,0.008876693480428,0.0007030838823526,3.1961018232258507,-0.0024930179408732,-0.0038991857055784,0.3054296515609848,0.0336169494524549,371819710.9511008,-11123438.52205666,-17397529.223914158
COMMON_DATE,RAW_FACTOR_SORT,120,delta_cross_industry_degree_percentile_1m,20,0.008876693480428,0.0007030838823526,3.1961018232258507,-0.005689119764099,-0.0070952875288043,0.0003132626372501,4.147726204126596e-06,371819710.9511008,-25383922.39504208,-31658013.096899603
COMMON_DATE,RAW_FACTOR_SORT,120,delta_cross_industry_degree_percentile_1m,30,0.008876693480428,0.0007030838823526,3.1961018232258507,-0.0088852215873249,-0.0102913893520301,2.969628387853565e-09,1.3970526538049308e-12,371819710.9511008,-39644406.26802748,-45918496.96988504
COMMON_DATE,RAW_FACTOR_SORT,120,delta_cross_industry_degree_percentile_1m,50,0.008876693480428,0.0007030838823526,3.1961018232258507,-0.0152774252337766,-0.0166835929984818,2.45337886261506e-26,1.6612869024841776e-32,371819710.9511008,-68165374.01399837,-74439464.71585596
COMMON_DATE,RAW_FACTOR_SORT,120,delta_degree_percentile,10,-0.0452487826867415,-0.0079968671131301,1.1765955472651324,-0.0091734626603952,0.0068202715658649,0.0260174939621424,0.1422549041244075,351545339.45144653,-38698656.53872578,28771616.19327662
COMMON_DATE,RAW_FACTOR_SORT,120,delta_degree_percentile,20,-0.0452487826867415,-0.0079968671131301,1.1765955472651324,-0.0103500582076603,0.0056436760185998,0.0041888314170032,0.1705300706414757,351545339.45144653,-43662176.71145035,23808096.02055204
COMMON_DATE,RAW_FACTOR_SORT,120,delta_degree_percentile,30,-0.0452487826867415,-0.0079968671131301,1.1765955472651324,-0.0115266537549255,0.0044670804713347,0.0007768323208571,0.2281983239604632,351545339.45144653,-48625696.884174906,18844575.84782749
COMMON_DATE,RAW_FACTOR_SORT,120,delta_degree_percentile,50,-0.0452487826867415,-0.0079968671131301,1.1765955472651324,-0.0138798448494557,0.0021138893768044,2.3281535581317204e-05,0.5277608688061923,351545339.45144653,-58552737.229624055,8917535.502378328
COMMON_DATE,RAW_FACTOR_SORT,120,delta_residual_degree_percentile_1m,10,0.0069894928786736,-0.0001244368242409,3.1221231675737458,-0.0032465599918147,-0.0029976863433327,0.3054296515609848,0.3002322924944122,362092891.62560505,-14106675.543266453,-13025290.994927192
COMMON_DATE,RAW_FACTOR_SORT,120,delta_residual_degree_percentile_1m,20,0.0069894928786736,-0.0001244368242409,3.1221231675737458,-0.0063686831593885,-0.0061198095109064,0.0041888314170032,0.0061127166464349,362092891.62560505,-27672658.81236324,-26591274.264023986
COMMON_DATE,RAW_FACTOR_SORT,120,delta_residual_degree_percentile_1m,30,0.0069894928786736,-0.0001244368242409,3.1221231675737458,-0.0094908063269622,-0.0092419326784802,6.327834044433296e-06,9.647365669581255e-06,362092891.62560505,-41238642.08146006,-40157257.533120856
COMMON_DATE,RAW_FACTOR_SORT,120,delta_residual_degree_percentile_1m,50,0.0069894928786736,-0.0001244368242409,3.1221231675737458,-0.0157350526621097,-0.0154861790136277,4.484903554347917e-15,5.6682254381124935e-15,362092891.62560505,-68370608.61965367,-67289224.07131448
COMMON_DATE,RAW_FACTOR_SORT,120,neighbor_jaccard_1m,10,0.0069517759324721,0.0027328355877607,2.369149657344836,0.0003636859304159,-0.0051019852451056,0.9745346441776318,0.1594042303485859,327926332.2992289,1431146.3192415782,-20076903.706467155
COMMON_DATE,RAW_FACTOR_SORT,120,neighbor_jaccard_1m,20,0.0069517759324721,0.0027328355877607,2.369149657344836,-0.0020054637269288,-0.0074711349024504,0.6066891883638131,0.0101521736306759,327926332.2992289,-7891732.374371212,-29399782.40007994
COMMON_DATE,RAW_FACTOR_SORT,120,neighbor_jaccard_1m,30,0.0069517759324721,0.0027328355877607,2.369149657344836,-0.0043746133842737,-0.0098402845597952,0.1365522671881188,0.0003080361121595,327926332.2992289,-17214611.067983966,-38722661.0936927
COMMON_DATE,RAW_FACTOR_SORT,120,neighbor_jaccard_1m,50,0.0069517759324721,0.0027328355877607,2.369149657344836,-0.0091129126989634,-0.0145785838744849,0.0006730644711657,2.7504279921619286e-08,327926332.2992289,-35860368.45520957,-57368418.480918296
COMMON_DATE,RAW_FACTOR_SORT,120,neighbor_retention_1m,10,0.0099652787663481,0.0023341005045553,2.6332885898048124,-0.0002991880852494,-0.0049673890943601,0.9745346441776318,0.1422549041244075,353494483.6102125,-1269136.052371082,-21071335.71362208
COMMON_DATE,RAW_FACTOR_SORT,120,neighbor_retention_1m,20,0.0099652787663481,0.0023341005045553,2.6332885898048124,-0.0029324766750542,-0.0076006776841649,0.3381425753393188,0.0038269362825151,353494483.6102125,-12439371.935367657,-32241571.596618656
COMMON_DATE,RAW_FACTOR_SORT,120,neighbor_retention_1m,30,0.0099652787663481,0.0023341005045553,2.6332885898048124,-0.005565765264859,-0.0102339662739697,0.0297476313693833,2.198719678635035e-05,353494483.6102125,-23609607.818364244,-43411807.479615256
COMMON_DATE,RAW_FACTOR_SORT,120,neighbor_retention_1m,50,0.0099652787663481,0.0023341005045553,2.6332885898048124,-0.0108323424444687,-0.0155005434535794,6.975093580623133e-06,1.5606679241151276e-11,353494483.6102125,-45950079.58435741,-65752279.24560843
COMMON_DATE,RAW_FACTOR_SORT,120,outside_community_degree_percentile,10,0.0101398684120333,-0.0005554054359355,1.8352974215163915,-0.0023907028574519,-0.0012798919855808,0.8282836214349745,0.8469626431151842,348313698.33497185,-9992574.646788834,-5349646.931603479
COMMON_DATE,RAW_FACTOR_SORT,120,outside_community_degree_percentile,20,0.0101398684120333,-0.0005554054359355,1.8352974215163915,-0.0042260002789683,-0.0031151894070972,0.4078146461974925,0.4784524328227483,348313698.33497185,-17663685.43598495,-13020757.72079957
COMMON_DATE,RAW_FACTOR_SORT,120,outside_community_degree_percentile,30,0.0101398684120333,-0.0005554054359355,1.8352974215163915,-0.0060612977004847,-0.0049504868286136,0.1553779113285794,0.2497251104447161,348313698.33497185,-25334796.22518109,-20691868.509995718
COMMON_DATE,RAW_FACTOR_SORT,120,outside_community_degree_percentile,50,0.0101398684120333,-0.0005554054359355,1.8352974215163915,-0.0097318925435175,-0.0086210816716464,0.0126348043711662,0.0309278218431017,348313698.33497185,-40677017.80357334,-36034090.08838798
COMMON_DATE,RAW_FACTOR_SORT,120,residual_degree_percentile,10,0.0019219614304901,0.0012674823363584,1.1209126764921316,0.0001465696598663,-0.0023883950128506,0.9745346441776318,0.6143503357298374,286632679.5570571,504139.8521910432,-8215104.748488933
COMMON_DATE,RAW_FACTOR_SORT,120,residual_degree_percentile,20,0.0019219614304901,0.0012674823363584,1.1209126764921316,-0.0009743430166257,-0.0035093076893427,0.7549903251850786,0.3522013428477182,286632679.5570571,-3351342.595957898,-12070587.196637874
COMMON_DATE,RAW_FACTOR_SORT,120,residual_degree_percentile,30,0.0019219614304901,0.0012674823363584,1.1209126764921316,-0.0020952556931179,-0.0046302203658348,0.521579954894577,0.2069929732344018,286632679.5570571,-7206825.044106839,-15926069.644786809
COMMON_DATE,RAW_FACTOR_SORT,120,residual_degree_percentile,50,0.0019219614304901,0.0012674823363584,1.1209126764921316,-0.0043370810461021,-0.0068720457188191,0.1783528225701468,0.0374635341294276,286632679.5570571,-14917789.94040472,-23637034.54108469
COMMON_DATE,RAW_FACTOR_SORT,252,cross_industry_degree_percentile,10,0.0065997486100914,0.0007230277926972,0.9322162728347292,-0.0002091884801374,-0.0016552440655319,0.9745346441776318,0.7304497771747248,0.0,-0.0,-0.0
COMMON_DATE,RAW_FACTOR_SORT,252,cross_industry_degree_percentile,20,0.0065997486100914,0.0007230277926972,0.9322162728347292,-0.0011414047529721,-0.0025874603383667,0.7391903447986554,0.4784524328227483,0.0,-0.0,-0.0
COMMON_DATE,RAW_FACTOR_SORT,252,cross_industry_degree_percentile,30,0.0065997486100914,0.0007230277926972,0.9322162728347292,-0.0020736210258069,-0.0035196766112014,0.521579954894577,0.3207565814740355,0.0,-0.0,-0.0
COMMON_DATE,RAW_FACTOR_SORT,252,cross_industry_degree_percentile,50,0.0065997486100914,0.0007230277926972,0.9322162728347292,-0.0039380535714763,-0.0053841091568709,0.2067714321424963,0.1127934670875831,0.0,-0.0,-0.0
COMMON_DATE,RAW_FACTOR_SORT,252,cross_industry_degree_ratio,10,0.0024752612279047,-0.0028178786038432,0.8708026201804617,-0.0036886812240237,0.0019470759836628,0.3054296515609848,0.5815278760002706,235179655.65340143,-10410033.360972784,5494951.912425925
COMMON_DATE,RAW_FACTOR_SORT,252,cross_industry_degree_ratio,20,0.0024752612279047,-0.0028178786038432,0.8708026201804617,-0.0045594838442041,0.0010762733634823,0.0762408836893765,0.6235188820906047,235179655.65340143,-12867574.085246248,3037411.188152467
COMMON_DATE,RAW_FACTOR_SORT,252,cross_industry_degree_ratio,30,0.0024752612279047,-0.0028178786038432,0.8708026201804617,-0.0054302864643846,0.0002054707433018,0.0190965794407523,0.9201500150245936,235179655.65340143,-15325114.809519691,579870.4638790217
COMMON_DATE,RAW_FACTOR_SORT,252,cross_industry_degree_ratio,50,0.0024752612279047,-0.0028178786038432,0.8708026201804617,-0.0071718917047455,-0.001536134497059,0.0011393287665666,0.487662547827917,235179655.65340143,-20240196.25806656,-4335210.984667844
COMMON_DATE,RAW_FACTOR_SORT,252,delta_cross_industry_degree_percentile_1m,10,0.0040380967749256,-0.0021243885881823,3.090884855580594,-0.0052152734437629,-0.0009664962673982,0.0260174939621424,0.7304497771747248,287229258.27791274,-17975749.4756223,-3331272.0721579585
COMMON_DATE,RAW_FACTOR_SORT,252,delta_cross_industry_degree_percentile_1m,20,0.0040380967749256,-0.0021243885881823,3.090884855580594,-0.0083061582993435,-0.0040573811229788,5.206313450059314e-05,0.0642933088821824,287229258.27791274,-28629260.24951243,-13984782.846048102
COMMON_DATE,RAW_FACTOR_SORT,252,delta_cross_industry_degree_percentile_1m,30,0.0040380967749256,-0.0021243885881823,3.090884855580594,-0.0113970431549241,-0.0071482659785594,2.969628387853565e-09,0.0002862273790834,287229258.27791274,-39282771.02340258,-24638293.61993825
COMMON_DATE,RAW_FACTOR_SORT,252,delta_cross_industry_degree_percentile_1m,50,0.0040380967749256,-0.0021243885881823,3.090884855580594,-0.0175788128660853,-0.0133300356897206,4.763895127976404e-22,2.019042428311677e-12,287229258.27791274,-60589792.57118287,-45945315.16771854
COMMON_DATE,RAW_FACTOR_SORT,252,delta_degree_percentile,10,-0.0378819480280127,-0.0052574526841407,0.7810370828992603,-0.0060384897670399,0.0044764156012414,0.3054296515609848,0.4459143810364719,236064578.05834937,-17105682.467591338,12680677.92145044
COMMON_DATE,RAW_FACTOR_SORT,252,delta_degree_percentile,20,-0.0378819480280127,-0.0052574526841407,0.7810370828992603,-0.0068195268499392,0.0036953785183421,0.1090480722518768,0.3949195346919454,236064578.05834937,-19318184.740661778,10468175.648380008
COMMON_DATE,RAW_FACTOR_SORT,252,delta_degree_percentile,30,-0.0378819480280127,-0.0052574526841407,0.7810370828992603,-0.0076005639328384,0.0029143414354429,0.0558020037955527,0.4747692238267777,236064578.05834937,-21530687.01373224,8255673.375309549
COMMON_DATE,RAW_FACTOR_SORT,252,delta_degree_percentile,50,-0.0378819480280127,-0.0052574526841407,0.7810370828992603,-0.0091626380986369,0.0013522672696443,0.0131994400720151,0.7111810007475841,236064578.05834937,-25955691.55987316,3830668.829168635
COMMON_DATE,RAW_FACTOR_SORT,252,delta_residual_degree_percentile_1m,10,0.0032503059774762,-0.003060739989803,3.009043373371781,-0.0060697833631748,5.1696616431254085e-05,0.0260174939621424,0.9791014388654006,285445764.1362184,-20791127.402912848,177078.96216573633
COMMON_DATE,RAW_FACTOR_SORT,252,delta_residual_degree_percentile_1m,20,0.0032503059774762,-0.003060739989803,3.009043373371781,-0.0090788267365465,-0.0029573467569405,5.206313450059314e-05,0.2435212043702931,285445764.1362184,-31098151.6232864,-10129945.258207832
COMMON_DATE,RAW_FACTOR_SORT,252,delta_residual_degree_percentile_1m,30,0.0032503059774762,-0.003060739989803,3.009043373371781,-0.0120878701099183,-0.0059663901303123,5.066077152332108e-09,0.0060160842320636,285445764.1362184,-41405175.84365995,-20436969.478581388
COMMON_DATE,RAW_FACTOR_SORT,252,delta_residual_degree_percentile_1m,50,0.0032503059774762,-0.003060739989803,3.009043373371781,-0.0181059568566619,-0.0119844768770558,6.609551693850992e-20,5.7003356780169515e-09,285445764.1362184,-62019224.28440712,-41051017.91932854
COMMON_DATE,RAW_FACTOR_SORT,252,neighbor_jaccard_1m,10,0.0155863774056648,0.0057445192034701,2.332679137510019,0.00341184006596,-0.0080771983409801,0.3054296515609848,0.00150958937482,258413658.75069052,10579992.894203288,-25047100.50897211
COMMON_DATE,RAW_FACTOR_SORT,252,neighbor_jaccard_1m,20,0.0155863774056648,0.0057445192034701,2.332679137510019,0.00107916092845,-0.0104098774784901,0.7091424819841445,4.565562553648896e-06,258413658.75069052,3346439.0868188874,-32280654.316356525
COMMON_DATE,RAW_FACTOR_SORT,252,neighbor_jaccard_1m,30,0.0155863774056648,0.0057445192034701,2.332679137510019,-0.0012535182090599,-0.0127425566160001,0.5468601280213929,8.262389156512809e-09,258413658.75069052,-3887114.720565525,-39514208.12374094
COMMON_DATE,RAW_FACTOR_SORT,252,neighbor_jaccard_1m,50,0.0155863774056648,0.0057445192034701,2.332679137510019,-0.0059188764840799,-0.0174079148910202,0.0069404685259365,8.671998758334971e-16,258413658.75069052,-18354222.335334357,-53981315.73850981
COMMON_DATE,RAW_FACTOR_SORT,252,neighbor_retention_1m,10,0.009472190816337,0.0009797317516194,2.682666376468236,-0.0017029346248487,-0.0036623981280876,0.6690268444963229,0.161467667128329,262700288.6247061,-5368337.009481364,-11545356.543686586
COMMON_DATE,RAW_FACTOR_SORT,252,neighbor_retention_1m,20,0.009472190816337,0.0009797317516194,2.682666376468236,-0.004385601001317,-0.0063450645045559,0.06139423547281,0.0038269362825151,262700288.6247061,-13825183.786065344,-20002203.320270564
COMMON_DATE,RAW_FACTOR_SORT,252,neighbor_retention_1m,30,0.009472190816337,0.0009797317516194,2.682666376468236,-0.0070682673777852,-0.0090277308810241,0.0006226270823336,9.672434443974817e-06,262700288.6247061,-22282030.562649336,-28459050.09685456
COMMON_DATE,RAW_FACTOR_SORT,252,neighbor_retention_1m,50,0.009472190816337,0.0009797317516194,2.682666376468236,-0.0124336001307217,-0.0143930636339606,1.7016987058860286e-10,2.2915360475395783e-13,262700288.6247061,-39195724.11581729,-45372743.65002253
COMMON_DATE,RAW_FACTOR_SORT,252,outside_community_degree_percentile,10,0.0151832157211225,0.0013146884444507,1.423705879961554,-0.0001090174355107,-0.0027383943244123,0.9745346441776318,0.6143503357298374,279929266.1027635,-366206.04857932334,-9198680.562392512
COMMON_DATE,RAW_FACTOR_SORT,252,outside_community_degree_percentile,20,0.0151832157211225,0.0013146884444507,1.423705879961554,-0.0015327233154723,-0.0041621002043738,0.7091424819841445,0.3420875049891436,279929266.1027635,-5148649.354065234,-13981123.867878431
COMMON_DATE,RAW_FACTOR_SORT,252,outside_community_degree_percentile,30,0.0151832157211225,0.0013146884444507,1.423705879961554,-0.0029564291954339,-0.0055858060843354,0.4500779936326801,0.1774967311970132,279929266.1027635,-9931092.659551134,-18763567.17336435
COMMON_DATE,RAW_FACTOR_SORT,252,outside_community_degree_percentile,50,0.0151832157211225,0.0013146884444507,1.423705879961554,-0.005803840955357,-0.0084332178442585,0.0956416277231812,0.0236843730415035,279929266.1027635,-19495979.27052297,-28328453.784336157
COMMON_DATE,RAW_FACTOR_SORT,252,residual_degree_percentile,10,0.0042294035744596,0.0002065089046515,0.8289301849928269,-0.0006224212803412,-0.0010354390896444,0.9745346441776318,0.8469626431151842,0.0,-0.0,-0.0
COMMON_DATE,RAW_FACTOR_SORT,252,residual_degree_percentile,20,0.0042294035744596,0.0002065089046515,0.8289301849928269,-0.001451351465334,-0.0018643692746372,0.7091424819841445,0.6201691391721181,0.0,-0.0,-0.0
COMMON_DATE,RAW_FACTOR_SORT,252,residual_degree_percentile,30,0.0042294035744596,0.0002065089046515,0.8289301849928269,-0.0022802816503268,-0.00269329945963,0.521579954894577,0.4747692238267777,0.0,-0.0,-0.0
COMMON_DATE,RAW_FACTOR_SORT,252,residual_degree_percentile,50,0.0042294035744596,0.0002065089046515,0.8289301849928269,-0.0039381420203125,-0.0043511598296157,0.2223178549622358,0.2295545425103865,0.0,-0.0,-0.0
NATIVE,CHARACTERISTIC_NEUTRAL_FACTOR_SORT,60,cross_industry_degree_percentile,10,0.0052434567960393,0.000342349352531,1.9439960910810583,-0.00160164673855,-0.002286345443612,0.2693372498961527,0.1088540024525475,369246078.2217535,-7096821.322875142,-10130689.062167205
NATIVE,CHARACTERISTIC_NEUTRAL_FACTOR_SORT,60,cross_industry_degree_percentile,20,0.0052434567960393,0.000342349352531,1.9439960910810583,-0.003545642829631,-0.0042303415346931,0.0088356663560117,0.0015864696105284,369246078.2217535,-15710576.515396314,-18744444.25468837
NATIVE,CHARACTERISTIC_NEUTRAL_FACTOR_SORT,60,cross_industry_degree_percentile,30,0.0052434567960393,0.000342349352531,1.9439960910810583,-0.0054896389207121,-0.0061743376257741,4.100093432193166e-05,2.7392932978679817e-06,369246078.2217535,-24324331.70791751,-27358199.44720955
NATIVE,CHARACTERISTIC_NEUTRAL_FACTOR_SORT,60,cross_industry_degree_percentile,50,0.0052434567960393,0.000342349352531,1.9439960910810583,-0.0093776311028742,-0.0100623298079363,3.184347642107205e-12,4.968994020379813e-15,369246078.2217535,-41551842.09295982,-44585709.83225189
NATIVE,CHARACTERISTIC_NEUTRAL_FACTOR_SORT,60,cross_industry_degree_ratio,10,-0.0047208226197185,-0.0017926692300125,1.8724183293050924,-0.0036650875593176,-7.974909929256195e-05,0.0015118377769661,0.9346224026261328,358478986.8434392,-15766282.49948005,-343060.5157928879
NATIVE,CHARACTERISTIC_NEUTRAL_FACTOR_SORT,60,cross_industry_degree_ratio,20,-0.0047208226197185,-0.0017926692300125,1.8724183293050924,-0.0055375058886227,-0.0019521674285976,4.814175529592318e-08,0.0549925563629889,358478986.8434392,-23820954.00711651,-8397732.023429353
NATIVE,CHARACTERISTIC_NEUTRAL_FACTOR_SORT,60,cross_industry_degree_ratio,30,-0.0047208226197185,-0.0017926692300125,1.8724183293050924,-0.0074099242179278,-0.0038245857579027,1.2190985976029148e-13,0.0001178842789117,358478986.8434392,-31875625.514752984,-16452403.53106582
NATIVE,CHARACTERISTIC_NEUTRAL_FACTOR_SORT,60,cross_industry_degree_ratio,50,-0.0047208226197185,-0.0017926692300125,1.8724183293050924,-0.0111547608765379,-0.0075694224165129,5.246407256873685e-29,2.2817570087704747e-14,358478986.8434392,-47984968.53002593,-32561746.54633878
NATIVE,CHARACTERISTIC_NEUTRAL_FACTOR_SORT,60,delta_cross_industry_degree_percentile_1m,10,0.0038727277521096,0.0008004069928162,3.4111829846320187,-0.0026107759918157,-0.0042115899774483,0.0033395063331364,3.127641896145794e-07,417386075.33770615,-13076418.537718402,-21094308.139425147
NATIVE,CHARACTERISTIC_NEUTRAL_FACTOR_SORT,60,delta_cross_industry_degree_percentile_1m,20,0.0038727277521096,0.0008004069928162,3.4111829846320187,-0.0060219589764477,-0.0076227729620803,2.1964442503096403e-13,2.6618012897254776e-23,417386075.33770615,-30161781.876290217,-38179671.47799697
NATIVE,CHARACTERISTIC_NEUTRAL_FACTOR_SORT,60,delta_cross_industry_degree_percentile_1m,30,0.0038727277521096,0.0008004069928162,3.4111829846320187,-0.0094331419610797,-0.0110339559467123,5.664307747898673e-32,5.137493943101588e-49,417386075.33770615,-47247145.21486199,-55265034.81656876
NATIVE,CHARACTERISTIC_NEUTRAL_FACTOR_SORT,60,delta_cross_industry_degree_percentile_1m,50,0.0038727277521096,0.0008004069928162,3.4111829846320187,-0.0162555079303437,-0.0178563219159763,1.917836467782587e-90,6.555968326844686e-131,417386075.33770615,-81417871.89200567,-89435761.49371246
NATIVE,CHARACTERISTIC_NEUTRAL_FACTOR_SORT,60,delta_degree_percentile,10,-0.013409632909836,-0.0032842510183968,2.0655662530633423,-0.0053498172714601,0.0012186847653334,4.280200479185543e-05,0.3057881880534976,369383793.8394517,-23713629.60095722,5401948.825358571
NATIVE,CHARACTERISTIC_NEUTRAL_FACTOR_SORT,60,delta_degree_percentile,20,-0.013409632909836,-0.0032842510183968,2.0655662530633423,-0.0074153835245234,-0.0008468814877298,2.9589363901474846e-10,0.5214942529986198,369383793.8394517,-32869469.988756515,-3753891.562440741
NATIVE,CHARACTERISTIC_NEUTRAL_FACTOR_SORT,60,delta_degree_percentile,30,-0.013409632909836,-0.0032842510183968,2.0655662530633423,-0.0094809497775868,-0.0029124477407932,1.296078126245402e-16,0.0098814359837418,369383793.8394517,-42025310.37655581,-12909731.950240033
NATIVE,CHARACTERISTIC_NEUTRAL_FACTOR_SORT,60,delta_degree_percentile,50,-0.013409632909836,-0.0032842510183968,2.0655662530633423,-0.0136120822837135,-0.0070435802469199,6.893945564951239e-33,2.3524065832662835e-10,369383793.8394517,-60336991.15215448,-31221412.72583869
NATIVE,CHARACTERISTIC_NEUTRAL_FACTOR_SORT,60,delta_residual_degree_percentile_1m,10,0.0029562727713016,0.0011738518477339,3.3435090633221933,-0.0021696572155882,-0.0045173609110561,0.0335056696064857,1.7685462118917617e-06,417082686.0984669,-10859117.512685554,-22609356.27431405
NATIVE,CHARACTERISTIC_NEUTRAL_FACTOR_SORT,60,delta_residual_degree_percentile_1m,20,0.0029562727713016,0.0011738518477339,3.3435090633221933,-0.0055131662789104,-0.0078608699743783,4.3009132334005e-09,1.6138417592815977e-18,417082686.0984669,-27593354.406185437,-39343593.16781391
NATIVE,CHARACTERISTIC_NEUTRAL_FACTOR_SORT,60,delta_residual_degree_percentile_1m,30,0.0029562727713016,0.0011738518477339,3.3435090633221933,-0.0088566753422326,-0.0112043790377005,9.629832692493022e-22,2.0193241203040884e-37,417082686.0984669,-44327591.29968519,-56077830.06131365
NATIVE,CHARACTERISTIC_NEUTRAL_FACTOR_SORT,60,delta_residual_degree_percentile_1m,50,0.0029562727713016,0.0011738518477339,3.3435090633221933,-0.015543693468877,-0.0178913971643449,6.253885833727028e-63,1.6442113482218993e-96,417082686.0984669,-77796065.08668491,-89546303.84831339
NATIVE,CHARACTERISTIC_NEUTRAL_FACTOR_SORT,60,neighbor_jaccard_1m,10,0.0099761253225851,0.0012220151947842,2.7366356182522424,-0.0015146204234679,-0.0039586508130365,0.2693372498961527,0.0034540542563371,449595240.8495634,-8171593.609016864,-21357486.788717646
NATIVE,CHARACTERISTIC_NEUTRAL_FACTOR_SORT,60,neighbor_jaccard_1m,20,0.0099761253225851,0.0012220151947842,2.7366356182522424,-0.0042512560417201,-0.0066952864312887,0.0006291103112417,8.194776276228093e-08,449595240.8495634,-22936133.80788416,-36122026.98758495
NATIVE,CHARACTERISTIC_NEUTRAL_FACTOR_SORT,60,neighbor_jaccard_1m,30,0.0099761253225851,0.0012220151947842,2.7366356182522424,-0.0069878916599724,-0.009431922049541,1.3883074264847368e-08,1.4401001984722645e-14,449595240.8495634,-37700674.00675142,-50886567.18645226
NATIVE,CHARACTERISTIC_NEUTRAL_FACTOR_SORT,60,neighbor_jaccard_1m,50,0.0099761253225851,0.0012220151947842,2.7366356182522424,-0.0124611628964769,-0.0149051932860455,2.6327404011201714e-24,9.898845253208342e-35,449595240.8495634,-67229754.40448602,-80415647.58418687
NATIVE,CHARACTERISTIC_NEUTRAL_FACTOR_SORT,60,neighbor_retention_1m,10,0.0107480565577354,0.0009470326445842,2.866254958087739,-0.0019192223135035,-0.0038132876026719,0.142204301854932,0.0020936428190452,387897501.8431132,-8933538.490674892,-17749976.818629105
NATIVE,CHARACTERISTIC_NEUTRAL_FACTOR_SORT,60,neighbor_retention_1m,20,0.0107480565577354,0.0009470326445842,2.866254958087739,-0.0047854772715912,-0.0066795425607596,3.5223566939556755e-05,4.6153833974883315e-09,387897501.8431132,-22275296.145326898,-31091734.473281115
NATIVE,CHARACTERISTIC_NEUTRAL_FACTOR_SORT,60,neighbor_retention_1m,30,0.0107480565577354,0.0009470326445842,2.866254958087739,-0.007651732229679,-0.0095457975188474,2.2587204204489608e-11,1.0808414015311739e-17,387897501.8431132,-35617053.799978904,-44433492.12793314
NATIVE,CHARACTERISTIC_NEUTRAL_FACTOR_SORT,60,neighbor_retention_1m,50,0.0107480565577354,0.0009470326445842,2.866254958087739,-0.0133842421458544,-0.0152783074350229,1.0339746885709634e-31,3.6452180527312875e-44,387897501.8431132,-62300569.10928295,-71117007.4372372
NATIVE,CHARACTERISTIC_NEUTRAL_FACTOR_SORT,60,outside_community_degree_percentile,10,-0.0003364132903487,-0.0011499370786369,2.405884735786006,-0.0035558218144229,-0.0012559476571491,0.0033395063331364,0.2792607544130696,403020061.064077,-17196810.297380317,-6074065.217730144
NATIVE,CHARACTERISTIC_NEUTRAL_FACTOR_SORT,60,outside_community_degree_percentile,20,-0.0003364132903487,-0.0011499370786369,2.405884735786006,-0.0059617065502089,-0.0036618323929351,4.814175529592318e-08,0.0008904667851957,403020061.064077,-28832248.054935552,-17709502.97528538
NATIVE,CHARACTERISTIC_NEUTRAL_FACTOR_SORT,60,outside_community_degree_percentile,30,-0.0003364132903487,-0.0011499370786369,2.405884735786006,-0.0083675912859949,-0.0060677171287211,6.1737258842044616e-15,1.549706032703625e-08,403020061.064077,-40467685.81249081,-29344940.73284063
NATIVE,CHARACTERISTIC_NEUTRAL_FACTOR_SORT,60,outside_community_degree_percentile,50,-0.0003364132903487,-0.0011499370786369,2.405884735786006,-0.0131793607575669,-0.0108794866002931,5.357268889572472e-35,1.2172817049350938e-24,403020061.064077,-63738561.3276013,-52615816.24795112
NATIVE,CHARACTERISTIC_NEUTRAL_FACTOR_SORT,60,residual_degree_percentile,10,0.0063001472009189,0.0011822955079441,1.83725689135844,-0.0006549613834142,-0.0030195523993026,0.7483795770652703,0.0697860201905921,365329071.752811,-2871317.210840066,-13237563.3017543
NATIVE,CHARACTERISTIC_NEUTRAL_FACTOR_SORT,60,residual_degree_percentile,20,0.0063001472009189,0.0011822955079441,1.83725689135844,-0.0024922182747727,-0.004856809290661,0.1246336100228824,0.001704881126117,365329071.752811,-10925757.467137258,-21292003.55805149
NATIVE,CHARACTERISTIC_NEUTRAL_FACTOR_SORT,60,residual_degree_percentile,30,0.0063001472009189,0.0011822955079441,1.83725689135844,-0.0043294751661311,-0.0066940661820194,0.0057579664049685,1.109063481849608e-05,365329071.752811,-18980197.723434467,-29346443.814348668
NATIVE,CHARACTERISTIC_NEUTRAL_FACTOR_SORT,60,residual_degree_percentile,50,0.0063001472009189,0.0011822955079441,1.83725689135844,-0.008003988948848,-0.0103685799647363,3.046234719522698e-07,3.598106011284147e-12,365329071.752811,-35089078.23602884,-45455324.326943055
NATIVE,CHARACTERISTIC_NEUTRAL_FACTOR_SORT,120,cross_industry_degree_percentile,10,0.008260237318758,0.0015927695462542,1.4165336352622124,0.000176235910992,-0.0030093031815164,0.925357602038722,0.0352599695907145,0.0,0.0,-0.0
NATIVE,CHARACTERISTIC_NEUTRAL_FACTOR_SORT,120,cross_industry_degree_percentile,20,0.008260237318758,0.0015927695462542,1.4165336352622124,-0.0012402977242702,-0.0044258368167786,0.3800790907410848,0.0008904667851957,0.0,-0.0,-0.0
NATIVE,CHARACTERISTIC_NEUTRAL_FACTOR_SORT,120,cross_industry_degree_percentile,30,0.008260237318758,0.0015927695462542,1.4165336352622124,-0.0026568313595324,-0.0058423704520408,0.0464384124375584,7.1472531471559385e-06,0.0,-0.0,-0.0
NATIVE,CHARACTERISTIC_NEUTRAL_FACTOR_SORT,120,cross_industry_degree_percentile,50,0.008260237318758,0.0015927695462542,1.4165336352622124,-0.0054898986300568,-0.0086754377225652,3.5819857495712725e-05,9.001160684735014e-12,0.0,-0.0,-0.0
NATIVE,CHARACTERISTIC_NEUTRAL_FACTOR_SORT,120,cross_industry_degree_ratio,10,-0.0055507978929669,-0.0026718917935169,1.4185690277658314,-0.0040904608212827,0.001253322765751,0.0015118377769661,0.2792607544130696,0.0,-0.0,0.0
NATIVE,CHARACTERISTIC_NEUTRAL_FACTOR_SORT,120,cross_industry_degree_ratio,20,-0.0055507978929669,-0.0026718917935169,1.4185690277658314,-0.0055090298490485,-0.0001652462620147,6.487490704858133e-07,0.9398089891580576,0.0,-0.0,-0.0
NATIVE,CHARACTERISTIC_NEUTRAL_FACTOR_SORT,120,cross_industry_degree_ratio,30,-0.0055507978929669,-0.0026718917935169,1.4185690277658314,-0.0069275988768144,-0.0015838152897805,1.600567473196532e-10,0.1547133433544549,0.0,-0.0,-0.0
NATIVE,CHARACTERISTIC_NEUTRAL_FACTOR_SORT,120,cross_industry_degree_ratio,50,-0.0055507978929669,-0.0026718917935169,1.4185690277658314,-0.009764736932346,-0.0044209533453122,1.427934267350312e-19,4.4071994313849096e-05,0.0,-0.0,-0.0
NATIVE,CHARACTERISTIC_NEUTRAL_FACTOR_SORT,120,delta_cross_industry_degree_percentile_1m,10,0.0024229951332875,0.0011126160510605,3.21437921431677,-0.0021017631632562,-0.0043269952653773,0.0151943168820984,7.24355486109025e-08,371819710.9511008,-9377723.662195165,-19306345.54631245
NATIVE,CHARACTERISTIC_NEUTRAL_FACTOR_SORT,120,delta_cross_industry_degree_percentile_1m,20,0.0024229951332875,0.0011126160510605,3.21437921431677,-0.0053161423775729,-0.007541374479694,1.4625098203658183e-11,3.8139283965081565e-24,371819710.9511008,-23719758.26644896,-33648380.15056623
NATIVE,CHARACTERISTIC_NEUTRAL_FACTOR_SORT,120,delta_cross_industry_degree_percentile_1m,30,0.0024229951332875,0.0011126160510605,3.21437921431677,-0.0085305215918897,-0.0107557536940108,1.4745036236236216e-28,1.4054049543697058e-49,371819710.9511008,-38061792.87070279,-47990414.75482006
NATIVE,CHARACTERISTIC_NEUTRAL_FACTOR_SORT,120,delta_cross_industry_degree_percentile_1m,50,0.0024229951332875,0.0011126160510605,3.21437921431677,-0.0149592800205233,-0.0171845121226444,3.768108955643131e-83,1.0927736227782407e-129,371819710.9511008,-66745862.079210445,-76674483.96332774
NATIVE,CHARACTERISTIC_NEUTRAL_FACTOR_SORT,120,delta_degree_percentile,10,-0.0096718271806765,-0.0025758206027554,1.5428094077657877,-0.0041186300105212,0.0010330111949896,0.0111562965308511,0.4768879731085554,285716328.70803934,-14121118.150954563,3541777.9937610547
NATIVE,CHARACTERISTIC_NEUTRAL_FACTOR_SORT,120,delta_degree_percentile,20,-0.0096718271806765,-0.0025758206027554,1.5428094077657877,-0.005661439418287,-0.0005097982127761,7.066826554022452e-05,0.8059117429502862,285716328.70803934,-19410788.22955131,-1747892.0848357067
NATIVE,CHARACTERISTIC_NEUTRAL_FACTOR_SORT,120,delta_degree_percentile,30,-0.0096718271806765,-0.0025758206027554,1.5428094077657877,-0.0072042488260528,-0.0020526076205419,2.259694175840697e-07,0.1574582251406924,285716328.70803934,-24700458.308148105,-7037562.163432493
NATIVE,CHARACTERISTIC_NEUTRAL_FACTOR_SORT,120,delta_degree_percentile,50,-0.0096718271806765,-0.0025758206027554,1.5428094077657877,-0.0102898676415843,-0.0051382264360734,6.313944566748602e-14,0.0003487992863136,285716328.70803934,-35279798.465341635,-17616902.320626024
NATIVE,CHARACTERISTIC_NEUTRAL_FACTOR_SORT,120,delta_residual_degree_percentile_1m,10,0.0024749531322343,0.0010731771557419,3.146310173705788,-0.0020731330179638,-0.0042194873294476,0.0335056696064857,2.4183851044445108e-06,362092891.62560505,-9008000.750388687,-18334156.419567738
NATIVE,CHARACTERISTIC_NEUTRAL_FACTOR_SORT,120,delta_residual_degree_percentile_1m,20,0.0024749531322343,0.0010731771557419,3.146310173705788,-0.0052194431916696,-0.0073657975031534,4.3009132334005e-09,5.25781297073465e-18,362092891.62560505,-22679079.335366867,-32005235.004545923
NATIVE,CHARACTERISTIC_NEUTRAL_FACTOR_SORT,120,delta_residual_degree_percentile_1m,30,0.0024749531322343,0.0010731771557419,3.146310173705788,-0.0083657533653754,-0.0105121076768592,1.2357536692367293e-21,3.219468265721942e-36,362092891.62560505,-36350157.92034511,-45676313.58952417
NATIVE,CHARACTERISTIC_NEUTRAL_FACTOR_SORT,120,delta_residual_degree_percentile_1m,50,0.0024749531322343,0.0010731771557419,3.146310173705788,-0.014658373712787,-0.0168047280242708,2.4660964799277537e-62,1.0678866935095627e-92,362092891.62560505,-63692315.090301566,-73018470.75948063
NATIVE,CHARACTERISTIC_NEUTRAL_FACTOR_SORT,120,neighbor_jaccard_1m,10,0.0044673006984071,2.905654819291073e-05,2.501692883099237,-0.0024726363349063,-0.0025307494312921,0.0533696518812186,0.0404028105282756,327926332.2992289,-9730110.77298763,-9958792.547663862
NATIVE,CHARACTERISTIC_NEUTRAL_FACTOR_SORT,120,neighbor_jaccard_1m,20,0.0044673006984071,2.905654819291073e-05,2.501692883099237,-0.0049743292180055,-0.0050324423143913,1.585016342240534e-05,1.285993696197187e-05,327926332.2992289,-19574562.433313392,-19803244.207989637
NATIVE,CHARACTERISTIC_NEUTRAL_FACTOR_SORT,120,neighbor_jaccard_1m,30,0.0044673006984071,2.905654819291073e-05,2.501692883099237,-0.0074760221011048,-0.0075341351974906,3.6238504200701577e-11,2.5969743711249303e-11,327926332.2992289,-29419014.09363918,-29647695.86831543
NATIVE,CHARACTERISTIC_NEUTRAL_FACTOR_SORT,120,neighbor_jaccard_1m,50,0.0044673006984071,2.905654819291073e-05,2.501692883099237,-0.0124794078673032,-0.012537520963689,7.263047904015049e-29,4.5678315189715237e-29,327926332.2992289,-49107917.41429072,-49336599.18896697
NATIVE,CHARACTERISTIC_NEUTRAL_FACTOR_SORT,120,neighbor_retention_1m,10,0.0050217525976371,0.0008039639299784,2.752922712910946,-0.0019489587829325,-0.0035568866428893,0.1561172799405782,0.0060264894317718,360844223.7272756,-8439246.229244806,-15401783.994472
NATIVE,CHARACTERISTIC_NEUTRAL_FACTOR_SORT,120,neighbor_retention_1m,20,0.0050217525976371,0.0008039639299784,2.752922712910946,-0.0047018814958434,-0.0063098093558003,0.0001168943722666,1.999946850564369e-07,360844223.7272756,-20359761.34110319,-27322299.10633037
NATIVE,CHARACTERISTIC_NEUTRAL_FACTOR_SORT,120,neighbor_retention_1m,30,0.0050217525976371,0.0008039639299784,2.752922712910946,-0.0074548042087543,-0.0090627320687112,6.06614037234159e-10,2.730633875722718e-14,360844223.7272756,-32280276.45296159,-39242814.21818878
NATIVE,CHARACTERISTIC_NEUTRAL_FACTOR_SORT,120,neighbor_retention_1m,50,0.0050217525976371,0.0008039639299784,2.752922712910946,-0.0129606496345762,-0.0145685774945331,3.3185828349580336e-27,3.863187524208369e-35,360844223.7272756,-56121306.6766784,-63083844.44190561
NATIVE,CHARACTERISTIC_NEUTRAL_FACTOR_SORT,120,outside_community_degree_percentile,10,0.0018124589186548,-0.0002456405197342,1.9333795255708897,-0.002179020045305,-0.0016877390058366,0.142204301854932,0.2344590499444339,325353237.10195553,-8507414.70540073,-6589336.187186414
NATIVE,CHARACTERISTIC_NEUTRAL_FACTOR_SORT,120,outside_community_degree_percentile,20,0.0018124589186548,-0.0002456405197342,1.9333795255708897,-0.0041123995708759,-0.0036211185314075,0.0013958412782236,0.0046456134265936,325353237.10195553,-16055790.15169427,-14137711.63347998
NATIVE,CHARACTERISTIC_NEUTRAL_FACTOR_SORT,120,outside_community_degree_percentile,30,0.0018124589186548,-0.0002456405197342,1.9333795255708897,-0.0060457790964468,-0.0055544980569784,2.240227420171805e-06,1.109063481849608e-05,325353237.10195553,-23604165.597987805,-21686087.07977353
NATIVE,CHARACTERISTIC_NEUTRAL_FACTOR_SORT,120,outside_community_degree_percentile,50,0.0018124589186548,-0.0002456405197342,1.9333795255708897,-0.0099125381475886,-0.0094212571081202,1.0930314388617565e-14,3.952197090092728e-14,325353237.10195553,-38700916.49057495,-36782837.972360656
NATIVE,CHARACTERISTIC_NEUTRAL_FACTOR_SORT,120,residual_degree_percentile,10,0.0104091603590234,0.002764910723457,1.3152327033266489,0.0014496780201304,-0.0040801434267837,0.3989049845761169,0.0154880868476495,0.0,0.0,-0.0
NATIVE,CHARACTERISTIC_NEUTRAL_FACTOR_SORT,120,residual_degree_percentile,20,0.0104091603590234,0.002764910723457,1.3152327033266489,0.0001344453168037,-0.0053953761301103,0.9297229117559574,0.0007107554784232,0.0,0.0,-0.0
NATIVE,CHARACTERISTIC_NEUTRAL_FACTOR_SORT,120,residual_degree_percentile,30,0.0104091603590234,0.002764910723457,1.3152327033266489,-0.0011807873865228,-0.006710608833437,0.4575012660506505,1.1603423254599025e-05,0.0,-0.0,-0.0
NATIVE,CHARACTERISTIC_NEUTRAL_FACTOR_SORT,120,residual_degree_percentile,50,0.0104091603590234,0.002764910723457,1.3152327033266489,-0.0038112527931761,-0.0093410742400903,0.0142562377115393,6.49286103657775e-10,0.0,-0.0,-0.0
NATIVE,CHARACTERISTIC_NEUTRAL_FACTOR_SORT,252,cross_industry_degree_percentile,10,0.011367055920236,0.0015553206238685,1.0619600400361555,0.0004933605838323,-0.0026172806639047,0.7793010893429987,0.0914230038438639,0.0,0.0,-0.0
NATIVE,CHARACTERISTIC_NEUTRAL_FACTOR_SORT,252,cross_industry_degree_percentile,20,0.011367055920236,0.0015553206238685,1.0619600400361555,-0.0005685994562037,-0.0036792407039408,0.7063687374710595,0.0112868220754179,0.0,-0.0,-0.0
NATIVE,CHARACTERISTIC_NEUTRAL_FACTOR_SORT,252,cross_industry_degree_percentile,30,0.011367055920236,0.0015553206238685,1.0619600400361555,-0.0016305594962399,-0.004741200743977,0.2546405129358028,0.0009642388392896,0.0,-0.0,-0.0
NATIVE,CHARACTERISTIC_NEUTRAL_FACTOR_SORT,252,cross_industry_degree_percentile,50,0.011367055920236,0.0015553206238685,1.0619600400361555,-0.0037544795763122,-0.0068651208240493,0.0065965656472822,1.861166983144792e-06,0.0,-0.0,-0.0
NATIVE,CHARACTERISTIC_NEUTRAL_FACTOR_SORT,252,cross_industry_degree_ratio,10,-0.0058793093370592,-0.0022614753147374,1.0705350526685344,-0.0033320103674059,0.0011909402620689,0.0033395063331364,0.2792607544130696,0.0,-0.0,0.0
NATIVE,CHARACTERISTIC_NEUTRAL_FACTOR_SORT,252,cross_industry_degree_ratio,20,-0.0058793093370592,-0.0022614753147374,1.0705350526685344,-0.0044025454200745,0.0001204052094003,1.585016342240534e-05,0.9398089891580576,0.0,-0.0,0.0
NATIVE,CHARACTERISTIC_NEUTRAL_FACTOR_SORT,252,cross_industry_degree_ratio,30,-0.0058793093370592,-0.0022614753147374,1.0705350526685344,-0.005473080472743,-0.0009501298432681,3.7669400832544766e-08,0.3644131410111011,0.0,-0.0,-0.0
NATIVE,CHARACTERISTIC_NEUTRAL_FACTOR_SORT,252,cross_industry_degree_ratio,50,-0.0058793093370592,-0.0022614753147374,1.0705350526685344,-0.0076141505780801,-0.0030911999486052,1.0930314388617565e-14,0.0031173670589856,0.0,-0.0,-0.0
NATIVE,CHARACTERISTIC_NEUTRAL_FACTOR_SORT,252,delta_cross_industry_degree_percentile_1m,10,0.0013803458283696,0.0007401904332568,3.1092246878366403,-0.0023690342545797,-0.0038494151210935,0.0176677325680141,4.381451219405237e-05,290055786.5782318,-8245825.129714909,-13398541.569778947
NATIVE,CHARACTERISTIC_NEUTRAL_FACTOR_SORT,252,delta_cross_industry_degree_percentile_1m,20,0.0013803458283696,0.0007401904332568,3.1092246878366403,-0.0054782589424164,-0.0069586398089301,1.033316153604812e-09,8.717509674785915e-15,290055786.5782318,-19068008.479461823,-24220724.919525865
NATIVE,CHARACTERISTIC_NEUTRAL_FACTOR_SORT,252,delta_cross_industry_degree_percentile_1m,30,0.0013803458283696,0.0007401904332568,3.1092246878366403,-0.008587483630253,-0.0100678644967667,5.724218017653757e-23,1.495452088901596e-29,290055786.5782318,-29890191.82920878,-35042908.26927283
NATIVE,CHARACTERISTIC_NEUTRAL_FACTOR_SORT,252,delta_cross_industry_degree_percentile_1m,50,0.0013803458283696,0.0007401904332568,3.1092246878366403,-0.0148059330059263,-0.01628631387244,5.770431258520187e-68,1.7060990085985558e-73,290055786.5782318,-51534558.528702654,-56687274.96876672
NATIVE,CHARACTERISTIC_NEUTRAL_FACTOR_SORT,252,delta_degree_percentile,10,-0.0090125473306271,-0.0023616636874723,1.1449535803522284,-0.0035066172678245,0.0012167101071201,0.0179667725616966,0.3868210346811252,0.0,-0.0,0.0
NATIVE,CHARACTERISTIC_NEUTRAL_FACTOR_SORT,252,delta_degree_percentile,20,-0.0090125473306271,-0.0023616636874723,1.1449535803522284,-0.0046515708481767,7.175652676788167e-05,0.0004290010927022,0.9573228000684156,0.0,-0.0,0.0
NATIVE,CHARACTERISTIC_NEUTRAL_FACTOR_SORT,252,delta_degree_percentile,30,-0.0090125473306271,-0.0023616636874723,1.1449535803522284,-0.005796524428529,-0.0010731970535843,5.946134547892907e-06,0.4294207605821815,0.0,-0.0,-0.0
NATIVE,CHARACTERISTIC_NEUTRAL_FACTOR_SORT,252,delta_degree_percentile,50,-0.0090125473306271,-0.0023616636874723,1.1449535803522284,-0.0080864315892334,-0.0033631042142888,7.558792256871713e-11,0.0158483650848714,0.0,-0.0,-0.0
NATIVE,CHARACTERISTIC_NEUTRAL_FACTOR_SORT,252,delta_residual_degree_percentile_1m,10,0.0038736917020555,0.0017783392962742,3.026330775888576,-0.0012479914796143,-0.0048046700721628,0.2288783214924492,8.494327447316643e-07,282248239.591858,-4226920.777761428,-16273316.036251577
NATIVE,CHARACTERISTIC_NEUTRAL_FACTOR_SORT,252,delta_residual_degree_percentile_1m,20,0.0038736917020555,0.0017783392962742,3.026330775888576,-0.0042743222555029,-0.0078310008480513,3.812160904875773e-06,2.8657711612084683e-17,282248239.591858,-14477039.18476794,-26523434.443258096
NATIVE,CHARACTERISTIC_NEUTRAL_FACTOR_SORT,252,delta_residual_degree_percentile_1m,30,0.0038736917020555,0.0017783392962742,3.026330775888576,-0.0073006530313915,-0.0108573316239399,4.971682982237981e-16,5.578565897524773e-32,282248239.591858,-24727157.59177445,-36773552.850264624
NATIVE,CHARACTERISTIC_NEUTRAL_FACTOR_SORT,252,delta_residual_degree_percentile_1m,50,0.0038736917020555,0.0017783392962742,3.026330775888576,-0.0133533145831686,-0.0169099931757171,7.684761967765476e-52,4.882094844716398e-74,282248239.591858,-45227394.405787535,-57273789.66427772
NATIVE,CHARACTERISTIC_NEUTRAL_FACTOR_SORT,252,neighbor_jaccard_1m,10,0.0046795320626654,0.0009391494075772,2.420463034928685,-0.0014813136273514,-0.0033596124425059,0.234523419788222,0.0058776509339773,237605086.87842828,-4223611.837452346,-9579132.075353704
NATIVE,CHARACTERISTIC_NEUTRAL_FACTOR_SORT,252,neighbor_jaccard_1m,20,0.0046795320626654,0.0009391494075772,2.420463034928685,-0.00390177666228,-0.0057800754774346,0.0004900320014182,3.668814249048375e-07,237605086.87842828,-11124983.793855356,-16480504.031756723
NATIVE,CHARACTERISTIC_NEUTRAL_FACTOR_SORT,252,neighbor_jaccard_1m,30,0.0046795320626654,0.0009391494075772,2.420463034928685,-0.0063222396972087,-0.0082005385123633,9.598711872465056e-09,2.8212238081167826e-13,237605086.87842828,-18026355.75025841,-23381875.98815978
NATIVE,CHARACTERISTIC_NEUTRAL_FACTOR_SORT,252,neighbor_jaccard_1m,50,0.0046795320626654,0.0009391494075772,2.420463034928685,-0.0111631657670661,-0.0130414645822207,8.4986460814493e-25,3.250658280231155e-31,237605086.87842828,-31829099.66306448,-37184619.90096583
NATIVE,CHARACTERISTIC_NEUTRAL_FACTOR_SORT,252,neighbor_retention_1m,10,0.002156212599123,0.0007104057061429,2.697228898926366,-0.0019868231927834,-0.0034076346050692,0.1136391349535602,0.0040507308156987,259090061.3230027,-6177193.714274716,-10594611.10552538
NATIVE,CHARACTERISTIC_NEUTRAL_FACTOR_SORT,252,neighbor_retention_1m,20,0.002156212599123,0.0007104057061429,2.697228898926366,-0.0046840520917098,-0.0061048635039956,1.585016342240534e-05,3.8187547910689e-08,259090061.3230027,-14563096.12417478,-18980513.51542543
NATIVE,CHARACTERISTIC_NEUTRAL_FACTOR_SORT,252,neighbor_retention_1m,30,0.002156212599123,0.0007104057061429,2.697228898926366,-0.0073812809906361,-0.008802092402922,3.721505807351281e-12,9.219426031772545e-16,259090061.3230027,-22948998.53407485,-27366415.92532549
NATIVE,CHARACTERISTIC_NEUTRAL_FACTOR_SORT,252,neighbor_retention_1m,50,0.002156212599123,0.0007104057061429,2.697228898926366,-0.0127757387884889,-0.0141965502007747,1.2056795849737431e-34,2.4191410687013126e-38,259090061.3230027,-39720803.35387501,-44138220.74512567
NATIVE,CHARACTERISTIC_NEUTRAL_FACTOR_SORT,252,outside_community_degree_percentile,10,0.0125155539121023,0.001445316208559,1.533692960616151,-8.837675205706243e-05,-0.0029790091691752,0.9463598080168072,0.0422819288251518,277604770.36866164,-294405.69552876014,-9923845.876020338
NATIVE,CHARACTERISTIC_NEUTRAL_FACTOR_SORT,252,outside_community_degree_percentile,20,0.0125155539121023,0.001445316208559,1.533692960616151,-0.0016220697126732,-0.0045127021297913,0.2518669459377991,0.0012662876950137,277604770.36866164,-5403531.481303299,-15032971.661794882
NATIVE,CHARACTERISTIC_NEUTRAL_FACTOR_SORT,252,outside_community_degree_percentile,30,0.0125155539121023,0.001445316208559,1.533692960616151,-0.0031557626732893,-0.0060463950904075,0.017952427019743,1.109063481849608e-05,277604770.36866164,-10512657.267077846,-20142097.447569422
NATIVE,CHARACTERISTIC_NEUTRAL_FACTOR_SORT,252,outside_community_degree_percentile,50,0.0125155539121023,0.001445316208559,1.533692960616151,-0.0062231485945216,-0.0091137810116398,1.7252616392897269e-06,4.3416662025454056e-11,277604770.36866164,-20730908.838626917,-30360349.019118503
NATIVE,CHARACTERISTIC_NEUTRAL_FACTOR_SORT,252,residual_degree_percentile,10,0.0145646969661481,0.0032532262483234,0.99173338696711,0.0022614928613562,-0.0042449596352905,0.2288783214924492,0.0181864713465672,0.0,0.0,-0.0
NATIVE,CHARACTERISTIC_NEUTRAL_FACTOR_SORT,252,residual_degree_percentile,20,0.0145646969661481,0.0032532262483234,0.99173338696711,0.0012697594743891,-0.0052366930222576,0.4603878230212349,0.0018536361312135,0.0,0.0,-0.0
NATIVE,CHARACTERISTIC_NEUTRAL_FACTOR_SORT,252,residual_degree_percentile,30,0.0145646969661481,0.0032532262483234,0.99173338696711,0.000278026087422,-0.0062284264092247,0.8611950806887974,0.0001862109742851,0.0,0.0,-0.0
NATIVE,CHARACTERISTIC_NEUTRAL_FACTOR_SORT,252,residual_degree_percentile,50,0.0145646969661481,0.0032532262483234,0.99173338696711,-0.0017054406865121,-0.0082118931831589,0.2806528164664054,9.580801666004888e-07,0.0,-0.0,-0.0
NATIVE,RAW_FACTOR_SORT,60,cross_industry_degree_percentile,10,0.0086643763408912,-0.0002882724544577,1.8287939019453128,-0.002117066356403,-0.0015405214474876,0.5677312327161976,0.7840440963655045,369246078.2217535,-9380621.39324437,-6825978.034815557
NATIVE,RAW_FACTOR_SORT,60,cross_industry_degree_percentile,20,0.0086643763408912,-0.0002882724544577,1.8287939019453128,-0.0039458602583483,-0.0033693153494329,0.175524582393601,0.2881628461424783,369246078.2217535,-17483921.107274324,-14929277.74884552
NATIVE,RAW_FACTOR_SORT,60,cross_industry_degree_percentile,30,0.0086643763408912,-0.0002882724544577,1.8287939019453128,-0.0057746541602936,-0.0051981092513782,0.0368973194395737,0.0656627250706026,369246078.2217535,-25587220.821304303,-23032577.4628755
NATIVE,RAW_FACTOR_SORT,60,cross_industry_degree_percentile,50,0.0086643763408912,-0.0002882724544577,1.8287939019453128,-0.0094322419641842,-0.0088556970552688,0.0005235951956481,0.001020446269352,369246078.2217535,-41793820.24936425,-39239176.89093544
NATIVE,RAW_FACTOR_SORT,60,cross_industry_degree_ratio,10,0.0084367138286769,0.0002349485660955,1.5802605347313612,-0.0013453119686358,-0.0018152091008269,0.5677312327161976,0.5601374575457527,363272066.7330867,-5864571.110965033,-7912977.139321199
NATIVE,RAW_FACTOR_SORT,60,cross_industry_degree_ratio,20,0.0084367138286769,0.0002349485660955,1.5802605347313612,-0.0029255725033671,-0.0033954696355582,0.1661714680322227,0.1110670771667325,363272066.7330867,-12753345.23610814,-14801751.26446431
NATIVE,RAW_FACTOR_SORT,60,cross_industry_degree_ratio,30,0.0084367138286769,0.0002349485660955,1.5802605347313612,-0.0045058330380985,-0.0049757301702896,0.0265235682545771,0.0144260634110973,363272066.7330867,-19642119.361251246,-21690525.38960741
NATIVE,RAW_FACTOR_SORT,60,cross_industry_degree_ratio,50,0.0084367138286769,0.0002349485660955,1.5802605347313612,-0.0076663541075612,-0.0081362512397523,6.70310970337043e-05,3.269367070638322e-05,363272066.7330867,-33419667.611537494,-35468073.639893666
NATIVE,RAW_FACTOR_SORT,60,delta_cross_industry_degree_percentile_1m,10,0.0106148738637003,0.0021492219411064,3.4242447053184284,-0.001275022764212,-0.0055734666464248,0.4768135567353109,5.9429447152101285e-05,417386075.33770615,-6386120.970248169,-27915448.43492243
NATIVE,RAW_FACTOR_SORT,60,delta_cross_industry_degree_percentile_1m,20,0.0106148738637003,0.0021492219411064,3.4242447053184284,-0.0046992674695304,-0.0089977113517432,0.0003603004290215,4.631908033492779e-13,417386075.33770615,-23536905.672833465,-45066233.13750776
NATIVE,RAW_FACTOR_SORT,60,delta_cross_industry_degree_percentile_1m,30,0.0106148738637003,0.0021492219411064,3.4242447053184284,-0.0081235121748488,-0.0124219560570617,1.4240913052391795e-10,6.087842507304815e-25,417386075.33770615,-40687690.37541877,-62217017.84009301
NATIVE,RAW_FACTOR_SORT,60,delta_cross_industry_degree_percentile_1m,50,0.0106148738637003,0.0021492219411064,3.4242447053184284,-0.0149720015854857,-0.0192704454676985,7.1048486289447694e-34,2.240466595935054e-60,417386075.33770615,-74989259.78058939,-96518587.2452637
NATIVE,RAW_FACTOR_SORT,60,delta_degree_percentile,10,-0.0497480937582576,-0.0115803010194435,1.8128152833460225,-0.0133931163027895,0.0097674857360975,8.585061054696723e-08,0.0001698239376882,369383793.8394517,-59366401.33508902,43295411.249669164
NATIVE,RAW_FACTOR_SORT,60,delta_degree_percentile,20,-0.0497480937582576,-0.0115803010194435,1.8128152833460225,-0.0152059315861355,0.0079546704527515,4.930451245525437e-10,0.0010553469538237,369383793.8394517,-67401896.37779894,35259916.20695924
NATIVE,RAW_FACTOR_SORT,60,delta_degree_percentile,30,-0.0497480937582576,-0.0115803010194435,1.8128152833460225,-0.0170187468694816,0.0061418551694054,1.543625312010439e-12,0.0126395409460712,369383793.8394517,-75437391.42050888,27224421.16424931
NATIVE,RAW_FACTOR_SORT,60,delta_degree_percentile,50,-0.0497480937582576,-0.0115803010194435,1.8128152833460225,-0.0206443774361736,0.0025162246027134,3.5872470006040343e-19,0.2757405212432856,369383793.8394517,-91508381.50592874,11153431.0788295
NATIVE,RAW_FACTOR_SORT,60,delta_residual_degree_percentile_1m,10,0.0087761340053364,0.0024003471766365,3.3581473699746622,-0.000957800193338,-0.0057584945466112,0.5677312327161976,0.0001698239376882,417082686.0984669,-4793782.52859698,-28821220.480607804
NATIVE,RAW_FACTOR_SORT,60,delta_residual_degree_percentile_1m,20,0.0087761340053364,0.0024003471766365,3.3581473699746622,-0.0043159475633127,-0.0091166419165859,0.0049421288287755,1.652480288377318e-10,417082686.0984669,-21601284.033199318,-45628721.985210136
NATIVE,RAW_FACTOR_SORT,60,delta_residual_degree_percentile_1m,30,0.0087761340053364,0.0024003471766365,3.3581473699746622,-0.0076740949332874,-0.0124747892865605,9.316107487834656e-08,2.8420634259974044e-19,417082686.0984669,-38408785.53780173,-62436223.48981253
NATIVE,RAW_FACTOR_SORT,60,delta_residual_degree_percentile_1m,50,0.0087761340053364,0.0024003471766365,3.3581473699746622,-0.0143903896732367,-0.0191910840265098,1.7897983452619412e-24,5.48668178467886e-45,417082686.0984669,-72023788.54700646,-96051226.4990173
NATIVE,RAW_FACTOR_SORT,60,neighbor_jaccard_1m,10,0.0016807425075751,-0.0007328669962038,2.6284420085550324,-0.0033613090047588,-0.0018955750123511,0.4687642044842036,0.6182799172991292,449595240.8495634,-18134742.378772546,-10226898.05071721
NATIVE,RAW_FACTOR_SORT,60,neighbor_jaccard_1m,20,0.0016807425075751,-0.0007328669962038,2.6284420085550324,-0.0059897510133139,-0.0045240170209062,0.015745709962574,0.072147211819834,449595240.8495634,-32315562.59351744,-24407718.265462123
NATIVE,RAW_FACTOR_SORT,60,neighbor_jaccard_1m,30,0.0016807425075751,-0.0007328669962038,2.6284420085550324,-0.0086181930218689,-0.0071524590294612,0.0001810590423907,0.0026655108874521,449595240.8495634,-46496382.80826232,-38588538.48020703
NATIVE,RAW_FACTOR_SORT,60,neighbor_jaccard_1m,50,0.0016807425075751,-0.0007328669962038,2.6284420085550324,-0.013875077038979,-0.0124093430465712,5.837960981934694e-10,4.463199684874436e-08,449595240.8495634,-74858023.23775211,-66950178.90969677
NATIVE,RAW_FACTOR_SORT,60,neighbor_retention_1m,10,0.0056768982598452,0.0003657708046661,2.788531461764611,-0.0024227606570984,-0.0031543022664308,0.4687642044842036,0.2396072562735326,387897501.8431132,-11277393.677427026,-14682551.63047894
NATIVE,RAW_FACTOR_SORT,60,neighbor_retention_1m,20,0.0056768982598452,0.0003657708046661,2.788531461764611,-0.005211292118863,-0.0059428337281954,0.0218204961373737,0.0066709050367959,387897501.8431132,-24257366.331379995,-27662524.2844319
NATIVE,RAW_FACTOR_SORT,60,neighbor_retention_1m,30,0.0056768982598452,0.0003657708046661,2.788531461764611,-0.0079998235806276,-0.00873136518996,0.0001673916687266,3.320894960729508e-05,387897501.8431132,-37237338.985332966,-40642496.938384846
NATIVE,RAW_FACTOR_SORT,60,neighbor_retention_1m,50,0.0056768982598452,0.0003657708046661,2.788531461764611,-0.0135768865041568,-0.0143084281134892,5.4035574411544126e-11,1.832258005159979e-12,387897501.8431132,-63197284.29323895,-66602442.24629085
NATIVE,RAW_FACTOR_SORT,60,outside_community_degree_percentile,10,0.0144231913427605,0.001197028963069,2.2997174923563883,-0.0011026885292873,-0.0034967464554254,0.7845791470891474,0.4807474239122427,410566028.6279949,-5432717.403397801,-17227743.663876392
NATIVE,RAW_FACTOR_SORT,60,outside_community_degree_percentile,20,0.0144231913427605,0.001197028963069,2.2997174923563883,-0.0034024060216437,-0.0057964639477818,0.2913670671106282,0.1110505046438856,410566028.6279949,-16762947.93703491,-28557974.1975135
NATIVE,RAW_FACTOR_SORT,60,outside_community_degree_percentile,30,0.0144231913427605,0.001197028963069,2.2997174923563883,-0.0057021235140001,-0.0080961814401382,0.0812576062368411,0.0171928516836571,410566028.6279949,-28093178.47067201,-39888204.731150605
NATIVE,RAW_FACTOR_SORT,60,outside_community_degree_percentile,50,0.0144231913427605,0.001197028963069,2.2997174923563883,-0.0103015584987129,-0.0126956164248509,0.0014891937686699,0.0001090719265718,410566028.6279949,-50753639.53794622,-62548665.798424825
NATIVE,RAW_FACTOR_SORT,60,residual_degree_percentile,10,0.0040032945204167,-0.0010219333047388,1.708252959292872,-0.0027301862640317,-0.000686319654554,0.4859746066826104,0.8598350911183706,365329071.752811,-11968996.962611755,-3008790.2678872067
NATIVE,RAW_FACTOR_SORT,60,residual_degree_percentile,20,0.0040032945204167,-0.0010219333047388,1.708252959292872,-0.0044384392233245,-0.0023945726138469,0.1451826405548919,0.4498721704196481,365329071.752811,-19457890.577861223,-10497683.883136677
NATIVE,RAW_FACTOR_SORT,60,residual_degree_percentile,30,0.0040032945204167,-0.0010219333047388,1.708252959292872,-0.0061466921826174,-0.0041028255731397,0.032639708269814,0.1488016667474504,365329071.752811,-26946784.1931107,-17986577.498386152
NATIVE,RAW_FACTOR_SORT,60,residual_degree_percentile,50,0.0040032945204167,-0.0010219333047388,1.708252959292872,-0.0095631981012032,-0.0075193314917255,0.0005727485145243,0.0069892007481775,365329071.752811,-41924571.42360965,-32964364.72888512
NATIVE,RAW_FACTOR_SORT,120,cross_industry_degree_percentile,10,0.0036799972018661,-0.0016101432152869,1.3128241758935058,-0.0029229673911804,0.0002973190393934,0.4687642044842036,0.939951160332799,0.0,-0.0,0.0
NATIVE,RAW_FACTOR_SORT,120,cross_industry_degree_percentile,20,0.0036799972018661,-0.0016101432152869,1.3128241758935058,-0.0042357915670739,-0.0010155051365,0.1451826405548919,0.8023691185212765,0.0,-0.0,-0.0
NATIVE,RAW_FACTOR_SORT,120,cross_industry_degree_percentile,30,0.0036799972018661,-0.0016101432152869,1.3128241758935058,-0.0055486157429674,-0.0023283293123935,0.0368973194395737,0.4099495264759317,0.0,-0.0,-0.0
NATIVE,RAW_FACTOR_SORT,120,cross_industry_degree_percentile,50,0.0036799972018661,-0.0016101432152869,1.3128241758935058,-0.0081742640947544,-0.0049539776641805,0.0014891937686699,0.0589598782883956,0.0,-0.0,-0.0
NATIVE,RAW_FACTOR_SORT,120,cross_industry_degree_ratio,10,0.008813688925662,-0.0002526255812602,1.168717257318745,-0.0014213428385789,-0.0009160916760585,0.5677312327161976,0.8196901605916125,295859416.51074874,-5046211.954604441,-3252412.184988347
NATIVE,RAW_FACTOR_SORT,120,cross_industry_degree_ratio,20,0.008813688925662,-0.0002526255812602,1.168717257318745,-0.0025900600958977,-0.0020848089333772,0.2058896211611244,0.3621397854384786,295859416.51074874,-9195524.024400836,-7401724.254784738
NATIVE,RAW_FACTOR_SORT,120,cross_industry_degree_ratio,30,0.008813688925662,-0.0002526255812602,1.168717257318745,-0.0037587773532164,-0.003253526190696,0.055501738761561,0.1199128646578648,295859416.51074874,-13344836.09419722,-11551036.324581122
NATIVE,RAW_FACTOR_SORT,120,cross_industry_degree_ratio,50,0.008813688925662,-0.0002526255812602,1.168717257318745,-0.0060962118678539,-0.0055909607053335,0.0014891937686699,0.0052295131423834,295859416.51074874,-21643460.233790006,-19849660.4641739
NATIVE,RAW_FACTOR_SORT,120,delta_cross_industry_degree_percentile_1m,10,0.0096091628140276,0.001629252253369,3.1983726085987487,-0.0015691203552296,-0.0048276248619678,0.4687642044842036,0.0001698239376882,371819710.9511008,-7001158.523147869,-21540072.969086543
NATIVE,RAW_FACTOR_SORT,120,delta_cross_industry_degree_percentile_1m,20,0.0096091628140276,0.001629252253369,3.1983726085987487,-0.0047674929638284,-0.0080259974705665,0.0002656206628246,3.556666749470484e-11,371819710.9511008,-21271774.26926508,-35810688.71520378
NATIVE,RAW_FACTOR_SORT,120,delta_cross_industry_degree_percentile_1m,30,0.0096091628140276,0.001629252253369,3.1983726085987487,-0.0079658655724271,-0.0112243700791653,1.4240913052391795e-10,1.0587498483316684e-21,371819710.9511008,-35542390.0153823,-50081304.46132101
NATIVE,RAW_FACTOR_SORT,120,delta_cross_industry_degree_percentile_1m,50,0.0096091628140276,0.001629252253369,3.1983726085987487,-0.0143626107896246,-0.0176211152963628,5.141687186109524e-32,1.0032854151987519e-53,371819710.9511008,-64083621.50761677,-78622535.95355551
NATIVE,RAW_FACTOR_SORT,120,delta_degree_percentile,10,-0.0457395022719224,-0.0114565050142777,1.2146027558464068,-0.012671107770124,0.0102419022584312,3.2717423216598243e-06,0.0001698239376882,285716328.70803934,-43444108.71292512,35115344.54718667
NATIVE,RAW_FACTOR_SORT,120,delta_degree_percentile,20,-0.0457395022719224,-0.0114565050142777,1.2146027558464068,-0.0138857105259704,0.0090272995025848,1.9911103449730178e-07,0.0006721262695857,285716328.70803934,-47608490.795794345,30950962.464317437
NATIVE,RAW_FACTOR_SORT,120,delta_degree_percentile,30,-0.0457395022719224,-0.0114565050142777,1.2146027558464068,-0.0151003132818168,0.0078126967467384,3.2282838912606238e-09,0.0032207565710543,285716328.70803934,-51772872.87866356,26786580.38144822
NATIVE,RAW_FACTOR_SORT,120,delta_degree_percentile,50,-0.0457395022719224,-0.0114565050142777,1.2146027558464068,-0.0175295187935097,0.0053834912350456,2.3105532107682028e-12,0.0402649304423353,285716328.70803934,-60101637.044402,18457816.215709776
NATIVE,RAW_FACTOR_SORT,120,delta_residual_degree_percentile_1m,10,0.0075937511009348,0.0013282389937627,3.124989187310775,-0.001796750193548,-0.0044532281810735,0.4687642044842036,0.0122679314090346,362092891.62560505,-7807085.677327932,-19349787.22984259
NATIVE,RAW_FACTOR_SORT,120,delta_residual_degree_percentile_1m,20,0.0075937511009348,0.0013282389937627,3.124989187310775,-0.0049217393808587,-0.0075782173683843,0.0035376147193335,2.100468658049777e-06,362092891.62560505,-21385522.13091317,-32928223.683427837
NATIVE,RAW_FACTOR_SORT,120,delta_residual_degree_percentile_1m,30,0.0075937511009348,0.0013282389937627,3.124989187310775,-0.0080467285681695,-0.010703206555695,3.182564399094204e-07,2.8472536933329066e-12,362092891.62560505,-34963958.58449844,-46506660.13701313
NATIVE,RAW_FACTOR_SORT,120,delta_residual_degree_percentile_1m,50,0.0075937511009348,0.0013282389937627,3.124989187310775,-0.0142967069427911,-0.0169531849303166,2.3343373680667356e-20,5.311594266413856e-30,362092891.62560505,-62120831.49166897,-73663533.04418369
NATIVE,RAW_FACTOR_SORT,120,neighbor_jaccard_1m,10,0.0059050964807297,-2.6674093480723788e-05,2.398906670827793,-0.0024255807643085,-0.002372232577347,0.4687642044842036,0.4327809375114633,327926332.2992289,-9544941.644822994,-9335010.341402052
NATIVE,RAW_FACTOR_SORT,120,neighbor_jaccard_1m,20,0.0059050964807297,-2.6674093480723788e-05,2.398906670827793,-0.0048244874351363,-0.0047711392481748,0.0260384223478323,0.0280864548642098,327926332.2992289,-18984917.63793553,-18774986.334514573
NATIVE,RAW_FACTOR_SORT,120,neighbor_jaccard_1m,30,0.0059050964807297,-2.6674093480723788e-05,2.398906670827793,-0.0072233941059641,-0.0071700459190026,0.0004200002933962,0.0005944337525742,327926332.2992289,-28424893.631048035,-28214962.327627093
NATIVE,RAW_FACTOR_SORT,120,neighbor_jaccard_1m,50,0.0059050964807297,-2.6674093480723788e-05,2.398906670827793,-0.0120212074476196,-0.0119678592606582,1.635229646539149e-09,2.2841567180484733e-09,327926332.2992289,-47304845.61727312,-47094914.31385217
NATIVE,RAW_FACTOR_SORT,120,neighbor_retention_1m,10,0.0091963657277059,0.0010245455786906,2.686887303384188,-0.0016623417246935,-0.0037114328820748,0.500586209296906,0.0736282753448497,360844223.7272756,-7198156.910597974,-16070989.406978142
NATIVE,RAW_FACTOR_SORT,120,neighbor_retention_1m,20,0.0091963657277059,0.0010245455786906,2.686887303384188,-0.0043492290280777,-0.006398320185459,0.0242936666554783,0.0005301396324461,360844223.7272756,-18832730.06938603,-27705562.565766208
NATIVE,RAW_FACTOR_SORT,120,neighbor_retention_1m,30,0.0091963657277059,0.0010245455786906,2.686887303384188,-0.0070361163314619,-0.0090852074888432,0.0001296782263902,2.8436798639339217e-07,360844223.7272756,-30467303.228174105,-39340135.72455428
NATIVE,RAW_FACTOR_SORT,120,neighbor_retention_1m,50,0.0091963657277059,0.0010245455786906,2.686887303384188,-0.0124098909382302,-0.0144589820956115,2.9826942746204296e-12,5.253314014310465e-17,360844223.7272756,-53736449.54575025,-62609282.0421304
NATIVE,RAW_FACTOR_SORT,120,outside_community_degree_percentile,10,0.0081130883445,-0.0003008419567151,1.8234424494778976,-0.002124284406193,-0.0015226004927627,0.5736296731613757,0.8196901605916125,409848758.7490194,-10447623.925297204,-7488431.064353746
NATIVE,RAW_FACTOR_SORT,120,outside_community_degree_percentile,20,0.0081130883445,-0.0003008419567151,1.8234424494778976,-0.0039477268556709,-0.0033460429422406,0.247729074673045,0.3872641058185961,409848758.7490194,-19415651.42012262,-16456458.559179123
NATIVE,RAW_FACTOR_SORT,120,outside_community_degree_percentile,30,0.0081130883445,-0.0003008419567151,1.8234424494778976,-0.0057711693051487,-0.0051694853917185,0.0812576062368411,0.1427430607814051,409848758.7490194,-28383678.91494807,-25424486.054004576
NATIVE,RAW_FACTOR_SORT,120,outside_community_degree_percentile,50,0.0081130883445,-0.0003008419567151,1.8234424494778976,-0.0094180542041045,-0.0088163702906743,0.0037920835220913,0.0100981115876046,409848758.7490194,-46319733.90459894,-43360541.04365544
NATIVE,RAW_FACTOR_SORT,120,residual_degree_percentile,10,-0.0007973728428106,-0.0020733328156599,1.1880433919751998,-0.0032613762076351,0.0008852894236847,0.4687642044842036,0.841360543106573,0.0,-0.0,0.0
NATIVE,RAW_FACTOR_SORT,120,residual_degree_percentile,20,-0.0007973728428106,-0.0020733328156599,1.1880433919751998,-0.0044494195996103,-0.0003027539682904,0.1451826405548919,0.9390960256605796,0.0,-0.0,-0.0
NATIVE,RAW_FACTOR_SORT,120,residual_degree_percentile,30,-0.0007973728428106,-0.0020733328156599,1.1880433919751998,-0.0056374629915855,-0.0014907973602656,0.0436886417999669,0.5908916681987217,0.0,-0.0,-0.0
NATIVE,RAW_FACTOR_SORT,120,residual_degree_percentile,50,-0.0007973728428106,-0.0020733328156599,1.1880433919751998,-0.0080135497755359,-0.003866884144216,0.0032251951531174,0.1553332100480128,0.0,-0.0,-0.0
NATIVE,RAW_FACTOR_SORT,252,cross_industry_degree_percentile,10,0.0065997486100914,-0.0010021080907236,0.946578610351238,-0.0019486867010749,5.5529480372433424e-05,0.5677312327161976,0.9823561132295288,0.0,-0.0,0.0
NATIVE,RAW_FACTOR_SORT,252,cross_industry_degree_percentile,20,0.0065997486100914,-0.0010021080907236,0.946578610351238,-0.0028952653114261,-0.0008910491299788,0.2622050928397281,0.8143857975508882,0.0,-0.0,-0.0
NATIVE,RAW_FACTOR_SORT,252,cross_industry_degree_percentile,30,0.0065997486100914,-0.0010021080907236,0.946578610351238,-0.0038418439217773,-0.00183762774033,0.124258388175895,0.526927750501204,0.0,-0.0,-0.0
NATIVE,RAW_FACTOR_SORT,252,cross_industry_degree_percentile,50,0.0065997486100914,-0.0010021080907236,0.946578610351238,-0.0057350011424798,-0.0037307849610325,0.0199757086911859,0.1564545399441629,0.0,-0.0,-0.0
NATIVE,RAW_FACTOR_SORT,252,cross_industry_degree_ratio,10,0.0024752612279047,-0.0014789000615194,0.9018981315914072,-0.0023807981931109,0.000577001929928,0.4687642044842036,0.841360543106573,0.0,-0.0,0.0
NATIVE,RAW_FACTOR_SORT,252,cross_industry_degree_ratio,20,0.0024752612279047,-0.0014789000615194,0.9018981315914072,-0.0032826963247023,-0.0003248962016633,0.1168039965410204,0.9254507885169816,0.0,-0.0,-0.0
NATIVE,RAW_FACTOR_SORT,252,cross_industry_degree_ratio,30,0.0024752612279047,-0.0014789000615194,0.9018981315914072,-0.0041845944562937,-0.0012267943332547,0.0290941477973028,0.537478863189667,0.0,-0.0,-0.0
NATIVE,RAW_FACTOR_SORT,252,cross_industry_degree_ratio,50,0.0024752612279047,-0.0014789000615194,0.9018981315914072,-0.0059883907194765,-0.0030305905964375,0.0009937698503847,0.1136426132159793,0.0,-0.0,-0.0
NATIVE,RAW_FACTOR_SORT,252,delta_cross_industry_degree_percentile_1m,10,0.0040380967749256,0.0002463185410364,3.085740164568328,-0.0028394216235319,-0.0033320587056047,0.2464918793909292,0.0441727676364432,290055786.5782318,-9883088.069289418,-11597794.905348329
NATIVE,RAW_FACTOR_SORT,252,delta_cross_industry_degree_percentile_1m,20,0.0040380967749256,0.0002463185410364,3.085740164568328,-0.0059251617881002,-0.006417798870173,0.0001119416675441,1.5966597440299173e-05,290055786.5782318,-20623529.55660829,-22338236.392667204
NATIVE,RAW_FACTOR_SORT,252,delta_cross_industry_degree_percentile_1m,30,0.0040380967749256,0.0002463185410364,3.085740164568328,-0.0090109019526685,-0.0095035390347414,1.803099051152552e-10,2.879449892324849e-11,290055786.5782318,-31363971.04392716,-33078677.879986104
NATIVE,RAW_FACTOR_SORT,252,delta_cross_industry_degree_percentile_1m,50,0.0040380967749256,0.0002463185410364,3.085740164568328,-0.0151823822818052,-0.015675019363878,1.432813912157346e-28,8.02603190160631e-29,290055786.5782318,-52844854.01856492,-54559560.85462386
NATIVE,RAW_FACTOR_SORT,252,delta_degree_percentile,10,-0.0378819480280127,-0.0092062357633599,0.8173543305512816,-0.0100235900939112,0.0083888814328086,0.005636026272451,0.0175846702989954,0.0,-0.0,0.0
NATIVE,RAW_FACTOR_SORT,252,delta_degree_percentile,20,-0.0378819480280127,-0.0092062357633599,0.8173543305512816,-0.0108409444244625,0.0075715271022573,0.0007838228087973,0.0224733572018723,0.0,-0.0,0.0
NATIVE,RAW_FACTOR_SORT,252,delta_degree_percentile,30,-0.0378819480280127,-0.0092062357633599,0.8173543305512816,-0.0116582987550137,0.0067541727717061,0.000147723247697,0.0375742541107101,0.0,-0.0,0.0
NATIVE,RAW_FACTOR_SORT,252,delta_degree_percentile,50,-0.0378819480280127,-0.0092062357633599,0.8173543305512816,-0.0132930074161163,0.0051194641106035,7.1692377126002e-06,0.1097373441283866,0.0,-0.0,0.0
NATIVE,RAW_FACTOR_SORT,252,delta_residual_degree_percentile_1m,10,0.0032503059774762,9.965010908923604e-05,3.00318800715023,-0.0029035378980609,-0.0031028381162394,0.2464918793909292,0.0757702934617781,282248239.591858,-9834221.523791509,-10509247.152565202
NATIVE,RAW_FACTOR_SORT,252,delta_residual_degree_percentile_1m,20,0.0032503059774762,9.965010908923604e-05,3.00318800715023,-0.0059067259052112,-0.0061060261233896,0.0002656206628246,0.000119205676903,282248239.591858,-20005955.861969866,-20680981.49074358
NATIVE,RAW_FACTOR_SORT,252,delta_residual_degree_percentile_1m,30,0.0032503059774762,9.965010908923604e-05,3.00318800715023,-0.0089099139123614,-0.0091092141305399,3.2282838912606238e-09,2.6145431995697124e-09,282248239.591858,-30177690.20014821,-30852715.828921936
NATIVE,RAW_FACTOR_SORT,252,delta_residual_degree_percentile_1m,50,0.0032503059774762,9.965010908923604e-05,3.00318800715023,-0.0149162899266619,-0.0151155901448403,2.121462933383564e-24,8.321962849574504e-24,282248239.591858,-50521158.87650498,-51196184.50527871
NATIVE,RAW_FACTOR_SORT,252,neighbor_jaccard_1m,10,0.0155863774056648,0.0023888270693282,2.3498683378989664,3.895873142930809e-05,-0.0047386954072272,0.98224094214603,0.0237147499847943,237605086.87842828,111081.5131912042,-13511257.607095605
NATIVE,RAW_FACTOR_SORT,252,neighbor_jaccard_1m,20,0.0155863774056648,0.0023888270693282,2.3498683378989664,-0.0023109096064696,-0.0070885637451262,0.2181544081445291,0.00019429644737,237605086.87842828,-6589006.533760997,-20211345.65404782
NATIVE,RAW_FACTOR_SORT,252,neighbor_jaccard_1m,30,0.0155863774056648,0.0023888270693282,2.3498683378989664,-0.0046607779443686,-0.0094384320830251,0.0135218283031186,2.8436798639339217e-07,237605086.87842828,-13289094.580713203,-26911433.701000035
NATIVE,RAW_FACTOR_SORT,252,neighbor_jaccard_1m,50,0.0155863774056648,0.0023888270693282,2.3498683378989664,-0.0093605146201665,-0.0141381687588231,1.386561457541189e-07,5.2203513226843385e-15,237605086.87842828,-26689270.67461761,-40311609.79490446
NATIVE,RAW_FACTOR_SORT,252,neighbor_retention_1m,10,0.009472190816337,0.0008741317933777,2.668745700711749,-0.0017946139073339,-0.0035428774940895,0.4687642044842036,0.0441727676364432,262700288.6247061,-5657347.097118516,-11168579.283111516
NATIVE,RAW_FACTOR_SORT,252,neighbor_retention_1m,20,0.009472190816337,0.0008741317933777,2.668745700711749,-0.0044633596080457,-0.0062116231948012,0.0064886457341728,0.0001184973600802,262700288.6247061,-14070310.287233531,-19581542.47322653
NATIVE,RAW_FACTOR_SORT,252,neighbor_retention_1m,30,0.009472190816337,0.0008741317933777,2.668745700711749,-0.0071321053087574,-0.008880368895513,3.6209755043299166e-06,7.646168102705567e-09,262700288.6247061,-22483273.47734856,-27994505.66334157
NATIVE,RAW_FACTOR_SORT,252,neighbor_retention_1m,50,0.009472190816337,0.0008741317933777,2.668745700711749,-0.0124695967101809,-0.0142178602969365,6.450430616863757e-17,4.105634744977462e-21,262700288.6247061,-39309199.85757861,-44820432.04357164
NATIVE,RAW_FACTOR_SORT,252,outside_community_degree_percentile,10,0.0151832157211225,0.0011667139880299,1.409770535060029,-0.00024305654703,-0.00257648452309,0.97816432522257,0.6649328036441041,279929266.1027635,-816463.6899791138,-8654801.060084572
NATIVE,RAW_FACTOR_SORT,252,outside_community_degree_percentile,20,0.0151832157211225,0.0011667139880299,1.409770535060029,-0.00165282708209,-0.00398625505815,0.6192074991770615,0.3372189691915135,279929266.1027635,-5552096.065010951,-13390433.435116418
NATIVE,RAW_FACTOR_SORT,252,outside_community_degree_percentile,30,0.0151832157211225,0.0011667139880299,1.409770535060029,-0.0030625976171501,-0.00539602559321,0.3555567404673535,0.1427430607814051,279929266.1027635,-10287728.440042775,-18126065.81014825
NATIVE,RAW_FACTOR_SORT,252,outside_community_degree_percentile,50,0.0151832157211225,0.0011667139880299,1.409770535060029,-0.0058821386872701,-0.0082155666633301,0.0742049122976546,0.0228461467765117,279929266.1027635,-19758993.19010646,-27597330.560211923
NATIVE,RAW_FACTOR_SORT,252,residual_degree_percentile,10,0.0042294035744596,-0.001942297185074,0.8712005000477527,-0.0028134976851218,0.0010710966850263,0.4768135567353109,0.8355775113623161,0.0,-0.0,0.0
NATIVE,RAW_FACTOR_SORT,252,residual_degree_percentile,20,0.0042294035744596,-0.001942297185074,0.8712005000477527,-0.0036846981851695,0.0001998961849785,0.1951545029999152,0.9390960256605796,0.0,-0.0,0.0
NATIVE,RAW_FACTOR_SORT,252,residual_degree_percentile,30,0.0042294035744596,-0.001942297185074,0.8712005000477527,-0.0045558986852173,-0.0006713043150691,0.0812576062368411,0.7984505921733869,0.0,-0.0,-0.0
NATIVE,RAW_FACTOR_SORT,252,residual_degree_percentile,50,0.0042294035744596,-0.001942297185074,0.8712005000477527,-0.0062982996853128,-0.0024137053151646,0.0143100291168005,0.3634491339194503,0.0,-0.0,-0.0
