target,regime_type,sample_scope,factor_name,method,window,total_date_n,estimate_type,regime,estimate,hac_se,hac_t,regime_date_n,min_component_n,small_sample,p_nominal,q_bh
future_idio_vol_annualized,NETWORK,NATIVE,residual_degree_percentile,RAW_COMMON,60,100,REGIME_MEAN,LOW,-0.10910540773124064,0.01198995728822193,-9.099732810426099,33,33,False,,
future_idio_vol_annualized,NETWORK,NATIVE,residual_degree_percentile,RAW_COMMON,60,100,REGIME_MEAN,MEDIUM,-0.12107766973468279,0.017176895444390543,-7.0488680638865455,35,35,False,,
future_idio_vol_annualized,NETWORK,NATIVE,residual_degree_percentile,RAW_COMMON,60,100,REGIME_MEAN,HIGH,-0.1404862489999083,0.018544875015340148,-7.575475644009431,32,32,False,,
future_idio_vol_annualized,NETWORK,NATIVE,residual_degree_percentile,RAW_COMMON,60,100,HIGH_MINUS_LOW,HIGH_MINUS_LOW,-0.031380841268667664,0.022281669351105385,-1.4083702964163622,65,32,False,0.15902145000194995,0.4553381595498683
future_idio_vol_annualized,NETWORK,NATIVE,residual_degree_percentile,INDUSTRY_SIZE_COMMON,60,100,REGIME_MEAN,LOW,-0.11894128224284431,0.0076641166985925435,-15.519242062778998,33,33,False,,
future_idio_vol_annualized,NETWORK,NATIVE,residual_degree_percentile,INDUSTRY_SIZE_COMMON,60,100,REGIME_MEAN,MEDIUM,-0.12543306112490857,0.014975686239668653,-8.375780523008865,35,35,False,,
future_idio_vol_annualized,NETWORK,NATIVE,residual_degree_percentile,INDUSTRY_SIZE_COMMON,60,100,REGIME_MEAN,HIGH,-0.13143810349136978,0.015161322225542666,-8.669303477366418,32,32,False,,
future_idio_vol_annualized,NETWORK,NATIVE,residual_degree_percentile,INDUSTRY_SIZE_COMMON,60,100,HIGH_MINUS_LOW,HIGH_MINUS_LOW,-0.01249682124852547,0.016981867824681727,-0.7358920336408686,65,32,False,0.461796405748373,0.5762943495365749
future_idio_vol_annualized,NETWORK,NATIVE,residual_degree_percentile,FULL_CHARACTERISTIC_NEUTRAL,60,100,REGIME_MEAN,LOW,-0.06512911449849562,0.007049942635165294,-9.238247439579144,33,33,False,,
future_idio_vol_annualized,NETWORK,NATIVE,residual_degree_percentile,FULL_CHARACTERISTIC_NEUTRAL,60,100,REGIME_MEAN,MEDIUM,-0.06578436912741159,0.010844621583844874,-6.066082492487328,35,35,False,,
future_idio_vol_annualized,NETWORK,NATIVE,residual_degree_percentile,FULL_CHARACTERISTIC_NEUTRAL,60,100,REGIME_MEAN,HIGH,-0.07777645600597147,0.009156779644472793,-8.493865641172093,32,32,False,,
future_idio_vol_annualized,NETWORK,NATIVE,residual_degree_percentile,FULL_CHARACTERISTIC_NEUTRAL,60,100,HIGH_MINUS_LOW,HIGH_MINUS_LOW,-0.012647341507475846,0.011118935828480857,-1.1374597086062874,65,32,False,0.2553461588564888,0.4924533063660856
future_idio_vol_annualized,NETWORK,NATIVE,delta_degree_percentile,RAW_COMMON,60,100,REGIME_MEAN,LOW,0.13484523653024805,0.014011424954097521,9.623948811203082,33,33,False,,
future_idio_vol_annualized,NETWORK,NATIVE,delta_degree_percentile,RAW_COMMON,60,100,REGIME_MEAN,MEDIUM,0.14313130278650973,0.01732611359974934,8.261016064709423,35,35,False,,
future_idio_vol_annualized,NETWORK,NATIVE,delta_degree_percentile,RAW_COMMON,60,100,REGIME_MEAN,HIGH,0.08689577779276472,0.019901193678328603,4.366360088610657,32,32,False,,
future_idio_vol_annualized,NETWORK,NATIVE,delta_degree_percentile,RAW_COMMON,60,100,HIGH_MINUS_LOW,HIGH_MINUS_LOW,-0.047949458737483325,0.02444751791156848,-1.9613221641119571,65,32,False,0.049841453366849545,0.33944900512433285
future_idio_vol_annualized,NETWORK,NATIVE,delta_degree_percentile,INDUSTRY_SIZE_COMMON,60,100,REGIME_MEAN,LOW,0.12860824453099293,0.010292617962693245,12.495192670819806,33,33,False,,
future_idio_vol_annualized,NETWORK,NATIVE,delta_degree_percentile,INDUSTRY_SIZE_COMMON,60,100,REGIME_MEAN,MEDIUM,0.15904092123652913,0.01170689240739648,13.585238140229784,35,35,False,,
future_idio_vol_annualized,NETWORK,NATIVE,delta_degree_percentile,INDUSTRY_SIZE_COMMON,60,100,REGIME_MEAN,HIGH,0.11029691833110178,0.015414733309972081,7.155292025697819,32,32,False,,
future_idio_vol_annualized,NETWORK,NATIVE,delta_degree_percentile,INDUSTRY_SIZE_COMMON,60,100,HIGH_MINUS_LOW,HIGH_MINUS_LOW,-0.018311326199891148,0.018461090692066754,-0.9918875599132415,65,32,False,0.3212523781996827,0.5421133882119646
future_idio_vol_annualized,NETWORK,NATIVE,delta_degree_percentile,FULL_CHARACTERISTIC_NEUTRAL,60,100,REGIME_MEAN,LOW,-0.002337220219674546,0.007066880788358466,-0.3307286891728434,33,33,False,,
future_idio_vol_annualized,NETWORK,NATIVE,delta_degree_percentile,FULL_CHARACTERISTIC_NEUTRAL,60,100,REGIME_MEAN,MEDIUM,0.01275555120801225,0.009339956226140662,1.3656971081204883,35,35,False,,
future_idio_vol_annualized,NETWORK,NATIVE,delta_degree_percentile,FULL_CHARACTERISTIC_NEUTRAL,60,100,REGIME_MEAN,HIGH,0.013753207328824953,0.00766083884421265,1.7952612773227514,32,32,False,,
future_idio_vol_annualized,NETWORK,NATIVE,delta_degree_percentile,FULL_CHARACTERISTIC_NEUTRAL,60,100,HIGH_MINUS_LOW,HIGH_MINUS_LOW,0.0160904275484995,0.010477161380601332,1.5357621176181593,65,32,False,0.12459673386681336,0.3187278795485644
future_idio_vol_annualized,NETWORK,NATIVE,cross_industry_degree_percentile,RAW_COMMON,60,100,REGIME_MEAN,LOW,-0.13340364321393222,0.010842429213361515,-12.303851894143254,33,33,False,,
future_idio_vol_annualized,NETWORK,NATIVE,cross_industry_degree_percentile,RAW_COMMON,60,100,REGIME_MEAN,MEDIUM,-0.14273145992570324,0.01634394232574481,-8.732988472485864,35,35,False,,
future_idio_vol_annualized,NETWORK,NATIVE,cross_industry_degree_percentile,RAW_COMMON,60,100,REGIME_MEAN,HIGH,-0.14942283158837205,0.01841733772680274,-8.113161294257916,32,32,False,,
future_idio_vol_annualized,NETWORK,NATIVE,cross_industry_degree_percentile,RAW_COMMON,60,100,HIGH_MINUS_LOW,HIGH_MINUS_LOW,-0.01601918837443983,0.021685926531396543,-0.7386905213041048,65,32,False,0.460094942805723,0.6538191292502379
future_idio_vol_annualized,NETWORK,NATIVE,cross_industry_degree_percentile,INDUSTRY_SIZE_COMMON,60,100,REGIME_MEAN,LOW,-0.11725877542878885,0.007220251332664665,-16.24026228814309,33,33,False,,
future_idio_vol_annualized,NETWORK,NATIVE,cross_industry_degree_percentile,INDUSTRY_SIZE_COMMON,60,100,REGIME_MEAN,MEDIUM,-0.12425084945434278,0.014564763173305795,-8.530921373446631,35,35,False,,
future_idio_vol_annualized,NETWORK,NATIVE,cross_industry_degree_percentile,INDUSTRY_SIZE_COMMON,60,100,REGIME_MEAN,HIGH,-0.12932761535620782,0.014714965934313453,-8.788849116845867,32,32,False,,
future_idio_vol_annualized,NETWORK,NATIVE,cross_industry_degree_percentile,INDUSTRY_SIZE_COMMON,60,100,HIGH_MINUS_LOW,HIGH_MINUS_LOW,-0.012068839927418973,0.016418473332634125,-0.7350768663387468,65,32,False,0.4622926822912158,0.5762943495365749
future_idio_vol_annualized,NETWORK,NATIVE,cross_industry_degree_percentile,FULL_CHARACTERISTIC_NEUTRAL,60,100,REGIME_MEAN,LOW,-0.0674589698571362,0.0057402535964725014,-11.751914566734659,33,33,False,,
future_idio_vol_annualized,NETWORK,NATIVE,cross_industry_degree_percentile,FULL_CHARACTERISTIC_NEUTRAL,60,100,REGIME_MEAN,MEDIUM,-0.07296414000406065,0.010405633824616898,-7.0119842033502415,35,35,False,,
future_idio_vol_annualized,NETWORK,NATIVE,cross_industry_degree_percentile,FULL_CHARACTERISTIC_NEUTRAL,60,100,REGIME_MEAN,HIGH,-0.07942828095714466,0.009108527839431554,-8.72021059355972,32,32,False,,
future_idio_vol_annualized,NETWORK,NATIVE,cross_industry_degree_percentile,FULL_CHARACTERISTIC_NEUTRAL,60,100,HIGH_MINUS_LOW,HIGH_MINUS_LOW,-0.011969311100008456,0.010369075564816432,-1.1543276953850952,65,32,False,0.24836584610377427,0.4924533063660856
future_idio_vol_annualized,NETWORK,NATIVE,cross_industry_degree_ratio,RAW_COMMON,60,100,REGIME_MEAN,LOW,-0.036386624751680266,0.01279604079652907,-2.8435846157625684,33,33,False,,
future_idio_vol_annualized,NETWORK,NATIVE,cross_industry_degree_ratio,RAW_COMMON,60,100,REGIME_MEAN,MEDIUM,-0.031365133868237735,0.0117459929324898,-2.6702837340792835,35,35,False,,
future_idio_vol_annualized,NETWORK,NATIVE,cross_industry_degree_ratio,RAW_COMMON,60,100,REGIME_MEAN,HIGH,-0.01881780886669731,0.007741992482476207,-2.4306157503111656,32,32,False,,
future_idio_vol_annualized,NETWORK,NATIVE,cross_industry_degree_ratio,RAW_COMMON,60,100,HIGH_MINUS_LOW,HIGH_MINUS_LOW,0.017568815884982956,0.015159594559444307,1.1589238627782248,65,32,False,0.24648722109854182,0.47536821211861635
future_idio_vol_annualized,NETWORK,NATIVE,cross_industry_degree_ratio,INDUSTRY_SIZE_COMMON,60,100,REGIME_MEAN,LOW,0.02419434403837056,0.006593994621766782,3.669148282060317,33,33,False,,
future_idio_vol_annualized,NETWORK,NATIVE,cross_industry_degree_ratio,INDUSTRY_SIZE_COMMON,60,100,REGIME_MEAN,MEDIUM,0.013491865827283941,0.006322461641599418,2.133957719650293,35,35,False,,
future_idio_vol_annualized,NETWORK,NATIVE,cross_industry_degree_ratio,INDUSTRY_SIZE_COMMON,60,100,REGIME_MEAN,HIGH,0.0033982036212450097,0.007771275382061016,0.4372774678773221,32,32,False,,
future_idio_vol_annualized,NETWORK,NATIVE,cross_industry_degree_ratio,INDUSTRY_SIZE_COMMON,60,100,HIGH_MINUS_LOW,HIGH_MINUS_LOW,-0.02079614041712555,0.010089019810901989,-2.061264702310691,65,32,False,0.03927779374403184,0.21210008621777193
future_idio_vol_annualized,NETWORK,NATIVE,cross_industry_degree_ratio,FULL_CHARACTERISTIC_NEUTRAL,60,100,REGIME_MEAN,LOW,0.01638230260443267,0.008444786328922527,1.9399309782800498,33,33,False,,
future_idio_vol_annualized,NETWORK,NATIVE,cross_industry_degree_ratio,FULL_CHARACTERISTIC_NEUTRAL,60,100,REGIME_MEAN,MEDIUM,0.0014841714597142745,0.00741704616586801,0.20010276685942446,35,35,False,,
future_idio_vol_annualized,NETWORK,NATIVE,cross_industry_degree_ratio,FULL_CHARACTERISTIC_NEUTRAL,60,100,REGIME_MEAN,HIGH,0.005753904862245715,0.005977717623391248,0.962558826755259,32,32,False,,
future_idio_vol_annualized,NETWORK,NATIVE,cross_industry_degree_ratio,FULL_CHARACTERISTIC_NEUTRAL,60,100,HIGH_MINUS_LOW,HIGH_MINUS_LOW,-0.010628397742186954,0.010265494100539332,-1.0353517948667035,65,32,False,0.3005046492620411,0.5071015956296944
future_idio_vol_annualized,NETWORK,NATIVE,delta_residual_degree_percentile_1m,RAW_COMMON,60,100,REGIME_MEAN,LOW,-0.0050821654419369,0.009515196142774499,-0.5341104235456161,33,33,False,,
future_idio_vol_annualized,NETWORK,NATIVE,delta_residual_degree_percentile_1m,RAW_COMMON,60,100,REGIME_MEAN,MEDIUM,-0.023642222492030164,0.007875123990911849,-3.0021397147923086,35,35,False,,
future_idio_vol_annualized,NETWORK,NATIVE,delta_residual_degree_percentile_1m,RAW_COMMON,60,100,REGIME_MEAN,HIGH,-0.02856893581695394,0.0075545825086720045,-3.7816697063218627,32,32,False,,
future_idio_vol_annualized,NETWORK,NATIVE,delta_residual_degree_percentile_1m,RAW_COMMON,60,100,HIGH_MINUS_LOW,HIGH_MINUS_LOW,-0.02348677037501704,0.011886416336933462,-1.9759336800309582,65,32,False,0.04816228901843731,0.33944900512433285
future_idio_vol_annualized,NETWORK,NATIVE,delta_residual_degree_percentile_1m,INDUSTRY_SIZE_COMMON,60,100,REGIME_MEAN,LOW,-0.012782654871866625,0.0067782101310127066,-1.8858451751711653,33,33,False,,
future_idio_vol_annualized,NETWORK,NATIVE,delta_residual_degree_percentile_1m,INDUSTRY_SIZE_COMMON,60,100,REGIME_MEAN,MEDIUM,-0.026330674392168178,0.006804710627687878,-3.8694774594867503,35,35,False,,
future_idio_vol_annualized,NETWORK,NATIVE,delta_residual_degree_percentile_1m,INDUSTRY_SIZE_COMMON,60,100,REGIME_MEAN,HIGH,-0.026572146595599477,0.006451773849606205,-4.118579977384259,32,32,False,,
future_idio_vol_annualized,NETWORK,NATIVE,delta_residual_degree_percentile_1m,INDUSTRY_SIZE_COMMON,60,100,HIGH_MINUS_LOW,HIGH_MINUS_LOW,-0.013789491723732852,0.009019427213188425,-1.528865569597316,65,32,False,0.12629777324074282,0.4091986152789617
future_idio_vol_annualized,NETWORK,NATIVE,delta_residual_degree_percentile_1m,FULL_CHARACTERISTIC_NEUTRAL,60,100,REGIME_MEAN,LOW,-0.003877212262099483,0.006005520437736466,-0.6456080371880041,33,33,False,,
future_idio_vol_annualized,NETWORK,NATIVE,delta_residual_degree_percentile_1m,FULL_CHARACTERISTIC_NEUTRAL,60,100,REGIME_MEAN,MEDIUM,-0.01465583066146096,0.006069445698932644,-2.414690136207709,35,35,False,,
future_idio_vol_annualized,NETWORK,NATIVE,delta_residual_degree_percentile_1m,FULL_CHARACTERISTIC_NEUTRAL,60,100,REGIME_MEAN,HIGH,-0.008468239292642434,0.006277783732224885,-1.3489217937173565,32,32,False,,
future_idio_vol_annualized,NETWORK,NATIVE,delta_residual_degree_percentile_1m,FULL_CHARACTERISTIC_NEUTRAL,60,100,HIGH_MINUS_LOW,HIGH_MINUS_LOW,-0.004591027030542951,0.008442825797635715,-0.5437784860879871,65,32,False,0.5865939151665427,0.7919017854748327
future_idio_vol_annualized,NETWORK,NATIVE,delta_cross_industry_degree_percentile_1m,RAW_COMMON,60,100,REGIME_MEAN,LOW,-0.012115556791601215,0.00990267300357467,-1.2234632797859464,33,33,False,,
future_idio_vol_annualized,NETWORK,NATIVE,delta_cross_industry_degree_percentile_1m,RAW_COMMON,60,100,REGIME_MEAN,MEDIUM,-0.024083503720793764,0.007917022339628139,-3.04199011795702,35,35,False,,
future_idio_vol_annualized,NETWORK,NATIVE,delta_cross_industry_degree_percentile_1m,RAW_COMMON,60,100,REGIME_MEAN,HIGH,-0.03126889307544959,0.0082960146537343,-3.7691463167045476,32,32,False,,
future_idio_vol_annualized,NETWORK,NATIVE,delta_cross_industry_degree_percentile_1m,RAW_COMMON,60,100,HIGH_MINUS_LOW,HIGH_MINUS_LOW,-0.019153336283848375,0.012403546965004706,-1.5441821873926453,65,32,False,0.1225442027994027,0.4297604244417743
future_idio_vol_annualized,NETWORK,NATIVE,delta_cross_industry_degree_percentile_1m,INDUSTRY_SIZE_COMMON,60,100,REGIME_MEAN,LOW,-0.013193488558587688,0.006886994043511156,-1.9157107549727643,33,33,False,,
future_idio_vol_annualized,NETWORK,NATIVE,delta_cross_industry_degree_percentile_1m,INDUSTRY_SIZE_COMMON,60,100,REGIME_MEAN,MEDIUM,-0.022205853030552808,0.006522271713407913,-3.4046194341925324,35,35,False,,
future_idio_vol_annualized,NETWORK,NATIVE,delta_cross_industry_degree_percentile_1m,INDUSTRY_SIZE_COMMON,60,100,REGIME_MEAN,HIGH,-0.025858161654591885,0.006310247375794804,-4.097804747525438,32,32,False,,
future_idio_vol_annualized,NETWORK,NATIVE,delta_cross_industry_degree_percentile_1m,INDUSTRY_SIZE_COMMON,60,100,HIGH_MINUS_LOW,HIGH_MINUS_LOW,-0.012664673096004197,0.008908813280762444,-1.4215892394278933,65,32,False,0.1551455304066954,0.4091986152789617
future_idio_vol_annualized,NETWORK,NATIVE,delta_cross_industry_degree_percentile_1m,FULL_CHARACTERISTIC_NEUTRAL,60,100,REGIME_MEAN,LOW,-0.008180829321938298,0.006510203015910865,-1.2566166219309045,33,33,False,,
future_idio_vol_annualized,NETWORK,NATIVE,delta_cross_industry_degree_percentile_1m,FULL_CHARACTERISTIC_NEUTRAL,60,100,REGIME_MEAN,MEDIUM,-0.015627004753007302,0.006013981523770867,-2.598445753655876,35,35,False,,
future_idio_vol_annualized,NETWORK,NATIVE,delta_cross_industry_degree_percentile_1m,FULL_CHARACTERISTIC_NEUTRAL,60,100,REGIME_MEAN,HIGH,-0.009380109287232166,0.006253768517782524,-1.4999130940903753,32,32,False,,
future_idio_vol_annualized,NETWORK,NATIVE,delta_cross_industry_degree_percentile_1m,FULL_CHARACTERISTIC_NEUTRAL,60,100,HIGH_MINUS_LOW,HIGH_MINUS_LOW,-0.0011992799652938684,0.008767641520957336,-0.13678478555803447,65,32,False,0.8912009099649421,0.9254778680405167
future_idio_vol_annualized,NETWORK,NATIVE,neighbor_jaccard_1m,RAW_COMMON,60,100,REGIME_MEAN,LOW,-0.06156361688951035,0.010176306645781712,-6.049701432201803,33,33,False,,
future_idio_vol_annualized,NETWORK,NATIVE,neighbor_jaccard_1m,RAW_COMMON,60,100,REGIME_MEAN,MEDIUM,-0.05462581179985147,0.010830380980542759,-5.043757176962572,35,35,False,,
future_idio_vol_annualized,NETWORK,NATIVE,neighbor_jaccard_1m,RAW_COMMON,60,100,REGIME_MEAN,HIGH,-0.08007850674615435,0.01425355117395955,-5.618144262354308,32,32,False,,
future_idio_vol_annualized,NETWORK,NATIVE,neighbor_jaccard_1m,RAW_COMMON,60,100,HIGH_MINUS_LOW,HIGH_MINUS_LOW,-0.018514889856644005,0.01697457765133601,-1.09074229927522,65,32,False,0.2753862923718407,0.4956953262693133
future_idio_vol_annualized,NETWORK,NATIVE,neighbor_jaccard_1m,INDUSTRY_SIZE_COMMON,60,100,REGIME_MEAN,LOW,-0.07081781725997158,0.005913412233435274,-11.975795778206965,33,33,False,,
future_idio_vol_annualized,NETWORK,NATIVE,neighbor_jaccard_1m,INDUSTRY_SIZE_COMMON,60,100,REGIME_MEAN,MEDIUM,-0.06202717458638986,0.009178849550813228,-6.757619704192055,35,35,False,,
future_idio_vol_annualized,NETWORK,NATIVE,neighbor_jaccard_1m,INDUSTRY_SIZE_COMMON,60,100,REGIME_MEAN,HIGH,-0.06616371481315556,0.013160279912148194,-5.0275309685533465,32,32,False,,
future_idio_vol_annualized,NETWORK,NATIVE,neighbor_jaccard_1m,INDUSTRY_SIZE_COMMON,60,100,HIGH_MINUS_LOW,HIGH_MINUS_LOW,0.004654102446816022,0.01378316269612971,0.3376657846549897,65,32,False,0.7356150616966879,0.763907948685022
future_idio_vol_annualized,NETWORK,NATIVE,neighbor_jaccard_1m,FULL_CHARACTERISTIC_NEUTRAL,60,100,REGIME_MEAN,LOW,-0.07999894769019464,0.006302152869080181,-12.693907836270993,33,33,False,,
future_idio_vol_annualized,NETWORK,NATIVE,neighbor_jaccard_1m,FULL_CHARACTERISTIC_NEUTRAL,60,100,REGIME_MEAN,MEDIUM,-0.07016958068221583,0.006896967449699313,-10.173975909553556,35,35,False,,
future_idio_vol_annualized,NETWORK,NATIVE,neighbor_jaccard_1m,FULL_CHARACTERISTIC_NEUTRAL,60,100,REGIME_MEAN,HIGH,-0.0689586248566032,0.008615923036372068,-8.003625910479327,32,32,False,,
future_idio_vol_annualized,NETWORK,NATIVE,neighbor_jaccard_1m,FULL_CHARACTERISTIC_NEUTRAL,60,100,HIGH_MINUS_LOW,HIGH_MINUS_LOW,0.011040322833591437,0.010396563369515284,1.0619204097734622,65,32,False,0.2882718186864009,0.5071015956296944
future_idio_vol_annualized,NETWORK,NATIVE,neighbor_retention_1m,RAW_COMMON,60,100,REGIME_MEAN,LOW,-0.053460666336040685,0.009789499636787675,-5.461021330972056,33,33,False,,
future_idio_vol_annualized,NETWORK,NATIVE,neighbor_retention_1m,RAW_COMMON,60,100,REGIME_MEAN,MEDIUM,-0.06070707495966446,0.01086404580336267,-5.5878883482683985,35,35,False,,
future_idio_vol_annualized,NETWORK,NATIVE,neighbor_retention_1m,RAW_COMMON,60,100,REGIME_MEAN,HIGH,-0.08449783107061741,0.013883128642600677,-6.086368083584128,32,32,False,,
future_idio_vol_annualized,NETWORK,NATIVE,neighbor_retention_1m,RAW_COMMON,60,100,HIGH_MINUS_LOW,HIGH_MINUS_LOW,-0.031037164734576725,0.016550759902259446,-1.8752712816732753,65,32,False,0.060755412109061456,0.33944900512433285
future_idio_vol_annualized,NETWORK,NATIVE,neighbor_retention_1m,INDUSTRY_SIZE_COMMON,60,100,REGIME_MEAN,LOW,-0.06641081875086491,0.0057478073315072944,-11.55411358116095,33,33,False,,
future_idio_vol_annualized,NETWORK,NATIVE,neighbor_retention_1m,INDUSTRY_SIZE_COMMON,60,100,REGIME_MEAN,MEDIUM,-0.06592426141600106,0.009408640789213524,-7.006778438345687,35,35,False,,
future_idio_vol_annualized,NETWORK,NATIVE,neighbor_retention_1m,INDUSTRY_SIZE_COMMON,60,100,REGIME_MEAN,HIGH,-0.07148258381813258,0.01264446527355744,-5.653270602721297,32,32,False,,
future_idio_vol_annualized,NETWORK,NATIVE,neighbor_retention_1m,INDUSTRY_SIZE_COMMON,60,100,HIGH_MINUS_LOW,HIGH_MINUS_LOW,-0.0050717650672676695,0.013277524627892513,-0.3819812208529633,65,32,False,0.7024752939727663,0.7586733174905876
future_idio_vol_annualized,NETWORK,NATIVE,neighbor_retention_1m,FULL_CHARACTERISTIC_NEUTRAL,60,100,REGIME_MEAN,LOW,-0.07130457174437668,0.005593288860097961,-12.748236954657811,33,33,False,,
future_idio_vol_annualized,NETWORK,NATIVE,neighbor_retention_1m,FULL_CHARACTERISTIC_NEUTRAL,60,100,REGIME_MEAN,MEDIUM,-0.06611592845357431,0.006454592399419679,-10.24323835840024,35,35,False,,
future_idio_vol_annualized,NETWORK,NATIVE,neighbor_retention_1m,FULL_CHARACTERISTIC_NEUTRAL,60,100,REGIME_MEAN,HIGH,-0.06421495675540057,0.00888482466221553,-7.227487226448861,32,32,False,,
future_idio_vol_annualized,NETWORK,NATIVE,neighbor_retention_1m,FULL_CHARACTERISTIC_NEUTRAL,60,100,HIGH_MINUS_LOW,HIGH_MINUS_LOW,0.007089614988976117,0.010160697536694789,0.6977488468062719,65,32,False,0.4853342744025451,0.728094367220545
future_idio_vol_annualized,NETWORK,NATIVE,outside_community_degree_percentile,RAW_COMMON,60,100,REGIME_MEAN,LOW,-0.18392867309312935,0.009879172190327128,-18.617822379208775,33,33,False,,
future_idio_vol_annualized,NETWORK,NATIVE,outside_community_degree_percentile,RAW_COMMON,60,100,REGIME_MEAN,MEDIUM,-0.19326432926638792,0.016583041673461897,-11.654335378995754,35,35,False,,
future_idio_vol_annualized,NETWORK,NATIVE,outside_community_degree_percentile,RAW_COMMON,60,100,REGIME_MEAN,HIGH,-0.18942227575749546,0.016924882590049723,-11.191940313302874,32,32,False,,
future_idio_vol_annualized,NETWORK,NATIVE,outside_community_degree_percentile,RAW_COMMON,60,100,HIGH_MINUS_LOW,HIGH_MINUS_LOW,-0.005493602664366104,0.01930650785782347,-0.2845466774634731,65,32,False,0.7759914681908378,0.8386281210495361
future_idio_vol_annualized,NETWORK,NATIVE,outside_community_degree_percentile,INDUSTRY_SIZE_COMMON,60,100,REGIME_MEAN,LOW,-0.14965848249563823,0.008100139013304053,-18.476038775363243,33,33,False,,
future_idio_vol_annualized,NETWORK,NATIVE,outside_community_degree_percentile,INDUSTRY_SIZE_COMMON,60,100,REGIME_MEAN,MEDIUM,-0.16221537063943167,0.014607599124452173,-11.104861877534253,35,35,False,,
future_idio_vol_annualized,NETWORK,NATIVE,outside_community_degree_percentile,INDUSTRY_SIZE_COMMON,60,100,REGIME_MEAN,HIGH,-0.1628907276045911,0.01257154247867602,-12.95709956681036,32,32,False,,
future_idio_vol_annualized,NETWORK,NATIVE,outside_community_degree_percentile,INDUSTRY_SIZE_COMMON,60,100,HIGH_MINUS_LOW,HIGH_MINUS_LOW,-0.013232245108952878,0.01462485995619097,-0.9047775601674344,65,32,False,0.36558324200201464,0.5762943495365749
future_idio_vol_annualized,NETWORK,NATIVE,outside_community_degree_percentile,FULL_CHARACTERISTIC_NEUTRAL,60,100,REGIME_MEAN,LOW,-0.07798014750404084,0.004939692887676402,-15.786436379189997,33,33,False,,
future_idio_vol_annualized,NETWORK,NATIVE,outside_community_degree_percentile,FULL_CHARACTERISTIC_NEUTRAL,60,100,REGIME_MEAN,MEDIUM,-0.08565300684800345,0.008621225010008268,-9.935131811148645,35,35,False,,
future_idio_vol_annualized,NETWORK,NATIVE,outside_community_degree_percentile,FULL_CHARACTERISTIC_NEUTRAL,60,100,REGIME_MEAN,HIGH,-0.08821977554787094,0.00752422137658488,-11.724771392613178,32,32,False,,
future_idio_vol_annualized,NETWORK,NATIVE,outside_community_degree_percentile,FULL_CHARACTERISTIC_NEUTRAL,60,100,HIGH_MINUS_LOW,HIGH_MINUS_LOW,-0.010239628043830107,0.008729059888242978,-1.173050497410573,65,32,False,0.24077555606221998,0.4924533063660856
future_idio_vol_annualized,NETWORK,NATIVE,residual_degree_percentile,RAW_COMMON,120,97,REGIME_MEAN,LOW,-0.09384897924010813,0.016822483666265056,-5.57878260439676,19,19,False,,
future_idio_vol_annualized,NETWORK,NATIVE,residual_degree_percentile,RAW_COMMON,120,97,REGIME_MEAN,MEDIUM,-0.08114321173489564,0.017603997007092455,-4.609362959003227,38,38,False,,
future_idio_vol_annualized,NETWORK,NATIVE,residual_degree_percentile,RAW_COMMON,120,97,REGIME_MEAN,HIGH,-0.11305714355303753,0.017551383832908933,-6.441494564152532,40,40,False,,
future_idio_vol_annualized,NETWORK,NATIVE,residual_degree_percentile,RAW_COMMON,120,97,HIGH_MINUS_LOW,HIGH_MINUS_LOW,-0.019208164312929404,0.024190844199650383,-0.7940262090236193,59,19,False,0.4271801736531388,0.6538191292502379
future_idio_vol_annualized,NETWORK,NATIVE,residual_degree_percentile,INDUSTRY_SIZE_COMMON,120,97,REGIME_MEAN,LOW,-0.10331886494073783,0.013604256073576137,-7.594598659563346,19,19,False,,
future_idio_vol_annualized,NETWORK,NATIVE,residual_degree_percentile,INDUSTRY_SIZE_COMMON,120,97,REGIME_MEAN,MEDIUM,-0.10505944248777871,0.01402213415900179,-7.492400321981922,38,38,False,,
future_idio_vol_annualized,NETWORK,NATIVE,residual_degree_percentile,INDUSTRY_SIZE_COMMON,120,97,REGIME_MEAN,HIGH,-0.11463365975508079,0.014537529439778997,-7.885360454810779,40,40,False,,
future_idio_vol_annualized,NETWORK,NATIVE,residual_degree_percentile,INDUSTRY_SIZE_COMMON,120,97,HIGH_MINUS_LOW,HIGH_MINUS_LOW,-0.011314794814342957,0.019888384232718728,-0.5689147334416835,59,19,False,0.5694140062179347,0.668442529038445
future_idio_vol_annualized,NETWORK,NATIVE,residual_degree_percentile,FULL_CHARACTERISTIC_NEUTRAL,120,97,REGIME_MEAN,LOW,-0.05989607712792008,0.009837546653424852,-6.088517720733534,19,19,False,,
future_idio_vol_annualized,NETWORK,NATIVE,residual_degree_percentile,FULL_CHARACTERISTIC_NEUTRAL,120,97,REGIME_MEAN,MEDIUM,-0.0553713012864489,0.010698274220891705,-5.175722751462028,38,38,False,,
future_idio_vol_annualized,NETWORK,NATIVE,residual_degree_percentile,FULL_CHARACTERISTIC_NEUTRAL,120,97,REGIME_MEAN,HIGH,-0.055472677355801636,0.007104175256739753,-7.80846127116227,40,40,False,,
future_idio_vol_annualized,NETWORK,NATIVE,residual_degree_percentile,FULL_CHARACTERISTIC_NEUTRAL,120,97,HIGH_MINUS_LOW,HIGH_MINUS_LOW,0.004423399772118447,0.012130868383343492,0.36463999380226364,59,19,False,0.7153801566479472,0.8435287323023715
future_idio_vol_annualized,NETWORK,NATIVE,delta_degree_percentile,RAW_COMMON,120,97,REGIME_MEAN,LOW,0.13329428225866546,0.011854785972086996,11.243921448478032,19,19,False,,
future_idio_vol_annualized,NETWORK,NATIVE,delta_degree_percentile,RAW_COMMON,120,97,REGIME_MEAN,MEDIUM,0.16878398341175463,0.01751754174805967,9.635140925549669,38,38,False,,
future_idio_vol_annualized,NETWORK,NATIVE,delta_degree_percentile,RAW_COMMON,120,97,REGIME_MEAN,HIGH,0.10169562277435747,0.024162659409860152,4.208792627059012,40,40,False,,
future_idio_vol_annualized,NETWORK,NATIVE,delta_degree_percentile,RAW_COMMON,120,97,HIGH_MINUS_LOW,HIGH_MINUS_LOW,-0.031598659484308,0.026919847372807514,-1.173805298622409,59,19,False,0.24047302118743216,0.47536821211861635
future_idio_vol_annualized,NETWORK,NATIVE,delta_degree_percentile,INDUSTRY_SIZE_COMMON,120,97,REGIME_MEAN,LOW,0.12879704225402064,0.01305815949115643,9.863338117538522,19,19,False,,
future_idio_vol_annualized,NETWORK,NATIVE,delta_degree_percentile,INDUSTRY_SIZE_COMMON,120,97,REGIME_MEAN,MEDIUM,0.17300004347541498,0.01356809017259528,12.750508087338561,38,38,False,,
future_idio_vol_annualized,NETWORK,NATIVE,delta_degree_percentile,INDUSTRY_SIZE_COMMON,120,97,REGIME_MEAN,HIGH,0.1307116799795588,0.01713733105458878,7.627306700395378,40,40,False,,
future_idio_vol_annualized,NETWORK,NATIVE,delta_degree_percentile,INDUSTRY_SIZE_COMMON,120,97,HIGH_MINUS_LOW,HIGH_MINUS_LOW,0.0019146377255381541,0.021543038228450256,0.08887500942228461,59,19,False,0.9291812445337329,0.9291812445337329
future_idio_vol_annualized,NETWORK,NATIVE,delta_degree_percentile,FULL_CHARACTERISTIC_NEUTRAL,120,97,REGIME_MEAN,LOW,0.004706716180922289,0.00747693742714907,0.6294978695196789,19,19,False,,
future_idio_vol_annualized,NETWORK,NATIVE,delta_degree_percentile,FULL_CHARACTERISTIC_NEUTRAL,120,97,REGIME_MEAN,MEDIUM,0.03292309656328953,0.009309369381861004,3.5365549708919155,38,38,False,,
future_idio_vol_annualized,NETWORK,NATIVE,delta_degree_percentile,FULL_CHARACTERISTIC_NEUTRAL,120,97,REGIME_MEAN,HIGH,0.03275126864005762,0.006417671824730511,5.103294393124083,40,40,False,,
future_idio_vol_annualized,NETWORK,NATIVE,delta_degree_percentile,FULL_CHARACTERISTIC_NEUTRAL,120,97,HIGH_MINUS_LOW,HIGH_MINUS_LOW,0.028044552459135327,0.009853454731043744,2.846164439237715,59,19,False,0.004424933821187425,0.05973660658603024
future_idio_vol_annualized,NETWORK,NATIVE,cross_industry_degree_percentile,RAW_COMMON,120,97,REGIME_MEAN,LOW,-0.1137617968450589,0.021040891968356366,-5.4067002965533275,19,19,False,,
future_idio_vol_annualized,NETWORK,NATIVE,cross_industry_degree_percentile,RAW_COMMON,120,97,REGIME_MEAN,MEDIUM,-0.10476056057499791,0.01593062997389533,-6.576046317481696,38,38,False,,
future_idio_vol_annualized,NETWORK,NATIVE,cross_industry_degree_percentile,RAW_COMMON,120,97,REGIME_MEAN,HIGH,-0.12158748215989167,0.018056756608788877,-6.7336280149398835,40,40,False,,
future_idio_vol_annualized,NETWORK,NATIVE,cross_industry_degree_percentile,RAW_COMMON,120,97,HIGH_MINUS_LOW,HIGH_MINUS_LOW,-0.00782568531483277,0.02756753377075815,-0.28387324669331676,59,19,False,0.7765075194903112,0.8386281210495361
future_idio_vol_annualized,NETWORK,NATIVE,cross_industry_degree_percentile,INDUSTRY_SIZE_COMMON,120,97,REGIME_MEAN,LOW,-0.09570666926099514,0.012064822706740305,-7.932704158804281,19,19,False,,
future_idio_vol_annualized,NETWORK,NATIVE,cross_industry_degree_percentile,INDUSTRY_SIZE_COMMON,120,97,REGIME_MEAN,MEDIUM,-0.10641215955856556,0.012851394714189121,-8.28020319390523,38,38,False,,
future_idio_vol_annualized,NETWORK,NATIVE,cross_industry_degree_percentile,INDUSTRY_SIZE_COMMON,120,97,REGIME_MEAN,HIGH,-0.11159878755843827,0.015408107571388855,-7.242861398869309,40,40,False,,
future_idio_vol_annualized,NETWORK,NATIVE,cross_industry_degree_percentile,INDUSTRY_SIZE_COMMON,120,97,HIGH_MINUS_LOW,HIGH_MINUS_LOW,-0.015892118297443136,0.019529187862025066,-0.8137623750522524,59,19,False,0.41578109330177626,0.5762943495365749
future_idio_vol_annualized,NETWORK,NATIVE,cross_industry_degree_percentile,FULL_CHARACTERISTIC_NEUTRAL,120,97,REGIME_MEAN,LOW,-0.05656114742472453,0.008263096461277403,-6.845030514865933,19,19,False,,
future_idio_vol_annualized,NETWORK,NATIVE,cross_industry_degree_percentile,FULL_CHARACTERISTIC_NEUTRAL,120,97,REGIME_MEAN,MEDIUM,-0.06367884674897602,0.009291867279905676,-6.853180833381688,38,38,False,,
future_idio_vol_annualized,NETWORK,NATIVE,cross_industry_degree_percentile,FULL_CHARACTERISTIC_NEUTRAL,120,97,REGIME_MEAN,HIGH,-0.056541210190566994,0.007445891718315906,-7.593611662587453,40,40,False,,
future_idio_vol_annualized,NETWORK,NATIVE,cross_industry_degree_percentile,FULL_CHARACTERISTIC_NEUTRAL,120,97,HIGH_MINUS_LOW,HIGH_MINUS_LOW,1.993723415753823e-05,0.011118582431119222,0.0017931453295464126,59,19,False,0.9985692777929961,0.9985692777929961
future_idio_vol_annualized,NETWORK,NATIVE,cross_industry_degree_ratio,RAW_COMMON,120,97,REGIME_MEAN,LOW,-0.038211122264737066,0.014571787331403716,-2.6222673578544566,19,19,False,,
future_idio_vol_annualized,NETWORK,NATIVE,cross_industry_degree_ratio,RAW_COMMON,120,97,REGIME_MEAN,MEDIUM,-0.045866409775201136,0.012415636033333524,-3.6942456795655825,38,38,False,,
future_idio_vol_annualized,NETWORK,NATIVE,cross_industry_degree_ratio,RAW_COMMON,120,97,REGIME_MEAN,HIGH,-0.02800667370374003,0.011981356995758132,-2.3375210098201302,40,40,False,,
future_idio_vol_annualized,NETWORK,NATIVE,cross_industry_degree_ratio,RAW_COMMON,120,97,HIGH_MINUS_LOW,HIGH_MINUS_LOW,0.010204448560997035,0.018909656847332378,0.5396421861794174,59,19,False,0.5894438175602089,0.7578563368631257
future_idio_vol_annualized,NETWORK,NATIVE,cross_industry_degree_ratio,INDUSTRY_SIZE_COMMON,120,97,REGIME_MEAN,LOW,0.018547721075321225,0.008038140904822497,2.3074640386303114,19,19,False,,
future_idio_vol_annualized,NETWORK,NATIVE,cross_industry_degree_ratio,INDUSTRY_SIZE_COMMON,120,97,REGIME_MEAN,MEDIUM,0.0024361943396310425,0.008100393556075586,0.30075012069059404,38,38,False,,
future_idio_vol_annualized,NETWORK,NATIVE,cross_industry_degree_ratio,INDUSTRY_SIZE_COMMON,120,97,REGIME_MEAN,HIGH,-0.006509072079145186,0.008193833127721544,-0.7943867024974623,40,40,False,,
future_idio_vol_annualized,NETWORK,NATIVE,cross_industry_degree_ratio,INDUSTRY_SIZE_COMMON,120,97,HIGH_MINUS_LOW,HIGH_MINUS_LOW,-0.025056793154466413,0.011498326034622664,-2.1791687832661717,59,19,False,0.029319132025477347,0.19790414117197208
future_idio_vol_annualized,NETWORK,NATIVE,cross_industry_degree_ratio,FULL_CHARACTERISTIC_NEUTRAL,120,97,REGIME_MEAN,LOW,0.015219114907912215,0.007197526049812402,2.114492507923454,19,19,False,,
future_idio_vol_annualized,NETWORK,NATIVE,cross_industry_degree_ratio,FULL_CHARACTERISTIC_NEUTRAL,120,97,REGIME_MEAN,MEDIUM,-0.0043162219831883175,0.006537842750224548,-0.660190547262715,38,38,False,,
future_idio_vol_annualized,NETWORK,NATIVE,cross_industry_degree_ratio,FULL_CHARACTERISTIC_NEUTRAL,120,97,REGIME_MEAN,HIGH,-0.00170221661732318,0.00655804943383018,-0.25956141906191965,40,40,False,,
future_idio_vol_annualized,NETWORK,NATIVE,cross_industry_degree_ratio,FULL_CHARACTERISTIC_NEUTRAL,120,97,HIGH_MINUS_LOW,HIGH_MINUS_LOW,-0.016921331525235395,0.009772984502959915,-1.7314395126801316,59,19,False,0.08337340441020703,0.3132599338010259
future_idio_vol_annualized,NETWORK,NATIVE,delta_residual_degree_percentile_1m,RAW_COMMON,120,97,REGIME_MEAN,LOW,-0.010304292645696548,0.015741341101579397,-0.6546006835886857,19,19,False,,
future_idio_vol_annualized,NETWORK,NATIVE,delta_residual_degree_percentile_1m,RAW_COMMON,120,97,REGIME_MEAN,MEDIUM,-0.025372736877066242,0.011308970794697561,-2.2435938104078192,38,38,False,,
future_idio_vol_annualized,NETWORK,NATIVE,delta_residual_degree_percentile_1m,RAW_COMMON,120,97,REGIME_MEAN,HIGH,-0.028008629366393707,0.01035229552848182,-2.70554770092631,40,40,False,,
future_idio_vol_annualized,NETWORK,NATIVE,delta_residual_degree_percentile_1m,RAW_COMMON,120,97,HIGH_MINUS_LOW,HIGH_MINUS_LOW,-0.01770433672069716,0.01885657495938134,-0.9388946168025636,59,19,False,0.34778485335530207,0.5868869400370722
future_idio_vol_annualized,NETWORK,NATIVE,delta_residual_degree_percentile_1m,INDUSTRY_SIZE_COMMON,120,97,REGIME_MEAN,LOW,-0.017698857386989238,0.012476744126856402,-1.4185477562926172,19,19,False,,
future_idio_vol_annualized,NETWORK,NATIVE,delta_residual_degree_percentile_1m,INDUSTRY_SIZE_COMMON,120,97,REGIME_MEAN,MEDIUM,-0.029141708939111846,0.007941502287280817,-3.669546124262342,38,38,False,,
future_idio_vol_annualized,NETWORK,NATIVE,delta_residual_degree_percentile_1m,INDUSTRY_SIZE_COMMON,120,97,REGIME_MEAN,HIGH,-0.030595537705765005,0.008990645569705802,-3.4030412464325597,40,40,False,,
future_idio_vol_annualized,NETWORK,NATIVE,delta_residual_degree_percentile_1m,INDUSTRY_SIZE_COMMON,120,97,HIGH_MINUS_LOW,HIGH_MINUS_LOW,-0.012896680318775767,0.015374514798620443,-0.8388349478146125,59,19,False,0.40156193645619026,0.5762943495365749
future_idio_vol_annualized,NETWORK,NATIVE,delta_residual_degree_percentile_1m,FULL_CHARACTERISTIC_NEUTRAL,120,97,REGIME_MEAN,LOW,0.0009697999416847418,0.005716479103123111,0.16964987087154862,19,19,False,,
future_idio_vol_annualized,NETWORK,NATIVE,delta_residual_degree_percentile_1m,FULL_CHARACTERISTIC_NEUTRAL,120,97,REGIME_MEAN,MEDIUM,0.000443314092831088,0.005738452937225455,0.07725324188951711,38,38,False,,
future_idio_vol_annualized,NETWORK,NATIVE,delta_residual_degree_percentile_1m,FULL_CHARACTERISTIC_NEUTRAL,120,97,REGIME_MEAN,HIGH,0.0037200986783878674,0.005738597616906758,0.6482591961889619,40,40,False,,
future_idio_vol_annualized,NETWORK,NATIVE,delta_residual_degree_percentile_1m,FULL_CHARACTERISTIC_NEUTRAL,120,97,HIGH_MINUS_LOW,HIGH_MINUS_LOW,0.0027502987367031256,0.008041375365369082,0.3420184497974735,59,19,False,0.7323370077062591,0.8435287323023715
future_idio_vol_annualized,NETWORK,NATIVE,delta_cross_industry_degree_percentile_1m,RAW_COMMON,120,97,REGIME_MEAN,LOW,-0.021457026033771847,0.015376644412645885,-1.3954296827027752,19,19,False,,
future_idio_vol_annualized,NETWORK,NATIVE,delta_cross_industry_degree_percentile_1m,RAW_COMMON,120,97,REGIME_MEAN,MEDIUM,-0.02817815646277154,0.01000278871660219,-2.817030056428431,38,38,False,,
future_idio_vol_annualized,NETWORK,NATIVE,delta_cross_industry_degree_percentile_1m,RAW_COMMON,120,97,REGIME_MEAN,HIGH,-0.03204857659699807,0.009498370418146303,-3.374113156902198,40,40,False,,
future_idio_vol_annualized,NETWORK,NATIVE,delta_cross_industry_degree_percentile_1m,RAW_COMMON,120,97,HIGH_MINUS_LOW,HIGH_MINUS_LOW,-0.010591550563226224,0.018078579297541898,-0.5858618859871546,59,19,False,0.5579683319187843,0.7532572480903588
future_idio_vol_annualized,NETWORK,NATIVE,delta_cross_industry_degree_percentile_1m,INDUSTRY_SIZE_COMMON,120,97,REGIME_MEAN,LOW,-0.022527654496732587,0.011100468219544139,-2.0294328177138574,19,19,False,,
future_idio_vol_annualized,NETWORK,NATIVE,delta_cross_industry_degree_percentile_1m,INDUSTRY_SIZE_COMMON,120,97,REGIME_MEAN,MEDIUM,-0.027559826732787708,0.006997802671501395,-3.9383543701546935,38,38,False,,
future_idio_vol_annualized,NETWORK,NATIVE,delta_cross_industry_degree_percentile_1m,INDUSTRY_SIZE_COMMON,120,97,REGIME_MEAN,HIGH,-0.029774563602793572,0.00845177060824028,-3.522878812371465,40,40,False,,
future_idio_vol_annualized,NETWORK,NATIVE,delta_cross_industry_degree_percentile_1m,INDUSTRY_SIZE_COMMON,120,97,HIGH_MINUS_LOW,HIGH_MINUS_LOW,-0.007246909106060986,0.013950853753104377,-0.5194599007568541,59,19,False,0.6034400690273838,0.6788700776558066
future_idio_vol_annualized,NETWORK,NATIVE,delta_cross_industry_degree_percentile_1m,FULL_CHARACTERISTIC_NEUTRAL,120,97,REGIME_MEAN,LOW,-0.002336304458360563,0.0060176728192221415,-0.3882405256227538,19,19,False,,
future_idio_vol_annualized,NETWORK,NATIVE,delta_cross_industry_degree_percentile_1m,FULL_CHARACTERISTIC_NEUTRAL,120,97,REGIME_MEAN,MEDIUM,-0.0052899792814543635,0.004908472876113535,-1.0777240528713894,38,38,False,,
future_idio_vol_annualized,NETWORK,NATIVE,delta_cross_industry_degree_percentile_1m,FULL_CHARACTERISTIC_NEUTRAL,120,97,REGIME_MEAN,HIGH,0.0006561943889712293,0.005963211107285876,0.11004044250076746,40,40,False,,
future_idio_vol_annualized,NETWORK,NATIVE,delta_cross_industry_degree_percentile_1m,FULL_CHARACTERISTIC_NEUTRAL,120,97,HIGH_MINUS_LOW,HIGH_MINUS_LOW,0.002992498847331792,0.008420711542082002,0.3553736323085001,59,19,False,0.7223096997442451,0.8435287323023715
future_idio_vol_annualized,NETWORK,NATIVE,neighbor_jaccard_1m,RAW_COMMON,120,97,REGIME_MEAN,LOW,-0.0944363300251404,0.011130339042423394,-8.484587007205748,19,19,False,,
future_idio_vol_annualized,NETWORK,NATIVE,neighbor_jaccard_1m,RAW_COMMON,120,97,REGIME_MEAN,MEDIUM,-0.04183367303044336,0.014259600544856596,-2.9337198401067877,38,38,False,,
future_idio_vol_annualized,NETWORK,NATIVE,neighbor_jaccard_1m,RAW_COMMON,120,97,REGIME_MEAN,HIGH,-0.08237347984456538,0.011847946846755235,-6.952553122495209,40,40,False,,
future_idio_vol_annualized,NETWORK,NATIVE,neighbor_jaccard_1m,RAW_COMMON,120,97,HIGH_MINUS_LOW,HIGH_MINUS_LOW,0.012062850180575027,0.016247116023240332,0.7424610105153423,59,19,False,0.4578080663241591,0.6538191292502379
future_idio_vol_annualized,NETWORK,NATIVE,neighbor_jaccard_1m,INDUSTRY_SIZE_COMMON,120,97,REGIME_MEAN,LOW,-0.09762893166816902,0.008179634585051877,-11.935610405700029,19,19,False,,
future_idio_vol_annualized,NETWORK,NATIVE,neighbor_jaccard_1m,INDUSTRY_SIZE_COMMON,120,97,REGIME_MEAN,MEDIUM,-0.05586212489789019,0.012733574696052356,-4.386994715255292,38,38,False,,
future_idio_vol_annualized,NETWORK,NATIVE,neighbor_jaccard_1m,INDUSTRY_SIZE_COMMON,120,97,REGIME_MEAN,HIGH,-0.06835328093066088,0.009541163925305407,-7.164040096761354,40,40,False,,
future_idio_vol_annualized,NETWORK,NATIVE,neighbor_jaccard_1m,INDUSTRY_SIZE_COMMON,120,97,HIGH_MINUS_LOW,HIGH_MINUS_LOW,0.029275650737508138,0.012560216721389121,2.3308236941209675,59,19,False,0.01976265819108691,0.19790414117197208
future_idio_vol_annualized,NETWORK,NATIVE,neighbor_jaccard_1m,FULL_CHARACTERISTIC_NEUTRAL,120,97,REGIME_MEAN,LOW,-0.05806860859259354,0.0059184285159826966,-9.811491080069558,19,19,False,,
future_idio_vol_annualized,NETWORK,NATIVE,neighbor_jaccard_1m,FULL_CHARACTERISTIC_NEUTRAL,120,97,REGIME_MEAN,MEDIUM,-0.04171053702852859,0.00815357855838648,-5.1156111061966305,38,38,False,,
future_idio_vol_annualized,NETWORK,NATIVE,neighbor_jaccard_1m,FULL_CHARACTERISTIC_NEUTRAL,120,97,REGIME_MEAN,HIGH,-0.04397831635932018,0.00592689601874921,-7.420126187501633,40,40,False,,
future_idio_vol_annualized,NETWORK,NATIVE,neighbor_jaccard_1m,FULL_CHARACTERISTIC_NEUTRAL,120,97,HIGH_MINUS_LOW,HIGH_MINUS_LOW,0.014090292233273356,0.00838349718953032,1.6807177141861434,59,19,False,0.09281775816326693,0.3132599338010259
future_idio_vol_annualized,NETWORK,NATIVE,neighbor_retention_1m,RAW_COMMON,120,97,REGIME_MEAN,LOW,-0.08398091462496629,0.00753914854397557,-11.139310246390394,19,19,False,,
future_idio_vol_annualized,NETWORK,NATIVE,neighbor_retention_1m,RAW_COMMON,120,97,REGIME_MEAN,MEDIUM,-0.04483136724060139,0.01563383943321374,-2.8675852423914603,38,38,False,,
future_idio_vol_annualized,NETWORK,NATIVE,neighbor_retention_1m,RAW_COMMON,120,97,REGIME_MEAN,HIGH,-0.07696791049092624,0.013336488247720293,-5.771227707120198,40,40,False,,
future_idio_vol_annualized,NETWORK,NATIVE,neighbor_retention_1m,RAW_COMMON,120,97,HIGH_MINUS_LOW,HIGH_MINUS_LOW,0.007013004134040046,0.015320000557438021,0.45776787721036727,59,19,False,0.6471192163835096,0.7941917655615799
future_idio_vol_annualized,NETWORK,NATIVE,neighbor_retention_1m,INDUSTRY_SIZE_COMMON,120,97,REGIME_MEAN,LOW,-0.09230114345598203,0.005435909235615417,-16.979890475587073,19,19,False,,
future_idio_vol_annualized,NETWORK,NATIVE,neighbor_retention_1m,INDUSTRY_SIZE_COMMON,120,97,REGIME_MEAN,MEDIUM,-0.06114301607560876,0.013015550168768897,-4.697689708293914,38,38,False,,
future_idio_vol_annualized,NETWORK,NATIVE,neighbor_retention_1m,INDUSTRY_SIZE_COMMON,120,97,REGIME_MEAN,HIGH,-0.06590508097640906,0.010370993649562165,-6.354750875697565,40,40,False,,
future_idio_vol_annualized,NETWORK,NATIVE,neighbor_retention_1m,INDUSTRY_SIZE_COMMON,120,97,HIGH_MINUS_LOW,HIGH_MINUS_LOW,0.026396062479572976,0.011707951321335331,2.2545415295220423,59,19,False,0.024162121110825996,0.19790414117197208
future_idio_vol_annualized,NETWORK,NATIVE,neighbor_retention_1m,FULL_CHARACTERISTIC_NEUTRAL,120,97,REGIME_MEAN,LOW,-0.04729716931915015,0.004419809268072292,-10.701178818012412,19,19,False,,
future_idio_vol_annualized,NETWORK,NATIVE,neighbor_retention_1m,FULL_CHARACTERISTIC_NEUTRAL,120,97,REGIME_MEAN,MEDIUM,-0.03440600789849322,0.007443678812893557,-4.622177926175013,38,38,False,,
future_idio_vol_annualized,NETWORK,NATIVE,neighbor_retention_1m,FULL_CHARACTERISTIC_NEUTRAL,120,97,REGIME_MEAN,HIGH,-0.029180275665445024,0.005901631672280888,-4.944442026516254,40,40,False,,
future_idio_vol_annualized,NETWORK,NATIVE,neighbor_retention_1m,FULL_CHARACTERISTIC_NEUTRAL,120,97,HIGH_MINUS_LOW,HIGH_MINUS_LOW,0.018116893653705127,0.0073735441613885875,2.4570129719401246,59,19,False,0.014009762780246494,0.12608786502221844
future_idio_vol_annualized,NETWORK,NATIVE,outside_community_degree_percentile,RAW_COMMON,120,97,REGIME_MEAN,LOW,-0.1626654359217944,0.017505751795826134,-9.292113690345959,19,19,False,,
future_idio_vol_annualized,NETWORK,NATIVE,outside_community_degree_percentile,RAW_COMMON,120,97,REGIME_MEAN,MEDIUM,-0.18304187576550618,0.018130066388767147,-10.096040016649553,38,38,False,,
future_idio_vol_annualized,NETWORK,NATIVE,outside_community_degree_percentile,RAW_COMMON,120,97,REGIME_MEAN,HIGH,-0.17029016805577255,0.016067980725602223,-10.598106318638873,40,40,False,,
future_idio_vol_annualized,NETWORK,NATIVE,outside_community_degree_percentile,RAW_COMMON,120,97,HIGH_MINUS_LOW,HIGH_MINUS_LOW,-0.007624732133978157,0.023441819554829005,-0.3252619582769319,59,19,False,0.7449828197207923,0.8386281210495361
future_idio_vol_annualized,NETWORK,NATIVE,outside_community_degree_percentile,INDUSTRY_SIZE_COMMON,120,97,REGIME_MEAN,LOW,-0.13988973636062665,0.010630558011446897,-13.15920916004546,19,19,False,,
future_idio_vol_annualized,NETWORK,NATIVE,outside_community_degree_percentile,INDUSTRY_SIZE_COMMON,120,97,REGIME_MEAN,MEDIUM,-0.16216865836613883,0.013785151794976044,-11.76400962267537,38,38,False,,
future_idio_vol_annualized,NETWORK,NATIVE,outside_community_degree_percentile,INDUSTRY_SIZE_COMMON,120,97,REGIME_MEAN,HIGH,-0.15285471204509174,0.014562188604012016,-10.4966853679521,40,40,False,,
future_idio_vol_annualized,NETWORK,NATIVE,outside_community_degree_percentile,INDUSTRY_SIZE_COMMON,120,97,HIGH_MINUS_LOW,HIGH_MINUS_LOW,-0.012964975684465085,0.0179278860081668,-0.7231737014926952,59,19,False,0.46957317369646845,0.5762943495365749
future_idio_vol_annualized,NETWORK,NATIVE,outside_community_degree_percentile,FULL_CHARACTERISTIC_NEUTRAL,120,97,REGIME_MEAN,LOW,-0.07687189465737931,0.00812328686524409,-9.463151545993009,19,19,False,,
future_idio_vol_annualized,NETWORK,NATIVE,outside_community_degree_percentile,FULL_CHARACTERISTIC_NEUTRAL,120,97,REGIME_MEAN,MEDIUM,-0.09321450816587967,0.008468748621472844,-11.006880984698334,38,38,False,,
future_idio_vol_annualized,NETWORK,NATIVE,outside_community_degree_percentile,FULL_CHARACTERISTIC_NEUTRAL,120,97,REGIME_MEAN,HIGH,-0.07329749190198909,0.008506989693195917,-8.616149136822639,40,40,False,,
future_idio_vol_annualized,NETWORK,NATIVE,outside_community_degree_percentile,FULL_CHARACTERISTIC_NEUTRAL,120,97,HIGH_MINUS_LOW,HIGH_MINUS_LOW,0.003574402755390227,0.011735130216294819,0.304589952519401,59,19,False,0.7606784733529297,0.8435287323023715
future_idio_vol_annualized,NETWORK,NATIVE,residual_degree_percentile,RAW_COMMON,252,91,REGIME_MEAN,LOW,-0.04993017417483583,0.02126123191535115,-2.34841397589878,28,28,False,,
future_idio_vol_annualized,NETWORK,NATIVE,residual_degree_percentile,RAW_COMMON,252,91,REGIME_MEAN,MEDIUM,-0.055200558837573646,0.016450438005255093,-3.3555677253055407,18,18,False,,
future_idio_vol_annualized,NETWORK,NATIVE,residual_degree_percentile,RAW_COMMON,252,91,REGIME_MEAN,HIGH,-0.0980484416997365,0.01750456156987535,-5.601308053808896,45,45,False,,
future_idio_vol_annualized,NETWORK,NATIVE,residual_degree_percentile,RAW_COMMON,252,91,HIGH_MINUS_LOW,HIGH_MINUS_LOW,-0.04811826752490068,0.027065853907646,-1.777821889126042,73,28,False,0.07543311224985175,0.33944900512433285
future_idio_vol_annualized,NETWORK,NATIVE,residual_degree_percentile,INDUSTRY_SIZE_COMMON,252,91,REGIME_MEAN,LOW,-0.07650840374615284,0.01831778752397582,-4.176727328342048,28,28,False,,
future_idio_vol_annualized,NETWORK,NATIVE,residual_degree_percentile,INDUSTRY_SIZE_COMMON,252,91,REGIME_MEAN,MEDIUM,-0.09999362269762738,0.01697100275151545,-5.892027958613012,18,18,False,,
future_idio_vol_annualized,NETWORK,NATIVE,residual_degree_percentile,INDUSTRY_SIZE_COMMON,252,91,REGIME_MEAN,HIGH,-0.1059629284353002,0.012188031853442721,-8.694014727682971,45,45,False,,
future_idio_vol_annualized,NETWORK,NATIVE,residual_degree_percentile,INDUSTRY_SIZE_COMMON,252,91,HIGH_MINUS_LOW,HIGH_MINUS_LOW,-0.02945452468914736,0.021507781129077332,-1.3694822591125622,73,28,False,0.17084857664856068,0.4091986152789617
future_idio_vol_annualized,NETWORK,NATIVE,residual_degree_percentile,FULL_CHARACTERISTIC_NEUTRAL,252,91,REGIME_MEAN,LOW,-0.04419074157234415,0.015855027572926242,-2.7871753214610275,28,28,False,,
future_idio_vol_annualized,NETWORK,NATIVE,residual_degree_percentile,FULL_CHARACTERISTIC_NEUTRAL,252,91,REGIME_MEAN,MEDIUM,-0.046773329079530135,0.00939591925509097,-4.97804715107434,18,18,False,,
future_idio_vol_annualized,NETWORK,NATIVE,residual_degree_percentile,FULL_CHARACTERISTIC_NEUTRAL,252,91,REGIME_MEAN,HIGH,-0.0491111217435213,0.007148163359466241,-6.870453188298213,45,45,False,,
future_idio_vol_annualized,NETWORK,NATIVE,residual_degree_percentile,FULL_CHARACTERISTIC_NEUTRAL,252,91,HIGH_MINUS_LOW,HIGH_MINUS_LOW,-0.004920380171177151,0.01770192699388624,-0.277957319159463,73,28,False,0.7810451225021958,0.8435287323023715
future_idio_vol_annualized,NETWORK,NATIVE,delta_degree_percentile,RAW_COMMON,252,91,REGIME_MEAN,LOW,0.17888481208231258,0.012867161203208063,13.90243032299251,28,28,False,,
future_idio_vol_annualized,NETWORK,NATIVE,delta_degree_percentile,RAW_COMMON,252,91,REGIME_MEAN,MEDIUM,0.17372812812621496,0.017310935806351554,10.03574446058961,18,18,False,,
future_idio_vol_annualized,NETWORK,NATIVE,delta_degree_percentile,RAW_COMMON,252,91,REGIME_MEAN,HIGH,0.1025931845032078,0.026002674272163382,3.945485892312114,45,45,False,,
future_idio_vol_annualized,NETWORK,NATIVE,delta_degree_percentile,RAW_COMMON,252,91,HIGH_MINUS_LOW,HIGH_MINUS_LOW,-0.07629162757910478,0.027990046210612008,-2.7256699401296434,73,28,False,0.006417113267236079,0.17326205821537413
future_idio_vol_annualized,NETWORK,NATIVE,delta_degree_percentile,INDUSTRY_SIZE_COMMON,252,91,REGIME_MEAN,LOW,0.16409233525151756,0.010291695496582386,15.944149854220669,28,28,False,,
future_idio_vol_annualized,NETWORK,NATIVE,delta_degree_percentile,INDUSTRY_SIZE_COMMON,252,91,REGIME_MEAN,MEDIUM,0.16176702689525957,0.018893352786380067,8.562113285254219,18,18,False,,
future_idio_vol_annualized,NETWORK,NATIVE,delta_degree_percentile,INDUSTRY_SIZE_COMMON,252,91,REGIME_MEAN,HIGH,0.14178873375659767,0.01870649898146478,7.579651002418367,45,45,False,,
future_idio_vol_annualized,NETWORK,NATIVE,delta_degree_percentile,INDUSTRY_SIZE_COMMON,252,91,HIGH_MINUS_LOW,HIGH_MINUS_LOW,-0.02230360149491989,0.020469708175337168,-1.0895905942514745,73,28,False,0.27589352816444007,0.4969986472145456
future_idio_vol_annualized,NETWORK,NATIVE,delta_degree_percentile,FULL_CHARACTERISTIC_NEUTRAL,252,91,REGIME_MEAN,LOW,0.044606244431762525,0.010173073336618767,4.3847363481789605,28,28,False,,
future_idio_vol_annualized,NETWORK,NATIVE,delta_degree_percentile,FULL_CHARACTERISTIC_NEUTRAL,252,91,REGIME_MEAN,MEDIUM,0.05110143166118914,0.009924071735118193,5.149240455443013,18,18,False,,
future_idio_vol_annualized,NETWORK,NATIVE,delta_degree_percentile,FULL_CHARACTERISTIC_NEUTRAL,252,91,REGIME_MEAN,HIGH,0.06289244287742649,0.0074743169365237005,8.41447364508973,45,45,False,,
future_idio_vol_annualized,NETWORK,NATIVE,delta_degree_percentile,FULL_CHARACTERISTIC_NEUTRAL,252,91,HIGH_MINUS_LOW,HIGH_MINUS_LOW,0.01828619844566396,0.011992479691835176,1.5248054543810259,73,28,False,0.12730762906558887,0.3187278795485644
future_idio_vol_annualized,NETWORK,NATIVE,cross_industry_degree_percentile,RAW_COMMON,252,91,REGIME_MEAN,LOW,-0.061315742941793254,0.022502578597783453,-2.724831853174061,28,28,False,,
future_idio_vol_annualized,NETWORK,NATIVE,cross_industry_degree_percentile,RAW_COMMON,252,91,REGIME_MEAN,MEDIUM,-0.07191310558498501,0.016097278191722308,-4.467407764746517,18,18,False,,
future_idio_vol_annualized,NETWORK,NATIVE,cross_industry_degree_percentile,RAW_COMMON,252,91,REGIME_MEAN,HIGH,-0.1081645934024549,0.014954794100449281,-7.232770486569612,45,45,False,,
future_idio_vol_annualized,NETWORK,NATIVE,cross_industry_degree_percentile,RAW_COMMON,252,91,HIGH_MINUS_LOW,HIGH_MINUS_LOW,-0.04684885046066165,0.02633404480680596,-1.779022205071729,73,28,False,0.07523612157780878,0.33944900512433285
future_idio_vol_annualized,NETWORK,NATIVE,cross_industry_degree_percentile,INDUSTRY_SIZE_COMMON,252,91,REGIME_MEAN,LOW,-0.06445077851888856,0.015557464393274633,-4.142755971644718,28,28,False,,
future_idio_vol_annualized,NETWORK,NATIVE,cross_industry_degree_percentile,INDUSTRY_SIZE_COMMON,252,91,REGIME_MEAN,MEDIUM,-0.09512300873680356,0.016126936514242525,-5.898392955958842,18,18,False,,
future_idio_vol_annualized,NETWORK,NATIVE,cross_industry_degree_percentile,INDUSTRY_SIZE_COMMON,252,91,REGIME_MEAN,HIGH,-0.10062676882728233,0.012650446055775637,-7.9544047999272385,45,45,False,,
future_idio_vol_annualized,NETWORK,NATIVE,cross_industry_degree_percentile,INDUSTRY_SIZE_COMMON,252,91,HIGH_MINUS_LOW,HIGH_MINUS_LOW,-0.036175990308393774,0.01951487537351864,-1.8537648648007246,73,28,False,0.06377280717480605,0.2869776322866272
future_idio_vol_annualized,NETWORK,NATIVE,cross_industry_degree_percentile,FULL_CHARACTERISTIC_NEUTRAL,252,91,REGIME_MEAN,LOW,-0.0387565263777428,0.01354965651532034,-2.860332757064471,28,28,False,,
future_idio_vol_annualized,NETWORK,NATIVE,cross_industry_degree_percentile,FULL_CHARACTERISTIC_NEUTRAL,252,91,REGIME_MEAN,MEDIUM,-0.05103919704864446,0.009015001699574603,-5.661584850400292,18,18,False,,
future_idio_vol_annualized,NETWORK,NATIVE,cross_industry_degree_percentile,FULL_CHARACTERISTIC_NEUTRAL,252,91,REGIME_MEAN,HIGH,-0.04933715049121135,0.006397910745245515,-7.711447135750575,45,45,False,,
future_idio_vol_annualized,NETWORK,NATIVE,cross_industry_degree_percentile,FULL_CHARACTERISTIC_NEUTRAL,252,91,HIGH_MINUS_LOW,HIGH_MINUS_LOW,-0.01058062411346855,0.01516609692438614,-0.6976497754313812,73,28,False,0.4853962448136967,0.728094367220545
future_idio_vol_annualized,NETWORK,NATIVE,cross_industry_degree_ratio,RAW_COMMON,252,91,REGIME_MEAN,LOW,-0.028596132097311676,0.011536506694076066,-2.4787513981156564,28,28,False,,
future_idio_vol_annualized,NETWORK,NATIVE,cross_industry_degree_ratio,RAW_COMMON,252,91,REGIME_MEAN,MEDIUM,-0.046985261933498064,0.015972258167625066,-2.941679344298024,18,18,False,,
future_idio_vol_annualized,NETWORK,NATIVE,cross_industry_degree_ratio,RAW_COMMON,252,91,REGIME_MEAN,HIGH,-0.04935051402676007,0.011633769099265471,-4.242005630821394,45,45,False,,
future_idio_vol_annualized,NETWORK,NATIVE,cross_industry_degree_ratio,RAW_COMMON,252,91,HIGH_MINUS_LOW,HIGH_MINUS_LOW,-0.020754381929448396,0.01628022895839956,-1.2748212560450791,73,28,False,0.20237251535549702,0.4553381595498683
future_idio_vol_annualized,NETWORK,NATIVE,cross_industry_degree_ratio,INDUSTRY_SIZE_COMMON,252,91,REGIME_MEAN,LOW,0.014793109271654583,0.006808952499538695,2.1725969262756366,28,28,False,,
future_idio_vol_annualized,NETWORK,NATIVE,cross_industry_degree_ratio,INDUSTRY_SIZE_COMMON,252,91,REGIME_MEAN,MEDIUM,-0.005311948039173311,0.010333164788659123,-0.5140678725072972,18,18,False,,
future_idio_vol_annualized,NETWORK,NATIVE,cross_industry_degree_ratio,INDUSTRY_SIZE_COMMON,252,91,REGIME_MEAN,HIGH,-0.023707751978322998,0.008212129597952077,-2.8869188796332668,45,45,False,,
future_idio_vol_annualized,NETWORK,NATIVE,cross_industry_degree_ratio,INDUSTRY_SIZE_COMMON,252,91,HIGH_MINUS_LOW,HIGH_MINUS_LOW,-0.03850086124997758,0.010839532561629306,-3.5518931310992303,73,28,False,0.00038247016757248095,0.010326694524456986
future_idio_vol_annualized,NETWORK,NATIVE,cross_industry_degree_ratio,FULL_CHARACTERISTIC_NEUTRAL,252,91,REGIME_MEAN,LOW,0.011643512498356795,0.004651474523090892,2.5031874173567896,28,28,False,,
future_idio_vol_annualized,NETWORK,NATIVE,cross_industry_degree_ratio,FULL_CHARACTERISTIC_NEUTRAL,252,91,REGIME_MEAN,MEDIUM,-0.012200115108391977,0.007987053733203459,-1.5274862941855705,18,18,False,,
future_idio_vol_annualized,NETWORK,NATIVE,cross_industry_degree_ratio,FULL_CHARACTERISTIC_NEUTRAL,252,91,REGIME_MEAN,HIGH,-0.013304782866160901,0.005201139854342895,-2.5580513577329693,45,45,False,,
future_idio_vol_annualized,NETWORK,NATIVE,cross_industry_degree_ratio,FULL_CHARACTERISTIC_NEUTRAL,252,91,HIGH_MINUS_LOW,HIGH_MINUS_LOW,-0.024948295364517696,0.007121418166546566,-3.5032762830463064,73,28,False,0.0004595725181258702,0.012408457989398497
future_idio_vol_annualized,NETWORK,NATIVE,delta_residual_degree_percentile_1m,RAW_COMMON,252,91,REGIME_MEAN,LOW,-0.00747029110227534,0.009413181723767273,-0.7935989468272621,28,28,False,,
future_idio_vol_annualized,NETWORK,NATIVE,delta_residual_degree_percentile_1m,RAW_COMMON,252,91,REGIME_MEAN,MEDIUM,-0.012127879400456985,0.01530576440528288,-0.7923733228424038,18,18,False,,
future_idio_vol_annualized,NETWORK,NATIVE,delta_residual_degree_percentile_1m,RAW_COMMON,252,91,REGIME_MEAN,HIGH,-0.024448395040299307,0.00917286021830067,-2.6652968058449846,45,45,False,,
future_idio_vol_annualized,NETWORK,NATIVE,delta_residual_degree_percentile_1m,RAW_COMMON,252,91,HIGH_MINUS_LOW,HIGH_MINUS_LOW,-0.016978103938023965,0.012885698656442504,-1.3175928128301657,73,28,False,0.1876399928415649,0.4553381595498683
future_idio_vol_annualized,NETWORK,NATIVE,delta_residual_degree_percentile_1m,INDUSTRY_SIZE_COMMON,252,91,REGIME_MEAN,LOW,-0.014168322955498941,0.008478717939672527,-1.6710454406325213,28,28,False,,
future_idio_vol_annualized,NETWORK,NATIVE,delta_residual_degree_percentile_1m,INDUSTRY_SIZE_COMMON,252,91,REGIME_MEAN,MEDIUM,-0.02536083709484253,0.010892815195166378,-2.328216961405556,18,18,False,,
future_idio_vol_annualized,NETWORK,NATIVE,delta_residual_degree_percentile_1m,INDUSTRY_SIZE_COMMON,252,91,REGIME_MEAN,HIGH,-0.029239374205596573,0.00638407413718778,-4.580049287848133,45,45,False,,
future_idio_vol_annualized,NETWORK,NATIVE,delta_residual_degree_percentile_1m,INDUSTRY_SIZE_COMMON,252,91,HIGH_MINUS_LOW,HIGH_MINUS_LOW,-0.015071051250097632,0.010397044109554736,-1.4495515351567614,73,28,False,0.14718361929960916,0.4091986152789617
future_idio_vol_annualized,NETWORK,NATIVE,delta_residual_degree_percentile_1m,FULL_CHARACTERISTIC_NEUTRAL,252,91,REGIME_MEAN,LOW,-0.0015815413907279102,0.0050338939766811485,-0.31417852621731657,28,28,False,,
future_idio_vol_annualized,NETWORK,NATIVE,delta_residual_degree_percentile_1m,FULL_CHARACTERISTIC_NEUTRAL,252,91,REGIME_MEAN,MEDIUM,-5.5353956263023366e-05,0.00661480688732485,-0.008368189307096995,18,18,False,,
future_idio_vol_annualized,NETWORK,NATIVE,delta_residual_degree_percentile_1m,FULL_CHARACTERISTIC_NEUTRAL,252,91,REGIME_MEAN,HIGH,0.010327873701543004,0.004796868290455322,2.1530450861227783,45,45,False,,
future_idio_vol_annualized,NETWORK,NATIVE,delta_residual_degree_percentile_1m,FULL_CHARACTERISTIC_NEUTRAL,252,91,HIGH_MINUS_LOW,HIGH_MINUS_LOW,0.011909415092270914,0.006923462009023829,1.720153165677597,73,28,False,0.08540460371834882,0.3132599338010259
future_idio_vol_annualized,NETWORK,NATIVE,delta_cross_industry_degree_percentile_1m,RAW_COMMON,252,91,REGIME_MEAN,LOW,-0.014470444889708039,0.00991656734007023,-1.4592191424180414,28,28,False,,
future_idio_vol_annualized,NETWORK,NATIVE,delta_cross_industry_degree_percentile_1m,RAW_COMMON,252,91,REGIME_MEAN,MEDIUM,-0.014754690527699628,0.015864258142571294,-0.9300586510317698,18,18,False,,
future_idio_vol_annualized,NETWORK,NATIVE,delta_cross_industry_degree_percentile_1m,RAW_COMMON,252,91,REGIME_MEAN,HIGH,-0.030344450799221576,0.007355926641308969,-4.125170393735989,45,45,False,,
future_idio_vol_annualized,NETWORK,NATIVE,delta_cross_industry_degree_percentile_1m,RAW_COMMON,252,91,HIGH_MINUS_LOW,HIGH_MINUS_LOW,-0.015874005909513537,0.012065407471965894,-1.3156626451611322,73,28,False,0.18828729721768986,0.4553381595498683
future_idio_vol_annualized,NETWORK,NATIVE,delta_cross_industry_degree_percentile_1m,INDUSTRY_SIZE_COMMON,252,91,REGIME_MEAN,LOW,-0.014744255054063479,0.008511336414698959,-1.7323078698429024,28,28,False,,
future_idio_vol_annualized,NETWORK,NATIVE,delta_cross_industry_degree_percentile_1m,INDUSTRY_SIZE_COMMON,252,91,REGIME_MEAN,MEDIUM,-0.022791405913153782,0.010596976991052016,-2.1507460035440884,18,18,False,,
future_idio_vol_annualized,NETWORK,NATIVE,delta_cross_industry_degree_percentile_1m,INDUSTRY_SIZE_COMMON,252,91,REGIME_MEAN,HIGH,-0.02812714336828491,0.0056036821259033125,-5.019403802058243,45,45,False,,
future_idio_vol_annualized,NETWORK,NATIVE,delta_cross_industry_degree_percentile_1m,INDUSTRY_SIZE_COMMON,252,91,HIGH_MINUS_LOW,HIGH_MINUS_LOW,-0.013382888314221431,0.010024399237593719,-1.335031456452037,73,28,False,0.18186605123509406,0.4091986152789617
future_idio_vol_annualized,NETWORK,NATIVE,delta_cross_industry_degree_percentile_1m,FULL_CHARACTERISTIC_NEUTRAL,252,91,REGIME_MEAN,LOW,-0.0016659352216889566,0.004483571109842013,-0.3715643581590611,28,28,False,,
future_idio_vol_annualized,NETWORK,NATIVE,delta_cross_industry_degree_percentile_1m,FULL_CHARACTERISTIC_NEUTRAL,252,91,REGIME_MEAN,MEDIUM,-0.008919142292676367,0.004962044083543919,-1.7974734086413573,18,18,False,,
future_idio_vol_annualized,NETWORK,NATIVE,delta_cross_industry_degree_percentile_1m,FULL_CHARACTERISTIC_NEUTRAL,252,91,REGIME_MEAN,HIGH,0.008931444712457744,0.004343812527998892,2.0561303359406913,45,45,False,,
future_idio_vol_annualized,NETWORK,NATIVE,delta_cross_industry_degree_percentile_1m,FULL_CHARACTERISTIC_NEUTRAL,252,91,HIGH_MINUS_LOW,HIGH_MINUS_LOW,0.010597379934146701,0.006274462947985463,1.6889700396667724,73,28,False,0.0912251716109339,0.3132599338010259
future_idio_vol_annualized,NETWORK,NATIVE,neighbor_jaccard_1m,RAW_COMMON,252,91,REGIME_MEAN,LOW,-0.07028512899387666,0.018032577158122058,-3.8976752117885445,28,28,False,,
future_idio_vol_annualized,NETWORK,NATIVE,neighbor_jaccard_1m,RAW_COMMON,252,91,REGIME_MEAN,MEDIUM,-0.0485567931135255,0.019232480263421073,-2.524728607462937,18,18,False,,
future_idio_vol_annualized,NETWORK,NATIVE,neighbor_jaccard_1m,RAW_COMMON,252,91,REGIME_MEAN,HIGH,-0.07275812294197123,0.010273969829827544,-7.081792544371578,45,45,False,,
future_idio_vol_annualized,NETWORK,NATIVE,neighbor_jaccard_1m,RAW_COMMON,252,91,HIGH_MINUS_LOW,HIGH_MINUS_LOW,-0.002472993948094568,0.020417059363802843,-0.12112390447759136,73,28,False,0.9035928955340908,0.9035928955340908
future_idio_vol_annualized,NETWORK,NATIVE,neighbor_jaccard_1m,INDUSTRY_SIZE_COMMON,252,91,REGIME_MEAN,LOW,-0.0794572752687665,0.016597191250449644,-4.787392882914082,28,28,False,,
future_idio_vol_annualized,NETWORK,NATIVE,neighbor_jaccard_1m,INDUSTRY_SIZE_COMMON,252,91,REGIME_MEAN,MEDIUM,-0.06983450294260359,0.01448511609011731,-4.821121384746736,18,18,False,,
future_idio_vol_annualized,NETWORK,NATIVE,neighbor_jaccard_1m,INDUSTRY_SIZE_COMMON,252,91,REGIME_MEAN,HIGH,-0.059986322472036904,0.007293855835962639,-8.224226502568369,45,45,False,,
future_idio_vol_annualized,NETWORK,NATIVE,neighbor_jaccard_1m,INDUSTRY_SIZE_COMMON,252,91,HIGH_MINUS_LOW,HIGH_MINUS_LOW,0.0194709527967296,0.017878042322719962,1.089098708083117,73,28,False,0.27611035956363644,0.4969986472145456
future_idio_vol_annualized,NETWORK,NATIVE,neighbor_jaccard_1m,FULL_CHARACTERISTIC_NEUTRAL,252,91,REGIME_MEAN,LOW,-0.01816100495010687,0.009097268873984406,-1.9963139708931945,28,28,False,,
future_idio_vol_annualized,NETWORK,NATIVE,neighbor_jaccard_1m,FULL_CHARACTERISTIC_NEUTRAL,252,91,REGIME_MEAN,MEDIUM,-0.011797667028389292,0.006428361186154678,-1.8352526696538078,18,18,False,,
future_idio_vol_annualized,NETWORK,NATIVE,neighbor_jaccard_1m,FULL_CHARACTERISTIC_NEUTRAL,252,91,REGIME_MEAN,HIGH,-0.001785251629885505,0.005463999069630022,-0.32672985612466215,45,45,False,,
future_idio_vol_annualized,NETWORK,NATIVE,neighbor_jaccard_1m,FULL_CHARACTERISTIC_NEUTRAL,252,91,HIGH_MINUS_LOW,HIGH_MINUS_LOW,0.016375753320221363,0.010811323300467407,1.5146853780159721,73,28,False,0.12985209907534107,0.3187278795485644
future_idio_vol_annualized,NETWORK,NATIVE,neighbor_retention_1m,RAW_COMMON,252,91,REGIME_MEAN,LOW,-0.05953113635227846,0.014594022466579292,-4.079145176636968,28,28,False,,
future_idio_vol_annualized,NETWORK,NATIVE,neighbor_retention_1m,RAW_COMMON,252,91,REGIME_MEAN,MEDIUM,-0.043946093693382586,0.014195952672947681,-3.095677669955032,18,18,False,,
future_idio_vol_annualized,NETWORK,NATIVE,neighbor_retention_1m,RAW_COMMON,252,91,REGIME_MEAN,HIGH,-0.056330181171206174,0.009953448278760933,-5.659363427989652,45,45,False,,
future_idio_vol_annualized,NETWORK,NATIVE,neighbor_retention_1m,RAW_COMMON,252,91,HIGH_MINUS_LOW,HIGH_MINUS_LOW,0.0032009551810722875,0.01739627886129289,0.1840022919036142,73,28,False,0.8540116569432367,0.8868582591333612
future_idio_vol_annualized,NETWORK,NATIVE,neighbor_retention_1m,INDUSTRY_SIZE_COMMON,252,91,REGIME_MEAN,LOW,-0.0718449385317019,0.013669909333213591,-5.2556997109806165,28,28,False,,
future_idio_vol_annualized,NETWORK,NATIVE,neighbor_retention_1m,INDUSTRY_SIZE_COMMON,252,91,REGIME_MEAN,MEDIUM,-0.06931263090416508,0.011395265208882299,-6.0825816366378005,18,18,False,,
future_idio_vol_annualized,NETWORK,NATIVE,neighbor_retention_1m,INDUSTRY_SIZE_COMMON,252,91,REGIME_MEAN,HIGH,-0.05256648830602992,0.00715823483686729,-7.343498712181811,45,45,False,,
future_idio_vol_annualized,NETWORK,NATIVE,neighbor_retention_1m,INDUSTRY_SIZE_COMMON,252,91,HIGH_MINUS_LOW,HIGH_MINUS_LOW,0.019278450225671984,0.015226263882440999,1.2661313618703263,73,28,False,0.20546605612555252,0.42673719349153216
future_idio_vol_annualized,NETWORK,NATIVE,neighbor_retention_1m,FULL_CHARACTERISTIC_NEUTRAL,252,91,REGIME_MEAN,LOW,-0.004421205654363932,0.006734730383822932,-0.6564784931827159,28,28,False,,
future_idio_vol_annualized,NETWORK,NATIVE,neighbor_retention_1m,FULL_CHARACTERISTIC_NEUTRAL,252,91,REGIME_MEAN,MEDIUM,-0.003767056715676468,0.005761622638107231,-0.6538187160612094,18,18,False,,
future_idio_vol_annualized,NETWORK,NATIVE,neighbor_retention_1m,FULL_CHARACTERISTIC_NEUTRAL,252,91,REGIME_MEAN,HIGH,0.014778521262806201,0.005733531632310198,2.5775599073221693,45,45,False,,
future_idio_vol_annualized,NETWORK,NATIVE,neighbor_retention_1m,FULL_CHARACTERISTIC_NEUTRAL,252,91,HIGH_MINUS_LOW,HIGH_MINUS_LOW,0.019199726917170132,0.00900599488024425,2.1318829482445163,73,28,False,0.033016470342734465,0.22286117481345763
future_idio_vol_annualized,NETWORK,NATIVE,outside_community_degree_percentile,RAW_COMMON,252,91,REGIME_MEAN,LOW,-0.09811290252828811,0.027035423188277747,-3.629050000254065,28,28,False,,
future_idio_vol_annualized,NETWORK,NATIVE,outside_community_degree_percentile,RAW_COMMON,252,91,REGIME_MEAN,MEDIUM,-0.15159980571972503,0.026967260717034015,-5.62162420983182,18,18,False,,
future_idio_vol_annualized,NETWORK,NATIVE,outside_community_degree_percentile,RAW_COMMON,252,91,REGIME_MEAN,HIGH,-0.14397363151941112,0.015283341386004375,-9.42029808031731,45,45,False,,
future_idio_vol_annualized,NETWORK,NATIVE,outside_community_degree_percentile,RAW_COMMON,252,91,HIGH_MINUS_LOW,HIGH_MINUS_LOW,-0.045860728991123006,0.030078722344183673,-1.5246900605135278,73,28,False,0.12733642205682202,0.4297604244417743
future_idio_vol_annualized,NETWORK,NATIVE,outside_community_degree_percentile,INDUSTRY_SIZE_COMMON,252,91,REGIME_MEAN,LOW,-0.09843016489506463,0.01593224297435165,-6.178048191552274,28,28,False,,
future_idio_vol_annualized,NETWORK,NATIVE,outside_community_degree_percentile,INDUSTRY_SIZE_COMMON,252,91,REGIME_MEAN,MEDIUM,-0.14199039687610093,0.02488965750476762,-5.704795128213502,18,18,False,,
future_idio_vol_annualized,NETWORK,NATIVE,outside_community_degree_percentile,INDUSTRY_SIZE_COMMON,252,91,REGIME_MEAN,HIGH,-0.1339924400817462,0.014485300431322266,-9.250235486452727,45,45,False,,
future_idio_vol_annualized,NETWORK,NATIVE,outside_community_degree_percentile,INDUSTRY_SIZE_COMMON,252,91,HIGH_MINUS_LOW,HIGH_MINUS_LOW,-0.03556227518668158,0.020747320590171623,-1.7140659215305163,73,28,False,0.08651661964870834,0.3337069615021607
future_idio_vol_annualized,NETWORK,NATIVE,outside_community_degree_percentile,FULL_CHARACTERISTIC_NEUTRAL,252,91,REGIME_MEAN,LOW,-0.05835813214473615,0.010163768818700585,-5.741780749416643,28,28,False,,
future_idio_vol_annualized,NETWORK,NATIVE,outside_community_degree_percentile,FULL_CHARACTERISTIC_NEUTRAL,252,91,REGIME_MEAN,MEDIUM,-0.07661417261983199,0.012581559734121062,-6.089401810178998,18,18,False,,
future_idio_vol_annualized,NETWORK,NATIVE,outside_community_degree_percentile,FULL_CHARACTERISTIC_NEUTRAL,252,91,REGIME_MEAN,HIGH,-0.06549541163825728,0.007695496740752726,-8.51087510588055,45,45,False,,
future_idio_vol_annualized,NETWORK,NATIVE,outside_community_degree_percentile,FULL_CHARACTERISTIC_NEUTRAL,252,91,HIGH_MINUS_LOW,HIGH_MINUS_LOW,-0.007137279493521137,0.012653498446664161,-0.5640558240557366,73,28,False,0.5727161411234146,0.7919017854748327
future_idio_vol_annualized,NETWORK,COMMON_DATE,residual_degree_percentile,RAW_COMMON,60,91,REGIME_MEAN,LOW,-0.10906288745852383,0.012363166254732185,-8.821598384376525,32,32,False,,
future_idio_vol_annualized,NETWORK,COMMON_DATE,residual_degree_percentile,RAW_COMMON,60,91,REGIME_MEAN,MEDIUM,-0.12403197619419792,0.0186785625081441,-6.640338416841144,32,32,False,,
future_idio_vol_annualized,NETWORK,COMMON_DATE,residual_degree_percentile,RAW_COMMON,60,91,REGIME_MEAN,HIGH,-0.14719184586887277,0.021088334726226343,-6.979775680714076,27,27,False,,
future_idio_vol_annualized,NETWORK,COMMON_DATE,residual_degree_percentile,RAW_COMMON,60,91,HIGH_MINUS_LOW,HIGH_MINUS_LOW,-0.03812895841034894,0.024762586469198895,-1.5397809294992628,59,27,False,0.12361376197800653,0.38200926617046604
future_idio_vol_annualized,NETWORK,COMMON_DATE,residual_degree_percentile,INDUSTRY_SIZE_COMMON,60,91,REGIME_MEAN,LOW,-0.11846259523353622,0.007876666014887351,-15.039687478132894,32,32,False,,
future_idio_vol_annualized,NETWORK,COMMON_DATE,residual_degree_percentile,INDUSTRY_SIZE_COMMON,60,91,REGIME_MEAN,MEDIUM,-0.1281490013599223,0.016231372932694322,-7.8951424436682105,32,32,False,,
future_idio_vol_annualized,NETWORK,COMMON_DATE,residual_degree_percentile,INDUSTRY_SIZE_COMMON,60,91,REGIME_MEAN,HIGH,-0.1397259825871493,0.016539189012737696,-8.448176175962377,27,27,False,,
future_idio_vol_annualized,NETWORK,COMMON_DATE,residual_degree_percentile,INDUSTRY_SIZE_COMMON,60,91,HIGH_MINUS_LOW,HIGH_MINUS_LOW,-0.021263387353613078,0.018413853892399943,-1.1547494336527369,59,27,False,0.24819304972428777,0.39236735306411497
future_idio_vol_annualized,NETWORK,COMMON_DATE,residual_degree_percentile,FULL_CHARACTERISTIC_NEUTRAL,60,91,REGIME_MEAN,LOW,-0.06274866249489097,0.00681592230043876,-9.206188059222985,32,32,False,,
future_idio_vol_annualized,NETWORK,COMMON_DATE,residual_degree_percentile,FULL_CHARACTERISTIC_NEUTRAL,60,91,REGIME_MEAN,MEDIUM,-0.06408783515895645,0.011743436721266542,-5.457332183082135,32,32,False,,
future_idio_vol_annualized,NETWORK,COMMON_DATE,residual_degree_percentile,FULL_CHARACTERISTIC_NEUTRAL,60,91,REGIME_MEAN,HIGH,-0.07321408306065838,0.010128175445185149,-7.22875343707279,27,27,False,,
future_idio_vol_annualized,NETWORK,COMMON_DATE,residual_degree_percentile,FULL_CHARACTERISTIC_NEUTRAL,60,91,HIGH_MINUS_LOW,HIGH_MINUS_LOW,-0.010465420565767408,0.012115516177208338,-0.8638031110432518,59,27,False,0.38769605855559874,0.6832978229660397
future_idio_vol_annualized,NETWORK,COMMON_DATE,delta_degree_percentile,RAW_COMMON,60,91,REGIME_MEAN,LOW,0.133123938513936,0.014357991385732755,9.27176615011892,32,32,False,,
future_idio_vol_annualized,NETWORK,COMMON_DATE,delta_degree_percentile,RAW_COMMON,60,91,REGIME_MEAN,MEDIUM,0.13921484163147607,0.018652217533363425,7.463715313337997,32,32,False,,
future_idio_vol_annualized,NETWORK,COMMON_DATE,delta_degree_percentile,RAW_COMMON,60,91,REGIME_MEAN,HIGH,0.07677185804476433,0.02154015021727667,3.5641282567838393,27,27,False,,
future_idio_vol_annualized,NETWORK,COMMON_DATE,delta_degree_percentile,RAW_COMMON,60,91,HIGH_MINUS_LOW,HIGH_MINUS_LOW,-0.05635208046917167,0.026116485783482107,-2.1577206419101254,59,27,False,0.030949558076575266,0.3330055583315416
future_idio_vol_annualized,NETWORK,COMMON_DATE,delta_degree_percentile,INDUSTRY_SIZE_COMMON,60,91,REGIME_MEAN,LOW,0.12711770847557363,0.01047602956279654,12.134149461262115,32,32,False,,
future_idio_vol_annualized,NETWORK,COMMON_DATE,delta_degree_percentile,INDUSTRY_SIZE_COMMON,60,91,REGIME_MEAN,MEDIUM,0.15649428888391836,0.01259924530441381,12.420925627116313,32,32,False,,
future_idio_vol_annualized,NETWORK,COMMON_DATE,delta_degree_percentile,INDUSTRY_SIZE_COMMON,60,91,REGIME_MEAN,HIGH,0.10104249573581177,0.016210632288124388,6.233100223353635,27,27,False,,
future_idio_vol_annualized,NETWORK,COMMON_DATE,delta_degree_percentile,INDUSTRY_SIZE_COMMON,60,91,HIGH_MINUS_LOW,HIGH_MINUS_LOW,-0.026075212739761863,0.019263714624066276,-1.3535921419426522,59,27,False,0.17586653530897395,0.37772179871904155
future_idio_vol_annualized,NETWORK,COMMON_DATE,delta_degree_percentile,FULL_CHARACTERISTIC_NEUTRAL,60,91,REGIME_MEAN,LOW,-0.004596832131247081,0.006888401436421856,-0.6673293032751706,32,32,False,,
future_idio_vol_annualized,NETWORK,COMMON_DATE,delta_degree_percentile,FULL_CHARACTERISTIC_NEUTRAL,60,91,REGIME_MEAN,MEDIUM,0.007983071495681037,0.009127365602408734,0.8746304074391723,32,32,False,,
future_idio_vol_annualized,NETWORK,COMMON_DATE,delta_degree_percentile,FULL_CHARACTERISTIC_NEUTRAL,60,91,REGIME_MEAN,HIGH,0.012860944214572019,0.008819639325097864,1.45821657105341,27,27,False,,
future_idio_vol_annualized,NETWORK,COMMON_DATE,delta_degree_percentile,FULL_CHARACTERISTIC_NEUTRAL,60,91,HIGH_MINUS_LOW,HIGH_MINUS_LOW,0.0174577763458191,0.011117532155163373,1.5702924086179588,59,27,False,0.11634709947151452,0.3187278795485644
future_idio_vol_annualized,NETWORK,COMMON_DATE,cross_industry_degree_percentile,RAW_COMMON,60,91,REGIME_MEAN,LOW,-0.13377795734989212,0.01118496745031513,-11.960513782820442,32,32,False,,
future_idio_vol_annualized,NETWORK,COMMON_DATE,cross_industry_degree_percentile,RAW_COMMON,60,91,REGIME_MEAN,MEDIUM,-0.1445576943611275,0.017833692774792062,-8.105875557386517,32,32,False,,
future_idio_vol_annualized,NETWORK,COMMON_DATE,cross_industry_degree_percentile,RAW_COMMON,60,91,REGIME_MEAN,HIGH,-0.15494149783918892,0.02083261959350141,-7.437446699575018,27,27,False,,
future_idio_vol_annualized,NETWORK,COMMON_DATE,cross_industry_degree_percentile,RAW_COMMON,60,91,HIGH_MINUS_LOW,HIGH_MINUS_LOW,-0.021163540489296806,0.024026797206803265,-0.8808306952915174,59,27,False,0.3784094631946844,0.5643143523900758
future_idio_vol_annualized,NETWORK,COMMON_DATE,cross_industry_degree_percentile,INDUSTRY_SIZE_COMMON,60,91,REGIME_MEAN,LOW,-0.11673897564553479,0.00741869712228909,-15.735778630832442,32,32,False,,
future_idio_vol_annualized,NETWORK,COMMON_DATE,cross_industry_degree_percentile,INDUSTRY_SIZE_COMMON,60,91,REGIME_MEAN,MEDIUM,-0.12514059438216793,0.015910846408794158,-7.865112337015641,32,32,False,,
future_idio_vol_annualized,NETWORK,COMMON_DATE,cross_industry_degree_percentile,INDUSTRY_SIZE_COMMON,60,91,REGIME_MEAN,HIGH,-0.1356198914660045,0.016313594925069633,-8.313305074014863,27,27,False,,
future_idio_vol_annualized,NETWORK,COMMON_DATE,cross_industry_degree_percentile,INDUSTRY_SIZE_COMMON,60,91,HIGH_MINUS_LOW,HIGH_MINUS_LOW,-0.018880915820469718,0.018014883313265943,-1.0480731677327069,59,27,False,0.2946048976135343,0.39355934454066455
future_idio_vol_annualized,NETWORK,COMMON_DATE,cross_industry_degree_percentile,FULL_CHARACTERISTIC_NEUTRAL,60,91,REGIME_MEAN,LOW,-0.06542191087907143,0.00548655712141066,-11.924037138658399,32,32,False,,
future_idio_vol_annualized,NETWORK,COMMON_DATE,cross_industry_degree_percentile,FULL_CHARACTERISTIC_NEUTRAL,60,91,REGIME_MEAN,MEDIUM,-0.07119225810163836,0.0112583856634328,-6.323487241414245,32,32,False,,
future_idio_vol_annualized,NETWORK,COMMON_DATE,cross_industry_degree_percentile,FULL_CHARACTERISTIC_NEUTRAL,60,91,REGIME_MEAN,HIGH,-0.07484982650473629,0.01006197025627495,-7.438883697559895,27,27,False,,
future_idio_vol_annualized,NETWORK,COMMON_DATE,cross_industry_degree_percentile,FULL_CHARACTERISTIC_NEUTRAL,60,91,HIGH_MINUS_LOW,HIGH_MINUS_LOW,-0.009427915625664862,0.011391195185835083,-0.8276493793547184,59,27,False,0.4078690947098156,0.6832978229660397
future_idio_vol_annualized,NETWORK,COMMON_DATE,cross_industry_degree_ratio,RAW_COMMON,60,91,REGIME_MEAN,LOW,-0.03844813998162917,0.013008488336229203,-2.9556193608253034,32,32,False,,
future_idio_vol_annualized,NETWORK,COMMON_DATE,cross_industry_degree_ratio,RAW_COMMON,60,91,REGIME_MEAN,MEDIUM,-0.033585390953749725,0.012670162243956371,-2.6507467155576365,32,32,False,,
future_idio_vol_annualized,NETWORK,COMMON_DATE,cross_industry_degree_ratio,RAW_COMMON,60,91,REGIME_MEAN,HIGH,-0.021746543823413622,0.0075185500680843296,-2.8923853171805076,27,27,False,,
future_idio_vol_annualized,NETWORK,COMMON_DATE,cross_industry_degree_ratio,RAW_COMMON,60,91,HIGH_MINUS_LOW,HIGH_MINUS_LOW,0.01670159615821555,0.015010690654621723,1.1126467490736813,59,27,False,0.2658601741673649,0.46417660561085033
future_idio_vol_annualized,NETWORK,COMMON_DATE,cross_industry_degree_ratio,INDUSTRY_SIZE_COMMON,60,91,REGIME_MEAN,LOW,0.023513527333560144,0.0067669593458758144,3.4747552233915338,32,32,False,,
future_idio_vol_annualized,NETWORK,COMMON_DATE,cross_industry_degree_ratio,INDUSTRY_SIZE_COMMON,60,91,REGIME_MEAN,MEDIUM,0.014228673669936399,0.006871745042642984,2.0706055858649584,32,32,False,,
future_idio_vol_annualized,NETWORK,COMMON_DATE,cross_industry_degree_ratio,INDUSTRY_SIZE_COMMON,60,91,REGIME_MEAN,HIGH,0.005463799871182341,0.009083910057455437,0.6014810622985018,27,27,False,,
future_idio_vol_annualized,NETWORK,COMMON_DATE,cross_industry_degree_ratio,INDUSTRY_SIZE_COMMON,60,91,HIGH_MINUS_LOW,HIGH_MINUS_LOW,-0.018049727462377804,0.011163783309275251,-1.6168109826515062,59,27,False,0.10591908799656395,0.3177572639896919
future_idio_vol_annualized,NETWORK,COMMON_DATE,cross_industry_degree_ratio,FULL_CHARACTERISTIC_NEUTRAL,60,91,REGIME_MEAN,LOW,0.014643799502612007,0.008582018184279191,1.706335175266463,32,32,False,,
future_idio_vol_annualized,NETWORK,COMMON_DATE,cross_industry_degree_ratio,FULL_CHARACTERISTIC_NEUTRAL,60,91,REGIME_MEAN,MEDIUM,-0.0018190464360047084,0.007657704773281665,-0.23754460244426043,32,32,False,,
future_idio_vol_annualized,NETWORK,COMMON_DATE,cross_industry_degree_ratio,FULL_CHARACTERISTIC_NEUTRAL,60,91,REGIME_MEAN,HIGH,0.0024346799858429953,0.006202633768216074,0.39252357576211183,27,27,False,,
future_idio_vol_annualized,NETWORK,COMMON_DATE,cross_industry_degree_ratio,FULL_CHARACTERISTIC_NEUTRAL,60,91,HIGH_MINUS_LOW,HIGH_MINUS_LOW,-0.01220911951676901,0.010549232624953556,-1.1573466953310987,59,27,False,0.2471307428205881,0.5470570561258825
future_idio_vol_annualized,NETWORK,COMMON_DATE,delta_residual_degree_percentile_1m,RAW_COMMON,60,91,REGIME_MEAN,LOW,-0.004367954948349864,0.009770540448199144,-0.44705356592172374,32,32,False,,
future_idio_vol_annualized,NETWORK,COMMON_DATE,delta_residual_degree_percentile_1m,RAW_COMMON,60,91,REGIME_MEAN,MEDIUM,-0.025148283851891558,0.008414060137025427,-2.988840517222888,32,32,False,,
future_idio_vol_annualized,NETWORK,COMMON_DATE,delta_residual_degree_percentile_1m,RAW_COMMON,60,91,REGIME_MEAN,HIGH,-0.029531903885690557,0.007349995179215061,-4.017948742225489,27,27,False,,
future_idio_vol_annualized,NETWORK,COMMON_DATE,delta_residual_degree_percentile_1m,RAW_COMMON,60,91,HIGH_MINUS_LOW,HIGH_MINUS_LOW,-0.025163948937340693,0.01206465849805096,-2.085757250518605,59,27,False,0.037000617592393516,0.3330055583315416
future_idio_vol_annualized,NETWORK,COMMON_DATE,delta_residual_degree_percentile_1m,INDUSTRY_SIZE_COMMON,60,91,REGIME_MEAN,LOW,-0.011716635364250334,0.006872490402842969,-1.704860200227194,32,32,False,,
future_idio_vol_annualized,NETWORK,COMMON_DATE,delta_residual_degree_percentile_1m,INDUSTRY_SIZE_COMMON,60,91,REGIME_MEAN,MEDIUM,-0.029078290292300718,0.006839849561958555,-4.251305533681109,32,32,False,,
future_idio_vol_annualized,NETWORK,COMMON_DATE,delta_residual_degree_percentile_1m,INDUSTRY_SIZE_COMMON,60,91,REGIME_MEAN,HIGH,-0.028141106957284542,0.006504715074406617,-4.326262816338912,27,27,False,,
future_idio_vol_annualized,NETWORK,COMMON_DATE,delta_residual_degree_percentile_1m,INDUSTRY_SIZE_COMMON,60,91,HIGH_MINUS_LOW,HIGH_MINUS_LOW,-0.016424471593034208,0.009246535167240841,-1.7762839048321337,59,27,False,0.07568613471977129,0.29354265706638005
future_idio_vol_annualized,NETWORK,COMMON_DATE,delta_residual_degree_percentile_1m,FULL_CHARACTERISTIC_NEUTRAL,60,91,REGIME_MEAN,LOW,-0.0024868559753031573,0.005987439105670501,-0.4153455144033014,32,32,False,,
future_idio_vol_annualized,NETWORK,COMMON_DATE,delta_residual_degree_percentile_1m,FULL_CHARACTERISTIC_NEUTRAL,60,91,REGIME_MEAN,MEDIUM,-0.014915392875653083,0.006393854656303591,-2.332770085874294,32,32,False,,
future_idio_vol_annualized,NETWORK,COMMON_DATE,delta_residual_degree_percentile_1m,FULL_CHARACTERISTIC_NEUTRAL,60,91,REGIME_MEAN,HIGH,-0.008117202378797662,0.007222350051307916,-1.123900436995254,27,27,False,,
future_idio_vol_annualized,NETWORK,COMMON_DATE,delta_residual_degree_percentile_1m,FULL_CHARACTERISTIC_NEUTRAL,60,91,HIGH_MINUS_LOW,HIGH_MINUS_LOW,-0.005630346403494505,0.009260447266157526,-0.6079994023691175,59,27,False,0.5431878702661028,0.7140248425025825
future_idio_vol_annualized,NETWORK,COMMON_DATE,delta_cross_industry_degree_percentile_1m,RAW_COMMON,60,91,REGIME_MEAN,LOW,-0.01148733140756805,0.010182281973127549,-1.1281686598234766,32,32,False,,
future_idio_vol_annualized,NETWORK,COMMON_DATE,delta_cross_industry_degree_percentile_1m,RAW_COMMON,60,91,REGIME_MEAN,MEDIUM,-0.025083278994066753,0.008515322956477325,-2.945663848836964,32,32,False,,
future_idio_vol_annualized,NETWORK,COMMON_DATE,delta_cross_industry_degree_percentile_1m,RAW_COMMON,60,91,REGIME_MEAN,HIGH,-0.031123224331252603,0.007816176334915175,-3.981898948751182,27,27,False,,
future_idio_vol_annualized,NETWORK,COMMON_DATE,delta_cross_industry_degree_percentile_1m,RAW_COMMON,60,91,HIGH_MINUS_LOW,HIGH_MINUS_LOW,-0.019635892923684554,0.012363515692722052,-1.588212722959011,59,27,False,0.11223824507646826,0.38200926617046604
future_idio_vol_annualized,NETWORK,COMMON_DATE,delta_cross_industry_degree_percentile_1m,INDUSTRY_SIZE_COMMON,60,91,REGIME_MEAN,LOW,-0.012083682603677606,0.006986015491905029,-1.7296959357847754,32,32,False,,
future_idio_vol_annualized,NETWORK,COMMON_DATE,delta_cross_industry_degree_percentile_1m,INDUSTRY_SIZE_COMMON,60,91,REGIME_MEAN,MEDIUM,-0.0236099834099211,0.006892171613506348,-3.4256232627251246,32,32,False,,
future_idio_vol_annualized,NETWORK,COMMON_DATE,delta_cross_industry_degree_percentile_1m,INDUSTRY_SIZE_COMMON,60,91,REGIME_MEAN,HIGH,-0.0273377634409783,0.005997907724694363,-4.5578832979414265,27,27,False,,
future_idio_vol_annualized,NETWORK,COMMON_DATE,delta_cross_industry_degree_percentile_1m,INDUSTRY_SIZE_COMMON,60,91,HIGH_MINUS_LOW,HIGH_MINUS_LOW,-0.015254080837300694,0.008912322876959504,-1.7115718368705153,59,27,False,0.08697560209374224,0.29354265706638005
future_idio_vol_annualized,NETWORK,COMMON_DATE,delta_cross_industry_degree_percentile_1m,FULL_CHARACTERISTIC_NEUTRAL,60,91,REGIME_MEAN,LOW,-0.006907159043583676,0.006538617868551267,-1.0563637732685034,32,32,False,,
future_idio_vol_annualized,NETWORK,COMMON_DATE,delta_cross_industry_degree_percentile_1m,FULL_CHARACTERISTIC_NEUTRAL,60,91,REGIME_MEAN,MEDIUM,-0.01555088064711388,0.006366329667350552,-2.442675993809416,32,32,False,,
future_idio_vol_annualized,NETWORK,COMMON_DATE,delta_cross_industry_degree_percentile_1m,FULL_CHARACTERISTIC_NEUTRAL,60,91,REGIME_MEAN,HIGH,-0.010305982108703012,0.0071517866435203865,-1.4410360127340163,27,27,False,,
future_idio_vol_annualized,NETWORK,COMMON_DATE,delta_cross_industry_degree_percentile_1m,FULL_CHARACTERISTIC_NEUTRAL,60,91,HIGH_MINUS_LOW,HIGH_MINUS_LOW,-0.0033988230651193357,0.009488592931564083,-0.3582009566258292,59,27,False,0.7201929313921516,0.7778083659035236
future_idio_vol_annualized,NETWORK,COMMON_DATE,neighbor_jaccard_1m,RAW_COMMON,60,91,REGIME_MEAN,LOW,-0.06288169391900485,0.010458150613441063,-6.012697296421396,32,32,False,,
future_idio_vol_annualized,NETWORK,COMMON_DATE,neighbor_jaccard_1m,RAW_COMMON,60,91,REGIME_MEAN,MEDIUM,-0.05979955186349111,0.011161404143807997,-5.357708680109577,32,32,False,,
future_idio_vol_annualized,NETWORK,COMMON_DATE,neighbor_jaccard_1m,RAW_COMMON,60,91,REGIME_MEAN,HIGH,-0.08320539947084252,0.016149582625257668,-5.152170269757357,27,27,False,,
future_idio_vol_annualized,NETWORK,COMMON_DATE,neighbor_jaccard_1m,RAW_COMMON,60,91,HIGH_MINUS_LOW,HIGH_MINUS_LOW,-0.02032370555183767,0.01862054728668052,-1.0914666061601441,59,27,False,0.27506761813976316,0.46417660561085033
future_idio_vol_annualized,NETWORK,COMMON_DATE,neighbor_jaccard_1m,INDUSTRY_SIZE_COMMON,60,91,REGIME_MEAN,LOW,-0.0723305999337351,0.005910793513869966,-12.237037170053025,32,32,False,,
future_idio_vol_annualized,NETWORK,COMMON_DATE,neighbor_jaccard_1m,INDUSTRY_SIZE_COMMON,60,91,REGIME_MEAN,MEDIUM,-0.06695138616916849,0.009291974111674307,-7.205291939530018,32,32,False,,
future_idio_vol_annualized,NETWORK,COMMON_DATE,neighbor_jaccard_1m,INDUSTRY_SIZE_COMMON,60,91,REGIME_MEAN,HIGH,-0.07331039748221163,0.014421190498775415,-5.083519109496323,27,27,False,,
future_idio_vol_annualized,NETWORK,COMMON_DATE,neighbor_jaccard_1m,INDUSTRY_SIZE_COMMON,60,91,HIGH_MINUS_LOW,HIGH_MINUS_LOW,-0.0009797975484765326,0.014927976639411656,-0.06563498671948273,59,27,False,0.9476684337841068,0.9476684337841067
future_idio_vol_annualized,NETWORK,COMMON_DATE,neighbor_jaccard_1m,FULL_CHARACTERISTIC_NEUTRAL,60,91,REGIME_MEAN,LOW,-0.07930186300648429,0.006471087500166461,-12.254796895335497,32,32,False,,
future_idio_vol_annualized,NETWORK,COMMON_DATE,neighbor_jaccard_1m,FULL_CHARACTERISTIC_NEUTRAL,60,91,REGIME_MEAN,MEDIUM,-0.06719300884741802,0.007047026642633877,-9.534944630534865,32,32,False,,
future_idio_vol_annualized,NETWORK,COMMON_DATE,neighbor_jaccard_1m,FULL_CHARACTERISTIC_NEUTRAL,60,91,REGIME_MEAN,HIGH,-0.06639755062397973,0.009898772543421376,-6.707654947391116,27,27,False,,
future_idio_vol_annualized,NETWORK,COMMON_DATE,neighbor_jaccard_1m,FULL_CHARACTERISTIC_NEUTRAL,60,91,HIGH_MINUS_LOW,HIGH_MINUS_LOW,0.012904312382504557,0.011538230427995181,1.118396140815047,59,27,False,0.2633978418383879,0.5470570561258825
future_idio_vol_annualized,NETWORK,COMMON_DATE,neighbor_retention_1m,RAW_COMMON,60,91,REGIME_MEAN,LOW,-0.054852575518288246,0.010060676114150275,-5.452175867299659,32,32,False,,
future_idio_vol_annualized,NETWORK,COMMON_DATE,neighbor_retention_1m,RAW_COMMON,60,91,REGIME_MEAN,MEDIUM,-0.0662155770859547,0.011064776056044348,-5.9843576363918505,32,32,False,,
future_idio_vol_annualized,NETWORK,COMMON_DATE,neighbor_retention_1m,RAW_COMMON,60,91,REGIME_MEAN,HIGH,-0.08703214735979396,0.0156006578753086,-5.578748540953589,27,27,False,,
future_idio_vol_annualized,NETWORK,COMMON_DATE,neighbor_retention_1m,RAW_COMMON,60,91,HIGH_MINUS_LOW,HIGH_MINUS_LOW,-0.032179571841505716,0.017993681766064726,-1.7883817364267796,59,27,False,0.07371444084340072,0.33944900512433285
future_idio_vol_annualized,NETWORK,COMMON_DATE,neighbor_retention_1m,INDUSTRY_SIZE_COMMON,60,91,REGIME_MEAN,LOW,-0.0676808479616628,0.005820000359281168,-11.62901095937769,32,32,False,,
future_idio_vol_annualized,NETWORK,COMMON_DATE,neighbor_retention_1m,INDUSTRY_SIZE_COMMON,60,91,REGIME_MEAN,MEDIUM,-0.07127331876140919,0.009341433882083508,-7.6298049808079815,32,32,False,,
future_idio_vol_annualized,NETWORK,COMMON_DATE,neighbor_retention_1m,INDUSTRY_SIZE_COMMON,60,91,REGIME_MEAN,HIGH,-0.07822846794977698,0.013655104613703749,-5.728880895666653,27,27,False,,
future_idio_vol_annualized,NETWORK,COMMON_DATE,neighbor_retention_1m,INDUSTRY_SIZE_COMMON,60,91,HIGH_MINUS_LOW,HIGH_MINUS_LOW,-0.010547619988114182,0.014196690839078617,-0.7429632798004028,59,27,False,0.45750391225555254,0.49410422523599673
future_idio_vol_annualized,NETWORK,COMMON_DATE,neighbor_retention_1m,FULL_CHARACTERISTIC_NEUTRAL,60,91,REGIME_MEAN,LOW,-0.07073784547683012,0.0057389500508613035,-12.325921091823018,32,32,False,,
future_idio_vol_annualized,NETWORK,COMMON_DATE,neighbor_retention_1m,FULL_CHARACTERISTIC_NEUTRAL,60,91,REGIME_MEAN,MEDIUM,-0.06355519122153809,0.006671209778042506,-9.526786495415337,32,32,False,,
future_idio_vol_annualized,NETWORK,COMMON_DATE,neighbor_retention_1m,FULL_CHARACTERISTIC_NEUTRAL,60,91,REGIME_MEAN,HIGH,-0.061723619919984214,0.010271283495089746,-6.0093385553511,27,27,False,,
future_idio_vol_annualized,NETWORK,COMMON_DATE,neighbor_retention_1m,FULL_CHARACTERISTIC_NEUTRAL,60,91,HIGH_MINUS_LOW,HIGH_MINUS_LOW,0.00901422555684591,0.011427662821316499,0.7888074488889624,59,27,False,0.4302245552008398,0.6832978229660397
future_idio_vol_annualized,NETWORK,COMMON_DATE,outside_community_degree_percentile,RAW_COMMON,60,91,REGIME_MEAN,LOW,-0.18386781251749784,0.010185390400430802,-18.052112416792678,32,32,False,,
future_idio_vol_annualized,NETWORK,COMMON_DATE,outside_community_degree_percentile,RAW_COMMON,60,91,REGIME_MEAN,MEDIUM,-0.19593660456582826,0.018064699045933955,-10.846380782077304,32,32,False,,
future_idio_vol_annualized,NETWORK,COMMON_DATE,outside_community_degree_percentile,RAW_COMMON,60,91,REGIME_MEAN,HIGH,-0.19477656319660938,0.01945327364191985,-10.01253397150007,27,27,False,,
future_idio_vol_annualized,NETWORK,COMMON_DATE,outside_community_degree_percentile,RAW_COMMON,60,91,HIGH_MINUS_LOW,HIGH_MINUS_LOW,-0.01090875067911154,0.021704182028166517,-0.5026105413673159,59,27,False,0.6152381164665501,0.7910204354569931
future_idio_vol_annualized,NETWORK,COMMON_DATE,outside_community_degree_percentile,INDUSTRY_SIZE_COMMON,60,91,REGIME_MEAN,LOW,-0.1489463166205327,0.008299996414963581,-17.945347103042845,32,32,False,,
future_idio_vol_annualized,NETWORK,COMMON_DATE,outside_community_degree_percentile,INDUSTRY_SIZE_COMMON,60,91,REGIME_MEAN,MEDIUM,-0.16409300544007552,0.015919866815729974,-10.307435818366258,32,32,False,,
future_idio_vol_annualized,NETWORK,COMMON_DATE,outside_community_degree_percentile,INDUSTRY_SIZE_COMMON,60,91,REGIME_MEAN,HIGH,-0.16722168501639897,0.014306122427231527,-11.688819655149501,27,27,False,,
future_idio_vol_annualized,NETWORK,COMMON_DATE,outside_community_degree_percentile,INDUSTRY_SIZE_COMMON,60,91,HIGH_MINUS_LOW,HIGH_MINUS_LOW,-0.01827536839586627,0.01617913876566497,-1.1295637339269178,59,27,False,0.25866009971056825,0.39236735306411497
future_idio_vol_annualized,NETWORK,COMMON_DATE,outside_community_degree_percentile,FULL_CHARACTERISTIC_NEUTRAL,60,91,REGIME_MEAN,LOW,-0.0765717006651206,0.004803462231674401,-15.940939466579106,32,32,False,,
future_idio_vol_annualized,NETWORK,COMMON_DATE,outside_community_degree_percentile,FULL_CHARACTERISTIC_NEUTRAL,60,91,REGIME_MEAN,MEDIUM,-0.08535136548833396,0.009317170529017791,-9.160652928108597,32,32,False,,
future_idio_vol_annualized,NETWORK,COMMON_DATE,outside_community_degree_percentile,FULL_CHARACTERISTIC_NEUTRAL,60,91,REGIME_MEAN,HIGH,-0.08532472101253899,0.008325856856312645,-10.248160938275799,27,27,False,,
future_idio_vol_annualized,NETWORK,COMMON_DATE,outside_community_degree_percentile,FULL_CHARACTERISTIC_NEUTRAL,60,91,HIGH_MINUS_LOW,HIGH_MINUS_LOW,-0.008753020347418386,0.009364607208021177,-0.9346916697073059,59,27,False,0.34994722116435506,0.6748982122455419
future_idio_vol_annualized,NETWORK,COMMON_DATE,residual_degree_percentile,RAW_COMMON,120,91,REGIME_MEAN,LOW,-0.09384897924010813,0.016822483666265056,-5.57878260439676,19,19,False,,
future_idio_vol_annualized,NETWORK,COMMON_DATE,residual_degree_percentile,RAW_COMMON,120,91,REGIME_MEAN,MEDIUM,-0.08157926938420988,0.018572667055506174,-4.392436968821038,36,36,False,,
future_idio_vol_annualized,NETWORK,COMMON_DATE,residual_degree_percentile,RAW_COMMON,120,91,REGIME_MEAN,HIGH,-0.11603925289750464,0.018672794323652264,-6.214348580411515,36,36,False,,
future_idio_vol_annualized,NETWORK,COMMON_DATE,residual_degree_percentile,RAW_COMMON,120,91,HIGH_MINUS_LOW,HIGH_MINUS_LOW,-0.02219027365739651,0.02500729260791685,-0.8873521018573388,55,19,False,0.37488936268361517,0.5643143523900758
future_idio_vol_annualized,NETWORK,COMMON_DATE,residual_degree_percentile,INDUSTRY_SIZE_COMMON,120,91,REGIME_MEAN,LOW,-0.10331886494073783,0.013604256073576137,-7.594598659563346,19,19,False,,
future_idio_vol_annualized,NETWORK,COMMON_DATE,residual_degree_percentile,INDUSTRY_SIZE_COMMON,120,91,REGIME_MEAN,MEDIUM,-0.10431885709399966,0.01478834396465415,-7.05412704379434,36,36,False,,
future_idio_vol_annualized,NETWORK,COMMON_DATE,residual_degree_percentile,INDUSTRY_SIZE_COMMON,120,91,REGIME_MEAN,HIGH,-0.12026242713154235,0.014462067734306298,-8.315714553477092,36,36,False,,
future_idio_vol_annualized,NETWORK,COMMON_DATE,residual_degree_percentile,INDUSTRY_SIZE_COMMON,120,91,HIGH_MINUS_LOW,HIGH_MINUS_LOW,-0.01694356219080452,0.019832576285047615,-0.854329863517469,55,19,False,0.39292224492813327,0.46125654839389557
future_idio_vol_annualized,NETWORK,COMMON_DATE,residual_degree_percentile,FULL_CHARACTERISTIC_NEUTRAL,120,91,REGIME_MEAN,LOW,-0.05989607712792008,0.009837546653424852,-6.088517720733534,19,19,False,,
future_idio_vol_annualized,NETWORK,COMMON_DATE,residual_degree_percentile,FULL_CHARACTERISTIC_NEUTRAL,120,91,REGIME_MEAN,MEDIUM,-0.05210896001439838,0.010832942952722946,-4.810231184804715,36,36,False,,
future_idio_vol_annualized,NETWORK,COMMON_DATE,residual_degree_percentile,FULL_CHARACTERISTIC_NEUTRAL,120,91,REGIME_MEAN,HIGH,-0.05313096049891259,0.0076227022944301715,-6.97009517710469,36,36,False,,
future_idio_vol_annualized,NETWORK,COMMON_DATE,residual_degree_percentile,FULL_CHARACTERISTIC_NEUTRAL,120,91,HIGH_MINUS_LOW,HIGH_MINUS_LOW,0.0067651166290074935,0.012440917016824206,0.5437795799022559,55,19,False,0.5865931623760003,0.7140248425025825
future_idio_vol_annualized,NETWORK,COMMON_DATE,delta_degree_percentile,RAW_COMMON,120,91,REGIME_MEAN,LOW,0.13329428225866546,0.011854785972086996,11.243921448478032,19,19,False,,
future_idio_vol_annualized,NETWORK,COMMON_DATE,delta_degree_percentile,RAW_COMMON,120,91,REGIME_MEAN,MEDIUM,0.16559506168089028,0.01814723502606039,9.12508497537432,36,36,False,,
future_idio_vol_annualized,NETWORK,COMMON_DATE,delta_degree_percentile,RAW_COMMON,120,91,REGIME_MEAN,HIGH,0.0960944406154583,0.02608462383833713,3.6839496406394883,36,36,False,,
future_idio_vol_annualized,NETWORK,COMMON_DATE,delta_degree_percentile,RAW_COMMON,120,91,HIGH_MINUS_LOW,HIGH_MINUS_LOW,-0.037199841643207165,0.028661253035224845,-1.2979140024858071,55,19,False,0.1943168878406491,0.3902898510427443
future_idio_vol_annualized,NETWORK,COMMON_DATE,delta_degree_percentile,INDUSTRY_SIZE_COMMON,120,91,REGIME_MEAN,LOW,0.12879704225402064,0.01305815949115643,9.863338117538522,19,19,False,,
future_idio_vol_annualized,NETWORK,COMMON_DATE,delta_degree_percentile,INDUSTRY_SIZE_COMMON,120,91,REGIME_MEAN,MEDIUM,0.1707555743820209,0.014115324380186287,12.097176783390886,36,36,False,,
future_idio_vol_annualized,NETWORK,COMMON_DATE,delta_degree_percentile,INDUSTRY_SIZE_COMMON,120,91,REGIME_MEAN,HIGH,0.12475105393863246,0.018309597334730005,6.81342421998556,36,36,False,,
future_idio_vol_annualized,NETWORK,COMMON_DATE,delta_degree_percentile,INDUSTRY_SIZE_COMMON,120,91,HIGH_MINUS_LOW,HIGH_MINUS_LOW,-0.004045988315388174,0.02248822937368742,-0.17991582388083535,55,19,False,0.8572186522525602,0.8901886004161201
future_idio_vol_annualized,NETWORK,COMMON_DATE,delta_degree_percentile,FULL_CHARACTERISTIC_NEUTRAL,120,91,REGIME_MEAN,LOW,0.004706716180922289,0.00747693742714907,0.6294978695196789,19,19,False,,
future_idio_vol_annualized,NETWORK,COMMON_DATE,delta_degree_percentile,FULL_CHARACTERISTIC_NEUTRAL,120,91,REGIME_MEAN,MEDIUM,0.030966790610698305,0.009582552702922197,3.231580516249599,36,36,False,,
future_idio_vol_annualized,NETWORK,COMMON_DATE,delta_degree_percentile,FULL_CHARACTERISTIC_NEUTRAL,120,91,REGIME_MEAN,HIGH,0.03028228450451839,0.006739015684756135,4.493576795349782,36,36,False,,
future_idio_vol_annualized,NETWORK,COMMON_DATE,delta_degree_percentile,FULL_CHARACTERISTIC_NEUTRAL,120,91,HIGH_MINUS_LOW,HIGH_MINUS_LOW,0.0255755683235961,0.01006632971993306,2.5407044111571357,55,19,False,0.011062940426410664,0.14934969575654397
future_idio_vol_annualized,NETWORK,COMMON_DATE,cross_industry_degree_percentile,RAW_COMMON,120,91,REGIME_MEAN,LOW,-0.1137617968450589,0.021040891968356366,-5.4067002965533275,19,19,False,,
future_idio_vol_annualized,NETWORK,COMMON_DATE,cross_industry_degree_percentile,RAW_COMMON,120,91,REGIME_MEAN,MEDIUM,-0.104654140095159,0.01681185968044851,-6.225018652568663,36,36,False,,
future_idio_vol_annualized,NETWORK,COMMON_DATE,cross_industry_degree_percentile,RAW_COMMON,120,91,REGIME_MEAN,HIGH,-0.1250442162265219,0.01923897058966828,-6.499527386027254,36,36,False,,
future_idio_vol_annualized,NETWORK,COMMON_DATE,cross_industry_degree_percentile,RAW_COMMON,120,91,HIGH_MINUS_LOW,HIGH_MINUS_LOW,-0.011282419381463002,0.02834518326848561,-0.398036564963998,55,19,False,0.6906032328746213,0.8107081429397729
future_idio_vol_annualized,NETWORK,COMMON_DATE,cross_industry_degree_percentile,INDUSTRY_SIZE_COMMON,120,91,REGIME_MEAN,LOW,-0.09570666926099514,0.012064822706740305,-7.932704158804281,19,19,False,,
future_idio_vol_annualized,NETWORK,COMMON_DATE,cross_industry_degree_percentile,INDUSTRY_SIZE_COMMON,120,91,REGIME_MEAN,MEDIUM,-0.1047528498072068,0.013471490194679577,-7.775891775401197,36,36,False,,
future_idio_vol_annualized,NETWORK,COMMON_DATE,cross_industry_degree_percentile,INDUSTRY_SIZE_COMMON,120,91,REGIME_MEAN,HIGH,-0.11606884139764731,0.015872090471128152,-7.3127633444869975,36,36,False,,
future_idio_vol_annualized,NETWORK,COMMON_DATE,cross_industry_degree_percentile,INDUSTRY_SIZE_COMMON,120,91,HIGH_MINUS_LOW,HIGH_MINUS_LOW,-0.020362172136652174,0.01989589065360687,-1.0234360698479599,55,19,False,0.30610171242051687,0.39355934454066455
future_idio_vol_annualized,NETWORK,COMMON_DATE,cross_industry_degree_percentile,FULL_CHARACTERISTIC_NEUTRAL,120,91,REGIME_MEAN,LOW,-0.05656114742472453,0.008263096461277403,-6.845030514865933,19,19,False,,
future_idio_vol_annualized,NETWORK,COMMON_DATE,cross_industry_degree_percentile,FULL_CHARACTERISTIC_NEUTRAL,120,91,REGIME_MEAN,MEDIUM,-0.06032145400457886,0.00924465095017866,-6.525011526088295,36,36,False,,
future_idio_vol_annualized,NETWORK,COMMON_DATE,cross_industry_degree_percentile,FULL_CHARACTERISTIC_NEUTRAL,120,91,REGIME_MEAN,HIGH,-0.05384157640476201,0.008076195405142034,-6.66670055685894,36,36,False,,
future_idio_vol_annualized,NETWORK,COMMON_DATE,cross_industry_degree_percentile,FULL_CHARACTERISTIC_NEUTRAL,120,91,HIGH_MINUS_LOW,HIGH_MINUS_LOW,0.0027195710199625217,0.01154783175076194,0.23550490504705188,55,19,False,0.8138168722285722,0.8138168722285722
future_idio_vol_annualized,NETWORK,COMMON_DATE,cross_industry_degree_ratio,RAW_COMMON,120,91,REGIME_MEAN,LOW,-0.038211122264737066,0.014571787331403716,-2.6222673578544566,19,19,False,,
future_idio_vol_annualized,NETWORK,COMMON_DATE,cross_industry_degree_ratio,RAW_COMMON,120,91,REGIME_MEAN,MEDIUM,-0.04605612259125307,0.013104037969944788,-3.5146511859082414,36,36,False,,
future_idio_vol_annualized,NETWORK,COMMON_DATE,cross_industry_degree_ratio,RAW_COMMON,120,91,REGIME_MEAN,HIGH,-0.03544382649662504,0.011771978030486926,-3.010864138960593,36,36,False,,
future_idio_vol_annualized,NETWORK,COMMON_DATE,cross_industry_degree_ratio,RAW_COMMON,120,91,HIGH_MINUS_LOW,HIGH_MINUS_LOW,0.0027672957681120283,0.018792844875889777,0.1472526265388548,55,19,False,0.8829326233157346,0.9035928955340908
future_idio_vol_annualized,NETWORK,COMMON_DATE,cross_industry_degree_ratio,INDUSTRY_SIZE_COMMON,120,91,REGIME_MEAN,LOW,0.018547721075321225,0.008038140904822497,2.3074640386303114,19,19,False,,
future_idio_vol_annualized,NETWORK,COMMON_DATE,cross_industry_degree_ratio,INDUSTRY_SIZE_COMMON,120,91,REGIME_MEAN,MEDIUM,0.003389037146309103,0.00849158688120339,0.3991052784033723,36,36,False,,
future_idio_vol_annualized,NETWORK,COMMON_DATE,cross_industry_degree_ratio,INDUSTRY_SIZE_COMMON,120,91,REGIME_MEAN,HIGH,-0.009068584968001635,0.008609742770512942,-1.0532933688867172,36,36,False,,
future_idio_vol_annualized,NETWORK,COMMON_DATE,cross_industry_degree_ratio,INDUSTRY_SIZE_COMMON,120,91,HIGH_MINUS_LOW,HIGH_MINUS_LOW,-0.02761630604332286,0.011801556318656148,-2.34005628559908,55,19,False,0.019280833879262098,0.26029125737003833
future_idio_vol_annualized,NETWORK,COMMON_DATE,cross_industry_degree_ratio,FULL_CHARACTERISTIC_NEUTRAL,120,91,REGIME_MEAN,LOW,0.015219114907912215,0.007197526049812402,2.114492507923454,19,19,False,,
future_idio_vol_annualized,NETWORK,COMMON_DATE,cross_industry_degree_ratio,FULL_CHARACTERISTIC_NEUTRAL,120,91,REGIME_MEAN,MEDIUM,-0.005488627530351487,0.006786399340878912,-0.8087687232447258,36,36,False,,
future_idio_vol_annualized,NETWORK,COMMON_DATE,cross_industry_degree_ratio,FULL_CHARACTERISTIC_NEUTRAL,120,91,REGIME_MEAN,HIGH,-0.004325571047130266,0.00667185631353997,-0.6483309657541462,36,36,False,,
future_idio_vol_annualized,NETWORK,COMMON_DATE,cross_industry_degree_ratio,FULL_CHARACTERISTIC_NEUTRAL,120,91,HIGH_MINUS_LOW,HIGH_MINUS_LOW,-0.019544685955042482,0.009855444150078,-1.983135986305376,55,19,False,0.04735224187544714,0.25570210612741456
future_idio_vol_annualized,NETWORK,COMMON_DATE,delta_residual_degree_percentile_1m,RAW_COMMON,120,91,REGIME_MEAN,LOW,-0.010304292645696548,0.015741341101579397,-0.6546006835886857,19,19,False,,
future_idio_vol_annualized,NETWORK,COMMON_DATE,delta_residual_degree_percentile_1m,RAW_COMMON,120,91,REGIME_MEAN,MEDIUM,-0.025250903658118412,0.011933743770449467,-2.11592473777132,36,36,False,,
future_idio_vol_annualized,NETWORK,COMMON_DATE,delta_residual_degree_percentile_1m,RAW_COMMON,120,91,REGIME_MEAN,HIGH,-0.03404892480287536,0.009713180147209507,-3.5054353246662733,36,36,False,,
future_idio_vol_annualized,NETWORK,COMMON_DATE,delta_residual_degree_percentile_1m,RAW_COMMON,120,91,HIGH_MINUS_LOW,HIGH_MINUS_LOW,-0.02374463215717881,0.01851287317034384,-1.2826011359066531,55,19,False,0.19963185202152098,0.3902898510427443
future_idio_vol_annualized,NETWORK,COMMON_DATE,delta_residual_degree_percentile_1m,INDUSTRY_SIZE_COMMON,120,91,REGIME_MEAN,LOW,-0.017698857386989238,0.012476744126856402,-1.4185477562926172,19,19,False,,
future_idio_vol_annualized,NETWORK,COMMON_DATE,delta_residual_degree_percentile_1m,INDUSTRY_SIZE_COMMON,120,91,REGIME_MEAN,MEDIUM,-0.028923192153923024,0.008378271211858673,-3.4521670906266326,36,36,False,,
future_idio_vol_annualized,NETWORK,COMMON_DATE,delta_residual_degree_percentile_1m,INDUSTRY_SIZE_COMMON,120,91,REGIME_MEAN,HIGH,-0.03579909675834251,0.008574662099512359,-4.174986296005577,36,36,False,,
future_idio_vol_annualized,NETWORK,COMMON_DATE,delta_residual_degree_percentile_1m,INDUSTRY_SIZE_COMMON,120,91,HIGH_MINUS_LOW,HIGH_MINUS_LOW,-0.01810023937135327,0.015135612476962795,-1.1958709565868442,55,19,False,0.2317469205555783,0.39236735306411497
future_idio_vol_annualized,NETWORK,COMMON_DATE,delta_residual_degree_percentile_1m,FULL_CHARACTERISTIC_NEUTRAL,120,91,REGIME_MEAN,LOW,0.0009697999416847418,0.005716479103123111,0.16964987087154862,19,19,False,,
future_idio_vol_annualized,NETWORK,COMMON_DATE,delta_residual_degree_percentile_1m,FULL_CHARACTERISTIC_NEUTRAL,120,91,REGIME_MEAN,MEDIUM,0.002125861961184744,0.005756366263373952,0.36930623659425077,36,36,False,,
future_idio_vol_annualized,NETWORK,COMMON_DATE,delta_residual_degree_percentile_1m,FULL_CHARACTERISTIC_NEUTRAL,120,91,REGIME_MEAN,HIGH,0.004746558684097891,0.006097012002438452,0.7785057143071954,36,36,False,,
future_idio_vol_annualized,NETWORK,COMMON_DATE,delta_residual_degree_percentile_1m,FULL_CHARACTERISTIC_NEUTRAL,120,91,HIGH_MINUS_LOW,HIGH_MINUS_LOW,0.003776758742413149,0.008293187605012783,0.45540495672982273,55,19,False,0.6488179299361674,0.7299201711781883
future_idio_vol_annualized,NETWORK,COMMON_DATE,delta_cross_industry_degree_percentile_1m,RAW_COMMON,120,91,REGIME_MEAN,LOW,-0.021457026033771847,0.015376644412645885,-1.3954296827027752,19,19,False,,
future_idio_vol_annualized,NETWORK,COMMON_DATE,delta_cross_industry_degree_percentile_1m,RAW_COMMON,120,91,REGIME_MEAN,MEDIUM,-0.028266111463184862,0.010554471200781233,-2.6781172571765253,36,36,False,,
future_idio_vol_annualized,NETWORK,COMMON_DATE,delta_cross_industry_degree_percentile_1m,RAW_COMMON,120,91,REGIME_MEAN,HIGH,-0.03653686168939824,0.00897327608417392,-4.071741618854004,36,36,False,,
future_idio_vol_annualized,NETWORK,COMMON_DATE,delta_cross_industry_degree_percentile_1m,RAW_COMMON,120,91,HIGH_MINUS_LOW,HIGH_MINUS_LOW,-0.01507983565562639,0.017808156814154544,-0.8467937368813155,55,19,False,0.3971100998300533,0.5643143523900758
future_idio_vol_annualized,NETWORK,COMMON_DATE,delta_cross_industry_degree_percentile_1m,INDUSTRY_SIZE_COMMON,120,91,REGIME_MEAN,LOW,-0.022527654496732587,0.011100468219544139,-2.0294328177138574,19,19,False,,
future_idio_vol_annualized,NETWORK,COMMON_DATE,delta_cross_industry_degree_percentile_1m,INDUSTRY_SIZE_COMMON,120,91,REGIME_MEAN,MEDIUM,-0.027304378147635488,0.007381167346230834,-3.6991951092368023,36,36,False,,
future_idio_vol_annualized,NETWORK,COMMON_DATE,delta_cross_industry_degree_percentile_1m,INDUSTRY_SIZE_COMMON,120,91,REGIME_MEAN,HIGH,-0.033576602282401495,0.008379671259957769,-4.006911636599299,36,36,False,,
future_idio_vol_annualized,NETWORK,COMMON_DATE,delta_cross_industry_degree_percentile_1m,INDUSTRY_SIZE_COMMON,120,91,HIGH_MINUS_LOW,HIGH_MINUS_LOW,-0.011048947785668908,0.013907394782151512,-0.7944656751851842,55,19,False,0.4269243838419361,0.4802899318221781
future_idio_vol_annualized,NETWORK,COMMON_DATE,delta_cross_industry_degree_percentile_1m,FULL_CHARACTERISTIC_NEUTRAL,120,91,REGIME_MEAN,LOW,-0.002336304458360563,0.0060176728192221415,-0.3882405256227538,19,19,False,,
future_idio_vol_annualized,NETWORK,COMMON_DATE,delta_cross_industry_degree_percentile_1m,FULL_CHARACTERISTIC_NEUTRAL,120,91,REGIME_MEAN,MEDIUM,-0.003974601954329413,0.004968928898192492,-0.7998910903666225,36,36,False,,
future_idio_vol_annualized,NETWORK,COMMON_DATE,delta_cross_industry_degree_percentile_1m,FULL_CHARACTERISTIC_NEUTRAL,120,91,REGIME_MEAN,HIGH,0.0022038319144106933,0.0063550561636117504,0.34678401853150514,36,36,False,,
future_idio_vol_annualized,NETWORK,COMMON_DATE,delta_cross_industry_degree_percentile_1m,FULL_CHARACTERISTIC_NEUTRAL,120,91,HIGH_MINUS_LOW,HIGH_MINUS_LOW,0.004540136372771257,0.008695035731690708,0.5221526987202443,55,19,False,0.6015640169417662,0.7140248425025825
future_idio_vol_annualized,NETWORK,COMMON_DATE,neighbor_jaccard_1m,RAW_COMMON,120,91,REGIME_MEAN,LOW,-0.0944363300251404,0.011130339042423394,-8.484587007205748,19,19,False,,
future_idio_vol_annualized,NETWORK,COMMON_DATE,neighbor_jaccard_1m,RAW_COMMON,120,91,REGIME_MEAN,MEDIUM,-0.04798318532326169,0.01378036213281755,-3.4819974149293995,36,36,False,,
future_idio_vol_annualized,NETWORK,COMMON_DATE,neighbor_jaccard_1m,RAW_COMMON,120,91,REGIME_MEAN,HIGH,-0.08478479873388725,0.012744196083569376,-6.652816558841022,36,36,False,,
future_idio_vol_annualized,NETWORK,COMMON_DATE,neighbor_jaccard_1m,RAW_COMMON,120,91,HIGH_MINUS_LOW,HIGH_MINUS_LOW,0.009651531291253151,0.01690974355858272,0.5707674547408742,55,19,False,0.5681572868549507,0.7670123372541834
future_idio_vol_annualized,NETWORK,COMMON_DATE,neighbor_jaccard_1m,INDUSTRY_SIZE_COMMON,120,91,REGIME_MEAN,LOW,-0.09762893166816902,0.008179634585051877,-11.935610405700029,19,19,False,,
future_idio_vol_annualized,NETWORK,COMMON_DATE,neighbor_jaccard_1m,INDUSTRY_SIZE_COMMON,120,91,REGIME_MEAN,MEDIUM,-0.06089808962593497,0.012455386645838997,-4.889297406618795,36,36,False,,
future_idio_vol_annualized,NETWORK,COMMON_DATE,neighbor_jaccard_1m,INDUSTRY_SIZE_COMMON,120,91,REGIME_MEAN,HIGH,-0.07301180851548486,0.009093109134292846,-8.02935579428332,36,36,False,,
future_idio_vol_annualized,NETWORK,COMMON_DATE,neighbor_jaccard_1m,INDUSTRY_SIZE_COMMON,120,91,HIGH_MINUS_LOW,HIGH_MINUS_LOW,0.02461712315268416,0.012219286537392326,2.0146121524651317,55,19,False,0.043945303155933806,0.29354265706638005
future_idio_vol_annualized,NETWORK,COMMON_DATE,neighbor_jaccard_1m,FULL_CHARACTERISTIC_NEUTRAL,120,91,REGIME_MEAN,LOW,-0.05806860859259354,0.0059184285159826966,-9.811491080069558,19,19,False,,
future_idio_vol_annualized,NETWORK,COMMON_DATE,neighbor_jaccard_1m,FULL_CHARACTERISTIC_NEUTRAL,120,91,REGIME_MEAN,MEDIUM,-0.041865197777393046,0.008601410167838107,-4.867248155881807,36,36,False,,
future_idio_vol_annualized,NETWORK,COMMON_DATE,neighbor_jaccard_1m,FULL_CHARACTERISTIC_NEUTRAL,120,91,REGIME_MEAN,HIGH,-0.043457882257008716,0.006415119653752215,-6.774290208537283,36,36,False,,
future_idio_vol_annualized,NETWORK,COMMON_DATE,neighbor_jaccard_1m,FULL_CHARACTERISTIC_NEUTRAL,120,91,HIGH_MINUS_LOW,HIGH_MINUS_LOW,0.014610726335584821,0.008736552236038735,1.6723675359388124,55,19,False,0.09445186962295443,0.3187278795485644
future_idio_vol_annualized,NETWORK,COMMON_DATE,neighbor_retention_1m,RAW_COMMON,120,91,REGIME_MEAN,LOW,-0.08398091462496629,0.00753914854397557,-11.139310246390394,19,19,False,,
future_idio_vol_annualized,NETWORK,COMMON_DATE,neighbor_retention_1m,RAW_COMMON,120,91,REGIME_MEAN,MEDIUM,-0.050496901839698204,0.015532432431731536,-3.2510620639518772,36,36,False,,
future_idio_vol_annualized,NETWORK,COMMON_DATE,neighbor_retention_1m,RAW_COMMON,120,91,REGIME_MEAN,HIGH,-0.08118568249145472,0.014055385541690654,-5.776126328989285,36,36,False,,
future_idio_vol_annualized,NETWORK,COMMON_DATE,neighbor_retention_1m,RAW_COMMON,120,91,HIGH_MINUS_LOW,HIGH_MINUS_LOW,0.0027952321335115715,0.01594960012150226,0.17525405729408933,55,19,False,0.8608800099602648,0.9035928955340908
future_idio_vol_annualized,NETWORK,COMMON_DATE,neighbor_retention_1m,INDUSTRY_SIZE_COMMON,120,91,REGIME_MEAN,LOW,-0.09230114345598203,0.005435909235615417,-16.979890475587073,19,19,False,,
future_idio_vol_annualized,NETWORK,COMMON_DATE,neighbor_retention_1m,INDUSTRY_SIZE_COMMON,120,91,REGIME_MEAN,MEDIUM,-0.06583726813803999,0.012903015779274381,-5.102471334166069,36,36,False,,
future_idio_vol_annualized,NETWORK,COMMON_DATE,neighbor_retention_1m,INDUSTRY_SIZE_COMMON,120,91,REGIME_MEAN,HIGH,-0.07175108184953585,0.009773005642341286,-7.341762040807201,36,36,False,,
future_idio_vol_annualized,NETWORK,COMMON_DATE,neighbor_retention_1m,INDUSTRY_SIZE_COMMON,120,91,HIGH_MINUS_LOW,HIGH_MINUS_LOW,0.02055006160644618,0.01117950981781406,1.8381898617505175,55,19,False,0.06603443318867162,0.29354265706638005
future_idio_vol_annualized,NETWORK,COMMON_DATE,neighbor_retention_1m,FULL_CHARACTERISTIC_NEUTRAL,120,91,REGIME_MEAN,LOW,-0.04729716931915015,0.004419809268072292,-10.701178818012412,19,19,False,,
future_idio_vol_annualized,NETWORK,COMMON_DATE,neighbor_retention_1m,FULL_CHARACTERISTIC_NEUTRAL,120,91,REGIME_MEAN,MEDIUM,-0.03414577957020953,0.00784849627670157,-4.350614228049265,36,36,False,,
future_idio_vol_annualized,NETWORK,COMMON_DATE,neighbor_retention_1m,FULL_CHARACTERISTIC_NEUTRAL,120,91,REGIME_MEAN,HIGH,-0.028695764800510275,0.006413565948586214,-4.474229318065386,36,36,False,,
future_idio_vol_annualized,NETWORK,COMMON_DATE,neighbor_retention_1m,FULL_CHARACTERISTIC_NEUTRAL,120,91,HIGH_MINUS_LOW,HIGH_MINUS_LOW,0.018601404518639876,0.007789378539113995,2.3880473166419893,55,19,False,0.016938160872838556,0.152443447855547
future_idio_vol_annualized,NETWORK,COMMON_DATE,outside_community_degree_percentile,RAW_COMMON,120,91,REGIME_MEAN,LOW,-0.1626654359217944,0.017505751795826134,-9.292113690345959,19,19,False,,
future_idio_vol_annualized,NETWORK,COMMON_DATE,outside_community_degree_percentile,RAW_COMMON,120,91,REGIME_MEAN,MEDIUM,-0.18183372547552829,0.019103892195768087,-9.518150731389087,36,36,False,,
future_idio_vol_annualized,NETWORK,COMMON_DATE,outside_community_degree_percentile,RAW_COMMON,120,91,REGIME_MEAN,HIGH,-0.1735524680255341,0.017367958050264132,-9.992681207730962,36,36,False,,
future_idio_vol_annualized,NETWORK,COMMON_DATE,outside_community_degree_percentile,RAW_COMMON,120,91,HIGH_MINUS_LOW,HIGH_MINUS_LOW,-0.010887032103739702,0.024324811483418127,-0.44756902273060717,55,19,False,0.6544642636639071,0.8032061417693406
future_idio_vol_annualized,NETWORK,COMMON_DATE,outside_community_degree_percentile,INDUSTRY_SIZE_COMMON,120,91,REGIME_MEAN,LOW,-0.13988973636062665,0.010630558011446897,-13.15920916004546,19,19,False,,
future_idio_vol_annualized,NETWORK,COMMON_DATE,outside_community_degree_percentile,INDUSTRY_SIZE_COMMON,120,91,REGIME_MEAN,MEDIUM,-0.15988374757804402,0.014359247936651916,-11.134548848477047,36,36,False,,
future_idio_vol_annualized,NETWORK,COMMON_DATE,outside_community_degree_percentile,INDUSTRY_SIZE_COMMON,120,91,REGIME_MEAN,HIGH,-0.15681265235796485,0.015387271856842093,-10.191062705390276,36,36,False,,
future_idio_vol_annualized,NETWORK,COMMON_DATE,outside_community_degree_percentile,INDUSTRY_SIZE_COMMON,120,91,HIGH_MINUS_LOW,HIGH_MINUS_LOW,-0.016922915997338195,0.018598195853248834,-0.9099224532782844,55,19,False,0.3628634075130052,0.44533236376596097
future_idio_vol_annualized,NETWORK,COMMON_DATE,outside_community_degree_percentile,FULL_CHARACTERISTIC_NEUTRAL,120,91,REGIME_MEAN,LOW,-0.07687189465737931,0.00812328686524409,-9.463151545993009,19,19,False,,
future_idio_vol_annualized,NETWORK,COMMON_DATE,outside_community_degree_percentile,FULL_CHARACTERISTIC_NEUTRAL,120,91,REGIME_MEAN,MEDIUM,-0.08999265060127233,0.008344907516427618,-10.784139958904829,36,36,False,,
future_idio_vol_annualized,NETWORK,COMMON_DATE,outside_community_degree_percentile,FULL_CHARACTERISTIC_NEUTRAL,120,91,REGIME_MEAN,HIGH,-0.07049636954042052,0.009461671384551024,-7.450731131449638,36,36,False,,
future_idio_vol_annualized,NETWORK,COMMON_DATE,outside_community_degree_percentile,FULL_CHARACTERISTIC_NEUTRAL,120,91,HIGH_MINUS_LOW,HIGH_MINUS_LOW,0.006375525116958797,0.012438046341282373,0.5125825183492181,55,19,False,0.6082433843540518,0.7140248425025825
future_idio_vol_annualized,NETWORK,COMMON_DATE,residual_degree_percentile,RAW_COMMON,252,91,REGIME_MEAN,LOW,-0.04993017417483583,0.02126123191535115,-2.34841397589878,28,28,False,,
future_idio_vol_annualized,NETWORK,COMMON_DATE,residual_degree_percentile,RAW_COMMON,252,91,REGIME_MEAN,MEDIUM,-0.055200558837573646,0.016450438005255093,-3.3555677253055407,18,18,False,,
future_idio_vol_annualized,NETWORK,COMMON_DATE,residual_degree_percentile,RAW_COMMON,252,91,REGIME_MEAN,HIGH,-0.0980484416997365,0.01750456156987535,-5.601308053808896,45,45,False,,
future_idio_vol_annualized,NETWORK,COMMON_DATE,residual_degree_percentile,RAW_COMMON,252,91,HIGH_MINUS_LOW,HIGH_MINUS_LOW,-0.04811826752490068,0.027065853907646,-1.777821889126042,73,28,False,0.07543311224985175,0.33944900512433285
future_idio_vol_annualized,NETWORK,COMMON_DATE,residual_degree_percentile,INDUSTRY_SIZE_COMMON,252,91,REGIME_MEAN,LOW,-0.07650840374615284,0.01831778752397582,-4.176727328342048,28,28,False,,
future_idio_vol_annualized,NETWORK,COMMON_DATE,residual_degree_percentile,INDUSTRY_SIZE_COMMON,252,91,REGIME_MEAN,MEDIUM,-0.09999362269762738,0.01697100275151545,-5.892027958613012,18,18,False,,
future_idio_vol_annualized,NETWORK,COMMON_DATE,residual_degree_percentile,INDUSTRY_SIZE_COMMON,252,91,REGIME_MEAN,HIGH,-0.1059629284353002,0.012188031853442721,-8.694014727682971,45,45,False,,
future_idio_vol_annualized,NETWORK,COMMON_DATE,residual_degree_percentile,INDUSTRY_SIZE_COMMON,252,91,HIGH_MINUS_LOW,HIGH_MINUS_LOW,-0.02945452468914736,0.021507781129077332,-1.3694822591125622,73,28,False,0.17084857664856068,0.37772179871904155
future_idio_vol_annualized,NETWORK,COMMON_DATE,residual_degree_percentile,FULL_CHARACTERISTIC_NEUTRAL,252,91,REGIME_MEAN,LOW,-0.04419074157234415,0.015855027572926242,-2.7871753214610275,28,28,False,,
future_idio_vol_annualized,NETWORK,COMMON_DATE,residual_degree_percentile,FULL_CHARACTERISTIC_NEUTRAL,252,91,REGIME_MEAN,MEDIUM,-0.046773329079530135,0.00939591925509097,-4.97804715107434,18,18,False,,
future_idio_vol_annualized,NETWORK,COMMON_DATE,residual_degree_percentile,FULL_CHARACTERISTIC_NEUTRAL,252,91,REGIME_MEAN,HIGH,-0.0491111217435213,0.007148163359466241,-6.870453188298213,45,45,False,,
future_idio_vol_annualized,NETWORK,COMMON_DATE,residual_degree_percentile,FULL_CHARACTERISTIC_NEUTRAL,252,91,HIGH_MINUS_LOW,HIGH_MINUS_LOW,-0.004920380171177151,0.01770192699388624,-0.277957319159463,73,28,False,0.7810451225021958,0.8110853195215111
future_idio_vol_annualized,NETWORK,COMMON_DATE,delta_degree_percentile,RAW_COMMON,252,91,REGIME_MEAN,LOW,0.17888481208231258,0.012867161203208063,13.90243032299251,28,28,False,,
future_idio_vol_annualized,NETWORK,COMMON_DATE,delta_degree_percentile,RAW_COMMON,252,91,REGIME_MEAN,MEDIUM,0.17372812812621496,0.017310935806351554,10.03574446058961,18,18,False,,
future_idio_vol_annualized,NETWORK,COMMON_DATE,delta_degree_percentile,RAW_COMMON,252,91,REGIME_MEAN,HIGH,0.1025931845032078,0.026002674272163382,3.945485892312114,45,45,False,,
future_idio_vol_annualized,NETWORK,COMMON_DATE,delta_degree_percentile,RAW_COMMON,252,91,HIGH_MINUS_LOW,HIGH_MINUS_LOW,-0.07629162757910478,0.027990046210612008,-2.7256699401296434,73,28,False,0.006417113267236079,0.17326205821537413
future_idio_vol_annualized,NETWORK,COMMON_DATE,delta_degree_percentile,INDUSTRY_SIZE_COMMON,252,91,REGIME_MEAN,LOW,0.16409233525151756,0.010291695496582386,15.944149854220669,28,28,False,,
future_idio_vol_annualized,NETWORK,COMMON_DATE,delta_degree_percentile,INDUSTRY_SIZE_COMMON,252,91,REGIME_MEAN,MEDIUM,0.16176702689525957,0.018893352786380067,8.562113285254219,18,18,False,,
future_idio_vol_annualized,NETWORK,COMMON_DATE,delta_degree_percentile,INDUSTRY_SIZE_COMMON,252,91,REGIME_MEAN,HIGH,0.14178873375659767,0.01870649898146478,7.579651002418367,45,45,False,,
future_idio_vol_annualized,NETWORK,COMMON_DATE,delta_degree_percentile,INDUSTRY_SIZE_COMMON,252,91,HIGH_MINUS_LOW,HIGH_MINUS_LOW,-0.02230360149491989,0.020469708175337168,-1.0895905942514745,73,28,False,0.27589352816444007,0.39236735306411497
future_idio_vol_annualized,NETWORK,COMMON_DATE,delta_degree_percentile,FULL_CHARACTERISTIC_NEUTRAL,252,91,REGIME_MEAN,LOW,0.044606244431762525,0.010173073336618767,4.3847363481789605,28,28,False,,
future_idio_vol_annualized,NETWORK,COMMON_DATE,delta_degree_percentile,FULL_CHARACTERISTIC_NEUTRAL,252,91,REGIME_MEAN,MEDIUM,0.05110143166118914,0.009924071735118193,5.149240455443013,18,18,False,,
future_idio_vol_annualized,NETWORK,COMMON_DATE,delta_degree_percentile,FULL_CHARACTERISTIC_NEUTRAL,252,91,REGIME_MEAN,HIGH,0.06289244287742649,0.0074743169365237005,8.41447364508973,45,45,False,,
future_idio_vol_annualized,NETWORK,COMMON_DATE,delta_degree_percentile,FULL_CHARACTERISTIC_NEUTRAL,252,91,HIGH_MINUS_LOW,HIGH_MINUS_LOW,0.01828619844566396,0.011992479691835176,1.5248054543810259,73,28,False,0.12730762906558887,0.3187278795485644
future_idio_vol_annualized,NETWORK,COMMON_DATE,cross_industry_degree_percentile,RAW_COMMON,252,91,REGIME_MEAN,LOW,-0.061315742941793254,0.022502578597783453,-2.724831853174061,28,28,False,,
future_idio_vol_annualized,NETWORK,COMMON_DATE,cross_industry_degree_percentile,RAW_COMMON,252,91,REGIME_MEAN,MEDIUM,-0.07191310558498501,0.016097278191722308,-4.467407764746517,18,18,False,,
future_idio_vol_annualized,NETWORK,COMMON_DATE,cross_industry_degree_percentile,RAW_COMMON,252,91,REGIME_MEAN,HIGH,-0.1081645934024549,0.014954794100449281,-7.232770486569612,45,45,False,,
future_idio_vol_annualized,NETWORK,COMMON_DATE,cross_industry_degree_percentile,RAW_COMMON,252,91,HIGH_MINUS_LOW,HIGH_MINUS_LOW,-0.04684885046066165,0.02633404480680596,-1.779022205071729,73,28,False,0.07523612157780878,0.33944900512433285
future_idio_vol_annualized,NETWORK,COMMON_DATE,cross_industry_degree_percentile,INDUSTRY_SIZE_COMMON,252,91,REGIME_MEAN,LOW,-0.06445077851888856,0.015557464393274633,-4.142755971644718,28,28,False,,
future_idio_vol_annualized,NETWORK,COMMON_DATE,cross_industry_degree_percentile,INDUSTRY_SIZE_COMMON,252,91,REGIME_MEAN,MEDIUM,-0.09512300873680356,0.016126936514242525,-5.898392955958842,18,18,False,,
future_idio_vol_annualized,NETWORK,COMMON_DATE,cross_industry_degree_percentile,INDUSTRY_SIZE_COMMON,252,91,REGIME_MEAN,HIGH,-0.10062676882728233,0.012650446055775637,-7.9544047999272385,45,45,False,,
future_idio_vol_annualized,NETWORK,COMMON_DATE,cross_industry_degree_percentile,INDUSTRY_SIZE_COMMON,252,91,HIGH_MINUS_LOW,HIGH_MINUS_LOW,-0.036175990308393774,0.01951487537351864,-1.8537648648007246,73,28,False,0.06377280717480605,0.29354265706638005
future_idio_vol_annualized,NETWORK,COMMON_DATE,cross_industry_degree_percentile,FULL_CHARACTERISTIC_NEUTRAL,252,91,REGIME_MEAN,LOW,-0.0387565263777428,0.01354965651532034,-2.860332757064471,28,28,False,,
future_idio_vol_annualized,NETWORK,COMMON_DATE,cross_industry_degree_percentile,FULL_CHARACTERISTIC_NEUTRAL,252,91,REGIME_MEAN,MEDIUM,-0.05103919704864446,0.009015001699574603,-5.661584850400292,18,18,False,,
future_idio_vol_annualized,NETWORK,COMMON_DATE,cross_industry_degree_percentile,FULL_CHARACTERISTIC_NEUTRAL,252,91,REGIME_MEAN,HIGH,-0.04933715049121135,0.006397910745245515,-7.711447135750575,45,45,False,,
future_idio_vol_annualized,NETWORK,COMMON_DATE,cross_industry_degree_percentile,FULL_CHARACTERISTIC_NEUTRAL,252,91,HIGH_MINUS_LOW,HIGH_MINUS_LOW,-0.01058062411346855,0.01516609692438614,-0.6976497754313812,73,28,False,0.4853962448136967,0.7140248425025825
future_idio_vol_annualized,NETWORK,COMMON_DATE,cross_industry_degree_ratio,RAW_COMMON,252,91,REGIME_MEAN,LOW,-0.028596132097311676,0.011536506694076066,-2.4787513981156564,28,28,False,,
future_idio_vol_annualized,NETWORK,COMMON_DATE,cross_industry_degree_ratio,RAW_COMMON,252,91,REGIME_MEAN,MEDIUM,-0.046985261933498064,0.015972258167625066,-2.941679344298024,18,18,False,,
future_idio_vol_annualized,NETWORK,COMMON_DATE,cross_industry_degree_ratio,RAW_COMMON,252,91,REGIME_MEAN,HIGH,-0.04935051402676007,0.011633769099265471,-4.242005630821394,45,45,False,,
future_idio_vol_annualized,NETWORK,COMMON_DATE,cross_industry_degree_ratio,RAW_COMMON,252,91,HIGH_MINUS_LOW,HIGH_MINUS_LOW,-0.020754381929448396,0.01628022895839956,-1.2748212560450791,73,28,False,0.20237251535549702,0.3902898510427443
future_idio_vol_annualized,NETWORK,COMMON_DATE,cross_industry_degree_ratio,INDUSTRY_SIZE_COMMON,252,91,REGIME_MEAN,LOW,0.014793109271654583,0.006808952499538695,2.1725969262756366,28,28,False,,
future_idio_vol_annualized,NETWORK,COMMON_DATE,cross_industry_degree_ratio,INDUSTRY_SIZE_COMMON,252,91,REGIME_MEAN,MEDIUM,-0.005311948039173311,0.010333164788659123,-0.5140678725072972,18,18,False,,
future_idio_vol_annualized,NETWORK,COMMON_DATE,cross_industry_degree_ratio,INDUSTRY_SIZE_COMMON,252,91,REGIME_MEAN,HIGH,-0.023707751978322998,0.008212129597952077,-2.8869188796332668,45,45,False,,
future_idio_vol_annualized,NETWORK,COMMON_DATE,cross_industry_degree_ratio,INDUSTRY_SIZE_COMMON,252,91,HIGH_MINUS_LOW,HIGH_MINUS_LOW,-0.03850086124997758,0.010839532561629306,-3.5518931310992303,73,28,False,0.00038247016757248095,0.010326694524456986
future_idio_vol_annualized,NETWORK,COMMON_DATE,cross_industry_degree_ratio,FULL_CHARACTERISTIC_NEUTRAL,252,91,REGIME_MEAN,LOW,0.011643512498356795,0.004651474523090892,2.5031874173567896,28,28,False,,
future_idio_vol_annualized,NETWORK,COMMON_DATE,cross_industry_degree_ratio,FULL_CHARACTERISTIC_NEUTRAL,252,91,REGIME_MEAN,MEDIUM,-0.012200115108391977,0.007987053733203459,-1.5274862941855705,18,18,False,,
future_idio_vol_annualized,NETWORK,COMMON_DATE,cross_industry_degree_ratio,FULL_CHARACTERISTIC_NEUTRAL,252,91,REGIME_MEAN,HIGH,-0.013304782866160901,0.005201139854342895,-2.5580513577329693,45,45,False,,
future_idio_vol_annualized,NETWORK,COMMON_DATE,cross_industry_degree_ratio,FULL_CHARACTERISTIC_NEUTRAL,252,91,HIGH_MINUS_LOW,HIGH_MINUS_LOW,-0.024948295364517696,0.007121418166546566,-3.5032762830463064,73,28,False,0.0004595725181258702,0.012408457989398497
future_idio_vol_annualized,NETWORK,COMMON_DATE,delta_residual_degree_percentile_1m,RAW_COMMON,252,91,REGIME_MEAN,LOW,-0.00747029110227534,0.009413181723767273,-0.7935989468272621,28,28,False,,
future_idio_vol_annualized,NETWORK,COMMON_DATE,delta_residual_degree_percentile_1m,RAW_COMMON,252,91,REGIME_MEAN,MEDIUM,-0.012127879400456985,0.01530576440528288,-0.7923733228424038,18,18,False,,
future_idio_vol_annualized,NETWORK,COMMON_DATE,delta_residual_degree_percentile_1m,RAW_COMMON,252,91,REGIME_MEAN,HIGH,-0.024448395040299307,0.00917286021830067,-2.6652968058449846,45,45,False,,
future_idio_vol_annualized,NETWORK,COMMON_DATE,delta_residual_degree_percentile_1m,RAW_COMMON,252,91,HIGH_MINUS_LOW,HIGH_MINUS_LOW,-0.016978103938023965,0.012885698656442504,-1.3175928128301657,73,28,False,0.1876399928415649,0.3902898510427443
future_idio_vol_annualized,NETWORK,COMMON_DATE,delta_residual_degree_percentile_1m,INDUSTRY_SIZE_COMMON,252,91,REGIME_MEAN,LOW,-0.014168322955498941,0.008478717939672527,-1.6710454406325213,28,28,False,,
future_idio_vol_annualized,NETWORK,COMMON_DATE,delta_residual_degree_percentile_1m,INDUSTRY_SIZE_COMMON,252,91,REGIME_MEAN,MEDIUM,-0.02536083709484253,0.010892815195166378,-2.328216961405556,18,18,False,,
future_idio_vol_annualized,NETWORK,COMMON_DATE,delta_residual_degree_percentile_1m,INDUSTRY_SIZE_COMMON,252,91,REGIME_MEAN,HIGH,-0.029239374205596573,0.00638407413718778,-4.580049287848133,45,45,False,,
future_idio_vol_annualized,NETWORK,COMMON_DATE,delta_residual_degree_percentile_1m,INDUSTRY_SIZE_COMMON,252,91,HIGH_MINUS_LOW,HIGH_MINUS_LOW,-0.015071051250097632,0.010397044109554736,-1.4495515351567614,73,28,False,0.14718361929960916,0.37772179871904155
future_idio_vol_annualized,NETWORK,COMMON_DATE,delta_residual_degree_percentile_1m,FULL_CHARACTERISTIC_NEUTRAL,252,91,REGIME_MEAN,LOW,-0.0015815413907279102,0.0050338939766811485,-0.31417852621731657,28,28,False,,
future_idio_vol_annualized,NETWORK,COMMON_DATE,delta_residual_degree_percentile_1m,FULL_CHARACTERISTIC_NEUTRAL,252,91,REGIME_MEAN,MEDIUM,-5.5353956263023366e-05,0.00661480688732485,-0.008368189307096995,18,18,False,,
future_idio_vol_annualized,NETWORK,COMMON_DATE,delta_residual_degree_percentile_1m,FULL_CHARACTERISTIC_NEUTRAL,252,91,REGIME_MEAN,HIGH,0.010327873701543004,0.004796868290455322,2.1530450861227783,45,45,False,,
future_idio_vol_annualized,NETWORK,COMMON_DATE,delta_residual_degree_percentile_1m,FULL_CHARACTERISTIC_NEUTRAL,252,91,HIGH_MINUS_LOW,HIGH_MINUS_LOW,0.011909415092270914,0.006923462009023829,1.720153165677597,73,28,False,0.08540460371834882,0.3187278795485644
future_idio_vol_annualized,NETWORK,COMMON_DATE,delta_cross_industry_degree_percentile_1m,RAW_COMMON,252,91,REGIME_MEAN,LOW,-0.014470444889708039,0.00991656734007023,-1.4592191424180414,28,28,False,,
future_idio_vol_annualized,NETWORK,COMMON_DATE,delta_cross_industry_degree_percentile_1m,RAW_COMMON,252,91,REGIME_MEAN,MEDIUM,-0.014754690527699628,0.015864258142571294,-0.9300586510317698,18,18,False,,
future_idio_vol_annualized,NETWORK,COMMON_DATE,delta_cross_industry_degree_percentile_1m,RAW_COMMON,252,91,REGIME_MEAN,HIGH,-0.030344450799221576,0.007355926641308969,-4.125170393735989,45,45,False,,
future_idio_vol_annualized,NETWORK,COMMON_DATE,delta_cross_industry_degree_percentile_1m,RAW_COMMON,252,91,HIGH_MINUS_LOW,HIGH_MINUS_LOW,-0.015874005909513537,0.012065407471965894,-1.3156626451611322,73,28,False,0.18828729721768986,0.3902898510427443
future_idio_vol_annualized,NETWORK,COMMON_DATE,delta_cross_industry_degree_percentile_1m,INDUSTRY_SIZE_COMMON,252,91,REGIME_MEAN,LOW,-0.014744255054063479,0.008511336414698959,-1.7323078698429024,28,28,False,,
future_idio_vol_annualized,NETWORK,COMMON_DATE,delta_cross_industry_degree_percentile_1m,INDUSTRY_SIZE_COMMON,252,91,REGIME_MEAN,MEDIUM,-0.022791405913153782,0.010596976991052016,-2.1507460035440884,18,18,False,,
future_idio_vol_annualized,NETWORK,COMMON_DATE,delta_cross_industry_degree_percentile_1m,INDUSTRY_SIZE_COMMON,252,91,REGIME_MEAN,HIGH,-0.02812714336828491,0.0056036821259033125,-5.019403802058243,45,45,False,,
future_idio_vol_annualized,NETWORK,COMMON_DATE,delta_cross_industry_degree_percentile_1m,INDUSTRY_SIZE_COMMON,252,91,HIGH_MINUS_LOW,HIGH_MINUS_LOW,-0.013382888314221431,0.010024399237593719,-1.335031456452037,73,28,False,0.18186605123509406,0.37772179871904155
future_idio_vol_annualized,NETWORK,COMMON_DATE,delta_cross_industry_degree_percentile_1m,FULL_CHARACTERISTIC_NEUTRAL,252,91,REGIME_MEAN,LOW,-0.0016659352216889566,0.004483571109842013,-0.3715643581590611,28,28,False,,
future_idio_vol_annualized,NETWORK,COMMON_DATE,delta_cross_industry_degree_percentile_1m,FULL_CHARACTERISTIC_NEUTRAL,252,91,REGIME_MEAN,MEDIUM,-0.008919142292676367,0.004962044083543919,-1.7974734086413573,18,18,False,,
future_idio_vol_annualized,NETWORK,COMMON_DATE,delta_cross_industry_degree_percentile_1m,FULL_CHARACTERISTIC_NEUTRAL,252,91,REGIME_MEAN,HIGH,0.008931444712457744,0.004343812527998892,2.0561303359406913,45,45,False,,
future_idio_vol_annualized,NETWORK,COMMON_DATE,delta_cross_industry_degree_percentile_1m,FULL_CHARACTERISTIC_NEUTRAL,252,91,HIGH_MINUS_LOW,HIGH_MINUS_LOW,0.010597379934146701,0.006274462947985463,1.6889700396667724,73,28,False,0.0912251716109339,0.3187278795485644
future_idio_vol_annualized,NETWORK,COMMON_DATE,neighbor_jaccard_1m,RAW_COMMON,252,91,REGIME_MEAN,LOW,-0.07028512899387666,0.018032577158122058,-3.8976752117885445,28,28,False,,
future_idio_vol_annualized,NETWORK,COMMON_DATE,neighbor_jaccard_1m,RAW_COMMON,252,91,REGIME_MEAN,MEDIUM,-0.0485567931135255,0.019232480263421073,-2.524728607462937,18,18,False,,
future_idio_vol_annualized,NETWORK,COMMON_DATE,neighbor_jaccard_1m,RAW_COMMON,252,91,REGIME_MEAN,HIGH,-0.07275812294197123,0.010273969829827544,-7.081792544371578,45,45,False,,
future_idio_vol_annualized,NETWORK,COMMON_DATE,neighbor_jaccard_1m,RAW_COMMON,252,91,HIGH_MINUS_LOW,HIGH_MINUS_LOW,-0.002472993948094568,0.020417059363802843,-0.12112390447759136,73,28,False,0.9035928955340908,0.9035928955340908
future_idio_vol_annualized,NETWORK,COMMON_DATE,neighbor_jaccard_1m,INDUSTRY_SIZE_COMMON,252,91,REGIME_MEAN,LOW,-0.0794572752687665,0.016597191250449644,-4.787392882914082,28,28,False,,
future_idio_vol_annualized,NETWORK,COMMON_DATE,neighbor_jaccard_1m,INDUSTRY_SIZE_COMMON,252,91,REGIME_MEAN,MEDIUM,-0.06983450294260359,0.01448511609011731,-4.821121384746736,18,18,False,,
future_idio_vol_annualized,NETWORK,COMMON_DATE,neighbor_jaccard_1m,INDUSTRY_SIZE_COMMON,252,91,REGIME_MEAN,HIGH,-0.059986322472036904,0.007293855835962639,-8.224226502568369,45,45,False,,
future_idio_vol_annualized,NETWORK,COMMON_DATE,neighbor_jaccard_1m,INDUSTRY_SIZE_COMMON,252,91,HIGH_MINUS_LOW,HIGH_MINUS_LOW,0.0194709527967296,0.017878042322719962,1.089098708083117,73,28,False,0.27611035956363644,0.39236735306411497
future_idio_vol_annualized,NETWORK,COMMON_DATE,neighbor_jaccard_1m,FULL_CHARACTERISTIC_NEUTRAL,252,91,REGIME_MEAN,LOW,-0.01816100495010687,0.009097268873984406,-1.9963139708931945,28,28,False,,
future_idio_vol_annualized,NETWORK,COMMON_DATE,neighbor_jaccard_1m,FULL_CHARACTERISTIC_NEUTRAL,252,91,REGIME_MEAN,MEDIUM,-0.011797667028389292,0.006428361186154678,-1.8352526696538078,18,18,False,,
future_idio_vol_annualized,NETWORK,COMMON_DATE,neighbor_jaccard_1m,FULL_CHARACTERISTIC_NEUTRAL,252,91,REGIME_MEAN,HIGH,-0.001785251629885505,0.005463999069630022,-0.32672985612466215,45,45,False,,
future_idio_vol_annualized,NETWORK,COMMON_DATE,neighbor_jaccard_1m,FULL_CHARACTERISTIC_NEUTRAL,252,91,HIGH_MINUS_LOW,HIGH_MINUS_LOW,0.016375753320221363,0.010811323300467407,1.5146853780159721,73,28,False,0.12985209907534107,0.3187278795485644
future_idio_vol_annualized,NETWORK,COMMON_DATE,neighbor_retention_1m,RAW_COMMON,252,91,REGIME_MEAN,LOW,-0.05953113635227846,0.014594022466579292,-4.079145176636968,28,28,False,,
future_idio_vol_annualized,NETWORK,COMMON_DATE,neighbor_retention_1m,RAW_COMMON,252,91,REGIME_MEAN,MEDIUM,-0.043946093693382586,0.014195952672947681,-3.095677669955032,18,18,False,,
future_idio_vol_annualized,NETWORK,COMMON_DATE,neighbor_retention_1m,RAW_COMMON,252,91,REGIME_MEAN,HIGH,-0.056330181171206174,0.009953448278760933,-5.659363427989652,45,45,False,,
future_idio_vol_annualized,NETWORK,COMMON_DATE,neighbor_retention_1m,RAW_COMMON,252,91,HIGH_MINUS_LOW,HIGH_MINUS_LOW,0.0032009551810722875,0.01739627886129289,0.1840022919036142,73,28,False,0.8540116569432367,0.9035928955340908
future_idio_vol_annualized,NETWORK,COMMON_DATE,neighbor_retention_1m,INDUSTRY_SIZE_COMMON,252,91,REGIME_MEAN,LOW,-0.0718449385317019,0.013669909333213591,-5.2556997109806165,28,28,False,,
future_idio_vol_annualized,NETWORK,COMMON_DATE,neighbor_retention_1m,INDUSTRY_SIZE_COMMON,252,91,REGIME_MEAN,MEDIUM,-0.06931263090416508,0.011395265208882299,-6.0825816366378005,18,18,False,,
future_idio_vol_annualized,NETWORK,COMMON_DATE,neighbor_retention_1m,INDUSTRY_SIZE_COMMON,252,91,REGIME_MEAN,HIGH,-0.05256648830602992,0.00715823483686729,-7.343498712181811,45,45,False,,
future_idio_vol_annualized,NETWORK,COMMON_DATE,neighbor_retention_1m,INDUSTRY_SIZE_COMMON,252,91,HIGH_MINUS_LOW,HIGH_MINUS_LOW,0.019278450225671984,0.015226263882440999,1.2661313618703263,73,28,False,0.20546605612555252,0.39236735306411497
future_idio_vol_annualized,NETWORK,COMMON_DATE,neighbor_retention_1m,FULL_CHARACTERISTIC_NEUTRAL,252,91,REGIME_MEAN,LOW,-0.004421205654363932,0.006734730383822932,-0.6564784931827159,28,28,False,,
future_idio_vol_annualized,NETWORK,COMMON_DATE,neighbor_retention_1m,FULL_CHARACTERISTIC_NEUTRAL,252,91,REGIME_MEAN,MEDIUM,-0.003767056715676468,0.005761622638107231,-0.6538187160612094,18,18,False,,
future_idio_vol_annualized,NETWORK,COMMON_DATE,neighbor_retention_1m,FULL_CHARACTERISTIC_NEUTRAL,252,91,REGIME_MEAN,HIGH,0.014778521262806201,0.005733531632310198,2.5775599073221693,45,45,False,,
future_idio_vol_annualized,NETWORK,COMMON_DATE,neighbor_retention_1m,FULL_CHARACTERISTIC_NEUTRAL,252,91,HIGH_MINUS_LOW,HIGH_MINUS_LOW,0.019199726917170132,0.00900599488024425,2.1318829482445163,73,28,False,0.033016470342734465,0.22286117481345763
future_idio_vol_annualized,NETWORK,COMMON_DATE,outside_community_degree_percentile,RAW_COMMON,252,91,REGIME_MEAN,LOW,-0.09811290252828811,0.027035423188277747,-3.629050000254065,28,28,False,,
future_idio_vol_annualized,NETWORK,COMMON_DATE,outside_community_degree_percentile,RAW_COMMON,252,91,REGIME_MEAN,MEDIUM,-0.15159980571972503,0.026967260717034015,-5.62162420983182,18,18,False,,
future_idio_vol_annualized,NETWORK,COMMON_DATE,outside_community_degree_percentile,RAW_COMMON,252,91,REGIME_MEAN,HIGH,-0.14397363151941112,0.015283341386004375,-9.42029808031731,45,45,False,,
future_idio_vol_annualized,NETWORK,COMMON_DATE,outside_community_degree_percentile,RAW_COMMON,252,91,HIGH_MINUS_LOW,HIGH_MINUS_LOW,-0.045860728991123006,0.030078722344183673,-1.5246900605135278,73,28,False,0.12733642205682202,0.38200926617046604
future_idio_vol_annualized,NETWORK,COMMON_DATE,outside_community_degree_percentile,INDUSTRY_SIZE_COMMON,252,91,REGIME_MEAN,LOW,-0.09843016489506463,0.01593224297435165,-6.178048191552274,28,28,False,,
future_idio_vol_annualized,NETWORK,COMMON_DATE,outside_community_degree_percentile,INDUSTRY_SIZE_COMMON,252,91,REGIME_MEAN,MEDIUM,-0.14199039687610093,0.02488965750476762,-5.704795128213502,18,18,False,,
future_idio_vol_annualized,NETWORK,COMMON_DATE,outside_community_degree_percentile,INDUSTRY_SIZE_COMMON,252,91,REGIME_MEAN,HIGH,-0.1339924400817462,0.014485300431322266,-9.250235486452727,45,45,False,,
future_idio_vol_annualized,NETWORK,COMMON_DATE,outside_community_degree_percentile,INDUSTRY_SIZE_COMMON,252,91,HIGH_MINUS_LOW,HIGH_MINUS_LOW,-0.03556227518668158,0.020747320590171623,-1.7140659215305163,73,28,False,0.08651661964870834,0.29354265706638005
future_idio_vol_annualized,NETWORK,COMMON_DATE,outside_community_degree_percentile,FULL_CHARACTERISTIC_NEUTRAL,252,91,REGIME_MEAN,LOW,-0.05835813214473615,0.010163768818700585,-5.741780749416643,28,28,False,,
future_idio_vol_annualized,NETWORK,COMMON_DATE,outside_community_degree_percentile,FULL_CHARACTERISTIC_NEUTRAL,252,91,REGIME_MEAN,MEDIUM,-0.07661417261983199,0.012581559734121062,-6.089401810178998,18,18,False,,
future_idio_vol_annualized,NETWORK,COMMON_DATE,outside_community_degree_percentile,FULL_CHARACTERISTIC_NEUTRAL,252,91,REGIME_MEAN,HIGH,-0.06549541163825728,0.007695496740752726,-8.51087510588055,45,45,False,,
future_idio_vol_annualized,NETWORK,COMMON_DATE,outside_community_degree_percentile,FULL_CHARACTERISTIC_NEUTRAL,252,91,HIGH_MINUS_LOW,HIGH_MINUS_LOW,-0.007137279493521137,0.012653498446664161,-0.5640558240557366,73,28,False,0.5727161411234146,0.7140248425025825
future_idio_vol_annualized,RECONFIG,NATIVE,residual_degree_percentile,RAW_COMMON,60,99,REGIME_MEAN,LOW,-0.13007368096383182,0.015170178863947253,-8.57430107649943,31,31,False,,
future_idio_vol_annualized,RECONFIG,NATIVE,residual_degree_percentile,RAW_COMMON,60,99,REGIME_MEAN,MEDIUM,-0.12440302436327681,0.01840655290246705,-6.758626942397398,28,28,False,,
future_idio_vol_annualized,RECONFIG,NATIVE,residual_degree_percentile,RAW_COMMON,60,99,REGIME_MEAN,HIGH,-0.11665280322827101,0.010885510452569878,-10.716337441091826,40,40,False,,
future_idio_vol_annualized,RECONFIG,NATIVE,residual_degree_percentile,RAW_COMMON,60,99,HIGH_MINUS_LOW,HIGH_MINUS_LOW,0.013420877735560804,0.015073195953744695,0.8903803663632862,71,31,False,0.3732616810996808,0.5598925216495211
future_idio_vol_annualized,RECONFIG,NATIVE,residual_degree_percentile,INDUSTRY_SIZE_COMMON,60,99,REGIME_MEAN,LOW,-0.1215181849700477,0.014242899696009597,-8.531843063115383,31,31,False,,
future_idio_vol_annualized,RECONFIG,NATIVE,residual_degree_percentile,INDUSTRY_SIZE_COMMON,60,99,REGIME_MEAN,MEDIUM,-0.1304527070422427,0.013121327184852233,-9.942035984960603,28,28,False,,
future_idio_vol_annualized,RECONFIG,NATIVE,residual_degree_percentile,INDUSTRY_SIZE_COMMON,60,99,REGIME_MEAN,HIGH,-0.12489707142394499,0.009298406078969984,-13.43209474432636,40,40,False,,
future_idio_vol_annualized,RECONFIG,NATIVE,residual_degree_percentile,INDUSTRY_SIZE_COMMON,60,99,HIGH_MINUS_LOW,HIGH_MINUS_LOW,-0.0033788864538972924,0.014520518573919545,-0.23269736798285878,71,31,False,0.815996413165556,0.9547286830964988
future_idio_vol_annualized,RECONFIG,NATIVE,residual_degree_percentile,FULL_CHARACTERISTIC_NEUTRAL,60,99,REGIME_MEAN,LOW,-0.07689959823252224,0.008227384024914462,-9.346786050055776,31,31,False,,
future_idio_vol_annualized,RECONFIG,NATIVE,residual_degree_percentile,FULL_CHARACTERISTIC_NEUTRAL,60,99,REGIME_MEAN,MEDIUM,-0.0638810524138774,0.01110096642357333,-5.754548746154526,28,28,False,,
future_idio_vol_annualized,RECONFIG,NATIVE,residual_degree_percentile,FULL_CHARACTERISTIC_NEUTRAL,60,99,REGIME_MEAN,HIGH,-0.06567223398672423,0.006960598925238963,-9.43485391014246,40,40,False,,
future_idio_vol_annualized,RECONFIG,NATIVE,residual_degree_percentile,FULL_CHARACTERISTIC_NEUTRAL,60,99,HIGH_MINUS_LOW,HIGH_MINUS_LOW,0.01122736424579801,0.010150799132648138,1.1060571782656308,71,31,False,0.26870177166632814,0.6595407122718964
future_idio_vol_annualized,RECONFIG,NATIVE,delta_degree_percentile,RAW_COMMON,60,99,REGIME_MEAN,LOW,0.11394783198868741,0.01600163091224111,7.1210136400233,31,31,False,,
future_idio_vol_annualized,RECONFIG,NATIVE,delta_degree_percentile,RAW_COMMON,60,99,REGIME_MEAN,MEDIUM,0.13582778060921108,0.018402580923593512,7.380909295992797,28,28,False,,
future_idio_vol_annualized,RECONFIG,NATIVE,delta_degree_percentile,RAW_COMMON,60,99,REGIME_MEAN,HIGH,0.1207876065352808,0.018023362325213073,6.701724370613674,40,40,False,,
future_idio_vol_annualized,RECONFIG,NATIVE,delta_degree_percentile,RAW_COMMON,60,99,HIGH_MINUS_LOW,HIGH_MINUS_LOW,0.0068397745465933885,0.02265872617625678,0.30186050589907076,71,31,False,0.7627584038559472,0.8519164595211205
future_idio_vol_annualized,RECONFIG,NATIVE,delta_degree_percentile,INDUSTRY_SIZE_COMMON,60,99,REGIME_MEAN,LOW,0.13477504705029902,0.013163360991220771,10.238650078820028,31,31,False,,
future_idio_vol_annualized,RECONFIG,NATIVE,delta_degree_percentile,INDUSTRY_SIZE_COMMON,60,99,REGIME_MEAN,MEDIUM,0.14081090877857635,0.013357598231304389,10.541633783278266,28,28,False,,
future_idio_vol_annualized,RECONFIG,NATIVE,delta_degree_percentile,INDUSTRY_SIZE_COMMON,60,99,REGIME_MEAN,HIGH,0.12780888324872752,0.0129547236602025,9.865813166000772,40,40,False,,
future_idio_vol_annualized,RECONFIG,NATIVE,delta_degree_percentile,INDUSTRY_SIZE_COMMON,60,99,HIGH_MINUS_LOW,HIGH_MINUS_LOW,-0.006966163801571501,0.01744664182556878,-0.39928393505289356,71,31,False,0.6896840029506165,0.8867365752222212
future_idio_vol_annualized,RECONFIG,NATIVE,delta_degree_percentile,FULL_CHARACTERISTIC_NEUTRAL,60,99,REGIME_MEAN,LOW,0.010242348227767262,0.007101494726450385,1.4422806215173807,31,31,False,,
future_idio_vol_annualized,RECONFIG,NATIVE,delta_degree_percentile,FULL_CHARACTERISTIC_NEUTRAL,60,99,REGIME_MEAN,MEDIUM,0.007781344685113883,0.008938606838096746,0.8705321563030874,28,28,False,,
future_idio_vol_annualized,RECONFIG,NATIVE,delta_degree_percentile,FULL_CHARACTERISTIC_NEUTRAL,60,99,REGIME_MEAN,HIGH,0.007201530671962874,0.0076824393516539136,0.937401565091756,40,40,False,,
future_idio_vol_annualized,RECONFIG,NATIVE,delta_degree_percentile,FULL_CHARACTERISTIC_NEUTRAL,60,99,HIGH_MINUS_LOW,HIGH_MINUS_LOW,-0.003040817555804388,0.009872407669612449,-0.30801174926802416,71,31,False,0.7580733920687762,0.9295445403401102
future_idio_vol_annualized,RECONFIG,NATIVE,cross_industry_degree_percentile,RAW_COMMON,60,99,REGIME_MEAN,LOW,-0.14585724582501755,0.01623082745912143,-8.986433143496232,31,31,False,,
future_idio_vol_annualized,RECONFIG,NATIVE,cross_industry_degree_percentile,RAW_COMMON,60,99,REGIME_MEAN,MEDIUM,-0.1433978197206706,0.016061312586158994,-8.928150731855203,28,28,False,,
future_idio_vol_annualized,RECONFIG,NATIVE,cross_industry_degree_percentile,RAW_COMMON,60,99,REGIME_MEAN,HIGH,-0.1364747524763924,0.01034053093289229,-13.198041122074168,40,40,False,,
future_idio_vol_annualized,RECONFIG,NATIVE,cross_industry_degree_percentile,RAW_COMMON,60,99,HIGH_MINUS_LOW,HIGH_MINUS_LOW,0.009382493348625148,0.016084990580274613,0.583307357365264,71,31,False,0.559686410551873,0.7195968135666938
future_idio_vol_annualized,RECONFIG,NATIVE,cross_industry_degree_percentile,INDUSTRY_SIZE_COMMON,60,99,REGIME_MEAN,LOW,-0.12254425877506323,0.014601226327311562,-8.392737433693803,31,31,False,,
future_idio_vol_annualized,RECONFIG,NATIVE,cross_industry_degree_percentile,INDUSTRY_SIZE_COMMON,60,99,REGIME_MEAN,MEDIUM,-0.12801282228732735,0.011624368067552756,-11.01245431522864,28,28,False,,
future_idio_vol_annualized,RECONFIG,NATIVE,cross_industry_degree_percentile,INDUSTRY_SIZE_COMMON,60,99,REGIME_MEAN,HIGH,-0.12150276274825772,0.008853139697667907,-13.724256805782016,40,40,False,,
future_idio_vol_annualized,RECONFIG,NATIVE,cross_industry_degree_percentile,INDUSTRY_SIZE_COMMON,60,99,HIGH_MINUS_LOW,HIGH_MINUS_LOW,0.0010414960268055051,0.014749362981322197,0.0706129497337885,71,31,False,0.943705803744597,0.9547286830964988
future_idio_vol_annualized,RECONFIG,NATIVE,cross_industry_degree_percentile,FULL_CHARACTERISTIC_NEUTRAL,60,99,REGIME_MEAN,LOW,-0.08077866153680102,0.008025462340750415,-10.065296939546522,31,31,False,,
future_idio_vol_annualized,RECONFIG,NATIVE,cross_industry_degree_percentile,FULL_CHARACTERISTIC_NEUTRAL,60,99,REGIME_MEAN,MEDIUM,-0.06891773188676459,0.009944151422441656,-6.930478927667288,28,28,False,,
future_idio_vol_annualized,RECONFIG,NATIVE,cross_industry_degree_percentile,FULL_CHARACTERISTIC_NEUTRAL,60,99,REGIME_MEAN,HIGH,-0.06866378761319455,0.006577927832138723,-10.438513368558722,40,40,False,,
future_idio_vol_annualized,RECONFIG,NATIVE,cross_industry_degree_percentile,FULL_CHARACTERISTIC_NEUTRAL,60,99,HIGH_MINUS_LOW,HIGH_MINUS_LOW,0.012114873923606467,0.00973217563708331,1.2448268892152095,71,31,False,0.21319538981942576,0.6595407122718964
future_idio_vol_annualized,RECONFIG,NATIVE,cross_industry_degree_ratio,RAW_COMMON,60,99,REGIME_MEAN,LOW,-0.019194386481855806,0.007004410014205494,-2.7403287989892195,31,31,False,,
future_idio_vol_annualized,RECONFIG,NATIVE,cross_industry_degree_ratio,RAW_COMMON,60,99,REGIME_MEAN,MEDIUM,-0.024228184433920483,0.012503285462008105,-1.937745443590735,28,28,False,,
future_idio_vol_annualized,RECONFIG,NATIVE,cross_industry_degree_ratio,RAW_COMMON,60,99,REGIME_MEAN,HIGH,-0.0388464614455049,0.009487121873036627,-4.094651883403177,40,40,False,,
future_idio_vol_annualized,RECONFIG,NATIVE,cross_industry_degree_ratio,RAW_COMMON,60,99,HIGH_MINUS_LOW,HIGH_MINUS_LOW,-0.019652074963649097,0.009389582220822703,-2.0929658531630824,71,31,False,0.03635220287319799,0.14021563965376369
future_idio_vol_annualized,RECONFIG,NATIVE,cross_industry_degree_ratio,INDUSTRY_SIZE_COMMON,60,99,REGIME_MEAN,LOW,0.014741110590471928,0.005652946874911598,2.6076860293689657,31,31,False,,
future_idio_vol_annualized,RECONFIG,NATIVE,cross_industry_degree_ratio,INDUSTRY_SIZE_COMMON,60,99,REGIME_MEAN,MEDIUM,0.019980946227917643,0.008127532419252102,2.4584271335033687,28,28,False,,
future_idio_vol_annualized,RECONFIG,NATIVE,cross_industry_degree_ratio,INDUSTRY_SIZE_COMMON,60,99,REGIME_MEAN,HIGH,0.009872497285244293,0.005958416854951275,1.6568993955232467,40,40,False,,
future_idio_vol_annualized,RECONFIG,NATIVE,cross_industry_degree_ratio,INDUSTRY_SIZE_COMMON,60,99,HIGH_MINUS_LOW,HIGH_MINUS_LOW,-0.004868613305227636,0.00792571632617569,-0.6142805400627851,71,31,False,0.5390299595735684,0.8085449393603525
future_idio_vol_annualized,RECONFIG,NATIVE,cross_industry_degree_ratio,FULL_CHARACTERISTIC_NEUTRAL,60,99,REGIME_MEAN,LOW,0.012682275914810533,0.006863943966923115,1.8476660030917456,31,31,False,,
future_idio_vol_annualized,RECONFIG,NATIVE,cross_industry_degree_ratio,FULL_CHARACTERISTIC_NEUTRAL,60,99,REGIME_MEAN,MEDIUM,0.007775721628538198,0.007392466092306996,1.0518440709021364,28,28,False,,
future_idio_vol_annualized,RECONFIG,NATIVE,cross_industry_degree_ratio,FULL_CHARACTERISTIC_NEUTRAL,60,99,REGIME_MEAN,HIGH,0.003876853652451253,0.006146245842342433,0.6307677486219331,40,40,False,,
future_idio_vol_annualized,RECONFIG,NATIVE,cross_industry_degree_ratio,FULL_CHARACTERISTIC_NEUTRAL,60,99,HIGH_MINUS_LOW,HIGH_MINUS_LOW,-0.00880542226235928,0.007777713342109618,-1.132135098716676,71,31,False,0.25757764068606853,0.6595407122718964
future_idio_vol_annualized,RECONFIG,NATIVE,delta_residual_degree_percentile_1m,RAW_COMMON,60,99,REGIME_MEAN,LOW,-0.03092433447080324,0.00713893368534296,-4.3317862069925654,31,31,False,,
future_idio_vol_annualized,RECONFIG,NATIVE,delta_residual_degree_percentile_1m,RAW_COMMON,60,99,REGIME_MEAN,MEDIUM,-0.007511903116990101,0.009966801891377997,-0.7536924280082701,28,28,False,,
future_idio_vol_annualized,RECONFIG,NATIVE,delta_residual_degree_percentile_1m,RAW_COMMON,60,99,REGIME_MEAN,HIGH,-0.015790223958598876,0.007174884539055403,-2.2007634927986883,40,40,False,,
future_idio_vol_annualized,RECONFIG,NATIVE,delta_residual_degree_percentile_1m,RAW_COMMON,60,99,HIGH_MINUS_LOW,HIGH_MINUS_LOW,0.015134110512204365,0.010472644992367853,1.4451087116228658,71,31,False,0.14842735238546317,0.33402679103821714
future_idio_vol_annualized,RECONFIG,NATIVE,delta_residual_degree_percentile_1m,INDUSTRY_SIZE_COMMON,60,99,REGIME_MEAN,LOW,-0.02869494456702196,0.006499568495718459,-4.414899940807538,31,31,False,,
future_idio_vol_annualized,RECONFIG,NATIVE,delta_residual_degree_percentile_1m,INDUSTRY_SIZE_COMMON,60,99,REGIME_MEAN,MEDIUM,-0.010956317953101239,0.007883615183375287,-1.389758086646031,28,28,False,,
future_idio_vol_annualized,RECONFIG,NATIVE,delta_residual_degree_percentile_1m,INDUSTRY_SIZE_COMMON,60,99,REGIME_MEAN,HIGH,-0.022993299929604284,0.005691956716930757,-4.039612574918321,40,40,False,,
future_idio_vol_annualized,RECONFIG,NATIVE,delta_residual_degree_percentile_1m,INDUSTRY_SIZE_COMMON,60,99,HIGH_MINUS_LOW,HIGH_MINUS_LOW,0.0057016446374176764,0.008605802229967936,0.6625349369013933,71,31,False,0.5076284521457374,0.8062334239961712
future_idio_vol_annualized,RECONFIG,NATIVE,delta_residual_degree_percentile_1m,FULL_CHARACTERISTIC_NEUTRAL,60,99,REGIME_MEAN,LOW,-0.012803718681570543,0.006002150207630758,-2.1331886471772563,31,31,False,,
future_idio_vol_annualized,RECONFIG,NATIVE,delta_residual_degree_percentile_1m,FULL_CHARACTERISTIC_NEUTRAL,60,99,REGIME_MEAN,MEDIUM,0.0005377713740011344,0.007284907011548024,0.07381993663730504,28,28,False,,
future_idio_vol_annualized,RECONFIG,NATIVE,delta_residual_degree_percentile_1m,FULL_CHARACTERISTIC_NEUTRAL,60,99,REGIME_MEAN,HIGH,-0.01207231644678022,0.005692907079020273,-2.1205890556811653,40,40,False,,
future_idio_vol_annualized,RECONFIG,NATIVE,delta_residual_degree_percentile_1m,FULL_CHARACTERISTIC_NEUTRAL,60,99,HIGH_MINUS_LOW,HIGH_MINUS_LOW,0.0007314022347903234,0.008262038345366837,0.08852564031011513,71,31,False,0.9294589063152573,0.9926325738034072
future_idio_vol_annualized,RECONFIG,NATIVE,delta_cross_industry_degree_percentile_1m,RAW_COMMON,60,99,REGIME_MEAN,LOW,-0.031312921927421966,0.007238613211195706,-4.3258178070616315,31,31,False,,
future_idio_vol_annualized,RECONFIG,NATIVE,delta_cross_industry_degree_percentile_1m,RAW_COMMON,60,99,REGIME_MEAN,MEDIUM,-0.010671888881031762,0.010419067347991591,-1.024265274865404,28,28,False,,
future_idio_vol_annualized,RECONFIG,NATIVE,delta_cross_industry_degree_percentile_1m,RAW_COMMON,60,99,REGIME_MEAN,HIGH,-0.020704557675504835,0.007305361325544991,-2.8341592910820523,40,40,False,,
future_idio_vol_annualized,RECONFIG,NATIVE,delta_cross_industry_degree_percentile_1m,RAW_COMMON,60,99,HIGH_MINUS_LOW,HIGH_MINUS_LOW,0.010608364251917132,0.010180781677265742,1.0419989926319908,71,31,False,0.2974121459913531,0.5353418627844356
future_idio_vol_annualized,RECONFIG,NATIVE,delta_cross_industry_degree_percentile_1m,INDUSTRY_SIZE_COMMON,60,99,REGIME_MEAN,LOW,-0.027394248527310303,0.006436881942606712,-4.25582584418452,31,31,False,,
future_idio_vol_annualized,RECONFIG,NATIVE,delta_cross_industry_degree_percentile_1m,INDUSTRY_SIZE_COMMON,60,99,REGIME_MEAN,MEDIUM,-0.009418517209593873,0.007813317933625821,-1.2054439982609473,28,28,False,,
future_idio_vol_annualized,RECONFIG,NATIVE,delta_cross_industry_degree_percentile_1m,INDUSTRY_SIZE_COMMON,60,99,REGIME_MEAN,HIGH,-0.0209847222349718,0.005476753971929034,-3.8315984874486735,40,40,False,,
future_idio_vol_annualized,RECONFIG,NATIVE,delta_cross_industry_degree_percentile_1m,INDUSTRY_SIZE_COMMON,60,99,HIGH_MINUS_LOW,HIGH_MINUS_LOW,0.006409526292338503,0.008591116808402216,0.7460643866545859,71,31,False,0.45562852130935066,0.8062334239961712
future_idio_vol_annualized,RECONFIG,NATIVE,delta_cross_industry_degree_percentile_1m,FULL_CHARACTERISTIC_NEUTRAL,60,99,REGIME_MEAN,LOW,-0.014464704224792303,0.005939163473816328,-2.4354783781524234,31,31,False,,
future_idio_vol_annualized,RECONFIG,NATIVE,delta_cross_industry_degree_percentile_1m,FULL_CHARACTERISTIC_NEUTRAL,60,99,REGIME_MEAN,MEDIUM,-0.0020381205026446312,0.007792385122631964,-0.26155284557550634,28,28,False,,
future_idio_vol_annualized,RECONFIG,NATIVE,delta_cross_industry_degree_percentile_1m,FULL_CHARACTERISTIC_NEUTRAL,60,99,REGIME_MEAN,HIGH,-0.01438813966206889,0.005878222007324742,-2.447702663176059,40,40,False,,
future_idio_vol_annualized,RECONFIG,NATIVE,delta_cross_industry_degree_percentile_1m,FULL_CHARACTERISTIC_NEUTRAL,60,99,HIGH_MINUS_LOW,HIGH_MINUS_LOW,7.656456272341246e-05,0.0082917443298801,0.009233830624456747,71,31,False,0.9926325738034072,0.9926325738034072
future_idio_vol_annualized,RECONFIG,NATIVE,neighbor_jaccard_1m,RAW_COMMON,60,99,REGIME_MEAN,LOW,-0.07068213597810893,0.010757630447297861,-6.570418673924899,31,31,False,,
future_idio_vol_annualized,RECONFIG,NATIVE,neighbor_jaccard_1m,RAW_COMMON,60,99,REGIME_MEAN,MEDIUM,-0.07713178119564346,0.016098871455178868,-4.791129701879248,28,28,False,,
future_idio_vol_annualized,RECONFIG,NATIVE,neighbor_jaccard_1m,RAW_COMMON,60,99,REGIME_MEAN,HIGH,-0.05044864168124213,0.009624608105063636,-5.241630737640156,40,40,False,,
future_idio_vol_annualized,RECONFIG,NATIVE,neighbor_jaccard_1m,RAW_COMMON,60,99,HIGH_MINUS_LOW,HIGH_MINUS_LOW,0.020233494296866807,0.014002365275116849,1.4450054615289245,71,31,False,0.14845635157254095,0.33402679103821714
future_idio_vol_annualized,RECONFIG,NATIVE,neighbor_jaccard_1m,INDUSTRY_SIZE_COMMON,60,99,REGIME_MEAN,LOW,-0.0630397187497948,0.009045168078217355,-6.96943585842341,31,31,False,,
future_idio_vol_annualized,RECONFIG,NATIVE,neighbor_jaccard_1m,INDUSTRY_SIZE_COMMON,60,99,REGIME_MEAN,MEDIUM,-0.08527082115902959,0.01288392996113785,-6.618385959581765,28,28,False,,
future_idio_vol_annualized,RECONFIG,NATIVE,neighbor_jaccard_1m,INDUSTRY_SIZE_COMMON,60,99,REGIME_MEAN,HIGH,-0.05501905424233609,0.007745778415661355,-7.103102011166739,40,40,False,,
future_idio_vol_annualized,RECONFIG,NATIVE,neighbor_jaccard_1m,INDUSTRY_SIZE_COMMON,60,99,HIGH_MINUS_LOW,HIGH_MINUS_LOW,0.00802066450745871,0.011816777314674856,0.6787522768579314,71,31,False,0.4972948365476164,0.8062334239961712
future_idio_vol_annualized,RECONFIG,NATIVE,neighbor_jaccard_1m,FULL_CHARACTERISTIC_NEUTRAL,60,99,REGIME_MEAN,LOW,-0.0744228087737947,0.006356480511246837,-11.708178549767396,31,31,False,,
future_idio_vol_annualized,RECONFIG,NATIVE,neighbor_jaccard_1m,FULL_CHARACTERISTIC_NEUTRAL,60,99,REGIME_MEAN,MEDIUM,-0.07857182569474805,0.008779320874727633,-8.949647337862638,28,28,False,,
future_idio_vol_annualized,RECONFIG,NATIVE,neighbor_jaccard_1m,FULL_CHARACTERISTIC_NEUTRAL,60,99,REGIME_MEAN,HIGH,-0.06772270979712716,0.0059688390491761355,-11.346043885447836,40,40,False,,
future_idio_vol_annualized,RECONFIG,NATIVE,neighbor_jaccard_1m,FULL_CHARACTERISTIC_NEUTRAL,60,99,HIGH_MINUS_LOW,HIGH_MINUS_LOW,0.00670009897666754,0.008623741453226107,0.7769364391323513,71,31,False,0.43719627130179967,0.8156992227310995
future_idio_vol_annualized,RECONFIG,NATIVE,neighbor_retention_1m,RAW_COMMON,60,99,REGIME_MEAN,LOW,-0.07538780165264944,0.010315922250709571,-7.3079071187710785,31,31,False,,
future_idio_vol_annualized,RECONFIG,NATIVE,neighbor_retention_1m,RAW_COMMON,60,99,REGIME_MEAN,MEDIUM,-0.06915978999331415,0.01522672352574377,-4.542000770972555,28,28,False,,
future_idio_vol_annualized,RECONFIG,NATIVE,neighbor_retention_1m,RAW_COMMON,60,99,REGIME_MEAN,HIGH,-0.053824556732827857,0.010402824076137426,-5.1740331605043295,40,40,False,,
future_idio_vol_annualized,RECONFIG,NATIVE,neighbor_retention_1m,RAW_COMMON,60,99,HIGH_MINUS_LOW,HIGH_MINUS_LOW,0.021563244919821582,0.014500666099482449,1.4870520272576448,71,31,False,0.1370010703706026,0.33402679103821714
future_idio_vol_annualized,RECONFIG,NATIVE,neighbor_retention_1m,INDUSTRY_SIZE_COMMON,60,99,REGIME_MEAN,LOW,-0.06684079348577464,0.009334318424365575,-7.160757802229957,31,31,False,,
future_idio_vol_annualized,RECONFIG,NATIVE,neighbor_retention_1m,INDUSTRY_SIZE_COMMON,60,99,REGIME_MEAN,MEDIUM,-0.0782660077623033,0.012054088826428108,-6.492901196373152,28,28,False,,
future_idio_vol_annualized,RECONFIG,NATIVE,neighbor_retention_1m,INDUSTRY_SIZE_COMMON,60,99,REGIME_MEAN,HIGH,-0.0605409715431663,0.00914338853297581,-6.621283928253087,40,40,False,,
future_idio_vol_annualized,RECONFIG,NATIVE,neighbor_retention_1m,INDUSTRY_SIZE_COMMON,60,99,HIGH_MINUS_LOW,HIGH_MINUS_LOW,0.006299821942608336,0.013395335442118787,0.4702996778117167,71,31,False,0.6381409276382934,0.8817736803195094
future_idio_vol_annualized,RECONFIG,NATIVE,neighbor_retention_1m,FULL_CHARACTERISTIC_NEUTRAL,60,99,REGIME_MEAN,LOW,-0.07022037356572373,0.006404352536002176,-10.964476607272744,31,31,False,,
future_idio_vol_annualized,RECONFIG,NATIVE,neighbor_retention_1m,FULL_CHARACTERISTIC_NEUTRAL,60,99,REGIME_MEAN,MEDIUM,-0.06868936096069683,0.008169829084561127,-8.407686409315714,28,28,False,,
future_idio_vol_annualized,RECONFIG,NATIVE,neighbor_retention_1m,FULL_CHARACTERISTIC_NEUTRAL,60,99,REGIME_MEAN,HIGH,-0.06314995342228033,0.006432244819816961,-9.817716083772657,40,40,False,,
future_idio_vol_annualized,RECONFIG,NATIVE,neighbor_retention_1m,FULL_CHARACTERISTIC_NEUTRAL,60,99,HIGH_MINUS_LOW,HIGH_MINUS_LOW,0.007070420143443404,0.00942538072750833,0.7501469009955338,71,31,False,0.4531662348506108,0.8156992227310995
future_idio_vol_annualized,RECONFIG,NATIVE,outside_community_degree_percentile,RAW_COMMON,60,99,REGIME_MEAN,LOW,-0.18386725328518622,0.012897485069603767,-14.256054749659418,31,31,False,,
future_idio_vol_annualized,RECONFIG,NATIVE,outside_community_degree_percentile,RAW_COMMON,60,99,REGIME_MEAN,MEDIUM,-0.20885223115369092,0.01476367080689126,-14.14636196414002,28,28,False,,
future_idio_vol_annualized,RECONFIG,NATIVE,outside_community_degree_percentile,RAW_COMMON,60,99,REGIME_MEAN,HIGH,-0.1798849689381406,0.011793730219850794,-15.252593164744816,40,40,False,,
future_idio_vol_annualized,RECONFIG,NATIVE,outside_community_degree_percentile,RAW_COMMON,60,99,HIGH_MINUS_LOW,HIGH_MINUS_LOW,0.003982284347045617,0.014867357349526641,0.2678542160132048,71,31,False,0.7888115365936301,0.8519164595211205
future_idio_vol_annualized,RECONFIG,NATIVE,outside_community_degree_percentile,INDUSTRY_SIZE_COMMON,60,99,REGIME_MEAN,LOW,-0.1513910222989404,0.01182699392445515,-12.800465043437883,31,31,False,,
future_idio_vol_annualized,RECONFIG,NATIVE,outside_community_degree_percentile,INDUSTRY_SIZE_COMMON,60,99,REGIME_MEAN,MEDIUM,-0.17649305347189354,0.011839192986286287,-14.907523990556708,28,28,False,,
future_idio_vol_annualized,RECONFIG,NATIVE,outside_community_degree_percentile,INDUSTRY_SIZE_COMMON,60,99,REGIME_MEAN,HIGH,-0.15211577671259496,0.00905445428658526,-16.800104335162857,40,40,False,,
future_idio_vol_annualized,RECONFIG,NATIVE,outside_community_degree_percentile,INDUSTRY_SIZE_COMMON,60,99,HIGH_MINUS_LOW,HIGH_MINUS_LOW,-0.0007247544136545769,0.012766580230628054,-0.056769659576950196,71,31,False,0.9547286830964989,0.9547286830964988
future_idio_vol_annualized,RECONFIG,NATIVE,outside_community_degree_percentile,FULL_CHARACTERISTIC_NEUTRAL,60,99,REGIME_MEAN,LOW,-0.086565026382012,0.006969993347942469,-12.41967130536299,31,31,False,,
future_idio_vol_annualized,RECONFIG,NATIVE,outside_community_degree_percentile,FULL_CHARACTERISTIC_NEUTRAL,60,99,REGIME_MEAN,MEDIUM,-0.08917102901157568,0.008222329572544474,-10.844983556646818,28,28,False,,
future_idio_vol_annualized,RECONFIG,NATIVE,outside_community_degree_percentile,FULL_CHARACTERISTIC_NEUTRAL,60,99,REGIME_MEAN,HIGH,-0.07822156954924414,0.005732309239541068,-13.645734429272801,40,40,False,,
future_idio_vol_annualized,RECONFIG,NATIVE,outside_community_degree_percentile,FULL_CHARACTERISTIC_NEUTRAL,60,99,HIGH_MINUS_LOW,HIGH_MINUS_LOW,0.008343456832767854,0.008370057851336344,0.9968218835471677,71,31,False,0.318850974147152,0.6846870180801096
future_idio_vol_annualized,RECONFIG,NATIVE,residual_degree_percentile,RAW_COMMON,120,96,REGIME_MEAN,LOW,-0.1024035193530133,0.014162103104986955,-7.230813008059061,29,29,False,,
future_idio_vol_annualized,RECONFIG,NATIVE,residual_degree_percentile,RAW_COMMON,120,96,REGIME_MEAN,MEDIUM,-0.10478793990754115,0.014991068030118366,-6.9900249733383255,34,34,False,,
future_idio_vol_annualized,RECONFIG,NATIVE,residual_degree_percentile,RAW_COMMON,120,96,REGIME_MEAN,HIGH,-0.08451578212594939,0.015575319934032586,-5.426262990674087,33,33,False,,
future_idio_vol_annualized,RECONFIG,NATIVE,residual_degree_percentile,RAW_COMMON,120,96,HIGH_MINUS_LOW,HIGH_MINUS_LOW,0.01788773722706391,0.01867913945529649,0.95763176188461,62,29,False,0.3382484771911339,0.5372181696565067
future_idio_vol_annualized,RECONFIG,NATIVE,residual_degree_percentile,INDUSTRY_SIZE_COMMON,120,96,REGIME_MEAN,LOW,-0.1159333460458537,0.013015049941792088,-8.907637432383947,29,29,False,,
future_idio_vol_annualized,RECONFIG,NATIVE,residual_degree_percentile,INDUSTRY_SIZE_COMMON,120,96,REGIME_MEAN,MEDIUM,-0.10859654708433497,0.011610921832664378,-9.352965134846244,34,34,False,,
future_idio_vol_annualized,RECONFIG,NATIVE,residual_degree_percentile,INDUSTRY_SIZE_COMMON,120,96,REGIME_MEAN,HIGH,-0.10328327854179373,0.01070967093148206,-9.643926428979537,33,33,False,,
future_idio_vol_annualized,RECONFIG,NATIVE,residual_degree_percentile,INDUSTRY_SIZE_COMMON,120,96,HIGH_MINUS_LOW,HIGH_MINUS_LOW,0.012650067504059975,0.014768588595174832,0.856552230603335,62,29,False,0.3916923954549205,0.8062334239961712
future_idio_vol_annualized,RECONFIG,NATIVE,residual_degree_percentile,FULL_CHARACTERISTIC_NEUTRAL,120,96,REGIME_MEAN,LOW,-0.05792382234005239,0.01101278705238602,-5.259687857807317,29,29,False,,
future_idio_vol_annualized,RECONFIG,NATIVE,residual_degree_percentile,FULL_CHARACTERISTIC_NEUTRAL,120,96,REGIME_MEAN,MEDIUM,-0.05674690697144183,0.006527100431929699,-8.69404532123385,34,34,False,,
future_idio_vol_annualized,RECONFIG,NATIVE,residual_degree_percentile,FULL_CHARACTERISTIC_NEUTRAL,120,96,REGIME_MEAN,HIGH,-0.05400640999848352,0.009092289273998667,-5.939803318062737,33,33,False,,
future_idio_vol_annualized,RECONFIG,NATIVE,residual_degree_percentile,FULL_CHARACTERISTIC_NEUTRAL,120,96,HIGH_MINUS_LOW,HIGH_MINUS_LOW,0.0039174123415688655,0.013404644684218175,0.29224290787662516,62,29,False,0.7701009070768389,0.9295445403401102
future_idio_vol_annualized,RECONFIG,NATIVE,delta_degree_percentile,RAW_COMMON,120,96,REGIME_MEAN,LOW,0.14154321568028944,0.016452654191218538,8.603062705580776,29,29,False,,
future_idio_vol_annualized,RECONFIG,NATIVE,delta_degree_percentile,RAW_COMMON,120,96,REGIME_MEAN,MEDIUM,0.11750771532845167,0.01779518220669523,6.603344318904515,34,34,False,,
future_idio_vol_annualized,RECONFIG,NATIVE,delta_degree_percentile,RAW_COMMON,120,96,REGIME_MEAN,HIGH,0.14198153152209847,0.020943921225198992,6.779128416090071,33,33,False,,
future_idio_vol_annualized,RECONFIG,NATIVE,delta_degree_percentile,RAW_COMMON,120,96,HIGH_MINUS_LOW,HIGH_MINUS_LOW,0.0004383158418090338,0.0212065976575038,0.02066884320097142,62,29,False,0.9835098232322004,0.9835098232322004
future_idio_vol_annualized,RECONFIG,NATIVE,delta_degree_percentile,INDUSTRY_SIZE_COMMON,120,96,REGIME_MEAN,LOW,0.1551349102734463,0.013130825718097351,11.814558627461949,29,29,False,,
future_idio_vol_annualized,RECONFIG,NATIVE,delta_degree_percentile,INDUSTRY_SIZE_COMMON,120,96,REGIME_MEAN,MEDIUM,0.14278437461111504,0.012458542200699136,11.460761003249836,34,34,False,,
future_idio_vol_annualized,RECONFIG,NATIVE,delta_degree_percentile,INDUSTRY_SIZE_COMMON,120,96,REGIME_MEAN,HIGH,0.14133673632973157,0.01581461887814501,8.937094053215008,33,33,False,,
future_idio_vol_annualized,RECONFIG,NATIVE,delta_degree_percentile,INDUSTRY_SIZE_COMMON,120,96,HIGH_MINUS_LOW,HIGH_MINUS_LOW,-0.013798173943714742,0.0156782828156649,-0.8800819647116167,62,29,False,0.3788149085801194,0.8062334239961712
future_idio_vol_annualized,RECONFIG,NATIVE,delta_degree_percentile,FULL_CHARACTERISTIC_NEUTRAL,120,96,REGIME_MEAN,LOW,0.02859466821955768,0.008097454518232397,3.531315693737252,29,29,False,,
future_idio_vol_annualized,RECONFIG,NATIVE,delta_degree_percentile,FULL_CHARACTERISTIC_NEUTRAL,120,96,REGIME_MEAN,MEDIUM,0.024863980462225693,0.007070634013677515,3.5165135706541344,34,34,False,,
future_idio_vol_annualized,RECONFIG,NATIVE,delta_degree_percentile,FULL_CHARACTERISTIC_NEUTRAL,120,96,REGIME_MEAN,HIGH,0.02595454571736393,0.008375845164282546,3.098737525383462,33,33,False,,
future_idio_vol_annualized,RECONFIG,NATIVE,delta_degree_percentile,FULL_CHARACTERISTIC_NEUTRAL,120,96,HIGH_MINUS_LOW,HIGH_MINUS_LOW,-0.00264012250219375,0.010003135040705744,-0.26392950724450914,62,29,False,0.7918342380675013,0.9295445403401102
future_idio_vol_annualized,RECONFIG,NATIVE,cross_industry_degree_percentile,RAW_COMMON,120,96,REGIME_MEAN,LOW,-0.12028647014360949,0.014695782661982197,-8.185101325347514,29,29,False,,
future_idio_vol_annualized,RECONFIG,NATIVE,cross_industry_degree_percentile,RAW_COMMON,120,96,REGIME_MEAN,MEDIUM,-0.11830297463760582,0.015119119331132904,-7.824726562875878,34,34,False,,
future_idio_vol_annualized,RECONFIG,NATIVE,cross_industry_degree_percentile,RAW_COMMON,120,96,REGIME_MEAN,HIGH,-0.10299908854056408,0.01394902172992799,-7.383965021688715,33,33,False,,
future_idio_vol_annualized,RECONFIG,NATIVE,cross_industry_degree_percentile,RAW_COMMON,120,96,HIGH_MINUS_LOW,HIGH_MINUS_LOW,0.01728738160304541,0.01753056662145482,0.986127943057369,62,29,False,0.3240703330890096,0.5372181696565067
future_idio_vol_annualized,RECONFIG,NATIVE,cross_industry_degree_percentile,INDUSTRY_SIZE_COMMON,120,96,REGIME_MEAN,LOW,-0.11329023280567971,0.012540368807813907,-9.034043140349153,29,29,False,,
future_idio_vol_annualized,RECONFIG,NATIVE,cross_industry_degree_percentile,INDUSTRY_SIZE_COMMON,120,96,REGIME_MEAN,MEDIUM,-0.10782137548759044,0.011538207525601217,-9.344724927884519,34,34,False,,
future_idio_vol_annualized,RECONFIG,NATIVE,cross_industry_degree_percentile,INDUSTRY_SIZE_COMMON,120,96,REGIME_MEAN,HIGH,-0.0991872072333149,0.010232860540776314,-9.693008796325302,33,33,False,,
future_idio_vol_annualized,RECONFIG,NATIVE,cross_industry_degree_percentile,INDUSTRY_SIZE_COMMON,120,96,HIGH_MINUS_LOW,HIGH_MINUS_LOW,0.014103025572364813,0.013838906943112211,1.0190852233011118,62,29,False,0.3081625087210517,0.8062334239961712
future_idio_vol_annualized,RECONFIG,NATIVE,cross_industry_degree_percentile,FULL_CHARACTERISTIC_NEUTRAL,120,96,REGIME_MEAN,LOW,-0.059937789421711254,0.010203475873435331,-5.874252084797772,29,29,False,,
future_idio_vol_annualized,RECONFIG,NATIVE,cross_industry_degree_percentile,FULL_CHARACTERISTIC_NEUTRAL,120,96,REGIME_MEAN,MEDIUM,-0.062392464330842834,0.005554059094827489,-11.23366951369839,34,34,False,,
future_idio_vol_annualized,RECONFIG,NATIVE,cross_industry_degree_percentile,FULL_CHARACTERISTIC_NEUTRAL,120,96,REGIME_MEAN,HIGH,-0.05492293834012424,0.007756777131768746,-7.080638957020077,33,33,False,,
future_idio_vol_annualized,RECONFIG,NATIVE,cross_industry_degree_percentile,FULL_CHARACTERISTIC_NEUTRAL,120,96,HIGH_MINUS_LOW,HIGH_MINUS_LOW,0.005014851081587016,0.012080142771190093,0.41513177257697015,62,29,False,0.6780454413948833,0.9295445403401102
future_idio_vol_annualized,RECONFIG,NATIVE,cross_industry_degree_ratio,RAW_COMMON,120,96,REGIME_MEAN,LOW,-0.03784300623182951,0.010506730529018172,-3.6017870761329833,29,29,False,,
future_idio_vol_annualized,RECONFIG,NATIVE,cross_industry_degree_ratio,RAW_COMMON,120,96,REGIME_MEAN,MEDIUM,-0.03188116363189114,0.010254539161281063,-3.1089806309646333,34,34,False,,
future_idio_vol_annualized,RECONFIG,NATIVE,cross_industry_degree_ratio,RAW_COMMON,120,96,REGIME_MEAN,HIGH,-0.0424083866283502,0.013041756166090181,-3.251738959712809,33,33,False,,
future_idio_vol_annualized,RECONFIG,NATIVE,cross_industry_degree_ratio,RAW_COMMON,120,96,HIGH_MINUS_LOW,HIGH_MINUS_LOW,-0.004565380396520685,0.014765118912011195,-0.3092003812313912,62,29,False,0.7571691039215641,0.8519164595211205
future_idio_vol_annualized,RECONFIG,NATIVE,cross_industry_degree_ratio,INDUSTRY_SIZE_COMMON,120,96,REGIME_MEAN,LOW,0.0020250376317224273,0.006311248084145854,0.3208616750162959,29,29,False,,
future_idio_vol_annualized,RECONFIG,NATIVE,cross_industry_degree_ratio,INDUSTRY_SIZE_COMMON,120,96,REGIME_MEAN,MEDIUM,0.00010296268583103742,0.007126316027865051,0.014448234603747102,34,34,False,,
future_idio_vol_annualized,RECONFIG,NATIVE,cross_industry_degree_ratio,INDUSTRY_SIZE_COMMON,120,96,REGIME_MEAN,HIGH,0.003961523632144452,0.008075015016397971,0.49059024956607106,33,33,False,,
future_idio_vol_annualized,RECONFIG,NATIVE,cross_industry_degree_ratio,INDUSTRY_SIZE_COMMON,120,96,HIGH_MINUS_LOW,HIGH_MINUS_LOW,0.0019364860004220247,0.008001675462153784,0.24201006521461535,62,29,False,0.808772364110345,0.9547286830964988
future_idio_vol_annualized,RECONFIG,NATIVE,cross_industry_degree_ratio,FULL_CHARACTERISTIC_NEUTRAL,120,96,REGIME_MEAN,LOW,0.0036254995236373218,0.005347139957692073,0.678025926443518,29,29,False,,
future_idio_vol_annualized,RECONFIG,NATIVE,cross_industry_degree_ratio,FULL_CHARACTERISTIC_NEUTRAL,120,96,REGIME_MEAN,MEDIUM,-0.00514049228133753,0.006159934284559625,-0.8345044027860152,34,34,False,,
future_idio_vol_annualized,RECONFIG,NATIVE,cross_industry_degree_ratio,FULL_CHARACTERISTIC_NEUTRAL,120,96,REGIME_MEAN,HIGH,0.0035344486178679785,0.00728370198859205,0.4852544246598415,33,33,False,,
future_idio_vol_annualized,RECONFIG,NATIVE,cross_industry_degree_ratio,FULL_CHARACTERISTIC_NEUTRAL,120,96,HIGH_MINUS_LOW,HIGH_MINUS_LOW,-9.105090576934328e-05,0.007208411745671578,-0.01263120212632366,62,29,False,0.9899220268252517,0.9926325738034072
future_idio_vol_annualized,RECONFIG,NATIVE,delta_residual_degree_percentile_1m,RAW_COMMON,120,96,REGIME_MEAN,LOW,-0.0510134220993306,0.010354800778347635,-4.926547906745054,29,29,False,,
future_idio_vol_annualized,RECONFIG,NATIVE,delta_residual_degree_percentile_1m,RAW_COMMON,120,96,REGIME_MEAN,MEDIUM,-0.023550494541473177,0.009390876297873895,-2.5078058526662774,34,34,False,,
future_idio_vol_annualized,RECONFIG,NATIVE,delta_residual_degree_percentile_1m,RAW_COMMON,120,96,REGIME_MEAN,HIGH,0.0007210011938668932,0.010595139177628813,0.06805018620135322,33,33,False,,
future_idio_vol_annualized,RECONFIG,NATIVE,delta_residual_degree_percentile_1m,RAW_COMMON,120,96,HIGH_MINUS_LOW,HIGH_MINUS_LOW,0.051734423293197496,0.0153878563358888,3.3620292628115003,62,29,False,0.0007737192367183055,0.02089041939139425
future_idio_vol_annualized,RECONFIG,NATIVE,delta_residual_degree_percentile_1m,INDUSTRY_SIZE_COMMON,120,96,REGIME_MEAN,LOW,-0.04956729677964314,0.007236720909925951,-6.849413898448978,29,29,False,,
future_idio_vol_annualized,RECONFIG,NATIVE,delta_residual_degree_percentile_1m,INDUSTRY_SIZE_COMMON,120,96,REGIME_MEAN,MEDIUM,-0.031718316915608315,0.007404250533081987,-4.283798444405919,34,34,False,,
future_idio_vol_annualized,RECONFIG,NATIVE,delta_residual_degree_percentile_1m,INDUSTRY_SIZE_COMMON,120,96,REGIME_MEAN,HIGH,-0.004563539407821504,0.00880472484159367,-0.5183057381036221,33,33,False,,
future_idio_vol_annualized,RECONFIG,NATIVE,delta_residual_degree_percentile_1m,INDUSTRY_SIZE_COMMON,120,96,HIGH_MINUS_LOW,HIGH_MINUS_LOW,0.045003757371821634,0.011876032791735928,3.789460517752865,62,29,False,0.00015097480381638756,0.0036833672292447173
future_idio_vol_annualized,RECONFIG,NATIVE,delta_residual_degree_percentile_1m,FULL_CHARACTERISTIC_NEUTRAL,120,96,REGIME_MEAN,LOW,0.006893011757577217,0.004869585607233669,1.4155232731380245,29,29,False,,
future_idio_vol_annualized,RECONFIG,NATIVE,delta_residual_degree_percentile_1m,FULL_CHARACTERISTIC_NEUTRAL,120,96,REGIME_MEAN,MEDIUM,-0.0004160574611254559,0.004959539206644439,-0.083890346217659,34,34,False,,
future_idio_vol_annualized,RECONFIG,NATIVE,delta_residual_degree_percentile_1m,FULL_CHARACTERISTIC_NEUTRAL,120,96,REGIME_MEAN,HIGH,-0.0007084040459072963,0.006531634281049696,-0.10845739602454427,33,33,False,,
future_idio_vol_annualized,RECONFIG,NATIVE,delta_residual_degree_percentile_1m,FULL_CHARACTERISTIC_NEUTRAL,120,96,HIGH_MINUS_LOW,HIGH_MINUS_LOW,-0.0076014158034845136,0.00779799833275545,-0.9747906423055782,62,29,False,0.3296641198163491,0.6846870180801096
future_idio_vol_annualized,RECONFIG,NATIVE,delta_cross_industry_degree_percentile_1m,RAW_COMMON,120,96,REGIME_MEAN,LOW,-0.05402502540245821,0.01043157323232183,-5.1789911453685376,29,29,False,,
future_idio_vol_annualized,RECONFIG,NATIVE,delta_cross_industry_degree_percentile_1m,RAW_COMMON,120,96,REGIME_MEAN,MEDIUM,-0.02596928060847262,0.008519823834571462,-3.048100654745386,34,34,False,,
future_idio_vol_annualized,RECONFIG,NATIVE,delta_cross_industry_degree_percentile_1m,RAW_COMMON,120,96,REGIME_MEAN,HIGH,-0.007547970446309131,0.010477592627085877,-0.7203916696280681,33,33,False,,
future_idio_vol_annualized,RECONFIG,NATIVE,delta_cross_industry_degree_percentile_1m,RAW_COMMON,120,96,HIGH_MINUS_LOW,HIGH_MINUS_LOW,0.04647705495614908,0.015622783897288295,2.9749534565485654,62,29,False,0.0029303300482159196,0.03422747900274661
future_idio_vol_annualized,RECONFIG,NATIVE,delta_cross_industry_degree_percentile_1m,INDUSTRY_SIZE_COMMON,120,96,REGIME_MEAN,LOW,-0.048331870060948745,0.007659512166415805,-6.310045471677236,29,29,False,,
future_idio_vol_annualized,RECONFIG,NATIVE,delta_cross_industry_degree_percentile_1m,INDUSTRY_SIZE_COMMON,120,96,REGIME_MEAN,MEDIUM,-0.030397923051938846,0.006742655166040299,-4.508301596830789,34,34,False,,
future_idio_vol_annualized,RECONFIG,NATIVE,delta_cross_industry_degree_percentile_1m,INDUSTRY_SIZE_COMMON,120,96,REGIME_MEAN,HIGH,-0.0061829357574394546,0.007850975786603084,-0.7875372342874913,33,33,False,,
future_idio_vol_annualized,RECONFIG,NATIVE,delta_cross_industry_degree_percentile_1m,INDUSTRY_SIZE_COMMON,120,96,HIGH_MINUS_LOW,HIGH_MINUS_LOW,0.04214893430350929,0.011579990199466723,3.6398074244873126,62,29,False,0.0002728420169810902,0.0036833672292447173
future_idio_vol_annualized,RECONFIG,NATIVE,delta_cross_industry_degree_percentile_1m,FULL_CHARACTERISTIC_NEUTRAL,120,96,REGIME_MEAN,LOW,0.005101205581961089,0.0052716773711078725,0.9676627044589116,29,29,False,,
future_idio_vol_annualized,RECONFIG,NATIVE,delta_cross_industry_degree_percentile_1m,FULL_CHARACTERISTIC_NEUTRAL,120,96,REGIME_MEAN,MEDIUM,-0.006639122384116654,0.004629792118924521,-1.4340001048813593,34,34,False,,
future_idio_vol_annualized,RECONFIG,NATIVE,delta_cross_industry_degree_percentile_1m,FULL_CHARACTERISTIC_NEUTRAL,120,96,REGIME_MEAN,HIGH,-0.00437659247272947,0.005864789106772279,-0.7462489090486926,33,33,False,,
future_idio_vol_annualized,RECONFIG,NATIVE,delta_cross_industry_degree_percentile_1m,FULL_CHARACTERISTIC_NEUTRAL,120,96,HIGH_MINUS_LOW,HIGH_MINUS_LOW,-0.009477798054690558,0.007413762913861209,-1.2784058736178774,62,29,False,0.2011063541100708,0.6595407122718964
future_idio_vol_annualized,RECONFIG,NATIVE,neighbor_jaccard_1m,RAW_COMMON,120,96,REGIME_MEAN,LOW,-0.07503888383705098,0.013766570366908405,-5.450804509555031,29,29,False,,
future_idio_vol_annualized,RECONFIG,NATIVE,neighbor_jaccard_1m,RAW_COMMON,120,96,REGIME_MEAN,MEDIUM,-0.06997619128633067,0.011589405346031978,-6.0379449330667665,34,34,False,,
future_idio_vol_annualized,RECONFIG,NATIVE,neighbor_jaccard_1m,RAW_COMMON,120,96,REGIME_MEAN,HIGH,-0.06294980114973375,0.013691370375742437,-4.5977721310691075,33,33,False,,
future_idio_vol_annualized,RECONFIG,NATIVE,neighbor_jaccard_1m,RAW_COMMON,120,96,HIGH_MINUS_LOW,HIGH_MINUS_LOW,0.012089082687317232,0.016554224646860356,0.7302717551081455,62,29,False,0.46522408945973337,0.62805252077064
future_idio_vol_annualized,RECONFIG,NATIVE,neighbor_jaccard_1m,INDUSTRY_SIZE_COMMON,120,96,REGIME_MEAN,LOW,-0.07512369374742484,0.011320257748095003,-6.636217603796769,29,29,False,,
future_idio_vol_annualized,RECONFIG,NATIVE,neighbor_jaccard_1m,INDUSTRY_SIZE_COMMON,120,96,REGIME_MEAN,MEDIUM,-0.06780025515788467,0.008009498956862038,-8.464980833763347,34,34,False,,
future_idio_vol_annualized,RECONFIG,NATIVE,neighbor_jaccard_1m,INDUSTRY_SIZE_COMMON,120,96,REGIME_MEAN,HIGH,-0.06522710669604902,0.011985380989256427,-5.442222216758727,33,33,False,,
future_idio_vol_annualized,RECONFIG,NATIVE,neighbor_jaccard_1m,INDUSTRY_SIZE_COMMON,120,96,HIGH_MINUS_LOW,HIGH_MINUS_LOW,0.009896587051375819,0.013336413771654888,0.7420725856909111,62,29,False,0.4580433585589148,0.8062334239961712
future_idio_vol_annualized,RECONFIG,NATIVE,neighbor_jaccard_1m,FULL_CHARACTERISTIC_NEUTRAL,120,96,REGIME_MEAN,LOW,-0.05417748633711947,0.007863795995963055,-6.88948268303653,29,29,False,,
future_idio_vol_annualized,RECONFIG,NATIVE,neighbor_jaccard_1m,FULL_CHARACTERISTIC_NEUTRAL,120,96,REGIME_MEAN,MEDIUM,-0.04076057777125973,0.0057005507312357165,-7.150287699031494,34,34,False,,
future_idio_vol_annualized,RECONFIG,NATIVE,neighbor_jaccard_1m,FULL_CHARACTERISTIC_NEUTRAL,120,96,REGIME_MEAN,HIGH,-0.04242673858189794,0.006456197540009203,-6.571474667399577,33,33,False,,
future_idio_vol_annualized,RECONFIG,NATIVE,neighbor_jaccard_1m,FULL_CHARACTERISTIC_NEUTRAL,120,96,HIGH_MINUS_LOW,HIGH_MINUS_LOW,0.01175074775522153,0.00979807000611634,1.1992920797551203,62,29,False,0.2304143937125648,0.6595407122718964
future_idio_vol_annualized,RECONFIG,NATIVE,neighbor_retention_1m,RAW_COMMON,120,96,REGIME_MEAN,LOW,-0.08458238032197243,0.013323974079353856,-6.348134559420746,29,29,False,,
future_idio_vol_annualized,RECONFIG,NATIVE,neighbor_retention_1m,RAW_COMMON,120,96,REGIME_MEAN,MEDIUM,-0.06386066908242297,0.01204692205753533,-5.300994625633709,34,34,False,,
future_idio_vol_annualized,RECONFIG,NATIVE,neighbor_retention_1m,RAW_COMMON,120,96,REGIME_MEAN,HIGH,-0.0518149220921432,0.013655022307895627,-3.794568835100526,33,33,False,,
future_idio_vol_annualized,RECONFIG,NATIVE,neighbor_retention_1m,RAW_COMMON,120,96,HIGH_MINUS_LOW,HIGH_MINUS_LOW,0.03276745822982923,0.016228827323213416,2.0190897085311432,62,29,False,0.04347789632927036,0.14673790011128748
future_idio_vol_annualized,RECONFIG,NATIVE,neighbor_retention_1m,INDUSTRY_SIZE_COMMON,120,96,REGIME_MEAN,LOW,-0.08647954612460884,0.010647756939880897,-8.121855768579948,29,29,False,,
future_idio_vol_annualized,RECONFIG,NATIVE,neighbor_retention_1m,INDUSTRY_SIZE_COMMON,120,96,REGIME_MEAN,MEDIUM,-0.06796632768913541,0.008079738996953294,-8.411945944635605,34,34,False,,
future_idio_vol_annualized,RECONFIG,NATIVE,neighbor_retention_1m,INDUSTRY_SIZE_COMMON,120,96,REGIME_MEAN,HIGH,-0.055508698228116105,0.011215479285347977,-4.949293455575569,33,33,False,,
future_idio_vol_annualized,RECONFIG,NATIVE,neighbor_retention_1m,INDUSTRY_SIZE_COMMON,120,96,HIGH_MINUS_LOW,HIGH_MINUS_LOW,0.030970847896492737,0.012188200133829886,2.5410518006288103,62,29,False,0.011051954396609408,0.09946758956948466
future_idio_vol_annualized,RECONFIG,NATIVE,neighbor_retention_1m,FULL_CHARACTERISTIC_NEUTRAL,120,96,REGIME_MEAN,LOW,-0.04394762163737799,0.006685174867923281,-6.573892606496637,29,29,False,,
future_idio_vol_annualized,RECONFIG,NATIVE,neighbor_retention_1m,FULL_CHARACTERISTIC_NEUTRAL,120,96,REGIME_MEAN,MEDIUM,-0.029231057948038715,0.005585389855418189,-5.233485701930493,34,34,False,,
future_idio_vol_annualized,RECONFIG,NATIVE,neighbor_retention_1m,FULL_CHARACTERISTIC_NEUTRAL,120,96,REGIME_MEAN,HIGH,-0.03151647671523707,0.006588480631144672,-4.783572796170071,33,33,False,,
future_idio_vol_annualized,RECONFIG,NATIVE,neighbor_retention_1m,FULL_CHARACTERISTIC_NEUTRAL,120,96,HIGH_MINUS_LOW,HIGH_MINUS_LOW,0.012431144922140917,0.009047634626645784,1.3739662834671182,62,29,False,0.16945214999366418,0.6595407122718964
future_idio_vol_annualized,RECONFIG,NATIVE,outside_community_degree_percentile,RAW_COMMON,120,96,REGIME_MEAN,LOW,-0.1810975558001183,0.01458711632976366,-12.414897619662188,29,29,False,,
future_idio_vol_annualized,RECONFIG,NATIVE,outside_community_degree_percentile,RAW_COMMON,120,96,REGIME_MEAN,MEDIUM,-0.18000571693470496,0.014830609862923148,-12.137445364584988,34,34,False,,
future_idio_vol_annualized,RECONFIG,NATIVE,outside_community_degree_percentile,RAW_COMMON,120,96,REGIME_MEAN,HIGH,-0.16100191383544166,0.014975095998859829,-10.751310966400482,33,33,False,,
future_idio_vol_annualized,RECONFIG,NATIVE,outside_community_degree_percentile,RAW_COMMON,120,96,HIGH_MINUS_LOW,HIGH_MINUS_LOW,0.02009564196467664,0.01743195496424057,1.152804834908092,62,29,False,0.24899049945219198,0.48019596322922736
future_idio_vol_annualized,RECONFIG,NATIVE,outside_community_degree_percentile,INDUSTRY_SIZE_COMMON,120,96,REGIME_MEAN,LOW,-0.16477168967366285,0.011368310047973425,-14.493947559341585,29,29,False,,
future_idio_vol_annualized,RECONFIG,NATIVE,outside_community_degree_percentile,INDUSTRY_SIZE_COMMON,120,96,REGIME_MEAN,MEDIUM,-0.15284043812796416,0.011939322933743626,-12.801432625295476,34,34,False,,
future_idio_vol_annualized,RECONFIG,NATIVE,outside_community_degree_percentile,INDUSTRY_SIZE_COMMON,120,96,REGIME_MEAN,HIGH,-0.14552890223891446,0.011601381998914157,-12.54410054358484,33,33,False,,
future_idio_vol_annualized,RECONFIG,NATIVE,outside_community_degree_percentile,INDUSTRY_SIZE_COMMON,120,96,HIGH_MINUS_LOW,HIGH_MINUS_LOW,0.019242787434748387,0.013104104647400465,1.4684549576277757,62,29,False,0.1419806826608802,0.5420152441950488
future_idio_vol_annualized,RECONFIG,NATIVE,outside_community_degree_percentile,FULL_CHARACTERISTIC_NEUTRAL,120,96,REGIME_MEAN,LOW,-0.07911202908876847,0.009392963599184272,-8.422477980819485,29,29,False,,
future_idio_vol_annualized,RECONFIG,NATIVE,outside_community_degree_percentile,FULL_CHARACTERISTIC_NEUTRAL,120,96,REGIME_MEAN,MEDIUM,-0.08610673010897725,0.006110189296031803,-14.092317919658946,34,34,False,,
future_idio_vol_annualized,RECONFIG,NATIVE,outside_community_degree_percentile,FULL_CHARACTERISTIC_NEUTRAL,120,96,REGIME_MEAN,HIGH,-0.07892363002383826,0.007033497044675958,-11.221108009646484,33,33,False,,
future_idio_vol_annualized,RECONFIG,NATIVE,outside_community_degree_percentile,FULL_CHARACTERISTIC_NEUTRAL,120,96,HIGH_MINUS_LOW,HIGH_MINUS_LOW,0.00018839906493020586,0.010086314533461831,0.018678682318024383,62,29,False,0.9850974343345825,0.9926325738034072
future_idio_vol_annualized,RECONFIG,NATIVE,residual_degree_percentile,RAW_COMMON,252,90,REGIME_MEAN,LOW,-0.0898459094995041,0.014120756763783748,-6.362683742980169,28,28,False,,
future_idio_vol_annualized,RECONFIG,NATIVE,residual_degree_percentile,RAW_COMMON,252,90,REGIME_MEAN,MEDIUM,-0.056654721813882175,0.019418760029685945,-2.9175252038375614,24,24,False,,
future_idio_vol_annualized,RECONFIG,NATIVE,residual_degree_percentile,RAW_COMMON,252,90,REGIME_MEAN,HIGH,-0.07644947122543819,0.016262009512171674,-4.701108504961692,38,38,False,,
future_idio_vol_annualized,RECONFIG,NATIVE,residual_degree_percentile,RAW_COMMON,252,90,HIGH_MINUS_LOW,HIGH_MINUS_LOW,0.01339643827406592,0.016438232381093047,0.8149561317477332,66,28,False,0.4150974210551967,0.5898752825521216
future_idio_vol_annualized,RECONFIG,NATIVE,residual_degree_percentile,INDUSTRY_SIZE_COMMON,252,90,REGIME_MEAN,LOW,-0.1011768461859037,0.01197097564688242,-8.451846296442262,28,28,False,,
future_idio_vol_annualized,RECONFIG,NATIVE,residual_degree_percentile,INDUSTRY_SIZE_COMMON,252,90,REGIME_MEAN,MEDIUM,-0.07957797024616323,0.017615585376552945,-4.517475209883443,24,24,False,,
future_idio_vol_annualized,RECONFIG,NATIVE,residual_degree_percentile,INDUSTRY_SIZE_COMMON,252,90,REGIME_MEAN,HIGH,-0.10219083159932636,0.011007647856544744,-9.283621072468033,38,38,False,,
future_idio_vol_annualized,RECONFIG,NATIVE,residual_degree_percentile,INDUSTRY_SIZE_COMMON,252,90,HIGH_MINUS_LOW,HIGH_MINUS_LOW,-0.0010139854134226661,0.013006623857779407,-0.07795915562024884,66,28,False,0.9378605431602862,0.9547286830964988
future_idio_vol_annualized,RECONFIG,NATIVE,residual_degree_percentile,FULL_CHARACTERISTIC_NEUTRAL,252,90,REGIME_MEAN,LOW,-0.04932561635913617,0.008472345301526931,-5.8219553858654045,28,28,False,,
future_idio_vol_annualized,RECONFIG,NATIVE,residual_degree_percentile,FULL_CHARACTERISTIC_NEUTRAL,252,90,REGIME_MEAN,MEDIUM,-0.0330660514219366,0.01185782205861481,-2.7885433984830152,24,24,False,,
future_idio_vol_annualized,RECONFIG,NATIVE,residual_degree_percentile,FULL_CHARACTERISTIC_NEUTRAL,252,90,REGIME_MEAN,HIGH,-0.0531831071084969,0.007934496889550932,-6.702769923387908,38,38,False,,
future_idio_vol_annualized,RECONFIG,NATIVE,residual_degree_percentile,FULL_CHARACTERISTIC_NEUTRAL,252,90,HIGH_MINUS_LOW,HIGH_MINUS_LOW,-0.0038574907493607313,0.010230327820549657,-0.37706423655478477,66,28,False,0.7061258680232703,0.9295445403401102
future_idio_vol_annualized,RECONFIG,NATIVE,delta_degree_percentile,RAW_COMMON,252,90,REGIME_MEAN,LOW,0.1201134753961374,0.016259619086257105,7.387225663709383,28,28,False,,
future_idio_vol_annualized,RECONFIG,NATIVE,delta_degree_percentile,RAW_COMMON,252,90,REGIME_MEAN,MEDIUM,0.1574024759064609,0.023532945436057398,6.688600725062123,24,24,False,,
future_idio_vol_annualized,RECONFIG,NATIVE,delta_degree_percentile,RAW_COMMON,252,90,REGIME_MEAN,HIGH,0.14413761164413652,0.019504682266321065,7.389897957631456,38,38,False,,
future_idio_vol_annualized,RECONFIG,NATIVE,delta_degree_percentile,RAW_COMMON,252,90,HIGH_MINUS_LOW,HIGH_MINUS_LOW,0.024024136247999123,0.017763106550965385,1.3524738017570166,66,28,False,0.17622379411541716,0.366003264701251
future_idio_vol_annualized,RECONFIG,NATIVE,delta_degree_percentile,INDUSTRY_SIZE_COMMON,252,90,REGIME_MEAN,LOW,0.1520624613051107,0.012289782569450552,12.373079869053294,28,28,False,,
future_idio_vol_annualized,RECONFIG,NATIVE,delta_degree_percentile,INDUSTRY_SIZE_COMMON,252,90,REGIME_MEAN,MEDIUM,0.1584417130324033,0.018055771177282662,8.775128543484803,24,24,False,,
future_idio_vol_annualized,RECONFIG,NATIVE,delta_degree_percentile,INDUSTRY_SIZE_COMMON,252,90,REGIME_MEAN,HIGH,0.15044397385070424,0.01136271097374114,13.240147901180928,38,38,False,,
future_idio_vol_annualized,RECONFIG,NATIVE,delta_degree_percentile,INDUSTRY_SIZE_COMMON,252,90,HIGH_MINUS_LOW,HIGH_MINUS_LOW,-0.0016184874544064587,0.010689740909702388,-0.15140567653398054,66,28,False,0.8796557118585944,0.9547286830964988
future_idio_vol_annualized,RECONFIG,NATIVE,delta_degree_percentile,FULL_CHARACTERISTIC_NEUTRAL,252,90,REGIME_MEAN,LOW,0.06228296713710811,0.007668494195014722,8.12192922798301,28,28,False,,
future_idio_vol_annualized,RECONFIG,NATIVE,delta_degree_percentile,FULL_CHARACTERISTIC_NEUTRAL,252,90,REGIME_MEAN,MEDIUM,0.057344836888978165,0.010389305677868343,5.51960243225263,24,24,False,,
future_idio_vol_annualized,RECONFIG,NATIVE,delta_degree_percentile,FULL_CHARACTERISTIC_NEUTRAL,252,90,REGIME_MEAN,HIGH,0.04912448225282018,0.006128377215910441,8.015903806522159,38,38,False,,
future_idio_vol_annualized,RECONFIG,NATIVE,delta_degree_percentile,FULL_CHARACTERISTIC_NEUTRAL,252,90,HIGH_MINUS_LOW,HIGH_MINUS_LOW,-0.013158484884287933,0.007744811527952448,-1.6990064686269695,66,28,False,0.08931796481481921,0.6595407122718964
future_idio_vol_annualized,RECONFIG,NATIVE,cross_industry_degree_percentile,RAW_COMMON,252,90,REGIME_MEAN,LOW,-0.09275804757208864,0.012957761017543782,-7.15849346553788,28,28,False,,
future_idio_vol_annualized,RECONFIG,NATIVE,cross_industry_degree_percentile,RAW_COMMON,252,90,REGIME_MEAN,MEDIUM,-0.06994400827613441,0.019270426383348093,-3.6296035637578954,24,24,False,,
future_idio_vol_annualized,RECONFIG,NATIVE,cross_industry_degree_percentile,RAW_COMMON,252,90,REGIME_MEAN,HIGH,-0.09398962467447255,0.013970791011547442,-6.727580750208504,38,38,False,,
future_idio_vol_annualized,RECONFIG,NATIVE,cross_industry_degree_percentile,RAW_COMMON,252,90,HIGH_MINUS_LOW,HIGH_MINUS_LOW,-0.0012315771023839184,0.013962854354808952,-0.08820382072951656,66,28,False,0.9297146806523715,0.9654729376005396
future_idio_vol_annualized,RECONFIG,NATIVE,cross_industry_degree_percentile,INDUSTRY_SIZE_COMMON,252,90,REGIME_MEAN,LOW,-0.09108827820601101,0.011794939407783554,-7.72265757854604,28,28,False,,
future_idio_vol_annualized,RECONFIG,NATIVE,cross_industry_degree_percentile,INDUSTRY_SIZE_COMMON,252,90,REGIME_MEAN,MEDIUM,-0.07345038970527576,0.016445629214817237,-4.46625597268715,24,24,False,,
future_idio_vol_annualized,RECONFIG,NATIVE,cross_industry_degree_percentile,INDUSTRY_SIZE_COMMON,252,90,REGIME_MEAN,HIGH,-0.09633367700391662,0.010450049395332485,-9.218490110385895,38,38,False,,
future_idio_vol_annualized,RECONFIG,NATIVE,cross_industry_degree_percentile,INDUSTRY_SIZE_COMMON,252,90,HIGH_MINUS_LOW,HIGH_MINUS_LOW,-0.005245398797905615,0.011672816811383348,-0.4493687241617888,66,28,False,0.6531656891255626,0.8817736803195094
future_idio_vol_annualized,RECONFIG,NATIVE,cross_industry_degree_percentile,FULL_CHARACTERISTIC_NEUTRAL,252,90,REGIME_MEAN,LOW,-0.04734782961494573,0.007680822286707913,-6.164421965195545,28,28,False,,
future_idio_vol_annualized,RECONFIG,NATIVE,cross_industry_degree_percentile,FULL_CHARACTERISTIC_NEUTRAL,252,90,REGIME_MEAN,MEDIUM,-0.033360653406605115,0.010623140113610322,-3.140375919909367,24,24,False,,
future_idio_vol_annualized,RECONFIG,NATIVE,cross_industry_degree_percentile,FULL_CHARACTERISTIC_NEUTRAL,252,90,REGIME_MEAN,HIGH,-0.05307592922090333,0.006976243014421889,-7.608096379552749,38,38,False,,
future_idio_vol_annualized,RECONFIG,NATIVE,cross_industry_degree_percentile,FULL_CHARACTERISTIC_NEUTRAL,252,90,HIGH_MINUS_LOW,HIGH_MINUS_LOW,-0.005728099605957604,0.008928116691058788,-0.6415798319139472,66,28,False,0.5211460314002336,0.8794339279878942
future_idio_vol_annualized,RECONFIG,NATIVE,cross_industry_degree_ratio,RAW_COMMON,252,90,REGIME_MEAN,LOW,-0.026869114791224148,0.00973466677335824,-2.7601473596157735,28,28,False,,
future_idio_vol_annualized,RECONFIG,NATIVE,cross_industry_degree_ratio,RAW_COMMON,252,90,REGIME_MEAN,MEDIUM,-0.0407750943428144,0.009595076058437624,-4.249585317977547,24,24,False,,
future_idio_vol_annualized,RECONFIG,NATIVE,cross_industry_degree_ratio,RAW_COMMON,252,90,REGIME_MEAN,HIGH,-0.05576316995188604,0.010831238239514372,-5.148365193228935,38,38,False,,
future_idio_vol_annualized,RECONFIG,NATIVE,cross_industry_degree_ratio,RAW_COMMON,252,90,HIGH_MINUS_LOW,HIGH_MINUS_LOW,-0.02889405516066189,0.01144674793120733,-2.5242152036813765,66,28,False,0.011595691874175897,0.06261673612054984
future_idio_vol_annualized,RECONFIG,NATIVE,cross_industry_degree_ratio,INDUSTRY_SIZE_COMMON,252,90,REGIME_MEAN,LOW,-0.002968538766785268,0.008188719169609919,-0.36251563954008187,28,28,False,,
future_idio_vol_annualized,RECONFIG,NATIVE,cross_industry_degree_ratio,INDUSTRY_SIZE_COMMON,252,90,REGIME_MEAN,MEDIUM,-0.0075440639473257215,0.00848592838397075,-0.8890086748287747,24,24,False,,
future_idio_vol_annualized,RECONFIG,NATIVE,cross_industry_degree_ratio,INDUSTRY_SIZE_COMMON,252,90,REGIME_MEAN,HIGH,-0.013680961325313717,0.007846349237402817,-1.743608512873458,38,38,False,,
future_idio_vol_annualized,RECONFIG,NATIVE,cross_industry_degree_ratio,INDUSTRY_SIZE_COMMON,252,90,HIGH_MINUS_LOW,HIGH_MINUS_LOW,-0.010712422558528448,0.00815374436341908,-1.313804073449814,66,28,False,0.1889121464696362,0.5667364394089085
future_idio_vol_annualized,RECONFIG,NATIVE,cross_industry_degree_ratio,FULL_CHARACTERISTIC_NEUTRAL,252,90,REGIME_MEAN,LOW,-0.0012879697930717284,0.005772701493322783,-0.2231138739048794,28,28,False,,
future_idio_vol_annualized,RECONFIG,NATIVE,cross_industry_degree_ratio,FULL_CHARACTERISTIC_NEUTRAL,252,90,REGIME_MEAN,MEDIUM,-0.004469324734157504,0.006855172660977182,-0.6519638461623251,24,24,False,,
future_idio_vol_annualized,RECONFIG,NATIVE,cross_industry_degree_ratio,FULL_CHARACTERISTIC_NEUTRAL,252,90,REGIME_MEAN,HIGH,-0.010007380627573613,0.005020930205576579,-1.9931327897087177,38,38,False,,
future_idio_vol_annualized,RECONFIG,NATIVE,cross_industry_degree_ratio,FULL_CHARACTERISTIC_NEUTRAL,252,90,HIGH_MINUS_LOW,HIGH_MINUS_LOW,-0.008719410834501885,0.00600585123943676,-1.451819315344815,66,28,False,0.1465518517509001,0.6595407122718964
future_idio_vol_annualized,RECONFIG,NATIVE,delta_residual_degree_percentile_1m,RAW_COMMON,252,90,REGIME_MEAN,LOW,-0.03915849796802448,0.011374249860141211,-3.442732351541496,28,28,False,,
future_idio_vol_annualized,RECONFIG,NATIVE,delta_residual_degree_percentile_1m,RAW_COMMON,252,90,REGIME_MEAN,MEDIUM,-0.022182710392973686,0.011126838201538092,-1.993622086632599,24,24,False,,
future_idio_vol_annualized,RECONFIG,NATIVE,delta_residual_degree_percentile_1m,RAW_COMMON,252,90,REGIME_MEAN,HIGH,0.002655747389479045,0.009187834315635718,0.28905042235682615,38,38,False,,
future_idio_vol_annualized,RECONFIG,NATIVE,delta_residual_degree_percentile_1m,RAW_COMMON,252,90,HIGH_MINUS_LOW,HIGH_MINUS_LOW,0.04181424535750353,0.014448339945061416,2.894051878381782,66,28,False,0.003803053222527401,0.03422747900274661
future_idio_vol_annualized,RECONFIG,NATIVE,delta_residual_degree_percentile_1m,INDUSTRY_SIZE_COMMON,252,90,REGIME_MEAN,LOW,-0.03801032186624448,0.008963174036884345,-4.240721167504754,28,28,False,,
future_idio_vol_annualized,RECONFIG,NATIVE,delta_residual_degree_percentile_1m,INDUSTRY_SIZE_COMMON,252,90,REGIME_MEAN,MEDIUM,-0.030666427254831482,0.00714054951668488,-4.294687290267386,24,24,False,,
future_idio_vol_annualized,RECONFIG,NATIVE,delta_residual_degree_percentile_1m,INDUSTRY_SIZE_COMMON,252,90,REGIME_MEAN,HIGH,-0.00974372802407474,0.00874564663135959,-1.11412322436357,38,38,False,,
future_idio_vol_annualized,RECONFIG,NATIVE,delta_residual_degree_percentile_1m,INDUSTRY_SIZE_COMMON,252,90,HIGH_MINUS_LOW,HIGH_MINUS_LOW,0.028266593842169736,0.01261592562388693,2.2405485483086482,66,28,False,0.025055332696204597,0.13529879655950483
future_idio_vol_annualized,RECONFIG,NATIVE,delta_residual_degree_percentile_1m,FULL_CHARACTERISTIC_NEUTRAL,252,90,REGIME_MEAN,LOW,0.010893803325948937,0.005174433103922119,2.1053133951411307,28,28,False,,
future_idio_vol_annualized,RECONFIG,NATIVE,delta_residual_degree_percentile_1m,FULL_CHARACTERISTIC_NEUTRAL,252,90,REGIME_MEAN,MEDIUM,0.005607652798599083,0.0058789907727625325,0.9538461643075605,24,24,False,,
future_idio_vol_annualized,RECONFIG,NATIVE,delta_residual_degree_percentile_1m,FULL_CHARACTERISTIC_NEUTRAL,252,90,REGIME_MEAN,HIGH,-0.0005883048227507152,0.0046363848160050755,-0.12688869584764664,38,38,False,,
future_idio_vol_annualized,RECONFIG,NATIVE,delta_residual_degree_percentile_1m,FULL_CHARACTERISTIC_NEUTRAL,252,90,HIGH_MINUS_LOW,HIGH_MINUS_LOW,-0.011482108148699651,0.005601084408243703,-2.049979488222,66,28,False,0.04036643247559904,0.6595407122718964
future_idio_vol_annualized,RECONFIG,NATIVE,delta_cross_industry_degree_percentile_1m,RAW_COMMON,252,90,REGIME_MEAN,LOW,-0.0386523135650924,0.010556785541367181,-3.661371486010754,28,28,False,,
future_idio_vol_annualized,RECONFIG,NATIVE,delta_cross_industry_degree_percentile_1m,RAW_COMMON,252,90,REGIME_MEAN,MEDIUM,-0.02830015339638751,0.009464631534160889,-2.9900956306902375,24,24,False,,
future_idio_vol_annualized,RECONFIG,NATIVE,delta_cross_industry_degree_percentile_1m,RAW_COMMON,252,90,REGIME_MEAN,HIGH,-0.00742378438085781,0.009142850544778269,-0.8119770026316065,38,38,False,,
future_idio_vol_annualized,RECONFIG,NATIVE,delta_cross_industry_degree_percentile_1m,RAW_COMMON,252,90,HIGH_MINUS_LOW,HIGH_MINUS_LOW,0.031228529184234587,0.013973234806123355,2.2348818736338427,66,28,False,0.025425104871642266,0.1144129719223902
future_idio_vol_annualized,RECONFIG,NATIVE,delta_cross_industry_degree_percentile_1m,INDUSTRY_SIZE_COMMON,252,90,REGIME_MEAN,LOW,-0.034761453638330844,0.008576969015656345,-4.052883200916024,28,28,False,,
future_idio_vol_annualized,RECONFIG,NATIVE,delta_cross_industry_degree_percentile_1m,INDUSTRY_SIZE_COMMON,252,90,REGIME_MEAN,MEDIUM,-0.03121626875300993,0.006069143216439966,-5.14343913790862,24,24,False,,
future_idio_vol_annualized,RECONFIG,NATIVE,delta_cross_industry_degree_percentile_1m,INDUSTRY_SIZE_COMMON,252,90,REGIME_MEAN,HIGH,-0.009610244051553836,0.008311485895196744,-1.1562606461388152,38,38,False,,
future_idio_vol_annualized,RECONFIG,NATIVE,delta_cross_industry_degree_percentile_1m,INDUSTRY_SIZE_COMMON,252,90,HIGH_MINUS_LOW,HIGH_MINUS_LOW,0.02515120958677701,0.0121748215499801,2.0658380481000247,66,28,False,0.038843774148529395,0.17479698366838228
future_idio_vol_annualized,RECONFIG,NATIVE,delta_cross_industry_degree_percentile_1m,FULL_CHARACTERISTIC_NEUTRAL,252,90,REGIME_MEAN,LOW,0.007972741987112918,0.005759465679907238,1.3842850066677237,28,28,False,,
future_idio_vol_annualized,RECONFIG,NATIVE,delta_cross_industry_degree_percentile_1m,FULL_CHARACTERISTIC_NEUTRAL,252,90,REGIME_MEAN,MEDIUM,0.003573210787892197,0.004630301804255129,0.7717014870625728,24,24,False,,
future_idio_vol_annualized,RECONFIG,NATIVE,delta_cross_industry_degree_percentile_1m,FULL_CHARACTERISTIC_NEUTRAL,252,90,REGIME_MEAN,HIGH,-0.003299212744376036,0.004625320216195906,-0.713293910511016,38,38,False,,
future_idio_vol_annualized,RECONFIG,NATIVE,delta_cross_industry_degree_percentile_1m,FULL_CHARACTERISTIC_NEUTRAL,252,90,HIGH_MINUS_LOW,HIGH_MINUS_LOW,-0.011271954731488953,0.006385701200018474,-1.765186684816437,66,28,False,0.07753239567873937,0.6595407122718964
future_idio_vol_annualized,RECONFIG,NATIVE,neighbor_jaccard_1m,RAW_COMMON,252,90,REGIME_MEAN,LOW,-0.08758063151701465,0.013910476356307388,-6.29601958076031,28,28,False,,
future_idio_vol_annualized,RECONFIG,NATIVE,neighbor_jaccard_1m,RAW_COMMON,252,90,REGIME_MEAN,MEDIUM,-0.05359601702899004,0.013892511692310925,-3.8579069225224245,24,24,False,,
future_idio_vol_annualized,RECONFIG,NATIVE,neighbor_jaccard_1m,RAW_COMMON,252,90,REGIME_MEAN,HIGH,-0.06177870957284479,0.011157129403154659,-5.537150940937995,38,38,False,,
future_idio_vol_annualized,RECONFIG,NATIVE,neighbor_jaccard_1m,RAW_COMMON,252,90,HIGH_MINUS_LOW,HIGH_MINUS_LOW,0.02580192194416986,0.014592513603607804,1.7681615823740386,66,28,False,0.0770338946937355,0.23110168408120652
future_idio_vol_annualized,RECONFIG,NATIVE,neighbor_jaccard_1m,INDUSTRY_SIZE_COMMON,252,90,REGIME_MEAN,LOW,-0.08103160824480451,0.009933933460687234,-8.157051641777226,28,28,False,,
future_idio_vol_annualized,RECONFIG,NATIVE,neighbor_jaccard_1m,INDUSTRY_SIZE_COMMON,252,90,REGIME_MEAN,MEDIUM,-0.0579656095259284,0.011707077152986078,-4.951330615528005,24,24,False,,
future_idio_vol_annualized,RECONFIG,NATIVE,neighbor_jaccard_1m,INDUSTRY_SIZE_COMMON,252,90,REGIME_MEAN,HIGH,-0.0645377614384078,0.009942540273087955,-6.491073675919208,38,38,False,,
future_idio_vol_annualized,RECONFIG,NATIVE,neighbor_jaccard_1m,INDUSTRY_SIZE_COMMON,252,90,HIGH_MINUS_LOW,HIGH_MINUS_LOW,0.01649384680639672,0.011755573052330959,1.4030661655516854,66,28,False,0.16059710939112556,0.5420152441950488
future_idio_vol_annualized,RECONFIG,NATIVE,neighbor_jaccard_1m,FULL_CHARACTERISTIC_NEUTRAL,252,90,REGIME_MEAN,LOW,-0.009480451089365807,0.006487227755959563,-1.4614025352596087,28,28,False,,
future_idio_vol_annualized,RECONFIG,NATIVE,neighbor_jaccard_1m,FULL_CHARACTERISTIC_NEUTRAL,252,90,REGIME_MEAN,MEDIUM,0.0007951838099310251,0.0077011721182926205,0.10325490687868438,24,24,False,,
future_idio_vol_annualized,RECONFIG,NATIVE,neighbor_jaccard_1m,FULL_CHARACTERISTIC_NEUTRAL,252,90,REGIME_MEAN,HIGH,-0.01338500949577033,0.005607152415490435,-2.3871313821954665,38,38,False,,
future_idio_vol_annualized,RECONFIG,NATIVE,neighbor_jaccard_1m,FULL_CHARACTERISTIC_NEUTRAL,252,90,HIGH_MINUS_LOW,HIGH_MINUS_LOW,-0.0039045584064045236,0.007647174289411858,-0.5105883897285702,66,28,False,0.6096393073745814,0.9144589610618721
future_idio_vol_annualized,RECONFIG,NATIVE,neighbor_retention_1m,RAW_COMMON,252,90,REGIME_MEAN,LOW,-0.0814987687901926,0.013037023077043667,-6.25133270905229,28,28,False,,
future_idio_vol_annualized,RECONFIG,NATIVE,neighbor_retention_1m,RAW_COMMON,252,90,REGIME_MEAN,MEDIUM,-0.05090316874251655,0.01244144740351312,-4.091418553772361,24,24,False,,
future_idio_vol_annualized,RECONFIG,NATIVE,neighbor_retention_1m,RAW_COMMON,252,90,REGIME_MEAN,HIGH,-0.03900987583737901,0.010070078428815625,-3.8738403194310664,38,38,False,,
future_idio_vol_annualized,RECONFIG,NATIVE,neighbor_retention_1m,RAW_COMMON,252,90,HIGH_MINUS_LOW,HIGH_MINUS_LOW,0.04248889295281359,0.015750205173280823,2.6976723468271495,66,28,False,0.006982612968713463,0.04713263753881587
future_idio_vol_annualized,RECONFIG,NATIVE,neighbor_retention_1m,INDUSTRY_SIZE_COMMON,252,90,REGIME_MEAN,LOW,-0.07981796040503289,0.009527351493859316,-8.377770092399563,28,28,False,,
future_idio_vol_annualized,RECONFIG,NATIVE,neighbor_retention_1m,INDUSTRY_SIZE_COMMON,252,90,REGIME_MEAN,MEDIUM,-0.05969187529325029,0.009917337110110124,-6.018941841998902,24,24,False,,
future_idio_vol_annualized,RECONFIG,NATIVE,neighbor_retention_1m,INDUSTRY_SIZE_COMMON,252,90,REGIME_MEAN,HIGH,-0.05005779078454877,0.009931706427118096,-5.040200407844128,38,38,False,,
future_idio_vol_annualized,RECONFIG,NATIVE,neighbor_retention_1m,INDUSTRY_SIZE_COMMON,252,90,HIGH_MINUS_LOW,HIGH_MINUS_LOW,0.02976016962048412,0.012716414036951432,2.340295741708853,66,28,False,0.019268475097145327,0.13006220690573095
future_idio_vol_annualized,RECONFIG,NATIVE,neighbor_retention_1m,FULL_CHARACTERISTIC_NEUTRAL,252,90,REGIME_MEAN,LOW,0.008049384443166697,0.005412884146589144,1.4870786488639163,28,28,False,,
future_idio_vol_annualized,RECONFIG,NATIVE,neighbor_retention_1m,FULL_CHARACTERISTIC_NEUTRAL,252,90,REGIME_MEAN,MEDIUM,0.012631659256775733,0.007194683165617131,1.7556936095729019,24,24,False,,
future_idio_vol_annualized,RECONFIG,NATIVE,neighbor_retention_1m,FULL_CHARACTERISTIC_NEUTRAL,252,90,REGIME_MEAN,HIGH,-0.0007240583479864839,0.006487726539791645,-0.11160432603710471,38,38,False,,
future_idio_vol_annualized,RECONFIG,NATIVE,neighbor_retention_1m,FULL_CHARACTERISTIC_NEUTRAL,252,90,HIGH_MINUS_LOW,HIGH_MINUS_LOW,-0.00877344279115318,0.007619427917315659,-1.1514568923494828,66,28,False,0.2495443199299894,0.6595407122718964
future_idio_vol_annualized,RECONFIG,NATIVE,outside_community_degree_percentile,RAW_COMMON,252,90,REGIME_MEAN,LOW,-0.1356398262570096,0.014646678350562633,-9.260790945941622,28,28,False,,
future_idio_vol_annualized,RECONFIG,NATIVE,outside_community_degree_percentile,RAW_COMMON,252,90,REGIME_MEAN,MEDIUM,-0.11056368084551368,0.023236457376968483,-4.758198681142428,24,24,False,,
future_idio_vol_annualized,RECONFIG,NATIVE,outside_community_degree_percentile,RAW_COMMON,252,90,REGIME_MEAN,HIGH,-0.1432774210354952,0.016713091126890848,-8.572766099801028,38,38,False,,
future_idio_vol_annualized,RECONFIG,NATIVE,outside_community_degree_percentile,RAW_COMMON,252,90,HIGH_MINUS_LOW,HIGH_MINUS_LOW,-0.007637594778485607,0.016292086816272245,-0.46879168179102226,66,28,False,0.6392185462652606,0.7844954885982744
future_idio_vol_annualized,RECONFIG,NATIVE,outside_community_degree_percentile,INDUSTRY_SIZE_COMMON,252,90,REGIME_MEAN,LOW,-0.12618292004935042,0.013657102719197928,-9.239362304273644,28,28,False,,
future_idio_vol_annualized,RECONFIG,NATIVE,outside_community_degree_percentile,INDUSTRY_SIZE_COMMON,252,90,REGIME_MEAN,MEDIUM,-0.10734740270703721,0.017364464033417057,-6.182016473439803,24,24,False,,
future_idio_vol_annualized,RECONFIG,NATIVE,outside_community_degree_percentile,INDUSTRY_SIZE_COMMON,252,90,REGIME_MEAN,HIGH,-0.13519128320789225,0.01325850676843056,-10.196569309734958,38,38,False,,
future_idio_vol_annualized,RECONFIG,NATIVE,outside_community_degree_percentile,INDUSTRY_SIZE_COMMON,252,90,HIGH_MINUS_LOW,HIGH_MINUS_LOW,-0.009008363158541838,0.013445364037274102,-0.6699977132317336,66,28,False,0.5028592479476841,0.8062334239961712
future_idio_vol_annualized,RECONFIG,NATIVE,outside_community_degree_percentile,FULL_CHARACTERISTIC_NEUTRAL,252,90,REGIME_MEAN,LOW,-0.06805764310234316,0.006578667603060349,-10.345201674376014,28,28,False,,
future_idio_vol_annualized,RECONFIG,NATIVE,outside_community_degree_percentile,FULL_CHARACTERISTIC_NEUTRAL,252,90,REGIME_MEAN,MEDIUM,-0.05092936398369127,0.010395624635266706,-4.899115326934335,24,24,False,,
future_idio_vol_annualized,RECONFIG,NATIVE,outside_community_degree_percentile,FULL_CHARACTERISTIC_NEUTRAL,252,90,REGIME_MEAN,HIGH,-0.07259651902952906,0.007840267443398993,-9.259444215853978,38,38,False,,
future_idio_vol_annualized,RECONFIG,NATIVE,outside_community_degree_percentile,FULL_CHARACTERISTIC_NEUTRAL,252,90,HIGH_MINUS_LOW,HIGH_MINUS_LOW,-0.004538875927185895,0.008288048945703314,-0.5476410620787824,66,28,False,0.5839383886453674,0.9144589610618721
future_idio_vol_annualized,RECONFIG,COMMON_DATE,residual_degree_percentile,RAW_COMMON,60,90,REGIME_MEAN,LOW,-0.13547853681606545,0.016064953232963343,-8.433173433588331,27,27,False,,
future_idio_vol_annualized,RECONFIG,COMMON_DATE,residual_degree_percentile,RAW_COMMON,60,90,REGIME_MEAN,MEDIUM,-0.12725223168772698,0.01963000728199856,-6.482536142736022,26,26,False,,
future_idio_vol_annualized,RECONFIG,COMMON_DATE,residual_degree_percentile,RAW_COMMON,60,90,REGIME_MEAN,HIGH,-0.12022813162068002,0.011402330489403907,-10.54417180175641,37,37,False,,
future_idio_vol_annualized,RECONFIG,COMMON_DATE,residual_degree_percentile,RAW_COMMON,60,90,HIGH_MINUS_LOW,HIGH_MINUS_LOW,0.015250405195385425,0.017023151646136696,0.8958626177101826,64,27,False,0.37032614163455385,0.5262529381122608
future_idio_vol_annualized,RECONFIG,COMMON_DATE,residual_degree_percentile,INDUSTRY_SIZE_COMMON,60,90,REGIME_MEAN,LOW,-0.12691935923450626,0.01480214405817998,-8.57439021912288,27,27,False,,
future_idio_vol_annualized,RECONFIG,COMMON_DATE,residual_degree_percentile,INDUSTRY_SIZE_COMMON,60,90,REGIME_MEAN,MEDIUM,-0.13263916455796212,0.01394372760041738,-9.512460968757868,26,26,False,,
future_idio_vol_annualized,RECONFIG,COMMON_DATE,residual_degree_percentile,INDUSTRY_SIZE_COMMON,60,90,REGIME_MEAN,HIGH,-0.12818043232556003,0.009691531951596458,-13.226023807768104,37,37,False,,
future_idio_vol_annualized,RECONFIG,COMMON_DATE,residual_degree_percentile,INDUSTRY_SIZE_COMMON,60,90,HIGH_MINUS_LOW,HIGH_MINUS_LOW,-0.001261073091053777,0.016388023749226568,-0.07695089477236652,64,27,False,0.9386626093679072,0.9747650174205191
future_idio_vol_annualized,RECONFIG,COMMON_DATE,residual_degree_percentile,FULL_CHARACTERISTIC_NEUTRAL,60,90,REGIME_MEAN,LOW,-0.074140858107457,0.009106752528110528,-8.141305902252268,27,27,False,,
future_idio_vol_annualized,RECONFIG,COMMON_DATE,residual_degree_percentile,FULL_CHARACTERISTIC_NEUTRAL,60,90,REGIME_MEAN,MEDIUM,-0.06206602302308157,0.011801177366369433,-5.259307702632711,26,26,False,,
future_idio_vol_annualized,RECONFIG,COMMON_DATE,residual_degree_percentile,FULL_CHARACTERISTIC_NEUTRAL,60,90,REGIME_MEAN,HIGH,-0.06342991656749328,0.007190615902171275,-8.82120772830322,37,37,False,,
future_idio_vol_annualized,RECONFIG,COMMON_DATE,residual_degree_percentile,FULL_CHARACTERISTIC_NEUTRAL,60,90,HIGH_MINUS_LOW,HIGH_MINUS_LOW,0.010710941539963728,0.010933172055613982,0.9796737383698135,64,27,False,0.3272471933353498,0.6423783083310095
future_idio_vol_annualized,RECONFIG,COMMON_DATE,delta_degree_percentile,RAW_COMMON,60,90,REGIME_MEAN,LOW,0.10376613689383837,0.0171127149056189,6.063686414817039,27,27,False,,
future_idio_vol_annualized,RECONFIG,COMMON_DATE,delta_degree_percentile,RAW_COMMON,60,90,REGIME_MEAN,MEDIUM,0.13223784096895103,0.019589814418315567,6.750336585389741,26,26,False,,
future_idio_vol_annualized,RECONFIG,COMMON_DATE,delta_degree_percentile,RAW_COMMON,60,90,REGIME_MEAN,HIGH,0.11823352557497374,0.019287429079216756,6.130082194437035,37,37,False,,
future_idio_vol_annualized,RECONFIG,COMMON_DATE,delta_degree_percentile,RAW_COMMON,60,90,HIGH_MINUS_LOW,HIGH_MINUS_LOW,0.014467388681135368,0.024745601070563346,0.5846448683901785,64,27,False,0.5587865315880014,0.6857834705852744
future_idio_vol_annualized,RECONFIG,COMMON_DATE,delta_degree_percentile,INDUSTRY_SIZE_COMMON,60,90,REGIME_MEAN,LOW,0.12617421639786264,0.013988968323415694,9.019551226423436,27,27,False,,
future_idio_vol_annualized,RECONFIG,COMMON_DATE,delta_degree_percentile,INDUSTRY_SIZE_COMMON,60,90,REGIME_MEAN,MEDIUM,0.13796211359945812,0.014170358151569295,9.735965183362675,26,26,False,,
future_idio_vol_annualized,RECONFIG,COMMON_DATE,delta_degree_percentile,INDUSTRY_SIZE_COMMON,60,90,REGIME_MEAN,HIGH,0.1257469798603759,0.013878279655083453,9.060703702876907,37,37,False,,
future_idio_vol_annualized,RECONFIG,COMMON_DATE,delta_degree_percentile,INDUSTRY_SIZE_COMMON,60,90,HIGH_MINUS_LOW,HIGH_MINUS_LOW,-0.00042723653748674706,0.01905051311564266,-0.022426510766050536,64,27,False,0.982107733134114,0.9821077331341139
future_idio_vol_annualized,RECONFIG,COMMON_DATE,delta_degree_percentile,FULL_CHARACTERISTIC_NEUTRAL,60,90,REGIME_MEAN,LOW,0.005235286320828605,0.007531480599161518,0.695120468266419,27,27,False,,
future_idio_vol_annualized,RECONFIG,COMMON_DATE,delta_degree_percentile,FULL_CHARACTERISTIC_NEUTRAL,60,90,REGIME_MEAN,MEDIUM,0.004324348948419137,0.009025882328794603,0.4791053983302538,26,26,False,,
future_idio_vol_annualized,RECONFIG,COMMON_DATE,delta_degree_percentile,FULL_CHARACTERISTIC_NEUTRAL,60,90,REGIME_MEAN,HIGH,0.005365050696673941,0.008100564151969096,0.6623058093268476,37,37,False,,
future_idio_vol_annualized,RECONFIG,COMMON_DATE,delta_degree_percentile,FULL_CHARACTERISTIC_NEUTRAL,60,90,HIGH_MINUS_LOW,HIGH_MINUS_LOW,0.00012976437584533672,0.01080181206238385,0.012013204367554885,64,27,False,0.9904150802545165,0.9904150802545165
future_idio_vol_annualized,RECONFIG,COMMON_DATE,cross_industry_degree_percentile,RAW_COMMON,60,90,REGIME_MEAN,LOW,-0.15074184368498,0.017248824109163015,-8.73925333871902,27,27,False,,
future_idio_vol_annualized,RECONFIG,COMMON_DATE,cross_industry_degree_percentile,RAW_COMMON,60,90,REGIME_MEAN,MEDIUM,-0.1446333832375835,0.017237261481596045,-8.390740222395902,26,26,False,,
future_idio_vol_annualized,RECONFIG,COMMON_DATE,cross_industry_degree_percentile,RAW_COMMON,60,90,REGIME_MEAN,HIGH,-0.14121316100901796,0.010612611472428155,-13.306165157924935,37,37,False,,
future_idio_vol_annualized,RECONFIG,COMMON_DATE,cross_industry_degree_percentile,RAW_COMMON,60,90,HIGH_MINUS_LOW,HIGH_MINUS_LOW,0.009528682675962047,0.018385895524851637,0.5182604602034437,64,27,False,0.6042765561966226,0.7093681311873395
future_idio_vol_annualized,RECONFIG,COMMON_DATE,cross_industry_degree_percentile,INDUSTRY_SIZE_COMMON,60,90,REGIME_MEAN,LOW,-0.1262138276089515,0.015412233618248164,-8.189197668241524,27,27,False,,
future_idio_vol_annualized,RECONFIG,COMMON_DATE,cross_industry_degree_percentile,INDUSTRY_SIZE_COMMON,60,90,REGIME_MEAN,MEDIUM,-0.12850600427490666,0.012488322044212767,-10.290093722755799,26,26,False,,
future_idio_vol_annualized,RECONFIG,COMMON_DATE,cross_industry_degree_percentile,INDUSTRY_SIZE_COMMON,60,90,REGIME_MEAN,HIGH,-0.12470626388194797,0.009188920848419064,-13.571372083741851,37,37,False,,
future_idio_vol_annualized,RECONFIG,COMMON_DATE,cross_industry_degree_percentile,INDUSTRY_SIZE_COMMON,60,90,HIGH_MINUS_LOW,HIGH_MINUS_LOW,0.0015075637270035303,0.01682782854115567,0.08958753788799875,64,27,False,0.9286149879070416,0.9747650174205191
future_idio_vol_annualized,RECONFIG,COMMON_DATE,cross_industry_degree_percentile,FULL_CHARACTERISTIC_NEUTRAL,60,90,REGIME_MEAN,LOW,-0.07763029438384961,0.008774871336162095,-8.846886912623738,27,27,False,,
future_idio_vol_annualized,RECONFIG,COMMON_DATE,cross_industry_degree_percentile,FULL_CHARACTERISTIC_NEUTRAL,60,90,REGIME_MEAN,MEDIUM,-0.0668341091587312,0.010523056125848232,-6.351207135972953,26,26,False,,
future_idio_vol_annualized,RECONFIG,COMMON_DATE,cross_industry_degree_percentile,FULL_CHARACTERISTIC_NEUTRAL,60,90,REGIME_MEAN,HIGH,-0.0675181390448955,0.006856597622773643,-9.84717825946784,37,37,False,,
future_idio_vol_annualized,RECONFIG,COMMON_DATE,cross_industry_degree_percentile,FULL_CHARACTERISTIC_NEUTRAL,60,90,HIGH_MINUS_LOW,HIGH_MINUS_LOW,0.010112155338954112,0.010447320519764838,0.9679185509646573,64,27,False,0.3330850487642271,0.6423783083310095
future_idio_vol_annualized,RECONFIG,COMMON_DATE,cross_industry_degree_ratio,RAW_COMMON,60,90,REGIME_MEAN,LOW,-0.02203650183453803,0.007837043801357293,-2.8118385443656115,27,27,False,,
future_idio_vol_annualized,RECONFIG,COMMON_DATE,cross_industry_degree_ratio,RAW_COMMON,60,90,REGIME_MEAN,MEDIUM,-0.024492015980494743,0.013461526229751497,-1.8194085546083634,26,26,False,,
future_idio_vol_annualized,RECONFIG,COMMON_DATE,cross_industry_degree_ratio,RAW_COMMON,60,90,REGIME_MEAN,HIGH,-0.04417764941305269,0.009457814475924803,-4.671020934647052,37,37,False,,
future_idio_vol_annualized,RECONFIG,COMMON_DATE,cross_industry_degree_ratio,RAW_COMMON,60,90,HIGH_MINUS_LOW,HIGH_MINUS_LOW,-0.02214114757851466,0.01023511243219281,-2.1632539676724445,64,27,False,0.030521651476900176,0.10301057373453809
future_idio_vol_annualized,RECONFIG,COMMON_DATE,cross_industry_degree_ratio,INDUSTRY_SIZE_COMMON,60,90,REGIME_MEAN,LOW,0.017445882144127456,0.00605337096001768,2.88201107438433,27,27,False,,
future_idio_vol_annualized,RECONFIG,COMMON_DATE,cross_industry_degree_ratio,INDUSTRY_SIZE_COMMON,60,90,REGIME_MEAN,MEDIUM,0.02103225601577225,0.008698194639451443,2.418002457702954,26,26,False,,
future_idio_vol_annualized,RECONFIG,COMMON_DATE,cross_industry_degree_ratio,INDUSTRY_SIZE_COMMON,60,90,REGIME_MEAN,HIGH,0.008273235844836285,0.006311785833846976,1.3107599121109315,37,37,False,,
future_idio_vol_annualized,RECONFIG,COMMON_DATE,cross_industry_degree_ratio,INDUSTRY_SIZE_COMMON,60,90,HIGH_MINUS_LOW,HIGH_MINUS_LOW,-0.009172646299291171,0.008391946935938964,-1.0930295876882659,64,27,False,0.2743808091443469,0.5677608764391107
future_idio_vol_annualized,RECONFIG,COMMON_DATE,cross_industry_degree_ratio,FULL_CHARACTERISTIC_NEUTRAL,60,90,REGIME_MEAN,LOW,0.011738741429324757,0.007755392384540951,1.5136231472599544,27,27,False,,
future_idio_vol_annualized,RECONFIG,COMMON_DATE,cross_industry_degree_ratio,FULL_CHARACTERISTIC_NEUTRAL,60,90,REGIME_MEAN,MEDIUM,0.005410136892535342,0.00766252034438209,0.7060518797189071,26,26,False,,
future_idio_vol_annualized,RECONFIG,COMMON_DATE,cross_industry_degree_ratio,FULL_CHARACTERISTIC_NEUTRAL,60,90,REGIME_MEAN,HIGH,-0.0007416906938296809,0.005883723076737912,-0.12605805612471033,37,37,False,,
future_idio_vol_annualized,RECONFIG,COMMON_DATE,cross_industry_degree_ratio,FULL_CHARACTERISTIC_NEUTRAL,60,90,HIGH_MINUS_LOW,HIGH_MINUS_LOW,-0.012480432123154438,0.00839778904658533,-1.4861568984314,64,27,False,0.1372376251771239,0.6423783083310095
future_idio_vol_annualized,RECONFIG,COMMON_DATE,delta_residual_degree_percentile_1m,RAW_COMMON,60,90,REGIME_MEAN,LOW,-0.0357709500711884,0.007147681756022533,-5.0045527056445,27,27,False,,
future_idio_vol_annualized,RECONFIG,COMMON_DATE,delta_residual_degree_percentile_1m,RAW_COMMON,60,90,REGIME_MEAN,MEDIUM,-0.0060275950557182045,0.010683758302966397,-0.564183022939092,26,26,False,,
future_idio_vol_annualized,RECONFIG,COMMON_DATE,delta_residual_degree_percentile_1m,RAW_COMMON,60,90,REGIME_MEAN,HIGH,-0.016636562604914747,0.007704465226615348,-2.159340345575596,37,37,False,,
future_idio_vol_annualized,RECONFIG,COMMON_DATE,delta_residual_degree_percentile_1m,RAW_COMMON,60,90,HIGH_MINUS_LOW,HIGH_MINUS_LOW,0.01913438746627365,0.011241429115347373,1.7021312210340238,64,27,False,0.08873077240665109,0.23957308549795794
future_idio_vol_annualized,RECONFIG,COMMON_DATE,delta_residual_degree_percentile_1m,INDUSTRY_SIZE_COMMON,60,90,REGIME_MEAN,LOW,-0.033788808981347694,0.006220483239651382,-5.431862393900018,27,27,False,,
future_idio_vol_annualized,RECONFIG,COMMON_DATE,delta_residual_degree_percentile_1m,INDUSTRY_SIZE_COMMON,60,90,REGIME_MEAN,MEDIUM,-0.010710671238898484,0.00849308711996229,-1.261104600437213,26,26,False,,
future_idio_vol_annualized,RECONFIG,COMMON_DATE,delta_residual_degree_percentile_1m,INDUSTRY_SIZE_COMMON,60,90,REGIME_MEAN,HIGH,-0.02373659667552036,0.006029656543608954,-3.9366415821278604,37,37,False,,
future_idio_vol_annualized,RECONFIG,COMMON_DATE,delta_residual_degree_percentile_1m,INDUSTRY_SIZE_COMMON,60,90,HIGH_MINUS_LOW,HIGH_MINUS_LOW,0.010052212305827334,0.009075324803292319,1.107642153169066,64,27,False,0.2680163909788322,0.5677608764391107
future_idio_vol_annualized,RECONFIG,COMMON_DATE,delta_residual_degree_percentile_1m,FULL_CHARACTERISTIC_NEUTRAL,60,90,REGIME_MEAN,LOW,-0.014950775842088683,0.006671339752824187,-2.24104548651709,27,27,False,,
future_idio_vol_annualized,RECONFIG,COMMON_DATE,delta_residual_degree_percentile_1m,FULL_CHARACTERISTIC_NEUTRAL,60,90,REGIME_MEAN,MEDIUM,0.0022863054763126675,0.007473356504557117,0.3059275273324001,26,26,False,,
future_idio_vol_annualized,RECONFIG,COMMON_DATE,delta_residual_degree_percentile_1m,FULL_CHARACTERISTIC_NEUTRAL,60,90,REGIME_MEAN,HIGH,-0.011008710442162568,0.0060484117381433295,-1.8200993779470929,37,37,False,,
future_idio_vol_annualized,RECONFIG,COMMON_DATE,delta_residual_degree_percentile_1m,FULL_CHARACTERISTIC_NEUTRAL,60,90,HIGH_MINUS_LOW,HIGH_MINUS_LOW,0.003942065399926115,0.009021217180409456,0.4369771086419174,64,27,False,0.662127949464833,0.8805600201631432
future_idio_vol_annualized,RECONFIG,COMMON_DATE,delta_cross_industry_degree_percentile_1m,RAW_COMMON,60,90,REGIME_MEAN,LOW,-0.03657764038853785,0.0070287331448939784,-5.204016091450231,27,27,False,,
future_idio_vol_annualized,RECONFIG,COMMON_DATE,delta_cross_industry_degree_percentile_1m,RAW_COMMON,60,90,REGIME_MEAN,MEDIUM,-0.008711968640998108,0.011135302471235033,-0.7823737759708874,26,26,False,,
future_idio_vol_annualized,RECONFIG,COMMON_DATE,delta_cross_industry_degree_percentile_1m,RAW_COMMON,60,90,REGIME_MEAN,HIGH,-0.021776901866427074,0.007826080748944482,-2.7826063345135004,37,37,False,,
future_idio_vol_annualized,RECONFIG,COMMON_DATE,delta_cross_industry_degree_percentile_1m,RAW_COMMON,60,90,HIGH_MINUS_LOW,HIGH_MINUS_LOW,0.014800738522110776,0.010884535599010946,1.3597951320454762,64,27,False,0.17389476330440518,0.3287800609817115
future_idio_vol_annualized,RECONFIG,COMMON_DATE,delta_cross_industry_degree_percentile_1m,INDUSTRY_SIZE_COMMON,60,90,REGIME_MEAN,LOW,-0.03274619701037904,0.005883422025986473,-5.565841931063664,27,27,False,,
future_idio_vol_annualized,RECONFIG,COMMON_DATE,delta_cross_industry_degree_percentile_1m,INDUSTRY_SIZE_COMMON,60,90,REGIME_MEAN,MEDIUM,-0.007983258303618995,0.008356158300681482,-0.9553742301612362,26,26,False,,
future_idio_vol_annualized,RECONFIG,COMMON_DATE,delta_cross_industry_degree_percentile_1m,INDUSTRY_SIZE_COMMON,60,90,REGIME_MEAN,HIGH,-0.021505382884076746,0.00578962137074569,-3.7144713802427636,37,37,False,,
future_idio_vol_annualized,RECONFIG,COMMON_DATE,delta_cross_industry_degree_percentile_1m,INDUSTRY_SIZE_COMMON,60,90,HIGH_MINUS_LOW,HIGH_MINUS_LOW,0.011240814126302297,0.008874847452783151,1.2665923765007565,64,27,False,0.205301079757516,0.5543129153452931
future_idio_vol_annualized,RECONFIG,COMMON_DATE,delta_cross_industry_degree_percentile_1m,FULL_CHARACTERISTIC_NEUTRAL,60,90,REGIME_MEAN,LOW,-0.017547435466039756,0.006381158466712669,-2.7498824167392177,27,27,False,,
future_idio_vol_annualized,RECONFIG,COMMON_DATE,delta_cross_industry_degree_percentile_1m,FULL_CHARACTERISTIC_NEUTRAL,60,90,REGIME_MEAN,MEDIUM,-4.1639094018700376e-05,0.008028327477983632,-0.005186521617720347,26,26,False,,
future_idio_vol_annualized,RECONFIG,COMMON_DATE,delta_cross_industry_degree_percentile_1m,FULL_CHARACTERISTIC_NEUTRAL,60,90,REGIME_MEAN,HIGH,-0.013566694246922254,0.0062684313203989666,-2.1642885681419215,37,37,False,,
future_idio_vol_annualized,RECONFIG,COMMON_DATE,delta_cross_industry_degree_percentile_1m,FULL_CHARACTERISTIC_NEUTRAL,60,90,HIGH_MINUS_LOW,HIGH_MINUS_LOW,0.003980741219117501,0.008936326042054403,0.44545613044825244,64,27,False,0.6559901562126285,0.8805600201631432
future_idio_vol_annualized,RECONFIG,COMMON_DATE,neighbor_jaccard_1m,RAW_COMMON,60,90,REGIME_MEAN,LOW,-0.07485940007024643,0.011648726537176537,-6.42640204758306,27,27,False,,
future_idio_vol_annualized,RECONFIG,COMMON_DATE,neighbor_jaccard_1m,RAW_COMMON,60,90,REGIME_MEAN,MEDIUM,-0.08436371411265142,0.016221465544666615,-5.2007455109621095,26,26,False,,
future_idio_vol_annualized,RECONFIG,COMMON_DATE,neighbor_jaccard_1m,RAW_COMMON,60,90,REGIME_MEAN,HIGH,-0.05283031848346371,0.010207819997273734,-5.175475125695146,37,37,False,,
future_idio_vol_annualized,RECONFIG,COMMON_DATE,neighbor_jaccard_1m,RAW_COMMON,60,90,HIGH_MINUS_LOW,HIGH_MINUS_LOW,0.02202908158678272,0.015253339220744802,1.4442137074367816,64,27,False,0.14867887026382273,0.3287800609817115
future_idio_vol_annualized,RECONFIG,COMMON_DATE,neighbor_jaccard_1m,INDUSTRY_SIZE_COMMON,60,90,REGIME_MEAN,LOW,-0.06999840765016538,0.008872741058440953,-7.889152539121313,27,27,False,,
future_idio_vol_annualized,RECONFIG,COMMON_DATE,neighbor_jaccard_1m,INDUSTRY_SIZE_COMMON,60,90,REGIME_MEAN,MEDIUM,-0.09161519571996055,0.012761037347416022,-7.17929061923102,26,26,False,,
future_idio_vol_annualized,RECONFIG,COMMON_DATE,neighbor_jaccard_1m,INDUSTRY_SIZE_COMMON,60,90,REGIME_MEAN,HIGH,-0.05745669972582243,0.008194800004826816,-7.011360825399018,37,37,False,,
future_idio_vol_annualized,RECONFIG,COMMON_DATE,neighbor_jaccard_1m,INDUSTRY_SIZE_COMMON,60,90,HIGH_MINUS_LOW,HIGH_MINUS_LOW,0.012541707924342949,0.01249287924659518,1.0039085207488159,64,27,False,0.31542270913283926,0.5677608764391107
future_idio_vol_annualized,RECONFIG,COMMON_DATE,neighbor_jaccard_1m,FULL_CHARACTERISTIC_NEUTRAL,60,90,REGIME_MEAN,LOW,-0.0735293525589095,0.007348927689444185,-10.005453266947395,27,27,False,,
future_idio_vol_annualized,RECONFIG,COMMON_DATE,neighbor_jaccard_1m,FULL_CHARACTERISTIC_NEUTRAL,60,90,REGIME_MEAN,MEDIUM,-0.07670883817243175,0.009327171390341457,-8.22423379631105,26,26,False,,
future_idio_vol_annualized,RECONFIG,COMMON_DATE,neighbor_jaccard_1m,FULL_CHARACTERISTIC_NEUTRAL,60,90,REGIME_MEAN,HIGH,-0.06381094206845735,0.005808262277170554,-10.986236334276267,37,37,False,,
future_idio_vol_annualized,RECONFIG,COMMON_DATE,neighbor_jaccard_1m,FULL_CHARACTERISTIC_NEUTRAL,60,90,HIGH_MINUS_LOW,HIGH_MINUS_LOW,0.009718410490452148,0.008863149360565968,1.096496301155819,64,27,False,0.27286164115105344,0.6423783083310095
future_idio_vol_annualized,RECONFIG,COMMON_DATE,neighbor_retention_1m,RAW_COMMON,60,90,REGIME_MEAN,LOW,-0.08058965980617985,0.010992451561316894,-7.331363650468997,27,27,False,,
future_idio_vol_annualized,RECONFIG,COMMON_DATE,neighbor_retention_1m,RAW_COMMON,60,90,REGIME_MEAN,MEDIUM,-0.07493432312057649,0.015608198020119703,-4.8009592794749665,26,26,False,,
future_idio_vol_annualized,RECONFIG,COMMON_DATE,neighbor_retention_1m,RAW_COMMON,60,90,REGIME_MEAN,HIGH,-0.05647496086846792,0.011066191886124148,-5.103378059012481,37,37,False,,
future_idio_vol_annualized,RECONFIG,COMMON_DATE,neighbor_retention_1m,RAW_COMMON,60,90,HIGH_MINUS_LOW,HIGH_MINUS_LOW,0.024114698937711933,0.015754135535078942,1.5306900771557377,64,27,False,0.12584600733528065,0.30889474527750704
future_idio_vol_annualized,RECONFIG,COMMON_DATE,neighbor_retention_1m,INDUSTRY_SIZE_COMMON,60,90,REGIME_MEAN,LOW,-0.07461614235259562,0.008907673497096943,-8.376613980846223,27,27,False,,
future_idio_vol_annualized,RECONFIG,COMMON_DATE,neighbor_retention_1m,INDUSTRY_SIZE_COMMON,60,90,REGIME_MEAN,MEDIUM,-0.08343471148083195,0.012141099462905166,-6.872088622266125,26,26,False,,
future_idio_vol_annualized,RECONFIG,COMMON_DATE,neighbor_retention_1m,INDUSTRY_SIZE_COMMON,60,90,REGIME_MEAN,HIGH,-0.06298121420445883,0.009751692783354096,-6.458490397889302,37,37,False,,
future_idio_vol_annualized,RECONFIG,COMMON_DATE,neighbor_retention_1m,INDUSTRY_SIZE_COMMON,60,90,HIGH_MINUS_LOW,HIGH_MINUS_LOW,0.011634928148136783,0.014141025419137948,0.8227782500405165,64,27,False,0.4106341073714335,0.6521835822958062
future_idio_vol_annualized,RECONFIG,COMMON_DATE,neighbor_retention_1m,FULL_CHARACTERISTIC_NEUTRAL,60,90,REGIME_MEAN,LOW,-0.07017585221949826,0.007332887787308114,-9.570015832092755,27,27,False,,
future_idio_vol_annualized,RECONFIG,COMMON_DATE,neighbor_retention_1m,FULL_CHARACTERISTIC_NEUTRAL,60,90,REGIME_MEAN,MEDIUM,-0.06639420762247111,0.008574401143999015,-7.743305509905911,26,26,False,,
future_idio_vol_annualized,RECONFIG,COMMON_DATE,neighbor_retention_1m,FULL_CHARACTERISTIC_NEUTRAL,60,90,REGIME_MEAN,HIGH,-0.05976421750720634,0.006470355018346936,-9.236621072219785,37,37,False,,
future_idio_vol_annualized,RECONFIG,COMMON_DATE,neighbor_retention_1m,FULL_CHARACTERISTIC_NEUTRAL,60,90,HIGH_MINUS_LOW,HIGH_MINUS_LOW,0.010411634712291923,0.009729154099256015,1.0701479908811493,64,27,False,0.2845527003497174,0.6423783083310095
future_idio_vol_annualized,RECONFIG,COMMON_DATE,outside_community_degree_percentile,RAW_COMMON,60,90,REGIME_MEAN,LOW,-0.1847175427159738,0.013874092149672524,-13.313847185333403,27,27,False,,
future_idio_vol_annualized,RECONFIG,COMMON_DATE,outside_community_degree_percentile,RAW_COMMON,60,90,REGIME_MEAN,MEDIUM,-0.2118366024903744,0.015653661432154645,-13.532719064386727,26,26,False,,
future_idio_vol_annualized,RECONFIG,COMMON_DATE,outside_community_degree_percentile,RAW_COMMON,60,90,REGIME_MEAN,HIGH,-0.18591988635417867,0.011785240714675762,-15.775654554315459,37,37,False,,
future_idio_vol_annualized,RECONFIG,COMMON_DATE,outside_community_degree_percentile,RAW_COMMON,60,90,HIGH_MINUS_LOW,HIGH_MINUS_LOW,-0.0012023436382048724,0.017225137583500718,-0.06980168561071756,64,27,False,0.9443515055290552,0.9443515055290552
future_idio_vol_annualized,RECONFIG,COMMON_DATE,outside_community_degree_percentile,INDUSTRY_SIZE_COMMON,60,90,REGIME_MEAN,LOW,-0.1502603680399931,0.012991778779736436,-11.565804081759575,27,27,False,,
future_idio_vol_annualized,RECONFIG,COMMON_DATE,outside_community_degree_percentile,INDUSTRY_SIZE_COMMON,60,90,REGIME_MEAN,MEDIUM,-0.17878242096895638,0.012516495076845787,-14.283744760119408,26,26,False,,
future_idio_vol_annualized,RECONFIG,COMMON_DATE,outside_community_degree_percentile,INDUSTRY_SIZE_COMMON,60,90,REGIME_MEAN,HIGH,-0.15635434381313087,0.009078274426045106,-17.22291445217367,37,37,False,,
future_idio_vol_annualized,RECONFIG,COMMON_DATE,outside_community_degree_percentile,INDUSTRY_SIZE_COMMON,60,90,HIGH_MINUS_LOW,HIGH_MINUS_LOW,-0.0060939757731377775,0.014934491821822401,-0.40804707959551795,64,27,False,0.6832391111075411,0.8784502857096957
future_idio_vol_annualized,RECONFIG,COMMON_DATE,outside_community_degree_percentile,FULL_CHARACTERISTIC_NEUTRAL,60,90,REGIME_MEAN,LOW,-0.08164074311625033,0.007012688239235541,-11.641861199457807,27,27,False,,
future_idio_vol_annualized,RECONFIG,COMMON_DATE,outside_community_degree_percentile,FULL_CHARACTERISTIC_NEUTRAL,60,90,REGIME_MEAN,MEDIUM,-0.08939488406644507,0.008673851896171588,-10.306249764986376,26,26,False,,
future_idio_vol_annualized,RECONFIG,COMMON_DATE,outside_community_degree_percentile,FULL_CHARACTERISTIC_NEUTRAL,60,90,REGIME_MEAN,HIGH,-0.07900187520298262,0.005886973958481161,-13.419776571147786,37,37,False,,
future_idio_vol_annualized,RECONFIG,COMMON_DATE,outside_community_degree_percentile,FULL_CHARACTERISTIC_NEUTRAL,60,90,HIGH_MINUS_LOW,HIGH_MINUS_LOW,0.0026388679132677145,0.008501802179575687,0.3103892395434937,64,27,False,0.7562649759554271,0.8877893195998492
future_idio_vol_annualized,RECONFIG,COMMON_DATE,residual_degree_percentile,RAW_COMMON,120,90,REGIME_MEAN,LOW,-0.107442761631777,0.013942506458755203,-7.706129593672038,27,27,False,,
future_idio_vol_annualized,RECONFIG,COMMON_DATE,residual_degree_percentile,RAW_COMMON,120,90,REGIME_MEAN,MEDIUM,-0.10719072824016478,0.015633243011583364,-6.856589394839087,32,32,False,,
future_idio_vol_annualized,RECONFIG,COMMON_DATE,residual_degree_percentile,RAW_COMMON,120,90,REGIME_MEAN,HIGH,-0.08247977927107497,0.01644427100789289,-5.015715152802242,31,31,False,,
future_idio_vol_annualized,RECONFIG,COMMON_DATE,residual_degree_percentile,RAW_COMMON,120,90,HIGH_MINUS_LOW,HIGH_MINUS_LOW,0.024962982360702032,0.018732217899228867,1.3326228904122273,58,27,False,0.18265558943428414,0.3287800609817115
future_idio_vol_annualized,RECONFIG,COMMON_DATE,residual_degree_percentile,INDUSTRY_SIZE_COMMON,120,90,REGIME_MEAN,LOW,-0.11812497070338104,0.013143506156332805,-8.987325702774221,27,27,False,,
future_idio_vol_annualized,RECONFIG,COMMON_DATE,residual_degree_percentile,INDUSTRY_SIZE_COMMON,120,90,REGIME_MEAN,MEDIUM,-0.1130141302124675,0.01131262078001897,-9.99009269470783,32,32,False,,
future_idio_vol_annualized,RECONFIG,COMMON_DATE,residual_degree_percentile,INDUSTRY_SIZE_COMMON,120,90,REGIME_MEAN,HIGH,-0.10282351603621405,0.011382388150767088,-9.03356261219088,31,31,False,,
future_idio_vol_annualized,RECONFIG,COMMON_DATE,residual_degree_percentile,INDUSTRY_SIZE_COMMON,120,90,HIGH_MINUS_LOW,HIGH_MINUS_LOW,0.015301454667166994,0.015162378318081343,1.009172462668327,58,27,False,0.3128919306852277,0.5677608764391107
future_idio_vol_annualized,RECONFIG,COMMON_DATE,residual_degree_percentile,FULL_CHARACTERISTIC_NEUTRAL,120,90,REGIME_MEAN,LOW,-0.05547710628685937,0.011856640695046904,-4.678990256492706,27,27,False,,
future_idio_vol_annualized,RECONFIG,COMMON_DATE,residual_degree_percentile,FULL_CHARACTERISTIC_NEUTRAL,120,90,REGIME_MEAN,MEDIUM,-0.05593328052248349,0.006864973054998966,-8.147632929418965,32,32,False,,
future_idio_vol_annualized,RECONFIG,COMMON_DATE,residual_degree_percentile,FULL_CHARACTERISTIC_NEUTRAL,120,90,REGIME_MEAN,HIGH,-0.050309720580907984,0.009031061596953768,-5.570742712891889,31,31,False,,
future_idio_vol_annualized,RECONFIG,COMMON_DATE,residual_degree_percentile,FULL_CHARACTERISTIC_NEUTRAL,120,90,HIGH_MINUS_LOW,HIGH_MINUS_LOW,0.005167385705951384,0.01428200691008558,0.36181089523926163,58,27,False,0.7174933497625611,0.8805600201631432
future_idio_vol_annualized,RECONFIG,COMMON_DATE,delta_degree_percentile,RAW_COMMON,120,90,REGIME_MEAN,LOW,0.13815281735142498,0.017508220904046,7.890739904903705,27,27,False,,
future_idio_vol_annualized,RECONFIG,COMMON_DATE,delta_degree_percentile,RAW_COMMON,120,90,REGIME_MEAN,MEDIUM,0.11429727405114913,0.01863535909945419,6.133355061266127,32,32,False,,
future_idio_vol_annualized,RECONFIG,COMMON_DATE,delta_degree_percentile,RAW_COMMON,120,90,REGIME_MEAN,HIGH,0.14236680471134355,0.02209115816038491,6.444515207294274,31,31,False,,
future_idio_vol_annualized,RECONFIG,COMMON_DATE,delta_degree_percentile,RAW_COMMON,120,90,HIGH_MINUS_LOW,HIGH_MINUS_LOW,0.0042139873599185695,0.022230016077380014,0.1895629470194797,58,27,False,0.8496516246746587,0.9176237546486314
future_idio_vol_annualized,RECONFIG,COMMON_DATE,delta_degree_percentile,INDUSTRY_SIZE_COMMON,120,90,REGIME_MEAN,LOW,0.15402640659244604,0.013981995533482163,11.016053196670299,27,27,False,,
future_idio_vol_annualized,RECONFIG,COMMON_DATE,delta_degree_percentile,INDUSTRY_SIZE_COMMON,120,90,REGIME_MEAN,MEDIUM,0.13913074005755868,0.01276271255224576,10.901345579006781,32,32,False,,
future_idio_vol_annualized,RECONFIG,COMMON_DATE,delta_degree_percentile,INDUSTRY_SIZE_COMMON,120,90,REGIME_MEAN,HIGH,0.13997178847478228,0.01664622729760306,8.408619320903856,31,31,False,,
future_idio_vol_annualized,RECONFIG,COMMON_DATE,delta_degree_percentile,INDUSTRY_SIZE_COMMON,120,90,HIGH_MINUS_LOW,HIGH_MINUS_LOW,-0.014054618117663759,0.016496939002538843,-0.8519530875091909,58,27,False,0.39424013014796366,0.6521835822958062
future_idio_vol_annualized,RECONFIG,COMMON_DATE,delta_degree_percentile,FULL_CHARACTERISTIC_NEUTRAL,120,90,REGIME_MEAN,LOW,0.02795362446809322,0.00857627865886047,3.2594118708133744,27,27,False,,
future_idio_vol_annualized,RECONFIG,COMMON_DATE,delta_degree_percentile,FULL_CHARACTERISTIC_NEUTRAL,120,90,REGIME_MEAN,MEDIUM,0.02327938860114637,0.007340547045709497,3.171342470279926,32,32,False,,
future_idio_vol_annualized,RECONFIG,COMMON_DATE,delta_degree_percentile,FULL_CHARACTERISTIC_NEUTRAL,120,90,REGIME_MEAN,HIGH,0.025465283435385164,0.00882613372575523,2.885213869021247,31,31,False,,
future_idio_vol_annualized,RECONFIG,COMMON_DATE,delta_degree_percentile,FULL_CHARACTERISTIC_NEUTRAL,120,90,HIGH_MINUS_LOW,HIGH_MINUS_LOW,-0.0024883410327080566,0.010521574999005684,-0.23649891132679388,58,27,False,0.8130455519589352,0.9146762459538021
future_idio_vol_annualized,RECONFIG,COMMON_DATE,cross_industry_degree_percentile,RAW_COMMON,120,90,REGIME_MEAN,LOW,-0.12468328183067842,0.014648866486023414,-8.511462777658572,27,27,False,,
future_idio_vol_annualized,RECONFIG,COMMON_DATE,cross_industry_degree_percentile,RAW_COMMON,120,90,REGIME_MEAN,MEDIUM,-0.12111776764107454,0.01569690990854771,-7.716026169910052,32,32,False,,
future_idio_vol_annualized,RECONFIG,COMMON_DATE,cross_industry_degree_percentile,RAW_COMMON,120,90,REGIME_MEAN,HIGH,-0.10178376671710612,0.014804196571264324,-6.875332020021501,31,31,False,,
future_idio_vol_annualized,RECONFIG,COMMON_DATE,cross_industry_degree_percentile,RAW_COMMON,120,90,HIGH_MINUS_LOW,HIGH_MINUS_LOW,0.0228995151135723,0.01779874877308256,1.2865800515260792,58,27,False,0.19824070040633993,0.33453118193569864
future_idio_vol_annualized,RECONFIG,COMMON_DATE,cross_industry_degree_percentile,INDUSTRY_SIZE_COMMON,120,90,REGIME_MEAN,LOW,-0.11484127605116401,0.012655882657403106,-9.074141974916872,27,27,False,,
future_idio_vol_annualized,RECONFIG,COMMON_DATE,cross_industry_degree_percentile,INDUSTRY_SIZE_COMMON,120,90,REGIME_MEAN,MEDIUM,-0.11166286606166562,0.011446072142970446,-9.755561966315481,32,32,False,,
future_idio_vol_annualized,RECONFIG,COMMON_DATE,cross_industry_degree_percentile,INDUSTRY_SIZE_COMMON,120,90,REGIME_MEAN,HIGH,-0.09807676893933696,0.01079178311269953,-9.08809674129963,31,31,False,,
future_idio_vol_annualized,RECONFIG,COMMON_DATE,cross_industry_degree_percentile,INDUSTRY_SIZE_COMMON,120,90,HIGH_MINUS_LOW,HIGH_MINUS_LOW,0.016764507111827046,0.014187305317968872,1.1816554825668006,58,27,False,0.2373424290478197,0.5677608764391107
future_idio_vol_annualized,RECONFIG,COMMON_DATE,cross_industry_degree_percentile,FULL_CHARACTERISTIC_NEUTRAL,120,90,REGIME_MEAN,LOW,-0.05772070212914318,0.01093848128314081,-5.276847912891396,27,27,False,,
future_idio_vol_annualized,RECONFIG,COMMON_DATE,cross_industry_degree_percentile,FULL_CHARACTERISTIC_NEUTRAL,120,90,REGIME_MEAN,MEDIUM,-0.06132342548780684,0.005790653580432227,-10.590069779865768,32,32,False,,
future_idio_vol_annualized,RECONFIG,COMMON_DATE,cross_industry_degree_percentile,FULL_CHARACTERISTIC_NEUTRAL,120,90,REGIME_MEAN,HIGH,-0.051288868876446,0.007436762929063919,-6.896665843145525,31,31,False,,
future_idio_vol_annualized,RECONFIG,COMMON_DATE,cross_industry_degree_percentile,FULL_CHARACTERISTIC_NEUTRAL,120,90,HIGH_MINUS_LOW,HIGH_MINUS_LOW,0.0064318332526971805,0.012793974150669622,0.5027236398129307,58,27,False,0.615158586794565,0.8805600201631432
future_idio_vol_annualized,RECONFIG,COMMON_DATE,cross_industry_degree_ratio,RAW_COMMON,120,90,REGIME_MEAN,LOW,-0.03728220154447115,0.011276414578486618,-3.306210611979354,27,27,False,,
future_idio_vol_annualized,RECONFIG,COMMON_DATE,cross_industry_degree_ratio,RAW_COMMON,120,90,REGIME_MEAN,MEDIUM,-0.0353045051543308,0.010391419379356873,-3.3974670702315355,32,32,False,,
future_idio_vol_annualized,RECONFIG,COMMON_DATE,cross_industry_degree_ratio,RAW_COMMON,120,90,REGIME_MEAN,HIGH,-0.04767370422765157,0.012748480650176598,-3.7395596805483775,31,31,False,,
future_idio_vol_annualized,RECONFIG,COMMON_DATE,cross_industry_degree_ratio,RAW_COMMON,120,90,HIGH_MINUS_LOW,HIGH_MINUS_LOW,-0.010391502683180419,0.014614660269326875,-0.7110327911617635,58,27,False,0.47706391600979325,0.6133678920125913
future_idio_vol_annualized,RECONFIG,COMMON_DATE,cross_industry_degree_ratio,INDUSTRY_SIZE_COMMON,120,90,REGIME_MEAN,LOW,0.0019873515594900867,0.006774849021034538,0.29334256059725633,27,27,False,,
future_idio_vol_annualized,RECONFIG,COMMON_DATE,cross_industry_degree_ratio,INDUSTRY_SIZE_COMMON,120,90,REGIME_MEAN,MEDIUM,-0.0003763024604739838,0.00755940912978108,-0.04977934836090575,32,32,False,,
future_idio_vol_annualized,RECONFIG,COMMON_DATE,cross_industry_degree_ratio,INDUSTRY_SIZE_COMMON,120,90,REGIME_MEAN,HIGH,0.0030749303694176415,0.008455377015759888,0.3636656725875512,31,31,False,,
future_idio_vol_annualized,RECONFIG,COMMON_DATE,cross_industry_degree_ratio,INDUSTRY_SIZE_COMMON,120,90,HIGH_MINUS_LOW,HIGH_MINUS_LOW,0.0010875788099275548,0.008403488839213826,0.1294199148397157,58,27,False,0.8970253904348998,0.9747650174205191
future_idio_vol_annualized,RECONFIG,COMMON_DATE,cross_industry_degree_ratio,FULL_CHARACTERISTIC_NEUTRAL,120,90,REGIME_MEAN,LOW,0.0018813536996010304,0.005606215363146387,0.3355835582001535,27,27,False,,
future_idio_vol_annualized,RECONFIG,COMMON_DATE,cross_industry_degree_ratio,FULL_CHARACTERISTIC_NEUTRAL,120,90,REGIME_MEAN,MEDIUM,-0.005417306007161532,0.006525382855375882,-0.8301897570191655,32,32,False,,
future_idio_vol_annualized,RECONFIG,COMMON_DATE,cross_industry_degree_ratio,FULL_CHARACTERISTIC_NEUTRAL,120,90,REGIME_MEAN,HIGH,0.0011488490366229473,0.0073389594009435465,0.15654113531071495,31,31,False,,
future_idio_vol_annualized,RECONFIG,COMMON_DATE,cross_industry_degree_ratio,FULL_CHARACTERISTIC_NEUTRAL,120,90,HIGH_MINUS_LOW,HIGH_MINUS_LOW,-0.0007325046629780832,0.007496728008711891,-0.09770991586287311,58,27,False,0.9221626415179088,0.9576304354224437
future_idio_vol_annualized,RECONFIG,COMMON_DATE,delta_residual_degree_percentile_1m,RAW_COMMON,120,90,REGIME_MEAN,LOW,-0.053972144363038904,0.010830490471551825,-4.983351816319507,27,27,False,,
future_idio_vol_annualized,RECONFIG,COMMON_DATE,delta_residual_degree_percentile_1m,RAW_COMMON,120,90,REGIME_MEAN,MEDIUM,-0.027982245553304627,0.008858873088593863,-3.1586687464044196,32,32,False,,
future_idio_vol_annualized,RECONFIG,COMMON_DATE,delta_residual_degree_percentile_1m,RAW_COMMON,120,90,REGIME_MEAN,HIGH,0.001114443887900205,0.011195401019174194,0.09954479397312467,31,31,False,,
future_idio_vol_annualized,RECONFIG,COMMON_DATE,delta_residual_degree_percentile_1m,RAW_COMMON,120,90,HIGH_MINUS_LOW,HIGH_MINUS_LOW,0.05508658825093911,0.016163923011935925,3.407996203041893,58,27,False,0.0006544180530369864,0.017669287431998634
future_idio_vol_annualized,RECONFIG,COMMON_DATE,delta_residual_degree_percentile_1m,INDUSTRY_SIZE_COMMON,120,90,REGIME_MEAN,LOW,-0.05200501362262087,0.007329959152997228,-7.094857220501148,27,27,False,,
future_idio_vol_annualized,RECONFIG,COMMON_DATE,delta_residual_degree_percentile_1m,INDUSTRY_SIZE_COMMON,120,90,REGIME_MEAN,MEDIUM,-0.03538702018955712,0.0068997708832099335,-5.128723951641457,32,32,False,,
future_idio_vol_annualized,RECONFIG,COMMON_DATE,delta_residual_degree_percentile_1m,INDUSTRY_SIZE_COMMON,120,90,REGIME_MEAN,HIGH,-0.003773233854718849,0.009283621822508603,-0.40643984932372573,31,31,False,,
future_idio_vol_annualized,RECONFIG,COMMON_DATE,delta_residual_degree_percentile_1m,INDUSTRY_SIZE_COMMON,120,90,HIGH_MINUS_LOW,HIGH_MINUS_LOW,0.048231779767902015,0.012317575303953937,3.9156878344733665,58,27,False,9.014682790580591e-05,0.00243396435345676
future_idio_vol_annualized,RECONFIG,COMMON_DATE,delta_residual_degree_percentile_1m,FULL_CHARACTERISTIC_NEUTRAL,120,90,REGIME_MEAN,LOW,0.00885237223517216,0.004941825108442226,1.7913163741973512,27,27,False,,
future_idio_vol_annualized,RECONFIG,COMMON_DATE,delta_residual_degree_percentile_1m,FULL_CHARACTERISTIC_NEUTRAL,120,90,REGIME_MEAN,MEDIUM,0.0007363204646416533,0.005125834360483746,0.14364889944905745,32,32,False,,
future_idio_vol_annualized,RECONFIG,COMMON_DATE,delta_residual_degree_percentile_1m,FULL_CHARACTERISTIC_NEUTRAL,120,90,REGIME_MEAN,HIGH,0.0004743952107644032,0.006840135152476503,0.06935465457764328,31,31,False,,
future_idio_vol_annualized,RECONFIG,COMMON_DATE,delta_residual_degree_percentile_1m,FULL_CHARACTERISTIC_NEUTRAL,120,90,HIGH_MINUS_LOW,HIGH_MINUS_LOW,-0.008377977024407757,0.008242908068036696,-1.0163860806472917,58,27,False,0.3094455713726236,0.6423783083310095
future_idio_vol_annualized,RECONFIG,COMMON_DATE,delta_cross_industry_degree_percentile_1m,RAW_COMMON,120,90,REGIME_MEAN,LOW,-0.05684907315088854,0.010904120748582092,-5.213540317616243,27,27,False,,
future_idio_vol_annualized,RECONFIG,COMMON_DATE,delta_cross_industry_degree_percentile_1m,RAW_COMMON,120,90,REGIME_MEAN,MEDIUM,-0.02965927238539251,0.008200801342290983,-3.616631003173023,32,32,False,,
future_idio_vol_annualized,RECONFIG,COMMON_DATE,delta_cross_industry_degree_percentile_1m,RAW_COMMON,120,90,REGIME_MEAN,HIGH,-0.007692510229481435,0.01109936099786454,-0.6930588374377079,31,31,False,,
future_idio_vol_annualized,RECONFIG,COMMON_DATE,delta_cross_industry_degree_percentile_1m,RAW_COMMON,120,90,HIGH_MINUS_LOW,HIGH_MINUS_LOW,0.049156562921407104,0.016512288553388457,2.9769685021232126,58,27,False,0.002911139167699969,0.03422747900274661
future_idio_vol_annualized,RECONFIG,COMMON_DATE,delta_cross_industry_degree_percentile_1m,INDUSTRY_SIZE_COMMON,120,90,REGIME_MEAN,LOW,-0.05043823455265781,0.007873984874887134,-6.405680904153476,27,27,False,,
future_idio_vol_annualized,RECONFIG,COMMON_DATE,delta_cross_industry_degree_percentile_1m,INDUSTRY_SIZE_COMMON,120,90,REGIME_MEAN,MEDIUM,-0.033382239184244905,0.006452695437822091,-5.173379017484212,32,32,False,,
future_idio_vol_annualized,RECONFIG,COMMON_DATE,delta_cross_industry_degree_percentile_1m,INDUSTRY_SIZE_COMMON,120,90,REGIME_MEAN,HIGH,-0.0055374068841266685,0.008282748226512362,-0.6685470489615882,31,31,False,,
future_idio_vol_annualized,RECONFIG,COMMON_DATE,delta_cross_industry_degree_percentile_1m,INDUSTRY_SIZE_COMMON,120,90,HIGH_MINUS_LOW,HIGH_MINUS_LOW,0.04490082766853114,0.012087400189932896,3.714680325213954,58,27,False,0.0002034607390044584,0.0027467199765601885
future_idio_vol_annualized,RECONFIG,COMMON_DATE,delta_cross_industry_degree_percentile_1m,FULL_CHARACTERISTIC_NEUTRAL,120,90,REGIME_MEAN,LOW,0.006888416059733154,0.005463054471388703,1.2609092762683227,27,27,False,,
future_idio_vol_annualized,RECONFIG,COMMON_DATE,delta_cross_industry_degree_percentile_1m,FULL_CHARACTERISTIC_NEUTRAL,120,90,REGIME_MEAN,MEDIUM,-0.00543789476911056,0.004756042537434886,-1.1433654611599464,32,32,False,,
future_idio_vol_annualized,RECONFIG,COMMON_DATE,delta_cross_industry_degree_percentile_1m,FULL_CHARACTERISTIC_NEUTRAL,120,90,REGIME_MEAN,HIGH,-0.003432762479440658,0.0061529002971322235,-0.5579096545803965,31,31,False,,
future_idio_vol_annualized,RECONFIG,COMMON_DATE,delta_cross_industry_degree_percentile_1m,FULL_CHARACTERISTIC_NEUTRAL,120,90,HIGH_MINUS_LOW,HIGH_MINUS_LOW,-0.010321178539173812,0.0078373423345814,-1.3169232755895786,58,27,False,0.18786434368045787,0.6423783083310095
future_idio_vol_annualized,RECONFIG,COMMON_DATE,neighbor_jaccard_1m,RAW_COMMON,120,90,REGIME_MEAN,LOW,-0.08359510260873597,0.012776030345614644,-6.543120229628281,27,27,False,,
future_idio_vol_annualized,RECONFIG,COMMON_DATE,neighbor_jaccard_1m,RAW_COMMON,120,90,REGIME_MEAN,MEDIUM,-0.07037531803053876,0.012310778508206808,-5.716561140599194,32,32,False,,
future_idio_vol_annualized,RECONFIG,COMMON_DATE,neighbor_jaccard_1m,RAW_COMMON,120,90,REGIME_MEAN,HIGH,-0.06656601250810866,0.01396641702580449,-4.766148138432401,31,31,False,,
future_idio_vol_annualized,RECONFIG,COMMON_DATE,neighbor_jaccard_1m,RAW_COMMON,120,90,HIGH_MINUS_LOW,HIGH_MINUS_LOW,0.01702909010062731,0.016780353886854886,1.0148230612685274,58,27,False,0.3101901787409455,0.46528526811141824
future_idio_vol_annualized,RECONFIG,COMMON_DATE,neighbor_jaccard_1m,INDUSTRY_SIZE_COMMON,120,90,REGIME_MEAN,LOW,-0.0808823777350842,0.010843179299126945,-7.4592862023038355,27,27,False,,
future_idio_vol_annualized,RECONFIG,COMMON_DATE,neighbor_jaccard_1m,INDUSTRY_SIZE_COMMON,120,90,REGIME_MEAN,MEDIUM,-0.07118217119310376,0.007812902030734847,-9.110849069024955,32,32,False,,
future_idio_vol_annualized,RECONFIG,COMMON_DATE,neighbor_jaccard_1m,INDUSTRY_SIZE_COMMON,120,90,REGIME_MEAN,HIGH,-0.07015517800934308,0.011812064991806977,-5.939281409135807,31,31,False,,
future_idio_vol_annualized,RECONFIG,COMMON_DATE,neighbor_jaccard_1m,INDUSTRY_SIZE_COMMON,120,90,HIGH_MINUS_LOW,HIGH_MINUS_LOW,0.010727199725741113,0.01381515615513569,0.7764805265522352,58,27,False,0.4374653144290558,0.6561979716435836
future_idio_vol_annualized,RECONFIG,COMMON_DATE,neighbor_jaccard_1m,FULL_CHARACTERISTIC_NEUTRAL,120,90,REGIME_MEAN,LOW,-0.054699228614168226,0.008450320473147557,-6.473035997626961,27,27,False,,
future_idio_vol_annualized,RECONFIG,COMMON_DATE,neighbor_jaccard_1m,FULL_CHARACTERISTIC_NEUTRAL,120,90,REGIME_MEAN,MEDIUM,-0.041339126096887856,0.006014958961125203,-6.87271955869748,32,32,False,,
future_idio_vol_annualized,RECONFIG,COMMON_DATE,neighbor_jaccard_1m,FULL_CHARACTERISTIC_NEUTRAL,120,90,REGIME_MEAN,HIGH,-0.042191469713853534,0.00687008349231986,-6.14133289078944,31,31,False,,
future_idio_vol_annualized,RECONFIG,COMMON_DATE,neighbor_jaccard_1m,FULL_CHARACTERISTIC_NEUTRAL,120,90,HIGH_MINUS_LOW,HIGH_MINUS_LOW,0.012507758900314692,0.010471217657458376,1.1944894385234883,58,27,False,0.2322865696205258,0.6423783083310095
future_idio_vol_annualized,RECONFIG,COMMON_DATE,neighbor_retention_1m,RAW_COMMON,120,90,REGIME_MEAN,LOW,-0.09336773346716765,0.012432396411259136,-7.510035103337852,27,27,False,,
future_idio_vol_annualized,RECONFIG,COMMON_DATE,neighbor_retention_1m,RAW_COMMON,120,90,REGIME_MEAN,MEDIUM,-0.06524872944527221,0.01273759592752464,-5.122530956118367,32,32,False,,
future_idio_vol_annualized,RECONFIG,COMMON_DATE,neighbor_retention_1m,RAW_COMMON,120,90,REGIME_MEAN,HIGH,-0.0556490592014882,0.013937584682166486,-3.992733351618137,31,31,False,,
future_idio_vol_annualized,RECONFIG,COMMON_DATE,neighbor_retention_1m,RAW_COMMON,120,90,HIGH_MINUS_LOW,HIGH_MINUS_LOW,0.037718674265679444,0.016469169720458213,2.290259612712888,58,27,False,0.022006271548940106,0.09806826164776303
future_idio_vol_annualized,RECONFIG,COMMON_DATE,neighbor_retention_1m,INDUSTRY_SIZE_COMMON,120,90,REGIME_MEAN,LOW,-0.09260679732451853,0.00994537371314634,-9.31154524662113,27,27,False,,
future_idio_vol_annualized,RECONFIG,COMMON_DATE,neighbor_retention_1m,INDUSTRY_SIZE_COMMON,120,90,REGIME_MEAN,MEDIUM,-0.07183480996764838,0.007628346245315651,-9.41682609277995,32,32,False,,
future_idio_vol_annualized,RECONFIG,COMMON_DATE,neighbor_retention_1m,INDUSTRY_SIZE_COMMON,120,90,REGIME_MEAN,HIGH,-0.060115118995028874,0.011025346880386628,-5.4524469522106145,31,31,False,,
future_idio_vol_annualized,RECONFIG,COMMON_DATE,neighbor_retention_1m,INDUSTRY_SIZE_COMMON,120,90,HIGH_MINUS_LOW,HIGH_MINUS_LOW,0.032491678329489654,0.012386945181027995,2.62305821610112,58,27,False,0.008714438070214223,0.078429942631928
future_idio_vol_annualized,RECONFIG,COMMON_DATE,neighbor_retention_1m,FULL_CHARACTERISTIC_NEUTRAL,120,90,REGIME_MEAN,LOW,-0.04391248890936017,0.007198047636541412,-6.100611044366423,27,27,False,,
future_idio_vol_annualized,RECONFIG,COMMON_DATE,neighbor_retention_1m,FULL_CHARACTERISTIC_NEUTRAL,120,90,REGIME_MEAN,MEDIUM,-0.029361939825533083,0.005882915231304208,-4.991052679000393,32,32,False,,
future_idio_vol_annualized,RECONFIG,COMMON_DATE,neighbor_retention_1m,FULL_CHARACTERISTIC_NEUTRAL,120,90,REGIME_MEAN,HIGH,-0.031435883821333666,0.006990891984817135,-4.496691393545534,31,31,False,,
future_idio_vol_annualized,RECONFIG,COMMON_DATE,neighbor_retention_1m,FULL_CHARACTERISTIC_NEUTRAL,120,90,HIGH_MINUS_LOW,HIGH_MINUS_LOW,0.012476605088026504,0.009662850024209685,1.2911930803817846,58,27,False,0.19663673393903805,0.6423783083310095
future_idio_vol_annualized,RECONFIG,COMMON_DATE,outside_community_degree_percentile,RAW_COMMON,120,90,REGIME_MEAN,LOW,-0.18312798232632085,0.014947348895504234,-12.25153594838486,27,27,False,,
future_idio_vol_annualized,RECONFIG,COMMON_DATE,outside_community_degree_percentile,RAW_COMMON,120,90,REGIME_MEAN,MEDIUM,-0.1818542580708004,0.015598353853939827,-11.658554471430184,32,32,False,,
future_idio_vol_annualized,RECONFIG,COMMON_DATE,outside_community_degree_percentile,RAW_COMMON,120,90,REGIME_MEAN,HIGH,-0.16153828305012038,0.015811154583403406,-10.21672909451428,31,31,False,,
future_idio_vol_annualized,RECONFIG,COMMON_DATE,outside_community_degree_percentile,RAW_COMMON,120,90,HIGH_MINUS_LOW,HIGH_MINUS_LOW,0.02158969927620047,0.01806718936631092,1.1949672325047866,58,27,False,0.23209983277329782,0.3686291461693554
future_idio_vol_annualized,RECONFIG,COMMON_DATE,outside_community_degree_percentile,INDUSTRY_SIZE_COMMON,120,90,REGIME_MEAN,LOW,-0.16493905158459832,0.011356473247279097,-14.523791673098525,27,27,False,,
future_idio_vol_annualized,RECONFIG,COMMON_DATE,outside_community_degree_percentile,INDUSTRY_SIZE_COMMON,120,90,REGIME_MEAN,MEDIUM,-0.1551328287681044,0.012397024261642747,-12.513715024991614,32,32,False,,
future_idio_vol_annualized,RECONFIG,COMMON_DATE,outside_community_degree_percentile,INDUSTRY_SIZE_COMMON,120,90,REGIME_MEAN,HIGH,-0.14615784740436252,0.012220395592645397,-11.960156796587235,31,31,False,,
future_idio_vol_annualized,RECONFIG,COMMON_DATE,outside_community_degree_percentile,INDUSTRY_SIZE_COMMON,120,90,HIGH_MINUS_LOW,HIGH_MINUS_LOW,0.018781204180235794,0.013310395555693244,1.4110177343454324,58,27,False,0.1582393849222099,0.5420152441950488
future_idio_vol_annualized,RECONFIG,COMMON_DATE,outside_community_degree_percentile,FULL_CHARACTERISTIC_NEUTRAL,120,90,REGIME_MEAN,LOW,-0.07653306427458466,0.00965288711616239,-7.928515412393138,27,27,False,,
future_idio_vol_annualized,RECONFIG,COMMON_DATE,outside_community_degree_percentile,FULL_CHARACTERISTIC_NEUTRAL,120,90,REGIME_MEAN,MEDIUM,-0.08410922093418545,0.006258065785952349,-13.440130514924869,32,32,False,,
future_idio_vol_annualized,RECONFIG,COMMON_DATE,outside_community_degree_percentile,FULL_CHARACTERISTIC_NEUTRAL,120,90,REGIME_MEAN,HIGH,-0.07759892819780849,0.007186778885774067,-10.797455916086742,31,31,False,,
future_idio_vol_annualized,RECONFIG,COMMON_DATE,outside_community_degree_percentile,FULL_CHARACTERISTIC_NEUTRAL,120,90,HIGH_MINUS_LOW,HIGH_MINUS_LOW,-0.001065863923223831,0.010493130673865293,-0.10157730389068002,58,27,False,0.9190921951221517,0.9576304354224437
future_idio_vol_annualized,RECONFIG,COMMON_DATE,residual_degree_percentile,RAW_COMMON,252,90,REGIME_MEAN,LOW,-0.0898459094995041,0.014120756763783748,-6.362683742980169,28,28,False,,
future_idio_vol_annualized,RECONFIG,COMMON_DATE,residual_degree_percentile,RAW_COMMON,252,90,REGIME_MEAN,MEDIUM,-0.056654721813882175,0.019418760029685945,-2.9175252038375614,24,24,False,,
future_idio_vol_annualized,RECONFIG,COMMON_DATE,residual_degree_percentile,RAW_COMMON,252,90,REGIME_MEAN,HIGH,-0.07644947122543819,0.016262009512171674,-4.701108504961692,38,38,False,,
future_idio_vol_annualized,RECONFIG,COMMON_DATE,residual_degree_percentile,RAW_COMMON,252,90,HIGH_MINUS_LOW,HIGH_MINUS_LOW,0.01339643827406592,0.016438232381093047,0.8149561317477332,66,28,False,0.4150974210551967,0.5603815184245156
future_idio_vol_annualized,RECONFIG,COMMON_DATE,residual_degree_percentile,INDUSTRY_SIZE_COMMON,252,90,REGIME_MEAN,LOW,-0.1011768461859037,0.01197097564688242,-8.451846296442262,28,28,False,,
future_idio_vol_annualized,RECONFIG,COMMON_DATE,residual_degree_percentile,INDUSTRY_SIZE_COMMON,252,90,REGIME_MEAN,MEDIUM,-0.07957797024616323,0.017615585376552945,-4.517475209883443,24,24,False,,
future_idio_vol_annualized,RECONFIG,COMMON_DATE,residual_degree_percentile,INDUSTRY_SIZE_COMMON,252,90,REGIME_MEAN,HIGH,-0.10219083159932636,0.011007647856544744,-9.283621072468033,38,38,False,,
future_idio_vol_annualized,RECONFIG,COMMON_DATE,residual_degree_percentile,INDUSTRY_SIZE_COMMON,252,90,HIGH_MINUS_LOW,HIGH_MINUS_LOW,-0.0010139854134226661,0.013006623857779407,-0.07795915562024884,66,28,False,0.9378605431602862,0.9747650174205191
future_idio_vol_annualized,RECONFIG,COMMON_DATE,residual_degree_percentile,FULL_CHARACTERISTIC_NEUTRAL,252,90,REGIME_MEAN,LOW,-0.04932561635913617,0.008472345301526931,-5.8219553858654045,28,28,False,,
future_idio_vol_annualized,RECONFIG,COMMON_DATE,residual_degree_percentile,FULL_CHARACTERISTIC_NEUTRAL,252,90,REGIME_MEAN,MEDIUM,-0.0330660514219366,0.01185782205861481,-2.7885433984830152,24,24,False,,
future_idio_vol_annualized,RECONFIG,COMMON_DATE,residual_degree_percentile,FULL_CHARACTERISTIC_NEUTRAL,252,90,REGIME_MEAN,HIGH,-0.0531831071084969,0.007934496889550932,-6.702769923387908,38,38,False,,
future_idio_vol_annualized,RECONFIG,COMMON_DATE,residual_degree_percentile,FULL_CHARACTERISTIC_NEUTRAL,252,90,HIGH_MINUS_LOW,HIGH_MINUS_LOW,-0.0038574907493607313,0.010230327820549657,-0.37706423655478477,66,28,False,0.7061258680232703,0.8805600201631432
future_idio_vol_annualized,RECONFIG,COMMON_DATE,delta_degree_percentile,RAW_COMMON,252,90,REGIME_MEAN,LOW,0.1201134753961374,0.016259619086257105,7.387225663709383,28,28,False,,
future_idio_vol_annualized,RECONFIG,COMMON_DATE,delta_degree_percentile,RAW_COMMON,252,90,REGIME_MEAN,MEDIUM,0.1574024759064609,0.023532945436057398,6.688600725062123,24,24,False,,
future_idio_vol_annualized,RECONFIG,COMMON_DATE,delta_degree_percentile,RAW_COMMON,252,90,REGIME_MEAN,HIGH,0.14413761164413652,0.019504682266321065,7.389897957631456,38,38,False,,
future_idio_vol_annualized,RECONFIG,COMMON_DATE,delta_degree_percentile,RAW_COMMON,252,90,HIGH_MINUS_LOW,HIGH_MINUS_LOW,0.024024136247999123,0.017763106550965385,1.3524738017570166,66,28,False,0.17622379411541716,0.3287800609817115
future_idio_vol_annualized,RECONFIG,COMMON_DATE,delta_degree_percentile,INDUSTRY_SIZE_COMMON,252,90,REGIME_MEAN,LOW,0.1520624613051107,0.012289782569450552,12.373079869053294,28,28,False,,
future_idio_vol_annualized,RECONFIG,COMMON_DATE,delta_degree_percentile,INDUSTRY_SIZE_COMMON,252,90,REGIME_MEAN,MEDIUM,0.1584417130324033,0.018055771177282662,8.775128543484803,24,24,False,,
future_idio_vol_annualized,RECONFIG,COMMON_DATE,delta_degree_percentile,INDUSTRY_SIZE_COMMON,252,90,REGIME_MEAN,HIGH,0.15044397385070424,0.01136271097374114,13.240147901180928,38,38,False,,
future_idio_vol_annualized,RECONFIG,COMMON_DATE,delta_degree_percentile,INDUSTRY_SIZE_COMMON,252,90,HIGH_MINUS_LOW,HIGH_MINUS_LOW,-0.0016184874544064587,0.010689740909702388,-0.15140567653398054,66,28,False,0.8796557118585944,0.9747650174205191
future_idio_vol_annualized,RECONFIG,COMMON_DATE,delta_degree_percentile,FULL_CHARACTERISTIC_NEUTRAL,252,90,REGIME_MEAN,LOW,0.06228296713710811,0.007668494195014722,8.12192922798301,28,28,False,,
future_idio_vol_annualized,RECONFIG,COMMON_DATE,delta_degree_percentile,FULL_CHARACTERISTIC_NEUTRAL,252,90,REGIME_MEAN,MEDIUM,0.057344836888978165,0.010389305677868343,5.51960243225263,24,24,False,,
future_idio_vol_annualized,RECONFIG,COMMON_DATE,delta_degree_percentile,FULL_CHARACTERISTIC_NEUTRAL,252,90,REGIME_MEAN,HIGH,0.04912448225282018,0.006128377215910441,8.015903806522159,38,38,False,,
future_idio_vol_annualized,RECONFIG,COMMON_DATE,delta_degree_percentile,FULL_CHARACTERISTIC_NEUTRAL,252,90,HIGH_MINUS_LOW,HIGH_MINUS_LOW,-0.013158484884287933,0.007744811527952448,-1.6990064686269695,66,28,False,0.08931796481481921,0.6423783083310095
future_idio_vol_annualized,RECONFIG,COMMON_DATE,cross_industry_degree_percentile,RAW_COMMON,252,90,REGIME_MEAN,LOW,-0.09275804757208864,0.012957761017543782,-7.15849346553788,28,28,False,,
future_idio_vol_annualized,RECONFIG,COMMON_DATE,cross_industry_degree_percentile,RAW_COMMON,252,90,REGIME_MEAN,MEDIUM,-0.06994400827613441,0.019270426383348093,-3.6296035637578954,24,24,False,,
future_idio_vol_annualized,RECONFIG,COMMON_DATE,cross_industry_degree_percentile,RAW_COMMON,252,90,REGIME_MEAN,HIGH,-0.09398962467447255,0.013970791011547442,-6.727580750208504,38,38,False,,
future_idio_vol_annualized,RECONFIG,COMMON_DATE,cross_industry_degree_percentile,RAW_COMMON,252,90,HIGH_MINUS_LOW,HIGH_MINUS_LOW,-0.0012315771023839184,0.013962854354808952,-0.08820382072951656,66,28,False,0.9297146806523715,0.9443515055290552
future_idio_vol_annualized,RECONFIG,COMMON_DATE,cross_industry_degree_percentile,INDUSTRY_SIZE_COMMON,252,90,REGIME_MEAN,LOW,-0.09108827820601101,0.011794939407783554,-7.72265757854604,28,28,False,,
future_idio_vol_annualized,RECONFIG,COMMON_DATE,cross_industry_degree_percentile,INDUSTRY_SIZE_COMMON,252,90,REGIME_MEAN,MEDIUM,-0.07345038970527576,0.016445629214817237,-4.46625597268715,24,24,False,,
future_idio_vol_annualized,RECONFIG,COMMON_DATE,cross_industry_degree_percentile,INDUSTRY_SIZE_COMMON,252,90,REGIME_MEAN,HIGH,-0.09633367700391662,0.010450049395332485,-9.218490110385895,38,38,False,,
future_idio_vol_annualized,RECONFIG,COMMON_DATE,cross_industry_degree_percentile,INDUSTRY_SIZE_COMMON,252,90,HIGH_MINUS_LOW,HIGH_MINUS_LOW,-0.005245398797905615,0.011672816811383348,-0.4493687241617888,66,28,False,0.6531656891255626,0.8784502857096957
future_idio_vol_annualized,RECONFIG,COMMON_DATE,cross_industry_degree_percentile,FULL_CHARACTERISTIC_NEUTRAL,252,90,REGIME_MEAN,LOW,-0.04734782961494573,0.007680822286707913,-6.164421965195545,28,28,False,,
future_idio_vol_annualized,RECONFIG,COMMON_DATE,cross_industry_degree_percentile,FULL_CHARACTERISTIC_NEUTRAL,252,90,REGIME_MEAN,MEDIUM,-0.033360653406605115,0.010623140113610322,-3.140375919909367,24,24,False,,
future_idio_vol_annualized,RECONFIG,COMMON_DATE,cross_industry_degree_percentile,FULL_CHARACTERISTIC_NEUTRAL,252,90,REGIME_MEAN,HIGH,-0.05307592922090333,0.006976243014421889,-7.608096379552749,38,38,False,,
future_idio_vol_annualized,RECONFIG,COMMON_DATE,cross_industry_degree_percentile,FULL_CHARACTERISTIC_NEUTRAL,252,90,HIGH_MINUS_LOW,HIGH_MINUS_LOW,-0.005728099605957604,0.008928116691058788,-0.6415798319139472,66,28,False,0.5211460314002336,0.8805600201631432
future_idio_vol_annualized,RECONFIG,COMMON_DATE,cross_industry_degree_ratio,RAW_COMMON,252,90,REGIME_MEAN,LOW,-0.026869114791224148,0.00973466677335824,-2.7601473596157735,28,28,False,,
future_idio_vol_annualized,RECONFIG,COMMON_DATE,cross_industry_degree_ratio,RAW_COMMON,252,90,REGIME_MEAN,MEDIUM,-0.0407750943428144,0.009595076058437624,-4.249585317977547,24,24,False,,
future_idio_vol_annualized,RECONFIG,COMMON_DATE,cross_industry_degree_ratio,RAW_COMMON,252,90,REGIME_MEAN,HIGH,-0.05576316995188604,0.010831238239514372,-5.148365193228935,38,38,False,,
future_idio_vol_annualized,RECONFIG,COMMON_DATE,cross_industry_degree_ratio,RAW_COMMON,252,90,HIGH_MINUS_LOW,HIGH_MINUS_LOW,-0.02889405516066189,0.01144674793120733,-2.5242152036813765,66,28,False,0.011595691874175897,0.06261673612054984
future_idio_vol_annualized,RECONFIG,COMMON_DATE,cross_industry_degree_ratio,INDUSTRY_SIZE_COMMON,252,90,REGIME_MEAN,LOW,-0.002968538766785268,0.008188719169609919,-0.36251563954008187,28,28,False,,
future_idio_vol_annualized,RECONFIG,COMMON_DATE,cross_industry_degree_ratio,INDUSTRY_SIZE_COMMON,252,90,REGIME_MEAN,MEDIUM,-0.0075440639473257215,0.00848592838397075,-0.8890086748287747,24,24,False,,
future_idio_vol_annualized,RECONFIG,COMMON_DATE,cross_industry_degree_ratio,INDUSTRY_SIZE_COMMON,252,90,REGIME_MEAN,HIGH,-0.013680961325313717,0.007846349237402817,-1.743608512873458,38,38,False,,
future_idio_vol_annualized,RECONFIG,COMMON_DATE,cross_industry_degree_ratio,INDUSTRY_SIZE_COMMON,252,90,HIGH_MINUS_LOW,HIGH_MINUS_LOW,-0.010712422558528448,0.00815374436341908,-1.313804073449814,66,28,False,0.1889121464696362,0.5543129153452931
future_idio_vol_annualized,RECONFIG,COMMON_DATE,cross_industry_degree_ratio,FULL_CHARACTERISTIC_NEUTRAL,252,90,REGIME_MEAN,LOW,-0.0012879697930717284,0.005772701493322783,-0.2231138739048794,28,28,False,,
future_idio_vol_annualized,RECONFIG,COMMON_DATE,cross_industry_degree_ratio,FULL_CHARACTERISTIC_NEUTRAL,252,90,REGIME_MEAN,MEDIUM,-0.004469324734157504,0.006855172660977182,-0.6519638461623251,24,24,False,,
future_idio_vol_annualized,RECONFIG,COMMON_DATE,cross_industry_degree_ratio,FULL_CHARACTERISTIC_NEUTRAL,252,90,REGIME_MEAN,HIGH,-0.010007380627573613,0.005020930205576579,-1.9931327897087177,38,38,False,,
future_idio_vol_annualized,RECONFIG,COMMON_DATE,cross_industry_degree_ratio,FULL_CHARACTERISTIC_NEUTRAL,252,90,HIGH_MINUS_LOW,HIGH_MINUS_LOW,-0.008719410834501885,0.00600585123943676,-1.451819315344815,66,28,False,0.1465518517509001,0.6423783083310095
future_idio_vol_annualized,RECONFIG,COMMON_DATE,delta_residual_degree_percentile_1m,RAW_COMMON,252,90,REGIME_MEAN,LOW,-0.03915849796802448,0.011374249860141211,-3.442732351541496,28,28,False,,
future_idio_vol_annualized,RECONFIG,COMMON_DATE,delta_residual_degree_percentile_1m,RAW_COMMON,252,90,REGIME_MEAN,MEDIUM,-0.022182710392973686,0.011126838201538092,-1.993622086632599,24,24,False,,
future_idio_vol_annualized,RECONFIG,COMMON_DATE,delta_residual_degree_percentile_1m,RAW_COMMON,252,90,REGIME_MEAN,HIGH,0.002655747389479045,0.009187834315635718,0.28905042235682615,38,38,False,,
future_idio_vol_annualized,RECONFIG,COMMON_DATE,delta_residual_degree_percentile_1m,RAW_COMMON,252,90,HIGH_MINUS_LOW,HIGH_MINUS_LOW,0.04181424535750353,0.014448339945061416,2.894051878381782,66,28,False,0.003803053222527401,0.03422747900274661
future_idio_vol_annualized,RECONFIG,COMMON_DATE,delta_residual_degree_percentile_1m,INDUSTRY_SIZE_COMMON,252,90,REGIME_MEAN,LOW,-0.03801032186624448,0.008963174036884345,-4.240721167504754,28,28,False,,
future_idio_vol_annualized,RECONFIG,COMMON_DATE,delta_residual_degree_percentile_1m,INDUSTRY_SIZE_COMMON,252,90,REGIME_MEAN,MEDIUM,-0.030666427254831482,0.00714054951668488,-4.294687290267386,24,24,False,,
future_idio_vol_annualized,RECONFIG,COMMON_DATE,delta_residual_degree_percentile_1m,INDUSTRY_SIZE_COMMON,252,90,REGIME_MEAN,HIGH,-0.00974372802407474,0.00874564663135959,-1.11412322436357,38,38,False,,
future_idio_vol_annualized,RECONFIG,COMMON_DATE,delta_residual_degree_percentile_1m,INDUSTRY_SIZE_COMMON,252,90,HIGH_MINUS_LOW,HIGH_MINUS_LOW,0.028266593842169736,0.01261592562388693,2.2405485483086482,66,28,False,0.025055332696204597,0.13529879655950483
future_idio_vol_annualized,RECONFIG,COMMON_DATE,delta_residual_degree_percentile_1m,FULL_CHARACTERISTIC_NEUTRAL,252,90,REGIME_MEAN,LOW,0.010893803325948937,0.005174433103922119,2.1053133951411307,28,28,False,,
future_idio_vol_annualized,RECONFIG,COMMON_DATE,delta_residual_degree_percentile_1m,FULL_CHARACTERISTIC_NEUTRAL,252,90,REGIME_MEAN,MEDIUM,0.005607652798599083,0.0058789907727625325,0.9538461643075605,24,24,False,,
future_idio_vol_annualized,RECONFIG,COMMON_DATE,delta_residual_degree_percentile_1m,FULL_CHARACTERISTIC_NEUTRAL,252,90,REGIME_MEAN,HIGH,-0.0005883048227507152,0.0046363848160050755,-0.12688869584764664,38,38,False,,
future_idio_vol_annualized,RECONFIG,COMMON_DATE,delta_residual_degree_percentile_1m,FULL_CHARACTERISTIC_NEUTRAL,252,90,HIGH_MINUS_LOW,HIGH_MINUS_LOW,-0.011482108148699651,0.005601084408243703,-2.049979488222,66,28,False,0.04036643247559904,0.6423783083310095
future_idio_vol_annualized,RECONFIG,COMMON_DATE,delta_cross_industry_degree_percentile_1m,RAW_COMMON,252,90,REGIME_MEAN,LOW,-0.0386523135650924,0.010556785541367181,-3.661371486010754,28,28,False,,
future_idio_vol_annualized,RECONFIG,COMMON_DATE,delta_cross_industry_degree_percentile_1m,RAW_COMMON,252,90,REGIME_MEAN,MEDIUM,-0.02830015339638751,0.009464631534160889,-2.9900956306902375,24,24,False,,
future_idio_vol_annualized,RECONFIG,COMMON_DATE,delta_cross_industry_degree_percentile_1m,RAW_COMMON,252,90,REGIME_MEAN,HIGH,-0.00742378438085781,0.009142850544778269,-0.8119770026316065,38,38,False,,
future_idio_vol_annualized,RECONFIG,COMMON_DATE,delta_cross_industry_degree_percentile_1m,RAW_COMMON,252,90,HIGH_MINUS_LOW,HIGH_MINUS_LOW,0.031228529184234587,0.013973234806123355,2.2348818736338427,66,28,False,0.025425104871642266,0.09806826164776303
future_idio_vol_annualized,RECONFIG,COMMON_DATE,delta_cross_industry_degree_percentile_1m,INDUSTRY_SIZE_COMMON,252,90,REGIME_MEAN,LOW,-0.034761453638330844,0.008576969015656345,-4.052883200916024,28,28,False,,
future_idio_vol_annualized,RECONFIG,COMMON_DATE,delta_cross_industry_degree_percentile_1m,INDUSTRY_SIZE_COMMON,252,90,REGIME_MEAN,MEDIUM,-0.03121626875300993,0.006069143216439966,-5.14343913790862,24,24,False,,
future_idio_vol_annualized,RECONFIG,COMMON_DATE,delta_cross_industry_degree_percentile_1m,INDUSTRY_SIZE_COMMON,252,90,REGIME_MEAN,HIGH,-0.009610244051553836,0.008311485895196744,-1.1562606461388152,38,38,False,,
future_idio_vol_annualized,RECONFIG,COMMON_DATE,delta_cross_industry_degree_percentile_1m,INDUSTRY_SIZE_COMMON,252,90,HIGH_MINUS_LOW,HIGH_MINUS_LOW,0.02515120958677701,0.0121748215499801,2.0658380481000247,66,28,False,0.038843774148529395,0.17479698366838228
future_idio_vol_annualized,RECONFIG,COMMON_DATE,delta_cross_industry_degree_percentile_1m,FULL_CHARACTERISTIC_NEUTRAL,252,90,REGIME_MEAN,LOW,0.007972741987112918,0.005759465679907238,1.3842850066677237,28,28,False,,
future_idio_vol_annualized,RECONFIG,COMMON_DATE,delta_cross_industry_degree_percentile_1m,FULL_CHARACTERISTIC_NEUTRAL,252,90,REGIME_MEAN,MEDIUM,0.003573210787892197,0.004630301804255129,0.7717014870625728,24,24,False,,
future_idio_vol_annualized,RECONFIG,COMMON_DATE,delta_cross_industry_degree_percentile_1m,FULL_CHARACTERISTIC_NEUTRAL,252,90,REGIME_MEAN,HIGH,-0.003299212744376036,0.004625320216195906,-0.713293910511016,38,38,False,,
future_idio_vol_annualized,RECONFIG,COMMON_DATE,delta_cross_industry_degree_percentile_1m,FULL_CHARACTERISTIC_NEUTRAL,252,90,HIGH_MINUS_LOW,HIGH_MINUS_LOW,-0.011271954731488953,0.006385701200018474,-1.765186684816437,66,28,False,0.07753239567873937,0.6423783083310095
future_idio_vol_annualized,RECONFIG,COMMON_DATE,neighbor_jaccard_1m,RAW_COMMON,252,90,REGIME_MEAN,LOW,-0.08758063151701465,0.013910476356307388,-6.29601958076031,28,28,False,,
future_idio_vol_annualized,RECONFIG,COMMON_DATE,neighbor_jaccard_1m,RAW_COMMON,252,90,REGIME_MEAN,MEDIUM,-0.05359601702899004,0.013892511692310925,-3.8579069225224245,24,24,False,,
future_idio_vol_annualized,RECONFIG,COMMON_DATE,neighbor_jaccard_1m,RAW_COMMON,252,90,REGIME_MEAN,HIGH,-0.06177870957284479,0.011157129403154659,-5.537150940937995,38,38,False,,
future_idio_vol_annualized,RECONFIG,COMMON_DATE,neighbor_jaccard_1m,RAW_COMMON,252,90,HIGH_MINUS_LOW,HIGH_MINUS_LOW,0.02580192194416986,0.014592513603607804,1.7681615823740386,66,28,False,0.0770338946937355,0.23110168408120652
future_idio_vol_annualized,RECONFIG,COMMON_DATE,neighbor_jaccard_1m,INDUSTRY_SIZE_COMMON,252,90,REGIME_MEAN,LOW,-0.08103160824480451,0.009933933460687234,-8.157051641777226,28,28,False,,
future_idio_vol_annualized,RECONFIG,COMMON_DATE,neighbor_jaccard_1m,INDUSTRY_SIZE_COMMON,252,90,REGIME_MEAN,MEDIUM,-0.0579656095259284,0.011707077152986078,-4.951330615528005,24,24,False,,
future_idio_vol_annualized,RECONFIG,COMMON_DATE,neighbor_jaccard_1m,INDUSTRY_SIZE_COMMON,252,90,REGIME_MEAN,HIGH,-0.0645377614384078,0.009942540273087955,-6.491073675919208,38,38,False,,
future_idio_vol_annualized,RECONFIG,COMMON_DATE,neighbor_jaccard_1m,INDUSTRY_SIZE_COMMON,252,90,HIGH_MINUS_LOW,HIGH_MINUS_LOW,0.01649384680639672,0.011755573052330959,1.4030661655516854,66,28,False,0.16059710939112556,0.5420152441950488
future_idio_vol_annualized,RECONFIG,COMMON_DATE,neighbor_jaccard_1m,FULL_CHARACTERISTIC_NEUTRAL,252,90,REGIME_MEAN,LOW,-0.009480451089365807,0.006487227755959563,-1.4614025352596087,28,28,False,,
future_idio_vol_annualized,RECONFIG,COMMON_DATE,neighbor_jaccard_1m,FULL_CHARACTERISTIC_NEUTRAL,252,90,REGIME_MEAN,MEDIUM,0.0007951838099310251,0.0077011721182926205,0.10325490687868438,24,24,False,,
future_idio_vol_annualized,RECONFIG,COMMON_DATE,neighbor_jaccard_1m,FULL_CHARACTERISTIC_NEUTRAL,252,90,REGIME_MEAN,HIGH,-0.01338500949577033,0.005607152415490435,-2.3871313821954665,38,38,False,,
future_idio_vol_annualized,RECONFIG,COMMON_DATE,neighbor_jaccard_1m,FULL_CHARACTERISTIC_NEUTRAL,252,90,HIGH_MINUS_LOW,HIGH_MINUS_LOW,-0.0039045584064045236,0.007647174289411858,-0.5105883897285702,66,28,False,0.6096393073745814,0.8805600201631432
future_idio_vol_annualized,RECONFIG,COMMON_DATE,neighbor_retention_1m,RAW_COMMON,252,90,REGIME_MEAN,LOW,-0.0814987687901926,0.013037023077043667,-6.25133270905229,28,28,False,,
future_idio_vol_annualized,RECONFIG,COMMON_DATE,neighbor_retention_1m,RAW_COMMON,252,90,REGIME_MEAN,MEDIUM,-0.05090316874251655,0.01244144740351312,-4.091418553772361,24,24,False,,
future_idio_vol_annualized,RECONFIG,COMMON_DATE,neighbor_retention_1m,RAW_COMMON,252,90,REGIME_MEAN,HIGH,-0.03900987583737901,0.010070078428815625,-3.8738403194310664,38,38,False,,
future_idio_vol_annualized,RECONFIG,COMMON_DATE,neighbor_retention_1m,RAW_COMMON,252,90,HIGH_MINUS_LOW,HIGH_MINUS_LOW,0.04248889295281359,0.015750205173280823,2.6976723468271495,66,28,False,0.006982612968713463,0.04713263753881587
future_idio_vol_annualized,RECONFIG,COMMON_DATE,neighbor_retention_1m,INDUSTRY_SIZE_COMMON,252,90,REGIME_MEAN,LOW,-0.07981796040503289,0.009527351493859316,-8.377770092399563,28,28,False,,
future_idio_vol_annualized,RECONFIG,COMMON_DATE,neighbor_retention_1m,INDUSTRY_SIZE_COMMON,252,90,REGIME_MEAN,MEDIUM,-0.05969187529325029,0.009917337110110124,-6.018941841998902,24,24,False,,
future_idio_vol_annualized,RECONFIG,COMMON_DATE,neighbor_retention_1m,INDUSTRY_SIZE_COMMON,252,90,REGIME_MEAN,HIGH,-0.05005779078454877,0.009931706427118096,-5.040200407844128,38,38,False,,
future_idio_vol_annualized,RECONFIG,COMMON_DATE,neighbor_retention_1m,INDUSTRY_SIZE_COMMON,252,90,HIGH_MINUS_LOW,HIGH_MINUS_LOW,0.02976016962048412,0.012716414036951432,2.340295741708853,66,28,False,0.019268475097145327,0.13006220690573095
future_idio_vol_annualized,RECONFIG,COMMON_DATE,neighbor_retention_1m,FULL_CHARACTERISTIC_NEUTRAL,252,90,REGIME_MEAN,LOW,0.008049384443166697,0.005412884146589144,1.4870786488639163,28,28,False,,
future_idio_vol_annualized,RECONFIG,COMMON_DATE,neighbor_retention_1m,FULL_CHARACTERISTIC_NEUTRAL,252,90,REGIME_MEAN,MEDIUM,0.012631659256775733,0.007194683165617131,1.7556936095729019,24,24,False,,
future_idio_vol_annualized,RECONFIG,COMMON_DATE,neighbor_retention_1m,FULL_CHARACTERISTIC_NEUTRAL,252,90,REGIME_MEAN,HIGH,-0.0007240583479864839,0.006487726539791645,-0.11160432603710471,38,38,False,,
future_idio_vol_annualized,RECONFIG,COMMON_DATE,neighbor_retention_1m,FULL_CHARACTERISTIC_NEUTRAL,252,90,HIGH_MINUS_LOW,HIGH_MINUS_LOW,-0.00877344279115318,0.007619427917315659,-1.1514568923494828,66,28,False,0.2495443199299894,0.6423783083310095
future_idio_vol_annualized,RECONFIG,COMMON_DATE,outside_community_degree_percentile,RAW_COMMON,252,90,REGIME_MEAN,LOW,-0.1356398262570096,0.014646678350562633,-9.260790945941622,28,28,False,,
future_idio_vol_annualized,RECONFIG,COMMON_DATE,outside_community_degree_percentile,RAW_COMMON,252,90,REGIME_MEAN,MEDIUM,-0.11056368084551368,0.023236457376968483,-4.758198681142428,24,24,False,,
future_idio_vol_annualized,RECONFIG,COMMON_DATE,outside_community_degree_percentile,RAW_COMMON,252,90,REGIME_MEAN,HIGH,-0.1432774210354952,0.016713091126890848,-8.572766099801028,38,38,False,,
future_idio_vol_annualized,RECONFIG,COMMON_DATE,outside_community_degree_percentile,RAW_COMMON,252,90,HIGH_MINUS_LOW,HIGH_MINUS_LOW,-0.007637594778485607,0.016292086816272245,-0.46879168179102226,66,28,False,0.6392185462652606,0.7191208645484183
future_idio_vol_annualized,RECONFIG,COMMON_DATE,outside_community_degree_percentile,INDUSTRY_SIZE_COMMON,252,90,REGIME_MEAN,LOW,-0.12618292004935042,0.013657102719197928,-9.239362304273644,28,28,False,,
future_idio_vol_annualized,RECONFIG,COMMON_DATE,outside_community_degree_percentile,INDUSTRY_SIZE_COMMON,252,90,REGIME_MEAN,MEDIUM,-0.10734740270703721,0.017364464033417057,-6.182016473439803,24,24,False,,
future_idio_vol_annualized,RECONFIG,COMMON_DATE,outside_community_degree_percentile,INDUSTRY_SIZE_COMMON,252,90,REGIME_MEAN,HIGH,-0.13519128320789225,0.01325850676843056,-10.196569309734958,38,38,False,,
future_idio_vol_annualized,RECONFIG,COMMON_DATE,outside_community_degree_percentile,INDUSTRY_SIZE_COMMON,252,90,HIGH_MINUS_LOW,HIGH_MINUS_LOW,-0.009008363158541838,0.013445364037274102,-0.6699977132317336,66,28,False,0.5028592479476841,0.7145894576098669
future_idio_vol_annualized,RECONFIG,COMMON_DATE,outside_community_degree_percentile,FULL_CHARACTERISTIC_NEUTRAL,252,90,REGIME_MEAN,LOW,-0.06805764310234316,0.006578667603060349,-10.345201674376014,28,28,False,,
future_idio_vol_annualized,RECONFIG,COMMON_DATE,outside_community_degree_percentile,FULL_CHARACTERISTIC_NEUTRAL,252,90,REGIME_MEAN,MEDIUM,-0.05092936398369127,0.010395624635266706,-4.899115326934335,24,24,False,,
future_idio_vol_annualized,RECONFIG,COMMON_DATE,outside_community_degree_percentile,FULL_CHARACTERISTIC_NEUTRAL,252,90,REGIME_MEAN,HIGH,-0.07259651902952906,0.007840267443398993,-9.259444215853978,38,38,False,,
future_idio_vol_annualized,RECONFIG,COMMON_DATE,outside_community_degree_percentile,FULL_CHARACTERISTIC_NEUTRAL,252,90,HIGH_MINUS_LOW,HIGH_MINUS_LOW,-0.004538875927185895,0.008288048945703314,-0.5476410620787824,66,28,False,0.5839383886453674,0.8805600201631432
