window,date_t,date_t1,common_edge_jaccard_raw,forward_edge_retention_raw,symmetric_edge_retention_raw,node_degree_rank_spearman_raw,node_strength_rank_spearman_raw,node_top1pct_degree_hub_retention_raw,node_top5pct_degree_hub_retention_raw,community_community_temporal_nmi_raw,community_community_temporal_ari_raw,same_industry_edge_retention_raw,cross_industry_edge_retention_raw,same_minus_cross_retention_raw,common_edge_jaccard_residual,forward_edge_retention_residual,symmetric_edge_retention_residual,node_degree_rank_spearman_residual,node_strength_rank_spearman_residual,node_top1pct_degree_hub_retention_residual,node_top5pct_degree_hub_retention_residual,community_community_temporal_nmi_residual,community_community_temporal_ari_residual,same_industry_edge_retention_residual,cross_industry_edge_retention_residual,same_minus_cross_retention_residual,common_edge_jaccard_residual_minus_raw,forward_edge_retention_residual_minus_raw,symmetric_edge_retention_residual_minus_raw,node_degree_rank_spearman_residual_minus_raw,node_strength_rank_spearman_residual_minus_raw,node_top1pct_degree_hub_retention_residual_minus_raw,node_top5pct_degree_hub_retention_residual_minus_raw,community_community_temporal_nmi_residual_minus_raw,community_community_temporal_ari_residual_minus_raw,same_industry_edge_retention_residual_minus_raw,cross_industry_edge_retention_residual_minus_raw,same_minus_cross_retention_residual_minus_raw
60,2015-04-30,2015-05-29,0.19680355479108436,0.3349801768831961,0.32888196898017846,0.6704837249621005,0.6730106290027957,0.15789473684210525,0.4175824175824176,0.31551873365863414,0.20420563672466968,0.5121473354231975,0.302318861518457,0.20982847390474046,0.2689854642539306,0.4205217391304348,0.4239378177780375,0.6611854024501083,0.6695926862902148,0.47368421052631576,0.6923076923076923,0.20799031389925338,0.1387520311461097,0.6280582223598637,0.3727266243491905,0.25533159801067323,0.07218190946284625,0.08554156224723869,0.09505584879785905,-0.009298322511992252,-0.0034179427125808903,0.3157894736842105,0.2747252747252747,-0.10752841975938077,-0.06545360557855998,0.11591088693666629,0.07040776283073352,0.04550312410593277
60,2015-05-29,2015-06-30,0.20337179105113032,0.34835557500182307,0.33800325479374516,0.7164491254825686,0.7171459429728706,0.4117647058823529,0.4166666666666667,0.2871954166859716,0.1519005459789748,0.5283018867924528,0.31544897783145004,0.21285290896100278,0.2586536325261053,0.40829066423511257,0.41100049424556945,0.6874147792890997,0.6963446673684832,0.6470588235294118,0.6666666666666666,0.24582186620543553,0.14799813584085958,0.6065057712486883,0.35857167924197225,0.24793409200671607,0.055281841474974974,0.059935089233289496,0.07299723945182429,-0.029034346193468896,-0.02080127560438738,0.23529411764705888,0.24999999999999994,-0.041373550480536064,-0.0039024101381152088,0.0782038844562355,0.04312270141052221,0.03508118304571328
60,2015-06-30,2015-07-31,0.16162712565255596,0.26959220622467456,0.2782771202278188,0.602713543176019,0.6053352650286606,0.06666666666666667,0.3055555555555556,0.293980663744556,0.12735434339275933,0.3930704898446834,0.24876574307304786,0.14430474677163554,0.2054297647834689,0.3066951099442074,0.34084070392997173,0.600045698045111,0.6062123722760093,0.2,0.4305555555555556,0.23936225731693864,0.12494373552725185,0.44724061810154525,0.2746145318955961,0.17262608620594916,0.043802639130912924,0.03710290371953284,0.06256358370215293,-0.0026678451309080087,0.0008771072473486852,0.13333333333333336,0.125,-0.054618406427617366,-0.0024106078655074803,0.05417012825686185,0.025848788822548235,0.028321339434313614
60,2015-07-31,2015-08-31,0.21878446944628283,0.3814423076923077,0.35902077017059597,0.7614344082605274,0.7635908592954518,0.26666666666666666,0.4657534246575342,0.46612373697675286,0.33271008841258254,0.5274542429284526,0.3623613829093281,0.16509286001912443,0.3717342622542921,0.5552871213529084,0.5419916560856158,0.7683439694351049,0.7740380522952108,0.4,0.6438356164383562,0.47193277932950983,0.4002734967281338,0.6684420772303595,0.5369330453563715,0.131509031873988,0.1529497928080093,0.17384481366060067,0.18297088591501987,0.006909561174577417,0.010447192999759047,0.13333333333333336,0.17808219178082196,0.005809042352756977,0.06756340831555124,0.14098783430190698,0.17457166244704342,-0.03358382814513644
60,2015-08-31,2015-09-30,0.23919519460858524,0.4084049028600017,0.3860492610837438,0.6894831928010761,0.6914305557106692,0.5625,0.5063291139240507,0.5192570277215213,0.36783751989184105,0.45546088303640586,0.4027284619697253,0.05273242106668058,0.33493197101600375,0.5270713699753896,0.5017963136519837,0.7520335839307408,0.7541998901480846,0.125,0.6708860759493671,0.42442447544479195,0.3012261800824827,0.6578778135048231,0.507945463093559,0.14993235041126407,0.09573677640741851,0.11866646711538792,0.11574705256823992,0.06255039112966476,0.06276933443741539,-0.4375,0.16455696202531644,-0.09483255227672932,-0.06661133980935835,0.20241693046841724,0.10521700112383375,0.09719992934458349
60,2015-09-30,2015-10-30,0.22982524608646632,0.4050749006420055,0.37375268855117944,0.7472815244343541,0.746608693246835,0.4117647058823529,0.5,0.5092321775661125,0.3151058755328866,0.48521183053557154,0.39660272120341417,0.08860910933215738,0.39555678466076694,0.6139648018314494,0.5668802430807848,0.7450800400158879,0.7499804990180221,0.47058823529411764,0.6666666666666666,0.4272701168156004,0.35567700851497513,0.7142857142857143,0.6,0.11428571428571432,0.16573153857430062,0.2088899011894439,0.19312755452960534,-0.0022014844184662374,0.0033718057711871197,0.05882352941176472,0.16666666666666663,-0.0819620607505121,0.04057113298208853,0.22907388375014276,0.2033972787965858,0.025676604953556947
60,2015-10-30,2015-11-30,0.17700876376360308,0.3149237534982009,0.30077730805945724,0.6986828774488417,0.6987425775479742,0.47368421052631576,0.42105263157894735,0.4153883353077937,0.22061602699654434,0.4219077568134172,0.3018396256650215,0.12006813114839571,0.27782529852533616,0.4473829201101928,0.4348408172008461,0.6568235720057234,0.6609150465419773,0.42105263157894735,0.42105263157894735,0.2939447212423519,0.20602874730330453,0.6106194690265486,0.42283070292197505,0.18778876610457357,0.10081653476173308,0.13245916661199192,0.13406350914138887,-0.04185930544311833,-0.037827531005996895,-0.05263157894736842,0.0,-0.1214436140654418,-0.014587279693239807,0.18871171221313143,0.12099107725695357,0.06772063495617786
60,2015-11-30,2015-12-31,0.14780326758655718,0.2687807881773399,0.2575411166015193,0.5700140619008971,0.5717735764043752,0.25,0.3469387755102041,0.38894765725740277,0.22876383181438423,0.4776186213070725,0.241741045554654,0.2358775757524185,0.26907288114184663,0.432845677130956,0.42404638085048146,0.6816962514786654,0.6902571858820461,0.4,0.5,0.2515969329818067,0.18935955876476399,0.6035136066138478,0.4033247929452422,0.20018881366860558,0.12126961355528945,0.1640648889536161,0.16650526424896217,0.11168218957776832,0.11848360947767089,0.15000000000000002,0.15306122448979592,-0.13735072427559608,-0.03940427304962024,0.1258949853067753,0.1615837473905882,-0.035688762083812914
60,2015-12-31,2016-01-29,0.22577530073943272,0.3787198593048549,0.36837958898867806,0.7474977459012428,0.7510978159345756,0.38095238095238093,0.5098039215686274,0.43073138313558695,0.3161822999470539,0.46742719903932756,0.362551980739768,0.10487521829955954,0.3244526106262441,0.5010877790389708,0.4899421965317919,0.7678302270562235,0.7735213507305704,0.47619047619047616,0.5784313725490197,0.27908438216820564,0.21931809368674435,0.630237825594564,0.4751873722461958,0.1550504533483682,0.09867730988681137,0.12236791973411593,0.12156260754311382,0.020332481154980653,0.022423534795994793,0.09523809523809523,0.06862745098039225,-0.15164700096738132,-0.09686420626030953,0.16281062655523643,0.11263539150642776,0.050175235048808664
60,2016-01-29,2016-02-29,0.29589739373509827,0.4624775122076587,0.45666793554117496,0.8356429072919844,0.8372929046913727,0.2727272727272727,0.5981308411214953,0.5163548227726014,0.46137979531334955,0.5380397532556546,0.4516839631877815,0.08635579006787308,0.3735785854905533,0.5541317991631799,0.5439493443429525,0.7956667585782755,0.800263089968651,0.5454545454545454,0.6542056074766355,0.3315214552557996,0.3017178864539055,0.6818181818181818,0.5308215647871354,0.1509966170310464,0.07768119175545501,0.09165428695552119,0.08728140880177754,-0.039976148713708914,-0.03702981472272171,0.2727272727272727,0.05607476635514019,-0.18483336751680174,-0.15966190885944403,0.1437784285625272,0.0791376015993539,0.0646408269631733
60,2016-02-29,2016-03-31,0.22014087382605144,0.3826974267968057,0.3608450115038695,0.7534309859672476,0.7534722100143182,0.2727272727272727,0.4392523364485981,0.4943649448701944,0.34698661123446917,0.4705648369132856,0.371666833116948,0.09889800379633762,0.2989891676645039,0.4629014873895236,0.4603412793688904,0.7119385187679895,0.7174967254734812,0.5,0.6261682242990654,0.2964124603815933,0.23837153825111163,0.6382282996432818,0.4331602037214462,0.20506809592183556,0.07884829383845246,0.0802040605927179,0.09949626786502092,-0.04149246719925803,-0.03597548454083699,0.2272727272727273,0.18691588785046725,-0.1979524844886011,-0.10861507298335754,0.16766346272999616,0.06149337060449822,0.10617009212549794
60,2016-03-31,2016-04-29,0.19826078138072661,0.3382352941176471,0.33091424581596596,0.667392420419873,0.6684866327070852,0.2727272727272727,0.4537037037037037,0.42404655288628024,0.3060842749206593,0.44749249892841836,0.32597296387165053,0.12151953505676782,0.2485172632916755,0.39438631875288876,0.3980998430673962,0.6224935801223123,0.6289772812027897,0.4090909090909091,0.6296296296296297,0.19989742077639422,0.17817970632095007,0.6065573770491803,0.35733675534277676,0.24922062170640358,0.05025648191094889,0.056151024635241686,0.06718559725143025,-0.04489884029756075,-0.039509351504295465,0.1363636363636364,0.17592592592592593,-0.22414913210988602,-0.12790456859970925,0.15906487812076198,0.03136379147112622,0.12770108664963575
60,2016-04-29,2016-05-31,0.2243258455713043,0.3703171854542383,0.36644794583524887,0.6557527579711575,0.6583546162668833,0.2727272727272727,0.5185185185185185,0.3484699725379649,0.20327859728165062,0.4884291725105189,0.35414165666266506,0.13428751584785387,0.21276155497504073,0.34950713800135963,0.3508712064663354,0.5946600218639014,0.6048683907156955,0.22727272727272727,0.5092592592592593,0.19345031032532134,0.1320407296474592,0.5606497249148547,0.3086363405852224,0.2520133843296323,-0.011564290596263571,-0.020810047452878677,-0.015576739368913461,-0.061092736107256074,-0.05348622555118776,-0.04545454545454544,-0.00925925925925919,-0.15501966221264357,-0.07123786763419143,0.07222055240433572,-0.04550531607744268,0.1177258684817784
60,2016-05-31,2016-06-30,0.21183493253743124,0.3573866000832293,0.349610209855686,0.7497742351634235,0.7520276274694859,0.45454545454545453,0.5,0.3335770580024842,0.17447518746331564,0.4662186062964273,0.3428760081120596,0.12334259818436771,0.22313773807690332,0.3700093640929599,0.36486117814946173,0.6691774166468715,0.6804541465336439,0.2727272727272727,0.6454545454545455,0.2318357869629305,0.1807858022298741,0.5586189126513785,0.3326875031866619,0.22593140946471663,0.011302805539472077,0.012622764009730614,0.015250968293775702,-0.08059681851655198,-0.07157348093584204,-0.18181818181818182,0.1454545454545455,-0.10174127103955372,0.006310614766558448,0.09240030635495122,-0.01018850492539769,0.10258881128034891
60,2016-06-30,2016-07-29,0.18290092369382055,0.30283749604805565,0.3092413236481033,0.7044621400794708,0.7070905315800933,0.2608695652173913,0.44144144144144143,0.37458184824017215,0.2220967682206215,0.4605543710021322,0.2831036016007114,0.1774507694014208,0.19894690866737844,0.33590069236756936,0.3318694217886705,0.6322957380049304,0.6447628300131619,0.2608695652173913,0.45045045045045046,0.2025693305317389,0.13714761837344308,0.5739086035231045,0.29040601210228384,0.2835025914208206,0.016045984973557886,0.03306319631951371,0.02262809814056721,-0.07216640207454039,-0.06232770156693135,0.0,0.009009009009009028,-0.17201251770843326,-0.08494914984717841,0.11335423252097226,0.007302410501572432,0.10605182201939983
60,2016-07-29,2016-08-31,0.21189523047009035,0.35434757660380245,0.34969232511608594,0.6565483176159428,0.6602398963858048,0.391304347826087,0.40350877192982454,0.3753626916876017,0.19668952737430853,0.5440261865793781,0.3292471627826388,0.21477902379673924,0.26075347121079717,0.41428516333063364,0.4136470407023759,0.6858975947834346,0.6964812117950449,0.43478260869565216,0.543859649122807,0.26906165411570754,0.2274259729359089,0.5959480992488049,0.37722882615156017,0.2187192730972447,0.048858240740706826,0.059937586726831193,0.06395471558628996,0.029349277167491805,0.03624131540924003,0.04347826086956519,0.1403508771929825,-0.10630103757189419,0.03073644556160038,0.051921912669426806,0.047981663368921346,0.003940249300505461
60,2016-08-31,2016-09-30,0.1955704876000177,0.3308405623691295,0.32715843963764096,0.7257058381670309,0.7281243557032357,0.3333333333333333,0.4827586206896552,0.379798754101112,0.19146345472624146,0.5031412182463808,0.30351340813585753,0.19962781011052327,0.25491470349309503,0.40859375,0.4062661833247022,0.6613119880817555,0.6753855346615293,0.5,0.5862068965517241,0.26360469232661515,0.20304771685458742,0.5933840147935073,0.36773724617271614,0.2256467686207912,0.05934421589307734,0.07775318763087047,0.07910774368706125,-0.06439385008527543,-0.05273882104170646,0.16666666666666669,0.1034482758620689,-0.11619406177449687,0.011584262128345957,0.09024279654712652,0.0642238380368586,0.02601895851026792
60,2016-09-30,2016-10-31,0.1957820082120194,0.3334510648818564,0.32745434680817853,0.7748001933457715,0.7783133385588078,0.2916666666666667,0.4322033898305085,0.3108205880231156,0.1487978920515529,0.5105580693815988,0.30449969180193137,0.20605837757966738,0.20526778251644842,0.3402003267741706,0.340617720798734,0.6037009349561948,0.6202707908470464,0.08333333333333333,0.3305084745762712,0.19508369273017173,0.12388576969387632,0.5612476760999794,0.2942993179770943,0.2669483581228851,0.009485774304429012,0.006749261892314229,0.01316337399055545,-0.17109925838957674,-0.1580425477117614,-0.20833333333333337,-0.1016949152542373,-0.11573689529294384,-0.024912122357676564,0.05068960671838063,-0.010200373824837072,0.0608899805432177
60,2016-10-31,2016-11-30,0.17856176501196794,0.3106644939344559,0.30301638881039844,0.7781963760456656,0.7802570853303733,0.375,0.423728813559322,0.25409399156577156,0.12631179657097508,0.5158971523361903,0.27973164430369196,0.2361655080324983,0.1594544814883798,0.2764026402640264,0.27505086923928174,0.565835992085976,0.5815179282708499,0.16666666666666666,0.3050847457627119,0.16824208383398936,0.12599734545844601,0.5304630381803412,0.22189787382363194,0.30856516435670933,-0.019107283523588148,-0.0342618536704295,-0.027965519571116704,-0.2123603839596896,-0.19873915705952339,-0.20833333333333334,-0.11864406779661013,-0.0858519077317822,-0.00031445111252906277,0.014565885844150972,-0.057833770480060026,0.07239965632421103
60,2016-11-30,2016-12-30,0.17730702866765066,0.31502548570584327,0.30120779771154116,0.6520916235735772,0.6561908514946896,0.20833333333333334,0.4369747899159664,0.40505114678865,0.3093651949690511,0.4844290657439446,0.2877299824162628,0.19669908332768182,0.2623688155922039,0.4212625300901807,0.4156769596199525,0.6966254944439628,0.7059624477353554,0.625,0.6890756302521008,0.257093068867024,0.20894535082479787,0.6180454261304439,0.3802639576278545,0.2377814685025894,0.08506178692455321,0.10623704438433745,0.11446916190841133,0.04453387087038563,0.04977159624066585,0.41666666666666663,0.25210084033613445,-0.14795807792162602,-0.10041984414425326,0.13361636038649927,0.09253397521159168,0.04108238517490759
60,2016-12-30,2017-01-26,0.29424478725207664,0.4587986519526862,0.4546972723402862,0.7930033061130844,0.7939124758047232,0.48,0.6147540983606558,0.508514626269124,0.3639244149070714,0.5466001575216592,0.44615791661942017,0.10044224090223908,0.3007658690666782,0.4632147141143543,0.462444281817577,0.7553239153117073,0.76536872811887,0.52,0.6639344262295082,0.3085960950365518,0.2937752041049822,0.6281127804074913,0.431360076332843,0.1967527040746483,0.006521081814601537,0.004416062161668066,0.007747009477290845,-0.037679390801377166,-0.028543747685853216,0.040000000000000036,0.0491803278688524,-0.19991853123257225,-0.07014921080208919,0.08151262288583205,-0.014797840286577157,0.09631046317240921
60,2017-01-26,2017-02-28,0.2884734687125191,0.4574220415122799,0.4477755665404122,0.8577458214562514,0.8589210696182862,0.4,0.5806451612903226,0.4706286219549418,0.334281728307268,0.5413597733711049,0.4464345310935588,0.09492524227754606,0.26497738677900995,0.4212133149497735,0.41894406895876185,0.7184949480801953,0.7277752398644142,0.76,0.5483870967741935,0.2279636364681558,0.1981203848206473,0.6053821313240043,0.38807762327148776,0.21730450805251655,-0.02349608193350916,-0.0362087265625064,-0.028831497581650323,-0.13925087337605613,-0.131145829753872,0.36,-0.032258064516129115,-0.24266498548678603,-0.13616134348662068,0.06402235795289946,-0.058356907822071036,0.12237926577497049
60,2017-02-28,2017-03-31,0.1963948248291903,0.3375706655839085,0.32831105710814096,0.7125774000295658,0.7147394403269653,0.19230769230769232,0.4365079365079365,0.4328617250047003,0.2695096306481933,0.46055312954876276,0.3227905674900287,0.13776256205873405,0.20352349940710346,0.33751599712832037,0.33821275530949924,0.6961081877426119,0.7041613211678559,0.2692307692307692,0.48412698412698413,0.21053601387243023,0.14729344669846156,0.568411980176686,0.298401226456417,0.27001075372026906,0.007128674577913163,-5.466845558815825e-05,0.009901698201358278,-0.01646921228695397,-0.010578119159109445,0.0769230769230769,0.047619047619047616,-0.2223257111322701,-0.12221618394973172,0.10785885062792328,-0.024389341033611733,0.132248191661535
60,2017-03-31,2017-04-28,0.16186164994233979,0.27918299489371806,0.27862465371909395,0.6508731613335534,0.6515574608384158,0.23076923076923078,0.36923076923076925,0.3996214296108277,0.28414842467583096,0.3823842469398616,0.26622335093229965,0.11616089600756196,0.19184750628555125,0.3175807308577838,0.32193297426690604,0.5757907305620409,0.5867673496561768,0.19230769230769232,0.33076923076923076,0.20659342393845587,0.11327874574551954,0.5416914240443652,0.2783308474105935,0.2633605766337717,0.029985856343211464,0.03839773596406576,0.043308320547812085,-0.07508243077151255,-0.06479011118223899,-0.038461538461538464,-0.03846153846153849,-0.19302800567237183,-0.1708696789303114,0.1593071771045036,0.012107496478293844,0.14719968062620975
60,2017-04-28,2017-05-31,0.2678436503694967,0.42009422782322164,0.42251842376847826,0.7921336777254233,0.7932336382120937,0.4074074074074074,0.5954198473282443,0.47820540839597575,0.3132221333303544,0.4813059505002633,0.4125458618786324,0.06876008862163091,0.3096172054646287,0.46465027259018676,0.472836190869655,0.8006292547746227,0.8059270044990657,0.5185185185185185,0.6106870229007634,0.3578489823511262,0.28523430805496275,0.5933424177535527,0.44212355607046716,0.15121886168308551,0.041773555095131976,0.04455604476696512,0.05031776710117675,0.008495577049199343,0.012693366286972041,0.1111111111111111,0.01526717557251911,-0.12035642604484953,-0.027987825275391676,0.11203646725328936,0.029577694191834758,0.0824587730614546
60,2017-05-31,2017-06-30,0.31928398899020727,0.4870469281083088,0.48402617124852754,0.820720981375832,0.8221376074570679,0.4444444444444444,0.6287878787878788,0.5679474513405923,0.41196657395428926,0.5219350961538461,0.48338225546823216,0.03855284068561399,0.36296459028179984,0.5207748295031234,0.5326104476518426,0.8079587028302849,0.8146887729181249,0.5185185185185185,0.7424242424242424,0.3626910491045486,0.32301408684262173,0.6217252396166134,0.5050822765950402,0.11664296302157318,0.04368060129159257,0.033727901394814574,0.048584276403315085,-0.012762278545547123,-0.007448834538942961,0.07407407407407407,0.11363636363636365,-0.20525640223604374,-0.08895248711166753,0.09979014346276727,0.021700021126808078,0.07809012233595919
60,2017-06-30,2017-07-31,0.21915133561125044,0.3627852545348157,0.35951457248967983,0.7424467702548959,0.7441754205376708,0.4444444444444444,0.5671641791044776,0.4227673256711758,0.30548042794875446,0.4340344168260038,0.3559585966840707,0.0780758201419331,0.15588264026832524,0.26885706262285874,0.26972053189091727,0.5634040501260653,0.5723934806409605,0.037037037037037035,0.21641791044776118,0.2015392140651636,0.1708727230932634,0.5064057768460284,0.23629338697831848,0.2701123898677099,-0.0632686953429252,-0.09392819191195695,-0.08979404059876256,-0.1790427201288306,-0.1717819398967103,-0.4074074074074074,-0.35074626865671643,-0.22122811160601222,-0.13460770485549106,0.07237136002002459,-0.11966520970575223,0.19203656972577682
60,2017-07-31,2017-08-31,0.22998440558744485,0.3700451111763607,0.37396312431717943,0.7443145114993504,0.7465799220361136,0.5357142857142857,0.5474452554744526,0.5087183927327557,0.364328642440806,0.48425310603871713,0.35842009293570964,0.12583301310300748,0.2369189162447849,0.384535089127991,0.38307913822525597,0.7031363054715727,0.7094195792417599,0.35714285714285715,0.6715328467153284,0.266677530968589,0.20258984104990532,0.6207125103562552,0.33903661378363714,0.28167589657261805,0.006934510657340048,0.014489977951630317,0.009116013908076537,-0.041178206027777664,-0.03716034279435365,-0.17857142857142855,0.12408759124087587,-0.24204086176416667,-0.16173880139090066,0.13645940431753806,-0.019383479152072502,0.15584288346961056
60,2017-08-31,2017-09-29,0.2977067842337303,0.4650869933951839,0.4588198009761045,0.8083827669855896,0.809555359654124,0.42857142857142855,0.6357142857142857,0.5209154612471695,0.35887494085303623,0.6216396356365252,0.44460912525428653,0.17703051038223871,0.3606031552340277,0.5332817736530033,0.5300636763142048,0.7811868211526268,0.7872235440420307,0.5714285714285714,0.7428571428571429,0.33188230997594864,0.25419001226268617,0.7307042253521127,0.4890501735563269,0.24165405179578575,0.06289637100029738,0.06819478025781944,0.07124387533810034,-0.02719594583296281,-0.022331815612093298,0.14285714285714285,0.1071428571428572,-0.18903315127122083,-0.10468492859035006,0.10906458971558741,0.044441048302040376,0.06462354141354704
60,2017-09-29,2017-10-31,0.2291270501545044,0.37978330460477716,0.3728289115851816,0.7044103382635106,0.7061136968815852,0.3793103448275862,0.5070422535211268,0.4548560634200302,0.3225745858578248,0.6059299191374663,0.3438721643601084,0.2620577547773579,0.306231884057971,0.470438353453394,0.46887828691889494,0.7427337877491358,0.750941741089047,0.4827586206896552,0.7183098591549296,0.2964227013431685,0.21493589951529182,0.6954029996341909,0.4131831300623778,0.28221986957181316,0.07710483390346662,0.09065504884861686,0.09604937533371333,0.03832344948562516,0.04482804420746178,0.103448275862069,0.21126760563380287,-0.1584333620768617,-0.10763868634253296,0.08947308049672464,0.06931096570226936,0.020162114794455288
60,2017-10-31,2017-11-30,0.2439537017850271,0.3978084572311257,0.3922231212222169,0.7722537514402932,0.772919101588599,0.41379310344827586,0.5347222222222222,0.4081169738676859,0.322229307034667,0.49756888168557534,0.3761020336193723,0.12146684806620306,0.24251996931269462,0.39268316445830087,0.39036792212980786,0.6497221260325569,0.6671916532375661,0.4482758620689655,0.6527777777777778,0.23879759076260745,0.15823367753252768,0.6116856807762021,0.327840388925719,0.28384529185048313,-0.0014337324723324718,-0.005125292772824808,-0.0018551990924090545,-0.12253162540773632,-0.10572744835103287,0.03448275862068967,0.11805555555555558,-0.16931938310507846,-0.16399562950213933,0.11411679909062677,-0.048261644693653294,0.16237844378428007
60,2017-11-30,2017-12-29,0.2544839945798668,0.40490541543026703,0.40571899789776883,0.8394394648248732,0.8415015433841998,0.3793103448275862,0.5069444444444444,0.4795212215904746,0.3487384678677763,0.48067933935805546,0.3916607658369192,0.08901857352113624,0.2718720458634465,0.42651772472850785,0.4275147751657336,0.7502247659360126,0.7616924209567716,0.6896551724137931,0.5972222222222222,0.3070053202544887,0.24717977279127964,0.5889995669120831,0.3804421246545901,0.208557442257493,0.017388051283579675,0.021612309298240817,0.021795777267964778,-0.08921469888886058,-0.07980912242742821,0.31034482758620696,0.09027777777777779,-0.17251590133598593,-0.10155869507649665,0.10832022755402765,-0.011218641182329125,0.11953886873635677
60,2017-12-29,2018-01-31,0.2231371338794748,0.3725641746299419,0.36486037043408454,0.7989673802734669,0.8003184994238213,0.3,0.5205479452054794,0.47751195639507177,0.3262174985615792,0.5019143117593436,0.3534976216710113,0.14841669008833236,0.22246898014155944,0.3642954342827648,0.36396666705734815,0.6741623405169728,0.6847645454420747,0.4666666666666667,0.5616438356164384,0.26243941057910153,0.21702350016785082,0.5670954797592352,0.3139769832205921,0.25311849653864316,-0.0006681537379153724,-0.008268740347177117,-0.0008937033767363878,-0.12480503975649415,-0.11555395398174662,0.16666666666666669,0.04109589041095896,-0.21507254581597024,-0.1091939983937284,0.0651811679998916,-0.0395206384504192,0.1047018064503108
60,2018-01-31,2018-02-28,0.2605919318872897,0.4078085699394983,0.4134437565329259,0.7490461586829591,0.7501674788046575,0.3448275862068966,0.5241379310344828,0.5001519117875787,0.3336422882608016,0.45616691906444556,0.4002828113543522,0.05588410771009339,0.2452362193235869,0.3908382746192303,0.39387903358095283,0.6747427778368816,0.6882283253731576,0.3103448275862069,0.4413793103448276,0.28808185490424115,0.20276251670350035,0.5812774586008786,0.3413033286451008,0.23997412995577783,-0.015355712563702772,-0.016970295320268003,-0.01956472295197309,-0.07430338084607746,-0.061939153431499916,-0.03448275862068967,-0.08275862068965523,-0.21207005688333752,-0.13087977155730127,0.12511053953643309,-0.05897948270925135,0.18409002224568444
60,2018-02-28,2018-03-30,0.22939919592903935,0.37854326142426353,0.3731891100769521,0.7801514645721526,0.7825217122535314,0.43333333333333335,0.5136986301369864,0.49009667813942953,0.32773068432579566,0.5179682794619554,0.36032940806210495,0.1576388713998505,0.301141646470651,0.46603292918809264,0.4628883370038892,0.7298502957561371,0.7365706417224379,0.6,0.6232876712328768,0.299104610589124,0.24430305949024433,0.6317262434804732,0.42831494512495294,0.2034112983555203,0.07174245054161166,0.0874896677638291,0.0896992269269371,-0.05030116881601543,-0.045951070531093485,0.16666666666666663,0.1095890410958904,-0.1909920675503055,-0.08342762483555133,0.11375796401851779,0.06798553706284799,0.0457724269556698
60,2018-03-30,2018-04-27,0.27474707116254515,0.43123992116108223,0.4310613099302609,0.8279309783888605,0.829856615017143,0.43333333333333335,0.5878378378378378,0.4905036900996731,0.377249549755629,0.5124522814033812,0.41982782844151534,0.09262445296186583,0.3335940495360785,0.49962101201277076,0.5002932483871338,0.7935252019102341,0.7982277757045443,0.7666666666666667,0.7567567567567568,0.342522279732757,0.30567456880841487,0.5682988147970789,0.4833162801273306,0.08498253466974831,0.058846978373533365,0.06838109085168853,0.06923193845687292,-0.034405776478626415,-0.031628839312598744,0.33333333333333337,0.16891891891891897,-0.1479814103669161,-0.07157498094721415,0.05584653339369772,0.06348845168581524,-0.007641918292117522
60,2018-04-27,2018-05-31,0.2095235557450437,0.3525850858705888,0.3464563459716684,0.7306129845491613,0.7326332745305033,0.5,0.5167785234899329,0.42946003495380053,0.3297661143711838,0.4824378203911145,0.3351976611160544,0.14724015927506007,0.2469751288371051,0.4010278099915865,0.396118772741566,0.6831707178616059,0.6925287698908231,0.4666666666666667,0.5100671140939598,0.2962431418929566,0.23965515825264472,0.6543276349441378,0.3495403305242421,0.3047873044198957,0.0374515730920614,0.048442724120997704,0.04966242676989757,-0.04744226668755547,-0.04010450463968018,-0.033333333333333326,-0.006711409395973145,-0.13321689306084394,-0.09011095611853909,0.17188981455302332,0.01434266940818768,0.15754714514483564
60,2018-05-31,2018-06-29,0.20918247527594394,0.34400411955285687,0.3459899222045987,0.7145272424567031,0.7160612115634801,0.3548387096774194,0.4966887417218543,0.36065073509399176,0.2670594515437153,0.4380561259411362,0.3305203248043569,0.1075358011367793,0.26359832635983266,0.4152555235142343,0.41721854304635764,0.691379262211938,0.697206541382175,0.6129032258064516,0.5960264900662252,0.2646748594534018,0.255937114782254,0.6204604088112721,0.3578780900590961,0.26258231875217597,0.05441585108388872,0.07125140396137741,0.07122862084175896,-0.023147980244765054,-0.018854670181305155,0.25806451612903225,0.09933774834437092,-0.09597587564058996,-0.011122336761461293,0.18240428287013588,0.027357765254739208,0.15504651761539667
60,2018-06-29,2018-07-31,0.2285852454218048,0.37965800765149754,0.3721113309371148,0.7954302787784541,0.797449829871021,0.3548387096774194,0.4935064935064935,0.38667135748360876,0.266250198635008,0.5037249283667622,0.3642218842095256,0.13950304415723658,0.2267834664885555,0.37426603073661896,0.36972044812061566,0.6769731558565492,0.6811845347545259,0.41935483870967744,0.525974025974026,0.2559564469048286,0.2145408081535832,0.5993665065903749,0.31534182090510327,0.28402468568527167,-0.001801778933249315,-0.005391976914878582,-0.002390882816499129,-0.11845712292190491,-0.11626529511649508,0.06451612903225806,0.03246753246753248,-0.13071491057878015,-0.05170939048142478,0.09564157822361274,-0.04888006330442235,0.1445216415280351
60,2018-07-31,2018-08-31,0.26196723723576437,0.42746243572557574,0.4151728024407069,0.7580814860789837,0.7599740287196977,0.59375,0.5632911392405063,0.45919864536883864,0.3117479357616134,0.5061315496098104,0.4179690127581336,0.08816253685167685,0.27512456102539395,0.43473296205777473,0.4315257809859015,0.7329605911281681,0.7389002201503205,0.3125,0.6012658227848101,0.2792410835256502,0.24595520829352738,0.5740212600466684,0.39270347093644875,0.18131778911021967,0.013157323789629582,0.00727052633219899,0.016352978545194574,-0.025120894950815598,-0.021073808569377128,-0.28125,0.03797468354430378,-0.17995756184318845,-0.06579272746808604,0.06788971043685799,-0.025265541821684834,0.09315525225854282
60,2018-08-31,2018-09-28,0.23879193707432292,0.39234377649253027,0.385523880044428,0.7284216232702374,0.7297654464276716,0.42424242424242425,0.50920245398773,0.4385542765137691,0.36301793856734454,0.5466641322942406,0.3753659556670849,0.17129817662715568,0.2633534880386206,0.4185467942874506,0.41691179947978246,0.707424768938803,0.7157769611394467,0.15151515151515152,0.4539877300613497,0.26765057313929347,0.24327990259934862,0.6524239934264585,0.35712059084478337,0.29530340258167515,0.024561550964297657,0.026203017794920347,0.03138791943535446,-0.02099685433143439,-0.013988485288224939,-0.2727272727272727,-0.05521472392638033,-0.17090370337447564,-0.11973803596799593,0.10575986113221791,-0.018245364822301546,0.12400522595451946
60,2018-09-28,2018-10-31,0.18817210031013865,0.31915547441297154,0.3167421626227744,0.7261743129071745,0.7270371146594232,0.2647058823529412,0.46987951807228917,0.39581321020342136,0.2646222939648007,0.38540478905359177,0.3095331746196046,0.07587161443398716,0.18078805047643576,0.30740598828616783,0.30621592148309706,0.5998565262504837,0.6053151684988878,0.20588235294117646,0.2710843373493976,0.19611625605139762,0.1763641958606235,0.4687777688020034,0.26032337135853684,0.20845439744346655,-0.007384049833702888,-0.01174948612680371,-0.010526241139677317,-0.1263177866566908,-0.12172194616053544,-0.05882352941176472,-0.1987951807228916,-0.19969695415202374,-0.0882580981041772,0.08337297974841162,-0.049209803261067775,0.1325827830094794
60,2018-10-31,2018-11-30,0.19780783283122877,0.3325371311578456,0.3302830844972441,0.7271876693008896,0.7295643115243816,0.2647058823529412,0.49101796407185627,0.39957864402854226,0.1749734071623123,0.4628909864889876,0.3185289788774414,0.14436200761154616,0.2185585251040313,0.35974184733757597,0.3587165008514834,0.675101582075006,0.680114939464091,0.08823529411764706,0.32934131736526945,0.21191209029565683,0.1745090898629802,0.5457252641690682,0.31692321302193915,0.22880205114712904,0.020750692272802518,0.02720471617973036,0.028433416354239294,-0.05208608722588359,-0.04944937206029065,-0.1764705882352941,-0.16167664670658682,-0.18766655373288543,-0.0004643172993321065,0.08283427768008061,-0.0016057658555022614,0.08444004353558288
60,2018-11-30,2018-12-28,0.34145972138098124,0.5153289034208769,0.5090868043797269,0.8098393644342405,0.8111752460128034,0.35294117647058826,0.6390532544378699,0.5300151219542417,0.3928097236375637,0.6070995670995671,0.5049597933908552,0.10213977370871197,0.36215009362846307,0.5319111424541608,0.5317330231410494,0.7985891595466548,0.8078050671750949,0.6176470588235294,0.6153846153846154,0.3641258724748942,0.3032313505564572,0.6676677713338857,0.5040583035866055,0.16360946774728014,0.020690372247481825,0.01658223903328393,0.022646218761322556,-0.011250204887585769,-0.003370178837708515,0.2647058823529412,-0.023668639053254448,-0.16588924947934752,-0.0895783730811065,0.06056820423431852,-0.0009014898042496444,0.06146969403856817
60,2018-12-28,2019-01-31,0.1721673971159675,0.3000710165763082,0.2937590612732838,0.6837141829993184,0.6857495374505098,0.37142857142857144,0.4269005847953216,0.33046676401471664,0.16774541808515905,0.48761339846475926,0.2793984731062864,0.20821492535847286,0.18248721971959306,0.3096039569951568,0.30864979625380956,0.5618055142072848,0.5731306159462136,0.2,0.38011695906432746,0.21885858059619342,0.14571020633976536,0.537277633419948,0.2623600165906263,0.27491761682932175,0.010319822603625545,0.009532940418848612,0.014890734980525788,-0.12190866879203366,-0.1126189215042962,-0.17142857142857143,-0.04678362573099415,-0.11160818341852322,-0.02203521174539369,0.04966423495518879,-0.017038456515660105,0.0667026914708489
60,2019-01-31,2019-02-28,0.25904109026723043,0.4146666009560889,0.41148949350374125,0.8136965942001211,0.8143831360933093,0.45714285714285713,0.5828571428571429,0.3404880820456027,0.18817276196051508,0.5722458754656732,0.3924695916187192,0.179776283846954,0.25323045267489713,0.405308831036243,0.4041243206856355,0.6860813140937642,0.6931795528588566,0.6,0.5657142857142857,0.23551585044614307,0.16110921106470985,0.6585095497953616,0.34470725087243115,0.31380229892293043,-0.005810637592333301,-0.009357769919845937,-0.007365172818105781,-0.12761528010635692,-0.12120358323445268,0.14285714285714285,-0.017142857142857126,-0.10497223159945965,-0.027063550895805227,0.0862636743296884,-0.047762340746288046,0.13402601507597645
60,2019-02-28,2019-03-29,0.16191494191986075,0.2804961982170949,0.2787036057085637,0.7053342764716783,0.7061392766079537,0.2777777777777778,0.42045454545454547,0.30220397483401934,0.15350089265393613,0.4372943327239488,0.2561388894147939,0.1811554433091549,0.19027244149493538,0.32093936666393913,0.31971242021861934,0.5285537304768227,0.5342714739839471,0.3333333333333333,0.4715909090909091,0.22353722309615756,0.13614356293802923,0.4859508079280427,0.27823328251823165,0.20771752540981103,0.028357499575074635,0.0404431684468442,0.04100881451005567,-0.1767805459948556,-0.17186780262400658,0.055555555555555525,0.051136363636363646,-0.07866675173786178,-0.017357329715906894,0.048656475204093885,0.02209439310343775,0.026562082100656137
60,2019-03-29,2019-04-30,0.2236651660494505,0.3648576034390113,0.36556596077919534,0.7447937166712821,0.7449585071524119,0.4,0.4857142857142857,0.38633260017326604,0.3225105451943919,0.5189475009442276,0.34196745838788106,0.17698004255634653,0.2894037420980739,0.4485639258165107,0.4488954586515562,0.7270510231102821,0.7316993485091515,0.45714285714285713,0.6914285714285714,0.3063305262288463,0.24393479358592285,0.6220779220779221,0.4079789388416363,0.21409898323628584,0.0657385760486234,0.08370632237749942,0.08332949787236088,-0.017742693561,-0.013259158643260327,0.057142857142857106,0.20571428571428568,-0.08000207394441972,-0.07857575160846902,0.10313042113369453,0.06601148045375521,0.037118940679939316
60,2019-04-30,2019-05-31,0.28307010946770284,0.4399207817927989,0.44123872480380344,0.768808061224937,0.7704059697453126,0.42857142857142855,0.5428571428571428,0.40419392276870114,0.27239506361872806,0.5576575491023015,0.42158977918691254,0.13606776991538894,0.351051187792228,0.519525985339075,0.5196711878339498,0.7905999114869994,0.7969852242437693,0.6571428571428571,0.7314285714285714,0.37380657240593884,0.38374075046126466,0.6404494382022472,0.4875402681076587,0.1529091700945885,0.06798107832452516,0.0796052035462761,0.0784324630301464,0.02179185026206243,0.02657925449845666,0.2285714285714286,0.1885714285714286,-0.0303873503627623,0.1113456868425366,0.08279188909994573,0.06595048892074618,0.01684140017919955
60,2019-05-31,2019-06-28,0.24248317278626416,0.3911863194512175,0.39032025237411705,0.7688087481022277,0.771192519719004,0.4857142857142857,0.5314285714285715,0.36867144799058965,0.2221899165918933,0.48074921956295524,0.3783949470555452,0.10235427250741003,0.2596376093775797,0.4123971547513685,0.4122417550010649,0.6728667659049465,0.6809322319538361,0.37142857142857144,0.56,0.24291638762878476,0.2205482302009478,0.5697151424287856,0.3711549202540287,0.19856022217475694,0.01715443659131552,0.021210835300151,0.021921502626947864,-0.09594198219728112,-0.09026028776516792,-0.11428571428571427,0.02857142857142858,-0.1257550603618049,-0.0016416863909455015,0.08896592286583038,-0.00724002680151653,0.09620594966734691
60,2019-06-28,2019-07-31,0.1549590232480348,0.2710561388681208,0.2683368329592354,0.6777356475220634,0.6801800809455728,0.3055555555555556,0.4659090909090909,0.2992970366674546,0.09823172088636063,0.35581264108352145,0.2600205738638451,0.09579206721967637,0.16568566415756408,0.28434753047447914,0.28427159954361175,0.49169229020594657,0.504926093199813,0.027777777777777776,0.3409090909090909,0.17267115253364523,0.12426783016095826,0.4648648648648649,0.23818429451344703,0.22668057035141786,0.010726640909529295,0.013291391606358338,0.01593476658437637,-0.18604335731611682,-0.17525398774575984,-0.2777777777777778,-0.125,-0.12662588413380937,0.026036109274597624,0.10905222378134344,-0.021836279350398058,0.1308885031317415
60,2019-07-31,2019-08-30,0.1960453476909077,0.32946236559139785,0.3278225998193029,0.7256658762107419,0.7279875900585223,0.3611111111111111,0.4971751412429379,0.35111926846152886,0.12887603956475158,0.41340349791054015,0.31983165820222326,0.0935718397083169,0.16914859783361083,0.2895040184432135,0.28935346310475324,0.5339324915545275,0.5472141512029539,0.3611111111111111,0.3672316384180791,0.19436074889588334,0.12625021024426794,0.47458599770454174,0.24458857233805506,0.22999742536648668,-0.02689674985729687,-0.03995834714818436,-0.03846913671454966,-0.19173338465621437,-0.1807734388555684,0.0,-0.12994350282485878,-0.15675851956564552,-0.002625829320483636,0.06118249979400159,-0.0752430858641682,0.13642558565816978
60,2019-08-30,2019-09-30,0.2142564444656216,0.35460467170323173,0.35290147388908943,0.7841855009250402,0.7854164359390798,0.4166666666666667,0.48314606741573035,0.3708095869994761,0.17806552501798134,0.470060396893874,0.3429905568671018,0.12706984002677224,0.1982002441309223,0.3318178217821782,0.3308299177900448,0.6356544968150639,0.6422821716652493,0.4444444444444444,0.4943820224719101,0.2156883266305904,0.18892379473336152,0.5219789403309376,0.2873394710608104,0.2346394692701272,-0.01605620033469929,-0.02278684992105351,-0.022071556099044654,-0.14853100410997633,-0.14313426427383058,0.027777777777777735,0.011235955056179747,-0.15512126036888568,0.010858269715380175,0.05191854343706359,-0.055651085806291356,0.10756962924335495
60,2019-09-30,2019-10-31,0.2540118324890762,0.40921974770285,0.4051187172371261,0.7844168382653158,0.7861391921153148,0.3333333333333333,0.5277777777777778,0.4166685294806926,0.2195743497431102,0.5347524592807612,0.395800651623024,0.13895180765773718,0.27226319337060384,0.42832860306272025,0.42799822362116385,0.7515958819085535,0.7590438256000853,0.6944444444444444,0.7,0.30295325293061026,0.28283506508870127,0.592933040984989,0.3909849238539833,0.2019481171310057,0.018251360881527623,0.019108855359870225,0.02287950638403774,-0.0328209563567623,-0.02709536651522948,0.3611111111111111,0.17222222222222217,-0.11371527655008234,0.06326071534559108,0.058180581704227796,-0.004815727769040712,0.06299630947326851
60,2019-10-31,2019-11-29,0.2455861632008473,0.39547420356947066,0.39433026868209875,0.7780356369971753,0.7796540713424258,0.32432432432432434,0.5193370165745856,0.44346712836273255,0.3120784807658819,0.5404819929596534,0.37709756013863627,0.1633844328210171,0.23008658617810673,0.3745781090120497,0.374098195628632,0.679233414350502,0.694213717205097,0.2972972972972973,0.4972375690607735,0.2554916462286005,0.20636163346346936,0.5292562265438417,0.340842712305832,0.18841351423800973,-0.015499577022740574,-0.020896094557420974,-0.020232073053466748,-0.09880222264667327,-0.08544035413732887,-0.02702702702702703,-0.022099447513812154,-0.18797548213413207,-0.10571684730241254,-0.011225766415811633,-0.03625484783280425,0.025029081416992616
60,2019-11-29,2019-12-31,0.21914546701006096,0.36101275868384103,0.35950667568409617,0.7932182039581583,0.7955874795952479,0.32432432432432434,0.5054945054945055,0.42417063191767734,0.34966149972853794,0.5119771183410797,0.33884095006388604,0.1731361682771937,0.25066003297782097,0.40033794069293066,0.400844396348062,0.6825657497825443,0.6875872332643472,0.6216216216216216,0.7087912087912088,0.24135421495663303,0.1969465105597411,0.5805865794969581,0.36403372409883133,0.2165528553981268,0.031514565967760005,0.03932518200908963,0.04133772066396585,-0.11065245417561409,-0.10800024633090066,0.29729729729729726,0.20329670329670335,-0.1828164169610443,-0.15271498916879683,0.0686094611558784,0.025192774034945298,0.043416687120933106
60,2019-12-31,2020-01-23,0.23555224990702864,0.3829099097737543,0.38129063327714907,0.7949822420904636,0.7959134413480844,0.4594594594594595,0.5494505494505495,0.36111990125901794,0.2749205345111056,0.49887568262126564,0.36385232631801223,0.1350233563032534,0.2315572054595696,0.3771937801218514,0.3760397071821952,0.6547294201467506,0.6590422560813475,0.7297297297297297,0.5769230769230769,0.1841014415357087,0.141230056483653,0.5630294815316842,0.33670493558270886,0.22632454594897533,-0.003995044447459045,-0.005716129651902879,-0.005250926094953867,-0.14025282194371302,-0.13687118526673692,0.27027027027027023,0.027472527472527375,-0.17701845972330923,-0.1336904780274526,0.06415379891041856,-0.027147390735303367,0.09130118964572193
60,2020-01-23,2020-02-28,0.15940040476108805,0.27756954918093985,0.27497041420118346,0.6820065813318928,0.6826297471127231,0.2702702702702703,0.41304347826086957,0.3810305049129518,0.19062406468853077,0.3826588404901658,0.259745703507056,0.1229131369831098,0.1687698939279612,0.2902638762511374,0.2887991807536473,0.5219199045480356,0.5262662378905999,0.2972972972972973,0.375,0.183556878392845,0.137922969306932,0.4888447611260367,0.22214876695314223,0.26669599417289447,0.009369489166873163,0.012694327070197575,0.013828766552463845,-0.16008667678385724,-0.15636350922212316,0.02702702702702703,-0.03804347826086957,-0.1974736265201068,-0.052701095381598784,0.1061859206358709,-0.03759693655391377,0.14378285718978467
60,2020-02-28,2020-03-31,0.22801157073642542,0.37320980958384026,0.3713508507084983,0.6837224833629267,0.6860397070940459,0.32432432432432434,0.45652173913043476,0.5610305962256187,0.4836988266585741,0.5504848830576156,0.3470750496181922,0.20340983343942337,0.323781259122312,0.4893598246981484,0.4891763754640009,0.806145507121919,0.8092048144446737,0.5135135135135135,0.6956521739130435,0.41045817001330964,0.38251245459407457,0.7238759069873736,0.40806828534083256,0.315807621646541,0.09576968838588656,0.11615001511430817,0.11782552475550256,0.12242302375899228,0.1231651073506278,0.18918918918918914,0.2391304347826087,-0.15057242621230904,-0.10118637206449954,0.17339102392975803,0.06099323572264037,0.11239778820711765
60,2020-03-31,2020-04-30,0.19597881589842672,0.32910860685419624,0.3277295773022639,0.6844000951297418,0.6854510632255805,0.21052631578947367,0.3387096774193548,0.4654051349176767,0.3495244008545978,0.49776297001427894,0.29883997061486683,0.1989229993994121,0.32066034933744697,0.4870194126720801,0.48560608259090515,0.7537826957106646,0.7606136542479152,0.5789473684210527,0.5698924731182796,0.36076161173173454,0.276929038399129,0.6049306479194376,0.43494314605798684,0.16998750186145078,0.12468153343902025,0.15791080581788386,0.15787650528864128,0.06938260058092283,0.07516259102233469,0.368421052631579,0.2311827956989248,-0.10464352318594217,-0.07259536245546877,0.10716767790515869,0.13610317544312,-0.02893549753796132
60,2020-04-30,2020-05-29,0.22428434400767355,0.3642925546360219,0.36639257065639286,0.7859606595609079,0.7872704003162917,0.3157894736842105,0.44385026737967914,0.4145517164435982,0.25915505796085586,0.5417829457364342,0.3241680248146785,0.21761492092175566,0.29207985386221297,0.450836534173464,0.4521080535218379,0.7190507334161992,0.7265582296710366,0.18421052631578946,0.41711229946524064,0.3240261124237387,0.280594748651171,0.5954814673290026,0.3884966136237314,0.20698485370527125,0.06779550985453942,0.08654397953744208,0.08571548286544506,-0.0669099261447087,-0.06071217064525514,-0.13157894736842105,-0.0267379679144385,-0.09052560401985948,0.02143969069031515,0.05369852159256849,0.0643285888090529,-0.010630067216484407
60,2020-05-29,2020-06-30,0.20218260869565216,0.3362400578452639,0.3363592306746425,0.7307881713602621,0.7337904165395011,0.21052631578947367,0.47058823529411764,0.3425814886364201,0.22223183456317908,0.5362688470482334,0.2884680843440406,0.24780076270419282,0.23155772288396798,0.3754716981132076,0.3760403894698882,0.6862338341884493,0.6924131632776087,0.2894736842105263,0.48128342245989303,0.23690780450882787,0.2234335422045442,0.5273887255146289,0.3137318451597221,0.21365688035490682,0.029375114188315815,0.03923164026794368,0.0396811587952457,-0.044554337171812786,-0.041377253261892344,0.07894736842105265,0.010695187165775388,-0.1056736841275922,0.001201707641365124,-0.008880121533604513,0.02526376081568149,-0.034143882349286
60,2020-06-30,2020-07-31,0.12018589646333576,0.21600172215843857,0.2145820561440527,0.6594671023810039,0.6617174683960843,0.07894736842105263,0.2192513368983957,0.26813474611103455,0.17101476146149755,0.354264421749931,0.17969486120171052,0.17456956054822048,0.15281541206794,0.2659172261115823,0.26511687902197123,0.5796522978584902,0.5887726904287351,0.10526315789473684,0.24598930481283424,0.17846049427736793,0.1268723619451895,0.4426765475152572,0.20257366581398528,0.24010288170127192,0.03262951560460424,0.04991550395314373,0.05053482287791852,-0.07981480452251377,-0.0729447779673491,0.02631578947368421,0.026737967914438526,-0.08967425183366662,-0.04414239951630805,0.0884121257653262,0.02287880461227476,0.06553332115305144
60,2020-07-31,2020-08-31,0.2567932496923227,0.41209150326797384,0.4086483592352021,0.7838655794699774,0.7861160829339894,0.34210526315789475,0.48936170212765956,0.41769283259850637,0.4043978938063437,0.5701298701298702,0.3810640829508754,0.18906578717899475,0.31078237818498644,0.4761093361732339,0.47419370805903027,0.7562903636314464,0.7604230689357147,0.6842105263157895,0.8031914893617021,0.30243106481461396,0.18700304212254246,0.6075325809066534,0.4373575053320585,0.17017507557459488,0.05398912849266374,0.06401783290526009,0.06554534882382818,-0.027575215838530953,-0.025693013998274727,0.34210526315789475,0.3138297872340426,-0.11526176778389241,-0.21739485168380127,0.037402710776783255,0.05629342238118312,-0.018890711604399868
60,2020-08-31,2020-09-30,0.2147025098738693,0.35569752061463994,0.35350632459986153,0.7501416944565269,0.750641048080155,0.21052631578947367,0.38095238095238093,0.3886499549632071,0.27975615044397917,0.49411076768858075,0.327658854387004,0.16645191330157677,0.2683017861903492,0.4250418819421959,0.4230882414764367,0.6966102124372575,0.7041707760569393,0.07894736842105263,0.2751322751322751,0.3038118579808086,0.25409887831376154,0.5397004449457918,0.39182220931077055,0.14787823563502128,0.05359927631647993,0.06934436132755595,0.06958191687657517,-0.05353148201926938,-0.04647027202321563,-0.13157894736842105,-0.10582010582010581,-0.08483809698239847,-0.025657272130217623,0.04558967725721108,0.06416335492376657,-0.018573677666555488
60,2020-09-30,2020-10-30,0.270051993067591,0.4283946883677453,0.42526131928713734,0.8016684080615006,0.8032355807000094,0.4358974358974359,0.5235602094240838,0.4188401642867646,0.34284408123269294,0.5324094377686168,0.40906349335724185,0.12334594441137497,0.3195068076477404,0.4863643253820607,0.48428216633049304,0.7868851684102199,0.7916304991100718,0.358974358974359,0.5549738219895288,0.31116549772490115,0.2832821632137483,0.6053051166835773,0.45843897292790414,0.1468661437556732,0.04945481458014944,0.0579696370143154,0.059020847043355695,-0.0147832396512807,-0.011605081589937671,-0.07692307692307693,0.03141361256544506,-0.10767466656186347,-0.05956191801894467,0.07289567891496052,0.049375479570662295,0.02352019934429822
60,2020-10-30,2020-11-30,0.24040983808764155,0.39184045461856004,0.3876296861016275,0.8069773756487878,0.8088623923047855,0.358974358974359,0.5077720207253886,0.34889654386008995,0.3387384811342091,0.5194957983193277,0.36761704299017733,0.15187875532915035,0.23638252609706625,0.3845266518228398,0.3823776559561442,0.7583981669989982,0.7610958615285847,0.358974358974359,0.616580310880829,0.2587757317564543,0.2734539299626169,0.5792291974917213,0.3387452162820364,0.2404839812096849,-0.004027311990575294,-0.007313802795720248,-0.005252030145483311,-0.048579208649789596,-0.047766530776200855,0.0,0.10880829015544036,-0.09012081210363565,-0.06528455117159221,0.05973339917239362,-0.028871826708140924,0.08860522588053454
60,2020-11-30,2020-12-31,0.1648554792162498,0.2855938905960299,0.2830488110459326,0.7194401243300464,0.7207732826994718,0.3,0.43147208121827413,0.2613212555370603,0.17127321262202824,0.4797878325162742,0.24823758580174388,0.23155024671453034,0.17766270055201633,0.3038780228057872,0.3017208585594821,0.6182821254041815,0.6271252278341487,0.325,0.39086294416243655,0.18117071930771733,0.12627127022380438,0.5547550432276657,0.23826921816632807,0.3164858250613376,0.012807221335766533,0.018284132209757276,0.018672047513549506,-0.10115799892586497,-0.09364805486532313,0.025000000000000022,-0.040609137055837574,-0.08015053622934298,-0.04500194239822386,0.07496721071139145,-0.009968367635415809,0.08493557834680726
60,2020-12-31,2021-01-29,0.1873040578098944,0.3183071981862838,0.3155115264330793,0.7531945415190713,0.7556409672882805,0.275,0.395,0.3662830409313528,0.260617890798579,0.4768166563933977,0.282587893940797,0.19422876245260073,0.19907758640115977,0.3329313485333836,0.33205121780094216,0.6542733603494029,0.6638881259458377,0.05,0.315,0.22416345837819993,0.16432267001988543,0.5365161421113983,0.2658416006947924,0.2706745414166059,0.011773528591265375,0.014624150347099796,0.016539691367862874,-0.09892118116966842,-0.09175284134244277,-0.22500000000000003,-0.08000000000000002,-0.14211958255315285,-0.09629522077869357,0.0596994857180006,-0.016746293246004573,0.07644577896400517
60,2021-01-29,2021-02-26,0.3559597271841507,0.5269620534063171,0.5250299401197605,0.8625936312523824,0.8652067997854936,0.5121951219512195,0.693069306930693,0.4048845973304986,0.2534187196088208,0.5937479036694171,0.5119247209509569,0.08182318271846023,0.3362732019039149,0.504627970489737,0.5033000758000604,0.8461004651222626,0.8510093837630709,0.5609756097560976,0.5742574257425742,0.387329149071139,0.33700658562911895,0.6522552688595628,0.4551663834490951,0.19708888541046765,-0.01968652528023579,-0.022334082916580122,-0.021729864319700032,-0.016493166130119863,-0.014197416022422749,0.04878048780487809,-0.1188118811881188,-0.017555448259359563,0.08358786602029816,0.058507365190145655,-0.056758337501861766,0.11526570269200742
60,2021-02-26,2021-03-31,0.2966895690193629,0.46084222677981507,0.4576107899807322,0.8170065578990618,0.8181026664848433,0.4146341463414634,0.5841584158415841,0.4061406373026594,0.294922187996368,0.595963442498096,0.43486536743927257,0.1610980750588234,0.2956909833071266,0.45790955935705235,0.4564220745789306,0.7781239960958547,0.7844401548600252,0.43902439024390244,0.49504950495049505,0.35434513423481834,0.35275058035671525,0.6225567053412773,0.4072436031457566,0.2153131021955207,-0.0009985857122362662,-0.0029326674227627136,-0.0011887154018015988,-0.03888256180320715,-0.03366251162481815,0.024390243902439046,-0.08910891089108908,-0.05179550306784109,0.05782839236034726,0.02659326284318131,-0.027621764293515982,0.05421502713669729
60,2021-03-31,2021-04-30,0.1991755215181776,0.3337978845054317,0.3321874370250951,0.7557015137079198,0.7584880555331949,0.36585365853658536,0.44878048780487806,0.34607315488498086,0.22365059145077795,0.49972348956173096,0.2992545260915868,0.20046896347014415,0.24736967247221067,0.3972413134784269,0.3966260811551383,0.7549436583106343,0.7624478274076255,0.3170731707317073,0.4926829268292683,0.287859316679463,0.25358329460224865,0.5661047928513404,0.34536436236585977,0.22074043048548064,0.048194150954033066,0.06344342897299521,0.06443864413004319,-0.0007578553972855673,0.00395977187443064,-0.04878048780487804,0.04390243902439023,-0.05821383820551784,0.029932703151470702,0.06638130328960945,0.04610983627427295,0.020271467015336497
60,2021-04-30,2021-05-31,0.2368683943825105,0.3835540968233501,0.3830130925137978,0.7639898215408151,0.7664904822851543,0.5,0.5120772946859904,0.29974349572979186,0.21278088745637322,0.5810325615946514,0.3374255306842501,0.24360703091040137,0.2703546881755699,0.42627941418463056,0.4256365418131246,0.7564948285061077,0.7642057846397992,0.30952380952380953,0.47342995169082125,0.28793231312627243,0.22772041241096277,0.6194931971068737,0.3677859953756871,0.25170720173118655,0.033486293793059396,0.042725317361280435,0.04262344929932682,-0.0074949930347073535,-0.002284697645355105,-0.19047619047619047,-0.03864734299516914,-0.011811182603519432,0.014939524954589556,0.03846063551222223,0.03036046469143705,0.00810017082078518
60,2021-05-31,2021-06-30,0.20252359759377903,0.33759986955812815,0.3368309744590857,0.7404267655715967,0.7439026186039154,0.21428571428571427,0.3798076923076923,0.25438210513855203,0.1717715256286985,0.5407848670115483,0.27932559010865493,0.26145927690289333,0.23741100230621673,0.38420844572597895,0.38372214545327865,0.7253946749036196,0.7319760461000049,0.19047619047619047,0.38461538461538464,0.2295141929561387,0.14733514307172937,0.5764393515930688,0.32026650139448404,0.25617285019858477,0.0348874047124377,0.0466085761678508,0.04689117099419293,-0.01503209066797706,-0.011926572503910493,-0.023809523809523808,0.004807692307692346,-0.024867912182413326,-0.024436382556969116,0.03565448458152054,0.04094091128582911,-0.005286426704308567
60,2021-06-30,2021-07-30,0.18404920279439782,0.31340072399426266,0.31088100453939793,0.680814176169228,0.6873087257084809,0.23809523809523808,0.2904761904761905,0.2781653183921326,0.2293318628252432,0.5160829163688349,0.24978687127024723,0.2662960450985876,0.21858192063019596,0.36011449946399654,0.3587480118154965,0.7174698081609314,0.724025350538387,0.47619047619047616,0.6190476190476191,0.27104595560832895,0.21210310331411306,0.5754913504211575,0.2876196573379672,0.2878716930831903,0.03453271783579814,0.046713775469733876,0.04786700727609855,0.03665563199170341,0.03671662482990612,0.23809523809523808,0.32857142857142857,-0.007119362783803651,-0.01722875951113015,0.059408434052322656,0.03783278606771995,0.02157564798460271
60,2021-07-30,2021-08-31,0.21363691008909608,0.3545208698157959,0.352060667095915,0.7340067402020548,0.7375073092825419,0.3953488372093023,0.38967136150234744,0.3575053285113132,0.32620929665661436,0.5216752387950037,0.2968743013012565,0.22480093749374713,0.2338213972104801,0.3811077086939156,0.3790198447508234,0.70354289261149,0.7118486393540423,0.20930232558139536,0.4647887323943662,0.3261204507353164,0.28197633537944333,0.5898031923136525,0.29735696517412935,0.2924462271395232,0.020184487121384015,0.02658683887811969,0.026959177654908406,-0.030463847590564863,-0.025658669928499633,-0.18604651162790695,0.07511737089201875,-0.0313848777759968,-0.04423296127717102,0.06812795351864886,0.00048266387287282386,0.06764528964577604
60,2021-08-31,2021-09-30,0.2032101035952903,0.3410277993611327,0.3377799155576933,0.733884191807193,0.7371145149393649,0.37209302325581395,0.4232558139534884,0.36373111692979704,0.2839251515089936,0.4761818181818182,0.29894996037586324,0.17723185780595496,0.25487695432431157,0.4079049676025918,0.406218240674521,0.7464996506294173,0.7511381454628128,0.37209302325581395,0.4511627906976744,0.29485286382143455,0.27097660471524,0.604512888691927,0.32665364305118894,0.27785924564073805,0.051666850729021274,0.06687716824145912,0.06843832511682768,0.012615458822224257,0.014023630523447905,0.0,0.02790697674418602,-0.06887825310836249,-0.012948546793753624,0.12833107051010878,0.02770368267532569,0.10062738783478309
60,2021-09-30,2021-10-29,0.3660553680333097,0.5402098271886964,0.5359304997429414,0.846194102491516,0.8489165251312878,0.5,0.6880733944954128,0.5060561288765536,0.45961247316489967,0.656977340305547,0.5098603560388019,0.14711698426674513,0.3681393776345509,0.5400004220566822,0.5381606342930451,0.8664898005193078,0.8704234152419199,0.45454545454545453,0.6880733944954128,0.4072797304288714,0.39308950945589166,0.6699341877381365,0.48308145180869144,0.18685273592944507,0.0020840096012412213,-0.0002094051320141732,0.0022301345501036796,0.020295698027791742,0.021506890110632115,-0.04545454545454547,0.0,-0.09877639844768221,-0.06652296370900801,0.012956847432589513,-0.026778904230110423,0.039735751662699936
60,2021-10-29,2021-11-30,0.3248101024151427,0.4933816675297773,0.4903496762638064,0.8210168210891278,0.822677871759845,0.4318181818181818,0.6545454545454545,0.4554811330494869,0.3707822067737406,0.5865438161291956,0.4694193783611339,0.1171244377680617,0.3091744669347481,0.47411622050181884,0.4723197323862228,0.8074380691304478,0.8118780746308089,0.5,0.5590909090909091,0.3503271929985234,0.29825002942567036,0.6088317107093185,0.41691151500834206,0.19192019570097646,-0.015635635480394594,-0.01926544702795846,-0.018029943877583554,-0.013578751958679969,-0.010799797129036115,0.06818181818181818,-0.09545454545454546,-0.10515394005096351,-0.07253217734807021,0.022287894580122924,-0.05250786335279184,0.07479575793291476
60,2021-11-30,2021-12-31,0.1813311044029393,0.3079303161506413,0.3069945483143551,0.7441462161171772,0.7480424303631841,0.24444444444444444,0.45701357466063347,0.2886532990467338,0.20004616101431438,0.5366714459027242,0.2559465623981753,0.2807248835045489,0.20760048511115078,0.34526820178357515,0.343823123078727,0.7440015510812051,0.7490528883168985,0.28888888888888886,0.4479638009049774,0.2532669658045189,0.18744258479988568,0.5425217803375497,0.26822427245287317,0.27429750788467655,0.02626938070821147,0.03733788563293383,0.0368285747643719,-0.00014466503597210245,0.001010457953714461,0.044444444444444425,-0.009049773755656076,-0.03538633324221491,-0.012603576214428702,0.0058503344348255215,0.012277710054697855,-0.006427375619872333
60,2021-12-31,2022-01-28,0.24151034628116594,0.3912606831169092,0.3890589345543333,0.749771396515266,0.7525556937877286,0.4666666666666667,0.5650224215246636,0.33317420396592806,0.24224053551106037,0.4731739130434783,0.36665665443433065,0.10651725860914762,0.27038296519942795,0.4284390548516407,0.4256715850357495,0.7729273312718626,0.777208384146555,0.4888888888888889,0.5650224215246636,0.301536935513648,0.2931063552359063,0.5901223566507866,0.36115192058080986,0.22897043606997675,0.02887261891826201,0.037178371734731486,0.036612650481416154,0.023155934756596608,0.024652690358826446,0.0222222222222222,0.0,-0.03163726845228004,0.05086581972484591,0.11694844360730833,-0.0055047338535207935,0.12245317746082912
60,2022-01-28,2022-02-28,0.3597283404300831,0.5316006796269954,0.529117956482838,0.8437541467722502,0.8454665853865726,0.37777777777777777,0.6355555555555555,0.5224387896881542,0.4669755069848729,0.6552436797077766,0.49961455250789544,0.1556291271998812,0.38541496041496043,0.558576826445627,0.5563891995211611,0.8279465124796426,0.8326146572220144,0.5333333333333333,0.6933333333333334,0.390170799235994,0.36610037934719897,0.6898420309369766,0.5020028592053674,0.18783917173160924,0.025686619984877312,0.026976146818631586,0.027271243038323068,-0.015807634292607675,-0.012851928164558157,0.15555555555555556,0.05777777777777782,-0.13226799045216014,-0.10087512763767392,0.034598351229199964,0.0023883066974719203,0.032210044531728044
60,2022-02-28,2022-03-31,0.1970473295701259,0.3316055613472724,0.3292222867092281,0.6949540543409854,0.6965190247464389,0.32608695652173914,0.4669603524229075,0.46492950735981015,0.3943040085241549,0.3941350306887929,0.31455073038863124,0.07958430030016167,0.28966441775823293,0.4510867444492137,0.4492089783507308,0.7802457828018476,0.7832318379469937,0.5652173913043478,0.6343612334801763,0.39446110779454047,0.4169687085631454,0.594926621953649,0.3912418842381544,0.20368473771549456,0.09261708818810702,0.11948118310194128,0.11998669164150272,0.08529172846086219,0.0867128132005548,0.23913043478260865,0.16740088105726875,-0.07046839956526968,0.02266470003899046,0.20079159126485607,0.07669115384952319,0.12410043741533289
60,2022-03-31,2022-04-29,0.19141635282907574,0.32295693779904305,0.3213257101508609,0.709035987683884,0.7098429854898509,0.2826086956521739,0.4649122807017544,0.4657078836666906,0.42629054076779316,0.4202674011591209,0.303480987217622,0.11678641394149891,0.2780532711427519,0.4353876166405597,0.4351200023049662,0.7399732017710956,0.7438149077015583,0.2826086956521739,0.5482456140350878,0.36170273369846834,0.36966903236496557,0.5772296140165986,0.37694551869190585,0.2002840953246927,0.08663691831367618,0.11243067884151664,0.1137942921541053,0.030937214087211617,0.03397192221170742,0.0,0.08333333333333337,-0.10400514996822224,-0.05662150840282759,0.15696221285747763,0.07346453147428383,0.0834976813831938
60,2022-04-29,2022-05-31,0.28213417583561406,0.43795918755286894,0.4401008586355431,0.8143195474005857,0.8156669876790944,0.3695652173913043,0.543859649122807,0.5222084862033348,0.4712690031692924,0.5548037099690836,0.41521516975133416,0.1395885402177494,0.3763050325886696,0.5440459028288287,0.5468337667571899,0.8194528187419725,0.8232619686916507,0.5434782608695652,0.7017543859649122,0.4361598546443235,0.4372222156054548,0.6790512575612863,0.4862203919108723,0.19283086565041396,0.09417085675305553,0.10608671527595975,0.10673290812164676,0.005133271341386858,0.00759498101255629,0.17391304347826086,0.1578947368421052,-0.08604863155901132,-0.034046787563837555,0.12424754759220269,0.07100522215953814,0.05324232543266455
60,2022-05-31,2022-06-30,0.22656588738501202,0.37091250923252533,0.3694312547172515,0.7304776450097059,0.7307353385334198,0.43478260869565216,0.4847161572052402,0.4362127465469575,0.29280677077246403,0.49290444654683063,0.3472904429865238,0.14561400356030685,0.30920833986518265,0.47438598516551705,0.47235925780464205,0.7500493523374641,0.7533569339926788,0.3695652173913043,0.6069868995633187,0.35347418092629035,0.3134388559065913,0.6292699898785425,0.4066859299608743,0.22258405991766822,0.08264245248017063,0.10347347593299172,0.10292800308739053,0.019571707327758148,0.022621595459259014,-0.06521739130434784,0.12227074235807855,-0.08273856562066717,0.020632085134127287,0.1363655433317119,0.05939548697435054,0.07697005635736137
60,2022-06-30,2022-07-29,0.19493663772513978,0.3287806265105919,0.3262710868021427,0.6731875031075383,0.6743936938893001,0.3695652173913043,0.4652173913043478,0.3892990014401294,0.2724144668678194,0.5147330595482547,0.28667247893054343,0.22806058061771123,0.24352072779416778,0.3921581617201696,0.39166331907653773,0.7038734653840628,0.7101988872795666,0.32608695652173914,0.4391304347826087,0.2977392330956032,0.21726513427382885,0.5849711328487242,0.3029279435176853,0.28204318933103883,0.048584090069028,0.06337753520957767,0.06539223227439506,0.030685962276524537,0.03580519339026644,-0.04347826086956519,-0.02608695652173909,-0.09155976834452623,-0.05514933259399055,0.0702380733004695,0.016255464587141888,0.05398260871332761
60,2022-07-29,2022-08-31,0.24614949102799635,0.398244646545842,0.3950561193503971,0.7571918840282158,0.7593595512675393,0.2978723404255319,0.5301724137931034,0.40865851305770284,0.25596696812858816,0.5759596323661921,0.33602130183488554,0.23993833053130653,0.27614261219180514,0.4351682755022176,0.4327770416153155,0.7735820636992498,0.7782631023694895,0.48936170212765956,0.5862068965517241,0.3649705948475377,0.3028336162312487,0.5556620141388507,0.3674443652029633,0.18821764893588744,0.029993121163808784,0.036923628956375576,0.03772092226491841,0.016390179671033955,0.01890355110195019,0.19148936170212766,0.05603448275862066,-0.043687918210165155,0.04686664810266056,-0.02029761822734133,0.031423063368077764,-0.051720681595419093
60,2022-08-31,2022-09-30,0.3101996452608885,0.4769653171228914,0.473515080519078,0.7973095038465481,0.7987860258237524,0.46808510638297873,0.5726495726495726,0.5111275853793086,0.3851233632068791,0.5642733619419714,0.4418667524943676,0.12240660944760384,0.34584268971669385,0.5170336442065375,0.5139422197842385,0.8447466417971636,0.8475061682073834,0.46808510638297873,0.7051282051282052,0.43480384837679537,0.4530528724722604,0.6430311686129547,0.4554144925154416,0.18761667609751315,0.03564304445580535,0.040068327083646105,0.040427139265160505,0.04743713795061555,0.04872014238363109,0.0,0.13247863247863256,-0.07632373700251321,0.06792950926538127,0.07875780667098331,0.013547740021074006,0.0652100666499093
60,2022-09-30,2022-10-31,0.3019301443651859,0.4648216493263912,0.46381926967733805,0.8228132335667795,0.8245456681523069,0.375,0.5635593220338984,0.4913082480539947,0.3240877212630348,0.6061656464341028,0.4190291865285593,0.18713645990554345,0.3467133146983744,0.5161532004007835,0.5149029283578864,0.8461740600380329,0.848272336316246,0.5625,0.6694915254237288,0.4513056147763516,0.4726638779193173,0.6701962809917356,0.44545993283729507,0.2247363481544405,0.044783170333188516,0.0513315510743923,0.05108365868054837,0.02336082647125337,0.02372666816393909,0.1875,0.10593220338983045,-0.040002633277643085,0.1485761566562825,0.0640306345576328,0.026430746308735764,0.03759988824889704
60,2022-10-31,2022-11-30,0.21886608280686531,0.3605921716833293,0.35913064756523483,0.7311676458652527,0.7327503235118478,0.10416666666666667,0.3755274261603376,0.529363341811073,0.45061015826886774,0.47476130180349746,0.32025487872705727,0.1545064230764402,0.3159452221759946,0.48230179531447076,0.4801798993632275,0.7930535192231585,0.7952541897982051,0.625,0.5907172995780591,0.44614847434629634,0.4166479006839118,0.6064691995034925,0.41014652636343063,0.1963226731400619,0.09707913936912926,0.12170962363114146,0.1210492517979927,0.06188587335790574,0.06250386628635729,0.5208333333333334,0.2151898734177215,-0.08321486746477669,-0.03396225758495597,0.13170789769999508,0.08989164763637336,0.04181625006362172
60,2022-11-30,2022-12-30,0.3077959377884279,0.4723285212847378,0.47070942628699675,0.784068480041832,0.7856198946341717,0.4375,0.5983263598326359,0.5778889528939668,0.5225826236261281,0.6208565857594298,0.4196861558258963,0.2011704299335335,0.3857774480170773,0.5606444941357397,0.5567668150020626,0.8398218445649916,0.841786663860106,0.625,0.6736401673640168,0.4427451798420493,0.4131449678285441,0.6856694445058468,0.4773503770028275,0.20831906750301926,0.07798151022864941,0.0883159728510019,0.08605738871506585,0.0557533645231596,0.05616676922593433,0.1875,0.07531380753138084,-0.1351437730519175,-0.10943765579758397,0.06481285874641696,0.05766422117693121,0.00714863756948575
60,2022-12-30,2023-01-31,0.31792938183552716,0.4842791775869078,0.48246800810030593,0.8159930124919946,0.8180298881782766,0.4489795918367347,0.5726141078838174,0.5926077351085047,0.5572099631818922,0.6324838187702265,0.4209597175413256,0.21152410122890092,0.41792193042979175,0.5922163771025126,0.58948510698768,0.8590718562984441,0.8608629318681303,0.6530612244897959,0.7634854771784232,0.46535458726212725,0.4266721304167644,0.679855675146771,0.5275856885147324,0.1522699866320386,0.0999925485942646,0.10793719951560482,0.10701709888737404,0.04307884380644944,0.042833043689853745,0.20408163265306117,0.1908713692946058,-0.12725314784637748,-0.13053783276512781,0.04737185637654451,0.10662597097340681,-0.059254114596862306
60,2023-01-31,2023-02-28,0.2735329889991219,0.4295085898292311,0.42956561213870603,0.8026108394332416,0.804120044592596,0.3673469387755102,0.4834710743801653,0.5839421964898811,0.5702705805707592,0.5426803580832017,0.37495240271114155,0.16772795537206014,0.392785833914448,0.5637178587925342,0.5640290478982211,0.8479426234197376,0.8497323982302996,0.6938775510204082,0.743801652892562,0.4496696138939811,0.4216133025414218,0.659235934437169,0.4972879684418146,0.16194796599535438,0.11925284491532612,0.1342092689633031,0.13446343575951503,0.045331783986495955,0.04561235363770355,0.32653061224489793,0.26033057851239666,-0.13427258259590003,-0.14865727802933737,0.1165555763539673,0.12233556573067306,-0.005779989376705763
60,2023-02-28,2023-03-31,0.20019784400760937,0.3352162205781172,0.33360807138117154,0.7252138939664287,0.72714622990066,0.20408163265306123,0.3950617283950617,0.45947997372543237,0.4538394905926454,0.44071951958569777,0.2881793061099171,0.15254021347578067,0.24935887925735964,0.39977234501622466,0.399178944332765,0.7164442595681995,0.7212753237467034,0.1836734693877551,0.448559670781893,0.34546133107123866,0.33708858738949,0.507305030555668,0.32197235886624503,0.18533267168942297,0.04916103524975027,0.06455612443810749,0.06557087295159347,-0.008769634398229198,-0.005870906153956579,-0.020408163265306117,0.05349794238683131,-0.1140186426541937,-0.1167509032031554,0.06658551096997023,0.033793052756327935,0.032792458213642295
60,2023-03-31,2023-04-28,0.23705842109627664,0.38440333817980116,0.38326148070872246,0.7750412301336926,0.776589455568343,0.4897959183673469,0.5655737704918032,0.3992749319452547,0.3384788319696184,0.511312943290863,0.3393792412442501,0.17193370204661285,0.24710812550029038,0.39669421487603307,0.39628981713379563,0.699163726086903,0.7041371544779075,0.16326530612244897,0.32786885245901637,0.3577004479853987,0.34054256854111487,0.5836534872999495,0.2808482853372873,0.3028052019626622,0.010049704404013732,0.012290876696231912,0.013028336425073173,-0.07587750404678961,-0.07245230109043554,-0.326530612244898,-0.23770491803278687,-0.04157448395985602,0.002063736571496444,0.07234054400908652,-0.058530955906962834,0.13087149991604935
60,2023-04-28,2023-05-31,0.3293298249322704,0.49473094826217395,0.49548248862775623,0.8291118134523641,0.8308554546788676,0.5102040816326531,0.6024590163934426,0.5217676489295306,0.45477772255403687,0.6194252363128846,0.45012764508991887,0.16929759122296573,0.3567157208920883,0.5254481850289002,0.525851827909144,0.8203311432968545,0.8233151828744943,0.1836734693877551,0.5,0.4778209677772936,0.4756149212442773,0.6779542642774474,0.414827251805642,0.2631270124718054,0.027385895959817885,0.030717236766726275,0.03036933928138774,-0.00878067015550954,-0.007540271804373222,-0.326530612244898,-0.10245901639344257,-0.043946681152237044,0.02083719869024042,0.05852902796456283,-0.035300393284276865,0.0938294212488397
60,2023-05-31,2023-06-30,0.31324400261723967,0.47806458109559613,0.4770537721747941,0.8025842909178206,0.8037433919467692,0.4489795918367347,0.5327868852459017,0.5769009603367959,0.5558626706221688,0.6499003081384811,0.4119745311737504,0.23792577696473072,0.3860558279279384,0.5582762162981425,0.5570566785972342,0.8253341733623493,0.8281326391910558,0.5306122448979592,0.6598360655737705,0.5144175277703003,0.4868385144194076,0.6716804481706732,0.4695748735725326,0.2021055745981406,0.07281182531069874,0.08021163520254637,0.08000290642244007,0.02274988244452869,0.024389247244286594,0.08163265306122452,0.12704918032786883,-0.06248343256649569,-0.06902415620276114,0.021780140032192086,0.0576003423987822,-0.035820202366590115
60,2023-06-30,2023-07-31,0.23184046402997716,0.37899524221090347,0.37641313270633925,0.7349116389303771,0.7365898953952624,0.20408163265306123,0.40408163265306124,0.4784916118467768,0.4080245028989159,0.5344915168139794,0.30227691382313504,0.2322146029908444,0.26938790611142527,0.4260197258441993,0.42443748646803126,0.7012982712429132,0.7052517374427619,0.04081632653061224,0.3306122448979592,0.4282978357125211,0.39566174139959476,0.5267136620490239,0.34617171459828855,0.18054194745073537,0.03754744208144811,0.04702448363329581,0.04802435376169201,-0.033613367687463924,-0.0313381579525005,-0.163265306122449,-0.07346938775510203,-0.050193776134255685,-0.01236276149932114,-0.007777854764955516,0.04389480077515351,-0.051672655540109025
60,2023-07-31,2023-08-31,0.2594158977924922,0.4131931529833784,0.41196224098361334,0.7408240852473034,0.7424974279282528,0.2,0.3861788617886179,0.5145703102824225,0.4394757746173821,0.5355894794923671,0.34449161838148945,0.19109786111087768,0.29551805789619645,0.45810942641247376,0.45621603820187717,0.747188429562169,0.7501107629412984,0.38,0.6341463414634146,0.42532686643388756,0.3728127082637229,0.5549184400099363,0.39373709566414317,0.16118134434579312,0.03610216010370426,0.04491627342909538,0.044253797218263835,0.006364344314865655,0.007613335013045619,0.18,0.24796747967479676,-0.08924344384853494,-0.06666306635365915,0.01932896051756916,0.049245477282653716,-0.029916516765084555
60,2023-08-31,2023-09-28,0.2822165082603762,0.4419808436926839,0.44020102134430994,0.7763759264715658,0.7785861821844882,0.34,0.45564516129032256,0.4856399928371609,0.32076223199837295,0.5665815877486358,0.36865345021818796,0.1979281375304478,0.36539357759481594,0.5368657020582841,0.5352208822286513,0.7830560062674817,0.7862600209309266,0.64,0.657258064516129,0.47630044639355895,0.393484181924441,0.6664856056491038,0.45392934005266744,0.2125562655964363,0.08317706933443975,0.09488485836560018,0.09501986088434133,0.006680079795915894,0.007673838746438455,0.3,0.20161290322580644,-0.009339546443601965,0.07272194992606806,0.09990401790046799,0.08527588983447948,0.01462812806598851
60,2023-09-28,2023-10-31,0.269735175181668,0.4264016726346399,0.42486839847226493,0.7407883141061273,0.7409348471367768,0.28,0.46,0.5398410235955963,0.36405529419384935,0.5051941994572592,0.3785488958990536,0.12664530355820558,0.3600297774300122,0.5308033711465744,0.5294439627790275,0.8088268377668889,0.8101408342978303,0.5,0.6,0.4450895456196855,0.3667012947319263,0.6310750591839577,0.44530693421990025,0.18576812496405742,0.09029460224834418,0.10440169851193448,0.10457556430676257,0.06803852366076157,0.06920598716105353,0.21999999999999997,0.13999999999999996,-0.09475147797591077,0.0026460005380769536,0.1258808597266985,0.06675803832084665,0.059122821405851844
60,2023-10-31,2023-11-30,0.2550755435511179,0.4084043500381582,0.40647042301438796,0.7524639558536128,0.7539603643609318,0.3333333333333333,0.43824701195219123,0.5139815854901103,0.4068012870114339,0.4936043335761107,0.3626734753713839,0.13093085820472683,0.32710088782123725,0.4942064090854942,0.4929555707829476,0.7716156498306699,0.7745331890105083,0.3333333333333333,0.5099601593625498,0.43106993320720305,0.4334532186411461,0.5978009932069956,0.3992786046936353,0.19852238851336035,0.07202534427011936,0.08580205904733595,0.08648514776855964,0.01915169397705707,0.020572824649576438,0.0,0.07171314741035856,-0.08291165228290726,0.02665193162971219,0.10419665963088492,0.036605129322251406,0.06759153030863352
60,2023-11-30,2023-12-29,0.2867710591338356,0.4462669549832907,0.4457219597818276,0.7765345789130788,0.778677970036311,0.49019607843137253,0.5079365079365079,0.5523296459479293,0.46525402389965664,0.5331667587631839,0.4039882176921638,0.12917854107102006,0.3178504489018215,0.4828722676252429,0.4823771151979947,0.7507276512913034,0.7552822253403562,0.0,0.26587301587301587,0.461086543840496,0.46151768492405076,0.5816136322396529,0.39287647341833054,0.18873715882132236,0.03107938976798591,0.03660531264195216,0.036655155416167096,-0.02580692762177539,-0.023395744695954845,-0.49019607843137253,-0.24206349206349204,-0.0912431021074333,-0.0037363389756058796,0.04844687347646903,-0.011111744273833268,0.0595586177503023
60,2023-12-29,2024-01-31,0.18602742774486078,0.3140089057229835,0.313698357041502,0.692060688268283,0.6928773273152543,0.27450980392156865,0.40711462450592883,0.4467692787383413,0.3109556459112507,0.332757832732443,0.30565516929307557,0.027102663439367458,0.22816154356160698,0.37182608967984904,0.37154972773361705,0.6806022131635606,0.6848109068112643,0.17647058823529413,0.31225296442687744,0.3177942081133237,0.23418290493027605,0.44726739343015465,0.3143629567304377,0.13290443669971697,0.0421341158167462,0.057817183956865525,0.057851370692115045,-0.011458475104722421,-0.00806642050398998,-0.09803921568627452,-0.09486166007905139,-0.12897507062501762,-0.07677274098097464,0.11450956069771162,0.008707787437362113,0.10580177326034951
60,2024-01-31,2024-02-29,0.21516102128627482,0.3546157450796626,0.3541275888828661,0.740288205610156,0.7409484052415682,0.21568627450980393,0.5138339920948617,0.2476276478192881,0.08995696209096447,0.3317599201780643,0.36045576670392815,-0.028695846525863822,0.13449925010286198,0.23743546888057546,0.23710769326761091,0.5258847289454144,0.5277035358739081,0.0392156862745098,0.2134387351778656,0.32967856717492783,0.22147537144180152,0.23882005614170942,0.2367756443521882,0.002044411789521222,-0.08066177118341283,-0.11718027619908714,-0.11701989561525519,-0.21440347666474158,-0.21324486936766018,-0.17647058823529413,-0.3003952569169961,0.08205091935563974,0.13151840935083703,-0.0929398640363549,-0.12368012235173995,0.030740258315385044
60,2024-02-29,2024-03-29,0.3355239252084177,0.5034152420265586,0.5024603736036505,0.7565988031699566,0.7570122136075531,0.4117647058823529,0.6181102362204725,0.6135385031230269,0.5915096843755764,0.5570038336773813,0.4952620244077531,0.06174180926962819,0.4216275108397487,0.5939635224731794,0.5931617215126842,0.8594834776775049,0.8604262872242178,0.5686274509803921,0.6614173228346457,0.6025728378010183,0.6231681315160131,0.6998969072164949,0.5751011904215579,0.12479571679493695,0.08610358563133103,0.09054828044662078,0.09070134790903372,0.10288467450754823,0.10341407361666466,0.1568627450980392,0.04330708661417326,-0.0109656653220086,0.03165844714043675,0.14289307353911362,0.07983916601380486,0.06305390752530876
60,2024-03-29,2024-04-30,0.3089464247728447,0.47329707249323016,0.47205358282934984,0.7391166173253689,0.7395762340994138,0.37254901960784315,0.6141732283464567,0.5360017321783817,0.44874893621810485,0.5235969387755102,0.46552542706905664,0.05807151170645353,0.3793431801038886,0.5524858004347522,0.5500345172625096,0.8571162244853507,0.8580663282266985,0.5686274509803921,0.6023622047244095,0.5118889960256962,0.5247753585451175,0.6797619047619048,0.5263874414368739,0.1533744633250309,0.07039675533104395,0.07918872794152199,0.07798093443315979,0.11799960715998181,0.11849009412728473,0.196078431372549,-0.011811023622047223,-0.0241127361526855,0.07602642232701262,0.15616496598639462,0.06086201436781724,0.09530295161857738
60,2024-04-30,2024-05-31,0.260638038247152,0.4121851626000571,0.4135017829694475,0.7472828238648404,0.7480054565561772,0.47058823529411764,0.5669291338582677,0.39008370687746174,0.2638489054598452,0.5039455454490693,0.39869853917662684,0.10524700627244249,0.1640901916572717,0.2809720163083766,0.2819200657015461,0.5873996676010156,0.5903444114514471,0.0784313725490196,0.25984251968503935,0.26486624444516593,0.20151977615447778,0.56941431670282,0.21545123753932457,0.35396307916349534,-0.09654784658988028,-0.13121314629168052,-0.1315817172679014,-0.15988315626382477,-0.1576610451047301,-0.39215686274509803,-0.30708661417322836,-0.1252174624322958,-0.06232912930536741,0.06546877125375061,-0.18324730163730227,0.24871607289105285
60,2024-05-31,2024-06-28,0.303551617756569,0.4658043251815115,0.4657301078402798,0.7779154223161797,0.7800181597357099,0.5686274509803921,0.5551181102362205,0.6299841254764699,0.5795879218633174,0.4996408690967858,0.4587180113946186,0.04092285770216719,0.36903106165971256,0.539366797772499,0.5391127666779546,0.7981008587199286,0.800329811094692,0.5490196078431373,0.5708661417322834,0.43968739772090226,0.39943985670513643,0.6390567462940232,0.49027676070253745,0.14877998559148575,0.06547944390314353,0.07356247259098747,0.07338265883767481,0.020185436403748924,0.020311651358982163,-0.019607843137254832,0.015748031496062964,-0.1902967277555676,-0.180148065158181,0.13941587719723741,0.031558749307918854,0.10785712788931856
60,2024-06-28,2024-07-31,0.21495512611475806,0.35343072499805733,0.3538486673201699,0.6834089928202356,0.6846292353595829,0.4117647058823529,0.5,0.5072787103211843,0.419460752830503,0.4801519653207345,0.3293761961556597,0.1507757691650748,0.2477514269323143,0.39650021008076436,0.3971166397163397,0.715206151594905,0.7190198470343243,0.11764705882352941,0.2992125984251969,0.3816937325388445,0.3150570746823944,0.5851568111084511,0.3056644227222427,0.2794923883862084,0.032796300817556245,0.043069485082707026,0.04326797239616981,0.031797158774669376,0.034390611674741445,-0.2941176470588235,-0.20078740157480313,-0.12558497778233985,-0.10440367814810858,0.10500484578771657,-0.023711773433417016,0.1287166192211336
60,2024-07-31,2024-08-30,0.23181349387187297,0.37638051622349955,0.37637758479691574,0.72560745208556,0.7271778231299196,0.35294117647058826,0.47244094488188976,0.49211470658874357,0.3769975507919357,0.5119523504956828,0.3435740679835168,0.16837828251216597,0.2938438809416961,0.45426270783477674,0.45421844979910286,0.7686120660287361,0.7702773445363692,0.43137254901960786,0.5354330708661418,0.32762589000269243,0.3003305770780027,0.5881657059279016,0.3781526988202213,0.21001300710768034,0.06203038706982314,0.07788219161127719,0.07784086500218712,0.04300461394317612,0.04309952140644957,0.0784313725490196,0.06299212598425202,-0.16448881658605113,-0.076666973713933,0.07621335543221885,0.03457863083670448,0.04163472459551437
60,2024-08-30,2024-09-30,0.21084092924946687,0.3483137309919642,0.34825537220674474,0.7051686675908171,0.7057794119146145,0.21568627450980393,0.35177865612648224,0.49893612474971355,0.3973205791001742,0.4631375219526182,0.31640438247011954,0.14673313948249866,0.30368480812215826,0.4665227457605907,0.4658868558261243,0.7229845604774414,0.7274967526728892,0.058823529411764705,0.3557312252964427,0.35922118755259863,0.32347698156457855,0.5966233603213457,0.3888368374370698,0.20778652288427585,0.09284387887269138,0.1182090147686265,0.11763148361937958,0.01781589288662433,0.021717340758274695,-0.1568627450980392,0.0039525691699604515,-0.13971493719711492,-0.07384359753559566,0.13348583836872746,0.07243245496695028,0.061053383401777184
60,2024-09-30,2024-10-31,0.19420343879595545,0.3250050687003852,0.3252434760893994,0.719418627439331,0.7195464590798205,0.39215686274509803,0.4901185770750988,0.4175659720741248,0.28114923312399387,0.40388848129126925,0.3037097189486819,0.10017876234258738,0.19995117072872992,0.33283835218169455,0.3332655121412976,0.5875590438445011,0.592245312136706,0.058823529411764705,0.19367588932806323,0.2466113836287199,0.1925858826574444,0.4272206800832755,0.2796588423612214,0.1475618377220541,0.005747731932774475,0.00783328348130935,0.008022036051898218,-0.13185958359482997,-0.12730114694311456,-0.3333333333333333,-0.2964426877470356,-0.17095458844540493,-0.08856335046654948,0.023332198792006265,-0.024050876587460468,0.04738307537946673
60,2024-10-31,2024-11-29,0.21511702628985963,0.3540666107790061,0.35406799779060066,0.7120157206709881,0.7127239665561099,0.3137254901960784,0.45849802371541504,0.49248732213811564,0.4439272318661835,0.44512044725807776,0.33262672900271995,0.11249371825535781,0.3158156447151692,0.4790571596935769,0.48003023217364604,0.775090781463366,0.7762018501105684,0.1568627450980392,0.5217391304347826,0.31013912113584086,0.22144045429098855,0.5700706282194254,0.44080657940254203,0.12926404881688341,0.10069861842530958,0.12499054891457079,0.12596223438304538,0.0630750607923779,0.06347788355445849,-0.1568627450980392,0.06324110671936756,-0.18234820100227478,-0.22248677757519494,0.12495018096134769,0.10817985039982209,0.016770330561525604
60,2024-11-29,2024-12-31,0.26962567749834515,0.4249207793430176,0.42473255271524163,0.7453438850378529,0.7460388148887714,0.4117647058823529,0.5238095238095238,0.4926456085055058,0.3380849028886941,0.5308219178082192,0.40043264959245956,0.13038926821575963,0.35524880781814683,0.5241652402325416,0.5242562188858471,0.7778029340317798,0.7811421597626244,0.45098039215686275,0.5555555555555556,0.38287764107888195,0.3070602511612064,0.6462188821042744,0.483065859676501,0.16315302242777335,0.08562313031980168,0.09924446088952404,0.09952366617060543,0.03245904899392693,0.035103344873852915,0.03921568627450983,0.031746031746031744,-0.10976796742662387,-0.031024651727487695,0.11539696429605517,0.08263321008404145,0.03276375421201372
60,2024-12-31,2025-01-27,0.24210310606282384,0.3905395301247491,0.38982771217799145,0.7200057859526153,0.7214103682163295,0.45098039215686275,0.5119047619047619,0.46346732893817366,0.41952956189669505,0.47405243014115805,0.3707910000389272,0.10326143010223088,0.2893690229216212,0.44969725564205393,0.4488536916544357,0.7427687253522433,0.745235097332814,0.49019607843137253,0.5595238095238095,0.2979439014823865,0.2900519370454609,0.5684560412165531,0.4128959159499408,0.15556012526661234,0.04726591685879736,0.059157725517304804,0.05902597947644428,0.022762939399627924,0.023824729116484478,0.039215686274509776,0.04761904761904767,-0.1655234274557872,-0.12947762485123415,0.09440361107539508,0.04210491591101362,0.05229869516438146
60,2025-01-27,2025-02-28,0.2609066566726992,0.4151679221594476,0.4138397640967078,0.8054531718045423,0.8065670352066716,0.43137254901960786,0.5296442687747036,0.3962927607299093,0.25481585492614617,0.49177800616649536,0.39619353449119854,0.09558447167529682,0.29870665092803644,0.4618283080166453,0.4600063466443098,0.7911078491411379,0.7916849287166234,0.4117647058823529,0.6284584980237155,0.2958707520448965,0.2887154880615342,0.5998438963471745,0.4153407716656326,0.1845031246815419,0.037799994255337255,0.04666038585719773,0.046166582547601975,-0.014345322663404492,-0.014882106490048175,-0.019607843137254943,0.09881422924901184,-0.10042200868501283,0.03389963313538802,0.10806589018067914,0.019147237174434062,0.08891865300624507
60,2025-02-28,2025-03-31,0.21152213002367432,0.34851398464737426,0.3491840962402246,0.7563962398783197,0.7578966475041576,0.39215686274509803,0.4782608695652174,0.34324700438737665,0.21695569376416027,0.5041209377802451,0.3136476284339148,0.19047330934633033,0.2647779896485971,0.4192546583850932,0.4186948093904803,0.7515884908885926,0.7552616128079632,0.47058823529411764,0.6086956521739131,0.3364476115444796,0.32159686293705964,0.6355560819613881,0.341327074887988,0.2942290070734001,0.0532558596249228,0.07074067373771892,0.0695107131502557,-0.004807748989727134,-0.002635034696194416,0.0784313725490196,0.13043478260869568,-0.006799392842897045,0.10464116917289937,0.131435144181143,0.02767944645407322,0.10375569772706977
60,2025-03-31,2025-04-30,0.17747859142369904,0.30263673558966,0.3014553176871067,0.6460511112010108,0.6469704152551341,0.35294117647058826,0.44664031620553357,0.32365125901464975,0.1743511253081618,0.3818259234290175,0.28018390527067677,0.10164201815834073,0.21062336004538684,0.3484143432526493,0.34795852615546835,0.6369482924158708,0.6442958080737862,0.2549019607843137,0.3952569169960474,0.30959891631024106,0.23035315321986946,0.4764993077315456,0.28759112300452155,0.18890818472702403,0.0331447686216878,0.04577760766298933,0.046503208468361645,-0.009102818785139966,-0.002674607181347932,-0.09803921568627455,-0.05138339920948615,-0.014052342704408693,0.056002027911707664,0.09467338430252809,0.007407217733844784,0.0872661665686833
60,2025-04-30,2025-05-30,0.35014005602240894,0.5175842700993606,0.5186721991701245,0.798041235706207,0.7993924599588953,0.4117647058823529,0.6007905138339921,0.4580046682577557,0.31918755551348693,0.5744890826103047,0.5043293360407647,0.07015974656954005,0.3596452092628001,0.5278485847696109,0.5290280240943147,0.7967149097967803,0.7991654338771349,0.5294117647058824,0.616600790513834,0.45585129503043853,0.4224838658577854,0.6491130820399114,0.4803965163823303,0.16871656565758109,0.00950515324039114,0.010264314670250352,0.010355824924190182,-0.0013263259094267177,-0.0002270260817603953,0.11764705882352944,0.015810276679841917,-0.002153373227317179,0.10329631034429848,0.07462399942960662,-0.023932819658434412,0.09855681908804104
60,2025-05-30,2025-06-30,0.33688067083244305,0.504783026308597,0.5039801654438996,0.7780157280525984,0.7795265185891227,0.45098039215686275,0.6482213438735178,0.5809883222210603,0.5728631515979958,0.562491871504747,0.4921040099057053,0.0703878615990417,0.33746981101565393,0.505702203497143,0.5046391451024747,0.8271154726395827,0.8283053107191427,0.39215686274509803,0.5691699604743083,0.4076666825912178,0.39801652306703555,0.6145141582106997,0.4603320522334334,0.15418210597726628,0.0005891401832108789,0.0009191771885460609,0.0006589796585750873,0.049099744586984295,0.04877879213002001,-0.05882352941176472,-0.07905138339920947,-0.17332163962984254,-0.17484662853096028,0.05202228670595266,-0.03177195767227192,0.08379424437822458
60,2025-06-30,2025-07-31,0.10516426285488756,0.1904088734232275,0.1903142661946463,0.5884476535935335,0.5887569920744756,0.27450980392156865,0.30708661417322836,0.31521532289457294,0.21468498726850724,0.3333035714285714,0.16030993756112238,0.17299363386744904,0.13798379877675032,0.24279739596669692,0.24250573501147002,0.5146750397492921,0.5207527993384468,0.0784313725490196,0.2125984251968504,0.2378660044134916,0.19379645131938056,0.41365691561802037,0.17473389538100972,0.23892302023701065,0.032819535921862764,0.05238852254346943,0.05219146881682371,-0.07377261384424139,-0.06800419273602887,-0.19607843137254904,-0.09448818897637795,-0.07734931848108134,-0.02088853594912668,0.08035334418944895,0.01442395781988734,0.06592938636956161
60,2025-07-31,2025-08-29,0.21712097001597894,0.35670496309336297,0.3567779626919557,0.7646044439002729,0.7662133749757918,0.2549019607843137,0.39215686274509803,0.3576924946876258,0.33899490631437984,0.43263052533014756,0.3328428636663453,0.09978766166380226,0.2747750858225151,0.43151820294345467,0.43109578917636865,0.7098514378917737,0.7148988106388531,0.6274509803921569,0.6196078431372549,0.27963279393122575,0.2364095838923749,0.5116031451348695,0.3997966952158491,0.11180644991902039,0.05765411580653615,0.0748132398500917,0.07431782648441293,-0.054753006008499194,-0.051314564336938706,0.37254901960784315,0.2274509803921569,-0.07805970075640006,-0.10258532242200494,0.07897261980472192,0.0669538315495038,0.012018788255218127
60,2025-08-29,2025-09-30,0.23440219447597427,0.3808184654157638,0.3797825304020659,0.7429853237361737,0.7443888024147772,0.19607843137254902,0.5333333333333333,0.3469700958336703,0.34541434650808,0.534795080356792,0.34339092810682253,0.19140415224996948,0.26828519943505574,0.42412133810678676,0.42306761847344837,0.7653762921474502,0.7695964386558092,0.11764705882352941,0.4980392156862745,0.2852528492670138,0.26756420493655486,0.5666416838423584,0.3774868949449741,0.18915478889738424,0.033883004959081475,0.04330287269102295,0.04328508807138248,0.022390968411276524,0.02520763624103195,-0.0784313725490196,-0.03529411764705881,-0.0617172465666565,-0.07785014157152514,0.03184660348556634,0.03409596683815158,-0.002249363352585243
60,2025-09-30,2025-10-31,0.29329296646977926,0.45411582680361834,0.4535599807217118,0.8064906788443051,0.808623554913056,0.40384615384615385,0.5390625,0.35479714655863775,0.30274525367979316,0.5929944527788438,0.41504897246157774,0.17794548031726604,0.2977455029186356,0.45893424123025134,0.4588657826191724,0.8145341927693152,0.8187677875170315,0.36538461538461536,0.58984375,0.34308975014739845,0.3547472979280058,0.6229288382338857,0.4072467851321165,0.2156820531017692,0.004452536448856348,0.004818414426633,0.005305801897460605,0.008043513925010015,0.010144232603975456,-0.03846153846153849,0.05078125,-0.011707396411239301,0.05200204424821264,0.0299343854550419,-0.007802187329461252,0.03773657278450315
60,2025-10-31,2025-11-28,0.2561719346978792,0.4083658928981843,0.4078612610613544,0.7929749838998742,0.7952509312590786,0.3269230769230769,0.5390625,0.3594055327809766,0.329065294551213,0.5378964941569282,0.3697951879101213,0.16810130624680691,0.2889669413322268,0.4484677957265416,0.44836982558072686,0.7987633577904121,0.8029596514337098,0.46153846153846156,0.55078125,0.307501200523022,0.26082154345318315,0.64637218944347,0.38583742102182117,0.2605347684216488,0.03279500663434759,0.040101902828357294,0.04050856451937246,0.005788373890537879,0.007708720174631201,0.13461538461538464,0.01171875,-0.0519043322579546,-0.06824375109802983,0.10847569528654177,0.01604223311169989,0.09243346217484188
60,2025-11-28,2025-12-31,0.26029709655638084,0.4129114195216746,0.41307259576747923,0.7441839631924714,0.7453548120911544,0.4423076923076923,0.56640625,0.36707054086507296,0.3758512504424451,0.49035040770708055,0.3880517065381078,0.10229870116897277,0.2866315280368758,0.4447533062249688,0.44555340327189735,0.7765537162439669,0.7812010522835231,0.5384615384615384,0.5546875,0.3315784777815814,0.27816929884580893,0.5790518542047169,0.39008490647357985,0.1889669477311371,0.02633443148049497,0.03184188670329419,0.03248080750441812,0.032369753051495476,0.035846240192368706,0.09615384615384615,-0.01171875,-0.035492063083491565,-0.09768195159663617,0.0887014464976364,0.0020331999354720742,0.08666824656216432
60,2025-12-31,2026-01-30,0.2486159293729215,0.3991350039178331,0.3982264257957707,0.7729864818366622,0.7739483841275403,0.5961538461538461,0.62890625,0.32777490587870933,0.23758859843481822,0.5249974440241284,0.3625075621584632,0.1624898818656652,0.22817436973801244,0.37250021127680333,0.37156673410581814,0.7064795447409209,0.7115173536207149,0.25,0.359375,0.28648936631740235,0.24062322186354276,0.5595772287397957,0.29821717990275526,0.2613600488370404,-0.020441559634909068,-0.026634792641029748,-0.02665969168995258,-0.06650693709574129,-0.06243103050682541,-0.34615384615384615,-0.26953125,-0.04128553956130698,0.003034623428724542,0.03457978471566725,-0.06429038225570793,0.09887016697137518
60,2026-01-30,2026-02-27,0.3666103445038956,0.5375856478649211,0.5365250540921112,0.8401570362868355,0.842537570836396,0.3269230769230769,0.48046875,0.5213384277721336,0.45871198566252225,0.6872445265692368,0.4813466596528143,0.20589786691642253,0.4258561755676994,0.598284062581247,0.597333984822342,0.8755794293421681,0.8783353615373649,0.19230769230769232,0.51171875,0.4808363332565633,0.44332695568345265,0.7031433506044905,0.5461539342179075,0.15698941638658304,0.05924583106380377,0.060698414716325866,0.06080893073023086,0.03542239305533268,0.03579779070096889,-0.1346153846153846,0.03125,-0.0405020945155703,-0.015385029979069598,0.015898824035253667,0.06480727456509316,-0.0489084505298395
60,2026-02-27,2026-03-31,0.207161864562305,0.3445373662764967,0.34322135356291783,0.6620359616644163,0.6646940130589722,0.23076923076923078,0.3203125,0.5206830467179866,0.44502707545784526,0.43525216505348957,0.30573893718543693,0.12951322786805264,0.34008349239076074,0.5084114716451389,0.5075556774213205,0.8106986988241768,0.8145175635427934,0.057692307692307696,0.38671875,0.4680315061074119,0.43917617063765285,0.6705652102148129,0.43084974397148723,0.23971546624332563,0.13292162782845574,0.16387410536864216,0.16433432385840263,0.14866273715976053,0.14982355048382112,-0.17307692307692307,0.06640625,-0.0526515406105747,-0.005850904820192404,0.2353130451613233,0.1251108067860503,0.11020223837527299
60,2026-03-31,2026-04-30,0.2620140247102037,0.4156557668586304,0.41523155777982734,0.7871099667456961,0.788264789393452,0.3269230769230769,0.5486381322957199,0.5580238583565227,0.46388454181554895,0.46354523379615215,0.40027594205216904,0.0632692917439831,0.30503637685531854,0.46787640628437477,0.4674756692841767,0.8034538604646043,0.8069968296203802,0.4230769230769231,0.48638132295719844,0.4126290141286203,0.37417578712650346,0.5829530816758728,0.40659877232142855,0.17635430935444424,0.04302235214511485,0.05222063942574434,0.05224411150434938,0.01634389371890821,0.018732040226928204,0.09615384615384615,-0.06225680933852146,-0.1453948442279024,-0.08970875468904549,0.11940784787972064,0.006322830269259505,0.11308501761046114
60,2026-04-30,2026-05-29,0.2991933740740013,0.46051885401465376,0.4605832819725563,0.8018331303007193,0.803034782808668,0.5,0.6342412451361867,0.4597567846079466,0.3270970031608841,0.5112112512265146,0.44720058050718,0.06401067071933458,0.30002608922515,0.4610613109421688,0.46156933574152115,0.7743999391917317,0.7781762492098581,0.25,0.5019455252918288,0.34862946868727657,0.29741744191961905,0.566476216387793,0.40828026200774215,0.15819595438005085,0.0008327151511486885,0.0005424569275150337,0.000986053768964823,-0.027433191108987676,-0.024858533598809962,-0.25,-0.13229571984435795,-0.11112731592067004,-0.02967956124126503,0.055264965161278434,-0.038920318499437834,0.09418528366071627
60,2026-05-29,2026-06-30,0.30414798702800594,0.467380536461051,0.4664317087528112,0.7346145373477799,0.7369577966575118,0.46153846153846156,0.6589147286821705,0.4508806968671933,0.35011599839848256,0.566954732510288,0.4449632656086421,0.12199146690164597,0.2898276013292922,0.4503051042502612,0.44940517791772605,0.7679561788726693,0.7710341380683564,0.2692307692307692,0.5658914728682171,0.34138826321397747,0.33655107487742036,0.5706647434781528,0.39762721088435377,0.173037532593799,-0.014320385698713745,-0.017075432210789776,-0.017026530835085152,0.03334164152488939,0.03407634141084459,-0.19230769230769235,-0.09302325581395343,-0.10949243365321581,-0.0135649235210622,0.0037100109678647186,-0.04733605472428831,0.05104606569215303
60,2026-06-30,2026-07-31,0.32730563283376707,0.4945906851296578,0.49318804160421903,0.7636691501726219,0.766181565663978,0.3269230769230769,0.624031007751938,0.5472830221861146,0.4049943663432355,0.5438157604296961,0.48191412763377295,0.0619016327959232,0.33346545184531096,0.5016756487477922,0.5001486185995236,0.8016540563315717,0.804326532280453,0.4807692307692308,0.6317829457364341,0.5146893109249824,0.4914307234875978,0.5784494571518921,0.47085827921047624,0.10759117794141587,0.006159819011543888,0.007084963618134432,0.006960576995304613,0.03798490615894978,0.03814496661647504,0.15384615384615385,0.007751937984496138,-0.0325937112611322,0.08643635714436232,0.03463369672219596,-0.01105584842329671,0.04568954514549267
60,2026-07-31,2026-08-31,0.32754937936597245,0.4936072511179807,0.4934647018891418,0.7544852217885122,0.7562373621045863,0.46153846153846156,0.6602316602316602,0.5756737401694593,0.45857089027696785,0.556095373346289,0.4779098368350889,0.07818553651120008,0.3586557599018595,0.5281229855937158,0.5279567797626183,0.8592087574633359,0.8605881900533301,0.4423076923076923,0.5945945945945946,0.5693232090592714,0.5657700651602698,0.6550211957316182,0.4843713775967906,0.1706498181348276,0.031106380535887046,0.03451573447573514,0.03449207787347652,0.10472353567482373,0.10435082794874384,-0.019230769230769273,-0.06563706563706562,-0.006350531110187907,0.107199174883302,0.09892582238532921,0.0064615407617016896,0.09246428162362752
60,2026-08-31,2026-09-03,0.7429845402766477,0.8527021171689402,0.8525428919280267,0.9674450146774769,0.968855888897241,0.8653846153846154,0.9343629343629344,0.7280896816485359,0.6921423741343813,0.8759984517400331,0.8464230502944831,0.029575401445550042,0.7571134210042786,0.8619208414887418,0.8617695499378182,0.9778023412666986,0.9792632004557972,0.8653846153846154,0.8996138996138996,0.7542138522446474,0.7641248612821495,0.8951599892444205,0.8491331154053048,0.046026873839115745,0.014128880727630855,0.009218724319801641,0.0092266580097915,0.010357326589221727,0.010407311558556231,0.0,-0.03474903474903479,0.026124170596111496,0.07198248714776823,0.019161537504387427,0.0027100651108217244,0.016451472393565703
120,2015-07-31,2015-08-31,0.43647108484592656,0.6140750272196377,0.6076990890390832,0.8806606864237553,0.8839730859840825,0.4666666666666667,0.5972222222222222,0.5206976985907831,0.35707454255784377,0.7620416966211359,0.5904499540863177,0.17159174253481813,0.5728932038834952,0.7205939820242282,0.7284578539331391,0.8739424726657445,0.8803601535469083,0.7333333333333333,0.7222222222222222,0.4935539835730426,0.37993841910270354,0.8245711123408965,0.6983034760944359,0.12626763624646065,0.13642211903756862,0.1065189548045905,0.1207587648940559,-0.006718213758010738,-0.003612932437174199,0.2666666666666666,0.125,-0.02714371501774049,0.022863876544859774,0.06252941571976067,0.10785352200811815,-0.04532410628835748
120,2015-08-31,2015-09-30,0.47625518523816335,0.6664998498648784,0.6452206772927668,0.8783814621326379,0.8796710587071352,0.6666666666666666,0.6575342465753424,0.5673758166028402,0.42788519047141493,0.7342857142857143,0.655453381445699,0.07883233284001534,0.6299669541387927,0.7673277046927155,0.7729812589625674,0.8953393243290471,0.9019214671677479,0.5333333333333333,0.8082191780821918,0.6247971700357056,0.5548154850481013,0.8159371492704826,0.7570204664445502,0.05891668282593232,0.15371176890062932,0.10082785482783707,0.12776058166980064,0.016957862196409157,0.02225040846061266,-0.1333333333333333,0.15068493150684936,0.05742135343286536,0.12693029457668636,0.08165143498476823,0.10156708499885125,-0.01991565001408302
120,2015-09-30,2015-10-30,0.5365956253505328,0.7403037044201567,0.6984213888128479,0.9230571683128237,0.9259141073599758,0.6,0.7733333333333333,0.6609944896912838,0.5538419995668601,0.8201989288446825,0.728742249778565,0.09145667906611743,0.7048735061306844,0.8539864610755923,0.8268924393463517,0.928009304651191,0.9325493498476803,0.8,0.92,0.6446415345180867,0.5505567417043965,0.883653286794648,0.8482673544914209,0.035385932303227174,0.1682778807801516,0.11368275665543559,0.12847105053350383,0.00495213633836733,0.006635242487704529,0.20000000000000007,0.14666666666666672,-0.016352955173197126,-0.0032852578624635864,0.06345435794996557,0.11952510471285582,-0.056070746762890256
120,2015-10-30,2015-11-30,0.44765407200901597,0.672758067391692,0.6184544784069491,0.8953798526980132,0.896389043167381,0.625,0.7051282051282052,0.5461839578950292,0.35281771298256515,0.778318276580959,0.6572246650986808,0.12109361148227815,0.6316142445174703,0.8094542329179201,0.7742200665872004,0.9028312939883429,0.9067242257135256,0.5,0.8717948717948718,0.6195633607392326,0.558149618931398,0.8767045454545455,0.7974683544303798,0.07923619102416568,0.1839601725084543,0.1366961655262281,0.15576558818025132,0.007451441290329708,0.010335182546144628,-0.125,0.16666666666666663,0.07337940284420341,0.20533190594883288,0.09838626887358648,0.14024368933169895,-0.04185742045811247
120,2015-11-30,2015-12-31,0.35889132298314125,0.5693563009972802,0.5282119576645405,0.80279583583496,0.8044559217236427,0.7058823529411765,0.6666666666666666,0.5581630330723615,0.34555756990102615,0.6773220747889023,0.5538953187078943,0.12342675608100795,0.4854820597828993,0.675118976799524,0.6536357091432685,0.8514813382748911,0.8570111239934786,0.5294117647058824,0.75,0.5665656549705183,0.45705064573466603,0.7679366650173182,0.658703071672355,0.10923359334496319,0.12659073679975807,0.10576267580224386,0.12542375147872797,0.048685502439931194,0.0525552022698359,-0.17647058823529416,0.08333333333333337,0.00840262189815677,0.11149307583363988,0.09061459022841589,0.10480775296446065,-0.014193162736044762
120,2015-12-31,2016-01-29,0.2975672112811089,0.4896470124235851,0.4586540237670094,0.7666624036350358,0.7694835168932951,0.5555555555555556,0.5888888888888889,0.566172342207591,0.41056295245573776,0.6370070778564206,0.46762372497166604,0.1693833528847546,0.43518989487962023,0.649604555520405,0.6064561859476062,0.8323466347586588,0.8380018275553024,0.6111111111111112,0.6555555555555556,0.5353280107076877,0.45311193144847817,0.815371404036067,0.6209557732264767,0.19441563080959035,0.13762268359851132,0.15995754309681987,0.14780216218059677,0.06568423112362298,0.06851831066200731,0.05555555555555558,0.06666666666666665,-0.0308443314999034,0.042548978992740405,0.17836432617964637,0.15333204825481062,0.025032277924835755
120,2016-01-29,2016-02-29,0.45747677782853663,0.6376419399342036,0.6277654433851377,0.901458950505139,0.9034187567087428,0.5,0.7731958762886598,0.6087897873715583,0.5469633971676257,0.7122060470324748,0.6252860765757408,0.08691997045673405,0.5659096622810693,0.7361822740651913,0.7227871133468907,0.891937185592645,0.8968560821266913,0.65,0.7835051546391752,0.5588694954550287,0.5349791812670956,0.8150773195876289,0.7201154704107072,0.09496184917692163,0.10843288445253269,0.09854033413098773,0.09502166996175299,-0.009521764912494013,-0.006562674582051509,0.15000000000000002,0.010309278350515427,-0.04992029191652958,-0.011984215900530004,0.10287127255515405,0.09482939383496647,0.008041878720187579
120,2016-02-29,2016-03-31,0.3576200417536534,0.551187858636778,0.5268337690296786,0.8412307673982852,0.8436724213926903,0.5,0.6428571428571429,0.5394890047823669,0.39888034420915247,0.6727057896809767,0.5320337720387385,0.14067201764223825,0.4303502808158439,0.6214053246545377,0.6017411071788381,0.8415530475500285,0.8476390147172311,0.45,0.6530612244897959,0.3945614681933583,0.3567870703249793,0.7707086614173229,0.590955806783145,0.1797528546341779,0.0727302390621905,0.07021746601775969,0.07490733814915951,0.0003222801517432927,0.003966593324540857,-0.04999999999999999,0.010204081632652962,-0.14492753658900864,-0.042093273884173166,0.09800287173634614,0.05892203474440649,0.03908083699193965
120,2016-03-31,2016-04-29,0.42717056760432326,0.6155750386797318,0.5986258087165856,0.8834706891809069,0.8859473748321036,0.65,0.7474747474747475,0.6310631365007882,0.5250171727654626,0.6809176225234619,0.6041906376794041,0.07672698484405782,0.5839601013554278,0.7550967339296859,0.7373419328627292,0.8922003776269002,0.8970691178059167,0.8,0.8181818181818182,0.4328317215732529,0.38799215400209985,0.8003318584070797,0.744619523443505,0.05571233496357464,0.1567895337511045,0.13952169524995406,0.13871612414614365,0.008729688445993311,0.011121742973813076,0.15000000000000002,0.07070707070707072,-0.19823141492753527,-0.1370250187633627,0.11941423588361777,0.14042888576410095,-0.021014649880483183
120,2016-04-29,2016-05-31,0.3867241951543312,0.5781195733068717,0.5577521420707482,0.8535934586723539,0.8548983774492965,0.47619047619047616,0.6633663366336634,0.6354041882217388,0.5660417620705371,0.6540719002201028,0.5662401744219404,0.08783172579816234,0.4899810694002929,0.66634283771312,0.6577010667625555,0.8005342732446967,0.8085313782503928,0.7142857142857143,0.8415841584158416,0.3638506772965784,0.32057331575411896,0.8045848476376852,0.6372721928277484,0.16731265480993684,0.1032568742459617,0.08822326440624828,0.09994892469180727,-0.053059185427657196,-0.04636699919890375,0.23809523809523814,0.17821782178217815,-0.27155351092516045,-0.24546844631641818,0.15051294741758248,0.07103201840580797,0.0794809290117745
120,2016-05-31,2016-06-30,0.43559841031989055,0.6237522156917623,0.6068527342863625,0.8547946302298722,0.8568545059531499,0.47619047619047616,0.6730769230769231,0.592734198884985,0.5093539319189061,0.6839762611275965,0.6150891046846655,0.06888715644293097,0.5583896519148318,0.7249398556535686,0.7166239216600606,0.8882646845692481,0.8956742176281653,0.7619047619047619,0.875,0.40337338875645234,0.3526893116582148,0.7870702924576706,0.7109415640714409,0.07612872838622964,0.12279124159494126,0.10118763996180624,0.10977118737369806,0.03347005433937589,0.03881971167501541,0.2857142857142857,0.20192307692307687,-0.18936081012853268,-0.15666462026069128,0.10309403133007411,0.09585245938677545,0.007241571943298664
120,2016-06-30,2016-07-29,0.33728413756952735,0.5109179937359389,0.5044315237037521,0.7931408231635511,0.7950454463683467,0.6363636363636364,0.5981308411214953,0.4603843465502777,0.3046032336106365,0.6495695839311334,0.4914742719179116,0.1580953120132218,0.3870541611624835,0.5642690791830886,0.5580952380952381,0.788309035013085,0.7975491368262146,0.45454545454545453,0.7850467289719626,0.2868426388223914,0.22370607582913032,0.7603326612903226,0.5218954248366013,0.23843723645372128,0.049770023592956125,0.053351085447149615,0.053663714391485984,-0.004831788150466032,0.002503690457867913,-0.18181818181818182,0.1869158878504673,-0.1735417077278863,-0.08089715778150619,0.11076307735918922,0.030421152918689742,0.08034192444049948
120,2016-07-29,2016-08-31,0.33201735965280693,0.5058442112447743,0.49851806697076073,0.8120423696762369,0.8147020303854068,0.5,0.5963302752293578,0.48128176354738467,0.29959722660391414,0.6802600472813238,0.47641838667863196,0.20384166060269188,0.34885736572963916,0.5189530685920578,0.5172635366689513,0.8022328014801805,0.8157203683370862,0.5454545454545454,0.6330275229357798,0.3033972239073634,0.2634260406489961,0.727862675319238,0.4649829646855227,0.2628797106337153,0.016840006076832226,0.013108857347283509,0.018745469698190576,-0.009809568196056384,0.0010183379516793822,0.045454545454545414,0.03669724770642202,-0.17788453964002127,-0.03617118595491803,0.04760262803791415,-0.011435421993109263,0.059038050031023415
120,2016-08-31,2016-09-30,0.36523760185937104,0.541922885158717,0.5350535340689995,0.8680990100675687,0.8711953672352393,0.5217391304347826,0.5765765765765766,0.5371102299526719,0.39068941045090677,0.7109745881038816,0.5123737003953727,0.19860088770850892,0.4611205022941319,0.6312918423010166,0.6311875051648624,0.8749070620847522,0.8847075134386753,0.7391304347826086,0.8198198198198198,0.345918705612952,0.2845419765240136,0.7970877458396369,0.5849286092014807,0.21215913663815622,0.09588290043476083,0.08936895714229964,0.09613397109586297,0.006808052017183486,0.013512146203435993,0.21739130434782605,0.2432432432432432,-0.19119152433971986,-0.10614743392689319,0.08611315773575534,0.07255490880610804,0.013558248929647299
120,2016-09-30,2016-10-31,0.41739713025515046,0.5991584852734922,0.5889628550045298,0.8746460723630692,0.8771622429194735,0.4782608695652174,0.6902654867256637,0.5779992617482766,0.4428808991151711,0.7547985942146526,0.5720737674068498,0.18272482680780278,0.49316175370342663,0.6617540759778331,0.660560388022608,0.8869381121526181,0.8959228173600495,0.7391304347826086,0.7699115044247787,0.42015376939572674,0.3633760946405455,0.795028818443804,0.623514211886305,0.17151460655749906,0.07576462344827617,0.06259559070434084,0.07159753301807814,0.012292039789548848,0.018760574440575994,0.26086956521739124,0.07964601769911506,-0.1578454923525499,-0.0795048044746256,0.04023022422915146,0.05144044447945517,-0.011210220250303715
120,2016-10-31,2016-11-30,0.33576927077915325,0.5071091908876669,0.502735432120398,0.8125807879542549,0.8152063419842822,0.4782608695652174,0.5614035087719298,0.5179322095778384,0.36657267170561625,0.7306687565308255,0.4675480769230769,0.2631206796077486,0.4143919909289527,0.5882768638844176,0.585964843673621,0.8616460132026681,0.8708170883766211,0.5217391304347826,0.6052631578947368,0.38480302577459863,0.3348348037518832,0.7492173913043478,0.5413518584250292,0.20786553287931864,0.07862272014979943,0.08116767299675065,0.08322941155322305,0.04906522524841317,0.05561074639233887,0.04347826086956519,0.04385964912280704,-0.13312918380323974,-0.03173786795373307,0.01854863477352231,0.07380378150195227,-0.05525514672842996
120,2016-11-30,2016-12-30,0.30252409137602115,0.4796230951180736,0.4645197634024974,0.8018749333410103,0.8067688960831596,0.30434782608695654,0.5739130434782609,0.48858398315116447,0.2858064562527274,0.6299003322259136,0.4477296230140077,0.18217070921190587,0.3890235548295305,0.5665553892789993,0.5601396081109278,0.8227932106129442,0.8328504953021403,0.6956521739130435,0.7478260869565218,0.33631068061386626,0.25781780287743883,0.7264054514480409,0.5200832053885395,0.20632224605950145,0.08649946345350934,0.08693229416092568,0.09561984470843038,0.02091827727193385,0.026081599218980678,0.3913043478260869,0.17391304347826086,-0.1522733025372982,-0.027988653375288552,0.09650511922212734,0.07235358237453177,0.02415153684759558
120,2016-12-30,2017-01-26,0.3716796730755028,0.5547064442648247,0.5419336312568424,0.8571744164423701,0.86045234062443,0.4583333333333333,0.7033898305084746,0.5330186120034424,0.3654887652552772,0.6542844120328167,0.5355672360928603,0.11871717593995645,0.38863573424636844,0.5657065376722369,0.5597374814170202,0.7957652403195242,0.8096663309983555,0.5833333333333334,0.7372881355932204,0.3321513443802348,0.22543680836590554,0.7225651577503429,0.5230704697986577,0.19949468795168523,0.01695606117086562,0.011000093407412148,0.017803850160177825,-0.06140917612284591,-0.05078600962607449,0.12500000000000006,0.03389830508474578,-0.20086726762320756,-0.14005195688937164,0.06828074571752618,-0.0124967662942026,0.08077751201172878
120,2017-01-26,2017-02-28,0.4936625988582203,0.6704961764182821,0.6610095201360521,0.9111667665511806,0.9145126637241006,0.625,0.7563025210084033,0.595774937396293,0.46884011883100085,0.7676841085271318,0.6537707925126109,0.11391331601452082,0.46883624056235357,0.6407856812439953,0.6383778226807048,0.8750530808227834,0.8824859860196629,0.625,0.7394957983193278,0.3836083659489785,0.33771251949379094,0.7619047619047619,0.6096022193386729,0.152302542566089,-0.024826358295866713,-0.02971049517428681,-0.02263169745534732,-0.03611368572839713,-0.03202667770443768,0.0,-0.01680672268907557,-0.21216657144731443,-0.1311275993372099,-0.005779346622369896,-0.044168573173938075,0.03838922655156818
120,2017-02-28,2017-03-31,0.3964188193219438,0.5783128282863891,0.5677649338963107,0.8851843653645984,0.8888873921658775,0.5833333333333334,0.6666666666666666,0.6058404060164909,0.4311318633234556,0.7107962872496336,0.555967535945289,0.1548287513043446,0.4496880864228838,0.622450770472814,0.6203928840065073,0.8595484459287045,0.8672966006371109,0.6666666666666666,0.825,0.3765881052728121,0.3511310216677454,0.7640769779044904,0.5877081785199109,0.1763687993845795,0.05326926710094004,0.04413794218642497,0.05262795011019661,-0.02563591943589394,-0.02159079152876664,0.08333333333333326,0.15833333333333333,-0.2292523007436788,-0.0800008416557102,0.053280690654856744,0.031740642574621836,0.021540048080234908
120,2017-03-31,2017-04-28,0.4063502394123937,0.5859560918384448,0.5778791484860505,0.8860990328858181,0.8881113459734922,0.56,0.6829268292682927,0.578895095398302,0.3767328808045994,0.6583996256434254,0.5738429638903016,0.08455666175312371,0.37253690353587365,0.5457654395493864,0.5428442799259667,0.8057845739188355,0.8137117642766042,0.4,0.5284552845528455,0.31370702085222046,0.24576417831609182,0.7029619656681252,0.5066571763523698,0.19630478931575535,-0.03381333587652002,-0.04019065228905838,-0.035034868560083754,-0.08031445896698264,-0.07439958169688798,-0.16000000000000003,-0.15447154471544722,-0.2651880745460815,-0.13096870248850756,0.04456234002469983,-0.06718578753793181,0.11174812756263164
120,2017-04-28,2017-05-31,0.3998512872943582,0.576868923902112,0.5712768076488945,0.8797457530903724,0.8815694473435065,0.64,0.6585365853658537,0.6576016057528957,0.5559201224463579,0.6172839506172839,0.5706662542051738,0.04661769641211011,0.4277850589777195,0.5982604059052887,0.5992289333578117,0.8719405147485967,0.8802220419478304,0.44,0.7154471544715447,0.4084455591250206,0.3496580574622339,0.7254355400696864,0.5681790085301026,0.15725653153958374,0.027933771683361308,0.021391482003176754,0.02795212570891714,-0.007805238341775711,-0.0013474053956761267,-0.2,0.05691056910569103,-0.2491560466278751,-0.20626206498412403,0.10815158945240244,-0.0024872456750711924,0.11063883512747363
120,2017-05-31,2017-06-30,0.42787848424120967,0.615588755651661,0.5993205849986444,0.8624407699601638,0.8650648275784806,0.68,0.6935483870967742,0.6374866039804029,0.5483750628597251,0.6719234018586314,0.6081717400170553,0.0637516618415761,0.4687642062447661,0.6374284226965122,0.6383110430547184,0.8905203306511444,0.8977292695946937,0.44,0.75,0.45348360170900853,0.3527939536053971,0.7642143505903723,0.6097657643375213,0.15444858625285107,0.040885722003556446,0.021839667044851185,0.03899045805607404,0.02807956069098061,0.0326644420162131,-0.24000000000000005,0.056451612903225756,-0.18400300227139438,-0.19558110925432803,0.09229094873174093,0.0015940243204659588,0.09069692441127497
120,2017-06-30,2017-07-31,0.42036114167367805,0.5958533378184153,0.5919074090950515,0.8659833593307364,0.8678091073812452,0.7307692307692307,0.734375,0.6375763772001689,0.5213014262064926,0.7126469744766275,0.5819127815430958,0.13073419293353172,0.4247771796189157,0.5898628947205161,0.5962717338475769,0.8509165975343606,0.8608173595492281,0.38461538461538464,0.515625,0.4448243268638411,0.3037592304920811,0.7723935389133627,0.5527435610302351,0.21964997788312757,0.00441603794523765,-0.005990443097899201,0.004364324752525461,-0.015066761796375894,-0.006991747832017059,-0.3461538461538461,-0.21875,-0.1927520503363278,-0.21754219571441147,0.059746564436735206,-0.02916922051286064,0.08891578494959584
120,2017-07-31,2017-08-31,0.48464089835027857,0.6620076991412497,0.652872891874133,0.9154896887387408,0.9170152158587757,0.7692307692307693,0.6461538461538462,0.6914230938861532,0.5762554780163107,0.7459926017262639,0.6505468618542823,0.09544573987198157,0.49859731932136975,0.6614289511770092,0.6654186723717834,0.909055020077106,0.9141661023221455,0.46153846153846156,0.6846153846153846,0.49833052846962833,0.4404821805638116,0.8046098222356132,0.6265108931261252,0.178098929109488,0.013956420971091177,-0.0005787479642405113,0.012545780497650427,-0.006434668661634779,-0.002849113536630199,-0.3076923076923077,0.038461538461538436,-0.19309256541652486,-0.1357732974524991,0.058617220509349255,-0.024035968728157164,0.08265318923750642
120,2017-08-31,2017-09-29,0.46115164255389307,0.6452505911528923,0.6312166774803238,0.9063754281039275,0.9077281200410359,0.5925925925925926,0.7218045112781954,0.667896999403675,0.5495914641982842,0.7662124060150376,0.6283281835513773,0.13788422246366028,0.4826004565226754,0.6501406979780106,0.6510188964255109,0.8945876763633775,0.9007984410055419,0.5925925925925926,0.7518796992481203,0.4572338008420501,0.36588796466574464,0.8179453836150845,0.6079854809437386,0.2099599026713459,0.021448813968782343,0.004890106825118257,0.019802218945187078,-0.011787751740549912,-0.0069296790354940185,0.0,0.03007518796992481,-0.21066319856162485,-0.18370349953253956,0.051732977600046914,-0.020342702607638707,0.07207568020768562
120,2017-09-29,2017-10-31,0.4291746641074856,0.6160119014821753,0.6005909213000269,0.8954902738223787,0.8976630345743298,0.5357142857142857,0.7372262773722628,0.6454824009511222,0.5192035190096902,0.7472924187725631,0.5964417993605369,0.15085061941202627,0.46509782134211675,0.6387443115241028,0.6349034372545301,0.8783708783534542,0.884763350913844,0.5714285714285714,0.7518248175182481,0.437620727193766,0.34109404867609733,0.831767280216244,0.5869054203539823,0.24486185986226172,0.03592315723463113,0.022732410041927498,0.03431251595450324,-0.017119395468924492,-0.012899683660485883,0.0357142857142857,0.014598540145985384,-0.2078616737573562,-0.17810947033359287,0.08447486144368088,-0.009536379006554574,0.09401124045023546
120,2017-10-31,2017-11-30,0.4139935772027611,0.5907714187890121,0.5855664182318927,0.8587074733115883,0.8604819335877724,0.6428571428571429,0.6956521739130435,0.6612795588015994,0.5709063756392998,0.7186155285313377,0.5698258950465914,0.14878963348474628,0.4655976564005705,0.6394557823129252,0.6353689968965336,0.8593881480020484,0.8670453715477201,0.8214285714285714,0.8913043478260869,0.3908676932593078,0.32049153613891335,0.7869889315563587,0.594295592048401,0.19269333950795775,0.051604079197809405,0.04868436352391314,0.049802578664640884,0.0006806746904601813,0.006563437959947738,0.1785714285714285,0.19565217391304346,-0.2704118655422916,-0.25041483950038645,0.06837340302502104,0.024469697001809565,0.043903706023211475
120,2017-11-30,2017-12-29,0.5049074726992053,0.6773451282182394,0.6710146395825946,0.9032077730204313,0.9056099998337354,0.6785714285714286,0.7714285714285715,0.7318002298785029,0.6437161283240375,0.7814015721692591,0.6585682380636204,0.12283333410563868,0.5780196572171229,0.7330225850480286,0.7325886652596901,0.9270421494990141,0.9335230836029245,0.8571428571428571,0.9285714285714286,0.461884057096705,0.4088356348236741,0.8310832025117739,0.70101789862003,0.13006530389174387,0.07311218451791757,0.055677456829789196,0.06157402567709558,0.023834376478582775,0.027913083769189106,0.1785714285714285,0.15714285714285714,-0.2699161727817979,-0.23488049350036339,0.049681630342514826,0.04244966055640964,0.007231969786105186
120,2017-12-29,2018-01-31,0.39730155948834767,0.5767997964894429,0.5686697431781701,0.8745872868502328,0.8763692909173271,0.5172413793103449,0.6879432624113475,0.6682350348361252,0.5523568984724243,0.7201587301587301,0.549439563768555,0.17071916639017515,0.4340128853278823,0.6019795964863428,0.6053123926130506,0.8504994243709318,0.8589783323290021,0.6896551724137931,0.8297872340425532,0.36977312269558293,0.3357258884325942,0.7833401723430448,0.5425642749117795,0.24077589743126526,0.036711325839534625,0.0251797999968999,0.03664264943488049,-0.024087862479300948,-0.017390958588324956,0.1724137931034483,0.14184397163120566,-0.2984619121405423,-0.2166310100398301,0.06318144218431465,-0.006875288856775463,0.07005673104109011
120,2018-01-31,2018-02-28,0.40597377789354866,0.5733977582104928,0.577498363449971,0.8707448579155109,0.8727515229704914,0.6551724137931034,0.6595744680851063,0.6657784272194825,0.5500999107317033,0.6019497459837979,0.5671882465360726,0.03476149944772533,0.47532529942333285,0.6390428148994857,0.6443667706493279,0.861800418674274,0.8714350698436029,0.5862068965517241,0.6453900709219859,0.3955810949732737,0.277828186983907,0.7605838092647992,0.593146652060797,0.1674371572040022,0.06935152152978419,0.0656450566889929,0.06686840719935694,-0.00894443924123689,-0.0013164531268885504,-0.06896551724137934,-0.014184397163120477,-0.27019733224620884,-0.2722717237477963,0.15863406328100127,0.025958405524724393,0.13267565775627688
120,2018-02-28,2018-03-30,0.3789882199402411,0.5565502458706342,0.5496612871089859,0.8880324396355332,0.890044060025681,0.5172413793103449,0.6099290780141844,0.667518088666215,0.5356552152886637,0.68603066439523,0.5340535740713335,0.1519770903238965,0.4595550316782083,0.6338142653932127,0.6297193620028265,0.8667660624678032,0.8727760775026022,0.7586206896551724,0.7730496453900709,0.38836868342674735,0.28451842767673297,0.7671647819063004,0.5889899538419766,0.17817482806432383,0.0805668117379672,0.07726401952257855,0.08005807489384065,-0.021266377167730055,-0.017267982523078818,0.2413793103448275,0.16312056737588654,-0.27914940523946763,-0.2511367876119307,0.08113411751107047,0.05493637977064314,0.02619773774042733
120,2018-03-30,2018-04-27,0.42394574473509766,0.6046838634600465,0.5954521038495971,0.9076247443750898,0.9103310613918653,0.7241379310344828,0.6944444444444444,0.6464154257774738,0.5179582401150732,0.6991856406847267,0.5885441798416168,0.11064146084310988,0.5203934207601689,0.6911609141676301,0.684551003252805,0.9117336665304744,0.9161754301607603,0.8275862068965517,0.8402777777777778,0.4208685646497141,0.33749857861804744,0.7648172128698077,0.6670042469781118,0.09781296589169597,0.09644767602507126,0.0864770507075836,0.08909889940320792,0.004108922155384609,0.005844368768895047,0.10344827586206895,0.14583333333333337,-0.22554686112775968,-0.18045966149702575,0.06563157218508109,0.078460067136495,-0.012828494951413916
120,2018-04-27,2018-05-31,0.4244908932051885,0.6015524548788037,0.5959896201934418,0.8960845290181151,0.8980432942156124,0.6551724137931034,0.6758620689655173,0.6670124146765702,0.5903446530668693,0.7123019114523771,0.5826574128271594,0.12964449862521765,0.5021662071681764,0.675936189695889,0.6685894074462506,0.9052950308030245,0.9120115640806279,0.6896551724137931,0.8068965517241379,0.497965332774819,0.5146168563774798,0.8110171239942232,0.6347629229027795,0.17625420109144374,0.07767531396298788,0.07438373481708527,0.0725997872528088,0.009210501784909453,0.013968269865015537,0.034482758620689724,0.13103448275862062,-0.16904708190175122,-0.07572779668938956,0.09871521254184612,0.05210551007562003,0.04660970246622609
120,2018-05-31,2018-06-29,0.47032643460308327,0.643192705561084,0.6397578436111686,0.8687980355514104,0.8703801371949684,0.6333333333333333,0.7328767123287672,0.615805558849938,0.5061206493346535,0.6897239263803681,0.6349240958273146,0.054799830553053486,0.5467800729040098,0.7064198687910028,0.7069913589945012,0.8848486945641422,0.888591459198099,0.7666666666666667,0.8287671232876712,0.48897747734517333,0.4958903108509302,0.802911637335299,0.6735161969397053,0.1293954403955937,0.0764536383009265,0.06322716322991884,0.06723351538333255,0.016050659012731727,0.01821132200313058,0.13333333333333341,0.09589041095890405,-0.1268280815047647,-0.01023033848372329,0.11318771095493096,0.03859210111239075,0.07459560984254021
120,2018-06-29,2018-07-31,0.46436678762572287,0.6409963175590677,0.6342219607133158,0.9021195887679744,0.9043121230289983,0.6333333333333333,0.7297297297297297,0.6242370445282169,0.51950172393442,0.7113717491075982,0.6300544426238174,0.08131730648378077,0.5197185545517721,0.6890634357580504,0.6839668476707631,0.9079011921791075,0.9122112397533494,0.9,0.8513513513513513,0.48712843479273255,0.4537725389460419,0.7652071435046687,0.6631257141092548,0.10208142939541387,0.055351766926049206,0.04806711819898268,0.049744886957447276,0.005781603411133096,0.007899116724351063,0.2666666666666667,0.1216216216216216,-0.1371086097354844,-0.06572918498837804,0.053835394397070524,0.033071271485437426,0.0207641229116331
120,2018-07-31,2018-08-31,0.39581757104379145,0.5773245933479,0.5671479987858289,0.8598317618901273,0.8621048643327947,0.5161290322580645,0.7086092715231788,0.5537723128260743,0.4215310760778086,0.6794073076275468,0.5619253238506478,0.117481983776899,0.4383307378918723,0.6165044247787611,0.6094992289941928,0.8765658332424116,0.8830337704437017,0.5483870967741935,0.5827814569536424,0.490055130969636,0.4614927274674683,0.8211195479427865,0.54808998051603,0.27302956742675655,0.042513166848080874,0.03917983143086112,0.042351230208363955,0.01673407135228422,0.02092890611090703,0.032258064516129004,-0.1258278145695364,-0.06371718185643832,0.03996165138965968,0.14171224031523977,-0.013835343334617778,0.15554758364985755
120,2018-08-31,2018-09-28,0.4608010129482522,0.6379116063603355,0.6308881344738987,0.9043406845869151,0.906371649426981,0.5806451612903226,0.7096774193548387,0.6207786204600878,0.5674129771962301,0.7140442532267978,0.6259477471386488,0.08809650608814901,0.5187626454223571,0.688679047319274,0.6831385364736738,0.9087647933712247,0.9143412052931632,0.6774193548387096,0.7419354838709677,0.4363390031052782,0.40802064380776215,0.8188702105103741,0.6387703561786989,0.1800998543316752,0.05796163247410485,0.05076744095893848,0.05225040199977515,0.004424108784309655,0.007969555866182199,0.09677419354838701,0.032258064516129004,-0.18443961735480963,-0.15939233338846792,0.10482595728357635,0.01282260904005017,0.09200334824352618
120,2018-09-28,2018-10-31,0.38953730143328436,0.5713182076929333,0.5606719604165835,0.858654195919186,0.8611098749182419,0.5,0.6878980891719745,0.6170068440784862,0.5373714941260077,0.6397400185701021,0.5609699012311005,0.07877011733900163,0.41341020713218024,0.5918799934779064,0.5849826257742862,0.8606925765593475,0.8660999101945371,0.4375,0.6687898089171974,0.3869682992940479,0.3502662941377029,0.7212205270457698,0.5417785946557331,0.1794419323900367,0.023872905698895885,0.02056178578497314,0.024310665357702654,0.0020383806401614857,0.004990035276295268,-0.0625,-0.019108280254777066,-0.23003854478443825,-0.18710519998830483,0.08148050847566768,-0.019191306575367384,0.10067181505103506
120,2018-10-31,2018-11-30,0.37048089816738095,0.5505822131916224,0.5406582443619481,0.8711393444214324,0.8730873599462319,0.40625,0.6625,0.4996459537912552,0.302764795618748,0.6762723289518031,0.5340994475138121,0.142172881437991,0.43859280724595073,0.6136399247884675,0.6097525373918629,0.8786832131221926,0.8817344369009366,0.5625,0.78125,0.3965907364453909,0.3545627235190327,0.7237707948243992,0.5739521995150676,0.14981859530933161,0.06811190907856979,0.06305771159684515,0.06909429302991477,0.007543868700760181,0.00864707695470468,0.15625,0.11875000000000002,-0.10305521734586431,0.0517979279002847,0.047498465872596096,0.03985275200125549,0.007645713871340609
120,2018-11-30,2018-12-28,0.4440417877955212,0.6256967565747634,0.6149985291954699,0.8571833769445464,0.8598845329546716,0.5454545454545454,0.7317073170731707,0.614808556218806,0.5403535754985058,0.7427970216898673,0.6103967515438626,0.13240027014600464,0.4616304835442694,0.6354178361588264,0.6316651010519071,0.8885931055906472,0.8946600076369172,0.5151515151515151,0.6890243902439024,0.4727164631134444,0.46871193065066136,0.796157124041218,0.5842358455655606,0.21192127847565734,0.017588695748748162,0.009721079584062986,0.016666571856437162,0.03140972864610081,0.03477547468224562,-0.030303030303030276,-0.04268292682926833,-0.14209209310536164,-0.07164164484784447,0.05336010235135069,-0.026160905978302007,0.0795210083296527
120,2018-12-28,2019-01-31,0.38491462618950895,0.5633490685020359,0.5558676598695088,0.8589061941309003,0.8608539725615363,0.5294117647058824,0.6726190476190477,0.5506690929464738,0.4020014813890221,0.6917660583417158,0.5449395381414416,0.1468265202002742,0.410397993015897,0.5839073037738557,0.5819605459567203,0.8631287310440194,0.8691928835247611,0.35294117647058826,0.6666666666666666,0.3897477616589326,0.3370071664760396,0.6940203562340967,0.5464618786655129,0.14755847756858387,0.025483366826388076,0.02055823527181977,0.026092886087211498,0.004222536913119135,0.00833891096322481,-0.1764705882352941,-0.005952380952381042,-0.1609213312875412,-0.06499431491298246,0.002254297892380963,0.0015223405240712973,0.0007319573683096658
120,2019-01-31,2019-02-28,0.49787112888405743,0.6708809988839286,0.6647716472844776,0.9135412528603473,0.9158893378463531,0.7058823529411765,0.7411764705882353,0.540653057807658,0.35987619948616917,0.7631255966180281,0.6573553818160005,0.10577021480202764,0.51773908920905,0.6855817522321429,0.6822504512008886,0.8966738178212035,0.9017730950858968,0.6470588235294118,0.788235294117647,0.4628740302400488,0.3990640719692866,0.8000445335114674,0.6504296688017142,0.14961486470975327,0.01986796032499255,0.014700753348214302,0.01747880391641099,-0.016867435039143786,-0.01411624276045631,-0.05882352941176472,0.04705882352941171,-0.07777902756760924,0.03918787248311745,0.03691893689343928,-0.00692571301428635,0.04384464990772563
120,2019-02-28,2019-03-29,0.35204239295892326,0.5261816377850386,0.5207564419462973,0.8524706069937801,0.8549696756566564,0.6571428571428571,0.631578947368421,0.47087839461310554,0.29229221088899254,0.6671903639696256,0.5049882917806332,0.1622020721889924,0.38335184703741343,0.5549852870731541,0.5542362167056774,0.7906228163897784,0.7985442485347065,0.6571428571428571,0.7309941520467836,0.34769362176604995,0.23135286576701722,0.6982554701360142,0.5118422224200873,0.18641324771592693,0.03130945407849017,0.028803649288115518,0.03347977475938002,-0.061847790604001696,-0.05642542712194987,0.0,0.09941520467836262,-0.12318477284705559,-0.060939345121975325,0.03106510616638858,0.006853930639454053,0.024211175526934525
120,2019-03-29,2019-04-30,0.2995761169745884,0.4658133883692287,0.461036661203041,0.7998867254529369,0.8019821047370161,0.5714285714285714,0.603448275862069,0.4367689573963884,0.27109347548828927,0.6580330330330331,0.4363217508158956,0.22171128221713748,0.38734836353582247,0.5601126122374186,0.5584010097487253,0.8348946768207643,0.8403456863157831,0.5142857142857142,0.7816091954022989,0.34436291922034884,0.3185467062548589,0.7347903130537508,0.509218027320641,0.22557228573310972,0.08777224656123406,0.0942992238681899,0.09736434854568432,0.03500795136782742,0.03836358157876696,-0.05714285714285716,0.17816091954022995,-0.09240603817603954,0.047453230766569654,0.07675728002071769,0.07289627650474545,0.003861003515972239
120,2019-04-30,2019-05-31,0.40822737982766666,0.5823874246926812,0.5797748086358382,0.8577466515560248,0.860306662476371,0.5833333333333334,0.6818181818181818,0.5200328994287173,0.384527170208271,0.7136135508155583,0.5582597996808736,0.15535375113468475,0.5168248703637242,0.683508461815444,0.6814562187918148,0.9015631648365396,0.9043318269530968,0.7222222222222222,0.8579545454545454,0.3992476102213481,0.3445529067459138,0.8005401234567902,0.6435471830676679,0.15699294038912226,0.1085974905360575,0.10112103712276277,0.10168141015597665,0.043816513280514835,0.044025164476725775,0.13888888888888884,0.17613636363636365,-0.12078528920736925,-0.03997426346235716,0.08692657264123183,0.08528738338679431,0.001639189254437512
120,2019-05-31,2019-06-28,0.5621746095314377,0.7221400553019098,0.7197333846055246,0.9153437695115922,0.9175388113429894,0.6944444444444444,0.7909604519774012,0.6644375432683983,0.6266400914569064,0.7875473285654186,0.710338545620161,0.07720878294525768,0.6250733118719616,0.771172677718641,0.7692862928773649,0.9373866710416486,0.9419673918928083,0.7222222222222222,0.8926553672316384,0.4959253859162189,0.4611654885760258,0.830298215595209,0.7500600082920549,0.08023820730315412,0.06289870234052386,0.04903262241673112,0.049552908271840335,0.02204290153005639,0.02442858054981889,0.02777777777777779,0.10169491525423724,-0.16851215735217945,-0.16547460288088056,0.04275088702979035,0.039721462671893915,0.0030294243578964375
120,2019-06-28,2019-07-31,0.4707147449009409,0.6426553897710046,0.6401169860204885,0.8959384975673714,0.897886391776443,0.6111111111111112,0.7078651685393258,0.5927475944057695,0.48655108461039226,0.7082422387407084,0.6314442139880786,0.07679802475262976,0.5914428037715709,0.7432490698008655,0.7432787435023196,0.9203688146531053,0.9260819000674596,0.7777777777777778,0.8539325842696629,0.5170878410831017,0.5069296691702242,0.8078269567391848,0.7210938337801609,0.08673312295902391,0.12072805887062998,0.10059368002986091,0.1031617574818311,0.024430317085733844,0.02819550829101658,0.16666666666666663,0.1460674157303371,-0.07565975332266783,0.020378584559831936,0.09958471799847646,0.0896496197920823,0.009935098206394155
120,2019-07-31,2019-08-30,0.4332805429864253,0.6061306198667532,0.604599769537971,0.8870725545686687,0.8895105084145104,0.6111111111111112,0.6966292134831461,0.49099162417817976,0.3727692041729154,0.6938388625592417,0.5926101806359702,0.1012286819232715,0.45420146739882794,0.624407263500119,0.624674747731167,0.8684493392295743,0.8767335037856928,0.5,0.702247191011236,0.37846210092579285,0.31088627277881414,0.7459142769041012,0.5823441502988899,0.1635701266052113,0.02092092441240262,0.018276643633365786,0.020074978193196036,-0.01862321533909439,-0.01277700462881759,-0.11111111111111116,0.005617977528089901,-0.11252952325238691,-0.06188293139410128,0.052075414344859516,-0.01026603033708029,0.062341444681939806
120,2019-08-30,2019-09-30,0.37412406477069365,0.5462974623764246,0.5445273456194444,0.872247035720161,0.8744972985408636,0.6388888888888888,0.6256983240223464,0.40283230781770013,0.22147677385866385,0.6092426808613598,0.53688153751493,0.07236114334642985,0.3656923473996645,0.5358493539237315,0.5355413290496327,0.8090171101992211,0.8197220801151325,0.3611111111111111,0.6480446927374302,0.31016029579730614,0.25410360811737975,0.6841227690977583,0.48505299680538216,0.1990697722923761,-0.008431717371029157,-0.010448108452693172,-0.008986016569811683,-0.06322992552093998,-0.054775218425731076,-0.27777777777777773,0.022346368715083775,-0.09267201202039399,0.0326268342587159,0.07488008823639847,-0.05182854070954779,0.12670862894594626
120,2019-09-30,2019-10-31,0.3146422867439289,0.4806687728737214,0.47867361322025714,0.8438321056571573,0.8463058138301801,0.4722222222222222,0.6089385474860335,0.45605126246263306,0.24066038596361405,0.6118217315201293,0.4634318982145069,0.1483898333056224,0.33136883317020344,0.4978723404255319,0.4977866762603432,0.7897677892810019,0.8024109842325663,0.4722222222222222,0.6703910614525139,0.28848120111931136,0.2261621372547655,0.679673148793311,0.43824403216088753,0.24142911663242345,0.016726546426274524,0.017203567551810517,0.01911306304008603,-0.054064316376155386,-0.043894829597613816,0.0,0.06145251396648044,-0.1675700613433217,-0.014498248708848555,0.06785141727318167,-0.02518786605361939,0.09303928332680106
120,2019-10-31,2019-11-29,0.37827024027997097,0.5498891008639275,0.5489057649581582,0.8679090277000306,0.8702331175390108,0.5833333333333334,0.6777777777777778,0.4561376178730434,0.283725270749578,0.6769816106531389,0.5321799674842723,0.14480164316886657,0.37038651245854237,0.5411496109463091,0.5405577318388085,0.8016226509773727,0.8145304582890684,0.5,0.6666666666666666,0.3313393574598999,0.2631714365255157,0.6794618376586112,0.4966121879106439,0.18284964974796736,-0.007883727821428599,-0.008739489917618415,-0.00834803311934973,-0.06628637672265791,-0.05570265924994233,-0.08333333333333337,-0.011111111111111183,-0.12479826041314351,-0.020553834224062262,0.0024802270054723463,-0.035567779573628444,0.03804800657910079
120,2019-11-29,2019-12-31,0.3758074730842305,0.5508385419889845,0.5463082305284478,0.8781865003519858,0.8804643969992562,0.4722222222222222,0.6444444444444445,0.502568276314584,0.36525767319304103,0.6875776397515528,0.5313858551585198,0.15619178459303307,0.4240203081386404,0.5969029423594567,0.5955256476543991,0.8606815024433779,0.8682018535953943,0.8333333333333334,0.8111111111111111,0.3168435919621038,0.27751030887120576,0.728528123947457,0.5576641163122277,0.17086400763522935,0.048212835054409875,0.046064400370472214,0.04921741712595129,-0.017504997908607822,-0.012262543403861903,0.36111111111111116,0.16666666666666663,-0.18572468435248018,-0.08774736432183528,0.04095048419590419,0.026278261153707905,0.014672223042196286
120,2019-12-31,2020-01-23,0.4299916791839116,0.6033144312702793,0.6013904632358498,0.9062839771437408,0.9084252503067666,0.5675675675675675,0.7087912087912088,0.5744017525681624,0.4521188457946966,0.7250027867573292,0.5841566783075655,0.14084610844976375,0.45565179014729407,0.6267243341679946,0.6260450380117181,0.8608746032023664,0.8673722498024943,0.7837837837837838,0.7527472527472527,0.34616250572062873,0.2885687952911274,0.7710898913401383,0.5834943798067442,0.18759551153339404,0.025660110963382443,0.023409902897715273,0.0246545747758683,-0.04540937394137434,-0.0410530005042723,0.21621621621621623,0.04395604395604391,-0.22823924684753366,-0.1635500505035692,0.04608710458280907,-0.0006622985008212234,0.04674940308363029
120,2020-01-23,2020-02-28,0.30176415970287834,0.464893921370816,0.463623395149786,0.8126268691360807,0.815160382114778,0.5135135135135135,0.6229508196721312,0.47058284951296736,0.2944460874460752,0.5769392033542977,0.4460992034884743,0.1308399998658234,0.3023665339424949,0.46537575474681164,0.46433400438688743,0.7215494645521136,0.7302186430479637,0.5405405405405406,0.6502732240437158,0.2745917032766149,0.23218567972476006,0.6269942565411615,0.40154172530403914,0.22545253123712233,0.0006023742396165654,0.0004818333759956661,0.0007106092371014228,-0.09107740458396718,-0.08494173906681435,0.027027027027027084,0.02732240437158462,-0.19599114623635244,-0.062260407721315136,0.05005505318686376,-0.04455747818443517,0.09461253137129894
120,2020-02-28,2020-03-31,0.3539756819858701,0.5243677851143153,0.5228685960839349,0.8278976924619054,0.8307240101956646,0.5405405405405406,0.6284153005464481,0.5812041053648058,0.5370329030891867,0.6980767164499839,0.496242301937998,0.20183441451198592,0.4490948509485095,0.620724270710037,0.6198280956619963,0.8816489858311846,0.8856663635717,0.7837837837837838,0.7704918032786885,0.3817096998783716,0.33227504449151285,0.8074501573976915,0.5460856070297591,0.2613645503679325,0.09511916896263939,0.09635648559572174,0.09695949957806138,0.053751293369279196,0.05494235337603548,0.2432432432432432,0.14207650273224037,-0.1994944054864342,-0.20475785859767387,0.10937344094770762,0.04984330509176105,0.059530135855946575
120,2020-03-31,2020-04-30,0.44882277924833625,0.6234054271296944,0.6195689157802861,0.8792949355967804,0.8814236555242649,0.5675675675675675,0.6793478260869565,0.6355807253310123,0.6002395245910814,0.7540097149665476,0.598080682424027,0.15592903254252055,0.5634645779100037,0.722093975724179,0.7207896947217411,0.9342976891255789,0.9373811032944495,0.7297297297297297,0.8260869565217391,0.4721777545764263,0.4491428899632146,0.8308213680549362,0.6675685950043606,0.16325277305057562,0.11464179866166746,0.09868854859448462,0.10122077894145509,0.055002753528798465,0.05595744777018452,0.16216216216216217,0.1467391304347826,-0.16340297075458599,-0.15109663462786682,0.07681165308838867,0.0694879125803336,0.0073237405080550655
120,2020-04-30,2020-05-29,0.5355804823331464,0.6986070874667135,0.6975609399767708,0.9111922013788581,0.9131016223109414,0.7027027027027027,0.7567567567567568,0.69922625023799,0.6653405966366025,0.7986531986531986,0.6775581766018489,0.1210950220513497,0.6388802114622132,0.7790149140027542,0.7796545555848802,0.9465530636641135,0.9494761238724091,0.7567567567567568,0.8810810810810811,0.5802690945404159,0.5798443430770733,0.8634008868995814,0.732874073738358,0.1305268131612234,0.10329972912906682,0.08040782653604073,0.08209361560810935,0.03536086228525537,0.03637450156146771,0.05405405405405406,0.12432432432432428,-0.11895715569757415,-0.08549625355952917,0.06474768824638277,0.055315897136509085,0.009431791109873688
120,2020-05-29,2020-06-30,0.542279719810973,0.7047447586967884,0.7032183758176326,0.9109089849215635,0.91320138434928,0.6842105263157895,0.7634408602150538,0.7304985477022097,0.73785927376124,0.8253285543608124,0.6778643845102182,0.14746416985059418,0.6564295263214944,0.7928777166797591,0.7925837059657542,0.9501460895584021,0.9528817723197537,0.7368421052631579,0.8870967741935484,0.5708715626501083,0.5630338391034323,0.8696458073095056,0.7495048377916904,0.12014096951781517,0.11414980651052142,0.08813295798297072,0.08936533014812165,0.039237104636838604,0.039680387970473685,0.05263157894736836,0.12365591397849462,-0.15962698505210138,-0.17482543465780775,0.04431725294869315,0.07164045328147217,-0.02732320033277902
120,2020-06-30,2020-07-31,0.3674172185430464,0.5396031757467472,0.5373886090662534,0.8675166886267139,0.8695130110489714,0.39473684210526316,0.5775401069518716,0.6192843997548243,0.5686497492163476,0.7214458183946733,0.495012021387304,0.22643379700736926,0.4379321767214608,0.609895337773549,0.6091138147001656,0.8777294928369498,0.8828473948408747,0.6052631578947368,0.679144385026738,0.4057409913438126,0.35628322469683743,0.7007407988084506,0.5570428476957107,0.14369795111273997,0.07051495817841441,0.07029216202680177,0.07172520563391216,0.010212804210235849,0.013334383791903326,0.21052631578947367,0.10160427807486638,-0.21354340841101171,-0.21236652451951016,-0.020705019586222617,0.06203082630840667,-0.08273584589462929
120,2020-07-31,2020-08-31,0.3798650190862225,0.5499672392672991,0.5505828669209654,0.8866892615716336,0.8891188130304959,0.3684210526315789,0.6329787234042553,0.534997249941967,0.42020584966776275,0.6929584473749689,0.5075004618510992,0.18545798552386972,0.46592559315482096,0.6355474483761098,0.6356742734153399,0.8832177196536053,0.887515874558498,0.5263157894736842,0.824468085106383,0.399656186051422,0.3249229092432834,0.6993791884224808,0.6016838248124237,0.09769536361005715,0.08606057406859846,0.0855802091088107,0.08509140649437452,-0.0034715419180283424,-0.0016029384719978834,0.15789473684210525,0.19148936170212771,-0.13534106389054495,-0.09528294042447938,0.006420741047511891,0.09418336296132446,-0.08776262191381257
120,2020-08-31,2020-09-30,0.365308956260125,0.5367678313355436,0.535130095770828,0.8373609799669967,0.8391561527503312,0.42105263157894735,0.6063829787234043,0.5202975960071731,0.45908263284341866,0.6245346353371987,0.5102319487756721,0.11430268656152653,0.42061572126918484,0.5939643930373646,0.5921597444992439,0.796289343123782,0.8025601304959955,0.6842105263157895,0.7180851063829787,0.36133185650629646,0.28544256311710353,0.6262994224788982,0.5788126066863732,0.047486815792525006,0.055306765009059844,0.05719656170182097,0.05702964872841587,-0.04107163684321469,-0.03659602225433567,0.26315789473684215,0.11170212765957444,-0.1589657395008766,-0.17364006972631513,0.0017647871416995864,0.06858065791070111,-0.06681587076900153
120,2020-09-30,2020-10-30,0.5160302917968543,0.6835253019823511,0.6807651464341605,0.9274585936652098,0.929618407409526,0.42105263157894735,0.6984126984126984,0.6104107287734183,0.5147689180607968,0.753745754811214,0.6647826241512922,0.08896313065992179,0.6102746590691547,0.7602940557527462,0.7579758591269564,0.9441397718267356,0.9477629281052675,0.8157894736842105,0.8624338624338624,0.523359182726192,0.4676349903249801,0.7962476753090472,0.7478913900786837,0.048356285230363505,0.09424436727230034,0.07676875377039516,0.07721071269279589,0.01668117816152581,0.018144520695741573,0.39473684210526316,0.16402116402116407,-0.08705154604722631,-0.047133927735816705,0.04250192049783319,0.08310876592739147,-0.04060684542955828
120,2020-10-30,2020-11-30,0.49038352812985064,0.6613661255216204,0.6580635371691059,0.9142819203550561,0.9162621987732986,0.5526315789473685,0.7263157894736842,0.6006220894781686,0.5185035014850871,0.7777621492369365,0.6327876778560575,0.14497447138087904,0.5789301631234268,0.7368077995201575,0.7333195307108351,0.9353704037073721,0.938903264656828,0.7368421052631579,0.8578947368421053,0.5365193846798475,0.5151591433791463,0.8320836173596909,0.7060345302093463,0.12604908715034469,0.08854663499357618,0.07544167399853707,0.07525599354172918,0.021088483352316056,0.022641065883529432,0.18421052631578938,0.13157894736842102,-0.06410270479832114,-0.0033443581059408034,0.0543214681227544,0.07324685235328876,-0.01892538423053436
120,2020-11-30,2020-12-31,0.38430184833989073,0.55686043968063,0.5552283973336605,0.8825846453810219,0.8847798965509946,0.41025641025641024,0.5364583333333334,0.5824334156970287,0.4989435311078316,0.7174442190669371,0.5161599890324571,0.20128423003448004,0.4707170498065135,0.6436110579420853,0.640119117227125,0.9015751533182128,0.9058656670250452,0.358974358974359,0.65625,0.42880339268944634,0.34619397750616776,0.7690276237257698,0.5998081499382022,0.16921947378756763,0.08641520146662279,0.08675061826145525,0.08489071989346453,0.018990507937190926,0.02108577047405058,-0.051282051282051266,0.11979166666666663,-0.15363002300758233,-0.1527495536016638,0.05158340465883271,0.08364816090574512,-0.03206475624691241
120,2020-12-31,2021-01-29,0.338178063696291,0.5102524499360886,0.5054305893524839,0.8410444885715296,0.8436721007500599,0.41025641025641024,0.5567010309278351,0.587406250340071,0.5113358565833767,0.6336741912663194,0.4780287129544119,0.1556454783119075,0.3865827629351586,0.5599904047336647,0.5576050319806789,0.8521934782687288,0.8585957539889378,0.6410256410256411,0.7216494845360825,0.3872527449196034,0.31746895723365187,0.7042267381784185,0.5064151771027525,0.197811561075666,0.04840469923886759,0.049737954797576034,0.05217444262819504,0.01114898969719924,0.014923653238877899,0.23076923076923084,0.1649484536082474,-0.20015350542046761,-0.19386689934972479,0.07055254691209911,0.028386464148340618,0.042166082763758495
120,2021-01-29,2021-02-26,0.5021343735782943,0.6755876798853943,0.668561191875451,0.919738891058361,0.9221945012851251,0.7,0.7142857142857143,0.6150325182334186,0.5649226302261093,0.7307815811444351,0.6615480118927043,0.06923356925173085,0.4849114703618168,0.6565561809464249,0.6531183576131474,0.9144347685569606,0.9190335545033351,0.625,0.6683673469387755,0.4363323727230508,0.33766739257990813,0.7700147574248294,0.6118798576305658,0.15813489979426354,-0.01722290321647746,-0.019031498938969382,-0.01544283426230364,-0.005304122501400443,-0.0031609467817900194,-0.07499999999999996,-0.04591836734693877,-0.17870014551036784,-0.2272552376462012,0.039233176280394244,-0.04966815426213844,0.08890133054253269
120,2021-02-26,2021-03-31,0.37560448116268,0.5514937506350981,0.5460937156081578,0.8903036324493638,0.8926993495271796,0.325,0.6331658291457286,0.4952231074131857,0.39426828665452174,0.73003367003367,0.5099877892232068,0.22004588081046328,0.4127947929205118,0.5881374018648847,0.5843662434049428,0.8631348072612504,0.8688873439389447,0.35,0.5527638190954773,0.37987728213544064,0.32891723068623574,0.7645425580336823,0.5198421089730034,0.2447004490606789,0.03719031175783177,0.036643651229786633,0.03827252779678503,-0.027168825188113477,-0.02381200558823482,0.024999999999999967,-0.08040201005025127,-0.11534582527774506,-0.065351055968286,0.03450888800001228,0.00985431974979667,0.024654568250215614
120,2021-03-31,2021-04-30,0.4135314190450555,0.5877358606987276,0.5851039651094936,0.9223797409683321,0.9246754008320389,0.5365853658536586,0.6435643564356436,0.5936935136055477,0.5302297808326291,0.7383030234784077,0.5454703502339108,0.19283267324449693,0.5061980403800475,0.6732898098211751,0.672153364709361,0.9385066693541626,0.9424696299273467,0.6829268292682927,0.7326732673267327,0.49131968105076196,0.4050405767216314,0.7952900024404133,0.6201477596867636,0.17514224275364965,0.09266662133499193,0.08555394912244751,0.08704939959986746,0.01612692838583052,0.017794229095307812,0.14634146341463417,0.08910891089108908,-0.10237383255478572,-0.12518920411099765,0.05698697896200555,0.07467740945285284,-0.017690430490847286
120,2021-04-30,2021-05-31,0.5347189902637899,0.7000012185165779,0.6968298348505892,0.9411329925784748,0.9432324256101865,0.6341463414634146,0.7881773399014779,0.6394191649258668,0.5630900050177352,0.7800020962163295,0.6757640708105105,0.10423802540581906,0.5689952463061226,0.7281238571254419,0.7252988785602827,0.9457512648761044,0.9496621716537262,0.6829268292682927,0.7487684729064039,0.6004153029510506,0.6135433092058109,0.8176948940495739,0.6875398568695529,0.13015503718002097,0.03427625604233275,0.028122638608863992,0.028469043709693498,0.0046182722976295665,0.006429746043539741,0.04878048780487809,-0.039408866995073955,-0.0390038619748162,0.0504533041880757,0.03769279783324431,0.011775786059042392,0.025917011774201915
120,2021-05-31,2021-06-30,0.42730018428776195,0.6018072361543361,0.5987530709960488,0.9182413536227391,0.920463337781757,0.5365853658536586,0.6487804878048781,0.5756856271337205,0.4882830699444582,0.7677450250079813,0.5534015242056901,0.21434350080229114,0.5234472630417134,0.6894418146430545,0.687187900415534,0.9233211627008286,0.9276738505419531,0.6829268292682927,0.7902439024390244,0.5254947537334297,0.5271627690514928,0.794178712735535,0.6431108877605837,0.1510678249749513,0.09614707875395145,0.08763457848871847,0.08843482941948522,0.005079809078089581,0.0072105127601960195,0.14634146341463417,0.14146341463414636,-0.050190873400290825,0.03887969910703465,0.026433687727553723,0.08970936355489356,-0.06327567582733984
120,2021-06-30,2021-07-30,0.35074940024227835,0.5228372477280774,0.519340449352583,0.857134813852275,0.8603733322088312,0.4523809523809524,0.5728155339805825,0.4875956253983806,0.3497381183112374,0.7133581141485907,0.45904815917576447,0.25430995497282627,0.42232169002300773,0.5958848319580692,0.5938483438527555,0.8826876975693163,0.8891666175775492,0.42857142857142855,0.6456310679611651,0.45815038117815693,0.4004128217949807,0.7566265988596086,0.5248744787677645,0.2317521200918441,0.07157228978072938,0.0730475842299918,0.07450789450017259,0.02555288371704134,0.028793285368718058,-0.023809523809523836,0.0728155339805826,-0.029445244220223654,0.05067470348374331,0.04326848471101785,0.06582631959200003,-0.022557834880982175
120,2021-07-30,2021-08-31,0.3691453308791582,0.5401259897127666,0.5392346927000392,0.8696794422324616,0.8733006652542245,0.4523809523809524,0.631578947368421,0.4662723330465057,0.3923875061955371,0.7353647125828893,0.46263764652694805,0.2727270660559412,0.41162150719729046,0.5846564823702196,0.5831896228537152,0.8610596374291322,0.868632863839072,0.4523809523809524,0.5980861244019139,0.41545370871345094,0.35414948220317083,0.7775521635625262,0.4895094026835207,0.2880427608790055,0.042476176318132275,0.044530492657453014,0.04395493015367602,-0.008619804803329467,-0.004667801415152439,0.0,-0.03349282296650713,-0.050818624333054785,-0.038238023992366255,0.04218745097963694,0.026871756156572668,0.015315694823064274
120,2021-08-31,2021-09-30,0.36869380137884233,0.5438392938392939,0.5387527889837957,0.8537085791952556,0.858074027155777,0.38095238095238093,0.48095238095238096,0.4935295935501609,0.4419412541017119,0.6917828319882612,0.4773461716019257,0.21443666038633546,0.4504421156050434,0.6259257995153418,0.6211100887912981,0.891018364173414,0.8962169656804495,0.42857142857142855,0.6333333333333333,0.45005884674174007,0.4280679186861502,0.7868930197268589,0.5354305518528393,0.2514624678740196,0.08174831422620105,0.08208650567604792,0.0823572998075024,0.0373097849781584,0.03814293852467254,0.047619047619047616,0.15238095238095234,-0.043470746808420835,-0.013873335415561738,0.0951101877385977,0.05808438025091356,0.03702580748768414
120,2021-09-30,2021-10-29,0.5137356460625037,0.6843331262756234,0.6787653410935016,0.9261835832349455,0.9283165825975487,0.5813953488372093,0.7230046948356808,0.6183150690552097,0.5804636693194826,0.7871478193747588,0.6428660377945892,0.14428178158016958,0.5712625837835026,0.7308285356140526,0.7271382767964064,0.9503799746945113,0.9529626893548019,0.7441860465116279,0.8403755868544601,0.5966627492622519,0.5781392810500823,0.8347565267958253,0.671747224832098,0.16300930196372732,0.05752693772099893,0.04649540933842922,0.048372935702904796,0.024196391459565758,0.024646106757253206,0.16279069767441856,0.11737089201877937,-0.021652319792957786,-0.0023243882694002904,0.0476087074210666,0.02888118703750886,0.01872752038355774
120,2021-10-29,2021-11-30,0.5016465067357093,0.6748701984304079,0.6681286234617125,0.9170115984075873,0.9190746732071089,0.627906976744186,0.7627906976744186,0.6683376497299904,0.6257020656566219,0.7591183622244881,0.6425052355626535,0.11661312666183465,0.5331787119486436,0.7006345854513394,0.6955206301696985,0.9286095110423906,0.9320501512127949,0.627906976744186,0.7441860465116279,0.564699184513056,0.5323472070753226,0.78903693314633,0.6481516817874304,0.14088525135889962,0.03153220521293432,0.025764387020931534,0.027392006707985916,0.011597912634803365,0.012975478005685992,0.0,-0.018604651162790753,-0.10363846521693443,-0.09335485858129933,0.029918570921841914,0.0056464462247769465,0.024272124697064967
120,2021-11-30,2021-12-31,0.4334828779021465,0.6104900386116814,0.6047967291196864,0.9122139482364704,0.9140444452454877,0.4772727272727273,0.663594470046083,0.5909314104139118,0.508728598266646,0.7491590581451225,0.560333714749207,0.1888253433959155,0.4961995249406176,0.6672842266658149,0.6632798856961423,0.9218138291882333,0.9243074257605085,0.6363636363636364,0.7142857142857143,0.5001186474290527,0.396420887167017,0.7758586003736169,0.6033861610540737,0.17247243931954315,0.06271664703847107,0.0567941880541335,0.058483156576455864,0.009599880951762896,0.010262980515020836,0.15909090909090906,0.05069124423963134,-0.09081276298485919,-0.11230771109962895,0.026699542228494355,0.04305244630486671,-0.016352904076372354
120,2021-12-31,2022-01-28,0.440525166713698,0.6168515841903316,0.6116174529858133,0.885177727523086,0.8881617139277732,0.6136363636363636,0.7318181818181818,0.6118971094568402,0.5738098747560397,0.6889753270030127,0.5898121407943271,0.09916318620868558,0.5009618964875264,0.6721482098251457,0.6675211378248196,0.9234109653625493,0.9267362796763092,0.6818181818181818,0.7045454545454546,0.5227282185472604,0.4318831680026727,0.750706175574633,0.624845756211439,0.12586041936319403,0.06043672977382841,0.05529662563481408,0.05590368483900632,0.03823323783946331,0.038574565748536016,0.06818181818181812,-0.027272727272727226,-0.0891688909095798,-0.14192670675336705,0.06173084857162037,0.03503361541711192,0.02669723315450845
120,2022-01-28,2022-02-28,0.5152386517406815,0.6825487360208592,0.6800759090309421,0.9386680022199586,0.9408135588550116,0.6,0.7252252252252253,0.6016006331788215,0.5009195425021055,0.7906885605674648,0.6445744168444231,0.14611414372304177,0.5749680102367243,0.7322523476808376,0.7301329379385987,0.9466210413977741,0.949397619582763,0.6666666666666666,0.8018018018018018,0.5948913524645584,0.5735261170905201,0.8118000546298826,0.6849541999610212,0.12684585466886134,0.05972935849604277,0.049703611659978386,0.05005702890765662,0.007953039177815535,0.00858406072775142,0.06666666666666665,0.07657657657657657,-0.006709280714263133,0.07260657458841469,0.021111494062417746,0.04037978311659818,-0.019268289054180432
120,2022-02-28,2022-03-31,0.3541414045617434,0.5265129770069795,0.5230493704257693,0.8458456329858172,0.8487173369272174,0.4888888888888889,0.6502242152466368,0.5545474184552022,0.4967944460873278,0.6273675331646346,0.49058175907333795,0.1367857740912966,0.4315857373230604,0.6064759794541242,0.6029478026654385,0.8937877581497038,0.898150121279944,0.5333333333333333,0.695067264573991,0.5470178268622709,0.5417811742270304,0.7287739783152627,0.5370025268477574,0.1917714514675053,0.07744433276131696,0.07996300244714472,0.07989843223966919,0.04794212516388663,0.04943278435272658,0.04444444444444445,0.04484304932735428,-0.007529591592931317,0.044986728139702614,0.10140644515062813,0.04642076777441945,0.054985677376208686
120,2022-03-31,2022-04-29,0.37065224738087194,0.5417650487547051,0.5408406809081405,0.842877144669231,0.8451842067645363,0.5555555555555556,0.6444444444444445,0.5501725948725611,0.4040618449029911,0.6163323066677766,0.5185569013537146,0.09777540531406204,0.47359046130357335,0.6436504485988697,0.6427708019833732,0.9034151350936934,0.9058425904807719,0.6222222222222222,0.7777777777777778,0.5675367915732852,0.5581746301102711,0.7515011927284692,0.5828866266046684,0.16861456612380077,0.10293821392270142,0.10188539984416456,0.1019301210752327,0.060537990424462396,0.06065838371623555,0.06666666666666665,0.1333333333333333,0.01736419670072409,0.15411278520728006,0.13516888606069255,0.06432972525095382,0.07083916080973873
120,2022-04-29,2022-05-31,0.4624161121894271,0.6295021547941733,0.6324001880656662,0.8933042281728829,0.8948952188945898,0.6666666666666666,0.7155555555555555,0.6333120240402306,0.5971944052372337,0.7368809030177379,0.6006777397133211,0.13620316330441684,0.5693359751443616,0.7233333986326327,0.7255756372907834,0.9326787905460552,0.9356233628842728,0.7555555555555555,0.7466666666666667,0.5862054121301907,0.5829109442246478,0.816144359911011,0.6718885590317424,0.1442558008792686,0.10691986295493455,0.09383124383845942,0.09317544922511722,0.03937456237317227,0.04072814398968305,0.0888888888888889,0.0311111111111112,-0.04710661191003984,-0.014283461012585819,0.07926345689327308,0.07121081931842133,0.008052637574851751
120,2022-05-31,2022-06-30,0.40902872777017785,0.5799739412404361,0.5805825242718446,0.8918994666987398,0.8931074352584024,0.6304347826086957,0.6548672566371682,0.5709269602981565,0.5020351628806621,0.6919414408401192,0.5483644037988041,0.14357703704131508,0.5600164710726786,0.7200211770934439,0.7179622541903128,0.9219904494947616,0.9242240633826346,0.782608695652174,0.8451327433628318,0.5545640431933486,0.5355878891129173,0.8069452619187758,0.6697410978195267,0.13720416409924907,0.15098774330250075,0.14004723585300782,0.13737972991846814,0.030090982796021848,0.031116628124232215,0.15217391304347827,0.19026548672566368,-0.01636291710480786,0.03355272623225525,0.11500382107865659,0.1213766940207226,-0.00637287294206601
120,2022-06-30,2022-07-29,0.4224369553061197,0.5977651474944756,0.5939622894783522,0.8869379489529026,0.888283247213649,0.5434782608695652,0.6973684210526315,0.5981609644476076,0.4983517497847434,0.7162974411815215,0.5634000921096852,0.15289734907183627,0.5479843662758236,0.7102893921702965,0.7079972875878288,0.919038169328641,0.9223253281124879,0.7391304347826086,0.8026315789473685,0.48719322141146876,0.3775255472534306,0.7960772104607721,0.6594865334091293,0.13659067705164274,0.1255474109697039,0.1125242446758209,0.11403499810947659,0.03210022037573845,0.03404208089883887,0.19565217391304346,0.10526315789473695,-0.11096774303613882,-0.12082620253131277,0.07977976927925057,0.0960864412994441,-0.016306672020193536
120,2022-07-29,2022-08-31,0.4334440392021027,0.6079852907552779,0.6047589265408233,0.8819110886167085,0.8837110093448944,0.6739130434782609,0.6739130434782609,0.6403363843990725,0.5754021018521277,0.7200844486934354,0.5727486727436643,0.1473357759497711,0.5313076710696485,0.6974144755038005,0.6939267413171379,0.913059231179241,0.917420945832485,0.717391304347826,0.691304347826087,0.564823749049763,0.5240575211444971,0.7930735513703578,0.634697067786708,0.15837648358364986,0.09786363186754576,0.08942918474852268,0.08916781477631464,0.03114814256253251,0.033709936487590575,0.04347826086956519,0.017391304347826098,-0.07551263534930952,-0.051344580707630594,0.07298910267692249,0.061948395043043725,0.011040707633878766
120,2022-08-31,2022-09-30,0.4463302009073234,0.6214422679249539,0.6171899067409752,0.8874897530317211,0.8891533367476149,0.5957446808510638,0.696969696969697,0.5524700154791881,0.42860467045161504,0.7416695163190091,0.5819230913337247,0.15974642498528446,0.5541289078138079,0.7155922771793282,0.7131054638103356,0.9363601645435142,0.9390822044999141,0.7446808510638298,0.7922077922077922,0.6175153276816335,0.6292412297517549,0.7881498043599776,0.6664933018124507,0.12165650254752691,0.10779870690648446,0.09415000925437422,0.09591555706936039,0.048870411511793166,0.04992886775229921,0.14893617021276595,0.09523809523809523,0.06504531220244547,0.20063655930013985,0.04648028804096849,0.08457021047872604,-0.03808992243775755
120,2022-09-30,2022-10-31,0.41976399442382833,0.5932788189369693,0.5913151707924216,0.861618847867486,0.8636255837037151,0.574468085106383,0.6909871244635193,0.5674560808760841,0.4680676882191579,0.7451959071624656,0.5400527124423848,0.2051431947200808,0.4730577591070688,0.6437385529017816,0.6422799868945054,0.8995543140728638,0.9018976045207873,0.6382978723404256,0.759656652360515,0.5677650184278137,0.5538700788698486,0.7632630436288889,0.5638877316422102,0.19937531198667868,0.053293764683240485,0.05045973396481229,0.05096481610208381,0.0379354662053778,0.03827202081707215,0.06382978723404253,0.06866952789699576,0.00030893755172956006,0.08580239065069073,0.018067136466423217,0.023835019199825336,-0.005767882733402119
120,2022-10-31,2022-11-30,0.44862137106934924,0.6216278300499853,0.6193769883957795,0.8883357317347734,0.8900273728073609,0.6808510638297872,0.7008547008547008,0.6453934836052898,0.5836307960968511,0.7354765933446137,0.5705901922948965,0.1648864010497172,0.51233024702045,0.6802099998161123,0.677537525986574,0.9348654612831102,0.9368567239764342,0.7446808510638298,0.7777777777777778,0.6452307174099298,0.6531482547869009,0.7466994618230743,0.6285256724515476,0.11817378937152678,0.06370887595110081,0.05858216976612696,0.05816053759079454,0.046529729548336785,0.046829351169073274,0.06382978723404253,0.07692307692307698,-0.00016276619536004233,0.06951745869004977,0.011222868478460657,0.057935480156651065,-0.04671261167819041
120,2022-11-30,2022-12-30,0.45668830442817776,0.6311833039431345,0.6270226829444484,0.9029096058550621,0.9043534388016922,0.574468085106383,0.6382978723404256,0.5779067877238332,0.3639766334758319,0.7299362705879108,0.5826589125218594,0.14727735806605136,0.5423187859233031,0.7058465286236297,0.7032512226046006,0.931786203128543,0.93374242269834,0.723404255319149,0.8170212765957446,0.5956739412664042,0.5775211887478294,0.7804178267060549,0.6501167389336255,0.13030108777242932,0.08563048149512531,0.07466322468049524,0.0762285396601522,0.02887659727348091,0.02938898389664779,0.14893617021276595,0.17872340425531907,0.017767153542570968,0.2135445552719975,0.05048155611814409,0.06745782641176612,-0.01697627029362203
120,2022-12-30,2023-01-31,0.5147663374757832,0.6831684942306314,0.6796643478803381,0.9244516879688086,0.9261089243763693,0.7083333333333334,0.6962025316455697,0.5990837562032978,0.43533455499949886,0.7735287573701191,0.6402310091452132,0.1332977482249058,0.6269323206726546,0.7726788670634033,0.7706925637981666,0.9523132243686036,0.9539679751848302,0.8125,0.8270042194092827,0.6411455882549841,0.6179059686421502,0.8402810496343487,0.7202358250699212,0.12004522456442746,0.11216598319687143,0.08951037283277186,0.0910282159178285,0.02786153639979494,0.02785905080846096,0.10416666666666663,0.13080168776371304,0.04206183205168634,0.18257141364265134,0.06675229226422963,0.08000481592470798,-0.013252523660478355
120,2023-01-31,2023-02-28,0.4222222222222222,0.5969202978757316,0.59375,0.9039092052463767,0.9048954533451861,0.4791666666666667,0.6218487394957983,0.6764094960950271,0.5773520227613993,0.6993624189102653,0.5491456320764516,0.15021678683381368,0.5887734033245844,0.7449742290865938,0.7411672452378015,0.9326797097603571,0.9347053305328333,0.8541666666666666,0.8067226890756303,0.6368016781763047,0.6162699623379606,0.8230681750164601,0.6826440753539181,0.140424099662542,0.16655118110236217,0.1480539312108622,0.14741724523780153,0.028770504513980333,0.02980987718764727,0.37499999999999994,0.18487394957983194,-0.039607817918722366,0.03891793957656131,0.12370575610619483,0.13349844327746652,-0.009792687171271686
120,2023-02-28,2023-03-31,0.4238378241321946,0.5967764406750143,0.5953456453378273,0.8809507568504444,0.882176288586742,0.5833333333333334,0.6875,0.6301010280201311,0.5175836924590185,0.727247324447425,0.537714249573082,0.189533074874343,0.5577080362031323,0.7184691745036572,0.7160623470397306,0.9326325474549065,0.9345973962415031,0.75,0.7666666666666667,0.6297118509390075,0.6341444311612121,0.8094712420012723,0.6392481349969052,0.17022310700436705,0.13387021207093763,0.12169273382864287,0.1207167017019033,0.0516817906044621,0.052421107654761046,0.16666666666666663,0.07916666666666672,-0.00038917708112362615,0.11656073870219363,0.08222391755384728,0.10153388542382324,-0.019309967869975964
120,2023-03-31,2023-04-28,0.3740667422475725,0.5455370987500964,0.5444666270514755,0.8554766869202615,0.8570948754307952,0.46938775510204084,0.6322314049586777,0.6450781019520669,0.5353298783773508,0.6882994077539442,0.4705851612818938,0.21771424647205034,0.4886073213218559,0.6584166473909207,0.6564623380838697,0.9040636032121807,0.9066251103253414,0.6122448979591837,0.7107438016528925,0.5754245706487806,0.6023336420377383,0.7465443489942376,0.5755323923993816,0.17101195659485602,0.11454057907428339,0.11287954864082428,0.11199571103239414,0.04858691629191925,0.04953023489454622,0.14285714285714285,0.07851239669421484,-0.06965353130328633,0.06700376366038752,0.058244941240293446,0.10494723111748777,-0.046702289877194325
120,2023-04-28,2023-05-31,0.4865857351976175,0.6528784287165594,0.6546352809351205,0.9080930742796298,0.9096494317171255,0.6326530612244898,0.7272727272727273,0.7303334125511854,0.7062913207306255,0.7293491933882109,0.6052852060928208,0.12406398729539014,0.5424150879101436,0.7012912190327719,0.7033321862081565,0.9320655787052177,0.9336734872366773,0.5918367346938775,0.71900826446281,0.6052613013106436,0.5986077400210438,0.8016344218104889,0.6022991214191942,0.19933530039129477,0.05582935271252609,0.048412790316212484,0.04869690527303605,0.02397250442558785,0.02402405551955178,-0.04081632653061229,-0.008264462809917328,-0.12507211124054185,-0.10768358070958173,0.07228522842227803,-0.002986084673626599,0.07527131309590462
120,2023-05-31,2023-06-30,0.43292764559118846,0.6039816622803293,0.6042561142891117,0.8779133347213404,0.879566130176655,0.46938775510204084,0.6378600823045267,0.6903885799469168,0.6602612743337838,0.711765771477741,0.5393328624979628,0.17243290897977825,0.5218863283272915,0.685441977911732,0.685841404332606,0.9051012967858527,0.9075793249913223,0.4897959183673469,0.6337448559670782,0.5835939458937199,0.5610131183759661,0.7489740750390829,0.6160360071872053,0.13293806785187756,0.08895868273610308,0.08146031563140266,0.08158529004349424,0.02718796206451235,0.028013194814667353,0.02040816326530609,-0.004115226337448541,-0.10679463405319689,-0.09924815595781766,0.03720830356134186,0.07670314468924255,-0.03949484112790069
120,2023-06-30,2023-07-31,0.49100773826027777,0.6606664405629982,0.658625338635989,0.9135217351300122,0.9150761873693984,0.5714285714285714,0.6995884773662552,0.6790916667484441,0.631794976300619,0.7771457639659638,0.5932228351095165,0.18392292885644734,0.570681602253626,0.7283372762500742,0.7266674562620554,0.9325128503315718,0.9353883003523643,0.5918367346938775,0.7119341563786008,0.6118817306885466,0.5541215846154302,0.800063134459785,0.6535743973399833,0.1464887371198017,0.07967386399334819,0.06767083568707599,0.06804211762606638,0.018991115201559605,0.02031211298296587,0.020408163265306145,0.012345679012345623,-0.06720993605989756,-0.07767339168518883,0.022917370493821254,0.06035156223046689,-0.03743419173664564
120,2023-07-31,2023-08-31,0.4773170656179358,0.648639095086603,0.6461944787976607,0.8982187774360373,0.9004499375180396,0.5102040816326531,0.6475409836065574,0.6718368014023929,0.5925467062683127,0.781364520653305,0.5700021444271699,0.21136237622613507,0.5631104260273523,0.7225252066185258,0.7204998657177387,0.9253002246201497,0.9277954528230782,0.5102040816326531,0.7049180327868853,0.6388716269495271,0.6052473959565414,0.7934804753820034,0.6527754597950532,0.14070501558695014,0.08579336040941649,0.07388611153192282,0.07430538692007804,0.027081447184112428,0.027345515305038592,0.0,0.05737704918032782,-0.03296517445286573,0.012700689688228683,0.01211595472869842,0.08277331536788335,-0.07065736063918493
120,2023-08-31,2023-09-28,0.5328042058632585,0.6984705754741383,0.6952019101006955,0.9153564984523236,0.9164649541713608,0.5102040816326531,0.6938775510204082,0.7269018300337848,0.6920924853964209,0.8031737482132129,0.6278605158009444,0.17531323241226848,0.6073541391236996,0.759014026919001,0.755719134122886,0.9378226609379184,0.9402600465615999,0.7142857142857143,0.763265306122449,0.7281068790525479,0.7186041957602781,0.8268855353171841,0.6933959167596665,0.13348961855751762,0.07454993326044113,0.06054345144486273,0.06051722402219051,0.022466162485594854,0.023795092390239136,0.20408163265306123,0.06938775510204087,0.0012050490187630603,0.026511710363857244,0.02371178710397126,0.06553540095872212,-0.04182361385475086
120,2023-09-28,2023-10-31,0.41779737016806234,0.5908926188868208,0.5893611865263054,0.8557378534578699,0.857639003650242,0.36,0.562753036437247,0.6918134060215476,0.6019124943360727,0.6606606027904108,0.5388200097805138,0.12184059300989702,0.4984552325152015,0.667075742101275,0.6652921244480953,0.8951338538108331,0.8981071225630574,0.7,0.7246963562753036,0.674215141854601,0.6567563537155223,0.7184873949579832,0.6140538731805254,0.1044335217774578,0.08065786234713918,0.0761831232144542,0.07593093792178984,0.0393960003529632,0.04046811891281532,0.33999999999999997,0.16194331983805665,-0.017598264166946653,0.05484385937944958,0.05782679216757236,0.07523386340001159,-0.01740707123243923
120,2023-10-31,2023-11-30,0.4802889427541213,0.6514598838635806,0.6489124236252546,0.8928433377113991,0.894038431622668,0.42,0.6895161290322581,0.635473727014865,0.5435924034419959,0.7090231053057359,0.6107083490480381,0.09831475625769781,0.5528433170978556,0.7148033041629182,0.7120400506743683,0.9244986957865164,0.9265617338705744,0.68,0.7540322580645161,0.6472561545972677,0.613340398462709,0.7581253366852218,0.6713051744767337,0.0868201622084881,0.0725543743437343,0.0633434202993376,0.06312762704911368,0.031655358075117324,0.03252330224790634,0.26000000000000006,0.06451612903225801,0.011782427582402666,0.06974799502071316,0.04910223137948588,0.0605968254286956,-0.011494594049209717
120,2023-11-30,2023-12-29,0.43741117748327535,0.6117840030381138,0.6086096787547275,0.8724565497990368,0.8744737975523464,0.48,0.6506024096385542,0.6736642067233233,0.6656068609257076,0.6969456564855216,0.5532376160674112,0.14370804041811047,0.5371861501288461,0.702386050532882,0.6989214026991063,0.9111930663665385,0.9133708347052907,0.68,0.7389558232931727,0.6330462930050208,0.5888931366894211,0.7806749218916134,0.6259660215877882,0.15470890030382511,0.09977497264557073,0.09060204749476819,0.09031172394437881,0.038736516567501766,0.038897037152944236,0.20000000000000007,0.08835341365461846,-0.04061791371830248,-0.07671372423628653,0.08372926540609171,0.07272840552037707,0.011000859885714642
120,2023-12-29,2024-01-31,0.32436487244991635,0.4920660183667298,0.48984215633850237,0.8120895746054307,0.8135110467348348,0.39215686274509803,0.4860557768924303,0.6165976992930725,0.5744997163748123,0.5054628406771521,0.4832205897896628,0.022242250887489268,0.4822819005243922,0.6521583420876708,0.6507289879931389,0.884671651329121,0.8882620460970526,0.49019607843137253,0.5617529880478087,0.6052673462626577,0.5531100710843572,0.6978291262732567,0.6030744844211813,0.09475464185207538,0.15791702807447583,0.16009232372094095,0.16088683165463658,0.07258207672369021,0.07475099936221785,0.0980392156862745,0.07569721115537842,-0.011330353030414853,-0.021389645290455173,0.19236628559610458,0.11985389463151847,0.07251239096458612
120,2024-01-31,2024-02-29,0.27212980283493554,0.4283521103474338,0.4278333896879005,0.7993560622684358,0.8001784298246968,0.4117647058823529,0.5555555555555556,0.39490357234853296,0.24906009126571138,0.36999225320938467,0.4515642710155932,-0.08157201780620854,0.2158249995219611,0.35544848327389245,0.35502642174131854,0.6583922270732502,0.6621551597815734,0.0392156862745098,0.2976190476190476,0.4249585516613181,0.30853336536544235,0.3567913646224668,0.35436575654152447,0.002425608080942332,-0.05630480331297444,-0.07290362707354137,-0.07280696794658198,-0.14096383519518563,-0.13802327004312342,-0.37254901960784315,-0.25793650793650796,0.030054979312785113,0.059473274099730966,-0.01320088858691787,-0.09719851447406874,0.08399762588715087
120,2024-02-29,2024-03-29,0.45716211122659933,0.6287060671509915,0.6274691164482348,0.8754691246799432,0.877001450002899,0.5490196078431373,0.7351778656126482,0.7147225154328081,0.7065699654162877,0.6706252346977094,0.620282774167382,0.050342460530327426,0.5560177109888635,0.7160371653196987,0.7146675864447702,0.9304332848268043,0.9317226451365459,0.7450980392156863,0.7707509881422925,0.6720974754456405,0.6818700122089857,0.7865344467640919,0.6936803666194254,0.09285408014466645,0.09885559976226421,0.08733109816870721,0.08719846999653547,0.05496416014686112,0.05472119513364693,0.196078431372549,0.035573122529644285,-0.0426250399871676,-0.024699953207302006,0.1159092120663825,0.07339759245204347,0.042511619614339025
120,2024-03-29,2024-04-30,0.40920066221887325,0.5819982477001064,0.5807557052585565,0.8267084830218148,0.8281809470631865,0.5294117647058824,0.6837944664031621,0.6956212380822547,0.6931808044195165,0.6309023609443778,0.572932121661721,0.057970239282656766,0.49242715505691287,0.6612819951185932,0.6599010925101191,0.9224489006566535,0.9238858311681604,0.6666666666666666,0.7272727272727273,0.5767616997969153,0.574227384646215,0.7433196549161524,0.635075297007731,0.10824435790842135,0.08322649283803962,0.07928374741848676,0.07914538725156262,0.09574041763483876,0.09570488410497391,0.13725490196078427,0.04347826086956519,-0.11885953828533946,-0.11895341977330143,0.11241729397177458,0.06214317534600999,0.050274118625764586
120,2024-04-30,2024-05-31,0.504327962040778,0.6691261258453579,0.6705026759678181,0.8689621831007719,0.8712863764410956,0.6274509803921569,0.766798418972332,0.6807131760072352,0.6777899504792593,0.732423278251052,0.6577961088350388,0.07462716941601322,0.6179595704358812,0.7620987846681209,0.7638751693522253,0.9370119403411227,0.9382935537128797,0.7450980392156863,0.8063241106719368,0.5709087176475973,0.5444085017261203,0.8435477608076625,0.7362707273025776,0.10727703350508488,0.11363160839510322,0.09297265882276295,0.09337249338440723,0.06804975724035078,0.06700717727178407,0.11764705882352944,0.03952569169960474,-0.10980445835963792,-0.13338144875313895,0.11112448255661045,0.07847461846753878,0.03264986408907167
120,2024-05-31,2024-06-28,0.5023616318435984,0.6698141991003325,0.6687625950978707,0.8758635384107369,0.8779676666457578,0.5882352941176471,0.7391304347826086,0.6975110323182362,0.5769485468217546,0.6965474605288187,0.6645505023549351,0.031996958173883594,0.6488241318672825,0.7883849254490667,0.7870143568707881,0.9451659205505296,0.9468818106320385,0.803921568627451,0.841897233201581,0.6220475357195676,0.6189483494997798,0.8360229676639468,0.7717348824927384,0.06428808517120843,0.1464625000236841,0.11857072634873422,0.11825176177291741,0.06930238213979267,0.06891414398628071,0.21568627450980393,0.1027667984189724,-0.07546349659866858,0.04199980267802528,0.13947550713512813,0.10718438013780329,0.03229112699732484
120,2024-06-28,2024-07-31,0.5136923185974529,0.6782193661093087,0.6787275224775224,0.8706706554528374,0.8726562315344274,0.6666666666666666,0.8063241106719368,0.7728657703285806,0.7885426255917085,0.7305368113606607,0.6686322278205341,0.06190458354012662,0.595959029568988,0.7462086934814491,0.7468349983018492,0.9412882196337499,0.9427118965397338,0.7450980392156863,0.7865612648221344,0.583192145047753,0.6032323490301398,0.8377953232295732,0.7143833240478918,0.12341199918168133,0.08226671097153515,0.06798932737214047,0.06810747582432675,0.07061756418091247,0.07005566500530636,0.07843137254901966,-0.01976284584980237,-0.18967362528082765,-0.18531027656156873,0.10725851186891244,0.045751096227357735,0.06150741564155471
120,2024-07-31,2024-08-30,0.3709724051527514,0.5411772056985753,0.5411814326217869,0.8317396499561514,0.8335141202510272,0.5882352941176471,0.6640316205533597,0.5310302460815958,0.47269817465753095,0.6545335877096093,0.5202933940100265,0.13424019369958284,0.29904085257548846,0.46029464606539705,0.46040253773791295,0.7685687637297017,0.772169162788303,0.13725490196078433,0.3438735177865613,0.43368342061289905,0.33460974052558184,0.7423097603078925,0.352769175990764,0.3895405843171285,-0.07193155257726297,-0.08088255963317825,-0.08077889488387391,-0.06317088622644962,-0.06134495746272417,-0.45098039215686275,-0.32015810276679846,-0.09734682546869672,-0.1380884341319491,0.08777617259828319,-0.16752421801926248,0.25530039061754567
120,2024-08-30,2024-09-30,0.46572873636873363,0.6359055684019749,0.6354910357049453,0.86134341146197,0.8636401167111148,0.5098039215686274,0.7154150197628458,0.663139383969311,0.5923839581843421,0.7024686669198633,0.6186687385668482,0.08379992835301509,0.503672711460035,0.6702586038364391,0.6699233252307668,0.8872337770208374,0.8911068064520867,0.29411764705882354,0.549407114624506,0.5504250759357318,0.4935682338745075,0.7183423450674935,0.636340601453624,0.08200174361386947,0.037943975091301374,0.03435303543446422,0.03443228952582156,0.025890365558867368,0.027466689740971884,-0.21568627450980388,-0.16600790513833985,-0.11271430803357929,-0.0988157243098346,0.015873678147630188,0.017671862886775802,-0.001798184739145614
120,2024-09-30,2024-10-31,0.287910443263658,0.44725221570340784,0.44709699307053086,0.7908233734505942,0.7922161059752327,0.39215686274509803,0.5118110236220472,0.5600316340927387,0.39785217372309806,0.5607070631413378,0.4173975599660997,0.1433095031752381,0.35914294349386794,0.5284452627637,0.52848443235947,0.8352515169695217,0.8399306113478939,0.0196078431372549,0.3110236220472441,0.4809726361715125,0.371200684472013,0.6792791235386909,0.443216644891879,0.2360624786468119,0.07123250023020994,0.08119304706029212,0.0813874392889391,0.04442814351892754,0.0477145053726612,-0.37254901960784315,-0.20078740157480313,-0.07905899792122623,-0.02665148925108507,0.11857206039735313,0.025819084925779334,0.0927529754715738
120,2024-10-31,2024-11-29,0.3303981206341304,0.49666349646860725,0.4966906003695301,0.8315722795793075,0.833451782842738,0.45098039215686275,0.5866141732283464,0.6386561889967496,0.6350400399938229,0.6293845606545714,0.4594181774618641,0.1699663831927073,0.45997677833555306,0.6300439690657353,0.6301151979416408,0.882791965390519,0.8846445119285129,0.27450980392156865,0.6417322834645669,0.45358842096762864,0.3701952176438853,0.7150331933902757,0.5786233561480999,0.1364098372421758,0.12957865770142268,0.1333804725971281,0.13342459757211073,0.0512196858112115,0.05119272908577488,-0.1764705882352941,0.055118110236220486,-0.18506776802912095,-0.26484482234993756,0.08564863273570433,0.11920517868623581,-0.03355654595053148
120,2024-11-29,2024-12-31,0.4083176529319151,0.5802953283852055,0.5798658450128156,0.8474512700324872,0.8486097548304264,0.47058823529411764,0.6811023622047244,0.6299565375058054,0.5762770112567988,0.6869125581079706,0.5484902776512506,0.13842228045672,0.5316591607265352,0.6949328301769104,0.6942264628565865,0.9026907604664625,0.90478142894286,0.5294117647058824,0.7204724409448819,0.5215671496227755,0.4443193447752179,0.7664225326642253,0.6572918030445495,0.10913072961967585,0.12334150779462011,0.11463750179170495,0.11436061784377094,0.05523949043397525,0.05617167411243351,0.05882352941176472,0.03937007874015752,-0.10838938788302988,-0.13195766648158086,0.07950997455625475,0.1088015253932989,-0.029291550837044156
120,2024-12-31,2025-01-27,0.5251294385270666,0.6892596941116096,0.6886358957626888,0.9044453435676318,0.906416289151128,0.6078431372549019,0.7480314960629921,0.6829348251500914,0.6676307025549668,0.7406801722123952,0.6736411005007805,0.06703907171161472,0.6069662626351026,0.7551309271054494,0.7554187996950223,0.9357961645429749,0.9383031311034279,0.5294117647058824,0.7755905511811023,0.594549274282972,0.5649626731307809,0.8054317944828894,0.7305613113084145,0.07487048317447487,0.08183682410803594,0.06587123299383979,0.06678290393233355,0.03135082097534303,0.03188684195229985,-0.07843137254901955,0.027559055118110187,-0.08838555086711941,-0.10266802942418596,0.06475162227049414,0.056920210807633986,0.00783141146286015
120,2025-01-27,2025-02-28,0.4935507972454056,0.6613812051783552,0.6609092883290935,0.9050313320109207,0.9062389277363931,0.5294117647058824,0.7165354330708661,0.6524191445058944,0.58820271985606,0.730960729312763,0.6416012120728839,0.08935951723987912,0.6359923007044982,0.7771834900131191,0.7775003591772705,0.9451069505672115,0.947101420695639,0.7254901960784313,0.8267716535433071,0.5531475573162428,0.5154373933118116,0.7873751731175742,0.7723985307202664,0.014976642397307782,0.14244150345909257,0.11580228483476396,0.11659107084817699,0.040075618556290826,0.04086249295924582,0.196078431372549,0.11023622047244097,-0.09927158718965168,-0.07276532654424839,0.0564144438048112,0.13079731864738253,-0.07438287484257133
120,2025-02-28,2025-03-31,0.4973921509538932,0.6651270923744576,0.6643445414576754,0.9011439513759338,0.9028994580345222,0.6078431372549019,0.7215686274509804,0.5945106760847656,0.4775357135910557,0.7563910311339618,0.6398269855095415,0.11656404562442024,0.6049771842789113,0.7541421906725151,0.7538763668478156,0.9409647776992551,0.9429689970766044,0.7450980392156863,0.8,0.4956562033933361,0.477972966795077,0.8356986755838753,0.7201265113827299,0.11557216420114547,0.10758503332501812,0.08901509829805754,0.08953182539014015,0.03982082632332129,0.040069539042082214,0.13725490196078438,0.07843137254901966,-0.0988544726914295,0.00043725320402132617,0.07930764444991356,0.08029952587318834,-0.0009918814232747764
120,2025-03-31,2025-04-30,0.3297584098959913,0.49577571480470894,0.49596739895299297,0.8097604867944007,0.8118869235205284,0.5490196078431373,0.6039215686274509,0.46221944568729295,0.3356233319977015,0.5625833361824336,0.4762589640638421,0.08632437211859151,0.36858906488226323,0.5384930701645836,0.538640961469281,0.8243869117552124,0.8282707194847418,0.49019607843137253,0.7019607843137254,0.3707199772986104,0.285390619596198,0.6588031045751634,0.4862085034617433,0.17259460111342012,0.03883065498627192,0.04271735535987464,0.04267356251628801,0.01462642496081168,0.016383795964213466,-0.058823529411764774,0.0980392156862745,-0.09149946838868256,-0.05023271240150351,0.09621976839272983,0.00994953939790122,0.08627022899482861
120,2025-04-30,2025-05-30,0.4814604518315869,0.6490686831667092,0.6499808364595069,0.8846929878721009,0.886795588451347,0.6274509803921569,0.7755905511811023,0.6083160821210042,0.5652737434065478,0.7002765369070411,0.6347859622059391,0.06549057470110198,0.5296554421647761,0.6912225341655259,0.692516010553599,0.9184415867949319,0.9208742712385425,0.7647058823529411,0.8307086614173228,0.5417377484750588,0.5131862000241922,0.8007875953728771,0.6410163871564393,0.15977120821643787,0.04819499033318919,0.042153850998816744,0.04253517409409213,0.033748598922831,0.0340786827871955,0.13725490196078427,0.055118110236220486,-0.06657833364594534,-0.05208754338235555,0.10051105846583608,0.006230424950500191,0.09428063351533589
120,2025-05-30,2025-06-30,0.4802171470500562,0.649291964749378,0.6488468911565943,0.8808124820015946,0.8826153686610387,0.6078431372549019,0.7372549019607844,0.5256792694098268,0.33444623007286295,0.7366787377133989,0.6260972763027551,0.11058146141064373,0.5261485017487475,0.6904577311914656,0.6895115398611036,0.9132055221882306,0.9166501310473736,0.7450980392156863,0.7725490196078432,0.6006663102809764,0.5781817903140861,0.8122394417255755,0.6271096549123137,0.18512978681326175,0.04593135469869131,0.04116576644208758,0.040664648704509254,0.032393040186636024,0.03403476238633485,0.13725490196078438,0.03529411764705881,0.0749870408711496,0.24373556024122317,0.07556070401217663,0.0010123786095586063,0.07454832540261802
120,2025-06-30,2025-07-31,0.44764871382636656,0.6196249333549688,0.6184493648920664,0.8656064213843923,0.8679416290526158,0.5686274509803921,0.7490196078431373,0.4914174605616299,0.24669195052606738,0.6809811563628563,0.6027106949236077,0.07827046143924854,0.4721174599568329,0.6422825792991539,0.6414127578796285,0.8917097319119985,0.8954337751975867,0.6862745098039216,0.7333333333333333,0.5610694334164203,0.5344058154066141,0.7040198180569145,0.6058394160583942,0.0981804019985203,0.024468746130466346,0.022657645944185067,0.022963392987562115,0.026103310527606283,0.027492146144970864,0.11764705882352944,-0.015686274509803977,0.06965197285479047,0.28771386488054673,0.023038661694058216,0.0031287211347864607,0.019909940559271755
120,2025-07-31,2025-08-29,0.41909572931822764,0.5916878880434532,0.5906518082745167,0.885715083006378,0.8876532832434694,0.6274509803921569,0.6901960784313725,0.5304260361358232,0.3583732834722891,0.6201753145765587,0.5837619361373627,0.03641337843919601,0.4847405784199594,0.6538378644662706,0.6529633330771004,0.9034990585571985,0.9060799921573809,0.7450980392156863,0.7568627450980392,0.5530238024382793,0.5110594306112854,0.7184907018056711,0.6201884253028264,0.09830227650284473,0.06564484910173174,0.06214997642281739,0.06231152480258373,0.017783975550820452,0.018426708913911516,0.11764705882352944,0.06666666666666665,0.022597766302456135,0.15268614713899636,0.09831538722911237,0.03642648916546365,0.06188889806364872
120,2025-08-29,2025-09-30,0.21261029718771166,0.35133083928735703,0.35066549852132695,0.7247780401695627,0.7268763726437778,0.4807692307692308,0.47265625,0.4523758631625284,0.3056876337772103,0.5618413320274241,0.30011723329425555,0.2617240987331686,0.35930310033939244,0.5293084674018067,0.52865781038781,0.8174060796734282,0.8238244808169526,0.4423076923076923,0.45703125,0.40515576003329207,0.31777177686874425,0.6881297446514838,0.449894175025306,0.2382355696261778,0.1466928031516808,0.17797762811444967,0.17799231186648307,0.09262803950386544,0.09694810817317479,-0.03846153846153849,-0.015625,-0.04722010312923636,0.012084143091533939,0.12628841262405965,0.14977694173105044,-0.023488529106990785
120,2025-09-30,2025-10-31,0.46123493119764586,0.6316006380266964,0.6312946964929343,0.9095645474801675,0.9114049004579101,0.4423076923076923,0.72265625,0.5279485382196684,0.4345113549566227,0.7343634832052227,0.5896432755451898,0.1447202076600329,0.472189933907223,0.6418027782018012,0.6414796393207512,0.9200804551040189,0.9239223038300665,0.5384615384615384,0.703125,0.48830498557346835,0.4517658695097097,0.753185955786736,0.58125589066918,0.17193006511755593,0.010955002709577166,0.01020214017510479,0.0101849428278169,0.010515907623851461,0.012517403372156344,0.09615384615384615,-0.01953125,-0.03964355264620001,0.01725451455308702,0.01882247258151326,-0.008387384876009762,0.027209857457523023
120,2025-10-31,2025-11-28,0.44519824370275,0.6168230711176502,0.6161068153004466,0.8904375458819369,0.8924389739170783,0.4807692307692308,0.6303501945525292,0.4978936380215524,0.38128373359572015,0.6988818297331639,0.5816589891861871,0.11722284054697685,0.5085226783098268,0.6747932151705737,0.6741995803199775,0.9261357594191507,0.9297214980524778,0.6538461538461539,0.7276264591439688,0.4494730707618417,0.39662178525984254,0.7710314557425019,0.624349321435211,0.14668213430729082,0.06332443460707676,0.057970144052923445,0.05809276501953087,0.03569821353721381,0.037282524135399564,0.17307692307692307,0.09727626459143968,-0.04842056725971072,0.015338051664122387,0.07214962600933794,0.042690332249023966,0.029459293760313976
120,2025-11-28,2025-12-31,0.47393255905290915,0.6434752799573399,0.6430858130407805,0.8940569483836919,0.8964255473344886,0.6923076923076923,0.7315175097276264,0.5809081758826941,0.5851856756631976,0.7322179180746724,0.6094275384469438,0.12279037962772865,0.5102682988563934,0.675719117557438,0.6757319864858173,0.9250856426964037,0.9282559099613233,0.5961538461538461,0.7587548638132295,0.5302614569150924,0.49687081108056536,0.764936515534888,0.6309394414379369,0.13399707409695105,0.0363357398034842,0.03224383760009808,0.03264617344503684,0.031028694312711824,0.031830362626834696,-0.09615384615384615,0.027237354085603127,-0.050646718967601645,-0.08831486458263221,0.03271859746021555,0.021511902990993148,0.0112066944692224
120,2025-12-31,2026-01-30,0.43813797093854734,0.6100074478272104,0.6093128472960253,0.888177660234584,0.8897085676822167,0.6538461538461539,0.7159533073929961,0.5034208738207092,0.38475932919928835,0.7320013583880461,0.5652182947862768,0.1667830636017693,0.443213508878625,0.6148922908527038,0.6142036589208499,0.8817590057221447,0.8851641733425165,0.75,0.6264591439688716,0.4432828098097863,0.3828699270008718,0.7569126906226809,0.5488210988227694,0.20809159179991144,0.005075537940077646,0.004884843025493413,0.004890811624824631,-0.006418654512439281,-0.0045443943397002196,0.09615384615384615,-0.08949416342412453,-0.06013806401092292,-0.0018894021984165454,0.02491133223463471,-0.016397195963507416,0.041308528198142125
120,2026-01-30,2026-02-27,0.5547961765035411,0.7134007173133355,0.7136577577019498,0.9390194487298726,0.9405178053550249,0.6153846153846154,0.77431906614786,0.6681773858405977,0.6050864455972539,0.7997371162144735,0.6753787175482476,0.12435839866622589,0.5955456030987109,0.746317785362154,0.7465102870668204,0.9533938898635461,0.9557486546670081,0.6730769230769231,0.7392996108949417,0.6081535330252972,0.5744907410948455,0.8385739688597823,0.6966968368013436,0.14187713205843866,0.04074942659516978,0.03291706804881844,0.0328525293648706,0.014374441133673477,0.015230849311983152,0.05769230769230771,-0.035019455252918275,-0.06002385281530054,-0.03059570450240834,0.038836852645308784,0.021318119253096013,0.01751873339221277
120,2026-02-27,2026-03-31,0.36377496963588907,0.534085562958129,0.5334823966347065,0.8308715768095657,0.8332959609316797,0.5961538461538461,0.6186770428015564,0.5593655062737953,0.4172678055131662,0.5890891952397784,0.5079629774708733,0.08112621776890516,0.4833796259853588,0.6523629575669277,0.6517274708613664,0.9122882935569053,0.9154360771970111,0.5,0.6770428015564203,0.5335413446515526,0.4778154324041795,0.7708623015461243,0.5840620103111281,0.1868002912349962,0.1196046563494697,0.11827739460879871,0.11824507422665986,0.08141671674733963,0.08214011626533146,-0.09615384615384615,0.05836575875486383,-0.02582416162224277,0.060547626891013284,0.1817731063063459,0.07609903284025488,0.10567407346609103
120,2026-03-31,2026-04-30,0.4910565254657825,0.6595372439125989,0.6586692282673645,0.8990769379942296,0.9004739704079872,0.6346153846153846,0.7626459143968871,0.6466927002786681,0.5100367740222889,0.7166228536271604,0.638335220249904,0.07828763337725642,0.537959729981378,0.7000022716774824,0.6995758334815331,0.9340765776659858,0.9369709540348831,0.5961538461538461,0.6926070038910506,0.5743477453508888,0.4934846195899733,0.7924875492529552,0.643656170793527,0.14883137845942818,0.04690320451559549,0.04046502776488348,0.04090660521416856,0.03499963967175623,0.03649698362689591,-0.038461538461538436,-0.07003891050583655,-0.07234495492777926,-0.016552154432315558,0.07586469562579479,0.0053209505436230264,0.07054374508217176
120,2026-04-30,2026-05-29,0.49328777567559934,0.6594040420054508,0.6606734263962271,0.8983058085151657,0.8995683743883296,0.7115384615384616,0.7626459143968871,0.7055721668058984,0.6792803841241549,0.7353333522549882,0.6318885894719519,0.10344476278303627,0.5493167468827126,0.7077907363205125,0.7091083834057302,0.9233773633348322,0.9258037697789228,0.5192307692307693,0.688715953307393,0.5658813781688972,0.5289884253074417,0.7716796837519909,0.6663178743600284,0.10536180939196249,0.056028971207113254,0.04838669431506171,0.04843495700950318,0.025071554819666497,0.026235395390593164,-0.1923076923076923,-0.07392996108949412,-0.13969078863700124,-0.1502919588167132,0.036346331497002726,0.034429284888076506,0.0019170466089262206
120,2026-05-29,2026-06-30,0.44322396265107555,0.6158708024827022,0.6142136967250905,0.8705596271039672,0.8722613393739718,0.6346153846153846,0.708171206225681,0.6935564118510127,0.6465478550131321,0.6947336105606877,0.5864734400033291,0.10826017055735859,0.4915312551114219,0.6604823185242448,0.6590961515918123,0.8984228702872492,0.9015596116275604,0.4807692307692308,0.603112840466926,0.6186761312379608,0.6117445467790074,0.7474967522734086,0.6073299068501178,0.14016684542329083,0.048307292460346374,0.044611516041542565,0.04488245486672182,0.027863243183282038,0.02929827225358861,-0.1538461538461538,-0.10505836575875493,-0.07488028061305185,-0.0348033082341247,0.052763141712720896,0.020856466846788657,0.03190667486593224
120,2026-06-30,2026-07-31,0.4674837763479277,0.6382427773512187,0.6371229227642123,0.8752643041646626,0.8767106479562811,0.6730769230769231,0.7286821705426356,0.603039453157539,0.47984362777052597,0.6468246124304634,0.635123623413012,0.011700989017451424,0.4829963440189041,0.65237191936528,0.6513790084067088,0.8911318695429132,0.8938782785249951,0.5192307692307693,0.751937984496124,0.6328976619380708,0.6295910296613312,0.6958063552146628,0.6259936358906728,0.06981271932399002,0.015512567670976418,0.014129142014061347,0.014256085642496474,0.015867565378250625,0.017167630568714065,-0.15384615384615385,0.023255813953488413,0.029858208780531803,0.1497474018908052,0.04898174278419942,-0.009129987522339178,0.0581117303065386
120,2026-07-31,2026-08-31,0.5378996485972695,0.6998186260548919,0.6995250295920049,0.9200888151786906,0.9218981792096878,0.6346153846153846,0.7644787644787645,0.7288881035862755,0.7120624726258035,0.6963261907049743,0.7008854752702901,-0.0045592845653158465,0.5674693347895271,0.7243265930178526,0.7240579731860903,0.9473503054406578,0.9486200923135483,0.5961538461538461,0.752895752895753,0.6870520467879291,0.6556608873474622,0.7645829705728713,0.7031846551290551,0.06139831544381613,0.029569686192257638,0.02450796696296076,0.02453294359408542,0.027261490261967225,0.026721913103860517,-0.038461538461538436,-0.01158301158301156,-0.041836056798346455,-0.05640158527834127,0.06825677986789702,0.0022991798587650436,0.06595760000913198
120,2026-08-31,2026-09-03,0.8879432824637917,0.9406567074768805,0.9406461419805087,0.9898719765769491,0.9908684204947661,0.9423076923076923,0.9652509652509652,0.77599942038827,0.6558035166472848,0.9480298420976387,0.9387348607138475,0.009294981383791256,0.8907900325640663,0.942251675465199,0.9422410920540786,0.9936675295176446,0.994482098204327,0.9423076923076923,0.9575289575289575,0.8871732168030416,0.8594134059922759,0.9537833638661504,0.9367521178474265,0.017031246018723856,0.0028467501002745754,0.0015949679883184853,0.0015949500735699118,0.003795552940695446,0.003613677709560892,0.0,-0.007722007722007707,0.11117379641477165,0.20360988934499114,0.005753521768511627,-0.0019827428664209723,0.007736264634932599
252,2016-01-29,2016-02-29,0.7672564821303434,0.8831417624521073,0.8683023543990087,0.9631159591794891,0.9657888822727564,0.8,0.9054054054054054,0.7077505935809014,0.5705142218797683,0.9158819836785939,0.8768768768768769,0.03900510680171698,0.8684577484428744,0.942303812789994,0.9295984874869396,0.9709139765909303,0.9762403011830689,0.8666666666666667,0.9459459459459459,0.8133472266304022,0.7534794737212991,0.9616342800199302,0.9373972429492854,0.02423703707064484,0.10120126631253101,0.059162050337886685,0.061296133087930915,0.007798017411441149,0.010451418910312538,0.06666666666666665,0.04054054054054057,0.10559663304950073,0.18296525184153078,0.045752296341336374,0.060520366072408516,-0.014768069731072142
252,2016-02-29,2016-03-31,0.7273580879214682,0.866395526182003,0.8421624827040917,0.9558102646228209,0.958983108981375,0.8666666666666667,0.8513513513513513,0.6105409139847336,0.42322078791980006,0.9169859514687101,0.8568146087797799,0.06017134268893021,0.8424364001094191,0.9222399680574965,0.9144808472730872,0.9546060289128061,0.9609975125594784,0.7333333333333333,0.9459459459459459,0.7548579274491476,0.6334686688780411,0.944770283479961,0.9164576016056196,0.028312681874341328,0.11507831218795095,0.05584444187549353,0.07231836456899554,-0.0012042357100148227,0.002014403578103452,-0.13333333333333341,0.09459459459459463,0.14431701346441395,0.21024788095824104,0.027784332011250856,0.059642992825839736,-0.03185866081458888
252,2016-03-31,2016-04-29,0.6336497244335578,0.8125245386729486,0.7757473526379908,0.9463714662787234,0.9488108660055206,0.7333333333333333,0.8,0.6544819537633588,0.4457434002614243,0.8697819314641745,0.8018175463124781,0.06796438515169634,0.7810936978992997,0.8864711447492905,0.8770944491247776,0.9438657091759246,0.9511289029055118,0.8,0.92,0.8107895469678031,0.760004650754819,0.8954372623574145,0.8842428537680133,0.011194408589401239,0.1474439734657419,0.07394660607634185,0.10134709648678686,-0.002505757102798767,0.002318036899991216,0.06666666666666676,0.12,0.15630759320444432,0.31426125049339476,0.025655330893240014,0.08242530745553511,-0.0567699765622951
252,2016-04-29,2016-05-31,0.6236842105263158,0.815465411082941,0.7682333873581848,0.9419089983467857,0.9446719522341969,0.8125,0.8205128205128205,0.7313828792124202,0.6463418789849537,0.8602941176470589,0.8076923076923077,0.052601809954751166,0.7751908396946565,0.8964512711864406,0.8733605676198667,0.9422491290843102,0.9478525768478483,0.8125,0.9487179487179487,0.7601924125373498,0.6898791871840557,0.9043269230769231,0.8946799307958477,0.00964699228107535,0.15150662916834068,0.08098586010349962,0.10512718026168189,0.000340130737524591,0.0031806246136514282,0.0,0.1282051282051282,0.028809533324929637,0.043537308199102065,0.04403280542986421,0.08698762310354002,-0.042954817673675816
252,2016-05-31,2016-06-30,0.5332382819461772,0.7314211212516297,0.6955713123329071,0.9293526652196437,0.9316133999577761,0.7647058823529411,0.7682926829268293,0.698676559324021,0.6118153397462803,0.7667238421955404,0.7255535493680509,0.04117029282748941,0.6910794404856162,0.8361139937734493,0.8173234490831057,0.9195358579648417,0.9253656057393951,0.7058823529411765,0.8658536585365854,0.715566292803828,0.6363855181479199,0.8494279176201373,0.8333011023012957,0.016126815318841525,0.15784115853943903,0.10469287252181958,0.12175213675019858,-0.00981680725480194,-0.006247794218381064,-0.05882352941176461,0.09756097560975607,0.016889733479807045,0.024570178401639553,0.0827040754245969,0.10774755293324478,-0.025043477508647882
252,2016-06-30,2016-07-29,0.4352881698685541,0.6404343945254388,0.6065516026769989,0.8763370233276487,0.8792629242845807,0.6470588235294118,0.7764705882352941,0.6087115005403307,0.4587641769603153,0.7677672076105204,0.6209144719910783,0.14685273561944212,0.5556520323438433,0.747645125958379,0.7143654503593106,0.9052434305567848,0.910696150023436,0.6470588235294118,0.8470588235294118,0.6535078943454469,0.5381790085851051,0.8723784024988844,0.7232407892439322,0.14913761325495223,0.12036386247528919,0.10721073143294013,0.10781384768231173,0.028906407229136066,0.03143322573885521,0.0,0.07058823529411762,0.04479639380511613,0.07941483162478985,0.10461119488836401,0.1023263172528539,0.0022848776355101075
252,2016-07-29,2016-08-31,0.47762752075919335,0.6778451178451178,0.6464789184676151,0.9061158701245515,0.907782526700033,0.7222222222222222,0.7528089887640449,0.6616976148132354,0.5761047921097586,0.7726702883409946,0.659629124187204,0.11304116415379062,0.5900672105074137,0.7716720343531938,0.7421915332989159,0.9096096570493265,0.9149968901663585,0.6111111111111112,0.8089887640449438,0.6791259498929567,0.6306869446630791,0.8676046176046176,0.7497527200791295,0.11785189752548808,0.11243968974822038,0.09382691650807595,0.09571261483130078,0.0034937869247749775,0.007214363466325535,-0.11111111111111105,0.0561797752808989,0.017428335079721302,0.05458215255332044,0.094934329263623,0.09012359589192553,0.004810733371697462
252,2016-08-31,2016-09-30,0.44819236161264286,0.646168922643474,0.6189679955410836,0.8889854546495912,0.8920603702214649,0.6842105263157895,0.7065217391304348,0.5900142775346968,0.43408570360689863,0.7884841363102233,0.6197909104109192,0.16869322589930413,0.5227507988658355,0.7084044888997316,0.6865874564047999,0.8776957819226979,0.8855281107581038,0.5789473684210527,0.782608695652174,0.55469564448268,0.46152741437371736,0.8565821256038647,0.6708957505350046,0.1856863750688601,0.07455843725319267,0.06223556625625759,0.06761946086371629,-0.011289672726893296,-0.006532259463361112,-0.10526315789473684,0.07608695652173914,-0.03531863305201677,0.027441710766818728,0.06809798929364141,0.05110484012408545,0.016993149169555966
252,2016-09-30,2016-10-31,0.6250912408759124,0.8063320190666745,0.7692998708663186,0.953459857780448,0.9559503229025604,0.8,0.7916666666666666,0.7343416455432435,0.6369993811751902,0.8729535036018337,0.7917354186096563,0.08121808499217731,0.7683376789491809,0.8841211435041042,0.8689942968423982,0.9559144254649832,0.9610849964648627,0.9,0.9479166666666666,0.6823710483271942,0.6584557391217989,0.9056557776694295,0.877608198776082,0.028047578893347525,0.14324643807326853,0.07778912443742969,0.09969442597607958,0.002454567684535225,0.005134673562302239,0.09999999999999998,0.15625,-0.05197059721604935,0.021456357946608717,0.03270227406759585,0.08587278016642563,-0.053170506098829784
252,2016-10-31,2016-11-30,0.5001988545975183,0.6961696003542566,0.6668434028790329,0.9227644534293712,0.9248971248617549,0.55,0.7346938775510204,0.6829071914993284,0.5891100931723925,0.7846394984326018,0.6771981715514923,0.10744132688110952,0.6447652805394657,0.802669106172308,0.7840210249671485,0.9052168895637502,0.9112250173595746,0.7,0.8877551020408163,0.5693578937577498,0.4898270172755574,0.8675842429995254,0.7836314287702694,0.08395281422925605,0.14456642594194735,0.10649950581805145,0.11717762208811566,-0.017547563865620952,-0.013672107502180286,0.1499999999999999,0.15306122448979587,-0.11354929774157863,-0.0992830758968351,0.08294474456692358,0.10643325721877706,-0.023488512651853477
252,2016-11-30,2016-12-30,0.4780749835562377,0.6642128242879627,0.6468886746273085,0.9046395168687245,0.9069727794170822,0.47619047619047616,0.6831683168316832,0.7202363309035932,0.6578395456929302,0.7684146711124583,0.6432491767288694,0.12516549438358893,0.6093718276688188,0.7619313566206336,0.7572791037997679,0.8968330109648225,0.9052531919628107,0.7619047619047619,0.9108910891089109,0.49269668759121976,0.4204672933794729,0.8747183415953133,0.7291257045484336,0.14559263704687964,0.13129684411258113,0.09771853233267092,0.11039042917245945,-0.007806505903901972,-0.0017195874542714762,0.2857142857142857,0.2277227722772277,-0.22753964331237342,-0.23737225231345732,0.10630367048285494,0.08587652781956423,0.02042714266329071
252,2016-12-30,2017-01-26,0.5052816257904164,0.6985699125776946,0.6713449724400845,0.885228977953172,0.8884124309399354,0.7619047619047619,0.7403846153846154,0.680120475210871,0.5668172226462733,0.8195645690426484,0.6738865904112923,0.14567797863135612,0.5901388517002639,0.7498055987558321,0.742248201871497,0.8890195600719032,0.8969518397041076,0.7619047619047619,0.8846153846153846,0.4586725002563056,0.400699518480189,0.8678149409172842,0.7119938394404158,0.15582110147686834,0.08485722590984757,0.05123568617813745,0.07090322943141247,0.0037905821187311783,0.008539408764172252,0.0,0.14423076923076916,-0.22144797495456542,-0.16611770416608435,0.04825037187463577,0.03810724902912355,0.01014312284551222
252,2017-01-26,2017-02-28,0.5769874172667103,0.7392600875966825,0.7317590628170833,0.9178406738224456,0.9203197380265474,0.7142857142857143,0.7714285714285715,0.637802698778354,0.4986766617334125,0.8474487112046292,0.7159682899207248,0.13148042128390436,0.6653398891750566,0.7999812321118566,0.7990439591339394,0.9483929478520554,0.9542674191438922,0.8095238095238095,0.9142857142857143,0.532326259291375,0.4890333862803275,0.8814384716238997,0.7727557280580944,0.1086827435658052,0.08835247190834628,0.060721144515174075,0.06728489631685619,0.030552274029609805,0.03394768111734481,0.09523809523809523,0.1428571428571428,-0.10547643948697905,-0.00964327545308502,0.03398976041927049,0.05678743813736964,-0.022797677718099152
252,2017-02-28,2017-03-31,0.5045514984146466,0.6785419532324621,0.670700203942896,0.888549787023076,0.8921147486459683,0.5909090909090909,0.7452830188679245,0.600318823303797,0.3883364568397486,0.7978617603182496,0.6515628513604678,0.14629890895778186,0.5469803420623093,0.7097799060686988,0.7071587494552377,0.9075661965498674,0.9164976905634343,0.5454545454545454,0.8018867924528302,0.41001526756496953,0.3593997857738251,0.8511220580186097,0.6620681160312866,0.18905394198732317,0.04242884364766264,0.03123795283623665,0.03645854551234173,0.0190164095267914,0.02438294191746604,-0.045454545454545525,0.05660377358490576,-0.1903035557388275,-0.028936671065923514,0.053260297700360115,0.010505264670818804,0.04275503302954131
252,2017-03-31,2017-04-28,0.5350948785962049,0.7077635840230299,0.6971489333421944,0.9307275686778416,0.9332374958335617,0.6818181818181818,0.7663551401869159,0.6089124871258775,0.4246591885960827,0.7834191807701741,0.6907738914899477,0.09264528928022642,0.5478398786332448,0.7122237661930163,0.7078766818141317,0.9051470443344277,0.9106964896006624,0.8181818181818182,0.822429906542056,0.49691290633506985,0.46420177728717404,0.8282436308419099,0.6702478329874252,0.1579957978544847,0.012745000037039933,0.0044601821699864486,0.010727748471937248,-0.025580524343413846,-0.02254100623289934,0.13636363636363646,0.05607476635514019,-0.11199958079080768,0.03954258869109134,0.044824450071735744,-0.020526058502522537,0.06535050857425828
252,2017-04-28,2017-05-31,0.4814084962041673,0.6478567081123381,0.6499334888893735,0.8930306295355747,0.8965533023247592,0.6363636363636364,0.7407407407407407,0.6957482912897451,0.55873972103887,0.7817410825642305,0.6195966935186648,0.16214438904556572,0.5920938163343424,0.7448671365407346,0.7437926210876027,0.9286292360105184,0.9352711502879332,0.7727272727272727,0.8333333333333334,0.5015666077022893,0.42342479479318385,0.8251106376003934,0.7156253733126269,0.1094852642877665,0.11068532013017512,0.09701042842839647,0.09385913219822917,0.03559860647494373,0.03871784796317401,0.13636363636363635,0.09259259259259267,-0.1941816835874558,-0.1353149262456862,0.04336955503616291,0.09602867979396212,-0.052659124757799214
252,2017-05-31,2017-06-30,0.5420293620891257,0.7165614667868951,0.703007835537956,0.9177603360874647,0.9218346654873225,0.6818181818181818,0.7522935779816514,0.7039511009482153,0.5545719304565426,0.7752140818268316,0.703641603353419,0.07157247847341264,0.6665364675804275,0.8114031295928071,0.7999062493341572,0.9441926882986367,0.9508615582236865,0.7727272727272727,0.8532110091743119,0.5687171893841383,0.48864139743843915,0.8764994086838993,0.7890212024397328,0.08747820624416647,0.12450710549130184,0.094841662805912,0.09689841379620123,0.026432352211172017,0.02902689273636394,0.09090909090909094,0.1009174311926605,-0.13523391156407705,-0.06593053301810348,0.1012853268570677,0.08537959908631387,0.01590572777075383
252,2017-06-30,2017-07-31,0.5336723734916925,0.7139536849222448,0.6959405186085309,0.9249998394951445,0.9284205609120803,0.7391304347826086,0.7477477477477478,0.7301660563720586,0.6145739535888552,0.7781926811053025,0.700819463531328,0.07737321757397453,0.5854099546321258,0.7450939369848111,0.7384966303784344,0.9205496972194939,0.9275051301299286,0.5217391304347826,0.7117117117117117,0.5197778295212544,0.4551154219956651,0.8410904255319149,0.7127998657943299,0.12829055973758507,0.05173758114043325,0.03114025206256632,0.04255611176990348,-0.004450142275650659,-0.0009154307821516161,-0.21739130434782605,-0.03603603603603611,-0.21038822685080416,-0.15945853159319012,0.06289774442661245,0.0119804022630019,0.050917342163610546
252,2017-07-31,2017-08-31,0.5645516941519922,0.7293664486618786,0.7216785437798996,0.9427577645574887,0.9451911898158706,0.6956521739130435,0.7678571428571429,0.7543960880187158,0.6471205678475951,0.8398378104409528,0.7085855937455309,0.13125221669542197,0.6241409634237697,0.7729509519199742,0.7685797938475113,0.9360836736925798,0.9422456847765637,0.5652173913043478,0.7321428571428571,0.49861561651724845,0.4223030344998831,0.8708868693199624,0.7390005431830526,0.13188632613690976,0.059589269271777434,0.0435845032580956,0.0469012500676117,-0.006674090864908888,-0.002945505039306906,-0.13043478260869568,-0.03571428571428581,-0.2557804715014674,-0.22481753334771198,0.03104905887900955,0.030414949437521765,0.0006341094414877846
252,2017-08-31,2017-09-29,0.6120664992529959,0.7724555702651743,0.7593563907402295,0.9449902291040115,0.9478951752331717,0.8260869565217391,0.7982456140350878,0.7582850441690959,0.6573116408026805,0.8647030651340997,0.753891378728736,0.11081168640536365,0.7020213793333111,0.82793967480952,0.8249266288397574,0.9497377625524444,0.9548869937455229,0.782608695652174,0.9035087719298246,0.5489321811325378,0.5032273356621031,0.9129514885899954,0.7980896789599363,0.1148618096300591,0.08995488008031516,0.055484104544345714,0.06557023809952789,0.004747533448432817,0.0069918185123512,-0.04347826086956519,0.10526315789473684,-0.2093528630365581,-0.15408430514057736,0.04824842345589575,0.044198300231200305,0.0040501232246954455
252,2017-09-29,2017-10-31,0.6768591453203499,0.8167496164352804,0.8072939783991715,0.9543272572376105,0.9569036977385446,0.9166666666666666,0.8376068376068376,0.8139337955932302,0.7208475660260372,0.877797672336616,0.804493372275893,0.07330430006072297,0.7615996319663512,0.871873001542339,0.8646682460034696,0.9653458451605419,0.9694150872712326,0.9166666666666666,0.9230769230769231,0.5974494985126781,0.5401145569501099,0.9095271700776288,0.8581905836496051,0.051336586428023745,0.08474048664600131,0.05512338510705861,0.05737426760429809,0.011018587922931422,0.012511389532688044,0.0,0.0854700854700855,-0.21648429708055206,-0.18073300907592726,0.03172949774101286,0.053697211373712084,-0.021967713632699226
252,2017-10-31,2017-11-30,0.6137273096328945,0.7795005892751915,0.7606332321072398,0.9466191757145697,0.948935566722119,0.875,0.7711864406779662,0.7853904007483288,0.6269769359156884,0.8244879982382735,0.7704657025341648,0.05402229570410866,0.6752650928204661,0.8109833971902938,0.8061590917334688,0.9400966658932899,0.9446944175894919,0.75,0.9067796610169492,0.5276308254836569,0.4620715993559379,0.8897659227000544,0.7821209552774593,0.1076449674225951,0.06153778318757164,0.03148280791510227,0.045525859626229015,-0.006522509821279776,-0.004241149132627076,-0.125,0.13559322033898302,-0.25775957526467186,-0.16490533655975048,0.06527792446178093,0.011655252743294486,0.05362267171848645
252,2017-11-30,2017-12-29,0.6301972470554846,0.7819487974081769,0.7731545961002786,0.940050474356039,0.9425572887718018,0.7916666666666666,0.8666666666666667,0.7858518169663644,0.6537880453986769,0.8492998444098688,0.7692693949284459,0.0800304494814229,0.6963468270352751,0.8196513470681458,0.82099581988465,0.9541020587458074,0.9586420067051622,0.9166666666666666,0.8916666666666667,0.6135600853060157,0.5665708183737144,0.897289396757906,0.7916526905937036,0.1056367061642024,0.06614957997979043,0.03770254965996889,0.04784122378437139,0.014051584389768501,0.016084717933360415,0.125,0.025000000000000022,-0.17229173166034872,-0.08721722702496248,0.047989552348037146,0.022383295665257652,0.025606256682779494
252,2017-12-29,2018-01-31,0.6066782422866301,0.7603790009374581,0.7551956904864829,0.9360287703240808,0.9383748864356379,0.8,0.8455284552845529,0.8035657122045332,0.7202281707975239,0.853352529823118,0.7423018475565865,0.11105068226653159,0.6737036622242132,0.7980762852404644,0.8050453344039613,0.9520984378309413,0.9567880805628249,0.88,0.8861788617886179,0.5911755549948962,0.5638538480851342,0.900253485424588,0.7618598382749326,0.1383936471496554,0.06702541993758304,0.03769728430300623,0.04984964391747837,0.016069667506860452,0.018413194127187005,0.07999999999999996,0.04065040650406504,-0.21239015720963705,-0.1563743227123897,0.04690095560147001,0.019557990718346185,0.02734296488312382
252,2018-01-31,2018-02-28,0.623575331772053,0.7690629011553274,0.7681507837292048,0.94700837338657,0.9487806695428928,0.76,0.8,0.8032813969336436,0.6652947905555265,0.8046903627702455,0.7614971597541047,0.043193203016140824,0.6864464475368318,0.8072439633638634,0.8140744089910864,0.9532179658093946,0.9575363886457973,0.92,0.856,0.6270729635947914,0.5892059051466935,0.8651520289363626,0.7843514008668842,0.08080062806947841,0.06287111576477877,0.03818106220853601,0.04592362526188165,0.006209592422824595,0.008755719102904513,0.16000000000000003,0.05599999999999994,-0.17620843333885228,-0.07608888540883307,0.060461666166117034,0.02285424111277945,0.037607425053337584
252,2018-02-28,2018-03-30,0.5975817308913557,0.7543207105524737,0.7481078674553202,0.9407798174702315,0.9429799938338382,0.72,0.8387096774193549,0.8281024859378316,0.7607703303106519,0.8451882845188284,0.736892387649037,0.10829589686979146,0.7160102186912215,0.8316486239728708,0.8345057749566469,0.9505257939882469,0.9545941329872751,0.8,0.9193548387096774,0.6620954853083674,0.6105757445846532,0.9076642335766424,0.8038132573057734,0.10385097627086903,0.11842848779986581,0.07732791342039702,0.0863979075013267,0.009745976518015342,0.011614139153436898,0.08000000000000007,0.08064516129032251,-0.16600700062946427,-0.15019458572599864,0.06247594905781395,0.06692086965673638,-0.0044449205989224305
252,2018-03-30,2018-04-27,0.5434441805225653,0.7144106167056987,0.7041967404853876,0.9480496809547776,0.9497139091721942,0.7307692307692307,0.7716535433070866,0.7463295126865542,0.6649219021271646,0.8196503230710757,0.6937189403280649,0.12593138274301074,0.6144635894855993,0.7647371881163322,0.7611984481872147,0.9315106187583393,0.9363300761392497,0.8076923076923077,0.8503937007874016,0.614427113458354,0.5595422652741515,0.8751135331516803,0.7227145018370434,0.15239903131463683,0.07101940896303405,0.05032657141063346,0.05700170770182711,-0.016539062196438303,-0.013383833032944548,0.07692307692307698,0.07874015748031504,-0.13190239922820024,-0.1053796368530131,0.05546321008060462,0.02899556150897853,0.02646764857162609
252,2018-04-27,2018-05-31,0.5755422942123709,0.7422881925355812,0.7305958035231167,0.9477127444954596,0.949661593090992,0.8076923076923077,0.8203125,0.787684734094024,0.7272509803329791,0.8309204647006255,0.7240210704681918,0.10689939423243378,0.662838745658732,0.8068318573147777,0.7972375522151416,0.9452299002344716,0.9493424197317989,0.7692307692307693,0.9140625,0.6222687035346848,0.587910858119046,0.8948600617218261,0.7708822251195132,0.12397783660231287,0.08729645144636111,0.06454366477919649,0.06664174869202488,-0.002482844260987993,-0.0003191733591930701,-0.038461538461538436,0.09375,-0.16541603055933918,-0.1393401222139331,0.06393959702120056,0.04686115465132146,0.0170784423698791
252,2018-05-31,2018-06-29,0.5523748746467317,0.7203875992034005,0.7116513976979093,0.9200722746227314,0.9223961658298119,0.7692307692307693,0.7461538461538462,0.7929863977284974,0.7352089139763204,0.7872056121596793,0.705922765403529,0.08128284675615027,0.7103364471785525,0.8347166443551985,0.830639431616341,0.9495940342081111,0.952437732094829,0.9615384615384616,0.9,0.6126295204776083,0.589867897347448,0.9079163050814772,0.8020564446738944,0.10585986040758288,0.15796157253182075,0.11432904515179809,0.11898803391843171,0.029521759585379614,0.030041566265017083,0.1923076923076923,0.15384615384615385,-0.1803568772508891,-0.14534101662887233,0.12071069292179792,0.09613367927036531,0.02457701365143261
252,2018-06-29,2018-07-31,0.6148640819447985,0.7696458097641633,0.7615056757028257,0.9420057533546865,0.9444873648555606,0.8518518518518519,0.8015267175572519,0.7542888095343458,0.658086613006644,0.8551688843398157,0.7521233092167349,0.10304557512308088,0.7031644629326994,0.8364407528496951,0.8257152826238661,0.960450674551683,0.9638650620487692,0.8518518518518519,0.8320610687022901,0.6398132729795034,0.6230549015616099,0.9151047409040793,0.7993237091949539,0.11578103170912546,0.08830038098790094,0.0667949430855318,0.06420960692104039,0.018444921196996478,0.019377697193208587,0.0,0.03053435114503822,-0.11447553655484244,-0.03503171144503403,0.05993585656426359,0.04720039997821901,0.01273545658604458
252,2018-07-31,2018-08-31,0.6332090049287332,0.792470130591831,0.7754169895191876,0.9544925623652232,0.9566080591873424,0.8518518518518519,0.8,0.8322451976926595,0.8039126503191425,0.8519257326990947,0.7793234485800563,0.07260228411903835,0.6751037344398341,0.8138390996248437,0.8060440921476344,0.957604913931107,0.9618077810170518,0.7407407407407407,0.7777777777777778,0.6716233857303727,0.6520933004737178,0.884137817613683,0.7779550033579583,0.10618281425572473,0.04189472951110085,0.021368969033012664,0.030627102628446812,0.003112351565883853,0.005199721829709403,-0.11111111111111116,-0.022222222222222254,-0.16062181196228675,-0.15181934984542467,0.03221208491458838,-0.0013684452220980026,0.03358053013668638
252,2018-08-31,2018-09-28,0.7157762107915736,0.8496720020991866,0.8343468178304561,0.9727329427990314,0.9744535402526432,0.8571428571428571,0.9064748201438849,0.8291762048109967,0.7643031513533224,0.8879661784689717,0.8416171753422047,0.04634900312676704,0.7669701986754967,0.8752263244902779,0.8681189974232841,0.9768119692599186,0.9793647556413787,0.8928571428571429,0.9064748201438849,0.6768003393218875,0.6432307086194704,0.9219155461193678,0.8518431001890359,0.0700724459303319,0.05119398788392304,0.025554322391091344,0.03377217959282808,0.004079026460887203,0.0049112153887355126,0.03571428571428581,0.0,-0.1523758654891092,-0.12107244273385198,0.03394936765039602,0.010225924846831158,0.023723442803564865
252,2018-09-28,2018-10-31,0.605993164295366,0.7656540296259101,0.7546646869586736,0.9358385594125552,0.9384040721365442,0.8620689655172413,0.8028169014084507,0.7487074034163904,0.6736222882835593,0.8046851686063862,0.7577577879739194,0.04692738063246682,0.6819422858823035,0.8199909086317491,0.8108985565156586,0.9558372300422283,0.96019619813932,0.8275862068965517,0.8380281690140845,0.6104203401821503,0.5458010989853598,0.8623066319497626,0.7991710625470987,0.06313556940266396,0.07594912158693756,0.054336879005838945,0.05623386955698495,0.019998670629673088,0.021792126002775802,-0.03448275862068961,0.035211267605633756,-0.13828706323424012,-0.12782118929819952,0.05762146334337648,0.04141327457317934,0.01620818877019714
252,2018-10-31,2018-11-30,0.5785007072135785,0.7459384224040699,0.7329749103942652,0.9381602799867397,0.9405157199820855,0.7586206896551724,0.7793103448275862,0.7116102694960023,0.6375243708305645,0.8440910508263174,0.728082366622231,0.11600868420408639,0.6837496987709856,0.8196831816649814,0.8121749916511617,0.9570501622172309,0.9605488626234474,0.896551724137931,0.8758620689655172,0.6164770813249085,0.5808611038925862,0.8877005347593583,0.7890343984634189,0.09866613629593934,0.10524899155740708,0.07374475926091151,0.07920008125689648,0.01888988223049126,0.020033142641361912,0.13793103448275867,0.096551724137931,-0.09513318817109373,-0.056663266937978296,0.04360948393304087,0.060952031841187915,-0.017342547908147044
252,2018-11-30,2018-12-28,0.6938019463692727,0.8344106376102313,0.8192244056118402,0.9595672500501147,0.9618806889511171,0.7666666666666667,0.8716216216216216,0.6797108541458723,0.611724881777501,0.882139750652363,0.8253706754530478,0.05676907519931529,0.7451129626662394,0.8588115794819705,0.8539423849420407,0.9729344064763653,0.976118843680893,0.8333333333333334,0.9256756756756757,0.6578436901093484,0.6355704742219888,0.9124093107617895,0.8352389815861198,0.0771703291756698,0.05131101629696666,0.024400941871739246,0.03471797933020049,0.013367156426250637,0.014238154729775854,0.06666666666666665,0.05405405405405406,-0.02186716403652389,0.023845592444487806,0.030269560109426497,0.009868306133071991,0.020401253976354505
252,2018-12-28,2019-01-31,0.6028439036468466,0.7575340030224909,0.7522178576157479,0.9497131982701756,0.9522680983898811,0.7741935483870968,0.7682119205298014,0.6068190709100393,0.47286192554146605,0.8376778920670706,0.7425261880260693,0.09515170404100126,0.6974893752457267,0.8279624855542715,0.821789385450214,0.966682978796504,0.9697593171360199,0.8064516129032258,0.9006622516556292,0.6178015158814011,0.5356675782798822,0.8611629576453697,0.8130753878838601,0.04808756976150952,0.09464547159888015,0.07042848253178069,0.06957152783446607,0.01696978052632836,0.017491218746138792,0.032258064516129004,0.13245033112582782,0.010982444971361804,0.06280565273841615,0.023485065578299102,0.07054919985779085,-0.04706413427949174
252,2019-01-31,2019-02-28,0.5869898431841534,0.744891415868673,0.739752488908701,0.9405644456480108,0.9430205408420642,0.7419354838709677,0.7987012987012987,0.6303187276201813,0.4311674533022294,0.8343171451569628,0.7279430460208492,0.10637409913611351,0.6881544972026968,0.8203018125854993,0.8152743109033938,0.9649204623170731,0.9679000277982215,0.7419354838709677,0.8831168831168831,0.567079974731388,0.487820451468618,0.8987848463187992,0.7868207598951028,0.11196408642369637,0.10116465401854347,0.07541039671682626,0.0755218219946927,0.024356016669062286,0.02487948695615727,0.0,0.08441558441558439,-0.06323875288879321,0.056652998166388635,0.06446770116183642,0.05887771387425356,0.005589987287582865
252,2019-02-28,2019-03-29,0.5267672656690251,0.7030900695735746,0.6900426509186351,0.9344099029882948,0.9363963672708944,0.7096774193548387,0.7806451612903226,0.5607991016291113,0.32708854614696126,0.8004299987352979,0.683827209930924,0.1166027888043738,0.6092464955215929,0.7645940412017884,0.7571823175841342,0.9348685026741625,0.9394313596473242,0.6451612903225806,0.7870967741935484,0.5391630656679339,0.4271773263256316,0.8604952588853264,0.7222540131915791,0.1382412456937473,0.08247922985256784,0.06150397162821386,0.06713966666549909,0.00045859968586769995,0.0030349923764297904,-0.06451612903225812,0.006451612903225823,-0.021636035961177358,0.10008878017867034,0.060065260150028554,0.03842680326065506,0.021638456889373492
252,2019-03-29,2019-04-30,0.5031877353734839,0.681335447993415,0.6694942002682869,0.9248508487592391,0.9275493848753465,0.53125,0.7721518987341772,0.6028766794476027,0.46454174831544714,0.7981938591210115,0.657953067026454,0.14024079209455753,0.606715811931791,0.765196088274865,0.7552247975979309,0.9352256578842948,0.9404301718600392,0.6875,0.8291139240506329,0.5082293880907565,0.44117379696487724,0.8420507509062661,0.7306337515647289,0.11141699934153726,0.10352807655830709,0.0838606402814499,0.08573059732964405,0.010374809125055728,0.012880786984692638,0.15625,0.05696202531645567,-0.09464729135684624,-0.023367951350569904,0.04385689178525465,0.07268068453827492,-0.028823792753020272
252,2019-04-30,2019-05-31,0.6019744290307486,0.7635267087880528,0.7515406215253566,0.9392080768440423,0.9422309291064038,0.7272727272727273,0.8395061728395061,0.7153783646228219,0.642398174145395,0.8337091319052987,0.749169741697417,0.0845393902078817,0.6919418333735037,0.8245352020985314,0.8179262664058197,0.9611917021581651,0.9644098756671675,0.8484848484848485,0.8888888888888888,0.5400852999146206,0.4756125111154179,0.8692814444308894,0.8040632936120335,0.06521815081885585,0.08996740434275508,0.06100849331047853,0.06638564488046306,0.02198362531412279,0.02217894656076369,0.12121212121212122,0.04938271604938271,-0.17529306470820127,-0.1667856630299771,0.03557231252559068,0.054893551914616534,-0.019321239389025857
252,2019-05-31,2019-06-28,0.6575870216256076,0.8049665641176795,0.7934268464297063,0.9541528622354692,0.9563583199713279,0.7272727272727273,0.8363636363636363,0.7778571239360599,0.73893768167739,0.8595549591859555,0.7941993824437583,0.06535557674219716,0.7348576140039322,0.8549029735113997,0.847167638510611,0.9684239892886767,0.9718893639948744,0.8484848484848485,0.9151515151515152,0.6359894789227354,0.624559153269962,0.8951057258256118,0.8367936643835616,0.058312061442050145,0.07727059237832468,0.04993640939372013,0.053740792080904765,0.014271127053207433,0.015531044023546436,0.12121212121212122,0.07878787878787885,-0.1418676450133245,-0.11437852840742802,0.035550766639656284,0.0425942819398033,-0.0070435153001470185
252,2019-06-28,2019-07-31,0.6081159998290768,0.7601395862265428,0.7563086243700233,0.926647742129515,0.9291133868551648,0.7647058823529411,0.8333333333333334,0.6648092367487229,0.5407933188947827,0.8439171122994652,0.744204280567917,0.09971283173154821,0.7036130377623646,0.8290246768507638,0.8260244811069718,0.9677697845206443,0.9715832912264574,0.8235294117647058,0.8988095238095238,0.5924828349803669,0.5684469077681354,0.8980444496025068,0.7984743020060103,0.09957014759649652,0.09549703793328779,0.06888509062422099,0.06971585673694847,0.041122042391129376,0.04246990437129261,0.05882352941176472,0.06547619047619047,-0.07232640176835603,0.027653588873352786,0.054127337303041645,0.05427002143809334,-0.00014268413505169608
252,2019-07-31,2019-08-30,0.6363981282407993,0.7844115354637569,0.77780353968622,0.9410573506264808,0.943822344390421,0.8,0.8362573099415205,0.5942121795033911,0.39576124906681576,0.8277783510473635,0.7756639746898676,0.05211437635749594,0.698510566629077,0.8261020178401316,0.82249775815686,0.9663098478073223,0.9698759490824355,0.8285714285714286,0.9064327485380117,0.5677431612109869,0.4719757123524876,0.8600413402959095,0.8102462453304872,0.04979509496542234,0.062112438388277624,0.04169048237637474,0.044694218470640035,0.02525249718084155,0.026053604692014454,0.02857142857142858,0.07017543859649122,-0.026469018292404223,0.07621446328567183,0.03226298924854598,0.03458227064061958,-0.002319281392073602
252,2019-08-30,2019-09-30,0.724255085370614,0.8430689486881742,0.8400788160818345,0.9602917020205151,0.9622567295132587,0.8,0.8901734104046243,0.6644436605772793,0.5091476809566857,0.8863391510450334,0.8350585372663994,0.05128061377863391,0.7513284366398281,0.8590060752932465,0.8580097495377375,0.9744307280911109,0.9778088830630024,0.8857142857142857,0.8959537572254336,0.6162892508471953,0.602010199821403,0.894335691177277,0.8433614996114996,0.050974191565777316,0.027073351269214063,0.015937126605072294,0.01793093345590291,0.014139026070595806,0.015552153549743708,0.08571428571428563,0.005780346820809301,-0.048154409730084,0.0928625188647173,0.007996540132243601,0.008302962345100195,-0.0003064222128565941
252,2019-09-30,2019-10-31,0.6056672928626792,0.7615964054446941,0.754411945183064,0.9371993600967324,0.9395812396092676,0.8,0.8057142857142857,0.6806267906128272,0.5474033391656552,0.8496906336675912,0.7454556115867246,0.10423502208086666,0.7055337078651686,0.8301082376270347,0.827346542154586,0.9670156638395667,0.9708090834302727,0.7714285714285715,0.88,0.5570432596795674,0.47746779529731936,0.8949112040406235,0.8017671369531139,0.09314406708750966,0.09986641500248938,0.06851183218234058,0.07293459697152205,0.029816303742834283,0.031227843821005075,-0.02857142857142858,0.07428571428571429,-0.1235835309332598,-0.06993554386833584,0.04522057037303229,0.05631152536638928,-0.011090954993356994
252,2019-10-31,2019-11-29,0.656682950268279,0.7967482307978818,0.7927684052786774,0.9535871129873096,0.9559452145190023,0.7777777777777778,0.8636363636363636,0.7033418321764406,0.6596700511889483,0.8658597579273782,0.7833983846659195,0.08246137326145875,0.7084633439182659,0.8312651871051353,0.8293573829842255,0.9663116084080353,0.969976578714977,0.6944444444444444,0.8693181818181818,0.5861632120018081,0.537526004149766,0.9032325447804063,0.7989009182499237,0.10433162653048256,0.05178039364998688,0.03451695630725349,0.03658897770554803,0.012724495420725734,0.014031364195974727,-0.08333333333333337,0.005681818181818121,-0.11717862017463254,-0.12214404703918225,0.03737278685302803,0.015502533584004219,0.02187025326902381
252,2019-11-29,2019-12-31,0.6427859914019084,0.786017662237751,0.7825559686607414,0.9479835657225912,0.9500133693181999,0.8055555555555556,0.8305084745762712,0.6967661605766019,0.6149950663370836,0.8677611940298507,0.7703226792503296,0.09743851477952115,0.7359662161223555,0.8492153814095885,0.8479038466155064,0.9689649828510419,0.9723666495773614,0.8333333333333334,0.9322033898305084,0.5325912323822749,0.4998148939830736,0.8924550410107494,0.8293652649796529,0.06308977603109645,0.09318022472044707,0.06319771917183747,0.06534787795476504,0.020981417128450697,0.0223532802591615,0.02777777777777779,0.10169491525423724,-0.164174928194327,-0.11518017235400996,0.024693846980898604,0.059042585729323305,-0.0343487387484247
252,2019-12-31,2020-01-23,0.65985625878674,0.7968930991256883,0.7950763872397688,0.9614044891254867,0.9637107874459361,0.8611111111111112,0.8651685393258427,0.6909866955798493,0.5785176043986546,0.8693026879626022,0.7827990825166341,0.08650360544596813,0.7153054426300833,0.834933583025186,0.8340269025594687,0.95562251233988,0.9584836032364435,0.8888888888888888,0.9438202247191011,0.4967041179993189,0.428237345743054,0.8844175029290408,0.8125403411710466,0.07187716175799419,0.0554491838433433,0.03804048389949777,0.03895051531969984,-0.005781976785606657,-0.00522718420949253,0.02777777777777768,0.0786516853932584,-0.19428257758053036,-0.15028025865560063,0.015114814966438517,0.02974125865441246,-0.014626443687973945
252,2020-01-23,2020-02-28,0.5223961208862431,0.6874792690053861,0.6862814660643473,0.9201158624018049,0.9229166927972967,0.6388888888888888,0.7696629213483146,0.5594934033600714,0.3213569828560896,0.7527519862161386,0.6745800544794189,0.07817193173671966,0.5388026338168477,0.7005481053246774,0.700288161686338,0.8858987879046045,0.891623566965881,0.6388888888888888,0.7584269662921348,0.418406390102391,0.313573240406246,0.791294906292782,0.6549162037696434,0.13637870252313855,0.016406512930604578,0.013068836319291233,0.01400669562199075,-0.03421707449720035,-0.03129312583141575,0.0,-0.011235955056179803,-0.14108701325768036,-0.007783742449843589,0.038542920076643394,-0.0196638507097755,0.05820677078641889
252,2020-02-28,2020-03-31,0.46798738373699234,0.6398633866880715,0.6375904710375058,0.8995124190230572,0.9028411045919438,0.6388888888888888,0.7262569832402235,0.6095129228741304,0.42242394841648256,0.7915073455423627,0.6117464878076083,0.17976085773475436,0.5788064364168299,0.734847411744338,0.7332202644555419,0.9299114179587084,0.9339622825783587,0.8055555555555556,0.8603351955307262,0.5389093338476092,0.44592376889024005,0.854310382229164,0.6668395573997233,0.18747082482944066,0.1108190526798376,0.09498402505626646,0.09562979341803612,0.030398998935651123,0.031121177986414894,0.16666666666666674,0.13407821229050276,-0.0706035890265212,0.023499820473757482,0.06280303668680132,0.05509306959211502,0.007709967094686299
252,2020-03-31,2020-04-30,0.5423694200182596,0.7058722366405052,0.7032937932753344,0.9305515271094298,0.9329515415524409,0.6111111111111112,0.8156424581005587,0.6989511229546413,0.6482935681137005,0.7774827403080191,0.6905096460580282,0.08697309424999089,0.6359978026751153,0.7791045243274543,0.7775044705257651,0.9576446026565888,0.9613266351124393,0.7777777777777778,0.8547486033519553,0.6229995118758265,0.5868740425637294,0.8503886271193266,0.7337974813146309,0.11659114580469576,0.09362838265685569,0.073232287686949,0.07421067725043073,0.027093075547159007,0.028375093559998454,0.16666666666666663,0.03910614525139666,-0.07595161107881487,-0.0614195255499711,0.0729058868113075,0.043287835256602625,0.02961805155470487
252,2020-04-30,2020-05-29,0.5723992644999452,0.7295330032747195,0.7280584231028367,0.9190130827013895,0.9218851265921538,0.6944444444444444,0.7777777777777778,0.752812948421563,0.7285738478043398,0.8597242921013413,0.7035029889937985,0.15622130310754279,0.6890625409042122,0.8170192292769233,0.8159112220147084,0.9660281665727475,0.9691120872198602,0.8055555555555556,0.8944444444444445,0.6325961760795349,0.6019376091094443,0.8923565088163232,0.7695770942938082,0.12277941452251506,0.11666327640426699,0.08748622600220379,0.0878527989118717,0.047015083871358,0.04722696062770637,0.11111111111111116,0.1166666666666667,-0.1202167723420281,-0.1266362386948955,0.032632216714981954,0.06607410530000968,-0.033441888585027724
252,2020-05-29,2020-06-30,0.6241852101595864,0.7727602999149725,0.768613340714088,0.9440209697819457,0.946037418521916,0.7777777777777778,0.8222222222222222,0.7646736965654523,0.7325375559315199,0.8747871218879247,0.7487298009703175,0.12605732091760724,0.7210522819371554,0.8394950963710052,0.8379202532134172,0.9687591272646031,0.9714716366087824,0.8611111111111112,0.9055555555555556,0.638058677878857,0.5918108368032325,0.8973226499902287,0.8016179821305138,0.09570466785971488,0.09686707177756904,0.06673479645603264,0.06930691249932919,0.024738157482657397,0.02543421808686641,0.08333333333333337,0.08333333333333337,-0.1266150186865953,-0.14072671912828738,0.02253552810230397,0.052888181160196335,-0.030352653057892365
252,2020-06-30,2020-07-31,0.5666190135811294,0.7252737198450699,0.7233654241000137,0.9354081210000065,0.937404604116722,0.7027027027027027,0.7955801104972375,0.7593866915955461,0.7193624865286884,0.8246816846229187,0.7000477965777651,0.12463388804515363,0.6413077452022254,0.7827354157447393,0.7814594759293114,0.9564642051085005,0.9600925080244632,0.7837837837837838,0.7955801104972375,0.5965158180638597,0.5540652584086468,0.8453831264943641,0.74060841159657,0.10477471489779411,0.07468873162109602,0.05746169589966932,0.05809405182929772,0.021056084108494022,0.022687903907741225,0.08108108108108103,0.0,-0.1628708735316864,-0.16529722812004155,0.020701441871445403,0.040560615018804924,-0.01985917314735952
252,2020-07-31,2020-08-31,0.6110813182527302,0.7594940543815799,0.7585977334967394,0.9468704507268343,0.9491726144760074,0.6486486486486487,0.8186813186813187,0.7548282194973202,0.7227585146442574,0.8602429269737817,0.7335897777693142,0.12665314920446746,0.7336736166695097,0.847258841712883,0.8463803216650899,0.969158139739858,0.9720573293500294,0.8108108108108109,0.9395604395604396,0.5592755186784981,0.4887351568834631,0.8899968715782888,0.8202216614714759,0.06977521010681287,0.12259229841677954,0.0877647873313031,0.0877825881683505,0.022287689013023693,0.022884714874021994,0.16216216216216217,0.1208791208791209,-0.19555270081882203,-0.23402335776079436,0.029753944604507088,0.08663188370216168,-0.056877939097654595
252,2020-08-31,2020-09-30,0.6427238921216164,0.7853864734299517,0.7825099460768461,0.9499712082538453,0.9515414707620038,0.8108108108108109,0.8524590163934426,0.6882805181252506,0.5911085689735829,0.8629363104445491,0.7629401802573437,0.09999613018720543,0.7083923467154225,0.8305857487922705,0.8293087335323023,0.9281164358684247,0.9318919802945503,0.8648648648648649,0.9180327868852459,0.5866669452591281,0.5351965075542917,0.8539377997833824,0.8156383084084381,0.03829949137494426,0.0656684545938061,0.045199275362318825,0.04679878745545618,-0.02185477238542055,-0.019649490467453457,0.05405405405405406,0.06557377049180335,-0.10161357286612249,-0.05591206141929117,-0.008998510661166748,0.052698128151094425,-0.06169663881226117
252,2020-09-30,2020-10-30,0.7438097954315642,0.8571257842844339,0.853085924141725,0.9692424474427116,0.9709343475382264,0.8108108108108109,0.8586956521739131,0.7379443176006543,0.71886168271022,0.8992353551062727,0.8445095907431855,0.05472576436308718,0.8173407742529732,0.9014191813564386,0.8994909329417815,0.9848237110690823,0.9866270023261049,0.8918918918918919,0.9510869565217391,0.7064209094099869,0.6808882570482807,0.9350122850122851,0.8821260583254938,0.052886226686791216,0.07353097882140902,0.04429339707200475,0.04640500880005649,0.01558126362637069,0.015692654787878513,0.08108108108108103,0.09239130434782605,-0.031523408190667346,-0.037973425661939286,0.035776929906012334,0.0376164675823083,-0.0018395376762959659
252,2020-10-30,2020-11-30,0.6896688380848587,0.8197488702103544,0.816336103903719,0.9630697913787876,0.9653557610411965,0.8378378378378378,0.8594594594594595,0.713876392857049,0.5875337611625441,0.9066573408787436,0.7935677891430104,0.11308955173573321,0.7805519914111393,0.8775852678374281,0.876752821794919,0.9808503177012883,0.9829158434265479,0.8648648648648649,0.9243243243243243,0.7145926687337932,0.7189546250632632,0.9244338498212157,0.8500105231157776,0.07442332670543805,0.09088315332628061,0.05783639762707371,0.060416717891199956,0.01778052632250071,0.01756008238535145,0.027027027027027084,0.06486486486486487,0.0007162758767442767,0.13142086390071916,0.01777650894247207,0.05644273397276722,-0.038666225030295154
252,2020-11-30,2020-12-31,0.6817073468093926,0.8110793600139253,0.8107324358221507,0.9644708677444843,0.966600009615922,0.6842105263157895,0.8010752688172043,0.7544884972569239,0.7320539739470237,0.90499326816133,0.7801411601357605,0.12485210802556945,0.763607031740138,0.8651251849487945,0.8659605206798168,0.9769141696432194,0.9790192527520287,0.8157894736842105,0.8870967741935484,0.6574143872976086,0.6006163769966945,0.9343519656019657,0.8230823035672651,0.11126966203470057,0.0818996849307454,0.0540458249348692,0.05522808485766606,0.012443301898735104,0.012419243136106761,0.13157894736842102,0.08602150537634412,-0.09707410995931531,-0.1314375969503292,0.029358697440635684,0.04294114343150457,-0.013582445990868885
252,2020-12-31,2021-01-29,0.6474091160513586,0.7887107874060905,0.7859724821762798,0.9579796632171863,0.9598781290476525,0.6578947368421053,0.7807486631016043,0.6831754513688403,0.5991852874314982,0.8684661762265612,0.7608043507712555,0.10766182545530567,0.7376594633576207,0.8509200958104445,0.8490264967478337,0.9737621664230163,0.9760897738402339,0.868421052631579,0.8823529411764706,0.6645401036144861,0.6540449617290647,0.9039407086044831,0.8160528755854592,0.08788783301902381,0.09025034730626202,0.06220930840435401,0.0630540145715539,0.015782503205829967,0.016211644792581414,0.21052631578947367,0.10160427807486627,-0.01863534775435416,0.05485967429756644,0.035474532377921864,0.055248524814203726,-0.019773992436281862
252,2021-01-29,2021-02-26,0.6025067144136079,0.7535326048443103,0.7519553072625699,0.9521127525190378,0.954119183768056,0.5789473684210527,0.7021276595744681,0.6813591137966865,0.65685366555405,0.8662214680606491,0.7141600367197063,0.15206143134094285,0.6630727762803235,0.7985427947722054,0.7974068071312804,0.9500639185406252,0.9530262788650578,0.8947368421052632,0.7606382978723404,0.6061121025817163,0.5704738574357326,0.8019410622904535,0.7962616379616687,0.005679424328784766,0.06056606186671554,0.04501018992789507,0.045451499868710554,-0.002048833978412601,-0.001092904902998293,0.3157894736842105,0.058510638297872286,-0.07524701121497013,-0.08637980811831736,-0.06428040577019567,0.08210160124196242,-0.1463820070121581
252,2021-02-26,2021-03-31,0.5426712507615981,0.703904937975416,0.7035474998236829,0.942249995714683,0.9442817501974828,0.7631578947368421,0.7248677248677249,0.684147555925064,0.6620531260231189,0.7991105658641313,0.6675959139114162,0.13151465195271517,0.6127623769131058,0.7607284020327498,0.7598917059138723,0.9398479627905454,0.9432468864691852,0.6842105263157895,0.7777777777777778,0.6006589647339051,0.5935313758446725,0.8091478458910609,0.7320597819979773,0.07708806389308365,0.0700911261515077,0.05682346405733385,0.05634420609018942,-0.0024020329241376537,-0.0010348637282976414,-0.07894736842105265,0.05291005291005291,-0.08348859119115892,-0.06852175017844642,0.010037280026929607,0.06446386808656113,-0.05442658805963152
252,2021-03-31,2021-04-30,0.6213660324427049,0.7691338318071075,0.7664722462534536,0.9546444142156033,0.9568502269485858,0.7631578947368421,0.7684210526315789,0.7557299183156864,0.7374600484908677,0.8313565792822601,0.7455237285843973,0.08583285069786284,0.7154923502701667,0.8362037581562071,0.8341539385558745,0.9715956940404026,0.9738762551308133,0.7894736842105263,0.8736842105263158,0.6602492689253153,0.6620509320364352,0.8615467820443483,0.8217956601950277,0.039751121849320614,0.09412631782746173,0.06706992634909958,0.06768169230242094,0.01695127982479927,0.017026028182227537,0.02631578947368418,0.10526315789473695,-0.09548064939037104,-0.07540911645443249,0.03019020276208817,0.0762719316106304,-0.046081728848542225
252,2021-04-30,2021-05-31,0.6720535611220132,0.8048885017903308,0.8038660683465654,0.9650227765672763,0.9668655467272191,0.7435897435897436,0.8219895287958116,0.7946428463095677,0.7844843874944236,0.8663258983890955,0.7824223543849712,0.08390354400412425,0.7288135593220338,0.8459347738929672,0.8431372549019608,0.9729753076345441,0.9754545106245585,0.8974358974358975,0.8795811518324608,0.6331592263195622,0.6012231249213581,0.8907325128769709,0.8216417910447761,0.06909072183219478,0.056759998200020645,0.04104627210263645,0.03927118655539541,0.007952531067267787,0.008588963897339319,0.15384615384615385,0.05759162303664922,-0.1614836199900055,-0.18326126257306552,0.0244066144878754,0.039219436659804874,-0.014812822171929474
252,2021-05-31,2021-06-30,0.6304692788264146,0.7767903530119493,0.7733592862052773,0.9672609836451266,0.9690092742042388,0.6923076923076923,0.765625,0.7650628764155717,0.7324919563317012,0.8655015981028972,0.744771509377791,0.12073008872510615,0.7350948110261275,0.8521058455485581,0.8473252370473008,0.9750105714054751,0.97692777357769,0.8461538461538461,0.8958333333333334,0.6071063228028564,0.5838095846190012,0.8941454531365027,0.8292116812964213,0.06493377184008142,0.10462553219971293,0.07531549253660874,0.07396595084202351,0.007749587760348509,0.007918499373451238,0.15384615384615385,0.13020833333333337,-0.15795655361271532,-0.14868237171269993,0.02864385503360556,0.08444017191863029,-0.05579631688502473
252,2021-06-30,2021-07-30,0.540290043598004,0.7095060789259452,0.7015432526408161,0.9412547024889331,0.9436721984621529,0.5384615384615384,0.6804123711340206,0.717006861841728,0.652461787416532,0.8351193739719882,0.6635743967339798,0.17154497723800843,0.6385123014535611,0.7838010970092485,0.7793805403683848,0.9624512791566904,0.9652388914817188,0.5641025641025641,0.8144329896907216,0.5827462821905087,0.5806422058469092,0.8734196381255205,0.7349988662832643,0.1384207718422562,0.09822225785555705,0.0742950180833033,0.0778372877275687,0.021196576667757316,0.02156669301956593,0.02564102564102566,0.134020618556701,-0.1342605796512193,-0.07181958156962287,0.03830026415353227,0.0714244695492845,-0.033124205395752226
252,2021-07-30,2021-08-31,0.592202951390657,0.752280166112527,0.7438787258539081,0.9503652109607622,0.9523840387422774,0.675,0.8375634517766497,0.6918373907056775,0.6485072073271645,0.8525473907472052,0.7107708630593056,0.1417765276878996,0.6547849382348564,0.7968355822347568,0.7913837298196699,0.964115112246216,0.9672955946713979,0.675,0.8375634517766497,0.5537454833214074,0.5210003222745185,0.8752675022928768,0.7485895775001045,0.1266779247927723,0.06258198684419936,0.044555416122229796,0.04750500396576174,0.013749901285453836,0.014911555929120524,0.0,0.0,-0.13809190738427013,-0.12750688505264596,0.02272011154567155,0.03781871444079887,-0.015098602895127322
252,2021-08-31,2021-09-30,0.5089592249447397,0.6792959726825349,0.6745831385382578,0.9168885964206429,0.9193237514654685,0.575,0.68,0.6216593215932767,0.4656208779016203,0.81950979990998,0.6172374449897676,0.20227235492021234,0.6116312113913718,0.7621427495102717,0.7590213034697081,0.9322938283836925,0.9367621529110196,0.6,0.74,0.5908062344440448,0.5583491216349447,0.8747112422997947,0.6897540645374267,0.18495717776236797,0.10267198644663211,0.08284677682773678,0.08443816493145029,0.015405231963049548,0.01743840144555109,0.025000000000000022,0.05999999999999994,-0.03085308714923196,0.09272824373332433,0.055201442389814726,0.07251661954765909,-0.017315177157844364
252,2021-09-30,2021-10-29,0.6970646077645859,0.8233067459780993,0.8214944847418344,0.9716929419471769,0.973195121455943,0.8048780487804879,0.8613861386138614,0.7491011511474545,0.7177551710534593,0.8966097803627459,0.7886227436496297,0.10798703671311616,0.7607652399481193,0.8650648313156762,0.8641302346138264,0.9812584354405056,0.9833200401609212,0.8292682926829268,0.8613861386138614,0.6985245143301515,0.7033213015622082,0.9192003830500359,0.8273373792988383,0.0918630037511976,0.06370063218353339,0.04175808533757697,0.042635749871992035,0.009565493493328692,0.010124918704978225,0.024390243902438935,0.0,-0.050576636817302956,-0.014433869491251139,0.022590602687290073,0.03871463564920863,-0.016124032961918555
252,2021-10-29,2021-11-30,0.6612885401701846,0.8018613943402892,0.7961152131976319,0.9664031364801929,0.9680120658465352,0.7560975609756098,0.8423645320197044,0.7510600469248804,0.7220934644623938,0.8792362590143108,0.7644326356505079,0.1148036233638029,0.7446538754120531,0.8585803213585255,0.8536408119761639,0.9754700174733145,0.9776897216670752,0.8536585365853658,0.8916256157635468,0.7169945350144861,0.7280470771876592,0.9087796312554872,0.8227842818088859,0.08599534944660137,0.08336533524186851,0.05671892701823622,0.05752559877853203,0.009066880993121584,0.009677655820540032,0.09756097560975607,0.049261083743842415,-0.03406551191039431,0.0059536127252654,0.029543372241176424,0.05835164615837796,-0.028808273917201532
252,2021-11-30,2021-12-31,0.6452663818497493,0.7901154944044334,0.7843913775522303,0.9619283335280417,0.9637848848949915,0.6829268292682927,0.8195121951219512,0.7634129058860405,0.7286555196972851,0.8932983491855253,0.7398109654265714,0.15348738375895388,0.727624383086568,0.8469788718095715,0.8423409512044472,0.9689755025521094,0.9711088032829627,0.7317073170731707,0.824390243902439,0.6403085930291348,0.5791880942397268,0.9067335487162047,0.8034516215602485,0.10328192715595619,0.08235800123681869,0.05686337740513814,0.05794957365221687,0.0070471690240676566,0.0073239183879711955,0.04878048780487798,0.004878048780487809,-0.1231043128569057,-0.1494674254575583,0.013435199530679398,0.06364065613367709,-0.05020545660299769
252,2021-12-31,2022-01-28,0.5945150179622977,0.7510029357068504,0.7457001172959226,0.9439035681076203,0.9464095755836912,0.6428571428571429,0.782608695652174,0.7112589738805535,0.6800088459378657,0.8411877525857936,0.7042326068808724,0.13695514570492118,0.681485760159776,0.814149873097931,0.8105757138199264,0.9679981671568202,0.9703377426421088,0.8095238095238095,0.8309178743961353,0.657871346150535,0.6241521305657258,0.8661765503770821,0.7747188354544894,0.09145771492259269,0.08697074219747836,0.06314693739108057,0.06487559652400388,0.02409459904919986,0.023928167058417604,0.16666666666666663,0.048309178743961345,-0.05338762773001848,-0.055856715372139876,0.024988797791288486,0.07048622857361697,-0.045497430782328485
252,2022-01-28,2022-02-28,0.655614445950943,0.7945191313340227,0.7919892793329363,0.9691412210052787,0.9706978849503207,0.7619047619047619,0.8181818181818182,0.7433540653421298,0.6097745557896299,0.8843961644203044,0.7476575064680792,0.13673865795222528,0.7220650427342001,0.8416293232218776,0.838603681993039,0.9748926182043983,0.9770135899800418,0.8095238095238095,0.8660287081339713,0.6987856806022184,0.6751640241638456,0.9004777282553578,0.7971388793607878,0.10333884889457001,0.06645059678325715,0.04711019188785481,0.04661440266010275,0.005751397199119657,0.006315705029721119,0.04761904761904767,0.04784688995215303,-0.044568384739911426,0.06538946837421566,0.016081563835053325,0.0494813728927086,-0.03339980905765527
252,2022-02-28,2022-03-31,0.5858358760237674,0.7464787131245382,0.7388354430379747,0.9387770190988803,0.9410678874194855,0.47619047619047616,0.6857142857142857,0.7472655855770968,0.6884853521094123,0.8303956130043086,0.7016344258577684,0.12876118714654028,0.6869528811753064,0.8207355198090149,0.814430431153126,0.9706364922992408,0.9728792481310178,0.7380952380952381,0.8476190476190476,0.6989154559663109,0.6683711878362275,0.8954269182790562,0.7647748965956093,0.13065202168344692,0.10111700515153899,0.07425680668447676,0.07559498811515131,0.03185947320036042,0.03181136071153223,0.261904761904762,0.16190476190476188,-0.048350129610785886,-0.020114164273184798,0.06503130527474754,0.0631404707378409,0.0018908345369066382
252,2022-03-31,2022-04-29,0.5489676042808932,0.7146888591317051,0.7088174120152124,0.9327169790669495,0.9346853600180549,0.627906976744186,0.7183098591549296,0.6821146721304338,0.5670232379458034,0.7922001181800276,0.6752700378971268,0.11693008028290075,0.6955426139545302,0.8248314942503293,0.8204366062287394,0.9710265661770353,0.9728380462236187,0.7209302325581395,0.8779342723004695,0.6896554806623215,0.6289234674318018,0.8851057409409813,0.777448305855375,0.10765743508560621,0.146575009673637,0.11014263511862421,0.11161919421352695,0.03830958711008581,0.03815268620556378,0.09302325581395343,0.15962441314553988,0.007540808531887766,0.06190022948599838,0.09290562276095371,0.10217826795824825,-0.009272645197294538
252,2022-04-29,2022-05-31,0.6542895095792955,0.795971931498975,0.7910217719336063,0.9626473804163872,0.963727710364425,0.8372093023255814,0.8232558139534883,0.7142230377248043,0.6008402196048153,0.8774317034974769,0.7590911955631184,0.11834050793435846,0.7514659705670942,0.8619346720039921,0.8580994243625328,0.980862290857104,0.9823951796302713,0.8604651162790697,0.8744186046511628,0.7574708007367272,0.7295534506074978,0.9024755268774994,0.8298004745050757,0.07267505237242378,0.09717646098779864,0.06596274050501705,0.06707765242892649,0.01821491044071677,0.018667469265846393,0.023255813953488302,0.05116279069767449,0.0432477630119229,0.1287132310026825,0.025043823380022534,0.07070927894195722,-0.04566545556193469
252,2022-05-31,2022-06-30,0.6445032576869982,0.7831363918032437,0.7838272799696308,0.9604875884998315,0.9619827312785685,0.7441860465116279,0.7906976744186046,0.6640130939234932,0.4663956721417585,0.875042192668602,0.7405740011254924,0.13446819154310952,0.7626278394308367,0.8641338721953625,0.8653305279429762,0.9790805455372252,0.9807637006155714,0.8604651162790697,0.8790697674418605,0.7267935196796006,0.6893674126366213,0.90737003939656,0.8292904849482141,0.07807955444834591,0.11812458174383844,0.08099748039211885,0.0815032479733454,0.01859295703739372,0.018780969337002906,0.11627906976744184,0.08837209302325588,0.06278042575610743,0.2229717404948628,0.032327846727958076,0.08871648382272168,-0.056388637094763605
252,2022-06-30,2022-07-29,0.6614055855144899,0.802395591770738,0.7962000263887057,0.9581749190460556,0.9596840386748354,0.7727272727272727,0.8110599078341014,0.7683228363030773,0.6745768443781996,0.8708238358840769,0.7691955257836198,0.10162831010045703,0.7632570458657415,0.8709917733575983,0.8657354271237181,0.9791159016142075,0.9809007504950088,0.8636363636363636,0.880184331797235,0.727344979764152,0.6988874616072537,0.9076090791485358,0.8407323899860053,0.06687668916253053,0.10185146035125159,0.0685961815868602,0.06953540073501241,0.02094098256815191,0.021216711820173373,0.09090909090909094,0.06912442396313356,-0.04097785653892527,0.024310617229054032,0.03678524326445898,0.07153686420238548,-0.0347516209379265
252,2022-07-29,2022-08-31,0.6142951444304252,0.7638367949130882,0.761069184343199,0.9454100070793049,0.94695869598672,0.75,0.8181818181818182,0.6538280805411407,0.4807056139684036,0.8363596032575974,0.7284588035245014,0.10790079973309596,0.7190270799057317,0.8400365725684956,0.8365511960930386,0.9697882393057145,0.9722639937918733,0.8181818181818182,0.9136363636363637,0.6788743963969062,0.6647269661572495,0.8693946061197179,0.8152223926380369,0.054172213481681,0.10473193547530646,0.07619977765540742,0.0754820117498396,0.024378232226409557,0.025305297805153337,0.06818181818181823,0.09545454545454546,0.025046315855765444,0.18402135218884585,0.033035002862120466,0.08676358911353543,-0.05372858625141497
252,2022-08-31,2022-09-30,0.6258616277437942,0.773504055501709,0.7698830171818514,0.9603424148897265,0.9615880786192585,0.7555555555555555,0.7927927927927928,0.6350778824996237,0.4612462030742561,0.8326370268753508,0.7447415113510563,0.08789551552429453,0.7270203524013031,0.8469826047033617,0.8419360563880226,0.9753544437577643,0.9771739756347069,0.8222222222222222,0.8828828828828829,0.7132092643621293,0.6615029054467452,0.8902241209933518,0.8120898163852224,0.07813430460812942,0.10115872465750897,0.07347854920165275,0.07205303920617123,0.015012028868037763,0.015585897015448325,0.06666666666666665,0.09009009009009006,0.07813138186250557,0.20025670237248905,0.057587094118001,0.06734830503416611,-0.009761210916165108
252,2022-09-30,2022-10-31,0.6497053611900936,0.7896386966233611,0.7876623019778485,0.9604043421719479,0.96180923536695,0.7777777777777778,0.8392857142857143,0.7041035016654523,0.5902293507470235,0.8498426923443607,0.7619284439633736,0.08791424838098716,0.73445999792107,0.8493083449360432,0.8469033575884095,0.9740340016722641,0.9758073462084587,0.8666666666666667,0.9017857142857143,0.7493072912038905,0.7299978594991071,0.8879198746337807,0.8188416185799792,0.06907825605380158,0.08475463673097638,0.05966964831268218,0.05924105561056103,0.013629659500316138,0.013998110841508704,0.0888888888888889,0.0625,0.04520378953843818,0.13976850875208358,0.03807718228942003,0.05691317461660561,-0.01883599232718558
252,2022-10-31,2022-11-30,0.6537840482792366,0.7933320798408724,0.7906522607464975,0.9560618523376558,0.9574834490165413,0.7333333333333333,0.8355555555555556,0.7617013409355468,0.7337592533964253,0.8553708521032929,0.7652058853140417,0.09016496678925123,0.7455869677641785,0.8560330922009678,0.8542535909501637,0.9772043054747391,0.9788590444848033,0.8,0.9111111111111111,0.7681950626423047,0.7484788916662014,0.8904491873548848,0.828631863346309,0.06181732400857576,0.0918029194849419,0.0627010123600954,0.0636013302036662,0.021142453137083295,0.021375595468262065,0.06666666666666676,0.07555555555555549,0.006493721706757993,0.01471963826977607,0.035078335251591874,0.06342597803226735,-0.028347642780675475
252,2022-11-30,2022-12-30,0.6422592973805363,0.7842993968801457,0.7821655184476208,0.959507386374356,0.9607720941536583,0.7391304347826086,0.8105726872246696,0.8131759475600452,0.8208097710319543,0.8548597027575143,0.7508046439450543,0.10405505881246002,0.7625867275791562,0.868512077012267,0.8653040620889495,0.978616296868493,0.9802130733264179,0.8478260869565217,0.9074889867841409,0.7784462055602108,0.779455614478724,0.9087614075208733,0.8353647702640276,0.07339663725684575,0.12032743019861991,0.08421268013212124,0.08313854364132867,0.0191089104941371,0.019440979172759665,0.10869565217391308,0.09691629955947134,-0.03472974199983436,-0.04135415655323027,0.05390170476335898,0.08456012631897325,-0.030658421555614268
252,2022-12-30,2023-01-31,0.7225515750006167,0.842692750287687,0.8389317167474164,0.9722547015704315,0.9734512584018197,0.8260869565217391,0.851528384279476,0.684400495511634,0.5421526569497189,0.8745075970737197,0.8274600450955089,0.047047551978210866,0.8038603781067079,0.8941983122362869,0.8912667386712291,0.9849681006398769,0.9861192881459674,0.8913043478260869,0.9213973799126638,0.8157989044849066,0.8213228046788074,0.9038007650362171,0.8856381049118479,0.01816266012436918,0.08130880310609112,0.0515055619485999,0.052335021923812675,0.012713399069445463,0.012668029744147713,0.06521739130434778,0.06986899563318782,0.1313984089732726,0.27917014772908844,0.02929316796249737,0.058178059816339056,-0.028884891853841688
252,2023-01-31,2023-02-28,0.6564889087530287,0.795469876770767,0.7926269898748918,0.9626214077282883,0.9637835848768431,0.7391304347826086,0.8173913043478261,0.6543055942646208,0.49493451512649744,0.8690375813057095,0.7615590688894133,0.10747851241629625,0.7577709534866303,0.8652431723587434,0.8621953298108062,0.9790168168087566,0.9806607798330172,0.8695652173913043,0.8956521739130435,0.7985038212354972,0.8051492358879034,0.9066870540265035,0.8290616545635768,0.07762539946292668,0.10128204473360158,0.0697732955879764,0.06956833993591438,0.016395409080468326,0.016877194956174124,0.13043478260869568,0.07826086956521738,0.14419822697087648,0.310214720761406,0.037649472720794,0.06750258567416356,-0.029853112953369565
252,2023-02-28,2023-03-31,0.6143988763620711,0.7651932662465908,0.7611487908695449,0.9502133980755768,0.951386336737246,0.7446808510638298,0.7922077922077922,0.8093537112888346,0.7855107637400318,0.8578826073349076,0.7194273913715353,0.1384552159633723,0.7267737888047922,0.8444110039971785,0.8417706980690709,0.9762785603338074,0.9778848495893674,0.8936170212765957,0.8614718614718615,0.7521279984329224,0.7264475984078459,0.8892711616821711,0.801425493121167,0.08784566856100418,0.11237491244272102,0.07921773775058771,0.080621907199526,0.026065162258230634,0.026498512852121348,0.14893617021276595,0.06926406926406925,-0.05722571285591216,-0.05906316533218592,0.03138855434726351,0.08199810174963162,-0.050609547402368116
252,2023-03-31,2023-04-28,0.5899461005389947,0.7451786805980103,0.7420957230424375,0.9508803596917498,0.9523566494053156,0.6808510638297872,0.7682403433476395,0.668518656330411,0.49251716284894426,0.8256225876381325,0.7017909085724063,0.12383167906572612,0.6768334714552369,0.8094629392912058,0.8072757169712842,0.9676833304917664,0.9695611812246795,0.8085106382978723,0.8025751072961373,0.7509926770150476,0.7338566739639316,0.867744847022417,0.7505077418994205,0.11723710512299657,0.08688737091624221,0.06428425869319554,0.06517999392884666,0.01680297080001658,0.017204531819363877,0.12765957446808507,0.03433476394849788,0.0824740206846366,0.24133951111498736,0.0421222593842846,0.04871683332701415,-0.0065945739427295536
252,2023-04-28,2023-05-31,0.5477045568849126,0.7097159116985635,0.7077637065142272,0.9207207258098066,0.9220277287374199,0.7446808510638298,0.7991452991452992,0.7389680518395817,0.5929955879813136,0.8469126313092493,0.6331259386397768,0.21378669266947248,0.6702310059244064,0.8037727189278502,0.802560847627733,0.9652827239437928,0.9668469860727369,0.723404255319149,0.8376068376068376,0.7635653699436953,0.7737938063786638,0.8668094293587966,0.7346687448286479,0.1321406845301487,0.12252644903949383,0.09405680722928667,0.0947971411135059,0.0445619981339862,0.044819257335317,-0.02127659574468077,0.038461538461538436,0.024597318104113586,0.18079821839735022,0.01989679804954725,0.10154280618887102,-0.08164600813932377
252,2023-05-31,2023-06-30,0.6466106148187073,0.7851654011285015,0.7853837561831818,0.956492984350178,0.9576750736761787,0.8297872340425532,0.8076923076923077,0.8508123517842228,0.8313565597572797,0.8576951803523571,0.7337218179835153,0.12397336236884182,0.7474319035066699,0.8550919325949483,0.8554632681328025,0.9786847908030691,0.9800500398456723,0.851063829787234,0.8888888888888888,0.805320847543349,0.7928130842429237,0.8918635441383816,0.8133801443339185,0.07848339980446317,0.10082128868796258,0.06992653146644678,0.0700795119496207,0.022191806452891094,0.022374966169493637,0.021276595744680882,0.08119658119658113,-0.04549150424087378,-0.038543475514355996,0.0341683637860245,0.07965832635040315,-0.04548996256437865
252,2023-06-30,2023-07-31,0.6085133075133294,0.7595502549162418,0.7566158199263598,0.9545135301209334,0.9558310283304077,0.723404255319149,0.7404255319148936,0.798375116542725,0.7605009671665692,0.8592265721800753,0.6877202876075004,0.17150628457257489,0.7347418766722177,0.8495450853706391,0.847090724623175,0.9763198571423672,0.9777903130059642,0.851063829787234,0.8723404255319149,0.8312066282684226,0.8470564430286219,0.8924793855964891,0.8006751482984702,0.0918042372980189,0.12622856915888825,0.08999483045439727,0.09047490469681518,0.021806327021433813,0.021959284675556523,0.12765957446808507,0.13191489361702136,0.03283151172569765,0.0865554758620527,0.03325281341641384,0.11295486069096983,-0.07970204727455599
252,2023-07-31,2023-08-31,0.5762297672132298,0.7357878124887917,0.7311494544757934,0.939530866822548,0.9409326216270634,0.6458333333333334,0.620253164556962,0.7648611514887567,0.7030246771743944,0.8311393085205315,0.6627068979171616,0.1684324106033699,0.7273427332722414,0.8469208421505685,0.8421521904855312,0.9710591314008648,0.9726448990802452,0.8541666666666666,0.8523206751054853,0.7528257793395162,0.6896095641732558,0.8822471381263763,0.8065340636110311,0.07571307451534526,0.1511129660590116,0.11113302966177685,0.11100273600973787,0.0315282645783167,0.031712277453181836,0.20833333333333326,0.23206751054852326,-0.012035372149240442,-0.013415113001138623,0.05110782960584481,0.14382716569386944,-0.09271933608802463
252,2023-08-31,2023-09-28,0.6346310976046788,0.7799603611539309,0.7764823494850197,0.9508710282598101,0.9520564911055813,0.7291666666666666,0.7698744769874477,0.7766586143612924,0.733193223114192,0.8721386724648185,0.7082563347636797,0.1638823377011388,0.750578396784037,0.8601717683329663,0.8575204608521549,0.9774927830758502,0.9789099764331683,0.8541666666666666,0.8493723849372385,0.7964377664728277,0.7958834962164434,0.9149779663515882,0.7964254411036165,0.11855252524797177,0.1159472991793582,0.08021140717903541,0.08103811136713523,0.026621754816040122,0.026853485327587023,0.125,0.07949790794979084,0.01977915211153536,0.06269027310225139,0.04283929388676977,0.0881691063399368,-0.04532981245316703
252,2023-09-28,2023-10-31,0.6642682224142898,0.800539902435637,0.7982706314618704,0.9496340003100132,0.9508430616979564,0.7291666666666666,0.7625,0.7219658938689909,0.5868051011227815,0.8568511754238082,0.7519127804467738,0.10493839497703439,0.7641415028760437,0.8683194014044773,0.8663040936685401,0.9772056147777276,0.9785164252696161,0.8541666666666666,0.8583333333333333,0.7683834796671853,0.7137986012152095,0.8956320841021507,0.8335831197002563,0.062048964401894335,0.09987328046175381,0.06777949896884028,0.06803346220666973,0.02757161446771439,0.027673363571659726,0.125,0.09583333333333333,0.04641758579819444,0.12699350009242805,0.038780908678342496,0.08167033925348255,-0.04288943057514005
252,2023-10-31,2023-11-30,0.6230457198917362,0.7695533726936001,0.7677488221752569,0.9468240005372991,0.9481623414686842,0.6530612244897959,0.7479338842975206,0.7112315902729754,0.5682555076842506,0.84,0.707435797917071,0.13256420208292896,0.721971140354764,0.8401870042368147,0.8385403488307266,0.968915185183384,0.9706448691629956,0.8163265306122449,0.8429752066115702,0.8218495883300855,0.8192195321259984,0.8648694032698796,0.8083926534785858,0.0564767497912938,0.09892542046302777,0.07063363154321456,0.07079152665546973,0.02209118464608495,0.02248252769431147,0.16326530612244905,0.0950413223140496,0.11061799805711003,0.2509640244417478,0.02486940326987963,0.10095685556151479,-0.07608745229163516
252,2023-11-30,2023-12-29,0.6564321721253766,0.7949542144842522,0.7925856345607019,0.9551081204802061,0.9560686640665907,0.6938775510204082,0.7818930041152263,0.7870029128245339,0.7247526058223036,0.8386988834489804,0.7539005685574508,0.08479831489152956,0.7018376844741356,0.8267653428371673,0.8247997924561202,0.9710144613302243,0.972671162333004,0.673469387755102,0.7078189300411523,0.7686788172108375,0.7215470740899634,0.8790100269607101,0.7594803370786517,0.11952968988205837,0.045405512348759,0.03181112835291511,0.03221415789541837,0.015906340850018186,0.016602498266413246,-0.020408163265306145,-0.07407407407407407,-0.01832409561369641,-0.003205531732340172,0.04031114351172971,0.005579768521200901,0.03473137499052881
252,2023-12-29,2024-01-31,0.5124785101202155,0.6788892181348686,0.6776671624636603,0.9026174271881197,0.9043794461966064,0.5714285714285714,0.5967078189300411,0.7111150417858956,0.5813412461226982,0.6774465490027264,0.6801789522633613,-0.0027324032606349524,0.7022945816778948,0.8261281855897045,0.8251152171155554,0.9624482785288765,0.9646110284554974,0.6938775510204082,0.7942386831275721,0.7885890801223026,0.7597675863666158,0.84170692431562,0.8047590361445783,0.036947888171041665,0.18981607155767932,0.1472389674548359,0.14744805465189503,0.05983085134075683,0.060231582258891025,0.12244897959183676,0.19753086419753096,0.07747403833640698,0.17842634024391757,0.16426037531289361,0.124580083881217,0.03968029143167662
252,2024-01-31,2024-02-29,0.35782538380939366,0.5287395976203899,0.5270565539222881,0.8414413322927156,0.8427160712867654,0.5714285714285714,0.680327868852459,0.5446191404773233,0.39613572499049554,0.4538909140308375,0.5730087310514758,-0.11911781702063828,0.4312916591605116,0.6043570454889685,0.6026607594618066,0.8261886752392761,0.8328041089355707,0.20408163265306123,0.4016393442622951,0.6679148989010809,0.605693238898675,0.6214940899817794,0.584213512969302,0.037280577012477334,0.07346627535111794,0.0756174478685786,0.07560420553951852,-0.015252657053439478,-0.009911962351194736,-0.36734693877551017,-0.2786885245901639,0.12329575842375762,0.20955751390817945,0.16760317595094187,0.011204781917826256,0.15639839403311562
252,2024-02-29,2024-03-29,0.656783777638442,0.7968717344234612,0.7928418741214536,0.9475652045882214,0.9497967988549364,0.7142857142857143,0.8367346938775511,0.6969318160585569,0.5478061823318682,0.842935319601733,0.7838808209635068,0.059054498638226205,0.7417378442262794,0.8552712983864226,0.8517215684152246,0.9760779844054417,0.9773869523632698,0.7346938775510204,0.8816326530612245,0.8430152562018787,0.8658021073061474,0.8999691326268134,0.8246849257199184,0.07528420690689508,0.08495406658783744,0.05839956396296142,0.058879694293771045,0.028512779817220335,0.02759015350833338,0.020408163265306145,0.04489795918367345,0.14608344014332175,0.3179959249742792,0.05703381302508048,0.04080410475641161,0.016229708268668874
252,2024-03-29,2024-04-30,0.5640387417944518,0.7232392386433166,0.7212592971288158,0.9246846628727057,0.9269795980671002,0.7,0.7601626016260162,0.7788478255726131,0.7363995374208014,0.7583625474729769,0.7129588063019731,0.045403741171003875,0.657747257623023,0.7968080707847515,0.7935434724424039,0.9643734511857012,0.9659397391552316,0.74,0.7967479674796748,0.7751027519215828,0.7917889675652133,0.838967546929685,0.7667959570793579,0.07217158985032712,0.0937085158285712,0.07356883214143484,0.0722841753135881,0.03968878831299549,0.038960141088131395,0.040000000000000036,0.03658536585365857,-0.003745073651030273,0.05538943014441189,0.08060499945670807,0.05383715077738482,0.026767848679323247
252,2024-04-30,2024-05-31,0.6136197265766686,0.7621953716977268,0.7605506011983096,0.9364963382422989,0.9384305983210792,0.78,0.8259109311740891,0.6918243345470277,0.6395466478378153,0.816964457994057,0.7474366173748466,0.06952784061921047,0.6785724073668056,0.8113229186293223,0.8085113330693781,0.9692936722532551,0.9706858582646539,0.68,0.8340080971659919,0.7380662068176993,0.7209383481477066,0.848717422532321,0.7864768683274022,0.06224055420491881,0.06495268079013694,0.04912754693159549,0.04796073187106842,0.03279733401095619,0.0322552599435747,-0.09999999999999998,0.0080971659919028,0.04624187227067156,0.08139170030989129,0.03175296453826393,0.03904025095255559,-0.0072872864142916605
252,2024-05-31,2024-06-28,0.6459784081880637,0.7861002104305295,0.7849172321758142,0.9432669448635693,0.945207667120408,0.76,0.8104838709677419,0.7105778783452962,0.6510518040526545,0.8086500180962721,0.7795727650836555,0.029077253012616655,0.7478593098755281,0.8585669528420882,0.8557431432267693,0.9738769244057364,0.9753310367597328,0.82,0.9032258064516129,0.7334277751091091,0.7353103714207294,0.8844445358450211,0.8416218909492452,0.04282264489577592,0.10188090168746433,0.0724667424115587,0.07082591105095504,0.030609979542167043,0.030123369639324715,0.05999999999999994,0.092741935483871,0.022849896763812882,0.08425856736807491,0.07579451774874901,0.06204912586558975,0.013745391883159264
252,2024-06-28,2024-07-31,0.6506968004939682,0.7908046347997288,0.7883904546240694,0.9351023507856466,0.937081027576381,0.84,0.8473895582329317,0.7161430640159689,0.6088365114672294,0.8299685126875347,0.779898284452789,0.05007022823474572,0.7267698038725102,0.844343964473153,0.8417680251793059,0.9722503688451879,0.9735966611170596,0.74,0.8674698795180723,0.7563266988440391,0.7381148542799848,0.8814934728016105,0.8206880145902441,0.0608054582113664,0.07607300337854206,0.05353932967342412,0.05337757055523651,0.037148018059541266,0.03651563354067855,-0.09999999999999998,0.02008032128514059,0.04018363482807019,0.1292783428127554,0.05152496011407581,0.04078973013745513,0.010735229976620686
252,2024-07-31,2024-08-30,0.6701074981638513,0.8034937993867437,0.8024722946284362,0.9500974658697987,0.9525430094436964,0.76,0.852,0.6942350911180214,0.6064195304970196,0.835596050529984,0.794410378085231,0.04118567244475302,0.7582224347972878,0.8631573890205624,0.86248749849982,0.9803322247611955,0.9815572098412593,0.9,0.888,0.753199891670498,0.7394331896163069,0.8902750270535149,0.845661366600361,0.04461366045315396,0.0881149366334365,0.05966358963381868,0.060015203871383815,0.030234758891396818,0.02901420039756286,0.14,0.03600000000000003,0.05896480055247655,0.1330136591192873,0.05467897652353093,0.05125098851512999,0.0034279880084009395
252,2024-08-30,2024-09-30,0.6618130266574805,0.7975125132716517,0.7964951724907715,0.9420189529022179,0.9440599775308164,0.8431372549019608,0.8207171314741036,0.6728460652825409,0.6439126475438793,0.8088224702916816,0.7942911063930173,0.014531363898664384,0.6928214365222319,0.8198866357975411,0.8185404810865095,0.968972811495276,0.970647747029424,0.7450980392156863,0.8087649402390438,0.7020689750379766,0.6654455131614612,0.8321072590505004,0.8122280950092854,0.019879164041215036,0.031008409864751396,0.02237412252588933,0.022045308595737945,0.0269538585930581,0.02658776949860764,-0.0980392156862745,-0.011952191235059861,0.029222909755435733,0.02153286561758183,0.023284788758818786,0.017936988616268135,0.005347800142550652
252,2024-09-30,2024-10-31,0.6181435005814813,0.7652280428246448,0.7640156764333335,0.9342453259096157,0.9360197889901306,0.7450980392156863,0.8286852589641435,0.7016226924650342,0.7000671203715256,0.7936078210189885,0.757613969957731,0.03599385106125752,0.6520150365088008,0.7905219452442691,0.7893572662470465,0.9635583576035952,0.964914490918257,0.6274509803921569,0.8406374501992032,0.660974810181045,0.5843560174333818,0.8443557451884477,0.7619476676935065,0.08240807749494117,0.03387153592731951,0.02529390241962426,0.02534158981371304,0.029313031693979474,0.028894701928126376,-0.11764705882352944,0.01195219123505975,-0.04064788228398919,-0.1157111029381438,0.05074792416945917,0.004333697735775521,0.04641422643368365
252,2024-10-31,2024-11-29,0.5811262213659281,0.7365825424387304,0.7350788488776002,0.918998033273545,0.9209251856156806,0.7254901960784313,0.7976190476190477,0.6920984607474722,0.680236722535171,0.7999626726390444,0.7194889915737972,0.08047368106524722,0.6961741442518162,0.8220863759980337,0.8208757887403114,0.9697848171563441,0.9709919271103806,0.7843137254901961,0.8134920634920635,0.7761798637070882,0.8097046808862429,0.8661510733921931,0.7986146554866934,0.06753641790549969,0.11504792288588817,0.08550383355930324,0.0857969398627112,0.050786783882799114,0.05006674149470003,0.05882352941176472,0.015873015873015817,0.08408140295961608,0.12946795835107194,0.06618840075314869,0.07912566391289622,-0.012937263159747525
252,2024-11-29,2024-12-31,0.6228814101334152,0.7688481882055735,0.7676240620467873,0.9383067215755289,0.9396600337089291,0.7058823529411765,0.8174603174603174,0.7383170730812483,0.7449465514396472,0.8204382120946538,0.7538539915431249,0.0665842205515289,0.7608544778191105,0.8655113883077409,0.8641877990524913,0.9746783865294651,0.9758531805283301,0.8627450980392157,0.8650793650793651,0.7763027077297776,0.8066216139959312,0.8881730858040084,0.8537375385390549,0.03443554726495357,0.13797306768569528,0.09666320010216733,0.09656373700570398,0.03637166495393629,0.036193146819401,0.1568627450980392,0.04761904761904767,0.03798563464852933,0.06167506255628408,0.0677348737093546,0.09988354699592994,-0.032148673286575336
252,2024-12-31,2025-01-27,0.7185906570585335,0.8373086759787527,0.8362557472393602,0.9615486813700915,0.9626834586014367,0.8627450980392157,0.8814229249011858,0.6831421859729166,0.6130866747695946,0.8612095969157688,0.8302252509589488,0.03098434595681998,0.8024103556018449,0.8912856996702527,0.890374772989929,0.9828095886318889,0.9839482944084836,0.8823529411764706,0.9288537549407114,0.721567535223742,0.7246553425897341,0.9145475209546811,0.8797048318460976,0.03484268910858346,0.0838196985433114,0.05397702369150004,0.054119025750568706,0.021260907261797413,0.021264835807046967,0.019607843137254832,0.04743083003952564,0.0384253492508253,0.11156866782013952,0.05333792403891224,0.049479580887148766,0.003858343151763477
252,2025-01-27,2025-02-28,0.641486841427615,0.7819727063698216,0.7815924261320407,0.938524992747043,0.9400829754806208,0.803921568627451,0.8616600790513834,0.6290515866170086,0.5661612433876523,0.85123909492197,0.7617729935737598,0.0894661013482102,0.6965491996938538,0.8216876550576265,0.821136457250456,0.9650671235546773,0.9668607248483174,0.6862745098039216,0.8379446640316206,0.7416380316672087,0.7578666942413063,0.8991444866920152,0.7834732448529756,0.11567124183903954,0.05506235826623873,0.039714948687804896,0.03954403111841531,0.026542130807634234,0.026777749367696613,-0.11764705882352944,-0.02371541501976282,0.1125864450502001,0.19170545085365398,0.04790539177004516,0.02170025127921582,0.026205140490829337
252,2025-02-28,2025-03-31,0.5466993701550388,0.7075860663447671,0.7069238931677311,0.9283299689730775,0.929578215440605,0.6666666666666666,0.7628458498023716,0.6632608583919826,0.6652058956208784,0.8272626757226347,0.6680914502559397,0.15917122546669493,0.6359223923469519,0.7775060166349177,0.7774481177369731,0.9466709205628003,0.9490884881372414,0.5686274509803921,0.7272727272727273,0.6235037148920203,0.5238427601438373,0.882547888910983,0.7197394960025273,0.16280839290845572,0.08922302219191314,0.06991995029015063,0.07052422456924201,0.01834095158972282,0.01951027269663641,-0.0980392156862745,-0.035573122529644285,-0.03975714349996229,-0.14136313547704105,0.05528521318834834,0.051648045746587545,0.0036371674417607913
252,2025-03-31,2025-04-30,0.5331903981166183,0.6945239771571619,0.6955305730737592,0.9206318619645482,0.9221192931839399,0.6470588235294118,0.7075098814229249,0.7139073841998942,0.7527973247371353,0.7831351706755795,0.6591078311142257,0.12402733956135381,0.663151037425491,0.7967144344178256,0.7974633962914509,0.9556528153689934,0.9579424204124755,0.7254901960784313,0.8221343873517787,0.6816504773608774,0.5785151123375977,0.8702714466603355,0.748572390485193,0.12169905617514254,0.1299606393088727,0.10219045726066378,0.1019328232176917,0.03502095340444522,0.035823127228535534,0.07843137254901955,0.11462450592885376,-0.03225690683901683,-0.17428221239953767,0.08713627598475604,0.08946455937096731,-0.0023282833862112717
252,2025-04-30,2025-05-30,0.6564287474545714,0.7928935680210561,0.7925831382283159,0.9572565786116988,0.9586444288732977,0.7450980392156863,0.83399209486166,0.6304830404275138,0.6154673327555884,0.8479556364840258,0.771061008828066,0.07689462765595978,0.7539635654228719,0.8600656652326885,0.8597254587111051,0.9807914167849057,0.9820568580849369,0.8823529411764706,0.8814229249011858,0.679161415859211,0.5713921181726397,0.9005816725469629,0.831808145566758,0.06877352698020489,0.09753481796830055,0.06717209721163231,0.06714232048278912,0.023534838173206896,0.02341242921163922,0.13725490196078427,0.04743083003952575,0.048678375431697174,-0.04407521458294872,0.05262603606293703,0.06074713673869192,-0.008121100675754889
252,2025-05-30,2025-06-30,0.648666489771352,0.7845239865684609,0.7868983736805536,0.9474165037217279,0.9491316656662017,0.7450980392156863,0.8221343873517787,0.5080169601098969,0.319302478753544,0.8422950173224798,0.7622918834547346,0.08000313386774516,0.7625285879125815,0.8642400701666458,0.8652666324302498,0.9736557653664377,0.9747902873875512,0.8627450980392157,0.9051383399209486,0.6778371059501733,0.6101475663659494,0.895153560062881,0.8428919427013001,0.05226161736158097,0.1138620981412295,0.07971608359818494,0.07836825874969622,0.0262392616447098,0.025658621721349584,0.11764705882352944,0.08300395256916993,0.16982014584027638,0.29084508761240535,0.05285854274040125,0.08060005924656544,-0.027741516506164188
252,2025-06-30,2025-07-31,0.6005812968066341,0.7507984963940139,0.7504539731969518,0.9427804528240006,0.9442432300221135,0.6274509803921569,0.7628458498023716,0.5323358394594923,0.3739950193911513,0.7955712359808392,0.7339354392636446,0.06163579671719466,0.7306043705973059,0.8441421855255825,0.8443343643528913,0.9739285150060193,0.9753188478310896,0.7843137254901961,0.8932806324110671,0.6816894288525935,0.6232722402889321,0.8479299056422107,0.8415362806534095,0.00639362498880125,0.1300230737906718,0.09334368913156865,0.09388039115593949,0.03114806218201871,0.031075617808976053,0.1568627450980392,0.13043478260869557,0.14935358939310128,0.24927722089778082,0.05235866966137148,0.10760084138976489,-0.05524217172839341
252,2025-07-31,2025-08-29,0.6420175511802431,0.7830025445292621,0.7819862226427192,0.9564037784454184,0.9579639415860695,0.7647058823529411,0.8300395256916996,0.6803399839018481,0.6145330987019817,0.8185180766018375,0.7703633719387267,0.04815470466311078,0.7570332480818415,0.8621021726365238,0.8617176128093159,0.9751895603589696,0.9769963310330593,0.7843137254901961,0.9169960474308301,0.6683683686921328,0.625480366342464,0.87348346437296,0.8550853034982028,0.018398160874757208,0.11501569690159841,0.07909962810726168,0.0797313901665967,0.01878578191355129,0.019032389446989817,0.019607843137254943,0.08695652173913049,-0.011971615209715347,0.010947267640482261,0.054965387771122476,0.08472193155947605,-0.029756543788353573
252,2025-08-29,2025-09-30,0.6449633182844243,0.7852909714142936,0.7841674171276641,0.9552159271089706,0.9569656012815093,0.7450980392156863,0.8346456692913385,0.7064108114837956,0.6364316227524583,0.8264449920459154,0.7715493896596258,0.054895602386289544,0.7408345671633682,0.8522396105976201,0.8511257544368886,0.9774111808251305,0.9790722632562006,0.7450980392156863,0.905511811023622,0.6686310379741962,0.5778634257077072,0.8911011264666425,0.8297173886214982,0.06138373784514428,0.09587124887894383,0.0669486391833265,0.06695833730922451,0.022195253716159824,0.022106661974691244,0.0,0.07086614173228345,-0.03777977350959938,-0.058568197044751136,0.06465613442072715,0.058167998961872414,0.006488135458854738
252,2025-09-30,2025-10-31,0.5296972580741093,0.6931554614654193,0.6925517520257555,0.9054429999448811,0.9072445595459367,0.6666666666666666,0.7559055118110236,0.528934508934892,0.40167832684937327,0.7965223472566597,0.6596409135883905,0.13688143366826921,0.6148826868971061,0.7620563511830635,0.7615199443107089,0.9528637695023443,0.9558156739339174,0.5882352941176471,0.7795275590551181,0.6684841966712796,0.5944127933329213,0.863966814916182,0.7037277266496965,0.16023908826648547,0.08518542882299684,0.06890088971764419,0.06896819228495343,0.047420769557463216,0.048571114387980674,-0.07843137254901955,0.023622047244094446,0.13954968773638754,0.19273446648354803,0.06744446765952228,0.04408681306130602,0.02335765459821626
252,2025-10-31,2025-11-28,0.5943406154627113,0.7457800908843749,0.745562911335883,0.9527753866315772,0.9542890577253695,0.7254901960784313,0.8228346456692913,0.6121545762682392,0.4877566276016201,0.7971391417425228,0.725732244686366,0.07140689705615677,0.6685475146246186,0.8016514801954433,0.8013526840139461,0.9652587511458853,0.9672428076355938,0.8235294117647058,0.8464566929133859,0.7232482739599646,0.7013785887684107,0.8606825339871627,0.7639594231674877,0.096723110819675,0.07420689916190726,0.05587138931106839,0.055789772678063065,0.012483364514308093,0.012953749910224244,0.0980392156862745,0.023622047244094557,0.11109369769172539,0.21362196116679066,0.0635433922446399,0.03822717848112167,0.025316213763518225
252,2025-11-28,2025-12-31,0.603954497216585,0.7539102747844411,0.7530818340104469,0.9396824017433646,0.9414265161249256,0.6862745098039216,0.84251968503937,0.6063686807775445,0.4561508499689874,0.79851989944355,0.7370516652433817,0.061468234200168226,0.6758654220147803,0.8076896260545541,0.8065867499100646,0.966677131545612,0.9688171879459844,0.8431372549019608,0.8385826771653543,0.7109935298233483,0.6923403600525747,0.881939564300773,0.7588337293686982,0.12310583493207483,0.07191092479819527,0.05377935127011302,0.0535049158996177,0.026994729802247375,0.02739067182105881,0.1568627450980392,-0.003937007874015741,0.10462484904580382,0.2361895100835873,0.08341966485722307,0.02178206412531647,0.061637600731906605
252,2025-12-31,2026-01-30,0.5922109010557329,0.7443067855710186,0.7438849974749714,0.9455773031700998,0.9472787083149623,0.803921568627451,0.807843137254902,0.5786402697963576,0.41759239221138544,0.837793523452597,0.7108636906382889,0.12692983281430814,0.6456456075335686,0.7849075816953127,0.7846715047005021,0.9585945658433008,0.96111910029251,0.7450980392156863,0.796078431372549,0.6527584178761624,0.5972890562276827,0.8572896840502474,0.7355749273557493,0.12171475669449816,0.05343470647783566,0.040600796124294125,0.04078650722553068,0.013017262673201024,0.013840391977547717,-0.05882352941176472,-0.01176470588235301,0.07411814807980477,0.17969666401629725,0.019496160597650358,0.02471123671746034,-0.00521507611980998
252,2026-01-30,2026-02-27,0.731640055154773,0.8461615500173337,0.8450255617231948,0.9755091356472677,0.9765913527157544,0.8431372549019608,0.8941176470588236,0.7447333767553994,0.7103868962153753,0.8806343906510852,0.831713476697023,0.04892091395406217,0.7515347552141245,0.8591656715842996,0.8581442680219606,0.9830268657276301,0.9844756767981627,0.803921568627451,0.8156862745098039,0.7540746416990953,0.7121829190616714,0.9077479205473894,0.8243146697713802,0.08343325077600916,0.019894700059351456,0.013004121566965843,0.013118706298765881,0.007517730080362384,0.007884324082408356,-0.039215686274509776,-0.07843137254901966,0.009341264943695915,0.001796022846296097,0.027113529896304223,-0.007398806925642765,0.03451233682194699
252,2026-02-27,2026-03-31,0.587173165312148,0.7408499819495972,0.7398980503764618,0.9436852699822555,0.9456098285502941,0.7450980392156863,0.7803921568627451,0.598841242380682,0.37061488772277934,0.7749094551899515,0.7263204032434801,0.04858905194647134,0.6645963129812454,0.7989828919975724,0.7985074913340064,0.9709257649515795,0.9728464367410409,0.6666666666666666,0.788235294117647,0.6798309656536575,0.6174981231225968,0.8712650811323854,0.7464515957870161,0.12481348534536929,0.07742314766909741,0.05813291004797527,0.05860944095754461,0.027240494969323903,0.027236608190746803,-0.07843137254901966,0.007843137254901933,0.08098972327297549,0.24688323539981744,0.09635562594243396,0.020131192543536014,0.07622443339889795
252,2026-03-31,2026-04-30,0.43823464670922296,0.6099430926066344,0.6094063270022498,0.8812221274557932,0.8834592537059731,0.6538461538461539,0.69921875,0.6415146594035017,0.4993959126226272,0.7704172488424975,0.5476706852926793,0.22274656354981826,0.6256508189277117,0.7703661151960784,0.7697234998354622,0.9589943198756788,0.9615902545400745,0.5961538461538461,0.72265625,0.6493604417587879,0.5235262604611584,0.8461524644345452,0.7140262792436706,0.1321261851908746,0.18741617221848872,0.16042302258944408,0.16031717283321234,0.07777219241988564,0.0781310008341014,-0.05769230769230771,0.0234375,0.007845782355286213,0.02413034783853113,0.07573521559204766,0.1663555939509913,-0.09062037835894365
252,2026-04-30,2026-05-29,0.6222249744558318,0.7680606621159888,0.7671253793445689,0.9482783246485911,0.9498882663917627,0.7307692307692307,0.80859375,0.6911735771056244,0.6475092160128951,0.8322309079975947,0.7363818005366216,0.09584910746097308,0.6847345773112324,0.8137392793261072,0.8128693819581253,0.9687266334954332,0.9708169694164158,0.7115384615384616,0.7890625,0.7179401026973606,0.6377737830535564,0.8699457812112407,0.7710932458593246,0.09885253535191607,0.06250960285540064,0.045678617210118455,0.04574400261355638,0.020448308846842123,0.020928703024653106,-0.019230769230769162,-0.01953125,0.0267665255917362,-0.009735432959338763,0.03771487321364597,0.03471144532270298,0.003003427890942989
252,2026-05-29,2026-06-30,0.5712896720603063,0.725818381461458,0.7271602203191725,0.9295017366525488,0.9312179635101804,0.6538461538461539,0.76171875,0.7164175778319374,0.6457899520825519,0.7872944762608535,0.6955111055453728,0.0917833707154807,0.6276920014431989,0.7696661352697538,0.7712663094573833,0.9519778596048339,0.9544670237301938,0.5769230769230769,0.703125,0.6767275743643678,0.6228698570565316,0.8191785682604453,0.7323244487261829,0.08685411953426247,0.05640232938289258,0.04384775380829575,0.04410608913821079,0.022476122952285182,0.023249060220013384,-0.07692307692307698,-0.05859375,-0.03969000346756957,-0.022920095026020215,0.03188409199959186,0.03681334318081009,-0.0049292511812182305
252,2026-06-30,2026-07-31,0.6346227068729831,0.7775033265527737,0.7764760690092333,0.9360130184634167,0.9376370937469222,0.7692307692307693,0.828125,0.7215839286098799,0.6540046617393169,0.8160765870079022,0.7593244748478268,0.05675211216007536,0.6510117474950659,0.7895171527767156,0.7886215812610521,0.9549383901967389,0.9571378172310624,0.6923076923076923,0.79296875,0.7816802313991211,0.7461636702241156,0.8240892741861109,0.7650324620187848,0.059056812167326056,0.016389040622082796,0.012013826223941981,0.012145512251818813,0.018925371733322205,0.019500723484140225,-0.07692307692307698,-0.03515625,0.060096302789241274,0.09215900848479863,0.008012687178208688,0.0057079871709579955,0.002304700007250693
252,2026-07-31,2026-08-31,0.6994448798751142,0.8234589837643272,0.8231451201012342,0.9640344153961364,0.9651214274415809,0.8269230769230769,0.8560311284046692,0.8247579710522474,0.8281460846094656,0.8486939727253456,0.8113765026952658,0.03731747003007979,0.7303473793208065,0.844468508590646,0.8441627248367682,0.9794966412906742,0.9806464307238891,0.7115384615384616,0.8404669260700389,0.8338697728022049,0.815665809253405,0.8794737239504682,0.8207408355191607,0.05873288843130753,0.030902499445692344,0.021009524826318793,0.021017604735534046,0.015462225894537718,0.015525003282308214,-0.11538461538461531,-0.015564202334630295,0.009111801749957515,-0.012480275356060555,0.030779751225122554,0.009364332823894816,0.021415418401227737
252,2026-08-31,2026-09-03,0.9217941303504367,0.9594775823706909,0.9593058026276193,0.9962965714639032,0.9967377431299754,0.9615384615384616,0.980544747081712,0.9394604212957053,0.9446039677057879,0.9663464942298161,0.9562022439035369,0.010144250326279192,0.9251059648299429,0.9612682495656679,0.9610961492311033,0.9974285075788191,0.9978421369385115,0.9230769230769231,0.9610894941634242,0.9075356256176321,0.914480418276536,0.9706817246924199,0.9547933225300306,0.015888402162389292,0.003311834479506226,0.0017906671949770026,0.0017903466034839832,0.0011319361149159102,0.0011043938085361082,-0.038461538461538436,-0.01945525291828787,-0.03192479567807316,-0.030123549429251884,0.004335230462603756,-0.0014089213735063444,0.005744151836110101
