analysis_date,window,window_start,required_valid_days,current_pit_universe_count,eligible_stock_count,eligible_stock_ratio,ew_factor_mean,ew_factor_std,vw_factor_mean,vw_factor_std,ew_vw_factor_corr,ew_mean_contributor_count,vw_mean_contributor_count,ew_regression_stock_count,ew_beta_mean,ew_beta_q10,ew_beta_q25,ew_beta_median,ew_beta_q75,ew_beta_q90,ew_r2_mean,ew_r2_q10,ew_r2_q25,ew_r2_median,ew_r2_q75,ew_r2_q90,ew_share_r2_gt_0_3,ew_share_r2_gt_0_5,ew_share_r2_gt_0_7,vw_regression_stock_count,vw_beta_mean,vw_beta_q10,vw_beta_q25,vw_beta_median,vw_beta_q75,vw_beta_q90,vw_r2_mean,vw_r2_q10,vw_r2_q25,vw_r2_median,vw_r2_q75,vw_r2_q90,vw_share_r2_gt_0_3,vw_share_r2_gt_0_5,vw_share_r2_gt_0_7,pca_stock_count,pca_pc1_evr,pca_pc1_2_evr,pca_pc1_3_evr,pca_pc1_5_evr,pca_pc1_corr_ew_factor,pca_pc1_corr_vw_factor,pca_pc1_loading_mean,pca_pc1_loading_q10,pca_pc1_loading_q25,pca_pc1_loading_median,pca_pc1_loading_q75,pca_pc1_loading_q90,pca_pc1_loading_positive_share
2015-04-30,60,2015-01-29,54,2695,1993,0.7395176252319109,0.0066404482456102485,0.01586104424494048,0.004548721516446789,0.014213593881584753,0.8074958879933988,1977.85,1977.85,1993,1.000057796966527,0.5621802913449129,0.7852187886464279,0.9935417766688127,1.2065532534406718,1.4396944191684835,0.29577856208500475,0.09070839793416996,0.1820270738207365,0.2874233639891255,0.40604175751248434,0.5024144248008361,0.4721525338685399,0.10386352232814852,0.0030105368790767687,1993,0.9007015359554288,0.5209504441000249,0.7266025557649397,0.9121054809121953,1.085939146240966,1.2493781062893246,0.20493593099499646,0.057129268264111244,0.1125669639872277,0.18950311918947732,0.27934501476625273,0.37122330368380246,0.20572002007024587,0.020572002007024585,0.0005017561465127947,1993,0.2942432247252613,0.34147057951489385,0.3759449672618373,0.4371975760582822,0.9982046626135498,0.8044825283972207,0.02135084754364833,0.012106531573350166,0.017414860011785452,0.022037802262033522,0.026246287532955583,0.029375761024369708,0.9939789262418465
2015-05-29,60,2015-03-05,54,2736,1914,0.6995614035087719,0.008591881927133196,0.02159744265572859,0.005406085487066994,0.019003707966810498,0.8846683951892036,1895.9833333333333,1895.9833333333333,1914,1.0007927694468286,0.6786480734853793,0.8529005970318775,1.0076754225130529,1.1676877776060524,1.3066620744807762,0.35816467852421896,0.16451741669399186,0.2550721100364768,0.3617135347836932,0.460014239734411,0.5478326516268804,0.6509926854754441,0.17136886102403343,0.0041797283176593526,1914,1.0053399132563274,0.6618001339621823,0.8546939156604485,1.0278598544993707,1.1794820987179457,1.3132743533088138,0.2942207169806272,0.1026660566357029,0.18944689239185777,0.29102090553130977,0.3953645441254698,0.4828520568081713,0.46917450365726227,0.08359456635318704,0.001567398119122257,1914,0.35341499880753213,0.4068795126560381,0.436695474626243,0.48427770098834655,0.9986936920880588,0.8926814392336717,0.022265134623932845,0.015132082419782226,0.01919266861981587,0.02283714805750064,0.025962503866851797,0.02845637885802505,1.0
2015-06-30,60,2015-04-03,54,2779,1802,0.6484346887369558,0.002583919960952245,0.03389887057111719,0.0012449315256962828,0.028193295483609892,0.9357934607644087,1783.9,1783.9,1802,1.000080495678134,0.7537931876903348,0.9105313623645259,1.0292262682348792,1.1231252959815792,1.2044551981127303,0.5117484740115784,0.3124142354123222,0.4194143146669383,0.5292226714067612,0.6139827742834502,0.687304011295736,0.9100998890122086,0.5832408435072142,0.08435072142064373,1802,1.1246226233161813,0.8783506040600805,1.0197775775322555,1.1571458138493629,1.2564700849724946,1.3372841130575976,0.4556530724466782,0.2664246275560318,0.35750722731149887,0.46313374221679976,0.5562669848035195,0.6383952668246164,0.8540510543840177,0.4051054384017758,0.0244173140954495,1802,0.5063615674788057,0.5488310975208129,0.573201059506444,0.6118822019804396,0.9996298097239211,0.9397454162513585,0.02325444211274238,0.01820206937770597,0.02117867900946395,0.02397662361991028,0.025895469574021904,0.02741307059715335,1.0
2015-07-31,60,2015-05-08,54,2783,1572,0.5648580668343515,-0.0010110811517590544,0.050626531982735784,-0.0025993733646428522,0.03596831526095725,0.8999473825905121,1528.9,1528.9,1572,1.0035013167801792,0.7772912560774936,0.9336490524302782,1.0478952946399476,1.1229019352291632,1.1802077502309263,0.6562406350290502,0.46514008708701055,0.5815276934549996,0.6842608260884029,0.7586078131108188,0.8132342529814731,0.9720101781170484,0.8689567430025446,0.45165394402035625,1572,1.257646465776707,1.047673718431038,1.1871201954286894,1.2922886870338819,1.3730360531569652,1.4375882213270708,0.5378989788922083,0.3740057412310907,0.4560285426814213,0.5447511172466322,0.6273538290005697,0.7009651114688016,0.9637404580152672,0.638676844783715,0.10241730279898219,1572,0.6216694342971613,0.6716795072479206,0.6987157778611637,0.7409242868412218,0.9940973140000867,0.9019719506521445,0.024991453822702844,0.020963090095994057,0.023347955439771098,0.025508840128038238,0.027384175579446068,0.02863573511078291,1.0
2015-08-31,60,2015-06-08,54,2783,1645,0.5910887531440892,-0.009690632156122037,0.05592709016477232,-0.008794322038998634,0.040456911464809404,0.9133515755126371,1598.6833333333334,1598.6833333333334,1645,1.0028517497849412,0.7757938063796591,0.9224128738648735,1.0510999653195738,1.127320773370075,1.1789131050422412,0.6974514733076603,0.49340775791229186,0.6279100699729887,0.7336349849832208,0.801521568082461,0.8547655773175579,0.9726443768996961,0.8917933130699088,0.6060790273556231,1645,1.2533812071165042,1.0528857482863805,1.192085281075061,1.2938485815554908,1.3659072941643708,1.4278147363280604,0.5876033280197581,0.4282240952332264,0.5180284297066385,0.5991884904695053,0.6744081365672331,0.7350313701271469,0.9720364741641337,0.79209726443769,0.17203647416413373,1645,0.6625745117356296,0.7130239387113679,0.7411602701628482,0.776054443926865,0.9932145171431747,0.9153778810433196,0.02444492412705056,0.020595776499135444,0.022980933364712148,0.025164302750039235,0.02666631817391971,0.0277327968549895,1.0
2015-09-30,60,2015-07-07,54,2783,1769,0.6356449874236435,-0.0016279222319634577,0.054094171986961787,-0.004280863340795028,0.03706547074592559,0.9183019188256162,1718.3333333333333,1718.3333333333333,1769,1.0041081345237826,0.7567414628231487,0.9279256869637905,1.0442789405591015,1.136459739348075,1.1955480056970047,0.7161587039619369,0.5153182175133404,0.6558394486445038,0.7496050214604637,0.8245017081651698,0.8719765747469215,0.9745618993781797,0.9095534200113058,0.6455624646693047,1769,1.337460139068079,1.1114098546594915,1.2572351224027043,1.3762543764212405,1.4708849115286722,1.535079763522811,0.6090308852629677,0.4521522743146161,0.5511778043157451,0.6257235205472638,0.6944020076044163,0.7435614159839294,0.9728660260033918,0.8417184850197852,0.22611644997173544,1769,0.6782976075366031,0.7317629502068937,0.7568002598820076,0.7928081514798665,0.9918312995583303,0.9154701954263321,0.023560048479740536,0.01998936418893243,0.022417802855481738,0.024159690627950512,0.025628317796797907,0.026617588370060664,1.0
2015-10-30,60,2015-07-30,54,2783,1962,0.7049946101329501,-0.0010268067590793544,0.04587774039655347,-0.0023554996835098937,0.03262342712133035,0.9412455867653512,1948.25,1948.25,1962,1.0003388317461395,0.7155648794238245,0.8969313784884896,1.0417747431895439,1.1467479544336017,1.2237347791376358,0.6901275968502891,0.4772667165414677,0.6174877554130461,0.7252627980291245,0.7987684962971754,0.8475706371951061,0.9734964322120285,0.8873598369011213,0.5728848114169215,1962,1.3241064902469082,1.042142737849339,1.2209870950953503,1.3660253670911469,1.4751014703123744,1.556910460262159,0.6197887878877721,0.4524494619450203,0.5585585557064154,0.6380933000573372,0.7082141099102126,0.7649832346500893,0.9704383282364933,0.8470948012232415,0.27370030581039756,1962,0.6859725405621636,0.7276693678227756,0.7500749532005381,0.7807197274864413,0.9998273659655839,0.9449987631100455,0.022381166081894662,0.01869867495607352,0.021343791327295282,0.023139815751139745,0.024312106164455397,0.02507301707790448,1.0
2015-11-30,60,2015-08-28,54,2783,2037,0.7319439453826806,0.004821469442157497,0.037205579204986634,0.002394892323329863,0.024194781786808475,0.9333325188517974,2022.7,2022.7,2037,1.000125617013517,0.6799982649276132,0.8832409531056294,1.0417667208582324,1.1606721330637007,1.2660988861858298,0.6332264398905654,0.42327514518428594,0.5523534841856484,0.660974492874276,0.7463727623857036,0.8090383259347053,0.960726558664703,0.8311242022582229,0.38438880706921946,2037,1.4353770177931675,1.0573349395781106,1.2832341097431261,1.4770970997445836,1.625929054153821,1.7607338770826615,0.5596819259889771,0.39032812782529125,0.48070404230229774,0.5738012908960486,0.6516753053061815,0.7155265120468957,0.96759941089838,0.7025036818851251,0.13451153657339224,2037,0.6287038353168934,0.666303496141865,0.6894420222675474,0.7208616414723031,0.9997185181769987,0.936558018651309,0.021886185995825296,0.01801194856794368,0.020633429720190572,0.022661558464973103,0.02409825690257861,0.02509701884526769,0.9960726558664703
2015-12-31,60,2015-10-09,54,2811,2119,0.7538242618285308,0.005081430192236095,0.024154189562377634,0.002507492886174549,0.018367324461185715,0.9448927408184271,2103.483333333333,2103.483333333333,2119,1.0000230654076159,0.6705805300686928,0.8580748325505057,1.0198058369668301,1.1648255400960446,1.3028203572257158,0.46364389607224576,0.26161398710472317,0.3627074681238692,0.4708465947131568,0.5718505066732811,0.6536520486433401,0.8489853704577631,0.44077394997640396,0.04719207173194903,2119,1.24206585990082,0.8730801446490577,1.0767717405642254,1.2587909433981386,1.4318146811340364,1.5874853464524796,0.4256010838603028,0.22039828705755501,0.3185668590854319,0.4253496236270291,0.5341920301485809,0.6252092745721799,0.7791411042944786,0.33364794714487966,0.034922133081642284,2119,0.46217318199071544,0.5101348714189724,0.5344264938765073,0.575601664579733,0.9981436149010402,0.9536898897525562,0.02133896799387092,0.0158827126180336,0.019025789923979845,0.02191836415480821,0.024261151456913627,0.025949649774302214,0.9995280792826805
2016-01-29,60,2015-11-06,54,2812,2199,0.7820056899004267,-0.004317777483837266,0.0332685263786489,-0.004566922802668137,0.0263192480651157,0.977047530085603,2184.9666666666667,2184.9666666666667,2199,1.0002845226102046,0.7411510150540056,0.8899641830296774,1.0200234446226455,1.135155996389913,1.2313253481596123,0.6181881249395216,0.42842793954531183,0.5279141888819805,0.6350108721619558,0.7223463339031184,0.7829103617362341,0.9822646657571623,0.7976352887676217,0.31923601637107774,2199,1.2351548972349218,0.9628009680365727,1.1257306286125717,1.2617026823676338,1.3782059056081928,1.4755970490244923,0.5984583894457371,0.40726296576274046,0.5011399797857576,0.6080692671944068,0.7024072275242776,0.7791692934258311,0.9718053660754888,0.7526148249204184,0.25602546612096405,2199,0.6157175411797857,0.6555269739608647,0.6761680931502502,0.706820768367282,0.9992361453782432,0.9825369217828372,0.021168409424702928,0.0177318676333375,0.01960691013754745,0.021567083511702518,0.023115187927718647,0.024097284894547183,1.0
2016-02-29,60,2015-11-30,54,2819,2241,0.7949627527492018,-0.0055522994479032806,0.03502045233998285,-0.00482217715991828,0.0276848749025733,0.9790787021617783,2227.4333333333334,2227.4333333333334,2241,1.0001475482978586,0.7569025462235559,0.9024979220370019,1.0282884540977126,1.1290537049106146,1.200528071899118,0.661605090498975,0.4632760172133743,0.5758430363761061,0.6835630134481749,0.7747465786194201,0.8287782064815826,0.9821508255243195,0.8558679161088799,0.44890673806336456,2241,1.2384203323038852,0.9813992706697275,1.137406427702339,1.2750230314230584,1.3727237072904284,1.4508650849981608,0.6409468818465086,0.4425197660265307,0.5471801708756182,0.6580239910734632,0.7486792190038031,0.8195989343545153,0.9759036144578314,0.8348951360999554,0.37527889335118253,2241,0.6579054228719788,0.6937181724033258,0.7112318392253024,0.7407388952205445,0.9995494846575561,0.9833592518534684,0.02097425978901751,0.017557104975431115,0.01967026129701696,0.021461429925759567,0.022891437282755184,0.02371561740241664,1.0
2016-03-31,60,2015-12-31,54,2835,2290,0.8077601410934744,-0.003800775284952407,0.0374521680892578,-0.003439926414962841,0.029152466582509615,0.9824735681632171,2275.1666666666665,2275.1666666666665,2290,1.0001917481601528,0.743399267611828,0.8969309015477007,1.0244204686458624,1.1366478263272752,1.2184896182949396,0.7087367219177514,0.4973892081124799,0.6276197028479291,0.7454007595909665,0.8226960725820255,0.8729195439269094,0.9777292576419214,0.8982532751091703,0.620524017467249,2290,1.2624681369771258,0.9678730377052102,1.1574486031475255,1.3021538024690702,1.4165448942160537,1.4989348508467109,0.6899524100986658,0.4905922182143116,0.6113983529814687,0.7192836751862749,0.7991007510716865,0.861548168469535,0.9751091703056769,0.8912663755458515,0.5593886462882096,2290,0.7048398470762445,0.7358633914081146,0.7553830520750126,0.7813283237763352,0.9996370491338644,0.9858658871910915,0.020723248832101627,0.017459325748249665,0.019598648441179603,0.021404204520996464,0.022547857155531672,0.023269238866163472,1.0
2016-04-29,60,2016-01-29,54,2846,2246,0.7891777933942375,0.0029663078375821994,0.026478724187675225,0.0018112541252141479,0.019466940942274188,0.9694347537377039,2230.7166666666667,2230.7166666666667,2246,1.0001497960740047,0.6868646035445096,0.8561348102893247,1.0153715419673055,1.1685028325581368,1.2948765793803196,0.6068422381023894,0.3720732256797006,0.5029886910339165,0.6350783635936277,0.733436015092719,0.8083731284403839,0.9390026714158504,0.755120213713268,0.3325912733748887,2246,1.3187098220732998,0.9419553420388058,1.1588623519981684,1.3478832887773504,1.5124037169538023,1.6459824515408426,0.5779419576280904,0.35575255452291654,0.47436572759375706,0.5985153643961294,0.6990248843794086,0.7809011839915693,0.9372217275155833,0.7070347284060552,0.24888691006233304,2246,0.6040354827744735,0.6398444884088414,0.6555123829610083,0.6848071729617294,0.9995590417497892,0.9743834640470498,0.02081862714122593,0.016378992956035728,0.019172380345673524,0.021588034347077536,0.023185183624354823,0.02441146026453146,1.0
2016-05-31,60,2016-03-07,54,2858,2265,0.7925122463261022,0.0017522779596249895,0.020876691396491627,0.0006131716579757272,0.014528280574953001,0.979013892885773,2248.0,2248.0,2265,1.0003998564050947,0.6504712841166338,0.8308327326077423,0.9966690036730578,1.1870218447217762,1.35102928212595,0.5396437250853364,0.2883877260880873,0.42311527510840113,0.555914128528007,0.6716202817952501,0.7620876189105571,0.8931567328918323,0.61280353200883,0.19955849889624724,2265,1.407532590573677,0.937221014525915,1.1737390349323706,1.4074878476290749,1.653327965282756,1.8875376126964885,0.5216258741477852,0.28351142772943316,0.40611007794091586,0.5362022031575894,0.6524341813985651,0.7436758801558315,0.882560706401766,0.5660044150110375,0.16821192052980133,2265,0.5364577620672134,0.5626876987888455,0.5826935803821846,0.6151782843091352,0.9994610253887951,0.9819833262149159,0.02063161032417718,0.015255371894116592,0.018621886463064976,0.021324150285317763,0.02343598307265833,0.02501793275327668,0.9991169977924945
2016-06-30,60,2016-04-05,54,2871,2284,0.79554162312783,0.000525947923125474,0.019206891695979174,-9.456100799844996e-05,0.013399926905581538,0.9856522352467186,2268.2166666666667,2268.2166666666667,2284,1.0002993878014703,0.620251967215731,0.7930700596813594,0.9991117703826609,1.2184045326175714,1.39365576537911,0.508910535726049,0.2634990950565697,0.3838069426672961,0.5209486888275097,0.6461631142902768,0.7385790071888751,0.862521891418564,0.5485989492119089,0.1563047285464098,2284,1.4131833892690722,0.8891606367028783,1.1290925937372027,1.405373212113893,1.7062241390082429,1.942317450534954,0.5005402128184034,0.2540188325590251,0.37286959062171643,0.5069225904752698,0.6444932818180483,0.7368722274907116,0.852014010507881,0.5170753064798599,0.14492119089316988,2284,0.5072813731261026,0.5327995288106668,0.5561845027161476,0.5923539716913926,0.9985870962829141,0.9900311259407379,0.020472263806263633,0.014848738327182257,0.018038800188618927,0.021139806744062267,0.02364839010066146,0.025328124828893725,0.9995621716287215
2016-07-29,60,2016-05-05,54,2884,2332,0.8085991678224688,-6.347769491529645e-05,0.01767867146437285,9.642913667995283e-05,0.012520139348070803,0.9778801627460079,2320.1,2320.1,2332,1.0006279599817374,0.5733515619342073,0.7776326978515494,0.9976106803571196,1.2239239228397003,1.4268329548033567,0.4719929325827509,0.21097041472504513,0.34191218369245135,0.48233584255099404,0.6047522402253689,0.7168627727826477,0.8044596912521441,0.46869639794168094,0.12264150943396226,2332,1.3813227525770224,0.8335319858530055,1.1061158247221463,1.3784693962078427,1.672848147369543,1.919998349495192,0.4603920476259983,0.20963981806668502,0.33030236427564164,0.4672427297287375,0.5928732014858222,0.7031176302046696,0.7877358490566038,0.43138936535162953,0.10463121783876501,2332,0.47111842502221024,0.5062218088991204,0.5286304907114034,0.5666432010664716,0.9978584299160648,0.9850588878630079,0.020187314431365674,0.0137353001056523,0.01756439702736574,0.02088955150499519,0.023568358534650394,0.025595715877340056,0.9995711835334476
2016-08-31,60,2016-06-07,54,2914,2409,0.8266986959505834,0.0010936277474133745,0.014006279185035019,0.00091470902563439,0.010307576127812336,0.9634837745555094,2396.1666666666665,2396.1666666666665,2409,1.000002101522311,0.5712644794791583,0.7645153555933842,0.9861319731350208,1.2390860044365926,1.4579943983499484,0.38675259444789706,0.14918192883744782,0.25277073125297955,0.3868790873168179,0.5187817259458117,0.6304186240695069,0.6621004566210046,0.27936903279369035,0.039850560398505604,2409,1.3084428002340442,0.7934458514147185,1.0232280975204964,1.2847337073867167,1.586303057647286,1.8643028485380388,0.36666763532781776,0.14033866669090386,0.24094412537921592,0.3615372092857893,0.49483696912822794,0.5958362075671911,0.6338729763387297,0.24076380240763803,0.019510170195101702,2409,0.3862265117693968,0.4232117291476574,0.44864403026085486,0.4896011636797307,0.997947457572242,0.9701400086013434,0.019638772357012037,0.012521670986129078,0.01635311218215193,0.020298101299869788,0.023671860207909456,0.0261359034634353,0.995848899958489
2016-09-30,60,2016-07-07,54,2936,2429,0.827316076294278,-0.00011522336294137238,0.011438976942445429,-0.00012238641591836333,0.008631107577000727,0.9487321141631456,2414.9166666666665,2414.9166666666665,2429,0.9999288229519959,0.5554367887321852,0.7668224662944181,0.9969489353004845,1.224622377196049,1.448304062759838,0.3460827584719482,0.11037430266128498,0.2047946629402349,0.3418444278685407,0.4788188984803949,0.5937054718087695,0.5813091807328119,0.21902017291066284,0.018526142445450804,2429,1.2570945953426558,0.7493276947482758,0.9881786806241765,1.252563942709191,1.5099247483317857,1.7800103854718634,0.3160940198881585,0.10597894643084098,0.19227836385569722,0.30544226113420003,0.43138393689607796,0.5401117900433743,0.515850144092219,0.15150267599835324,0.00699876492383697,2429,0.3457096245298376,0.3850258328924726,0.4105251715699916,0.45420374770211663,0.9983794181364282,0.9499111052141442,0.019400332291432777,0.011240775284110474,0.015563736370539804,0.02012452807604044,0.023963364576217727,0.026669631844119947,0.9983532317826266
2016-10-31,60,2016-07-29,54,2958,2451,0.8286004056795132,0.001011029635880477,0.009828077282712403,0.0005488289060416452,0.007824433301985028,0.9533364636763159,2438.766666666667,2438.766666666667,2451,0.9995937813128397,0.5735614440914095,0.7643324307428799,0.9818617385482953,1.2182819370879319,1.4592054625182982,0.3186529130095556,0.09303908670580575,0.1792604324245049,0.30202724320079927,0.4480610399025218,0.5693642863827196,0.5063239494084047,0.1701346389228886,0.01346389228886169,2451,1.1964983133419846,0.7009323775147093,0.9258743137192529,1.175299890185799,1.4520449703848317,1.7242651286262292,0.2951053947884379,0.08116372311207252,0.16779634329558327,0.27745731918952754,0.41507971446292524,0.5344043840672139,0.44879640962872297,0.13219094247246022,0.0069359445124439,2451,0.318635495496433,0.346438578081897,0.3707082602365055,0.41257249251827516,0.9979742139466977,0.957729929903345,0.01921835857630947,0.010686020541995425,0.015035764603950324,0.019641955252127512,0.024030667242128007,0.027110925526082637,0.9979600163198694
2016-11-30,60,2016-08-30,54,2992,2460,0.8221925133689839,0.0008343846940067013,0.008858154600977781,0.0006492900952565523,0.007028202022818713,0.9479323348371189,2446.1666666666665,2446.1666666666665,2460,0.9998872494856438,0.5275255290970393,0.7591000930695884,0.9900493681913589,1.2345090520524478,1.473506225536764,0.2768610523131837,0.0705691382968781,0.14899332178877386,0.255459306273293,0.3887395582700497,0.5149408961797121,0.40447154471544716,0.11707317073170732,0.006910569105691057,2460,1.1945600822884672,0.6451627252213648,0.9155562284373965,1.188258427797964,1.4719183632149098,1.7438796518272657,0.25801386939364024,0.06048667787206206,0.13365683270058748,0.2384837188419095,0.37032380311163443,0.4893258874858537,0.3719512195121951,0.08902439024390243,0.0020325203252032522,2460,0.27763823741477867,0.31175742649116295,0.33788747339668007,0.3824112954383391,0.9960461655276597,0.9579995351330988,0.018977811400753854,0.009894827551766223,0.014676972477659185,0.019311377220719562,0.02392416260076851,0.02773069634257446,0.9943089430894309
2016-12-30,60,2016-10-10,54,3037,2499,0.8228514981890023,0.0001352520093406815,0.010676392964292113,8.561603728830374e-05,0.007643823183436649,0.91844035422482,2486.7,2486.7,2499,0.9999499054518292,0.48773455010327843,0.7253311711416276,0.98808048694451,1.268923445532367,1.5393941248585938,0.32768982522299084,0.08526552279005879,0.17891105173711824,0.31390670966158934,0.46472711034646613,0.5922341473536982,0.52781112444978,0.19767907162865145,0.026410564225690276,2499,1.2824024192651982,0.66807994382489,0.9611915283368635,1.2670734424671257,1.5947776513129734,1.9249051780689086,0.2837340590999845,0.07891544877194076,0.15376448200992987,0.2720211733301823,0.39651046523045175,0.5107969825324807,0.4417767106842737,0.11044417767106843,0.0020008003201280513,2499,0.3279901833364902,0.3627357863699421,0.38764626896874566,0.42863546233658323,0.9974145321032094,0.9214436747520126,0.01887645915579783,0.010050965399225795,0.01455390036220552,0.019565552199774478,0.023836332197105008,0.02700808479107561,0.9911964785914366
2017-01-26,60,2016-11-03,54,3090,2537,0.8210355987055016,-0.0011328397284130467,0.012246889326441123,-0.0003302569820856311,0.007643523746760961,0.9083327416021612,2524.8166666666666,2524.8166666666666,2537,0.9999802481176223,0.45074418322752996,0.717129653875327,0.9846995485560399,1.2822748302397842,1.5647918941917527,0.37033917040146974,0.09663707133459086,0.21243290156950603,0.35898377062037007,0.5282603162784268,0.6477462541629295,0.5979503350413875,0.2948364209696492,0.050453291288923924,2537,1.4553889374963724,0.7482851499920872,1.0802475149002293,1.435553362156252,1.8051189362861768,2.1879582032040568,0.31084276941820405,0.09663472254861533,0.18540255274492892,0.3035175440302215,0.4321897236845267,0.5276475275032185,0.5139929050059125,0.13874655104454078,0.0035474970437524636,2537,0.37022213807789817,0.4101389241080275,0.4367931459585549,0.4769023612387045,0.9983642234668946,0.9060789349425991,0.018761976991350297,0.009769821672864169,0.01493639278380996,0.019555164023626965,0.023841937860746946,0.02634375066779617,0.9905400078833267
2017-02-28,60,2016-11-29,54,3122,2579,0.8260730301089045,-0.0010541768061512156,0.012252489386485937,-0.0006205146465639952,0.007653205070589035,0.9064215699131912,2567.9333333333334,2567.9333333333334,2579,0.9997079316739241,0.45120923271457286,0.7107746160055636,0.9906117601510405,1.2865195008328711,1.5559492889750413,0.3869886247511269,0.09500341463796277,0.21453258219352955,0.3872241467325742,0.5560437644168047,0.6805632342431512,0.6200077549437767,0.33229934082977897,0.07754943776657619,2579,1.4507743509654176,0.7613844480368862,1.0894696495702814,1.4496378275132942,1.8167145460308425,2.153025215735159,0.32586825226662747,0.09320217876234724,0.19039154989878992,0.32564568621128537,0.4563838391924274,0.5542186510861787,0.5498255137650252,0.17681271810779373,0.005040713454827452,2579,0.3871403764144403,0.43005210153518625,0.4575931551138483,0.49564330559026915,0.9980151917773589,0.906943008490667,0.018545718939688698,0.009544330761243643,0.014493135529254565,0.019644958355498444,0.023667563743058166,0.02615382749811047,0.9891430787126794
2017-03-31,60,2016-12-30,54,3170,2663,0.8400630914826498,-0.00011458232069908434,0.009838989476509586,0.00041125442573857314,0.006027032421788295,0.9168789390379002,2651.65,2651.65,2663,1.0002169650906911,0.37987282902280867,0.6740304270179134,0.978856953085113,1.3100990851928727,1.640679926735142,0.30741190853566397,0.054437968956781664,0.14911909990244854,0.295237584532359,0.4481945134331582,0.5813203037153375,0.490799849793466,0.19376642883965453,0.016898235073225687,2663,1.497188051168981,0.7254637569263404,1.0834753026726023,1.4805000333033713,1.8925566108559073,2.3006724377839096,0.2613550578402163,0.06784407442954325,0.14057151142856966,0.2512364145553045,0.3685596088117032,0.4710552435710695,0.3894104393541119,0.0732256853173113,0.0011265490048817123,2663,0.30763819761121725,0.3535877645205696,0.3862649888627772,0.428504577434056,0.9975042453177946,0.9073914351946624,0.01797012105438974,0.007938588682382725,0.013395288476682515,0.018968422217051435,0.023474002797188434,0.026832998414238477,0.9849793466015772
2017-04-28,60,2017-01-26,54,3208,2696,0.8403990024937655,-0.00046895717369591295,0.009677921743897146,-3.623633168206147e-05,0.00646736736651401,0.945031233731982,2682.9,2682.9,2696,1.0002679009337563,0.4414691612091721,0.6898848659476817,0.958616086950728,1.2700640073193714,1.5887348379605242,0.26354328237440666,0.06747871929776415,0.14020468351506538,0.24217638058118837,0.3708135431566586,0.4884109137559093,0.38241839762611274,0.09124629080118694,0.0025964391691394658,2696,1.4138314499554263,0.6805115641485235,1.0233225250428946,1.3903874931460503,1.7699989707748105,2.133682373129867,0.2446944916823426,0.06234195786181064,0.1317788519331522,0.22855384181434057,0.34418439164374565,0.4555947427509325,0.33642433234421365,0.05934718100890208,0.000741839762611276,2696,0.2648864817248242,0.3153877366992428,0.3477428117801412,0.40232420042259304,0.9946944715766547,0.9545199519532074,0.01811153564972117,0.009500589578017036,0.013899100784763606,0.018405530619844648,0.022879666254799223,0.026356858782273854,0.994807121661721
2017-05-31,60,2017-03-02,54,3246,2699,0.8314849044978435,-0.0028682083806639558,0.011477680433375414,-0.00103174465734461,0.006774024645510949,0.9098126469498337,2684.9,2684.9,2699,1.0003693103928695,0.40236780103107994,0.7000421045137696,0.9757927315609464,1.2814499053254245,1.6219518147035636,0.29837203081888874,0.07361227169466411,0.16580552541280147,0.28567811050814806,0.4207134908247691,0.5375993661237163,0.47462022971470913,0.1404223786587625,0.007780659503519822,2699,1.5420184145219333,0.7358467232530074,1.103398527909802,1.5024497797542409,1.9350898302007356,2.4255812656750373,0.25451809083542,0.06762937729620642,0.14219692678701168,0.24416544447725363,0.35410814262776447,0.45478450286781663,0.3697665802148944,0.05928121526491293,0.0,2699,0.2997184582071966,0.345353333462847,0.37470732314927,0.4263937538792217,0.9952389975136651,0.9119425757874409,0.01805638216241483,0.009319198188854896,0.014220024476401368,0.018764648392839152,0.022985479616580862,0.02597193240810896,0.9844386809929604
2017-06-30,60,2017-04-05,54,3282,2750,0.837903717245582,-0.0018345699351195585,0.013149256970679452,-0.00029124442793821873,0.007129045582779959,0.890361317506228,2735.116666666667,2735.116666666667,2750,1.0000799372467828,0.37492314899805357,0.6856408519966992,0.9802320023589488,1.308908632455203,1.6422387438983495,0.3504624986832731,0.08612348740089558,0.2042546879837553,0.34498986654960523,0.49026425268650453,0.6165466328997276,0.5836363636363636,0.23927272727272728,0.03309090909090909,2750,1.6431030256118984,0.7384287509157572,1.1715571240674172,1.6063169049830008,2.0943374203801772,2.5589990175218573,0.2821422186260874,0.08095026495155966,0.1682062953503042,0.2790586249064479,0.3899177869100129,0.4829442361698829,0.4450909090909091,0.08727272727272728,0.0,2750,0.3510297685501368,0.39463419006442707,0.423357326079504,0.47107093467898814,0.9969183770299151,0.885796675809849,0.01785549141038995,0.009112406476411872,0.014311675698593599,0.01893390326706559,0.022567438659739276,0.02537806773978248,0.9781818181818182
2017-07-31,60,2017-05-05,54,3311,2783,0.840531561461794,-0.0008303310165215761,0.014259278840719323,0.0006944630138321836,0.006952795833634131,0.8797487151803604,2771.0,2771.0,2783,0.9998642762623157,0.4082036156816594,0.6836536563156349,0.9953969755035637,1.3261387595463843,1.630240274674779,0.40357653189478454,0.10552202073407163,0.23993194544789756,0.40907511145947323,0.5589779775209153,0.689187045457848,0.6654689184333453,0.3496227093065038,0.08983111749910169,2783,1.8044304593624403,0.833621618964431,1.2937834186363424,1.7951116871023955,2.311464667765253,2.7962221316917066,0.3153275975753661,0.09362067738118739,0.1971320410226921,0.3162038330060304,0.43008747174878875,0.5306870168059148,0.5353934602946461,0.14085519223859144,0.0025152712899748474,2783,0.40323320433531173,0.442446826619635,0.470500025557612,0.5154660145781396,0.9987636072674159,0.8741499748118491,0.017783639049184445,0.009455326828447354,0.014544121839470046,0.01909698358595442,0.022379569513113214,0.024839142033063363,0.9770032339202299
2017-08-31,60,2017-06-09,54,3347,2834,0.846728413504631,0.0006892874984042424,0.011702944905837,0.0011188887092430367,0.006617653866559561,0.8536355960411623,2823.6833333333334,2823.6833333333334,2834,1.0000020487703196,0.3919857289348066,0.6839199417990811,0.9997989439755879,1.3240730518969204,1.6071061474564712,0.34811473981084934,0.07970862507817787,0.188986153367424,0.3407356882435979,0.4954573043741086,0.629467814037967,0.5649258997882851,0.24135497529992944,0.046224417784050814,2834,1.5090605995818989,0.6989240951358222,1.1074348587105907,1.5115071695613562,1.915110677002043,2.2985259893904653,0.25331745441404957,0.07587543054397161,0.14852814698470546,0.24730669400122668,0.3518243864433478,0.43830613448896305,0.3662667607621736,0.0374029640084686,0.00035285815102328866,2834,0.3488287188298788,0.39858972121376035,0.42664930113733024,0.4695571873262522,0.9973971141745558,0.8362797564540674,0.017537779006126117,0.008593633730588615,0.013521056959137457,0.018462220664444563,0.0224910433683,0.025419530613712066,0.9844742413549753
2017-09-29,60,2017-07-10,54,3384,2897,0.8560874704491725,0.0002506487157104775,0.011063564477618963,0.0006739914922150408,0.006248291282783328,0.8707556499911484,2885.516666666667,2885.516666666667,2897,0.9994790700048654,0.3895382337451788,0.6801767198045204,1.0149655704978222,1.346222880917714,1.5869079321993202,0.3126011832796195,0.06729102760734341,0.17345632525557297,0.30172410916755726,0.43741182352235997,0.569801537778573,0.5025888850535036,0.17017604418363824,0.018985157059026578,2897,1.5402723736437645,0.6709222483154844,1.1153540932286585,1.5662189410545517,1.9846624042831102,2.3325207309279876,0.235454972270286,0.062230031102353686,0.13546361041475094,0.226545734010083,0.32672273860778306,0.4131479775833416,0.3079047290300311,0.03210217466344494,0.0,2897,0.3138236396446311,0.36684604663301,0.39584464829125565,0.43695890086046696,0.9962662012862059,0.8503905991538727,0.01725966553600197,0.008016349430377039,0.013502192498406545,0.018199282948215493,0.022147399231847484,0.025261573328770253,0.9789437348981705
2017-10-31,60,2017-08-02,54,3411,2941,0.862210495455878,0.0005752950103790042,0.00906020483551782,0.0006258316725630432,0.005356047877412133,0.8413508624437248,2929.5833333333335,2929.5833333333335,2941,0.9998121852963221,0.3647553137954454,0.6648664142436288,0.9647484611170302,1.3327097501990182,1.6690147227935521,0.24658612022701518,0.048269093246348975,0.12277832429394217,0.22857747611175414,0.353186705527731,0.4578499334602395,0.35158109486569195,0.06970418225093505,0.004420265215912955,2941,1.4226868773069525,0.5754370124356416,0.9547012809561748,1.3608138119192856,1.8275934432656495,2.349082695065379,0.17883716050826495,0.03272287865162815,0.08373260689190117,0.16181423621796223,0.2534440436107983,0.3483606559967599,0.16150969058143488,0.011220673240394424,0.0,2941,0.24699363759897397,0.2878731976708371,0.3157369103985847,0.3650641978041839,0.9973832590406414,0.8334610324791978,0.017013101291017532,0.0077707616296621195,0.012958501660001473,0.0177307259303328,0.022117973233785677,0.025251968917438694,0.9782386943216593
2017-11-30,60,2017-09-01,54,3447,2959,0.8584276182187409,-0.0014045196045300884,0.010239462722295024,-0.0003601408785915747,0.005935776094963101,0.8068778460234709,2947.75,2947.75,2959,1.0002994029357584,0.40931424695917845,0.6714484596166777,0.9782144278653784,1.3257498817867925,1.6400315769200382,0.27656925148038053,0.061223981336562636,0.14581225715847035,0.2662508368802767,0.3891471437886077,0.5063448889174502,0.431564717810071,0.1071307874281852,0.005407232173031429,2959,1.3931834375269596,0.5951078448174243,0.9523486656715402,1.331370229313141,1.7988062666727906,2.258202858077335,0.17619177245216608,0.04184063389263288,0.09653818954722594,0.16879638384537807,0.2472021939391185,0.3170099963713141,0.12031091584994931,0.0027036160865157146,0.0,2959,0.2784337848173439,0.31552670756808704,0.34709485120883776,0.3975263590805452,0.9947257864507795,0.7683408522823416,0.016988055504831925,0.007961240141313539,0.013113467071549593,0.017999095397025718,0.021870638981305264,0.025169194199324747,0.9749915511997297
2017-12-29,60,2017-10-09,54,3470,2995,0.8631123919308358,-0.001921567173213387,0.011452432140040679,-0.0004285395705680625,0.006894624712868518,0.7788214521327776,2984.35,2984.35,2995,1.0005193680763584,0.40294200701392135,0.6813618428943173,0.9646916501379572,1.308222368585978,1.6649932234082006,0.3237739194714152,0.07180046319642998,0.16543921350570467,0.3125102280966942,0.4691130571109964,0.6001817776252617,0.52220367278798,0.20734557595993322,0.024040066777963272,2995,1.2944431597519326,0.5627280605177476,0.8836416807600764,1.2372016314118426,1.6530318377011637,2.121617924814916,0.1905179553789407,0.049018916938605994,0.10706095066723903,0.18585660833483095,0.26752086932056585,0.33380881663697015,0.1666110183639399,0.002003338898163606,0.0,2995,0.3252713953625302,0.3596124318227006,0.3883105628958402,0.437509182120627,0.9957964643136633,0.7378874678785913,0.01688790381422202,0.008227502321652933,0.012807428278007009,0.01784887496255708,0.022102719429427403,0.025039712196221316,0.9712854757929883
2018-01-31,60,2017-11-08,54,3485,3026,0.8682926829268293,-0.0021381191130306165,0.01109087773544411,-7.792005257821394e-05,0.0074456797896152935,0.7399764730289575,3015.116666666667,3015.116666666667,3026,1.0001829953873582,0.38911997540965243,0.6677258773133914,0.9621599045944433,1.318232962457392,1.6736263076013544,0.2999907590937055,0.053870295845749754,0.14827935306530274,0.2884841816486351,0.43942321001523466,0.5546755135303393,0.47984137475214805,0.16721744877726372,0.015532055518836747,3026,1.1027404468318125,0.4426489135225423,0.736911440649627,1.038196641162818,1.4264855716166354,1.8283804876788023,0.161709875319225,0.031370885021377436,0.0867762748919434,0.1561247716044603,0.22850859654738484,0.2952979131672181,0.09253139458030403,0.00033046926635822867,0.0,3026,0.3012284301167959,0.33395238523698034,0.36334815270237847,0.4188257685381116,0.9960401717314756,0.700306222388666,0.016806649385632994,0.007267632056598772,0.01251238397181386,0.017711523015092562,0.02202469862199782,0.024813091666015176,0.9808327825512227
2018-02-28,60,2017-11-29,54,3496,2961,0.8469679633867276,-0.0018512968857868027,0.015086041223089403,-0.0005777266376148225,0.01097218244942874,0.761628945497526,2949.483333333333,2949.483333333333,2961,0.9996864681359254,0.4984113836272556,0.763071510128514,1.0021704285384603,1.2687503080148155,1.4895518033474664,0.40831523847386736,0.13325117283740004,0.25183550177847763,0.4090733139778663,0.5646431712234613,0.6833586703080143,0.674096588990206,0.3505572441742654,0.08544410672070246,2961,1.0474379637381597,0.5620149413440277,0.8004968817162449,1.0426654777702937,1.304324258565981,1.5228071844716609,0.24103108063455764,0.07784267503988376,0.14637613214831957,0.23435777077136175,0.32550268572378294,0.40855591808374997,0.3242147922998987,0.026004728132387706,0.0,2961,0.408109811754461,0.45353755994213846,0.4822844097525609,0.5329782541236823,0.9985015643048285,0.7404549024975694,0.017541131478026082,0.010243315218517311,0.014286430107851536,0.018387292421501205,0.02165290685747447,0.023840571278597088,0.9935832489023978
2018-03-30,60,2017-12-29,54,3506,3008,0.8579577866514546,-0.0005042539314351933,0.017251884488244124,-0.0006279098119788181,0.012260187697779605,0.8204353603736053,2996.4666666666667,2996.4666666666667,3008,1.00019365601213,0.5116493242903207,0.7606134558850095,0.9994431710901687,1.264286759205641,1.476743673923972,0.434344368974282,0.15939809076777148,0.28819006365695565,0.44105136599488814,0.5875214185614653,0.6930286195730896,0.7333776595744681,0.3962765957446808,0.09042553191489362,3008,1.1552786099110472,0.6388814221920599,0.890933310790095,1.1625407012044522,1.429370765705797,1.6686715661904439,0.2981578113728134,0.11509615175475836,0.1960883370947678,0.2958873354834618,0.3943865619800898,0.48221339379440176,0.4876994680851064,0.08410904255319149,0.0019946808510638296,3008,0.43373964188994857,0.4781508979626746,0.5078114452963887,0.5540156032566756,0.9990041230604557,0.8109112309141302,0.017540196307393112,0.010853706411262334,0.014799400055764383,0.01836464221954552,0.02126050103485509,0.023141432064523817,0.995345744680851
2018-04-27,60,2018-01-25,54,3515,3025,0.8605974395448079,-0.0016073235985982353,0.017964476588435023,-0.002481608939924357,0.013078329879927962,0.8428427714525681,3013.616666666667,3013.616666666667,3025,1.000320457371092,0.5108793622310648,0.7581408997206697,1.001780197197704,1.2601013011183229,1.4822013748414713,0.42779445188019394,0.16881730011672633,0.29858828140465543,0.4374517289521273,0.5654354666568476,0.6687430062208742,0.7477685950413223,0.36958677685950414,0.062479338842975206,3025,1.1584775739475293,0.6591564212048904,0.901895257620857,1.1638086707560231,1.422728584273698,1.66411006145987,0.31649372445254814,0.12566612397778557,0.2138873892147944,0.3086143429450728,0.41864160648489945,0.5123560655756998,0.528595041322314,0.11371900826446281,0.0059504132231404955,3025,0.4274893618714528,0.4714056247120733,0.5000795268643964,0.5447141241759162,0.9987621523760983,0.8455018498156881,0.017577258528265798,0.01134840592731434,0.01515425308427345,0.018398144532112713,0.02090712203288835,0.022767080668273744,0.996694214876033
2018-05-31,60,2018-03-05,54,3523,3097,0.8790803292648312,-0.0002708543492481902,0.014753783452807336,-0.0008995876555036697,0.010937544342586692,0.9095865588136128,3084.9166666666665,3084.9166666666665,3097,1.000231697841319,0.4618549574419953,0.7064750875854215,0.9849618351786033,1.292469695730685,1.57779762662258,0.3593380420686137,0.10749923231164872,0.23215565679984415,0.363759218467159,0.4898434697626464,0.5889354625564858,0.6270584436551502,0.23345172747820472,0.022602518566354538,3097,1.2269003136684284,0.62966955602406,0.8940939306015171,1.2164877201471271,1.5641498873897308,1.8664535113273217,0.31153487537154706,0.09547081647813964,0.19192345970951197,0.3070745131138858,0.4228352824600976,0.5304873900802751,0.5175976751695189,0.13270907329673878,0.00871811430416532,3097,0.3603369038137414,0.4006084768140171,0.4282337613489357,0.4774013188219574,0.996717438216465,0.9222182456100259,0.017114518327204332,0.009629115028170864,0.014243181083954426,0.018049161708848002,0.02104895276375501,0.023166259115774995,0.9893445269615757
2018-06-29,60,2018-04-02,54,3532,3080,0.8720271800679502,-0.0029150712821149655,0.016782614583750678,-0.0020799059941891563,0.011964829717628375,0.9158635025226989,3070.2166666666667,3070.2166666666667,3080,0.999970937868846,0.5256444940807947,0.7681673044012166,1.0077876780763955,1.2478857952555071,1.4571928370336062,0.4108586746678641,0.15129638135049914,0.2690293643972678,0.41410983978927995,0.5532299240070297,0.6614277931922959,0.7025974025974026,0.3487012987012987,0.06655844155844155,3080,1.2847688039647833,0.73174674948008,1.0261026739085808,1.29657618123735,1.5658687362490924,1.8231796642492717,0.35385180791865006,0.13665482492779654,0.2295599520069206,0.3533870954312657,0.4739274397230858,0.5776979901949525,0.6123376623376623,0.20292207792207792,0.01103896103896104,3080,0.41214169792243716,0.4458156145267215,0.47423797968830095,0.5183144265525411,0.9975733927851165,0.9207373836135321,0.017337445347841117,0.010757541022305413,0.014430208042237665,0.01804691578780069,0.020976275971979808,0.023000645161669546,0.9977272727272727
2018-07-31,60,2018-05-08,54,3536,3166,0.8953619909502263,-0.002625027130472265,0.017463056646511065,-0.00163634334225332,0.012844178901625855,0.9105268564169708,3158.8,3158.8,3166,1.000013774654762,0.539730816501756,0.7915849827886714,1.027624733464835,1.2337318102653632,1.4143788562340147,0.44041457018800345,0.15747860452919857,0.29244930253547474,0.44884385396185245,0.5951498691549034,0.7046924767186683,0.7400505369551484,0.4144030322173089,0.10549589387239419,3166,1.237754774315463,0.7303056422896084,1.0183021458937194,1.2724612705069798,1.4927135124074216,1.6982254268294115,0.37153127216377674,0.14472322098570758,0.2502614565328751,0.3756424677893728,0.49959295585800223,0.5868630971667292,0.6519267214150347,0.24952621604548325,0.011686670878079595,3166,0.4413522946173827,0.4722011074081097,0.5004242291711966,0.542913629548923,0.9982743797336756,0.9123829115780686,0.017115709726181604,0.010398930336152901,0.01436380504860875,0.01792436671870712,0.020679357643388387,0.022597618155613168,0.9968414403032217
2018-08-31,60,2018-06-08,54,3542,3263,0.9212309429700734,-0.0034660073407052436,0.017965374144468783,-0.002398966744763942,0.014324078280404825,0.9250385455607785,3258.233333333333,3258.233333333333,3263,1.000021849957058,0.5714956639932107,0.8192368391918987,1.0348270480723325,1.2114942273875893,1.3740837889319808,0.464093984048297,0.1803553220195414,0.3132563366571273,0.47308004604325876,0.6277526405410493,0.7340422909644199,0.7710695678823168,0.4560220655838186,0.14036163040147104,3263,1.1599514210860908,0.714286679962951,0.9634422794059542,1.1894505141467253,1.386536294540432,1.5733034331269764,0.4005845755391461,0.16760210371059017,0.2744239757646023,0.4078679740973973,0.5316112367140567,0.6202671251981442,0.7131474103585658,0.3076923076923077,0.021146184492798037,3263,0.4650078713449055,0.49694732774963685,0.5239651923615124,0.5666590465476684,0.9985136013107627,0.9239108490497924,0.016915962889028854,0.010735003809566488,0.01432187642762525,0.01766368741127714,0.020382945120600234,0.02209258213147126,0.9969353355807539
2018-09-28,60,2018-07-06,54,3553,3334,0.9383619476498734,-0.0008737377280889196,0.01337533237336653,0.00026452770359304697,0.012797505115756995,0.9468911119379207,3329.95,3329.95,3334,0.9998583974097547,0.5721809179993453,0.7709571953897761,1.0004347740696522,1.2277099507757865,1.4493618020350392,0.3772177140135314,0.13041488382238592,0.24055354833808695,0.3736906541553682,0.5095968897493027,0.6333024608610831,0.638872225554889,0.2654469106178764,0.04259148170365927,3334,0.9894706326819738,0.5664023978005904,0.7694090024122221,0.9829848010314934,1.214074961631741,1.4280630619349517,0.34500716160137357,0.10752620310922628,0.2134650702913107,0.34131302435991456,0.47512879711757305,0.5796148091488048,0.5845830833833233,0.20605878824235152,0.014097180563887222,3334,0.378637545506739,0.41348139818047874,0.4416538313326616,0.4881050585748181,0.9976313214003075,0.951595154917382,0.016625273620353008,0.010105859919971653,0.013760395776151018,0.017174791270157367,0.020166601062024808,0.022514874356946137,0.9982003599280144
2018-10-31,60,2018-08-01,54,3558,3359,0.9440697020798201,-0.0032915465081723447,0.018384090507140027,-0.0021287614107199045,0.016905254677558317,0.9525418668781489,3354.0666666666666,3354.0666666666666,3359,0.9998744243725392,0.6396584755444318,0.8520745367502909,1.0260643190963006,1.1857575555531943,1.3139883029316706,0.49747726281352433,0.22917994218852822,0.3602275089407825,0.5051455926308815,0.6529249398373163,0.7541669269316337,0.8314974694849657,0.5099732063114022,0.17654063709437331,3359,1.0357693747150152,0.6831161308446589,0.8791918841661845,1.0558063985875394,1.217172259129899,1.3658002046480955,0.45315111821949683,0.20462014329892256,0.334903894827667,0.46630541896927286,0.5889137661594199,0.6755432576675011,0.7919023518904436,0.43108067877344447,0.06668651384340578,3359,0.49822720577210594,0.5288336975055877,0.5544190286493786,0.5911232755218343,0.9986610750077609,0.950889380028444,0.016795112460641304,0.011570260479958483,0.01457570815271209,0.017376816848797223,0.01983000837522554,0.02132034124794726,0.9994045846978268
2018-11-30,60,2018-08-31,54,3566,3374,0.9461581604038138,-0.0011618077227851266,0.01929321313552587,-0.0011524556767710328,0.016553757778833698,0.9346630519773501,3369.8166666666666,3369.8166666666666,3374,0.9999150221968047,0.6426658071767898,0.8461078869666026,1.0376932829838998,1.1808843670832774,1.3023782595585573,0.4997261760180823,0.24249334238909714,0.36266635754728294,0.504329515248068,0.6518048464846029,0.7456052823432209,0.8387670420865442,0.5068168346176645,0.16834617664493184,3374,1.0893131840679204,0.7251961435972946,0.9393778860860524,1.1255920112618316,1.2703551758925409,1.396618610872128,0.4429937413276333,0.20369972483789214,0.32425942287135723,0.453715369036811,0.5716800218263446,0.66096458253238,0.7836395969176052,0.4042679312388856,0.05275637225844695,3374,0.5001483065197238,0.529865009308548,0.5535443825233557,0.5898059364520164,0.9991212254627245,0.9374920001569259,0.01680464387635093,0.011890257955803887,0.014645817723310977,0.017292327175935575,0.01969857615279399,0.02111330950447136,0.999407231772377
2018-12-28,60,2018-10-08,54,3568,3426,0.9602017937219731,-0.0015912525463846253,0.019618474465901634,-0.0021836941318111006,0.01638051587617896,0.9443511915082662,3421.366666666667,3421.366666666667,3426,1.0001247202812535,0.6484281979362538,0.8444461265979917,1.0363927535032649,1.1783231178812035,1.2964886060246061,0.5029023869328634,0.2507162635801986,0.37384510962350226,0.5076390998632325,0.6476324330826241,0.7507416093777448,0.8461762988908348,0.5131348511383538,0.17016929363689434,3426,1.1311552343760762,0.7544181206675875,0.9735702985477714,1.1713185399055788,1.316964638425259,1.4520947322858664,0.45538104083669906,0.2146564106779022,0.3374739627199664,0.4661632573321405,0.5869555110968958,0.6772586828519356,0.8032691185055458,0.4258610624635143,0.07267950963222417,3426,0.5030783728789969,0.532363812318885,0.5554207244594558,0.5912287947402006,0.9991472745690062,0.9482999168397126,0.016684566382874667,0.01195533601553506,0.01467013435998251,0.017145106020827125,0.019404459785559117,0.0209318723750788,0.9994162288382954
2019-01-31,60,2018-11-07,54,3584,3492,0.9743303571428571,-0.0010171835488480751,0.014017394695478334,-0.0006693909993645453,0.010554402326068671,0.8928645391916719,3487.1833333333334,3487.1833333333334,3492,0.9998823244847722,0.5699057173791248,0.7773669508725805,1.001142911145498,1.2290173888050404,1.4174685740098014,0.37427097279847715,0.1407230645287862,0.24198755663600507,0.3662125508901334,0.5008707397373168,0.6165590823960717,0.6323024054982818,0.25143184421534936,0.03178694158075601,3492,1.1857247451051722,0.7187719105571444,0.9614540523849351,1.2007418700650727,1.4269283656257719,1.6300598860911706,0.3172932301853446,0.10242461582573012,0.19175139982890663,0.31141666289418524,0.4363389757262746,0.5375090782693126,0.52290950744559,0.14432989690721648,0.00859106529209622,3492,0.37558206974641684,0.41027371955130576,0.4359978497918721,0.4760663942411649,0.997691164852483,0.9111998822666407,0.016313020729777205,0.010370306724833104,0.013594873505023275,0.016718695192464758,0.019643261280038307,0.021857012647007627,0.9985681557846506
2019-02-28,60,2018-11-28,54,3590,3522,0.981058495821727,0.0019720184758410535,0.014644741186800423,0.0020936260151922393,0.012651418749483175,0.9100891057810327,3517.516666666667,3517.516666666667,3522,1.000019664478221,0.6032161582988554,0.7848404379396617,0.9923484595179319,1.2036902473769562,1.4113423949536115,0.3950453761084148,0.16808648416850627,0.2661699483453408,0.39442845660709563,0.5272220428072593,0.6229203890417268,0.6845542305508234,0.29585462805224305,0.036059057353776264,3522,1.0534376358521353,0.6787559105172228,0.8580779185579579,1.0403698862147805,1.240755845909576,1.4493589987442002,0.3405229700976463,0.13033413791193516,0.21792035669934867,0.33546449612143864,0.456895097163524,0.5606117626452035,0.578648495173197,0.17745599091425326,0.011641113003975015,3522,0.39590900425815095,0.4300401168182244,0.45804772166802543,0.5013608235453698,0.9983172968880206,0.9206237112766937,0.01633493789074631,0.010927845151101487,0.013745794205714503,0.016842835104696127,0.01948149247020137,0.02122773091029396,0.9991482112436116
2019-03-29,60,2018-12-27,54,3601,3517,0.9766731463482367,0.004130069300647643,0.017528163385285803,0.0036098929594070585,0.014700254718112763,0.9043658291529812,3512.616666666667,3512.616666666667,3517,1.00005840108755,0.6291052957609351,0.7954767778088389,0.9864054204394589,1.1944876978493177,1.3909074359932792,0.40969344655331674,0.17716723817624833,0.2811788797211323,0.4127540765461558,0.5347265968742926,0.6381895236018433,0.7162354279215241,0.31674722775092407,0.04606198464600512,3517,1.0783864871452127,0.7251086499312683,0.8836150711043123,1.0623048120949203,1.2520891318609042,1.4692232546337913,0.3475978238648606,0.14301807467957964,0.2314675199711221,0.34101155593178806,0.4567337491204724,0.5605569871297065,0.603355132214956,0.17401194199601933,0.01393232868922377,3517,0.41047961551218715,0.4518289435069329,0.4832206447594193,0.5274079963044954,0.9984119800263659,0.9131248551668564,0.01640163876852176,0.010929971489283716,0.013928579238459622,0.01690933591156589,0.019286574040442157,0.02108859235254617,0.9997156667614444
2019-04-30,60,2019-01-29,54,3611,3515,0.9734145666020493,0.0031565931078402568,0.019751624047161645,0.002801256335084118,0.016040461145944807,0.9143019217209583,3508.0,3508.0,3515,1.0003248380735015,0.6316705874322716,0.8025391926186098,0.9982669664097515,1.1945890487475919,1.372783450591034,0.4128023663631876,0.1898469820798486,0.29058978362721977,0.414394983759659,0.5332854114138865,0.6289289442219947,0.7300142247510668,0.31692745376955905,0.03840682788051209,3515,1.1255614958566393,0.7546015498881598,0.9262014935060565,1.1176577613325664,1.306091567844812,1.5153392777298154,0.3550388566804693,0.1628868020611439,0.24700317864673688,0.34751213553840377,0.45706185173324676,0.5555310382839556,0.6355618776671408,0.1783783783783784,0.01251778093883357,3515,0.41282873931798986,0.4505335874698993,0.4796457845863326,0.5214735612463977,0.9989109635347132,0.9214397882641295,0.01645330150127272,0.011429538958164027,0.014094070226407992,0.016878902096927294,0.01917696612256549,0.0208961065784214,1.0
2019-05-31,60,2019-03-05,54,3623,3512,0.969362406845156,-0.0005833284802422204,0.02155140761346702,-0.0009951979942475829,0.017174552651182954,0.9510902241029453,3504.3,3504.3,3512,1.0005813807057014,0.6613650988090378,0.8388818172748163,1.013006719960551,1.1737032075950558,1.3214327035694966,0.45021186231283794,0.21323146124116393,0.3279344422000719,0.454541317837861,0.5776594128813362,0.6790993106772264,0.7941343963553531,0.40575170842824604,0.07574031890660592,3512,1.1937216091420242,0.8122713711622801,1.0148198077646113,1.2050838729936557,1.3894124299206814,1.5511743407694272,0.414850483131675,0.19130247734440642,0.2980685701755455,0.4162941021081603,0.5340128607379617,0.6361020788330276,0.7460136674259681,0.31378132118451024,0.040432801822323464,3512,0.44985388981209856,0.48587637617189705,0.511752738534576,0.5500555457656295,0.9988712637613097,0.9567610946369709,0.016478061627649643,0.011504615929861588,0.014363760548016531,0.016911184805889316,0.019150171419634016,0.020829631638222327,1.0
2019-06-28,60,2019-04-01,54,3632,3528,0.9713656387665198,-0.0017028837470099494,0.019159031390752486,-0.0008866577413853897,0.015225739324908371,0.9521618200549608,3520.483333333333,3520.483333333333,3528,1.0000766591526946,0.6115786428013826,0.8250695319234602,1.0158185288718158,1.2004628363851544,1.3464138699896808,0.440841024927471,0.194582056038091,0.31324903870382304,0.4420856871283941,0.5792475038372485,0.67934711337743,0.7670068027210885,0.3866213151927438,0.07851473922902494,3528,1.1978297763156374,0.7697867921085486,1.0077810792362702,1.2180031828212141,1.421536002074231,1.5786838334501505,0.40691725825369585,0.17826242272162937,0.28644723082955403,0.4083607330546035,0.5322840205878041,0.6344124148850077,0.7253401360544217,0.31405895691609975,0.0405328798185941,3528,0.4406975779636204,0.47041975373052164,0.49715341181784634,0.5362270068838494,0.9986943148061888,0.9574760865177667,0.016353955486036333,0.01103572850103377,0.014109924318099622,0.016885878926129888,0.01935069735061626,0.021015683022677898,1.0
2019-07-31,60,2019-05-08,54,3666,3548,0.9678123295144572,-0.0002389628385643523,0.014832262803359803,0.0002625745379622263,0.011766958990757642,0.9457917083343185,3544.6833333333334,3544.6833333333334,3548,1.0000881014065186,0.6081692371533439,0.7838471188197672,0.9951743512852655,1.2121346882905293,1.403656081774946,0.4059497820415333,0.1595652566470951,0.2706551697637103,0.40345183014040775,0.5420698766852567,0.656567077407099,0.6984216459977453,0.314543404735062,0.06426155580608793,3548,1.1924080452581334,0.7416981271742079,0.9543073866200102,1.1816016064672035,1.4324596652102555,1.654029274269673,0.37322039736110396,0.13927062680778443,0.24086728544348696,0.36810134573063424,0.4996437711112522,0.6205075656375376,0.633314543404735,0.24943630214205187,0.03861330326944758,3548,0.4073878246951589,0.4371557623003127,0.4598422404420627,0.4994749062462012,0.9978458495336403,0.9544354438208363,0.01622224206686141,0.010375332239911932,0.01357553048378623,0.016720405677212617,0.01941793960426327,0.021462569690075508,0.9997181510710259
2019-08-30,60,2019-06-10,54,3681,3566,0.9687584895408856,0.00033359221911836474,0.013211481403397785,0.0006818298338716668,0.010402133974612524,0.9404721917915672,3562.766666666667,3562.766666666667,3566,1.0000095674845735,0.5704603572176965,0.767459168769299,0.9971157866232014,1.2313911981479688,1.4340960304655068,0.3904096588069633,0.1216053121819744,0.23600091405949275,0.3838542827012654,0.5438399818176881,0.6621635627732982,0.6441390914189569,0.3104318564217611,0.06674144699943915,3566,1.1944604907182157,0.7107358585365551,0.9356995170534865,1.187588809901674,1.454780698078493,1.7025096869304215,0.35397740973265585,0.107292788003092,0.21252237255817344,0.34623932073275027,0.48884915373550447,0.6148366278377992,0.5914189568143579,0.23527762198541782,0.0361749859786876,3566,0.39168365804682476,0.41532197288023526,0.4378494647171772,0.47506016346049246,0.9979687501362082,0.94747835835233,0.01600027289282771,0.009308097040313525,0.012928087952443778,0.016589480175546317,0.019792186799851032,0.0219199887590295,0.995793606281548
2019-09-30,60,2019-07-08,54,3692,3588,0.971830985915493,-0.0007244927392544694,0.012740239324659348,-0.0004852204814552386,0.009366679177074986,0.9447983886225652,3584.366666666667,3584.366666666667,3588,1.0000411440116683,0.5069052557848069,0.7363914483256337,0.9948824758731818,1.2492911458939284,1.5043623812034155,0.37505409064846335,0.09415412012240851,0.21496842586946024,0.3685145034333248,0.5288215324427531,0.6577139447473292,0.6178929765886287,0.29041248606465997,0.06605351170568562,3588,1.2850054098455874,0.6787642912377382,0.9666801296067402,1.2875246290339333,1.5857807893474418,1.9066771604574047,0.34407117710877644,0.09030643603525282,0.1912849751979504,0.33402690022133696,0.49004015305190207,0.6100053362113061,0.5629877369007804,0.233835005574136,0.03455964325529543,3588,0.3767177228798685,0.4063999516851018,0.42952010720888867,0.46578808935905613,0.9972342937098787,0.9527028873935857,0.015844094311616264,0.008237778630024667,0.012483964604390965,0.016486218950949885,0.019876524416389638,0.02218668981653223,0.9966555183946488
2019-10-31,60,2019-08-01,54,3707,3628,0.9786889668195307,-0.00023785100257347255,0.011911592706855354,-6.195465457535966e-05,0.008872723010596455,0.9461344519757133,3624.016666666667,3624.016666666667,3628,0.999912764274493,0.47517479254126027,0.7180709156990912,0.9746264412732466,1.258204095274837,1.5559261420790347,0.32993140891020434,0.07303088237536687,0.17395877418928657,0.3146852074467369,0.4804421043216054,0.6071615942330265,0.5275633958103638,0.22243660418963615,0.03031973539140022,3628,1.269889338998927,0.6256522684339545,0.9271018790342516,1.2500530765160804,1.5873108889363778,1.936868242370677,0.30607360919248094,0.06407466488499405,0.15877816679626588,0.28699954840543473,0.44126926309200976,0.5736868166459999,0.47794928335170894,0.17337375964718854,0.017364939360529217,3628,0.3322729934584813,0.3644424279925405,0.38854995038544565,0.4267466783043055,0.9957597697515795,0.9566516348254371,0.015612337264447966,0.007627550903652102,0.011946004317172802,0.01616796565449518,0.020072127487782056,0.022719804913456324,0.996141124586549
2019-11-29,60,2019-08-30,54,3735,3638,0.9740294511378849,-0.0006376769231355543,0.010813648141692576,-0.00022194961784962857,0.007831902953280344,0.9379763726585298,3633.45,3633.45,3638,0.9998000096231369,0.45355080675442494,0.6936002242591084,0.9552243639831974,1.2661549386582391,1.6311149383444912,0.29662937376617166,0.06655945158604414,0.14703005546107617,0.2735290544073413,0.43109633277061693,0.5586803130258734,0.4549202858713579,0.1583287520615723,0.014018691588785047,3638,1.2946813199115372,0.6527985615402807,0.926531306110872,1.2590875427085444,1.607851712809577,2.0183863245590916,0.2691583628781727,0.06318216099876801,0.13589668908702696,0.2472849602043501,0.386158455214686,0.5081152862382348,0.40021990104453,0.1085761407366685,0.0021990104452996153,3638,0.29974042305705456,0.33989914673815763,0.3617029145858041,0.4021758921289214,0.9936611512427629,0.9437035748194393,0.015540789186883647,0.007794194316442396,0.011493093605263512,0.015902547839786826,0.020001864432530707,0.02289511157285273,0.994502473886751
2019-12-31,60,2019-10-09,54,3760,3641,0.9683510638297872,0.0006705914467744153,0.009314964033896827,0.0007887833446393052,0.007324707969752944,0.9249633402761602,3636.733333333333,3636.733333333333,3641,0.9997694423038789,0.48091050769755334,0.7063926033408514,0.9568948502813798,1.2486384194157698,1.5973992959922483,0.2646749656189017,0.049662821214353906,0.12703541309488678,0.2368733081987747,0.386408414150192,0.5154384908687497,0.38945344685525957,0.11892337269980774,0.004394397143641857,3641,1.1760188456646732,0.5901206008816571,0.8703325402562883,1.1433653332691665,1.4487985116849913,1.8131048560397802,0.23762220907672152,0.0449465357557892,0.10858889581606278,0.2130616164209175,0.3456458241208593,0.4704896688512721,0.32436143916506455,0.07662730019225487,0.0032957978577313925,3641,0.2681378807611364,0.3108168849287765,0.3364670462081835,0.38096901111612413,0.9920704279088616,0.9359433423076177,0.015410407848256799,0.006998134846122855,0.011249344676204365,0.015630328453714048,0.020128721645184755,0.02340659902538239,0.9939577039274925
2020-01-23,60,2019-10-31,54,3775,3663,0.9703311258278146,0.0006447302635892709,0.010122435909525542,0.00043465644992834947,0.008484707773200532,0.9408629840991326,3658.3,3658.3,3663,0.9999812002940612,0.519262822299261,0.7367994234781108,0.9647016508127364,1.2466297395703654,1.5496569901271982,0.28534170483267646,0.06702760887389658,0.14603674222104557,0.2579713947813908,0.408181396128756,0.552298540566319,0.42123942123942126,0.14277914277914278,0.013923013923013924,3663,1.1225005606424843,0.5806773610638724,0.838038463281332,1.0988907617192374,1.3961957081523473,1.7092587558919683,0.26370676677231575,0.05265523231590166,0.1266082943136297,0.23622101390838332,0.38347135220414613,0.5178942196983883,0.38110838110838113,0.11684411684411684,0.006825006825006825,3663,0.2887220828354033,0.32977642386157735,0.3635201907728169,0.41787725565090567,0.9929263095122167,0.9517683788833937,0.015449313191474254,0.007716349404851729,0.011547400707574557,0.01566139485997785,0.01986232360758159,0.023157052643179122,0.9926289926289926
2020-02-28,60,2019-11-28,54,3796,3697,0.9739199157007377,0.001104676625670121,0.01857867015027016,0.00039905663138314326,0.01584795130829877,0.9570537824854427,3693.7166666666667,3693.7166666666667,3697,0.9998772802456909,0.6163916606617228,0.8494559134048372,1.0284524449005161,1.2163127849922062,1.377259934814709,0.45494938295633935,0.1844047230482134,0.3211708522437326,0.46285440895305174,0.6047809550079541,0.7161450923152226,0.7798214768731404,0.43305382742764403,0.11685150121720314,3697,1.121806663555372,0.7219413082253605,0.986030452958801,1.1539151326004156,1.3328315162098399,1.5160205056518625,0.421284294522262,0.18005303352590174,0.29760494073059723,0.4246179533700195,0.5540151926482022,0.6654272664867352,0.7462807681904247,0.3456856911008926,0.06816337571003517,3697,0.460688059680995,0.5166148543443286,0.5575911255942455,0.6040898645887732,0.9928662480610588,0.9520765603084642,0.015606740007282535,0.010254606489738707,0.013595671968269784,0.016506369232449716,0.019067884540855166,0.02086875809055852,0.9729510413849067
2020-03-31,60,2019-12-30,54,3809,3718,0.9761092150170648,-0.0007970525289732008,0.02190633326056159,-0.0013946826186196368,0.019349597362807322,0.9646550205801613,3715.383333333333,3715.383333333333,3718,0.9999538732866665,0.6305700043880683,0.8291547148557076,1.019247953020307,1.2156351140516986,1.387998776433178,0.4633784919741818,0.20845963065249984,0.3422622773122676,0.47652311162545824,0.60426840621778,0.7037473635492355,0.8103819257665411,0.4526627218934911,0.10543302850995159,3718,1.0920701270190563,0.6930746446669079,0.9210184762776102,1.1098315918378443,1.309302567320614,1.503442486414454,0.4348675903292871,0.1891511219010849,0.3154948538368519,0.449603259429484,0.5681039484340017,0.6620216090601254,0.7762237762237763,0.38488434642280794,0.05782678859601936,3718,0.46739871909754266,0.5162391176367676,0.5516210800353917,0.59840518334394,0.995109698287663,0.9618037097526908,0.015709491933294767,0.010770142147185696,0.013955230224854988,0.016579662302022014,0.018810865132924244,0.020371257666038256,0.9787520172135556
2020-04-30,60,2020-02-06,54,3833,3744,0.9767805896164884,0.0005552543205606805,0.018499653939675047,9.87717428886734e-05,0.015749149113012378,0.9541765316798173,3738.55,3738.55,3744,0.999945391236145,0.5227220045017076,0.714754427436698,0.974074351676451,1.2708395657858846,1.5290630337190638,0.38376437482060566,0.13023914965236078,0.2453755004164377,0.38231336100535296,0.5234991660726499,0.6367865848858888,0.6519764957264957,0.2922008547008547,0.041666666666666664,3744,1.1205734701110386,0.6032792616832289,0.8161371579901924,1.1012820665358896,1.4080958606996512,1.7073666548072501,0.357994407423277,0.11837162638468952,0.2232767867540495,0.3595183992165909,0.4946188203915836,0.5923002236666665,0.6175213675213675,0.2377136752136752,0.015224358974358974,3744,0.3863385302170938,0.4324011855592013,0.46695472564135704,0.5119419337699632,0.9958347261907441,0.9599073804310007,0.015652526242295045,0.009372851515745035,0.012952840894452623,0.01626387870808038,0.019129097685817786,0.021076480816089115,0.9933226495726496
2020-05-29,60,2020-03-03,54,3851,3738,0.9706569722150091,-0.0009625636870703641,0.015116958362777941,-0.0009709270399703466,0.013575892054333264,0.9472732236141211,3731.6833333333334,3731.6833333333334,3738,0.9995996331844295,0.5112785028706929,0.7100282620412547,0.95687645644877,1.276419969583009,1.5740268873045793,0.3277317100435568,0.08814832406311233,0.18407279245183727,0.31333025392893876,0.46438731722972204,0.587433657793902,0.5256821829855538,0.19743178170144463,0.020064205457463884,3738,1.05412101286736,0.5332184967529472,0.7533813275164534,1.0190920800086891,1.341824624065412,1.6469477623579472,0.3041335174515568,0.07383712445105628,0.16177503581838254,0.2940575783121828,0.43525323154559276,0.5458699438487202,0.49090422685928303,0.1581059390048154,0.010165864098448368,3738,0.32980159140556425,0.37449015868034796,0.4070237558155266,0.45409825153709965,0.9960078488245334,0.956409829138949,0.01546457725094846,0.008169925189248419,0.012119405095930298,0.016038529549693224,0.01953915014619574,0.021991937153706426,0.9922418405564473
2020-06-30,60,2020-03-31,54,3876,3749,0.967234262125903,0.0015849504073745689,0.0108045293821523,0.0018216039467054362,0.008823222786632442,0.9153966486691694,3740.766666666667,3740.766666666667,3749,0.9996027090630123,0.42613676572003234,0.6441830383785144,0.9427616002734013,1.3194107084878899,1.6671512581273642,0.22765144302235746,0.0418927490542629,0.1022922450076277,0.1984231113024263,0.3332650763945851,0.4564937880409021,0.3006134969325153,0.06775140037343291,0.00240064017071219,3749,1.1199471021372374,0.4815718336553202,0.723873722574845,1.0344460901702268,1.470033046433414,1.8899265083443106,0.19713867917538722,0.03431497145880432,0.08330774025994782,0.17330826115658815,0.2871575041019066,0.40425300029713707,0.23206188316884502,0.026940517471325687,0.00026673779674579886,3749,0.22959174482414346,0.271160141913788,0.3031246805013913,0.3560418839405627,0.9940994242003607,0.9146928714190852,0.015056299301850432,0.006712315892904448,0.010624770447611454,0.015194505841332558,0.01992126294666681,0.02335197097227751,0.9909309149106429
2020-07-31,60,2020-05-07,54,3922,3765,0.9599694033656297,0.0029703094358600277,0.014781916555961436,0.00277783436219528,0.01495878456795112,0.9677373648896307,3759.45,3759.45,3765,0.9998818017156681,0.5859565798433364,0.7730850079064936,0.975942388132572,1.2008243419748619,1.4639039286067628,0.32143274725847404,0.10250894125995946,0.19267368986308017,0.3164696758881053,0.4425395343185757,0.5502531896886809,0.5317397078353253,0.15564409030544488,0.005312084993359893,3765,0.9561345046737653,0.5580736594212775,0.7439805571304633,0.9302371173028237,1.142983193992784,1.4047534099591779,0.3061766157592479,0.09135778180295351,0.17617535530851297,0.2975346238159771,0.42690251449829686,0.5344007998041682,0.4964143426294821,0.1405046480743692,0.0045152722443559095,3765,0.3244732226466477,0.3699287093981199,0.399019030670219,0.44519080531530236,0.9941711935679524,0.9692142688105471,0.01550694055001404,0.008715807979924146,0.012280609745783126,0.016083500015175282,0.01916139807615704,0.02158881384031196,0.996547144754316
2020-08-31,60,2020-06-05,54,3975,3791,0.9537106918238993,0.0027743473774099595,0.015451761954743952,0.0026831629891413103,0.015447201218463283,0.9612294493534399,3785.15,3785.15,3791,0.9997754459820329,0.5834607622444362,0.7833604527359529,0.9821332452851832,1.2097853191282752,1.4324018238309275,0.3140102451282886,0.10804563250718931,0.1936904796338689,0.30630805615384127,0.4280368186073139,0.5299104026007702,0.5151675019783698,0.13532049591136902,0.0029016090741229225,3791,0.9613040523265841,0.563686637468426,0.7576079035752383,0.939097240687065,1.150914249327174,1.3905347460922688,0.29463046830047224,0.09662965124463355,0.17492449481493547,0.28376578348592685,0.4080494232435078,0.5112080851584621,0.4597731469269322,0.11105249274597731,0.0013189132155104195,3791,0.3166043083175871,0.36055566594762306,0.3861334648696526,0.43355013702088285,0.9949224734060426,0.9619197128484672,0.015512443071722285,0.009133201982348212,0.012485572039534008,0.015980838774159404,0.019067948241385583,0.021298300663311915,0.997098390925877
2020-09-30,60,2020-07-09,54,4041,3821,0.9455580301905468,-0.0005700862850065136,0.01657203597295028,-0.0010965588161165024,0.014694410814782037,0.9406059334679499,3815.6666666666665,3815.6666666666665,3821,0.9998089643164311,0.5500337555036621,0.7522629139536245,0.9816037149076963,1.2255872176099638,1.495461246009167,0.3303445802518084,0.12036228191221268,0.20830409850448015,0.32386524187055277,0.4482856148061667,0.5459377486743346,0.551164616592515,0.16173776498298875,0.009159905783826224,3821,1.0604960269398247,0.5805104934550557,0.8068934333409863,1.0489478181300178,1.3094597084128055,1.5485250039018132,0.3000489761009744,0.10193744130962656,0.1869783092239904,0.2947818474326731,0.406419898943149,0.5041775568545009,0.49070923841926195,0.1062549070923842,0.0010468463752944255,3821,0.3321651781561917,0.37848795011166625,0.416141753802699,0.46332895413857783,0.9964023811615172,0.9438367655036967,0.015555069195116383,0.009631877593163347,0.012767291100408537,0.016006109872597506,0.01891735007052839,0.02092273640047718,0.9971211724679403
2020-10-30,60,2020-07-31,54,4067,3864,0.9500860585197934,-0.0007362117330953713,0.01357995519742631,-0.0005826266864861902,0.01111844807212111,0.9134692846274064,3858.6833333333334,3858.6833333333334,3864,1.000055307045874,0.4686075600626358,0.6896122329796572,0.9405037880095748,1.2289503768374281,1.6085408858474721,0.27621000205253027,0.08267423361769467,0.1552465564757438,0.26017861263752706,0.38667738690622544,0.4900820273633394,0.4083850931677019,0.09083850931677019,0.002587991718426501,3864,1.1155398855013772,0.5272758445592415,0.7894085935199407,1.0861730093652566,1.400626680271793,1.7363236176537484,0.23930509787881132,0.06552243029877251,0.13589121304801557,0.22768316962324917,0.32956809938078646,0.4252994389156292,0.3144409937888199,0.04011387163561077,0.0005175983436853002,3864,0.2781191313337696,0.3252932819295346,0.3639969842154315,0.4120138822387585,0.9954809439459545,0.915604524676373,0.015284721613728935,0.008741902534650807,0.011872448821598474,0.01555635723007611,0.01902993604100492,0.021483326594528625,0.9963768115942029
2020-11-30,60,2020-08-31,54,4087,3936,0.9630535845363347,-0.000984541787834672,0.012622740148684645,-0.00040048027696505824,0.010284908932076953,0.9035655238465263,3931.3333333333335,3931.3333333333335,3936,1.0001354612814723,0.4501295131802116,0.6759363664775183,0.9247945840318186,1.2203700648410858,1.6477669388339315,0.26909264623349255,0.07033789461926424,0.14395756739443763,0.2509612799260227,0.37987577363699176,0.4923097195625161,0.3950711382113821,0.09146341463414634,0.003556910569105691,3936,1.1089168039440649,0.5163029361477183,0.7783309461574804,1.0756319698369392,1.3939211793522468,1.7261331540152605,0.22979037979555458,0.05797348039357851,0.1229263565690485,0.21820493224034387,0.3206644983296715,0.4125770123900345,0.2967479674796748,0.038109756097560975,0.00025406504065040653,3936,0.271860504987177,0.31958455030591126,0.36468810285281467,0.4138360707231252,0.9934877390044364,0.9065651822980657,0.015031497066719036,0.008070232156593119,0.01163058568891578,0.01531365380369239,0.018994528412955437,0.02168247810983566,0.9939024390243902
2020-12-31,60,2020-10-09,54,4140,4004,0.9671497584541063,-0.00042961197498671115,0.011159117370347077,0.0010072450537696293,0.009730882243524934,0.9344247526520666,3999.9166666666665,3999.9166666666665,4004,1.0001762143166613,0.4709136221933028,0.6969400644399795,0.9653692812402705,1.2769616009505858,1.578534710310318,0.2395013111817785,0.05112815085640472,0.12262407150668844,0.2168472219605438,0.33696964411632424,0.4607178877652642,0.3131868131868132,0.06793206793206794,0.002247752247752248,4004,1.0716374103012172,0.5088671895202184,0.7472023556525881,1.0387367355022499,1.3657065423941672,1.6957157323286909,0.20851940333342625,0.04532137783427203,0.10587469091858694,0.19390064838372584,0.2891555910421179,0.38815322954567405,0.23226773226773226,0.025974025974025976,0.0012487512487512488,4004,0.24268572578329872,0.28297002587718295,0.3210542365784807,0.37624698936571266,0.99169677018927,0.9177795566980661,0.014697987272646257,0.006846819913404705,0.010944681111250333,0.014894050438299921,0.018808818183556064,0.02228261300381977,0.9915084915084915
2021-01-29,60,2020-11-06,54,4172,4030,0.9659635666347076,-0.0022850341662637597,0.010548948313492863,0.00016769654334153412,0.009640950808727579,0.7383919706000455,4026.3333333333335,4026.3333333333335,4030,0.999958564976003,0.40475505574498943,0.6809828289209763,0.986759991838712,1.3077835914305274,1.621434012363323,0.2012538355755299,0.029764799331202043,0.08371029741728066,0.1733553142956577,0.290807686146947,0.42015886905781147,0.23523573200992556,0.047890818858560794,0.0,4030,0.8076727297187323,0.24400653640773728,0.46589740207246266,0.7344937822920454,1.0937427795314225,1.4789318042098916,0.10728364690175977,0.010852086674342542,0.03945040894387391,0.08640057282647609,0.1523305088864806,0.2249461399390288,0.03945409429280397,0.005707196029776675,0.0,4030,0.2087316574775626,0.2634780384431087,0.3017769113041182,0.3606273392347565,0.9756074065443062,0.6124769291719518,0.014070802389576495,0.004830071165544239,0.009120282804348396,0.014098092159428532,0.019291956057469237,0.02351747334348378,0.9776674937965261
2021-02-26,60,2020-11-27,54,4200,4045,0.9630952380952381,-0.0017027758257957626,0.011773531973527221,5.287143946751648e-05,0.0105822864066287,0.5978313900349596,4041.016666666667,4041.016666666667,4045,0.9998617008686718,0.3937107220245902,0.6930903114365705,0.9963652748368116,1.319147508855853,1.616062847987574,0.22553430562070417,0.028418118653878232,0.09149580593567264,0.19674244039341435,0.33004733296656064,0.4700561443950743,0.29369592088998764,0.07713226205191595,0.0032138442521631645,4045,0.6649322377647312,0.13650888428738328,0.34092220409561746,0.581266174034022,0.9081725565391713,1.3377264908624689,0.08336979359426863,0.004904116914065978,0.02295003363856817,0.06069930597756394,0.11718874706856122,0.1888323736387226,0.028677379480840544,0.001977750309023486,0.0,4045,0.23393373182676572,0.28714797109668544,0.3233910754021343,0.3795270308092854,0.9765985622020644,0.45209092930997447,0.013957698497896,0.00400419025709545,0.009080439431552194,0.01435924120789019,0.019308828176759437,0.023269470034802238,0.9644004944375772
2021-03-31,60,2020-12-30,54,4234,4099,0.9681152574397732,-0.00037154732257887904,0.012436548076966437,-0.0003932544485578077,0.01269196341984614,0.6215421866321846,4094.6,4094.6,4099,0.9999222686134415,0.45128007701150424,0.7012550707671269,0.9845057296201839,1.2929746312292583,1.5674534353108125,0.22794669801231143,0.04156085800234424,0.10379641163195225,0.2020555612563353,0.3313023351923019,0.45129358900273636,0.30324469382776287,0.06147840936813857,0.0012198097096852891,4099,0.6087004953794426,0.12733170256279147,0.29281508490975994,0.4981151033830917,0.832538423931257,1.2648704263577426,0.09175101076727665,0.005440186336617157,0.024004767307969507,0.0639382146490475,0.12808936578704008,0.2169925714556439,0.04488899731641864,0.0021956574774335204,0.0,4099,0.23606505309163978,0.29565534932115967,0.3298070749505043,0.3848672981077682,0.9767922984568466,0.4653101422934465,0.014118716550494575,0.005196848730041901,0.009747013178828874,0.014465394354923805,0.019055015902246522,0.02258351446649074,0.9734081483288607
2021-04-30,60,2021-01-29,54,4287,4136,0.9647772334966177,0.00031965388723573674,0.011035240828809868,-0.0007090086661895434,0.011539909488905044,0.6715144445375896,4129.333333333333,4129.333333333333,4136,1.0000458350737138,0.4186919418709163,0.6799006662733517,0.9857029528066765,1.305761588692027,1.6047318894821494,0.2023899794088009,0.033713314842136646,0.09063918253888473,0.1790410984241933,0.2928136001164661,0.403400110621151,0.23766924564796904,0.0362669245647969,0.00024177949709864604,4136,0.6417803103035329,0.1606309493908467,0.3365902278472122,0.5559215562245714,0.8730856641567485,1.2651509831362364,0.09802555090034808,0.006562365036645221,0.02759119707663519,0.07331691612523766,0.13960950342758094,0.2266387455038228,0.043036750483559,0.0024177949709864605,0.0,4136,0.2063090141542491,0.2603435676153251,0.29471893939232463,0.34673494658553217,0.9872441869858745,0.5729188259408953,0.014165182055256567,0.005515441870222629,0.010016599145616827,0.014419232357042046,0.018851615939602922,0.02220552241746159,0.9804158607350096
2021-05-31,60,2021-03-03,54,4325,4160,0.9618497109826589,0.0008183778534455055,0.008909612675474507,0.0002443562850530672,0.010509676359760538,0.7479086733799502,4152.05,4152.05,4160,1.0002209830380258,0.4188365705582018,0.6654613116013646,0.9750543907523048,1.3061139941198696,1.6174913268861524,0.15284508041048525,0.025114397188537436,0.06590814744788007,0.13140128661720274,0.21805419536845055,0.3074015142737839,0.10913461538461539,0.009375,0.0,4160,0.6339183879300228,0.09585978611202156,0.29938444265236247,0.5567573843796585,0.9009108464348248,1.3132913596981508,0.09724368231616401,0.004323051141859275,0.021860505978807836,0.06470234941429473,0.14278707166972568,0.23951415359290262,0.05216346153846154,0.003125,0.0,4160,0.15547138658666232,0.21400070649742295,0.2532806125445996,0.30767446680486027,0.9880520168786889,0.6858620462104545,0.014099473637822161,0.005831330004236598,0.00977388558549658,0.014123495087211065,0.018479997713139643,0.022465806446601844,0.9838942307692308
2021-06-30,60,2021-04-01,54,4373,4199,0.9602103818888634,0.001334011273767704,0.0070890529464809286,0.0009647910609306132,0.007533664584533236,0.7001228357373657,4189.733333333334,4189.733333333334,4199,0.999890762158946,0.27906712175236353,0.5879545537576296,0.9451963837300749,1.3649248278125392,1.7977534966434336,0.10517409665890866,0.009013322677112726,0.03514350147430437,0.08496652490353364,0.1543303946863202,0.22944809906013974,0.03548463919980948,0.0004763038818766373,0.0,4199,0.6582941634311453,-0.037598958864582976,0.23135531986666502,0.5692375563264367,1.0269494725017732,1.524070961749874,0.06563529776573981,0.001826654772400133,0.010614523830040124,0.03821466379674697,0.09350288032727594,0.1709917461631674,0.012622052869730888,0.0004763038818766373,0.0,4199,0.10844648868285701,0.16521867261016654,0.19902532440991344,0.2557865206905234,0.9754829932480388,0.6270469078422634,0.013484607618879667,0.0036490443399181216,0.008235174242473477,0.013625710249986713,0.018809226196690707,0.02324511078730774,0.961895689449869
2021-07-30,60,2021-05-07,54,4416,4256,0.9637681159420289,0.0010420153603297661,0.008945865784342076,4.939237281608414e-05,0.009501083155410647,0.7797083412355744,4249.616666666667,4249.616666666667,4256,0.999810741753398,0.31087786697432107,0.5776130851827022,0.9332164515368934,1.3787559585530258,1.7713007399729666,0.13860458781674173,0.01871507398207839,0.05729916758881369,0.11729132720113317,0.2009868949319749,0.28652932839365464,0.08552631578947369,0.001644736842105263,0.0,4256,0.733953430736721,0.174473465789796,0.3678510583013317,0.6457547845946261,1.0234037043475783,1.444803328317988,0.08896423296243934,0.007923226082025715,0.029043999470499883,0.06958579864965168,0.12813663304536313,0.198367653275008,0.018092105263157895,0.00023496240601503758,0.0,4256,0.14222635020789606,0.1915724514834289,0.23529597958879248,0.2965822081989074,0.9817916839592737,0.702981720809404,0.01373037294871751,0.004754419406718967,0.009397495170161129,0.013960316281955458,0.018469847175496892,0.02243444965044706,0.9734492481203008
2021-08-31,60,2021-06-08,54,4455,4309,0.9672278338945005,0.0008465040481168157,0.010059267467458275,-0.0004151777066346245,0.010090782954961899,0.8625938077474832,4304.466666666666,4304.466666666666,4309,0.999888785920302,0.3449787634280008,0.5960726814282952,0.9464231701891902,1.3584013588993733,1.7307582396214363,0.15419624043703348,0.025135944849119275,0.0674232291350567,0.13489833879132895,0.2175193859133493,0.30975903631254165,0.11417962404270132,0.006033882571362265,0.0,4309,0.8598804215439227,0.30100002840611073,0.5073520661590417,0.798612689788248,1.1430699582369934,1.5438817433615268,0.11566316173480451,0.01777548059278078,0.04939557544662573,0.10214323811156338,0.16695278899290827,0.23277815862779366,0.03040148526340218,0.0004641448131817127,0.0,4309,0.15898873584450707,0.21608145048740773,0.2607264056867542,0.31311555645621253,0.9787023216304177,0.8207146859440445,0.013894959486096795,0.006018872151767152,0.0097575457756585,0.014028953837064621,0.018149478483891566,0.0219597188106858,0.9809700626595498
2021-09-30,60,2021-07-07,54,4494,4360,0.9701824655095683,0.00020456294284668526,0.011769049071848147,-0.0004083910958904447,0.010334562374990516,0.8657977000538837,4355.883333333333,4355.883333333333,4360,0.9997778826481705,0.4074250107095677,0.6513626552554304,0.9561837509196474,1.3157432886873468,1.663945879777965,0.1894980027269158,0.03380099862162087,0.0856332604267682,0.16955032137482184,0.26753620558345786,0.3722049373045289,0.1926605504587156,0.02224770642201835,0.00022935779816513763,4360,0.9856658913146139,0.4213308710054034,0.6580341075823056,0.9239237123481063,1.2676578661543396,1.6266008669273202,0.1378873399555818,0.03075051295101113,0.07008906237703728,0.12645592674205897,0.19145887966917027,0.2618447045108173,0.051834862385321104,0.00022935779816513763,0.0,4360,0.19679075896038697,0.2607861134560211,0.31021522208748803,0.3639105404973692,0.9751937994611829,0.8051122424065725,0.013795110713188712,0.005546943533999536,0.009581601864172864,0.01393688415903698,0.018114972745708377,0.021932190391867293,0.9846330275229358
2021-10-29,60,2021-07-29,54,4525,4398,0.9719337016574585,0.0004329741543092427,0.011597108922069038,0.00027221731311698866,0.009234759654124356,0.8862452874684007,4394.0,4394.0,4398,0.9995849952259642,0.3836890375076466,0.653335609680604,0.9570328766417887,1.3252330595862973,1.6730405668295554,0.19138245570605167,0.029180608760174732,0.0851287040543164,0.17102602336022538,0.2777562628095454,0.3836143975647138,0.208731241473397,0.02364711232378354,0.0,4398,1.1126196210760215,0.4604218108031265,0.729049752595502,1.0495899073867276,1.4519513071283123,1.845968546641906,0.1449727270396563,0.02757838242193454,0.07022266626892942,0.1295880657499185,0.20534499659430183,0.28173859282214575,0.0768531150522965,0.0015916325602546612,0.0,4398,0.1984565379451098,0.2651758474904594,0.3161067619536829,0.3658471406715793,0.9757603749957389,0.8251872053431096,0.01368784349485973,0.005272199494747995,0.009480423093109116,0.013853614194474305,0.01821290729310477,0.022046199361257308,0.9806730331969077
2021-11-30,60,2021-08-30,54,4558,4432,0.9723562966213252,0.0005580056731513979,0.01057295060708694,-0.00014962227793451768,0.0074730562899759006,0.8496385974906161,4428.55,4428.55,4432,0.9998367660592108,0.3043835364484568,0.6463915560623794,0.9917427127614309,1.3483943721659646,1.713265027626535,0.18730417346370906,0.018345430952296033,0.0731549848602957,0.16079323630785683,0.2770095660207659,0.39279943561476427,0.21367328519855597,0.029332129963898917,0.0002256317689530686,4432,1.2017380306462553,0.4050518048770748,0.7542947669167941,1.135639344519935,1.584562506541639,2.1060998502306716,0.1276970960702864,0.01620617303454893,0.05199517307454406,0.11324216740384077,0.19065414425000293,0.25716409426900916,0.046705776173285196,0.001128158844765343,0.0,4432,0.19528016909400098,0.2607641296669432,0.3092592082108123,0.3603064446490453,0.9728403817652871,0.7757318429183367,0.01321322528429696,0.0037421829589701114,0.00850726713629665,0.013467016754099028,0.018401437576115648,0.022402438528314333,0.9557761732851986
2021-12-31,60,2021-10-11,54,4603,4472,0.9715402998044753,0.0011975972460923892,0.008959819666777634,9.16778863451637e-05,0.006996376316150451,0.8122337574833792,4468.816666666667,4468.816666666667,4472,1.00009844444866,0.3028762129204801,0.6057665530572229,0.9739128128273162,1.3745531219742908,1.7374147053629283,0.15545023651865184,0.014116459176084206,0.05103265367200038,0.12349948104560357,0.23250416378354957,0.34205744040889635,0.14534883720930233,0.02169051878354204,0.0,4472,1.040107021086768,0.2376164202924895,0.5677714524548421,0.9830452257719818,1.4592669874332482,1.9416940433600351,0.10232508370935292,0.0063810494960082065,0.030242736960340355,0.08376181516647821,0.15309559868153977,0.2266398772408214,0.03242397137745975,0.0004472271914132379,0.0,4472,0.1601133666310693,0.2194778684667605,0.2660496142250569,0.32017579322208783,0.978871501105,0.7446527964150782,0.013119051312585648,0.0039017730331125425,0.008135774906080286,0.01308480606819944,0.018196742555833995,0.022580998062079367,0.9662343470483006
2022-01-28,60,2021-11-05,54,4632,4502,0.9719343696027634,-0.00016192928640916326,0.01167928005544803,-0.00126381672677413,0.008387003563419192,0.8070563637205388,4498.916666666667,4498.916666666667,4502,1.0001217511974236,0.40407254843589424,0.6756647290087584,0.9985390395459921,1.3151539093986238,1.5863883533479795,0.21586441180876276,0.037715270083078595,0.09804504478620056,0.18565181664961278,0.30481235608788343,0.44154755964883446,0.25744113727232343,0.06286095068858286,0.0019991115059973343,4502,1.1238344908330071,0.4669667977180666,0.7342917718789688,1.0877661301741794,1.4883498364652024,1.8416996875471316,0.14197155754376892,0.024218119732674362,0.06501961731730974,0.12831688732127625,0.20268453913235726,0.27835231402257793,0.07285650821856952,0.001776988005330964,0.0,4502,0.2202241792319528,0.2825334543598529,0.3246948664148754,0.38490985939171807,0.9866146280265543,0.7545319830976867,0.013627918972953063,0.005875013994360694,0.009309005515580268,0.01349923640854763,0.01790762497341838,0.021634727086155887,0.9913371834740116
2022-02-28,60,2021-11-29,54,4647,4532,0.9752528513019152,-0.0006157937011146838,0.012665457204237559,-0.001161810762114747,0.009206624177224869,0.8313741098537538,4528.6,4528.6,4532,1.000005862868111,0.48011047739430945,0.7153626494624219,1.0031146547813443,1.2696637874612025,1.5307178832821942,0.24764323342883168,0.05469445362192879,0.11787021320652857,0.22064621363672504,0.35384110905591526,0.48451842952610974,0.337819947043248,0.08936451897616945,0.004192409532215357,4532,1.14360317991507,0.5515200486843027,0.8146418277287495,1.1227294236624055,1.4616832066633267,1.790071486835762,0.17495207316473546,0.03635816877593254,0.08385046310429062,0.16145196961334682,0.2506100846274529,0.3331064287571752,0.14187996469549868,0.006840247131509268,0.0,4532,0.25052220007168374,0.32213253056718016,0.36293352815976665,0.42051286081392963,0.9922533462385452,0.8003509667501132,0.013785410318850748,0.006526210877902406,0.009898658698796737,0.013911080607404567,0.01792199872575876,0.021110971266667746,0.9924977934686673
2022-03-31,60,2021-12-30,54,4681,4578,0.977996154667806,-0.0018540209375617082,0.01609616279144879,-0.0022978562118764903,0.01341213890329179,0.9063445120643968,4574.916666666667,4574.916666666667,4578,0.9999375413462103,0.6324963300576425,0.8278439736515518,1.010367448048088,1.1927230686589212,1.3414605549648555,0.3522927849742501,0.11234085428714058,0.20846596052782757,0.3375555518947918,0.48934251132130757,0.615685805752784,0.5696810834425513,0.23700305810397554,0.0382262996941896,4578,1.0875999085589305,0.701616932581554,0.9091932967093597,1.1023339376351597,1.2884463238894537,1.4613113644864728,0.2952069583340244,0.087102783137502,0.17228596852050282,0.287478735478953,0.40745035787627937,0.5067413618573855,0.4753167321974661,0.10681520314547838,0.0045871559633027525,4578,0.3549612844633653,0.41637400606476627,0.45554985882357574,0.5109444126830633,0.99548390303463,0.9005937166122221,0.014101241200821955,0.008139843150202629,0.01119954597922815,0.014427277608048954,0.017480013750614802,0.019673393929203115,0.9980340760157274
2022-04-29,60,2022-01-27,54,4714,4602,0.976240984302079,-0.003628795440426618,0.020764076923275303,-0.0029002671295563407,0.01654876261943051,0.936980714503003,4597.466666666666,4597.466666666666,4602,0.9997946710003819,0.6433034652953116,0.8356865341722971,1.0250613310689418,1.1886141320182155,1.3175988960974296,0.435384771022854,0.1600553568015019,0.27810711490736884,0.4353583726885716,0.5957476237934737,0.7112351184200646,0.7181660147761842,0.39417644502390264,0.11016949152542373,4602,1.1751055098561805,0.7631271014170704,0.9857508656963697,1.2011918082746207,1.396155480305086,1.5529178650389106,0.38765954374018197,0.13626420350445212,0.24798271228502605,0.3921694377519538,0.5320798946205412,0.6294025361288862,0.662755323772273,0.3042155584528466,0.03411560191221208,4602,0.4358587778822348,0.4840835840189947,0.5165138329202439,0.5632822273167064,0.998852968784042,0.9384644651871566,0.014212698198941288,0.008831458406623053,0.011740537063966914,0.014741243121142299,0.017272612489626797,0.018883546772861665,0.9991308126901347
2022-05-31,60,2022-03-02,54,4724,4568,0.9669771380186283,-0.0024160306206371875,0.02104375600096467,-0.002116364824259689,0.016726605450460036,0.9351397067157796,4562.266666666666,4562.266666666666,4568,0.9998379074696787,0.6444134090924342,0.842193918386103,1.0324652492639894,1.185214599403833,1.3107857004177574,0.439259816628384,0.16272984862122253,0.28559634820586033,0.4424940521526509,0.5955587436649799,0.7112340160911492,0.7316112084063048,0.3966725043782837,0.11055166374781086,4568,1.1762579892511627,0.7616352901335521,0.9858615766217549,1.2049029765259105,1.4004108893342424,1.5493224583633618,0.39045375173450203,0.13216465953843587,0.251535465994485,0.39558724608062457,0.5349281444890653,0.6320085076538732,0.6735989492119089,0.3058231173380035,0.03393169877408056,4568,0.4397977181356498,0.48143379304402667,0.5117629146821886,0.5578454965620042,0.9989951487977561,0.9378279437335535,0.01427282163517339,0.00893444074155389,0.011872605840072794,0.014840382931960898,0.01725147334904424,0.01886673793875931,0.9989054290718039
2022-06-30,60,2022-03-31,54,4719,4602,0.9752066115702479,-0.00010078336420481035,0.019196893688553554,0.00036979267041095415,0.01421865232810551,0.9227900057131713,4595.516666666666,4595.516666666666,4602,0.9997338638683919,0.5498786207643381,0.8017379533875205,1.03962230434388,1.2298128435559554,1.3867922681967373,0.39684285451091766,0.11953627933873007,0.24861196510961647,0.39165247949663284,0.5498531855039154,0.6710370388095426,0.6679704476314646,0.3248587570621469,0.07257714037375054,4602,1.2455560522986093,0.7177883110237292,0.9991111171410337,1.2808275164007585,1.5251624656109768,1.7364674562509161,0.3417362130084527,0.10174486293220815,0.20895107777248337,0.34621337792643536,0.47035895442218556,0.5667868692976854,0.5914819643633203,0.1990438939591482,0.008909169926119079,4602,0.3971386665660615,0.438855086508866,0.4721139671085582,0.5226203434223496,0.9992294902366377,0.9214167429583228,0.014066963112897695,0.008059141686548662,0.011625049241992782,0.014635875810068033,0.017393423417504425,0.019210744287820325,0.9936983920034768
2022-07-29,60,2022-05-06,54,4740,4643,0.979535864978903,0.0029070451610404267,0.011826042190268553,0.0013649980106890537,0.009594585732051684,0.8670427389734259,4637.9,4637.9,4643,0.9999200422439094,0.5090794437176777,0.7572429471059641,1.0069532099298601,1.2500790532661155,1.4748986682748797,0.2431882516806027,0.05045802373872171,0.11372988678626192,0.21666499858588903,0.34917291331892314,0.47585323424781306,0.3278052982985139,0.08270514753392204,0.005169071720870127,4643,1.0686980149000942,0.5248302280225555,0.7997934538062836,1.059843487274098,1.334251267060676,1.6094767320144088,0.18691946263777998,0.03389285295176832,0.08783987151336044,0.16987785350955922,0.26661770266916063,0.36423997444365425,0.19190178763730348,0.011630411371957786,0.0,4643,0.2451846748056209,0.30554148091809763,0.3441204362677412,0.40404497712020543,0.9948982999704397,0.8519422505525991,0.013627720954450117,0.006600920365968283,0.009869641737174903,0.013654238810000947,0.017588332501055348,0.020763640516663084,0.9920310144303253
2022-08-31,60,2022-06-09,54,4787,4671,0.9757677041988719,0.0004936237164559966,0.012420220302004709,-0.0002561680787759522,0.009425175879408396,0.8934645448178874,4667.866666666667,4667.866666666667,4671,0.9999058421973256,0.472637694018927,0.7006232745555302,0.9892537048938129,1.2718226372709216,1.5526840313724461,0.24660775146325759,0.05554092560750096,0.12671910241466852,0.22395446065920804,0.34748419921132606,0.4684391536907039,0.33204881181759793,0.07321772639691715,0.0027831299507600086,4671,1.1773338000798022,0.6315985592413348,0.8820801280589559,1.1712683198174454,1.4500235144631581,1.7463613985572952,0.20661245255046912,0.049842065216291385,0.10798075340650357,0.19054698927894678,0.29195610346385403,0.3880011054311446,0.23399700278312996,0.014557910511667736,0.0,4671,0.25061372988166586,0.32554982747539996,0.36895986593009733,0.4276069955715041,0.9889608711660922,0.8958305512786221,0.013718209681370799,0.006979097299584034,0.01037391420204663,0.013840542914757508,0.017311454141810602,0.020355759127107867,0.9950760008563477
2022-09-30,60,2022-07-08,54,4829,4709,0.9751501346034376,-0.0017498346828955787,0.013440912518535826,-0.0020491660288514853,0.009261942784148009,0.9137663071442668,4706.116666666667,4706.116666666667,4709,0.9999098607001223,0.5052502365264557,0.7443364189337656,1.0074860718436318,1.2552829206028853,1.4706505549435815,0.29036824900121844,0.07245736180139643,0.1604873705964384,0.27248296626807333,0.4082744919068619,0.5288935758279173,0.4419197281800807,0.12614143130176259,0.012104480781482269,4709,1.3259395694430254,0.7654126782601758,1.0402226446033274,1.3322216136808713,1.6083902713629534,1.8707110395328368,0.2537207063959211,0.06684484082618959,0.13323143646345093,0.23835619679903394,0.3607238441911451,0.4670852455027091,0.36270970482055637,0.06774262051390953,0.0,4709,0.2960335808097306,0.3784394900057828,0.42011992601990766,0.4687987928406734,0.9870088785906017,0.9187963809558833,0.013727957896168107,0.006970417743798452,0.010373475814373588,0.014044519049728695,0.01739734809935274,0.0200084339203439,0.9966022510087067
2022-10-31,60,2022-08-01,54,4853,4734,0.9754790851019988,-0.0017752360445371128,0.014753131338273072,-0.002202179555175534,0.010413593690931058,0.9185256724748093,4730.5,4730.5,4734,1.0000237944348807,0.5393016012115643,0.7692765912518492,1.017867431710696,1.244940821674365,1.4369992708467336,0.3275311843265961,0.09016002547821411,0.18441499090304417,0.31524138481090014,0.45826728060002425,0.5789531938593214,0.5287283481199831,0.1890578791719476,0.02323616392057457,4734,1.3011629256678436,0.7763775392856295,1.0410039880841588,1.3138922353141318,1.5656359926111083,1.8082820232334142,0.2837121958180992,0.08198089499113749,0.15800185001748726,0.2747754700208055,0.4026433384806941,0.5008687997192232,0.44550063371356147,0.10076045627376426,0.0004224757076468103,4734,0.3316538764669035,0.404534699679969,0.44889749031302995,0.49714308245814093,0.9920215898916701,0.9176241274594945,0.013764483188624894,0.007351218779485975,0.010688396531081374,0.014255159497162573,0.01727294113822881,0.019586428835681888,0.9966201943388255
2022-11-30,60,2022-08-31,54,4877,4774,0.9788804592987492,-0.0004551406901810374,0.014003231049840595,-0.0007732237716787174,0.011045906602229741,0.8949402898312175,4770.25,4770.25,4774,0.9999240759752378,0.5479292883857204,0.7749679352025246,1.0116619783840866,1.2345209566032345,1.4302613836139453,0.32601738380311435,0.08786331389589495,0.17646847597919874,0.30940003356229007,0.4584971832705106,0.5949759619224114,0.5142438206954336,0.19480519480519481,0.0320485965647256,4774,1.1343700260071652,0.6467422455640285,0.88667730075508,1.1284928347346717,1.3883732195937237,1.6361049426533982,0.26987027820685744,0.06368782505499526,0.14124686448294133,0.2561544064883011,0.38651438081755796,0.4954998284610438,0.4019689987431923,0.09426057813154587,0.001466275659824047,4774,0.3281221703527238,0.3959325276527319,0.44748902053017703,0.5049233264861357,0.996009748040519,0.8941571269231797,0.01369431407291041,0.007392676765988907,0.010572416835131791,0.014103442483838371,0.017161845099628398,0.019612310601008244,0.9960201089233347
2022-12-30,60,2022-10-10,54,4905,4812,0.981039755351682,0.0008495311829010356,0.0117211930335442,0.00018702729749075,0.01019612732761782,0.8696425720301194,4808.166666666667,4808.166666666667,4812,0.9999866760819539,0.5312125027239523,0.7514006983395083,0.9992295490071998,1.2469670088795326,1.4703422262905972,0.265973636573784,0.06365551617097417,0.1313824517196605,0.2348657177969548,0.3758175608746343,0.52430926886185,0.36845386533665836,0.11803823773898586,0.014131338320864505,4812,0.9995775101528399,0.5287577386594344,0.7542644661750431,0.9888571825461383,1.2382857900237743,1.491953464036535,0.21718553359920814,0.03550230874938477,0.09439929232372966,0.19208660303972314,0.3159783488315344,0.43632031383098696,0.279093931837074,0.04987531172069826,0.0012468827930174563,4812,0.26845937526357344,0.34205292245084484,0.3965254776807211,0.4547504190756551,0.9943071611003605,0.8777152925759383,0.013480405224151903,0.00680938780594113,0.009970561454204632,0.013471989977339949,0.017250351687697858,0.02033904786677384,0.9937655860349127
2023-01-31,60,2022-11-01,54,4911,4838,0.9851354103034006,0.0015853386512961725,0.009146463645966163,0.0017458287983834495,0.0083849117439278,0.8291338111556807,4833.883333333333,4833.883333333333,4838,0.9998343661531103,0.47761527893855205,0.7120680972713925,0.9864472548663841,1.2718074529046048,1.5518444050418432,0.21454868730495055,0.035628642443411344,0.08692195600339261,0.17678492218160083,0.3074320927645433,0.45928872428405576,0.2620917734601075,0.07172385283174866,0.0024803637866887144,4838,0.9045072683758153,0.4011830732879689,0.6436081483508976,0.8891094870280356,1.149635091634123,1.4351783563215237,0.16407444101040508,0.017765662783473888,0.05671238158954135,0.13328255281177498,0.24230493532242736,0.35808581122627353,0.16556428276147167,0.019016122364613478,0.00020669698222405952,4838,0.21794803687861983,0.2982290180799326,0.3496168107792475,0.414078487521699,0.9905692907839034,0.8291178381417624,0.013091705719272415,0.005489487429656179,0.008773551795034995,0.012972590103443697,0.017374930269094604,0.021278394099589423,0.9898718478710211
2023-02-28,60,2022-11-29,54,4925,4853,0.9853807106598985,0.0012006263491885507,0.008840379348083259,0.0009585329873578471,0.007657167658797113,0.8366174546635663,4850.266666666666,4850.266666666666,4853,0.9997961913677695,0.4696404518929512,0.7104449481836778,0.983268454379939,1.2699610341768204,1.5542771709459358,0.22076282409142056,0.034712132389824124,0.0908618769198771,0.187405618475693,0.32220230310307046,0.457346210687823,0.28147537605604783,0.0706779311765918,0.004327220276117865,4853,0.9658654208838316,0.4749113839156759,0.7102643355601399,0.9475687561946551,1.2108126270178317,1.4927498883762793,0.16298620315849557,0.023808097757039046,0.06400728019374227,0.13439051579049158,0.2365638098339387,0.3422482271526151,0.147331547496394,0.015866474345765505,0.000206058108386565,4853,0.22443860772762658,0.2986315203357781,0.34194719022835285,0.4067892759917732,0.9904973614642735,0.8176499174896454,0.013059187667002193,0.0051569536896524356,0.008827054815647552,0.013134334645298435,0.017423092616341146,0.020891769671302157,0.9870183391716464
2023-03-31,60,2022-12-30,54,4947,4884,0.9872650090964221,0.0015047392282170307,0.008573769507201113,0.0010145305371067352,0.007214737642105805,0.8441690229866176,4881.683333333333,4881.683333333333,4884,0.9999150935307721,0.45196693655498815,0.7012332777605096,0.9715759192235691,1.264257601499655,1.5826909029336682,0.21927648211916545,0.03770040193423439,0.0968771986002092,0.19309415930530516,0.31980737496563993,0.4415906264631002,0.2856265356265356,0.05733005733005733,0.000819000819000819,4884,1.0030044529433122,0.479561820786321,0.7115898167692108,0.9659107501258564,1.2618316750792724,1.585305424163891,0.1583706043926428,0.02707919626102177,0.07220461669982832,0.14089863362696994,0.22652779145422383,0.310224259699575,0.11527436527436527,0.0071662571662571665,0.0,4884,0.22313174324092694,0.27251511700948516,0.3162452663633653,0.38034079931915915,0.9896695738762109,0.8161204409489584,0.013132675568891639,0.005706466829742016,0.009274341186027735,0.013216850216505427,0.017354793390503748,0.020431702636161835,0.9881244881244882
2023-04-28,60,2023-02-03,54,4973,4896,0.9845163884978886,-0.0007854227195254676,0.009494998433883043,-0.00025116674155762367,0.007781881064779131,0.8362534571106226,4892.4,4892.4,4896,0.999784777171068,0.3899864650038351,0.6686610330250753,0.9692897227648887,1.2860250048234776,1.6719658917713938,0.22515936063402095,0.029128484553319765,0.09482111490624323,0.20072248406497822,0.33463608410098983,0.45975130706994005,0.3014705882352941,0.06862745098039216,0.0008169934640522876,4896,1.019965888428141,0.41386426488500827,0.6777625738530068,0.9666350780139992,1.306881245114852,1.7252153439912083,0.16161048039246928,0.020617848919325013,0.06741031261970987,0.14472176454923927,0.23378323041364643,0.3215992403591552,0.12867647058823528,0.01082516339869281,0.0004084967320261438,4896,0.2299694853640515,0.2946347362554873,0.3371403112630524,0.4042350230979435,0.9865463795176354,0.8087402287807093,0.013000903490981632,0.005153783378046283,0.009002363407766296,0.013240982261291011,0.017482158240923105,0.020681708714359086,0.9795751633986928
2023-05-31,60,2023-03-03,54,4995,4888,0.9785785785785786,-0.001021995252093172,0.009061910334117691,-0.0008406950338211733,0.007742749752345142,0.7847833007449107,4883.1,4883.1,4888,0.9997333409655607,0.3706456349874473,0.6553660142325091,0.9680569563964098,1.3157584246592244,1.6797799785136631,0.20080550340791312,0.02263468248791062,0.0761310613436407,0.16953201852251834,0.2957972797170227,0.43063936565694,0.2440671031096563,0.0544189852700491,0.0006137479541734861,4888,0.9177772424719094,0.33857395846790805,0.6077629021951172,0.8780527608955812,1.1964406901294176,1.55837291904739,0.12762317962955072,0.01395929581768155,0.047010251953215974,0.1100123033794908,0.18730470600142712,0.2618757704926539,0.0619885433715221,0.0028641571194762683,0.0,4888,0.20661178075884443,0.27313690065769264,0.32544587073064557,0.39150430063561625,0.9815649929818173,0.7383625955640977,0.01278428501092603,0.004400988728599439,0.008317557343019075,0.012840807161689019,0.017523183301737567,0.02132555359229965,0.9736088379705401
2023-06-30,60,2023-03-31,54,5019,4899,0.9760908547519426,-0.00013517527837348626,0.009342061396617809,-0.0004450897702897652,0.007885653381757366,0.8095072962180396,4893.333333333333,4893.333333333333,4899,0.9997725672801696,0.3509240581417919,0.631648621794324,0.9519640014762202,1.3154074765849364,1.7192243098904165,0.19401851066168374,0.02243551731937971,0.07523585585441434,0.16390707092375828,0.28878287666326546,0.4091134680738115,0.23045519493774239,0.04082465809348847,0.0,4899,0.9584290954321968,0.36303178998979285,0.6254876930031493,0.9084345775331315,1.2336039402654708,1.6397101497434081,0.13291961935424612,0.015036297721553448,0.05229910264202875,0.11479516362234415,0.19379595320296508,0.2743000346422307,0.0694019187589304,0.003674219228413962,0.0,4899,0.19872635546677264,0.2680404770299454,0.3212339193137773,0.38510285547835293,0.9839338881431908,0.7794432193357932,0.012881370060817948,0.004653349605496184,0.008704791503694324,0.012993841672840149,0.017420115722682393,0.021001370106904827,0.980608287405593
2023-07-31,60,2023-05-05,54,5030,4920,0.9781312127236581,0.00030913932195550045,0.007949488042766647,-0.00018269435684314795,0.008054004127100459,0.8327510932811011,4916.75,4916.75,4920,0.9998105631437421,0.3672068287948169,0.6339566759941119,0.9560513152933021,1.3360333401363487,1.703610931747001,0.17403296612354718,0.02284907999399133,0.06947967190162506,0.14955469100836583,0.2553613994670485,0.35985160007349026,0.16991869918699187,0.01951219512195122,0.0,4920,0.8217836129833888,0.29308231452272143,0.5258866488129119,0.7880293167902916,1.0940329621542397,1.4208571314998313,0.13461320531648965,0.011960613422636818,0.046107278153362116,0.11170705892083366,0.1972033616099209,0.2900432345634523,0.08922764227642277,0.007723577235772358,0.0,4920,0.178158530564988,0.24775646631806852,0.3059800000418061,0.3684269809976382,0.9829226836707323,0.8390496683124974,0.012915782922358237,0.005121979493456069,0.008953922436789472,0.013218049353774679,0.01713601262145389,0.02050802452146073,0.9772357723577236
2023-08-31,60,2023-06-07,54,5050,4955,0.9811881188118812,-0.00022672897768038184,0.00945569872635388,-0.0003637322473776193,0.008274398067541535,0.8667240467554167,4952.7,4952.7,4955,0.9999251354368177,0.3725849987662012,0.6286332861519459,0.9608437592975656,1.3419429188275371,1.7015050316296438,0.21860027972881904,0.03615995357698557,0.09998962328228861,0.1962652798044243,0.31624402180507133,0.43049469865338585,0.2766902119071645,0.05126135216952573,0.0018163471241170535,4955,0.990431409721226,0.39569454779888685,0.6555832144804061,0.953297395198347,1.3083548914686518,1.6403068555334395,0.176340679156059,0.02572094106461844,0.07800346891460071,0.16047720666784568,0.25457759473628594,0.3468898389514905,0.17033299697275478,0.009687184661957619,0.0,4955,0.21999847206618808,0.30169329163700553,0.3443488353181893,0.4095784989728785,0.9957620713878855,0.8719830868169056,0.013061378674831866,0.00585051330383895,0.009658728393392959,0.013478917068838431,0.017053000659508242,0.019874858340531876,0.9763874873864783
2023-09-28,60,2023-07-07,54,5065,4998,0.9867719644619941,-0.000781813976676485,0.009509896218239009,-0.0006704543172912908,0.008098930120517768,0.8774867189383502,4996.05,4996.05,4998,0.9999758565420177,0.3891559182635333,0.6622537075923741,0.9881840797522651,1.3270055146736053,1.64272245044406,0.24835601875939406,0.03929982830887165,0.11205512382511558,0.2253728742046648,0.3658828125047865,0.48944852268082867,0.3543417366946779,0.09303721488595439,0.003001200480192077,4998,1.0303122531828623,0.4591199381727543,0.7147830703986195,1.0109317040397725,1.335372199032696,1.6369344792218166,0.20168879764769743,0.03237380597337125,0.09119577331837539,0.18345465092399332,0.2934337075216452,0.3980721409009576,0.23949579831932774,0.023609443777511004,0.0,4998,0.2495258072874993,0.32548707848547137,0.36684979325810496,0.4274204972946111,0.9972709974923033,0.8791480663053642,0.013000970752466675,0.005593538765675671,0.009532017262495196,0.013438518525111931,0.017207278294493877,0.019885388442098105,0.9799919967987195
2023-10-31,60,2023-08-01,54,5072,5021,0.9899447949526814,-0.0010488617977542566,0.01073663905595528,-0.0015491134628738783,0.007923136619945224,0.8743939865962482,5019.433333333333,5019.433333333333,5021,0.9999641318211067,0.47198617555333744,0.7341029779160978,1.0087266042366552,1.2619620244788539,1.516562372591054,0.2815523433215079,0.05664258884882421,0.1411802540932353,0.2662291826125121,0.40871303680528465,0.5276733103328441,0.43397729535949015,0.13104959171479785,0.005974905397331209,5021,1.1848858564451221,0.6337932483955236,0.91531524702745,1.1891193646453029,1.4682666517661178,1.7334780884514918,0.2230385309753502,0.04983047012904258,0.1135110542244865,0.2102506024663351,0.31788023042468844,0.41015278660910864,0.2927703644692292,0.028281218880701054,0.00019916351324437363,5021,0.28326064718546584,0.3530385050244729,0.3971115003705308,0.4555414165111809,0.9963777546819037,0.8742481112352173,0.013172012897776744,0.006298582507261524,0.009977579893335583,0.013648717259544776,0.0170092463465822,0.019324755629176564,0.9876518621788488
2023-11-30,60,2023-08-31,54,5081,5044,0.9927179689037591,9.076307301146704e-05,0.009666403567432116,-0.0007360729959396371,0.006843590263821851,0.8894817898018463,5042.033333333334,5042.033333333334,5044,0.9999622789882732,0.4781232264896529,0.7390112978035692,0.99826957180425,1.262977876899231,1.512323567815011,0.275051022004807,0.05013165717190993,0.12861230502885035,0.2563714588819121,0.4017050378092305,0.5283766086952308,0.4210943695479778,0.12648691514670896,0.008326724821570182,5044,1.2563451616792731,0.6473869785479857,0.9500657697373096,1.237214101476826,1.5630793942759589,1.8963488932911716,0.225107275675768,0.03937910832143311,0.10450784292218443,0.20906931553693478,0.32835449007460127,0.43138269759807546,0.3055114988104679,0.044607454401268835,0.0003965107057890563,5044,0.27883892099489743,0.33946631068401545,0.3832656566226894,0.4452485457053593,0.9919400702158261,0.8879981394478687,0.01300698843235766,0.005805088326821292,0.009528616580411004,0.013560016751627628,0.017034433556410888,0.019644410330585386,0.9851308485329104
2023-12-29,60,2023-10-09,54,5096,5056,0.9921507064364207,-0.0001417599754966432,0.010106329542094044,-0.000819990009908393,0.007067499840570038,0.8836855213572973,5053.316666666667,5053.316666666667,5056,0.9997905532887107,0.49495709306295216,0.7417405491943488,0.9947336411921642,1.2574389082205526,1.5127255648235136,0.2847455156038554,0.057583228750364535,0.14175979815538509,0.26767646462727845,0.41160596944412586,0.5370213003009439,0.4392800632911392,0.1418117088607595,0.007713607594936709,5056,1.263353947915307,0.651133576306405,0.9187698175069153,1.2287623747565246,1.5998467275296875,1.9542089018740074,0.22631690045733452,0.0431666506135539,0.11218332634388499,0.210800791809462,0.3261305854173274,0.42969554992168135,0.30063291139240506,0.03916139240506329,0.00019778481012658228,5056,0.28885882110757866,0.3443093389378939,0.38718376726396886,0.4543094683601768,0.9916680934194356,0.8717005197360667,0.013047349316524336,0.005933984261715015,0.00973909864821621,0.013520061330182291,0.01699700830518025,0.019487804227286312,0.9849683544303798
2024-01-31,60,2023-11-08,54,5104,5061,0.9915752351097179,-0.003945870887912347,0.015139078760618211,-0.0022035295316653303,0.00959792547617962,0.9190266577812601,5058.9,5058.9,5061,0.9998495605329224,0.5701487055731883,0.8117178021970695,1.0345181928354152,1.2136580336436997,1.3634078832069714,0.4441888040345504,0.14776902923871932,0.2771774665520002,0.44537763634056254,0.6200407505207128,0.7342565615202555,0.7166567871962063,0.4224461568859909,0.14325232167555818,5061,1.4494499095563398,0.8983861231880703,1.1924084122478062,1.4803599061211874,1.7299756140473577,1.9431150507547224,0.3807000148611272,0.1344435502708346,0.2429941021164287,0.38831584133089136,0.5227279322356019,0.6070583685617212,0.659948626753606,0.29559375617466904,0.015411973918197985,5061,0.44611819487915455,0.49514031384874696,0.528046938636691,0.579728599860313,0.9976179020050765,0.918610334280838,0.01349692505992505,0.007983944354581477,0.010999090972126162,0.014076210233038724,0.016662918601422837,0.01813391032799321,0.9980241059079233
2024-02-29,60,2023-11-29,54,5108,5068,0.9921691464369616,-0.0033399725024442868,0.024990439386811777,-0.0008059276976028841,0.012796582753275582,0.8502567092385284,5066.066666666667,5066.066666666667,5068,0.9999292843258517,0.40938409993425695,0.7048443287073398,1.0505924262065727,1.2857047533763428,1.5199275414054232,0.5302922811805888,0.1758123070958066,0.359434924164454,0.56049747721974,0.7316868689520051,0.8234125004027291,0.8080110497237569,0.5779400157853196,0.2971586424625099,5068,1.6603861337252162,0.9413206664705306,1.3390997096657047,1.6831137198142632,2.0344165156622407,2.3151551406914717,0.4094693740657669,0.17882799368833663,0.2932785240175715,0.4188156825082796,0.5363948944553081,0.6224716991371393,0.7387529597474349,0.32576953433307027,0.02308602999210734,5068,0.5313134144704532,0.6429833783495325,0.6741703330307108,0.7118417443322597,0.9988308631143119,0.8578485523483689,0.013527626182714213,0.00826042927178838,0.011610735384395117,0.014451158124777153,0.016430207794360913,0.017454149246314096,0.9934885556432518
2024-03-29,60,2023-12-28,54,5112,5078,0.9933489827856025,-0.0015350758190501045,0.026156079468889246,0.00016314035094927578,0.01302553818047132,0.8605923060720858,5076.716666666666,5076.716666666666,5078,0.9999311461041174,0.4050993767179175,0.7091921486843048,1.0463964459611381,1.2953700666098813,1.5322447089336741,0.5235789858143484,0.1815588224499023,0.35998726777288864,0.5522378810645296,0.7128432654656028,0.8089895698313947,0.8105553367467507,0.5787711697518708,0.2703820401732966,5078,1.7280201927495515,0.9519765209802757,1.3746516054951174,1.7481328704103736,2.1408554917668257,2.4321578798024297,0.41092610785459616,0.18501793433648162,0.29520410234628247,0.4225340620508373,0.5363300904326709,0.6167169517362838,0.740252067743206,0.3251280031508468,0.021662071681764473,5078,0.5246327421781894,0.6273180025292677,0.658608617390515,0.6976106547022619,0.9988052944925613,0.8680862924826797,0.013506338483013622,0.008411986512462638,0.011754044362494422,0.014392958982636012,0.016325181823342645,0.017386481360096837,0.9919259551004332
2024-04-30,60,2024-01-26,54,5113,5091,0.9956972423234891,-0.0008967638849787983,0.02767127911287084,0.0006488501009935632,0.012119668904539376,0.8443731856507674,5087.616666666667,5087.616666666667,5091,1.0000039408990682,0.3180080630389999,0.652265003567402,1.04273492631451,1.3353253673831456,1.60938528693535,0.5033950786344358,0.13134859602619006,0.3257063936276946,0.5392879812093666,0.7026012540000215,0.8081154221720889,0.7750933019053231,0.5497937536829699,0.2555490080534276,5091,1.9279306856861365,0.9051521299043486,1.4386350797427219,1.9572281782071683,2.4495089107853367,2.8624670893869,0.3797508879191989,0.15325799901245496,0.2662591338129264,0.3893307009718786,0.5004761228185247,0.589967388262247,0.6861127479866431,0.25142408171282654,0.012767629149479473,5091,0.5040320205708988,0.5981918772591982,0.625409650794695,0.666844646505102,0.9991640498556938,0.8482216972705511,0.013314772629715968,0.007271425985374517,0.01137105705503318,0.014507417799529285,0.016486027572993858,0.017719310760554757,0.9846788450206246
2024-05-31,60,2024-03-04,54,5115,5075,0.9921798631476051,-0.0002207924434887453,0.018055604439106407,4.351727481759404e-05,0.008572742634920954,0.8419699756115028,5070.7,5070.7,5075,0.9998495764816392,0.34177679978572006,0.6477466552502564,1.0257286630034024,1.3479951307943274,1.6104511252130442,0.3900129219518992,0.07792671145315941,0.21179540574571715,0.38436193209081126,0.5671420572419672,0.6985300432530251,0.6283743842364532,0.33714285714285713,0.09950738916256158,5075,1.7727564553715451,0.8095999766607308,1.2706568870633557,1.8013321965399447,2.280620708982208,2.679834257278199,0.2853674526118607,0.07904049626182337,0.17022993228895467,0.2860853193518013,0.39391963588203716,0.4820296067955277,0.46955665024630544,0.07881773399014778,0.0009852216748768472,5075,0.3906188479857117,0.43638571224816447,0.47761841548632533,0.5319495589451151,0.9989858896705486,0.8367355015668487,0.013094499293630445,0.006071231025410796,0.010348153747253395,0.013953260669255577,0.016934179395191564,0.018825277862260008,0.9793103448275862
2024-06-28,60,2024-03-29,54,5114,5074,0.9921783339851389,-0.00201529114564224,0.01869145211272561,-0.0004894252352560893,0.008335313573364983,0.8374919024772886,5069.233333333334,5069.233333333334,5074,0.99977232158989,0.35284231014722794,0.6518994888017682,1.0188964615259906,1.3499664935159665,1.5982337248819956,0.4047562225764693,0.08359488008634464,0.21905652184063273,0.39872796928811594,0.5931961302453126,0.7266388790432752,0.6409144659046118,0.36480094599921165,0.12849822625147814,5074,1.8771609221402146,0.9249208787013785,1.3981042899355596,1.903084776620036,2.367517133348852,2.760521353741958,0.29367620405201145,0.09443186381033138,0.1810039520151954,0.2977775903178982,0.4001677211092869,0.4878782712873103,0.4958612534489555,0.08376034686637761,0.0007883326763894363,5074,0.4052751061349997,0.4554715722932899,0.5008513538938794,0.54943507230147,0.9991328155573771,0.8332683327986985,0.013159354581523407,0.006349790879240535,0.010244631731166035,0.013941883611812301,0.01699162984829753,0.018844136489634174,0.9873866771777691
2024-07-31,60,2024-05-08,54,5107,5068,0.992363422753084,-0.0022174167476954974,0.014845853164942899,-0.001116957705048985,0.007527683993028348,0.8399531566450898,5065.233333333334,5065.233333333334,5068,0.9999236733846553,0.4974884379293793,0.7623624313812911,1.0295936474586722,1.2659110969376535,1.4566377398174801,0.37243053719119396,0.08796039358780548,0.1934623884399729,0.3635946058495947,0.5440207962863549,0.6770802686582573,0.5921468034727704,0.30939226519337015,0.07379636937647988,5068,1.6563333834541993,0.9610526882160381,1.337818471881263,1.690743956882809,2.0194333408569154,2.289232509585824,0.2701491995774906,0.06862487242914472,0.15187207930078206,0.2672803982302801,0.38252680622834423,0.4692368282672479,0.4265982636148382,0.06728492501973166,0.0003946329913180742,5068,0.37405454113838815,0.4280794422703235,0.4771150472641393,0.5292181293521611,0.9975017315830798,0.834102310139328,0.013183747729962992,0.006666768042767974,0.01008146006153518,0.013854147595394117,0.016997490824321594,0.018970985607513452,0.9899368587213891
2024-08-30,60,2024-06-07,54,5098,5068,0.9941153393487642,-0.0007985011359643523,0.014280112716047377,-0.0009980669666550329,0.007333307213811746,0.8463437768032512,5065.866666666667,5065.866666666667,5068,0.9999103216850306,0.5380150925310216,0.7832110743825597,1.03202018183601,1.2496038487730328,1.4281436363509825,0.368192760179933,0.09419701065602767,0.20660790718663,0.3653734981693271,0.5256253344324604,0.6431396605661568,0.6077348066298343,0.28374112075769536,0.049723756906077346,5068,1.6478963476975341,0.929228649432536,1.291995449942747,1.6641212403633108,2.0249673676810147,2.3533831757145824,0.2683941214701299,0.0693089215648244,0.15396147312652167,0.27057145120709025,0.377400526633962,0.45931454977050995,0.4303472770323599,0.0542620363062352,0.0003946329913180742,5068,0.37007452551126835,0.4258165879911993,0.4666497751289361,0.5191699068564849,0.9970295104219931,0.8408466275627748,0.013243886538018237,0.0070597800028989605,0.010443453501253174,0.013980966837053573,0.016812597177900485,0.018577222149078178,0.9863851617995264
2024-09-30,60,2024-07-05,54,5101,5067,0.9933346402666144,0.0031855661089027943,0.020166058182893378,0.002286757048968181,0.015274667216310966,0.9248349251538274,5065.216666666666,5065.216666666666,5067,0.9998601608674161,0.6625417577506595,0.8143483834200012,0.9846843443156885,1.1908911007775653,1.3862159551359146,0.5256771833150059,0.23238043297679892,0.3836131580675643,0.5512994560747841,0.6895958240057535,0.7769044508363188,0.8415235839747385,0.5859482928754687,0.23327412670219064,5067,1.2209070222613074,0.8255520780737787,0.9798209546380132,1.1850180120168072,1.4438128351853972,1.6985026684326812,0.4541639808085068,0.19427324728458875,0.3260961155155496,0.47621472002862647,0.596809174697414,0.6754973877448929,0.7827116637063352,0.45016775212157095,0.06828498125123347,5067,0.5262612799114059,0.561067503682377,0.5871143073334536,0.6268116082773764,0.999243072398121,0.9255406278719601,0.01365701433079144,0.009264044060182502,0.01200534032840004,0.014394336882345067,0.01612354990005231,0.01709949508174956,0.9968423130057233
2024-10-31,60,2024-07-31,54,5107,5062,0.991188564715097,0.004133244723437858,0.026375808145056544,0.0024236827610856567,0.020586769067508615,0.9606178754457506,5059.616666666667,5059.616666666667,5062,0.9998768455818624,0.6376004708627128,0.77635975754256,0.940882997205837,1.2388798059839092,1.4742401890863495,0.5768606959250255,0.2813189569868384,0.44604664729717647,0.6096270622983613,0.740438233825798,0.8166065398111738,0.8868036349269064,0.6799683919399447,0.33129197945476097,5062,1.2304692583644643,0.8100639790142765,0.9590318512716429,1.1465307645776157,1.5199133126946267,1.8137152024733654,0.5379258952293997,0.25557767368759526,0.4163372826660818,0.5686638036157485,0.6923028976014663,0.7610952619494409,0.8696167522718293,0.6301856973528249,0.23468984591070724,5062,0.5782565184980992,0.6241551536163704,0.6470995694402114,0.6840884258022506,0.9986093086466763,0.963416989474041,0.013726463740332555,0.009757905174450634,0.012365109301748533,0.014466096589717224,0.01592826491554474,0.016728059000237095,0.9982220466218886
2024-11-29,60,2024-08-29,54,5113,5054,0.9884607862311754,0.005448975501011365,0.02772043511220345,0.0028796521154690453,0.021688657808674565,0.9577380394526709,5050.783333333334,5050.783333333334,5054,0.9999631184028386,0.6172175997922049,0.7638017853544117,0.9422023258929706,1.2501649713840437,1.4929791471601408,0.55213514820159,0.2631267329280232,0.4122528791860349,0.5717968388142758,0.7118786206001781,0.8088506697870854,0.8705975464978235,0.6268302334784329,0.2702809655718243,5054,1.2238993540635326,0.7923902691368125,0.9482829270061546,1.1439136809607304,1.5133522892464815,1.8015787699975347,0.5158059405970776,0.24437130348829494,0.3887348776759109,0.5393605325783314,0.6680763146424656,0.753041146226733,0.8482390185991294,0.5686584883260783,0.19390581717451524,5054,0.5538369811340997,0.6041231076288975,0.6292922106457423,0.6653819796517886,0.9982063509388537,0.9636115740811606,0.013739601184855203,0.009640172821862794,0.012139955515001185,0.014359058329425013,0.015967617982700657,0.017027248275268178,0.998812821527503
2024-12-31,60,2024-10-09,54,5121,5053,0.9867213434876001,-0.0006280409778389272,0.022420387332665034,-0.001070950933197178,0.015969105158599037,0.91300766550003,5049.966666666666,5049.966666666666,5053,0.9998734881100101,0.571800160315713,0.7655289419628905,0.9937100291283844,1.23100933090042,1.4358813458179855,0.4368243065081791,0.17247722315291045,0.29408363618741606,0.43557416490520084,0.5845303418976863,0.701464772471297,0.7397585592717197,0.3890757965565011,0.1007322382742925,5053,1.281567884463634,0.7925279172422597,1.0214382498716112,1.2567588960241225,1.5433798619724457,1.839857056372944,0.3852649791625547,0.13850323829132902,0.2434166180434308,0.38385913005531064,0.5260917378630043,0.638654969253599,0.6566396200277063,0.29131209182663764,0.04314268751236889,5053,0.43932221511532277,0.49507895081903286,0.5327922588964794,0.5753011251708936,0.9966005959531533,0.9306323247240179,0.013603892026890031,0.008734001342363008,0.011459740091101048,0.014082305181567247,0.016306621825550642,0.017872555910144312,0.9994062932911142
2025-01-27,60,2024-11-04,54,5132,5059,0.9857755261106781,-5.130400300033688e-05,0.017983737972763803,-0.00029716527853454634,0.011756360234694577,0.8843650474552739,5056.05,5056.05,5059,0.9999608702458271,0.4687680731158293,0.7384011418456367,1.014532851273359,1.2738604517305614,1.4879784915604364,0.3764767195207375,0.12683372471010726,0.2325874132935942,0.3713677997596601,0.5094240521228384,0.6438704306195898,0.6293733939513738,0.26566515121565526,0.05752124925874679,5059,1.3527662922305852,0.7526838800083956,1.0131341670679843,1.3473667450994897,1.6649893631907084,1.9646697467629688,0.315441209020561,0.10107081048299461,0.18776827196350326,0.30822963082821186,0.4328895789652948,0.5416718587317174,0.5159122356196877,0.1484483099426764,0.010081043684522633,5059,0.3790289580104935,0.4304521650349887,0.4762506277636095,0.5172686109937737,0.9960619406445403,0.9017858100402366,0.01347693290063499,0.008153361617096852,0.011034850786217052,0.013952386924644561,0.016414172204555322,0.01840084942961113,0.9964419845819332
2025-02-28,60,2024-11-28,54,5131,5071,0.9883063730267004,0.0001514635041552934,0.016267615885208773,-3.0374255900808902e-05,0.010063467333558215,0.8724870381050389,5068.2,5068.2,5071,0.9999589684259924,0.386465721485584,0.6872894208379227,1.0115784533799992,1.3102721485844184,1.5697186723625265,0.3531056980378318,0.0943343990397996,0.20440981799941166,0.3431269056915049,0.4936384290128082,0.6242445577966206,0.581936501676198,0.24137251035298757,0.04279234864918162,5071,1.4104219592886975,0.6724694075489076,0.9970696450286668,1.386470415099862,1.792817744172285,2.1852485866053946,0.28294898045733785,0.0820883101381486,0.162601683575293,0.27265482520015794,0.3915342729226241,0.49978605239128815,0.43719187536974957,0.09938868073358312,0.005915992900808519,5071,0.355432188857671,0.40491588030222486,0.4523481011728794,0.495837450605234,0.9961751381610091,0.8783880002307439,0.013288856426738686,0.007257986524389842,0.010684955754819408,0.013799942965050289,0.016636401670165654,0.018696799227171605,0.9893512127785447
2025-03-31,60,2024-12-27,54,5140,5068,0.9859922178988327,0.00019296892223192186,0.014279089545447043,-0.00041489366213732907,0.009664080709375725,0.9006698088366716,5064.866666666667,5064.866666666667,5068,0.9999462821979018,0.3410931513995094,0.6470124898065349,0.9894367676919279,1.335010187458633,1.650968293367727,0.31075787374671565,0.061025557809302036,0.15997480557745913,0.293493506328338,0.447707744608429,0.5824740022875842,0.48796369376479876,0.1876479873717443,0.02308602999210734,5068,1.3306897015481718,0.5460795222176679,0.8745863781693298,1.2869267881002977,1.734136000402056,2.202586823464796,0.25750159011435847,0.060778549219966886,0.1363953811834862,0.24440788128686686,0.36192554356387113,0.47023888159992194,0.3709550118389897,0.07655880031570639,0.005327545382794002,5068,0.31301685606256074,0.36410065765768934,0.40411965345914946,0.45492123349013314,0.9957121721164788,0.8965146596145839,0.013128632205293514,0.0063636582581586216,0.01013649934996654,0.013618948100540446,0.016909691926364576,0.019263686440881972,0.9865824782951855
2025-04-30,60,2025-02-05,54,5146,5078,0.9867858530897785,0.0005249302959338435,0.02047950540036133,-0.00012527970172957666,0.013630970905264436,0.9520387523118153,5071.8,5071.8,5078,0.9997870777910902,0.4924415081764517,0.7351972787392781,0.9255826389745492,1.3167752191150761,1.6392061931832995,0.4337451009764269,0.15774681680443495,0.28118165142511764,0.43060389535451277,0.5887855152607825,0.7169208763405612,0.7199684915320993,0.38479716423788896,0.11736904293028752,5078,1.4300847652825148,0.7696209954250977,1.051604221583585,1.2586512863079289,1.9195494364596584,2.3727695025667455,0.3998112308094517,0.13944723942859677,0.24539366432293797,0.38838687533251126,0.5535587797892527,0.6812999748365771,0.6547853485624262,0.3251280031508468,0.07877116975187082,5078,0.43511269689893195,0.4963164632211241,0.5274454342750838,0.572145979671653,0.9981628465020905,0.9557562729692353,0.013420439743540527,0.00844220690733085,0.011215715917731302,0.013931216049872273,0.016408225777682015,0.0181117878711289,0.9899566758566365
2025-05-30,60,2025-03-04,54,5147,5066,0.9842626772877404,0.00013338111776884038,0.019838805271589034,-0.0002128743874712721,0.01305512450427898,0.9516997314407551,5058.566666666667,5058.566666666667,5066,0.9997597383078669,0.5146097479767544,0.7570267474366137,0.9223296922891806,1.319340498554633,1.630972840708889,0.4471263183757716,0.159790784674612,0.2855810712309814,0.4421781306690714,0.613033114687024,0.7422570515005338,0.7291748914330833,0.41196210027635216,0.14271614686142914,5066,1.445813468474459,0.81163467397006,1.0954392624701825,1.2576431239387245,1.9549056059098018,2.402334886867343,0.41337052403269925,0.1396931732604392,0.24925109329103204,0.39934006712664605,0.5778440488286611,0.7136036417815831,0.6581129095933675,0.355507303592578,0.11192262139755231,5066,0.44793956180100564,0.5111223754126355,0.5400020361831958,0.5819502645225607,0.9988261443426957,0.9577271814383449,0.013416266153051276,0.008365200721813437,0.01116083784790508,0.01396916652349496,0.016477187299075963,0.018163449095717522,0.9891433083300434
2025-06-30,60,2025-04-01,54,5152,5084,0.9868012422360248,0.001170273111382907,0.019828871058762715,0.0004490444228459455,0.012967838296127628,0.9610933813259931,5076.2,5076.2,5084,0.99979083603527,0.5273951071956884,0.7683161389406926,0.9190580626326126,1.3122923394474868,1.617516632154912,0.46257404608255787,0.15920595399730808,0.2974317544215452,0.4626794366578339,0.6357708573773672,0.7606100462029904,0.745279307631786,0.44099134539732493,0.17171518489378443,5084,1.46929592996064,0.8117622466177289,1.1277728634825863,1.2821153365764668,1.9884483338223313,2.42882009089393,0.4345023852656288,0.14163606396752873,0.2640118233033998,0.423777966739874,0.6058568886593617,0.7432690992443288,0.6902045633359559,0.3929976396538159,0.14771833202202989,5084,0.4631893301252234,0.5280519394856069,0.5580989354653945,0.5985063305479882,0.9989826677967075,0.9660672248200755,0.013388323178578264,0.00815320353647588,0.011183347448539365,0.013999105211284571,0.016468087381180194,0.01804611481417727,0.9885916601101495
2025-07-31,60,2025-05-08,54,5150,5093,0.9889320388349515,0.0018561917107406986,0.008557136335804617,0.00121422313631305,0.005455170349367469,0.8521802317684579,5088.3,5088.3,5093,0.9999729486104599,0.3552759584474382,0.6825688432898405,1.0240315077411035,1.3223084916504568,1.5979653997928274,0.20525728138294314,0.02341822520570735,0.07709232292923748,0.16988712444300616,0.3070949621810058,0.4389325821893636,0.2609463970155115,0.05713724720204202,0.0029452189279403104,5093,1.3364613475666904,0.4620969684397044,0.8950029899339176,1.3369266695893365,1.770014596279871,2.20449289090716,0.15753269681749452,0.014397187166561503,0.055424810837525464,0.12938821823806784,0.23472821563757837,0.3363056155099102,0.14372668368348715,0.015511486353818967,0.00019634792852935403,5093,0.2076883432623776,0.2724139301166225,0.310720625242052,0.3653168167047776,0.9931214677843778,0.8541075935890275,0.012506147838614623,0.0042493158165879666,0.008474582791098924,0.01266584407418396,0.0172087261104715,0.020575544309699833,0.9658354604358924
2025-08-29,60,2025-06-09,54,5153,5108,0.9912672229769066,0.00255238810649523,0.008985607686384057,0.0023106125731204292,0.006427070688861258,0.8466148901269673,5103.183333333333,5103.183333333333,5108,1.0000713737383782,0.4116291901234809,0.7067598677569488,1.0137881764431524,1.2949222420427515,1.5655443289126894,0.20553176526324618,0.02756737840379326,0.08660450760860808,0.17582721969850706,0.3006365594430383,0.4270229240593082,0.25039154267815195,0.04737666405638215,0.0005873140172278779,5108,1.1837580101131029,0.4659729260336838,0.8178874317264248,1.1675494992776239,1.5339580252682403,1.9160921928029861,0.1512442211880333,0.01928143793499474,0.06255587392452017,0.1309360027904633,0.21952714504106535,0.31157939217421854,0.11433046202036022,0.00822239624119029,0.0,5108,0.21017207075290278,0.27077982756921537,0.30767939382292847,0.3584379953648278,0.9856541184386507,0.8220693121438318,0.012685544915082907,0.004788680209357868,0.008824384429124851,0.01277803428441913,0.016992019559984004,0.02034724562266542,0.9800313234142521
2025-09-30,60,2025-07-09,54,5159,5119,0.9922465594107385,0.0018136164903190806,0.009698854884626434,0.0017593622188816808,0.0076351793289498445,0.8811036326726621,5114.366666666667,5114.366666666667,5119,0.9999579900677886,0.42389115488656837,0.6840297209963391,0.9837682853337182,1.297854914673266,1.5903476476411602,0.2037405381210556,0.0347257641717548,0.09570469425497599,0.17997846561091418,0.29020836823709617,0.4042183324396942,0.23246727876538387,0.034577065833170544,0.0013674545809728462,5119,1.1192490870782785,0.4198504183308362,0.6929500665553983,1.0476018742292588,1.4880494876893886,1.9094487856696962,0.15545595873372609,0.023282675419581126,0.06734596238089689,0.13561137922382985,0.2229011631074772,0.31315234651984447,0.11681969134596601,0.007814026176987694,0.0,5119,0.2096005925102315,0.27889762592423023,0.3128296103569326,0.3634848360636102,0.9799260466450725,0.8305841759586823,0.01284610756803093,0.005560073762202257,0.009167103769362247,0.01302960937015385,0.016865281675555194,0.019832747087282183,0.9865208048446962
2025-10-31,60,2025-08-01,54,5164,5118,0.9910921766072812,0.0014738475115564677,0.010593756893794368,0.0015129802216642704,0.00896316065196493,0.8732315875436264,5113.916666666667,5113.916666666667,5118,0.9999901850319516,0.373683838452275,0.6380303423692549,0.9801374027761127,1.3336994361530505,1.6649763561487665,0.21350610820732607,0.038647167091534415,0.0992500144518924,0.19073038997450703,0.30635359681931873,0.4161463689627536,0.26045330207112155,0.04357170769831965,0.0013677217663149667,5118,1.032154022909215,0.26350558502233745,0.5273203553452501,0.9463230331400536,1.4462250961054735,1.9435121855382325,0.16015915437535533,0.016531920489336237,0.05611379956351287,0.1350354395655383,0.23809614280265412,0.34410962038335385,0.1559202813599062,0.009378663540445486,0.0,5118,0.21823688281402664,0.2913454494914661,0.32584948768588207,0.3733602743073475,0.9842834425141354,0.8149572652390209,0.012928391833455299,0.005900239284688461,0.009507782394999354,0.013109635971917097,0.016716858452958196,0.019643276418497193,0.9876905041031653
2025-11-28,60,2025-08-29,54,5169,5119,0.9903269491197524,4.329379290215904e-05,0.011099441495433744,-4.1671712301945733e-05,0.009032939374191985,0.8732034203706484,5114.35,5114.35,5119,0.9998444497763959,0.412724255060192,0.6832049114658465,0.9916481206711867,1.302032118903699,1.5735306705981693,0.23356641321683394,0.045093638041988626,0.1119583665863188,0.21402043900792297,0.33177457119573883,0.45124565622886137,0.30943543660871264,0.06466106661457316,0.0033209611252197693,5119,1.072746683770483,0.33873091685577655,0.6207558361768801,0.9886490911307355,1.454810629994642,1.925272269421019,0.17550781821057543,0.02224991797779461,0.07108740683648322,0.1558998747618739,0.2615378873473222,0.36025010030664717,0.18187145926938855,0.011330337956632155,0.0,5119,0.237054547485908,0.3057602698637691,0.34394163309611175,0.3957319169738528,0.9903926845193146,0.8293495757750384,0.012941718908521208,0.006032539028644044,0.009530642727659598,0.013205429222106674,0.016653519556556425,0.019610061427572285,0.9853487009181481
2025-12-31,60,2025-10-09,54,5182,5119,0.987842531840988,0.00019034939416888064,0.010218197354945488,4.781142609874734e-05,0.008237855898309953,0.857122267184225,5113.033333333334,5113.033333333334,5119,0.9997767152747592,0.4223455218702126,0.7022267848590524,1.001651202496062,1.2812256138041982,1.562722873805978,0.22349741893420055,0.041825798445943786,0.10351877278436646,0.2013946433969281,0.31773181145872387,0.4440131477095686,0.28697011134987305,0.05762844305528424,0.0013674545809728462,5119,1.0628234820860372,0.32214427792282335,0.6233240658091244,0.9734189858190344,1.4322888659082897,1.9338417105413406,0.16778449028188583,0.017555873629246627,0.05975642286052626,0.14155225901479443,0.24987424638824485,0.3589170832853788,0.1678062121508107,0.01758155889822231,0.0001953506544246923,5119,0.22598883939572403,0.29266356807947425,0.3352250327585417,0.38837302345644353,0.9930843211744378,0.8248655281261519,0.012893950282901228,0.005964319764598618,0.009427912489461131,0.013156007028382743,0.01666748456976663,0.019932653764197516,0.986716155499121
2026-01-30,60,2025-11-06,54,5185,5126,0.9886210221793635,0.00099047215352936,0.010211408965315064,0.0004402156175472958,0.0072631547335116516,0.8547169294818376,5119.716666666666,5119.716666666666,5126,1.0001031466258568,0.4036835450910374,0.6728938926474477,0.978358307037267,1.2861795416658435,1.624682238813227,0.20079816674267262,0.03581830222499429,0.0903597444260065,0.17749465740512024,0.2868539333843735,0.40187894138604063,0.22649239172844324,0.03394459617635583,0.0005852516582130316,5126,1.2015037446935473,0.4646071090599514,0.7648825070361944,1.10885011977435,1.5595106039156543,2.0875286068819836,0.14813027363236175,0.023813391584446272,0.06432541342799286,0.12980768714019192,0.20969459004201807,0.29442092135797765,0.09325009754194304,0.006437768240343348,0.0,5126,0.20389861397969145,0.2669593849654165,0.3174581234861822,0.38637168506774333,0.9899993753228348,0.8238504599237311,0.012827804241545145,0.005734260492772262,0.009252402011352814,0.012916164916181722,0.01669503024337095,0.019979570811924474,0.9853687085446742
2026-02-27,60,2025-11-26,54,5190,5126,0.9876685934489403,0.002043163662711977,0.009548527507589026,0.0010502344405580095,0.00747030488462041,0.8771219394832068,5119.933333333333,5119.933333333333,5126,1.0000003824959736,0.376354267901747,0.6343526300718679,0.946091273361778,1.299209747652083,1.695656216191808,0.17765135349846636,0.02780695037050332,0.07531084277999285,0.15583535088174216,0.26112690799437227,0.3570640643353288,0.17538041357783848,0.013655872024970737,0.00019508388607101054,5126,1.1211003116807183,0.35798994694049463,0.655855179398259,1.0331814370806254,1.5301329605930651,2.016496411502567,0.14161861676892273,0.016758544305118382,0.05232961632417951,0.1198610662616511,0.20383346178454498,0.29714005093368884,0.09578618806086617,0.006242684354272337,0.0,5126,0.18030204480743198,0.24822964601775216,0.30071465491295285,0.3742608069874086,0.9896892294646712,0.8584498616175149,0.012804601947358153,0.0054505191094794125,0.009091237555749102,0.01305599042136131,0.016827386883528212,0.019962978750695276,0.9851736246586033
2026-03-31,60,2025-12-26,54,5193,5145,0.9907567879838244,-0.00013385883409713673,0.014750598281309816,-0.0005235244681491189,0.01011044392194629,0.9276660258954876,5140.133333333333,5140.133333333333,5145,0.9997481854271244,0.4798315006487658,0.7584355565026809,1.0247047980216213,1.2641066354396928,1.4939618037667086,0.3111918395993792,0.08388407890551043,0.17542378646557666,0.29506247079476156,0.4351014750229916,0.5644317082174121,0.4901846452866861,0.16443148688046647,0.013994169096209912,5145,1.353026631242484,0.6952166672174346,1.02392618971692,1.3425886287997206,1.6891848216232987,2.0302791330556587,0.2645691845996903,0.07418892146996167,0.15502078449653356,0.25730647157371367,0.3697137158303809,0.4603245260741995,0.3988338192419825,0.05889212827988338,0.00019436345966958212,5145,0.31539944636779776,0.3721519845589713,0.41599935755481704,0.4772801665948111,0.9921785594180553,0.9058649014524782,0.01305339101763915,0.007056882964039189,0.010307056312573353,0.013463622571995374,0.016563624627448433,0.01899646857998294,0.9823129251700681
2026-04-30,60,2026-01-28,54,5201,5150,0.9901941934243415,-0.0005417110989874681,0.015739694475878876,-0.00023569267585131824,0.011008639125062612,0.9452971236134322,5142.983333333334,5142.983333333334,5150,0.9997882123132149,0.5073136674900864,0.7801050799852263,1.0351976338597728,1.2584662617899325,1.4555168783760506,0.3481464630652767,0.09345468158767854,0.20160336947984953,0.3403164205651152,0.4903019665093725,0.6136826361526213,0.5757281553398058,0.23611650485436894,0.03398058252427184,5150,1.3513140379138846,0.7134929260906834,1.048513211477909,1.3648261021480685,1.6695416515614419,1.972591082115185,0.30550924862649836,0.08512402967004558,0.18621296345194593,0.3033109143187879,0.4283017001022602,0.5192051691324077,0.5066019417475728,0.12699029126213593,0.0013592233009708738,5150,0.35102158628172364,0.4022694695628527,0.4413625973633172,0.4910210448696982,0.9951393551104819,0.9258328835219541,0.013085329179544131,0.006893841426179873,0.010432018673184875,0.013714033198060804,0.016564883149810427,0.018681898282407933,0.9844660194174757
2026-05-29,60,2026-03-03,54,5208,5149,0.9886712749615976,-0.0013935541673919462,0.01638460266199151,-0.0006537819087242899,0.011280928799941326,0.9589639590957078,5141.566666666667,5141.566666666667,5149,0.999753112298613,0.43394027141021885,0.7227586872142413,1.0288634762603812,1.2914214329249756,1.5290245007753493,0.3354331694588767,0.07816314085907589,0.18403410663878544,0.31796653371296185,0.4775540519633469,0.6145148076889867,0.5333074383375412,0.22120800155369974,0.04156146824626141,5149,1.3924433058505137,0.6342149021155549,0.9955800679262375,1.4022730600831372,1.781148181712367,2.142941380991803,0.30587900216817715,0.07502791836163011,0.171575463870513,0.2966319830525371,0.43323437663569425,0.5435569104497603,0.49271703243348225,0.15420469994173627,0.0058263740532142165,5149,0.3374653777039121,0.3936517703331458,0.4244207883179359,0.47342397623272203,0.9962681785128744,0.9482908072565713,0.01303516649412435,0.006673593339197955,0.010286577123637636,0.013503984616346764,0.016594945510072446,0.018918181672296645,0.9832977277141193
2026-06-30,60,2026-04-01,54,5205,5156,0.9905859750240154,-0.001120860813913033,0.013411344345054858,0.0002827441657741511,0.010758977840393954,0.8633216219009574,5147.333333333333,5147.333333333333,5156,0.9995115264934089,0.3550122386992738,0.6544096812631686,1.0046744613728005,1.3299335476639644,1.617188872464797,0.22102088147986235,0.03427492662344205,0.09084335355227414,0.18757778325654723,0.3264228753727037,0.45462275280651565,0.2882079131109387,0.06671838634600466,0.0058184639255236615,5156,1.0753873001588303,0.28843437978058317,0.5895661208898711,0.9915635019609328,1.485182516921984,2.0050966137685506,0.1576407313738509,0.01581932709493267,0.05504226977872784,0.1331298729796817,0.23149183359968767,0.3387190436076463,0.1442979053529868,0.01047323506594259,0.0,5156,0.2279187447457114,0.30923502630339905,0.34886004256974423,0.40709511495120987,0.9772871090190071,0.7819693718222713,0.012644316758710462,0.00532767818912634,0.00847460749243456,0.01255043979275537,0.016926074277347616,0.020544703618924236,0.9854538401861909
2026-07-31,60,2026-05-08,54,5203,5172,0.9940418989044781,-0.004121181060489588,0.01650083795923123,-0.002798232311041855,0.013223811168565039,0.7968042808610927,5166.5,5166.5,5172,0.9999906890423221,0.35756763905436656,0.6599877351591836,0.993437693608753,1.3255038279773776,1.64631871799218,0.24281783926362477,0.048500156236750906,0.12063585874795699,0.22715547477774967,0.34568696616663575,0.4552608414917224,0.3391337973704563,0.06438515081206496,0.0025135344160866204,5172,0.9941399279602215,0.16878203419110446,0.4541383282889359,0.8380001041633214,1.3695940214553146,2.1169811684798283,0.14504947789496345,0.011701904913651499,0.045824044223045826,0.11721683974149313,0.21981699859397993,0.3241087758221921,0.125676720804331,0.00580046403712297,0.0,5172,0.25990566015775796,0.38043437828451243,0.4207083573543907,0.47605691807369804,0.9403619128677746,0.6316563575733067,0.012721242376392989,0.005458336008016824,0.00875344845947921,0.012709887831605239,0.016966379867839387,0.020231066598956682,0.9872389791183295
2026-08-31,60,2026-06-08,54,5212,5175,0.9929009976976209,-0.001206525755763392,0.01730037043724937,-0.0012828265562970689,0.013630832086411299,0.8262931146921101,5170.083333333333,5170.083333333333,5175,1.0000237900101876,0.3240537711994763,0.6331383448518749,0.9629093607995827,1.336370762935085,1.7290708867683606,0.2683273777162929,0.05306774555073188,0.14034321295559396,0.26104533834856136,0.3831607439976019,0.4835069528214618,0.41391304347826086,0.08541062801932367,0.0017391304347826088,5175,1.0487357764275356,0.1865263918889243,0.47662510178662953,0.8614913550382566,1.46419186484991,2.221523134136902,0.17543033663134935,0.016037166071442514,0.06142386421159146,0.14676194562212858,0.2620662502719501,0.3826641822891443,0.19304347826086957,0.02280193236714976,0.0,5175,0.2793762556410692,0.4076757538214663,0.4480228769912335,0.5092649388211659,0.965647526325147,0.7099270332383497,0.012902728386072015,0.006236696799425436,0.00974785551197349,0.013201012794174028,0.016583691009585254,0.019404824267174877,0.9860869565217392
2026-09-03,60,2026-06-11,54,5215,5176,0.9925215723873442,-0.0008229724672913036,0.016748412478421362,-0.001223397163437757,0.013197390748218105,0.8145121586188934,5170.8,5170.8,5176,1.0000109229893763,0.31875695291192835,0.6267793509571655,0.9660354204342018,1.338295626314932,1.7254565900626528,0.26132379386468235,0.048953195980709935,0.13553223296607508,0.2538578173905663,0.37282555974246745,0.4776433899773366,0.3979907264296754,0.0776661514683153,0.0009659969088098918,5176,1.0336607374359779,0.17679995225940603,0.45956467266793316,0.8420969833364077,1.4386053887857009,2.2062767755085577,0.1661903806987488,0.013904792274041254,0.054720210497848885,0.1343360784491205,0.25054755071184476,0.3696055761989935,0.17890262751159197,0.01777434312210201,0.0,5176,0.27302734742208856,0.40673632868987164,0.4478861255092493,0.5100363441098016,0.9610483144343498,0.6847830736408325,0.012862167414258644,0.005930459721915857,0.00961206527639795,0.013147196864166015,0.01670632022658042,0.019469960711054647,0.9855100463678517
2015-07-31,120,2015-02-04,108,2783,1534,0.551203736974488,0.002013050397777317,0.03771594780937697,0.0004893317950486665,0.02752273977998533,0.8812709138928889,1494.9166666666667,1494.9166666666667,1534,1.0038108939855381,0.7944485709120068,0.9375978372056808,1.0422548734122452,1.115105260301972,1.1792083274097536,0.5779102951240027,0.4012433379080219,0.49997769290830957,0.5953046950599168,0.6774215001152424,0.7394154782775586,0.9589308996088657,0.7496740547588006,0.18578878748370273,1534,1.1952471578786839,0.9981233352295344,1.1245588060450897,1.2213599043947556,1.3011371459894447,1.3644001672311874,0.4555692005006282,0.3000651140273169,0.37651326107432503,0.45859201730238563,0.5345308090980385,0.6111898858928917,0.8996088657105606,0.36114732724902215,0.020860495436766623,1534,0.5437633955305614,0.5871981705907366,0.6113939680980874,0.6447038763774927,0.9935565453700652,0.8856314199466815,0.025258350133498947,0.020452383322315578,0.02327256246037643,0.025864683188380033,0.027957419013647546,0.029414735608328028,1.0
2015-08-31,120,2015-03-12,108,2783,1506,0.5411426518145885,-0.0001506908997276642,0.043910630249835214,-0.00106740349772467,0.03234077807783081,0.902559064611155,1467.075,1467.075,1506,1.0027353887780748,0.7998162515668978,0.9300350031418065,1.0462951286101516,1.114124270804726,1.1684336192980187,0.6281936370719413,0.4672371926501082,0.5624831481518879,0.651715719533855,0.7188898031533392,0.7656975755761171,0.9754316069057105,0.8592297476759628,0.30876494023904383,1506,1.218345548599774,1.0418083471911714,1.161188864543075,1.2461076964856443,1.3187757128338033,1.3720850782755707,0.5195578702234479,0.3791680341366592,0.45129886765323485,0.5236400842184935,0.5927349781912258,0.6552574488070946,0.9767596281540505,0.5849933598937583,0.041168658698539175,1506,0.5985284060049797,0.6391165392950177,0.6609868618342173,0.6905225583992378,0.9948023117315365,0.9077478000264666,0.025582807999316854,0.021800924184405098,0.024074725878451976,0.026161289963621583,0.027717055142101814,0.02886578091466478,1.0
2015-09-30,120,2015-04-10,108,2783,1562,0.5612648221343873,-0.002139045022949622,0.04699750755037567,-0.0030001008314928137,0.033284089063278885,0.8993228431976104,1521.375,1521.375,1562,1.0028459176466662,0.7712596717435395,0.9264086124738968,1.0483708488996655,1.1253884570497332,1.177813007686119,0.6522229767225363,0.4914976889218697,0.5896980353255424,0.677631396743148,0.7431107713141016,0.79102138870054,0.9763124199743918,0.8918053777208707,0.41037131882202305,1562,1.2648942352561112,1.0810790576996891,1.2095706518039078,1.2989186015852594,1.369359588088504,1.4262191437349567,0.5356167031596507,0.39605687512501897,0.46499396782925145,0.5430370905738304,0.6084556334062747,0.669840216671532,0.9756722151088348,0.6562099871959027,0.056338028169014086,1562,0.6246180192203068,0.6672788882461816,0.6873732147849543,0.7162469856673055,0.9949921628039453,0.9022483459130372,0.02511436858805869,0.021683289897640158,0.023764426921577174,0.02569954140960358,0.027134421491588644,0.02820754936497292,1.0
2015-10-30,120,2015-05-06,108,2783,1618,0.5813869924541861,-0.0007669030581885295,0.047957745133009544,-0.0024314916583346334,0.03368253892699548,0.9125376999366672,1575.4916666666666,1575.4916666666666,1618,1.0029828638310458,0.7737484814713672,0.9255421569519692,1.0473928701028519,1.1268748316943857,1.1806305495278338,0.664099516540261,0.5068031719629432,0.603303968028255,0.6899154554401086,0.7537540709838759,0.7994493864426845,0.9814585908529048,0.9085290482076638,0.45920889987639063,1618,1.2952017493700783,1.1080516096212043,1.2333104737649336,1.3298036357366794,1.4072929323608392,1.465644757534526,0.5613097633802496,0.41878556011299883,0.4953688074339928,0.5694207662127595,0.6401425559983205,0.6928953235086561,0.984548825710754,0.734857849196539,0.08776266996291718,1618,0.6360805270676473,0.6778724602314407,0.697861581203462,0.7260337697273709,0.9947656293338627,0.9159014732390333,0.024689843261272645,0.02145815819893856,0.023482920931848186,0.02523602602457701,0.02658779686246699,0.027574383540734607,1.0
2015-11-30,120,2015-06-04,108,2783,1723,0.6191160618038088,-0.00267335676698076,0.0471040754175784,-0.0035163720297578627,0.033112351669720166,0.916773335967284,1677.525,1677.525,1723,1.003478812226855,0.7658006004075799,0.9194798149434436,1.0461971307724651,1.1303966763600564,1.184618341069015,0.665294360591457,0.4939927180500425,0.604296380258845,0.6929970288852346,0.7582017871722565,0.8067931912863249,0.9779454439930354,0.8932095182820662,0.4712710388856645,1723,1.3005080178978365,1.0768787107315343,1.2323269633043217,1.3392198762062775,1.4200684623981041,1.4784944406729164,0.5667922577069431,0.42099352701301224,0.5080393182534548,0.5773988353858862,0.6462739574644125,0.6997423446878172,0.975623911781776,0.7695879280325014,0.09924550203134068,1723,0.6352546043405621,0.6762058916604734,0.696893279816023,0.7254609459735021,0.9938003142487042,0.9193176906146568,0.023906030942390723,0.020536261524029698,0.022775969217622802,0.02449158311074985,0.02582587120164797,0.02684219327108267,1.0
2015-12-31,120,2015-07-08,108,2811,1836,0.6531483457844184,0.0028906111253112266,0.041197338027514734,-0.00048294170198760777,0.029344499663495796,0.9303625710378436,1790.8666666666666,1790.8666666666666,1836,1.0037207926422569,0.7720083202937544,0.9146057819421415,1.0387563611501547,1.1282049771961613,1.1939066679556003,0.6402695930220064,0.4722723713431095,0.5760086204417775,0.6606606504146941,0.7306911687566692,0.7862975539237764,0.9787581699346405,0.8725490196078431,0.36056644880174293,1836,1.3033474904678004,1.0796707391185048,1.2255979076338503,1.333141249388846,1.4267577725831895,1.5037826898286526,0.5621305040315085,0.4082701461107807,0.4938588129162747,0.5721222737448258,0.6443640304036339,0.7059584594719195,0.9727668845315904,0.7325708061002179,0.11002178649237472,1836,0.6077443480645256,0.6533168883217638,0.674798508900354,0.7074101771158354,0.9914367282305726,0.931154797765756,0.023154557094511016,0.019699090605141703,0.021956026237325958,0.023632139970810744,0.025039403415837675,0.02617788946514473,1.0
2016-01-29,120,2015-08-05,108,2812,1972,0.701280227596017,-0.0020940078787517616,0.03930237431944443,-0.002937094684023033,0.02935463048229168,0.9523811921745472,1948.2,1948.2,1972,1.000197724560844,0.7589669310986931,0.91646620496578,1.0340855475264998,1.119673177174569,1.186882302568746,0.657752735497507,0.4953044220109121,0.5932990175817958,0.6776285756922453,0.7455457885502588,0.7973253648497968,0.9847870182555781,0.8945233265720081,0.41125760649087223,1972,1.2752455733597674,1.04295848741638,1.2013198557967109,1.3081864541630657,1.3992412098317648,1.4681150347274101,0.604447064273304,0.4551364125307103,0.5367079409716988,0.6135212566324972,0.6860093669776347,0.7436782688863395,0.9883367139959433,0.8341784989858012,0.20689655172413793,1972,0.6502507037595183,0.6802281517966599,0.6998445633770594,0.7196864918280814,0.9997337827024413,0.956951287103764,0.022388305491076163,0.01946743366871184,0.021283033757705294,0.022852241306037996,0.024024035027367198,0.024928044793187647,1.0
2016-02-29,120,2015-08-27,108,2819,2013,0.7140830081589216,-5.613322441423337e-05,0.03641343085920845,-0.0007980320591388906,0.026457675594807786,0.9501777623745971,1989.6,1989.6,2013,1.000128917797757,0.7334897213172626,0.9021657217903516,1.0331137920932731,1.1342314942470666,1.2171280497597459,0.6430575139967467,0.46874617618191955,0.5692911691161364,0.6633142000552682,0.7357955785710993,0.795690579024007,0.9846000993541977,0.8678589170392449,0.3700943864878291,2013,1.3073875612017039,1.0341445715145592,1.2117601116540715,1.3423548266152068,1.4488478900583448,1.533035989168242,0.5894633805081214,0.4316761365389908,0.5144314809450001,0.5954661985501133,0.6715908116283449,0.7364912368721706,0.9846000993541977,0.7913561847988078,0.17933432687531048,2013,0.6346608187440891,0.6669502991707827,0.6814488234914163,0.7047671091185903,0.9996240368282271,0.9557994397470249,0.022136609301101114,0.01892475404461335,0.020875639423206475,0.02264130120338894,0.023924209354987014,0.024871534037641516,1.0
2016-03-31,120,2015-10-08,108,2835,2061,0.726984126984127,0.0011371286937246485,0.03191254362883654,-4.379201775145565e-05,0.024390028086400256,0.971254989589547,2035.8416666666667,2035.8416666666667,2061,1.0002672531819197,0.7487839228958343,0.8967896281979841,1.0235880714760643,1.13295328105069,1.2137666981549158,0.6182120687290272,0.4510595409516781,0.5412864099217849,0.6321483155675635,0.7087000986446794,0.7683282691076513,0.982532751091703,0.834061135371179,0.27704997573993206,2061,1.2703906463268497,1.0000285019010797,1.16549522873263,1.297540841119145,1.4136718739233374,1.503436242693334,0.5902042407173114,0.4264148585719026,0.5115658292104079,0.5989249487008721,0.6780488328621223,0.743946627302997,0.980106744298884,0.772440562833576,0.19844735565259583,2061,0.6117590714118367,0.6419984492233083,0.6565072825788546,0.6778596633029651,0.9995078176510729,0.9763377841964572,0.0218901781413477,0.018593800412584134,0.020546570295691877,0.022266192570335987,0.023624000678605584,0.02467123319409314,1.0
2016-04-29,120,2015-11-05,108,2846,2077,0.7297962052002811,-0.0009483240356948994,0.02964649886962315,-0.0015206461045145828,0.022848352358655552,0.9707253808599825,2052.625,2052.625,2077,1.0002326111970143,0.7408195722434677,0.8860528316105097,1.0198156791410184,1.1407026002655754,1.2320817880482209,0.6038719117934758,0.4274604385194341,0.5202338463639352,0.6200399048633998,0.7017996120497273,0.7617168618729973,0.9764082811747713,0.7948964853153587,0.2532498796340876,2077,1.2596571582384406,0.984515233340542,1.1439274034330973,1.287543611600532,1.408727912912831,1.4995261089285945,0.5774388723250272,0.4025170293274751,0.4915396324668038,0.5874937274697963,0.6733146336930157,0.7426749515344456,0.9638902262879152,0.7270101107366393,0.18199325950890707,2077,0.5989485089112562,0.6326544724322672,0.6465002806529511,0.6678441806299944,0.9993876365366894,0.9765261437234074,0.02178274772424922,0.01840077978817745,0.02035393597806575,0.022216456623665264,0.023679647376351302,0.024739448511537806,1.0
2016-05-31,120,2015-12-04,108,2858,2124,0.7431770468859342,-0.0017505014373788129,0.02935294637687655,-0.0019243632797249384,0.022365632531151376,0.9774784117034493,2100.383333333333,2100.383333333333,2124,1.0002187358107526,0.7473452106725077,0.884302372827985,1.024709374794136,1.1371899640173186,1.2234361561220557,0.630991353412279,0.4420428109386478,0.5477284999114944,0.64836919360092,0.7324982532259885,0.7959371977296854,0.9788135593220338,0.8394538606403014,0.3469868173258004,2124,1.2831806839161457,0.9948685963332802,1.168938305385022,1.3166750820465232,1.4385580531537558,1.5261337275739362,0.6100181879398185,0.42569475664826695,0.5254338042694106,0.6236507552659704,0.7074266149486141,0.7818086945028041,0.9712806026365348,0.7994350282485876,0.2688323917137476,2124,0.6254724019754255,0.6541403117161342,0.6679824985752256,0.6874333070534665,0.9995556747447161,0.9822508943736975,0.021538730402715197,0.018075514623773353,0.020170457869430107,0.021964662460198812,0.023418989463489834,0.02442808644416651,1.0
2016-06-30,120,2016-01-04,108,2871,2171,0.7561825148032044,-0.001572256559354761,0.029512146107969952,-0.00166000735829577,0.022349713229193515,0.9812386612879009,2147.4666666666667,2147.4666666666667,2171,1.000175677037419,0.7360309860302184,0.8825683911886486,1.018612380145301,1.14591967867489,1.2431216613708307,0.6418522078412593,0.44771643063328626,0.5618113865656216,0.6666985929054241,0.7482989746998487,0.8059593165988636,0.9714417319207739,0.8447719944725933,0.40073698756333487,2171,1.2962817601767662,0.9838333096743203,1.1656205018419679,1.3240411748503786,1.4657569970016173,1.5670012309451318,0.6247114077491772,0.4296657421050167,0.5446592545555953,0.6440043700170018,0.7287259725448325,0.79287068520566,0.966835559649931,0.8300322432058959,0.3307231690465223,2171,0.6349686191863223,0.6617008298065749,0.6772913828571623,0.6978905646152731,0.9995387241517742,0.9855946297567655,0.021271825420336846,0.017723788690063153,0.020048621853932757,0.02189897219197237,0.023229389332066357,0.024165169385560466,1.0
2016-07-29,120,2016-02-02,108,2884,2198,0.7621359223300971,0.0014713007520478995,0.022156570746944583,0.000992476727887941,0.01590507302927878,0.9708948564567308,2174.258333333333,2174.258333333333,2198,1.0001002994017183,0.6846993083884051,0.8482865939750989,1.0139073677260522,1.1649841900536628,1.3080543280559052,0.5447910129254964,0.338940098667752,0.4472655505738605,0.561428349763663,0.65575854755408,0.7342197974885228,0.9272065514103731,0.6446769790718835,0.1565059144676979,2198,1.3525531140713687,0.9686441475759203,1.1694794990692101,1.3747682291681267,1.5565319986026749,1.7086175186325825,0.5215665697732976,0.33060800680680685,0.4260106438711947,0.5326561355689416,0.6270163312574397,0.705896241244826,0.9249317561419472,0.5787079162875342,0.11010009099181074,2198,0.5399346597931669,0.5699158833067708,0.5829359426067233,0.6052633491205188,0.9992935049499488,0.9769190013764061,0.021055271307764505,0.016695497526654224,0.019244246207222256,0.02165668109270888,0.02341692437989165,0.024803829638808082,1.0
2016-08-31,120,2016-03-11,108,2914,2258,0.7748798901853123,0.0016865289926842266,0.017214408805102343,0.0010508089056708348,0.0121522922664124,0.9723978239737087,2233.016666666667,2233.016666666667,2258,1.0005785358253791,0.6431109680614429,0.8173201708170384,0.9988553428836761,1.1915871870860177,1.371253797246464,0.45690065357382414,0.24856201770698236,0.34909194931976295,0.4643481178768616,0.5664941750563899,0.6591121279568869,0.8361381753764393,0.4092116917626218,0.054030115146147036,2258,1.37766325874864,0.9234664642926623,1.1424184206265777,1.3691218532176224,1.616428790354937,1.850365929852095,0.43794997456510304,0.24251434667242597,0.3343146272506756,0.43799678296146705,0.5451700033298943,0.6379205449491226,0.8179805137289636,0.3507528786536758,0.038529672276350756,2258,0.4527069839749126,0.4764916288472505,0.49218026897810374,0.5183675469430807,0.9990648140765613,0.9775663893716072,0.020646701333763305,0.01545546180162463,0.01830265222760833,0.021191518582077847,0.02345990231996004,0.02541810057142241,1.0
2016-09-30,120,2016-04-11,108,2936,2294,0.7813351498637602,0.0003512863132618687,0.015462113255551515,0.00015352763314050976,0.011046654216297894,0.9732340452868709,2267.05,2267.05,2294,1.0006631362044516,0.6411291523464708,0.8070739950561205,1.00052573246976,1.197568444205309,1.3797512198000548,0.4254808297967018,0.2113055507979959,0.31465632295565127,0.4274619661191768,0.5407568618501377,0.6353883586140471,0.7741935483870968,0.3343504795117698,0.036617262423714034,2294,1.3628170909993018,0.9088317890091242,1.1161533912861026,1.3615542599925172,1.61466596841309,1.8247136401241286,0.4092473506033665,0.20616655396074132,0.30169533746434324,0.407024975107515,0.5202200422332416,0.6168959008522301,0.7554489973844812,0.2916303400174368,0.025283347863993024,2294,0.42168600408262136,0.44664229019813456,0.4644376019919252,0.49409970087273347,0.9987699343738043,0.9787847172330288,0.020424764336497463,0.014572655278145243,0.017892169913754214,0.020878301381789664,0.02358770586179097,0.025657110750308056,1.0
2016-10-31,120,2016-05-04,108,2958,2315,0.7826233941852603,0.0005222942411113517,0.0141650529352007,0.00034725746772014296,0.010278678771979573,0.9690885703938612,2290.5583333333334,2290.5583333333334,2315,1.0007786594222392,0.6178968944331943,0.8011503398009255,1.0036084200568256,1.2071590932402652,1.3844205112996575,0.3982421668048267,0.19097909384446224,0.28589260905105823,0.3959976934138399,0.5149185936603858,0.608995896649291,0.7153347732181425,0.2794816414686825,0.023758099352051837,2315,1.335946431977967,0.8687133182051795,1.0834589937624934,1.3341925682133076,1.5875951817436902,1.8139407260615887,0.38075926107282604,0.1815130162574851,0.2710710326672119,0.3760989889180661,0.491445282169014,0.589911883372306,0.6751619870410367,0.2267818574514039,0.013822894168466522,2315,0.3949831382204681,0.4218139510393776,0.43923827340742816,0.46843081007025006,0.9986868650373774,0.9756393201256957,0.020287012569197557,0.014146055065742773,0.017412996926613244,0.020730603243906024,0.023665742777861216,0.025883383808879733,1.0
2016-11-30,120,2016-06-03,108,2992,2356,0.7874331550802139,0.0009713559200692844,0.01163754321227378,0.0007925535280407935,0.008733641408605735,0.9569915607458409,2329.9,2329.9,2356,1.000393865397211,0.5947426506514123,0.782571561766058,1.00374368999839,1.2197814823691522,1.4135381623218635,0.32226710576532513,0.13678319612121909,0.21292054652076312,0.3139305586941913,0.42347117482685337,0.5227194422125412,0.5314091680814941,0.12436332767402376,0.0038200339558573855,2356,1.2748380187582955,0.8003991876581917,1.0253039340992776,1.2749415759419764,1.5171988105239456,1.7519783948946157,0.30195934872626023,0.12533993142014138,0.19838032220158433,0.2924769757741094,0.39868305306154805,0.49471410711704505,0.47453310696095075,0.09422750424448217,0.001697792869269949,2356,0.3199580836772466,0.3488132816282745,0.36784946126055323,0.3994163093098737,0.9983833891943444,0.9644611888833526,0.01992863789527142,0.013169065676819665,0.01661142333780248,0.020173683646703786,0.023714599699670116,0.026422069585729728,0.9978777589134126
2016-12-30,120,2016-07-07,108,3037,2394,0.7882779058281199,-3.4897457819393095e-05,0.010855761795468957,-2.019451345658113e-05,0.008028426738364689,0.9321998117006209,2368.9416666666666,2368.9416666666666,2394,0.999719374270771,0.5922453519319212,0.7772378794482846,0.9981854663726245,1.2148556775581414,1.4318893063256812,0.3131293049992041,0.11370769749714099,0.19566023282780964,0.3006635096289556,0.4180522052211904,0.5279543571074485,0.5029239766081871,0.12656641604010024,0.0029239766081871343,2394,1.260313954784479,0.7951645119302373,1.0124429004481963,1.2614780653833946,1.4909364910003764,1.7531296318432898,0.2773008429795053,0.10791287213135194,0.17564782952598906,0.267259359688564,0.3694780017425238,0.4631954129781589,0.4139515455304929,0.06516290726817042,0.0004177109440267335,2394,0.31131728350941346,0.33992174597036295,0.3573478480875996,0.3882950001765244,0.9989670335371933,0.9351823578970149,0.019655034146267982,0.012126623121760455,0.016037486979459163,0.020021991033885453,0.023648374904890145,0.026615121208081873,0.9979114452798663
2017-01-26,120,2016-08-02,108,3090,2428,0.7857605177993527,0.00024123243472928962,0.01083454375460607,0.000292259932650919,0.007584762659581918,0.9159265740478405,2403.1916666666666,2403.1916666666666,2428,1.0001172276839438,0.5642786142657246,0.7665107746811652,0.9889810415664317,1.224605167582466,1.4624291590392517,0.3221712684028905,0.11550952787224121,0.20111521211997976,0.31000062616615476,0.4365359509935378,0.5516232330371348,0.5205930807248764,0.15321252059308071,0.009472817133443162,2428,1.3081454046179481,0.8090305368524572,1.0433463913979368,1.2931997818224241,1.5618095731374635,1.8300431264034545,0.27686680723816653,0.10686966954502652,0.1735702422446873,0.264575412914339,0.3694514486514643,0.467522164700871,0.4130971993410214,0.06672158154859967,0.0,2428,0.3200086114754011,0.34956050814248035,0.3676306602594368,0.39413557122138215,0.9987574074958483,0.9196908365546664,0.01948613094545515,0.011995637873302455,0.01589805800004076,0.019859590929771256,0.02368647887920081,0.02662692980654433,0.9975288303130149
2017-02-28,120,2016-08-26,108,3122,2432,0.7789878283151825,7.154021749174646e-05,0.010540100939732204,0.00013132139960002717,0.007185334417235884,0.9178261541071836,2408.2916666666665,2408.2916666666665,2432,1.000010211352977,0.5434218664999205,0.7578616249020216,0.9945426722000121,1.2399250778420703,1.4731157267921913,0.31523795558373885,0.10377367902155084,0.1902156463433957,0.30107312871616165,0.4292878710040007,0.5425126060851122,0.5037006578947368,0.14967105263157895,0.009868421052631578,2432,1.346336535817441,0.8182918634204134,1.0620240121235531,1.341265345545879,1.62998313350047,1.8841169382104277,0.2723544978760321,0.10118892449984228,0.167254600020982,0.260571570031947,0.36784081359851706,0.4574781864931295,0.4009046052631579,0.06291118421052631,0.0,2432,0.3134646567471118,0.3455987370880236,0.36425289572593944,0.39035237180572885,0.9986473685881179,0.9213519297384067,0.01941025843839956,0.011495157706404935,0.015633747279184478,0.019755368754603944,0.023742703984945157,0.02670906467006329,0.9971217105263158
2017-03-31,120,2016-09-30,108,3170,2490,0.7854889589905363,-5.169814527939085e-06,0.010156606660468562,0.00025696880265576385,0.00678717400078715,0.9103784747591327,2466.9166666666665,2466.9166666666665,2490,1.0003923425365877,0.5201810717769869,0.7378067391181494,0.982392917188192,1.2443487077411715,1.5212697971841476,0.29895355305546095,0.09429607697907677,0.17403092870041184,0.2820475620351768,0.4127654360290425,0.5292465250546595,0.4606425702811245,0.13012048192771083,0.004016064257028112,2490,1.3625432103494148,0.7959735356002186,1.0554831905911457,1.3485814524854396,1.6495129877464583,1.9392988214556925,0.2536317795582406,0.09235915711864368,0.15233237509813463,0.24198453322083913,0.3404444632307583,0.43639963059417153,0.3502008032128514,0.04176706827309237,0.0,2490,0.29739643902508395,0.331034313151079,0.3507087022773089,0.3789824405616808,0.998323024882924,0.9113090546803101,0.019091936131294153,0.011078331237248195,0.015236615919923098,0.01942338795204291,0.023626592914350042,0.0267514353043068,0.9967871485943776
2017-04-28,120,2016-11-02,108,3208,2519,0.7852244389027432,-0.0009775741517479418,0.01077795631923552,-0.000284660699390351,0.006960288806676104,0.9191669995982051,2495.1833333333334,2495.1833333333334,2519,0.9997279426295101,0.5064757926390919,0.7493521687330793,0.992179043140103,1.2421844049441075,1.5057073907562208,0.2993285028910832,0.09129247210190616,0.17814673049692814,0.28565821090523086,0.41234500035316507,0.5276892248000672,0.4668519253672092,0.1242556570067487,0.0055577610162763,2519,1.4225879890569506,0.8077022909126659,1.1065444820853951,1.4218213203431154,1.729273031410556,2.0277780243037182,0.25740041962858917,0.09066621449462234,0.15908691937327746,0.2438684740384012,0.34539756570569496,0.43980155774939667,0.3632393807066296,0.048034934497816595,0.0003969829297340214,2519,0.29783390706755763,0.3314780765091073,0.35372344919062115,0.3879091493684555,0.9983747763280059,0.9192323440502448,0.01897937646848717,0.01086801792601871,0.015248908308902026,0.01936132132678445,0.02344752927395056,0.026588866706796964,0.9972211194918619
2017-05-31,120,2016-11-30,108,3246,2528,0.7788046826863833,-0.0018096500229128028,0.011620213811693777,-0.0007552294199556325,0.007078286264835084,0.9015976643020355,2505.5916666666667,2505.5916666666667,2528,1.0001478861423627,0.5089397839226261,0.7575091351897422,1.0024062963649403,1.2538828808170106,1.4902211811779815,0.3205436664357958,0.1000506180782724,0.19465451637586112,0.30961798997104,0.4406396151547137,0.5564035126662481,0.5154272151898734,0.17128164556962025,0.011867088607594937,2528,1.4797146617792742,0.8379700341483688,1.1533956699644303,1.4788257998122039,1.806155581790414,2.117322662053915,0.2667535210669575,0.09453522445335857,0.16561565867487912,0.25932715676719165,0.3624095091565102,0.45048846448598623,0.3928006329113924,0.050237341772151896,0.0,2528,0.319035476287917,0.3516235709815528,0.37531133860555677,0.40795588274547007,0.9981110763909337,0.9033720137448918,0.018919489479776216,0.010973667928635765,0.015343504966343206,0.01947348197398814,0.02336825525127914,0.026283330331450288,0.9924841772151899
2017-06-30,120,2016-12-30,108,3282,2594,0.7903717245581963,-0.000900983378648253,0.011389760682158133,0.00011511060368159722,0.00646440649693733,0.8923743552727815,2572.025,2572.025,2594,1.0002383595705826,0.46600000948311243,0.7364874416025484,0.9949985518207003,1.2752644811928737,1.5526775903051586,0.31134752855946113,0.08845316564783413,0.19090461737580985,0.30353686744960673,0.4282605223187329,0.5416237595223422,0.5084811102544333,0.14726291441788744,0.010023130300693909,2594,1.5726335492649197,0.8433375370655224,1.204289401001992,1.5655859894847968,1.9386604469156798,2.2933940189436917,0.2518889946130419,0.09287218564241678,0.16054981540239277,0.24546097644433984,0.3375158996342028,0.427336081568357,0.33500385505011565,0.030454895913646876,0.0,2594,0.3104594346012149,0.34326970131446805,0.3655240372990474,0.4020753538615257,0.997752854967051,0.8889623686923546,0.0185780822558235,0.01020282883656405,0.015283241117298386,0.019302552800480904,0.02305807919824073,0.025957968412759738,0.9853508095605242
2017-07-31,120,2017-02-07,108,3311,2639,0.7970401691331924,-0.0007634953447473355,0.011894096794044542,0.0002617598042066866,0.006570374834507704,0.884744068722673,2616.6583333333333,2616.6583333333333,2639,1.0004353557529306,0.4549730252921037,0.7203668177545532,0.9866704575284789,1.2744028281125352,1.551401751915023,0.3176771643476173,0.10227152358974469,0.19726220890799123,0.30940416067033816,0.43033152380571493,0.5458179352719016,0.5221674876847291,0.1492989768851838,0.013262599469496022,2639,1.6026187510212766,0.8501124807418721,1.224130976349291,1.5956377429990796,1.9767004234375072,2.345529168742793,0.2530296852312775,0.0966309678563169,0.16056553900308052,0.2460867326978892,0.33655543194548865,0.42175868498463476,0.34255399772641154,0.03751420992800303,0.0,2639,0.31679883681321797,0.3533121077728929,0.37397558204940495,0.41113934108014405,0.9977717117558238,0.88200772178782,0.01846038256380588,0.01102579589008874,0.01516114772887026,0.019149036954299776,0.02274118857283478,0.02557853237715249,0.9852216748768473
2017-08-31,120,2017-03-10,108,3347,2674,0.7989244099193308,-0.0008662684222110276,0.012162542798128662,0.0002414945469306388,0.006863972953131294,0.8761064100523656,2652.7166666666667,2652.7166666666667,2674,1.000313438913622,0.44880695801192055,0.7231543432360104,0.9956785731115565,1.2854713356849565,1.555047428762023,0.31912753177575465,0.10030591162957744,0.1946468619267915,0.3130927517261042,0.43296214054649507,0.5481713377695108,0.5239341810022439,0.1525804038893044,0.011219147344801795,2674,1.552914612074836,0.8186009429234024,1.1903929402378197,1.5537966989890082,1.9383955416315808,2.29391833523874,0.24769245313076413,0.09357582711558105,0.15929407255947792,0.24097309229399716,0.3281726451109185,0.41158345613375713,0.3242333582647719,0.024308152580403888,0.0,2674,0.31832411871260324,0.3542750227521051,0.3762939722514562,0.4140269622115299,0.9978795396657862,0.8705939492766385,0.018331453219845,0.010703859479752864,0.014949994535603344,0.019041701269547733,0.022647521623003715,0.02543801034882311,0.9850411368735976
2017-09-29,120,2017-04-12,108,3384,2754,0.8138297872340425,-0.0007400310278891552,0.01187524684671703,0.00012361647273867235,0.0064792337220315275,0.8696218691429787,2731.975,2731.975,2754,1.0004629562356204,0.4409324442112874,0.7155764853527231,1.0099432676939468,1.3043485234995702,1.5536651770941734,0.3117159556410017,0.09167872777050522,0.188859898735391,0.3096075071979191,0.4247301499334782,0.5312938452302749,0.5206971677559913,0.13435003631082063,0.012345679012345678,2754,1.5937711367044884,0.8034041649177623,1.194261803588622,1.600363645790952,2.001490833966378,2.351768365144365,0.23807431414649616,0.07942315242833385,0.14797451282717683,0.2337381085485319,0.3174062064432043,0.3995844727492374,0.2959331880900508,0.01888162672476398,0.0,2754,0.31038295042464287,0.34726236516204684,0.3674761132107669,0.4035171352826218,0.9982667144583187,0.8634341064709017,0.01798682376313225,0.010165993319446927,0.014618346566415481,0.018968566184720363,0.02229349394845354,0.024979906340839495,0.9832970225127088
2017-10-31,120,2017-05-08,108,3411,2795,0.8194077982996189,-6.162503034984832e-05,0.011775045661507295,0.0007652605934611067,0.006064309068094507,0.8547454405947902,2773.375,2773.375,2795,0.9999822823935893,0.43499335749350587,0.714398329385945,1.0060192673767732,1.3050737317900656,1.576113788460836,0.3211309228338884,0.09259187642050329,0.1897081391537479,0.3195342854558311,0.44091844330703533,0.5485976516345334,0.5366726296958855,0.15670840787119858,0.011806797853309481,2795,1.658684288772603,0.818968084090364,1.2367373536919812,1.658585959838628,2.098017198584693,2.471387666105181,0.23478937137050038,0.08182200159357764,0.14673968067709148,0.2288666112050971,0.3171628652869888,0.39218943925596467,0.29159212880143115,0.015742397137745976,0.00035778175313059033,2795,0.31967759987973193,0.3540649338257475,0.3740136790702877,0.40807380407528426,0.9986101274015893,0.8443263397430046,0.01779910902608963,0.009740828244777077,0.014345246070376919,0.01884020867909858,0.022228742208909795,0.024866972799457324,0.9828264758497317
2017-11-30,120,2017-06-09,108,3447,2837,0.8230345227734261,-0.0003518977521046088,0.01094972638608173,0.00038572759811594955,0.006262058033247742,0.8319185096961018,2815.175,2815.175,2837,1.0002172568649712,0.46817403465722035,0.7164190354153657,0.9984941719633976,1.281742869928558,1.55654641334974,0.2964224293484067,0.08637534411774479,0.17597580921076184,0.28548454180854294,0.40732583981057324,0.5177137540766813,0.463517800493479,0.11737751145576313,0.005992245329573493,2837,1.455103686912595,0.7691579742986645,1.0917071026013483,1.4423763065291741,1.8105784184822802,2.1531004642616653,0.2029930776534826,0.07634446036641455,0.12748543396810066,0.19754006758257464,0.2693886636278769,0.3399744984291381,0.1723651744800846,0.0035248501938667607,0.0,2837,0.29560940083312165,0.33112026423147894,0.3525799664739662,0.3872924300730813,0.9977951187588707,0.8115707070926095,0.017709586927906158,0.00971548436094804,0.01429958712643753,0.018376111901890993,0.022048519279166415,0.02497491551172948,0.9866055692633063
2017-12-29,120,2017-07-10,108,3470,2851,0.8216138328530259,-0.0008285799608540519,0.011156053813318304,0.0001434141290977044,0.006526452846338274,0.81544660562355,2830.641666666667,2830.641666666667,2851,1.0003561545834632,0.4637703471474793,0.7158205842865811,0.9884153369663953,1.2919098705918193,1.5610914471902644,0.2994720168154635,0.08339649836490197,0.17800020977349842,0.2907585475589042,0.4148729219075823,0.5261350174020325,0.4745703262013329,0.12486846720448966,0.00526131182041389,2851,1.3933348835245685,0.7215655155214964,1.0456089426222328,1.377432273869413,1.7333449164285706,2.0821978362054776,0.1958982815381331,0.0702477145582561,0.1272972243435054,0.19380100072433257,0.26004465426373846,0.32440230962866623,0.1483689933356717,0.001052262364082778,0.0,2851,0.2988699013883014,0.33460292569684147,0.356834140107968,0.39157374887319474,0.997622130607676,0.7915015282437755,0.017637857072783588,0.009422457188353073,0.014267208294998423,0.01836735696974409,0.022112326461129622,0.02501088861930444,0.9849175727814802
2018-01-31,120,2017-08-09,108,3485,2901,0.8324246771879483,-0.0007919774809331021,0.010136368818841137,0.00035490615141825645,0.0065165599133598885,0.7762812296318653,2879.6833333333334,2879.6833333333334,2901,1.0003744844251747,0.4524331353094513,0.7007636647738824,0.9703718169579577,1.2878960524589353,1.5807652834275046,0.2635292746498813,0.07020295464016127,0.14939710454166924,0.25423738575440685,0.3660293147803089,0.46735670921288647,0.38883143743536713,0.06514994829369183,0.002068252326783868,2901,1.2082460119695975,0.5994310223671879,0.8755851249158627,1.158841462470634,1.5148177661544715,1.8736044819334967,0.15655752510858537,0.048390583763708486,0.09541117109527857,0.15221393655407697,0.20977337224465162,0.2656549310237415,0.053085143054119266,0.0003447087211306446,0.0,2901,0.2631215474981423,0.2933923961355033,0.31553811984231983,0.35402772056831283,0.9971334011850903,0.7482954961346828,0.017454581814195902,0.009334530820444375,0.013774961316515533,0.018151972843241684,0.0220029954278801,0.02485200103908146,0.9848328162702517
2018-02-28,120,2017-08-30,108,3496,2854,0.8163615560640732,-0.0015040781390127632,0.012789193313188002,-0.00038081979155033246,0.00875586676457779,0.7609608856846298,2831.65,2831.65,2854,0.9991872495433685,0.5239320621634903,0.7610422936029034,0.9986601797805632,1.2519216683927623,1.4880926032974284,0.33821019732347735,0.11962951580113607,0.21353523155945664,0.33233278232683017,0.4596457842097311,0.5659472421305737,0.5756832515767344,0.18220042046250876,0.012613875262789068,2854,1.111808727331477,0.6349964153502279,0.8672747874834754,1.1020010323562,1.3668055002232706,1.604563708277172,0.19702611744852838,0.07436006065441156,0.12792433053203273,0.19149125577062276,0.25581758561807,0.3246242550872224,0.14470918009810793,0.003153468815697267,0.0,2854,0.3366894661420752,0.3702545068296156,0.39242334567406234,0.43007840660561425,0.998097222162748,0.7386450556895925,0.01785897453610766,0.010811218804119529,0.014653375695323635,0.018567653024990305,0.021893620873285308,0.024406921303733703,0.9891380518570427
2018-03-30,120,2017-09-29,108,3506,2901,0.827438676554478,-0.0012187116815744344,0.014545269456150915,-0.0005172142339355963,0.009879674783026643,0.7978384159998204,2879.9083333333333,2879.9083333333333,2901,0.9998291529322795,0.5284904691684622,0.7608292486872705,0.9963700400992428,1.2556064391316895,1.4859719150060033,0.3758974486881149,0.14555139013154805,0.24716781897760395,0.3757805153709332,0.5013568126184198,0.6123752488968025,0.6577042399172699,0.2533609100310238,0.027231988969320924,2901,1.1752909204408115,0.6852489434870607,0.9326687551577181,1.1694732863676074,1.4429224993496093,1.6783407287387917,0.2411112160730213,0.10371157853687227,0.16468026304123085,0.2392720496657841,0.3109998727481101,0.379004975167075,0.2819717338848673,0.01275422268183385,0.0,2901,0.3739022481237577,0.4077350213551165,0.4299600060077064,0.46477198650957285,0.9988170589190726,0.782972657431348,0.01782778968976552,0.011398980765177917,0.014925080776066742,0.018514554106056368,0.02147564034829732,0.02384389485032697,0.9927611168562565
2018-04-27,120,2017-11-01,108,3515,2942,0.8369843527738264,-0.001474053299708277,0.014710010892324595,-0.0009473459372032962,0.01061605980887723,0.8114435394767837,2920.366666666667,2920.366666666667,2942,0.9996243215891615,0.5259739788729737,0.7628534778312661,0.9943471198114431,1.2449399275838129,1.4871632428588912,0.3629296989624918,0.14269118725340219,0.24379581680799794,0.3655309768369116,0.4800409438900745,0.5834264760462918,0.6461590754588715,0.2087015635622026,0.01495581237253569,2942,1.1244059496172647,0.6558907210394398,0.8843696304298951,1.1222532254274697,1.3723977609680142,1.6008833053085487,0.24455440639183157,0.10157052157021919,0.16747828406442256,0.23908532714990532,0.3161983913106705,0.3908915115843053,0.2943575798776343,0.015975526852481305,0.0,2942,0.36129656201048493,0.3958904769929341,0.4171282065251912,0.4520089798268543,0.9986686658348937,0.8041339712422245,0.017765417695313965,0.01135035845913827,0.014946248085328327,0.01846707473995332,0.021212752682175817,0.023493289337258645,0.9959211420802175
2018-05-31,120,2017-12-01,108,3523,2966,0.841896111268805,-0.0009294624572845495,0.01491063185047332,-0.0006699669630826631,0.010913120583482953,0.8315077975744819,2944.5333333333333,2944.5333333333333,2966,0.9997348675196029,0.525787277873045,0.7528213372799331,0.9988656279388006,1.243971244341279,1.4946212521451838,0.3632249647140743,0.14716495342244762,0.242767446606552,0.3658208423526399,0.4812220289595636,0.5762557123189831,0.6416048550236008,0.21072151045178691,0.014834794335805798,2966,1.136030284913404,0.675925052856412,0.8854772052562708,1.1386895545022204,1.3879371806710994,1.6224211381733422,0.2593542526493557,0.10386553806334418,0.17427810237596147,0.25391930382565414,0.33588644504263776,0.4173161492484035,0.34962913014160485,0.02933243425488874,0.0,2966,0.36136692341387694,0.39564084487826257,0.41607780661578064,0.4524692963232716,0.9988494661902816,0.8309375498795095,0.017732000139355518,0.011571916525350983,0.014950299032612475,0.01841961569784164,0.021167691454455496,0.023225067064844368,0.9969656102494943
2018-06-29,120,2017-12-29,108,3532,2972,0.8414496036240091,-0.00168240827078887,0.016974086456458967,-0.0013279869565142757,0.012053801312178968,0.8630119901464534,2952.25,2952.25,2972,0.9997073060159442,0.5699730081854136,0.7761574481626738,1.0116497618200038,1.2260787161011444,1.4219872040613186,0.4060064746314697,0.1731388332853503,0.28152705711433923,0.41241165393189044,0.526963786729558,0.629529733089923,0.7244279946164199,0.31090174966352624,0.03398384925975774,2972,1.21541913369844,0.7604039237179507,0.9791125100562778,1.230983422944563,1.463178743022354,1.671786392458753,0.3092801598626768,0.14167245536342735,0.21701251433273497,0.3063644132599932,0.39825393614307514,0.4810461827056237,0.5195154777927322,0.07537012113055182,0.0006729475100942127,2972,0.40429570689405414,0.4371980024545327,0.45618409672629917,0.49019864120322953,0.9988564761322666,0.8630897672188316,0.017791849590447918,0.011774604610089548,0.015191255728100839,0.018488665257581333,0.02095407453488068,0.02294743064384029,0.9986541049798116
2018-07-31,120,2018-01-31,108,3536,3020,0.8540723981900452,-0.0017310255571961698,0.01776582323076916,-0.0016529080973925665,0.012956714904620024,0.8740826272951541,3002.3416666666667,3002.3416666666667,3020,1.0000420110262596,0.5804831296657363,0.7827026051335977,1.0127488150310178,1.22670537091647,1.4138281830395396,0.4203234721163757,0.18680660999874277,0.29841515743858565,0.43032755679504103,0.5459990676910602,0.6392620319968954,0.7480132450331126,0.34536423841059605,0.0390728476821192,3020,1.1987179210584535,0.7613858019594508,0.9741825400826867,1.2168911600919883,1.4335389351195884,1.637960881836237,0.33036452597482346,0.15349328463001716,0.23481250556108288,0.3274269190262053,0.4236206852358532,0.509097479782459,0.5774834437086093,0.11158940397350993,0.0026490066225165563,3020,0.41866535125133186,0.4509568884478789,0.4717426331505711,0.5043681937354134,0.9987292161441396,0.8782739095721036,0.017687977919519822,0.011982954705637396,0.015156925843046981,0.01842285466801582,0.020788507795815016,0.022529974992935454,0.9990066225165563
2018-08-31,120,2018-03-12,108,3542,3102,0.8757763975155279,-0.002208004535297074,0.01637994765536699,-0.0018012135831130727,0.012620679864861355,0.915787679196579,3087.725,3087.725,3102,0.9999380616935276,0.5754135111023371,0.7876491704215947,1.0034539087080314,1.228253143302338,1.4166458417498309,0.39798107275168604,0.1766883764279456,0.2747734068224006,0.4018915789787566,0.5228693769945779,0.6132168798689215,0.706963249516441,0.2907801418439716,0.024822695035460994,3102,1.1879460710712977,0.7359245986584737,0.9763879309339294,1.1940180430310545,1.4268122435420245,1.6338874353116695,0.34071716066305013,0.15632322277563024,0.2405901036623526,0.3384092206881965,0.43741047093257635,0.526560980831486,0.6073500967117988,0.14313346228239845,0.0035460992907801418,3102,0.39785000091073097,0.4257699314777886,0.4477387537386803,0.481215416773563,0.9982298504619727,0.9201882999274548,0.017431305872056053,0.011838860163674338,0.014749789539856117,0.018058741777245473,0.02063634674170172,0.022418085181791916,0.998388136686009
2018-09-28,120,2018-04-10,108,3553,3146,0.8854489164086687,-0.002227686659618123,0.015499355695818222,-0.0011483682135868722,0.012643401338838558,0.9189158534152412,3133.5666666666666,3133.5666666666666,3146,0.9999050301566647,0.5997757367663337,0.7989218788639451,1.0083243183036301,1.2101854405517067,1.3969145899407873,0.3915089635599074,0.17518916121082972,0.26921630416017484,0.38899411091729785,0.5138590610368973,0.610700277092741,0.6951684678957406,0.2733630006357279,0.025111252383979658,3146,1.1260068726446404,0.7197798599087452,0.9258228189676578,1.138176999943211,1.3394955773613533,1.526702217123336,0.3368362742253505,0.15328568356493208,0.23781978837020978,0.33401119110018185,0.43638296616659644,0.5243074444853548,0.5905912269548633,0.135092180546726,0.002860775588048315,3146,0.39158724014959995,0.4173389179370725,0.4410981430312416,0.47338756674567606,0.9982536947070052,0.9223412006587055,0.017315186737500973,0.011854183097925793,0.014685008781093172,0.017754647620581113,0.020478455081347113,0.022400211711988374,0.9993642720915448
2018-10-31,120,2018-05-08,108,3558,3207,0.9013490725126475,-0.002938628358074203,0.017838468392893162,-0.0018526552309958142,0.01491463824732801,0.9294666380125594,3195.4666666666667,3195.4666666666667,3207,1.0000462155970928,0.6608444596412809,0.8455028940919955,1.0215130589567325,1.1804996185572507,1.3128968315812153,0.4524229440481135,0.21933076794999953,0.32172524931611135,0.4514437186781122,0.5883958949179131,0.681942580000869,0.7832865606485813,0.40536326785157467,0.08356719675709386,3207,1.1112890603396233,0.7609365760418361,0.9538023618744683,1.1371590172405637,1.2909961834519952,1.4262650659896177,0.3942767588054338,0.1898500533374245,0.2934710093528967,0.39877092813309145,0.5027108114072496,0.5879844305091457,0.7358902400997818,0.2560024945431868,0.01028999064546305,3207,0.4521551478894472,0.475963717989043,0.4976677182761637,0.5270911607803284,0.9988304544574205,0.9297505457891514,0.017246705702953564,0.012228413186499594,0.014764806408633438,0.017632553853601008,0.02021395955031271,0.021804447556643528,0.9996881821016527
2018-11-30,120,2018-06-07,108,3566,3273,0.9178351093662367,-0.0022843232722576682,0.018573389959719418,-0.0017272496162550719,0.015411457536617358,0.9290691615468466,3262.866666666667,3262.866666666667,3273,1.0001670018890594,0.6721458400381704,0.8494302963290201,1.0277826067165003,1.177252577377015,1.2932052335878204,0.46551229701462266,0.23292877922023797,0.3370558278175294,0.47079491263654694,0.5977797362056945,0.693199926550375,0.8185151237396884,0.4381301558203483,0.09165902841429881,3273,1.1192114374260516,0.7704395571057707,0.9677874204853778,1.149646030362305,1.298887942821767,1.4229708411619768,0.406080799636935,0.202018041152567,0.3012489595498667,0.41311029904897945,0.5148830918672016,0.5989748819516992,0.7531316834708218,0.2841429880843263,0.012221203788573174,3273,0.46485226962588017,0.4888445398651953,0.5097888554644702,0.5378929256107531,0.9991973286781827,0.9306111317772104,0.01710252068310229,0.012197209251350347,0.014782309385745554,0.01750769425950695,0.01985501461749908,0.021406812600089867,1.0
2018-12-28,120,2018-07-06,108,3568,3343,0.936939461883408,-0.0012203872507217106,0.01670559118976789,-0.0009548685278968903,0.014669609663573113,0.9408995713289658,3334.4583333333335,3334.4583333333335,3343,0.9999452177030164,0.6735915556135963,0.8539776217124944,1.0246105105248233,1.1713089790237752,1.2926244543281349,0.4335646563215381,0.22095229087825083,0.3167838545720567,0.43193965302245557,0.5534732596759268,0.6542709045215901,0.7822315285671553,0.3496859108585103,0.05384385282680227,3343,1.0715671461845484,0.7284300049902446,0.922958345595571,1.0963914869093931,1.247602622120894,1.3740745953450322,0.38922612577124827,0.18515570215606625,0.28368402915215507,0.3909305175562113,0.49869785771156105,0.5908632144099105,0.7149267125336524,0.247382590487586,0.012862698175291655,3343,0.4334932101859494,0.45912953304057724,0.4778444604414194,0.5058415206962452,0.9990232720406502,0.9441493602129,0.01690906533825157,0.012186158653554737,0.01470038916108553,0.017264071485963185,0.01957898844383589,0.02134077047647512,1.0
2019-01-31,120,2018-08-07,108,3584,3389,0.9455915178571429,-0.0011533586394893984,0.016192509165109097,-0.000602905481251119,0.013959660324887213,0.9253421580356295,3380.233333333333,3380.233333333333,3389,0.9998438490555429,0.6608928624105672,0.8461407278129811,1.0260484515109634,1.176146815610757,1.3011661442441538,0.422943376941368,0.21303484586131435,0.30907193541089845,0.4190157059450747,0.5374416539117362,0.6394057002863927,0.7686633225140159,0.32369430510475067,0.045441133077604015,3389,1.0733289442374272,0.7198139060208982,0.9295810182680772,1.0996722022173409,1.2473021667152424,1.3758099185312909,0.371732338102588,0.16661516355371592,0.2638952290733225,0.3738209045888752,0.4800539852937741,0.5693897038841346,0.6795514901150782,0.20684567719091176,0.011212747123045146,3389,0.42295328511686714,0.44909368430772667,0.4690054396872659,0.49645213197325405,0.9988920754540747,0.9327596240612764,0.0167857236975479,0.012074994125202465,0.014645017535074412,0.017103906161521697,0.019413706783161653,0.02121210380875692,0.9997049277072882
2019-02-28,120,2018-08-28,108,3590,3422,0.9532033426183844,0.00030747076142798057,0.016969283093572273,0.000301698514552328,0.014665353699560815,0.925854596447741,3412.575,3412.575,3422,0.9999728622394123,0.6651304856638603,0.8419290736972389,1.0213541033741396,1.1724931859945653,1.3015150980595747,0.4369088798781819,0.2302441265559368,0.324094134903923,0.4357189302487327,0.5509789878559981,0.655109017430371,0.7977790765634132,0.3474576271186441,0.05113968439509059,3422,1.07142299756363,0.7409070843582874,0.9259048401657702,1.0919381204873229,1.2342054561507863,1.370348028244474,0.3836003004519645,0.18672130137917764,0.2815593204958047,0.38522632127369355,0.4876740692210074,0.5802063031694558,0.7086499123319696,0.22413793103448276,0.013734658094681473,3422,0.4367836967628736,0.46172304646373935,0.4797078992295741,0.5079210311868282,0.9990484665010458,0.9327181583661912,0.016743984096789347,0.0123000916048123,0.014697331436391639,0.017051656055648002,0.01922527602280138,0.020989126368671528,1.0
2019-03-29,120,2018-09-27,108,3601,3470,0.9636212163287976,0.001349157688156299,0.01874620687769298,0.0007805067732194535,0.01577209289894864,0.9279296535775534,3459.233333333333,3459.233333333333,3470,1.0001386292080232,0.6841268201570756,0.8441157307548348,1.0134513534466794,1.163272634501295,1.295585794624519,0.4434823165799511,0.24358431564903404,0.33522942063213923,0.444508003382865,0.5524964832403585,0.6470483559197693,0.8121037463976946,0.36282420749279537,0.05187319884726225,3470,1.1030933876883668,0.7844626540815911,0.9578192446887658,1.1162681315079879,1.2569309999376057,1.3984982749810204,0.39076686221970713,0.1978602432326324,0.29156360003532544,0.3914931439416376,0.48874855631657715,0.5790603885387083,0.731700288184438,0.2302593659942363,0.016714697406340056,3470,0.4428055564314386,0.4692726729099649,0.4918326375463585,0.5192037927476542,0.9992266330344479,0.9346473338530366,0.016671510317029212,0.012462395836548219,0.014716756284298653,0.016977316832623282,0.01896708050611951,0.020560290382332234,1.0
2019-04-30,120,2018-11-02,108,3611,3516,0.9736914981999446,0.001824355153120159,0.01705722766931543,0.001346388271870332,0.01381078235645661,0.9146612206580499,3502.9083333333333,3502.9083333333333,3516,1.000145820113937,0.6620697237239552,0.8251515304954214,1.0053586526491387,1.176916448011005,1.3342348371298844,0.3833629086463417,0.1974273252476363,0.2756127857140329,0.38412012915492877,0.4856037856062416,0.5780820674308764,0.6962457337883959,0.2164391353811149,0.013651877133105802,3516,1.1296056252136917,0.7952739349724289,0.9579313358119784,1.1321449639961543,1.3005096258865443,1.468778913235334,0.33113801486402694,0.1592763701334165,0.23278749858147518,0.32471432436861014,0.42135674621093133,0.5159142149790477,0.568259385665529,0.11660978384527873,0.003981797497155859,3516,0.38285825048620986,0.4112355747249374,0.43435383365946545,0.46501937084994216,0.9989627004094346,0.9240934761578372,0.016510539868989167,0.012089974674900111,0.014265168884679037,0.016864023887113708,0.018984536343675775,0.020796058899230613,1.0
2019-05-31,120,2018-11-30,108,3623,3532,0.9748826939000828,0.0010284841694827786,0.01826937511009587,0.0008475697041063004,0.015100209766456785,0.9343962091061991,3519.733333333333,3519.733333333333,3532,1.000487531377606,0.6815813173485518,0.8417874175585311,1.0072277870595285,1.1706288584169489,1.3064176576193443,0.4090945078562263,0.2083374451367398,0.3048104931050074,0.4076425447997192,0.5146202563288892,0.6039324391392781,0.7584937712344281,0.2757644394110985,0.021517553793884484,3532,1.1305648795217549,0.800004173424567,0.9738990721630014,1.1353120806807298,1.3013191509630566,1.4464829022455745,0.3653898193841661,0.18413991273653788,0.2647982837297279,0.36099425167114496,0.46062467163810844,0.5549166475336006,0.6588335220838052,0.17270668176670442,0.007361268403171008,3532,0.40819409642544635,0.435554767967594,0.4571832243483055,0.48632120970309234,0.9990434534385855,0.9414676792985728,0.016503131692520445,0.011914961685721872,0.014424775667294762,0.016772379186060584,0.018909577263170073,0.02052722694051902,1.0
2019-06-28,120,2018-12-27,108,3632,3546,0.9763215859030837,0.0012335709295136935,0.018509363484249402,0.0013791150747927744,0.015098353686092723,0.9312971813012934,3532.6916666666666,3532.6916666666666,3546,1.0004649837012916,0.6776895515756518,0.8380343839853159,1.0093312772470175,1.1727316183729481,1.3128320384268228,0.4094335714368058,0.21480563059102414,0.3047430273598408,0.4070102518462968,0.5175627030642017,0.6022984790189743,0.760575296108291,0.28341793570219964,0.02284263959390863,3546,1.141756042990477,0.8046517538751381,0.9816895867229546,1.1463718439466797,1.3137445712216804,1.4659366116934494,0.3644707968748461,0.18368440102132247,0.26296109950853397,0.36110140900399723,0.45926769706491144,0.5544588416681733,0.6511562323745065,0.17343485617597293,0.007896221094190638,3546,0.4086210086483869,0.43592570395721203,0.4567883387149344,0.48509495058921,0.9989302301783062,0.9396392423210749,0.016466460122172098,0.01205866331992806,0.014428597027498737,0.01670308465990291,0.018910717979963958,0.020449961124591968,1.0
2019-07-31,120,2019-01-31,108,3666,3561,0.9713584288052373,0.0012536974631426894,0.018788327825215004,0.001187096209078406,0.01526166172365934,0.9405959025244448,3547.608333333333,3547.608333333333,3561,1.000390313797231,0.6808314804803121,0.8402427841966775,1.0100883758556622,1.1659513340319145,1.3113680616836145,0.4236762598592213,0.221816588844218,0.3180168153519324,0.4220325212109213,0.5335833767516659,0.6196083042850898,0.7877000842459984,0.32041561359168774,0.03341757933164841,3561,1.158070316261286,0.8140528433398645,0.9897234292477941,1.1602170444548296,1.335391619076547,1.4902096068371478,0.3826090350452585,0.19923801930138932,0.27960802757553505,0.379922495577665,0.48018578533392914,0.575536920321916,0.7014883459702331,0.2100533557989329,0.014321819713563605,3561,0.42281994232773806,0.4485855565478011,0.46878042019947475,0.4966454070486588,0.9989739688234717,0.9471970951329276,0.016436249251836493,0.012084460392720838,0.014465236779401367,0.016721803536892038,0.018838920168882813,0.020361249600013502,1.0
2019-08-30,120,2019-03-11,108,3681,3570,0.9698451507742462,-0.0007102703120206146,0.017139525235979076,-0.0002591778707755171,0.013586501272454051,0.9469414557001499,3556.8166666666666,3556.8166666666666,3570,1.0000898858428122,0.6631834576360836,0.8370995972096034,1.0119852156477402,1.181175538569997,1.317547768013322,0.4001542079263311,0.19349255543279142,0.29017330178912315,0.3981780558683318,0.5094018826819328,0.6136732965456136,0.7294117647058823,0.2649859943977591,0.0257703081232493,3570,1.1944505790085007,0.8226107940728522,1.0159789193335103,1.2066072581236789,1.3965237672211201,1.552297318280711,0.3656442662346535,0.17554174793641142,0.26076234411729227,0.36366749462415904,0.4651728770074971,0.5668626215538115,0.6582633053221288,0.18627450980392157,0.012605042016806723,3570,0.3992966720678684,0.4228700258450977,0.44139918496383335,0.46904098768939634,0.9990120612077416,0.9529661574602847,0.016336098825794704,0.011540324345006472,0.014211280059396075,0.016670042265098946,0.0189200198604896,0.020769070529597575,1.0
2019-09-30,120,2019-04-09,108,3692,3580,0.9696641386782232,-0.0014923504703106814,0.016030487710030447,-0.0009311825152897993,0.012483043667921592,0.9484490971424459,3568.883333333333,3568.883333333333,3580,0.9998488588205727,0.6171614665290682,0.8071942083689992,1.0115796390454626,1.2038662901674222,1.3672744750590224,0.39874312519062793,0.17147470292942532,0.27931804162729873,0.3971297485453341,0.51836918491258,0.6297115323460419,0.7097765363128492,0.2770949720670391,0.0335195530726257,3580,1.2175937096205058,0.7834607827715345,1.0084411852622155,1.2302214666564866,1.444493188407227,1.6205609467752964,0.36612754436645,0.1608546923847376,0.2546834872825824,0.361352082224925,0.47411224369616084,0.5826965655056346,0.6502793296089385,0.2053072625698324,0.01675977653631285,3580,0.3984711179479171,0.4206537488676525,0.4392625096000797,0.4659248154957292,0.9985629800450608,0.9550623795299271,0.016234471022263535,0.010832653919529757,0.013935617820112819,0.016650196661531787,0.019089898209888236,0.021129877714434458,1.0
2019-10-31,120,2019-05-08,108,3707,3594,0.9695171297545184,-0.00019786326307653275,0.013400484112912447,0.0001346866959765466,0.010392273437121641,0.9436588924183476,3584.4583333333335,3584.4583333333335,3594,1.0001154721786458,0.6027197791571439,0.7807005467675496,0.9885893665306156,1.2224839365513513,1.4134385520235484,0.3476469615214866,0.13313436855302566,0.2279708755255232,0.33961510946951196,0.46002393005666786,0.5749368909698838,0.5954368391764051,0.1872565386755704,0.01335559265442404,3594,1.217071021082131,0.7621996234772332,0.9756277969549176,1.2092158812502773,1.4647041239376946,1.6875220223468004,0.3178850700983693,0.12385448146667953,0.20329321132925948,0.3045573079157175,0.42162859405919506,0.5310951032722243,0.5144685587089594,0.1318864774624374,0.009460211463550361,3594,0.3483343959241091,0.37174622465623297,0.3877214039580062,0.4143640087549407,0.99784638458056,0.9521235743476224,0.016116083190294117,0.010169789993928839,0.013437447912721525,0.0164795465082773,0.019244743140704137,0.02160095240495817,0.9994435169727324
2019-11-29,120,2019-06-06,108,3735,3600,0.963855421686747,-0.00021669671541965917,0.012145209370931068,0.000177120983152922,0.009244094921658593,0.9406508506573475,3591.1833333333334,3591.1833333333334,3600,1.0000295087460387,0.5703338747683,0.7563981361815565,0.9837829612406475,1.2251129323064007,1.4716353177577552,0.3251488608846119,0.1096544761422161,0.19597427003919196,0.3150056754321737,0.44339281771993344,0.5520827103329075,0.5388888888888889,0.16,0.009444444444444445,3600,1.2358103423476743,0.7416166250513747,0.9592073128541831,1.2217223073995478,1.4991240529334686,1.7687629409216887,0.2956013834060546,0.105407647818818,0.1756896048220003,0.2845517377755,0.3998054326767287,0.5111175068960365,0.4602777777777778,0.11194444444444444,0.0033333333333333335,3600,0.32638679824125416,0.35142730036298886,0.3675265146322125,0.3925180366111385,0.9968994778209181,0.9484190723791976,0.01599571976350442,0.00948282594146553,0.012884884321673376,0.01636835338843707,0.019482290834166444,0.021825016020111537,0.9994444444444445
2019-12-31,120,2019-07-09,108,3760,3635,0.9667553191489362,0.0002808113926095487,0.01063039291580858,0.000388078444626152,0.007998021518765648,0.9323974258551541,3624.5583333333334,3624.5583333333334,3635,1.0000321591467707,0.5341827776623133,0.7404802088068969,0.9870930608548237,1.236369654090935,1.5031604578069793,0.28450949764838934,0.07977330723483275,0.15498215518120456,0.2714691897149921,0.39818442081549144,0.5160617725065275,0.4393397524071527,0.11279229711141678,0.0038514442916093533,3635,1.2387835800008942,0.7018825565333684,0.954316246615487,1.22204980536244,1.510346817575888,1.7968699238015926,0.256769219750722,0.07189692592948588,0.136728665850606,0.23914996093510157,0.3530470631498108,0.47764739963857417,0.35515818431911966,0.0811554332874828,0.002200825309491059,3635,0.286488543882875,0.3156436984730242,0.33392055445663793,0.3606514901540622,0.9952147170239061,0.9428723239597088,0.015745956524569185,0.008596460532407882,0.012078159937937594,0.016155013993875054,0.019587339370587254,0.022528327563604084,0.9983493810178817
2020-01-23,120,2019-07-31,108,3775,3647,0.9660927152317881,0.0002478747434414255,0.010958362465309136,0.00018060747518330907,0.008649263429250436,0.9422045977853045,3638.5,3638.5,3647,0.9999543886880292,0.5563616171750385,0.7478088064416633,0.9708140052218894,1.2226735120027579,1.4889282530340895,0.2841215429035276,0.08677526876808121,0.15822944340546097,0.2702617917725937,0.3909851353791691,0.5063223603404039,0.4277488346586235,0.10309843707156567,0.004935563476830271,3647,1.1937082669867707,0.6840769662672833,0.9148043516601165,1.1703067075462588,1.4486751120673471,1.734210627181555,0.26111747908655986,0.07481225887603066,0.1412720609155961,0.24343777097144767,0.3581155612452897,0.4785781787675951,0.3646833013435701,0.08554976693172471,0.003290375651220181,3647,0.286169994632688,0.3149041266042591,0.33561297527228406,0.3697302896957532,0.9951503743083926,0.9517714025340902,0.015753121268796282,0.008842579314382449,0.012243347563249313,0.01608029381698447,0.01944572564597085,0.022374818564145797,0.9983548121743899
2020-02-28,120,2019-08-28,108,3796,3657,0.9633825079030558,0.0002323282933623362,0.0151499623388921,0.0001261251139994189,0.012439832250738801,0.9506888737057304,3649.5916666666667,3649.5916666666667,3657,1.0000728771474254,0.6061221023342512,0.8164350788088754,1.001359662036515,1.2120191892961745,1.4123177612012083,0.37293152996769713,0.15438218941652607,0.25712083944989633,0.3727604433307942,0.48859614881275065,0.6014086008159324,0.6633852884878315,0.2321575061525841,0.02433688815969374,3657,1.1579325972117915,0.7562181539430606,0.984586883722058,1.1724646925748334,1.3745116163051834,1.5750685846012173,0.34494117868640095,0.13993373805365708,0.23870267157275282,0.3392813415874294,0.44843012558395046,0.5620606033264453,0.6015859994531036,0.17035821711785618,0.014766201804757998,3657,0.3764503073803503,0.42046992008789447,0.45010056326659487,0.4845463978157618,0.9941852489279275,0.9539448743862857,0.01586008170081877,0.010463077780240908,0.013642499131160633,0.016430293028717083,0.018985991278016538,0.021178780194327198,0.9876948318293683
2020-03-31,120,2019-09-30,108,3809,3668,0.9629824100813862,-0.0002234829845382332,0.016745720614554423,-0.000478726588982445,0.0146608556855234,0.958225839105078,3660.0583333333334,3660.0583333333334,3668,1.000046891929646,0.6283356000145643,0.8204480792058712,1.0055019032021844,1.2140758485946432,1.3981882428204038,0.38758972356378,0.16870461860493138,0.2820007176063063,0.3917616448489983,0.5011846665047219,0.6004577115610782,0.7145583424209379,0.25218102508178847,0.022900763358778626,3668,1.094617327123799,0.7046965304604133,0.9189698657767733,1.1036884727215905,1.3094694644565945,1.5004685312675095,0.36139084659672877,0.1502409507790401,0.25935616424345653,0.36144196719326394,0.46658217003590113,0.5703348831694415,0.6638495092693566,0.18784078516902944,0.011995637949836423,3668,0.3903077519712845,0.4304571223458738,0.4587951744552776,0.4955994750323141,0.9954809979463001,0.9593426066732019,0.01588069478320343,0.010649891900050123,0.013907064299068465,0.016541603240073546,0.018792239375952948,0.02071686564408988,0.985278080697928
2020-04-30,120,2019-11-05,108,3833,3700,0.9653013305504826,-3.6650745706350017e-06,0.017254493940510946,-0.00023919161604793357,0.01497498149906293,0.9540767627729816,3690.65,3690.65,3700,1.000049956244983,0.6284138512136508,0.8102619313107118,1.0025757433237632,1.2094017216091573,1.403072187001447,0.3879632816625219,0.16794514894539328,0.2775478871844622,0.3912235453824634,0.505377974650196,0.6020125979110525,0.7137837837837838,0.2616216216216216,0.022702702702702703,3700,1.099347769958123,0.712332896385636,0.912702734074621,1.1053962081380238,1.3156873128670767,1.5277675921991765,0.35954151442035037,0.14913032846737476,0.2522494902965702,0.36420673208843773,0.46562838757322045,0.5662405782005554,0.6572972972972972,0.1908108108108108,0.01,3700,0.3904391302449921,0.4296420292371743,0.45807976034439574,0.4971315120423583,0.9957123936742944,0.956392963811406,0.015827573773097323,0.010497488127366776,0.0138827553788527,0.016467164525801395,0.018815084210147187,0.020556226319386393,0.9875675675675676
2020-05-29,120,2019-11-29,108,3851,3715,0.9646844975331083,0.0004409031155743811,0.01727544040856333,1.6326999279442368e-05,0.014983191255251842,0.9545586735102956,3705.25,3705.25,3715,1.000045398299593,0.6227137506432305,0.8047574008169869,0.9984305291646581,1.212021310054196,1.4156708763399435,0.3776563377599617,0.1624956833832811,0.2679712562299678,0.3803172950308903,0.494013001749102,0.5864052816724789,0.6861372812920592,0.23795423956931358,0.01588156123822342,3715,1.100633715679737,0.7031236009198162,0.907204218900631,1.0983711440832797,1.3189039029570409,1.5395072261252833,0.35024323897706694,0.14420274002621622,0.24514598618403127,0.3520076701904481,0.4565476593836082,0.5523331230296743,0.6328398384925976,0.17227456258411844,0.008613728129205921,3715,0.3801397400269757,0.41884508602268183,0.4473681768563065,0.4857831222371909,0.9956114727856474,0.9566073823369842,0.015786698911962008,0.010609463146860194,0.013752256688478019,0.016460824899578338,0.01875995847947759,0.020575287118342108,0.9876177658142665
2020-06-30,120,2019-12-27,108,3876,3729,0.9620743034055728,0.0003529883777678639,0.01724303238810317,0.00018201072305013653,0.015059213323124402,0.9549685254632346,3718.8416666666667,3718.8416666666667,3729,1.0000130502564115,0.6209089654943992,0.8063434247983419,0.9974356259823851,1.2132696780336765,1.4157360055014077,0.3645311015249003,0.15303785051580823,0.2546312516393215,0.36359871003794964,0.4818990241536713,0.5738233011047644,0.6580852775543041,0.2164119066773934,0.012335746849021185,3729,1.0934271866016083,0.6998358618921983,0.8965030383380922,1.0889004923287586,1.307048667258332,1.542190334816991,0.3383447237249899,0.13675289338183735,0.2335331465532573,0.33893363079073446,0.44214017728134974,0.5416571413597518,0.5964065433091982,0.15205148833467416,0.0058997050147492625,3729,0.3669752421705864,0.4045433073893504,0.4333174218976776,0.47178856362943433,0.9954921800207946,0.9568767660568032,0.015729602106353515,0.010404914810127132,0.013616436490202631,0.01631211149674984,0.01887399169980262,0.020655070383227322,0.9849825690533656
2020-07-31,120,2020-02-07,108,3922,3752,0.9566547679755227,0.0016875610800327076,0.01661050290943539,0.0013217444194771996,0.015223559907850279,0.9552637122864464,3741.258333333333,3741.258333333333,3752,0.9997710687904179,0.6035252279976063,0.7658600656981661,0.9661153894828454,1.220190644423553,1.4544650691961507,0.32979200622770627,0.13379333771327043,0.21876361195638327,0.3244777012982881,0.4394475927261972,0.5284578280914031,0.5647654584221748,0.14205756929637528,0.0042643923240938165,3752,1.0419460451224423,0.6454309505589143,0.8073030197384714,1.0047018617144934,1.2632788655853555,1.4999250170513465,0.30633808900567994,0.11813341281408644,0.20206216548603034,0.30327510034211225,0.4102557630910804,0.4978912922968658,0.5071961620469083,0.09568230277185501,0.0010660980810234541,3752,0.33101815368818066,0.36556129553755573,0.394099832674091,0.4298697450585325,0.996833898505725,0.9589854475790207,0.015781081583809354,0.010168684502142639,0.013173102227614943,0.016151144545343957,0.018903452800213952,0.02082520548094221,0.9997334754797441
2020-08-31,120,2020-03-09,108,3975,3761,0.9461635220125786,0.0009320463935501279,0.015357572945709656,0.0009304356298658761,0.014573128838529372,0.9555090998474691,3749.625,3749.625,3761,0.9995592492241554,0.6137865970764887,0.7687039836022215,0.9669984310841643,1.2093691761067733,1.4622772880663935,0.3008977880185553,0.11547107305912897,0.19030376210780153,0.29155843092919637,0.4062328005264996,0.4994362620521907,0.48231853230523797,0.0999734113267748,0.0010635469290082426,3761,1.0063745677043094,0.6192035369482105,0.7787642239881395,0.9726942371254768,1.2145706615656273,1.4707427036363185,0.28018869671104857,0.09976248871836978,0.17181265342703966,0.272161096460888,0.37942333858938276,0.4752932644899627,0.4307365062483382,0.07099175751130019,0.0005317734645041213,3761,0.3019312611955151,0.3317789118171473,0.3593941418179893,0.39279789511641716,0.9968948838162142,0.960097475944826,0.015706869404586658,0.009821550441241214,0.012826865179607171,0.016049562700244647,0.01902693174817055,0.021260845796800095,0.9992023398032438
2020-09-30,120,2020-04-09,108,4041,3780,0.9354120267260579,0.0009973278213000162,0.014186718830764564,0.0011812988861334879,0.012930631400301349,0.9283063404928221,3767.508333333333,3767.508333333333,3780,0.9996064101728602,0.5844620459637996,0.7593225961018103,0.9723579500960511,1.221074720432088,1.4575324167631574,0.27016452135043606,0.10478309865206599,0.1734489547867484,0.26120615660028557,0.358882329947531,0.44771194968496003,0.39814814814814814,0.046825396825396826,0.0,3780,1.0177532740661464,0.6173917155978316,0.7958410196530599,0.9931150198355869,1.2258962357508953,1.4612225555429956,0.2397515928355343,0.08784040638006027,0.1494074293820144,0.22896719698617793,0.32263273529393144,0.4057658408613895,0.30423280423280424,0.023544973544973546,0.0,3780,0.27134804416193586,0.30656045436658613,0.3379718333494055,0.37490891864551856,0.9961213002075918,0.9327429576335928,0.015664173780385555,0.00985176332112294,0.012855419721743748,0.015999105130283506,0.0188955662556339,0.02115510861925351,0.9989417989417989
2020-10-30,120,2020-05-06,108,4067,3802,0.9348414064420949,0.0011928618800982618,0.01427021924224104,0.0011485507297441097,0.01318932922084937,0.9393908541717617,3790.5333333333333,3790.5333333333333,3802,0.9997265895060432,0.5780611447387531,0.7655176989117242,0.9762521247033087,1.2166947582886538,1.4640768641859558,0.2778242926665066,0.11171386685947476,0.18149838675738436,0.2704707404230322,0.3702863520080575,0.45360205003818244,0.4168858495528669,0.049184639663335084,0.0002630194634402946,3802,1.0158374573914863,0.6158655344877565,0.7970984312509328,0.9944489122201666,1.2270937795094363,1.4578038051715227,0.25212386135776754,0.09561821654076794,0.15775126696238814,0.24264290316030246,0.33681985337445536,0.42108760277532115,0.3353498158863756,0.030247238295633878,0.0,3802,0.2792481412224768,0.31569928457291624,0.3460518902029997,0.38054713729501416,0.9957962868523565,0.9447887807479365,0.015642830270966183,0.010112556991569743,0.012940165293972832,0.01589102119498628,0.018733944116605207,0.020993100030810747,0.9989479221462388
2020-11-30,120,2020-06-04,108,4087,3828,0.9366283337411304,0.0009348738156568238,0.014132065295803898,0.0011910658192139342,0.013112843903309038,0.9359798282910201,3817.5833333333335,3817.5833333333335,3828,0.9998018624456113,0.5786863708076502,0.7740827845131183,0.9795863860761278,1.210062428626272,1.4562406404954522,0.2755762418893728,0.10914950408026018,0.1797925219321776,0.2663578780274094,0.3640504170131109,0.45113532103376586,0.4043887147335423,0.050156739811912224,0.00026123301985370953,3828,1.0083050042673303,0.6127418298783726,0.7996685642348544,0.9927019450019401,1.2116354217525287,1.4345334306076118,0.24843463200174631,0.09355749194284468,0.15857017261460662,0.23788778281089054,0.3336347384005979,0.4149764876758795,0.32262277951933127,0.031086729362591433,0.0,3828,0.2771786503500975,0.31478694308143956,0.34554215563903756,0.3790481453367758,0.9954877427675894,0.9412825125300129,0.015580224295548147,0.010040139460472029,0.012903491706217598,0.015823846360062246,0.01868145734925558,0.020904381834608448,0.9989550679205852
2020-12-31,120,2020-07-09,108,4140,3879,0.9369565217391305,-0.0005110041984815074,0.014001571315036376,-8.111634735907281e-05,0.012428287728246844,0.935955709421836,3868.008333333333,3868.008333333333,3879,1.0000280989571366,0.557532478899707,0.7543345592475379,0.9816570325862288,1.2132567102126575,1.4740950181492243,0.27229067048571803,0.1007000015164016,0.17098228560582665,0.25904465729122567,0.36674936406260394,0.4595361808173166,0.39597834493426143,0.05955143078112916,0.001288992008249549,3879,1.0542614569418238,0.6037140842360988,0.8063392220427972,1.051156017619976,1.290937891309367,1.527383152147962,0.2432665989159011,0.08590649397604437,0.15176391959777769,0.23576850805821273,0.32810269009235593,0.40797260003058866,0.31245166279969067,0.02474864655839134,0.0,3879,0.27323475922859053,0.3050115828544765,0.3358640358485176,0.37250193668613557,0.9964716256512671,0.9371218543339791,0.015436518054573526,0.009627440137249981,0.012612927845945417,0.015567522935476377,0.018698103873446385,0.021047265369087288,0.9992266047950503
2021-01-29,120,2020-08-06,108,4172,3922,0.9400767018216682,-0.001598771993945923,0.011914080998198667,-0.00022508630866180008,0.010253791453572225,0.8376649726623153,3911.2,3911.2,3922,1.000166722908325,0.5002077109545009,0.7100093947078412,0.9502420176646817,1.227111872798765,1.5672243379411241,0.21538478062546168,0.0628981129312431,0.11752852544820114,0.1972052226129749,0.29956927617531326,0.4008470513146201,0.24910759816420194,0.02422233554309026,0.00025497195308516065,3922,0.9730625580223703,0.45778123478395455,0.6817262487199582,0.9522956015634076,1.250378695939046,1.5101959348988714,0.15232032513850768,0.0401237379665995,0.08408443463736644,0.1438897902528582,0.20879528413470988,0.2678778494465242,0.0563488016318205,0.00407955124936257,0.0,3922,0.21756534318748755,0.2558450355940162,0.2854877713924567,0.32940358168798545,0.9927851913299921,0.8040374942716858,0.015073469439940897,0.00812263825484636,0.011484133204814397,0.015165275632240975,0.018852840596723687,0.022147635044876293,0.998470168281489
2021-02-26,120,2020-08-27,108,4200,3971,0.9454761904761905,-0.0011164357972205153,0.012226543087523488,-1.5375800601619082e-05,0.010399175414272013,0.75790663309654,3960.6666666666665,3960.6666666666665,3971,1.0001741880695956,0.489299161783892,0.7111910100201788,0.9568683388936777,1.237741526404656,1.5686165707115278,0.2239808942485727,0.05547209397617987,0.12032872761986413,0.20770857006852614,0.31037928217558597,0.4182777338259357,0.26769075799546715,0.03651473180559053,0.0,3971,0.8907509204289885,0.4051076472321085,0.6112571790156403,0.8576864705627746,1.1511988006126117,1.4279210105608682,0.12932322711984304,0.030859351949717218,0.06692163117605819,0.11990430395896044,0.1776402532294231,0.23891336484087855,0.03122639133719466,0.0017627801561319568,0.0,3971,0.22678920366995697,0.26682473263400586,0.29722796849665506,0.3408756952728482,0.9914040898677796,0.7028867807658984,0.014874921597135165,0.007397365406677331,0.011119205579096967,0.015227588237470389,0.01876460578019927,0.021985939094913802,0.9962226139511458
2021-03-31,120,2020-09-29,108,4234,4028,0.9513462446858763,-0.000497780880251474,0.0116920972108361,0.00011653555345983944,0.011116641797515503,0.741369520841517,4019.125,4019.125,4028,0.9999480714383877,0.520392115066161,0.7371878944156829,0.9749682872715864,1.2540897444185415,1.50015686433107,0.21235770014978106,0.05673228657177733,0.11440377805437196,0.19859869293484655,0.29102820287997666,0.39353969130307315,0.23386295928500497,0.026067527308838132,0.0,4028,0.7793139644195997,0.33607395064584616,0.5031834121059917,0.71653057756716,1.0020217189976868,1.3273436318241791,0.11405007665188974,0.023312272357061063,0.05753248495555521,0.10113312964684401,0.1573296606613424,0.21727185018305029,0.030784508440913606,0.0004965243296921549,0.0,4028,0.2163437420374573,0.25892217556193164,0.28794310328417383,0.3275915181633293,0.9876077752652986,0.6577739326290595,0.014741922738527915,0.00727183541452991,0.010967612810964863,0.015014262410818756,0.018673860547479285,0.0219311822188039,0.9955312810327706
2021-04-30,120,2020-11-05,108,4287,4055,0.9458829017961278,-0.0006995822189935359,0.01086143800796313,-8.712826088886853e-05,0.010670445214793855,0.6922700714459324,4045.891666666667,4045.891666666667,4055,1.0000426455642133,0.50173242522866,0.7228352196174145,0.9813419772631339,1.2660537959995608,1.5164279653427293,0.18789030525337982,0.044468548849877006,0.09590682031348718,0.17023933545787132,0.25887059056742434,0.35962151604993575,0.17311960542540075,0.013810110974106041,0.0,4055,0.7042968117744792,0.24910829477890115,0.4181492136267459,0.6245531413405588,0.9229960846450028,1.2750142223488423,0.09091890380785492,0.012570208546123932,0.03536768384055358,0.07326512812513551,0.12542835836000626,0.19328366851689163,0.02367447595561036,0.0004932182490752158,0.0,4055,0.1920325955523076,0.23608384572234328,0.26588747277544383,0.3054183602891924,0.9851124086494016,0.5885947601001255,0.014544780300301397,0.006672207439109815,0.010673213634901969,0.014666979392519104,0.018569207131388876,0.022417530007394142,0.9921085080147966
2021-05-31,120,2020-12-01,108,4325,4085,0.9445086705202312,-0.000279202966003708,0.010645476732771992,0.00014008667669796452,0.010619332161733084,0.662864833592628,4073.5833333333335,4073.5833333333335,4085,1.000043377678479,0.4898406393297958,0.7197154674486889,0.988879680936664,1.269630668466048,1.5353908270926562,0.1796265590058881,0.04212618412614843,0.08878490269942967,0.15869178345477447,0.2504905433810786,0.3511852077603231,0.16034271725826194,0.014443084455324358,0.0,4085,0.6641443239317955,0.21183640096736414,0.3705455557929214,0.5747694464650024,0.8910225061766782,1.252683933819585,0.08200751435890519,0.008446990687290946,0.026496243269704536,0.06156053246446941,0.11346872443408475,0.18133359550842984,0.02276621787025704,0.0002447980416156671,0.0,4085,0.1842197110144893,0.22963297229249124,0.2601904368695703,0.3000563475988876,0.9826739854800526,0.546168184414429,0.014379214304875439,0.006318601896105064,0.010288725791586866,0.014442170678978319,0.01868094406438165,0.022591433698681832,0.9892288861689107
2021-06-30,120,2020-12-30,108,4373,4120,0.9421449805625429,0.0004949747257428617,0.010083660780549564,0.0002830353416005416,0.010406263696161565,0.641582911745193,4109.25,4109.25,4120,1.0000514891861834,0.46497035772151224,0.7123993450538615,0.98441794154777,1.2784602365785465,1.5473356968690024,0.15914719792532306,0.03494271564652892,0.07878748325925125,0.1414325452553255,0.22116864492570357,0.31029220323229595,0.1104368932038835,0.0036407766990291263,0.0,4120,0.6213367314799219,0.13889462827764498,0.30830132791401826,0.520156390097942,0.8615620754540192,1.271310293048096,0.07232565965656919,0.0045268320129140775,0.018455674492130855,0.04854798856579101,0.09970367366367627,0.17366500588691572,0.02111650485436893,0.0004854368932038835,0.0,4120,0.16316187746008057,0.21024580271741072,0.2397500542306981,0.2786046848547729,0.9822095736791211,0.5185975096213284,0.014320513038932184,0.006297384523124116,0.010293330391133584,0.014524255686908813,0.018534796191458154,0.02231107717226018,0.9856796116504855
2021-07-30,120,2021-02-01,108,4416,4163,0.9427083333333334,0.0008485806134100339,0.009882495380195594,-0.00031424945318181326,0.0105085327783907,0.7115102573935264,4152.025,4152.025,4163,1.0001521460863565,0.47118809929752153,0.6887164023044351,0.9674404294663979,1.2893916409984878,1.5742854015837051,0.15051074872773762,0.03677838144381851,0.07700557667051228,0.13639982474306206,0.2090174497549262,0.28416835133060175,0.08239250540475619,0.000720634158059092,0.0,4163,0.6688195923190574,0.21649625724116828,0.3742023132504666,0.5861289944588715,0.8896885356048247,1.25841654965948,0.08057092772071775,0.009364477285366227,0.028452628298237817,0.06266168058967896,0.10957757284881942,0.17531570710957797,0.015133317319240933,0.00048042277203939464,0.0,4163,0.15306136827509184,0.19509404472732483,0.22458168317863006,0.26803363764774085,0.9879873361518885,0.6301652179166366,0.014430652060816255,0.006869652292392737,0.01073653343666493,0.014632259493522797,0.0184436607541946,0.02159683007711157,0.994475138121547
2021-08-31,120,2021-03-10,108,4455,4196,0.9418630751964086,0.001170152389219164,0.008949976276532282,0.0003750467738879779,0.009399308754176014,0.7899585882309568,4185.6,4185.6,4196,1.0000316424910782,0.4519138305014661,0.6708517960272836,0.962309278996108,1.2984487182598763,1.6082202523812112,0.12467397132002657,0.03147458446248924,0.0643365388304928,0.11136618845518281,0.17081255765676875,0.23453334895660824,0.03670162059103908,0.00023832221163012392,0.0,4196,0.7522624643828656,0.2693757738914447,0.4428312778655117,0.6860175308462491,1.0034811843993683,1.3327003194602793,0.07997438575887418,0.012088514530946438,0.0341527786707824,0.06783795472522852,0.11126278228058092,0.16028879833093523,0.006434699714013346,0.00023832221163012392,0.0,4196,0.12715846370711803,0.16741092969622812,0.20356230355991076,0.24672515363099057,0.9858566263194285,0.7313729345130177,0.01438259747886519,0.007146370674530256,0.010670223384634999,0.014433472149557907,0.0181812213295377,0.021565569027582124,0.9938036224976168
2021-09-30,120,2021-04-08,108,4494,4249,0.9454828660436138,0.0005482757719011184,0.009818035493032813,5.849281279233371e-06,0.009190307707149344,0.8082678341516777,4237.866666666667,4237.866666666667,4249,0.999969583236732,0.4541092291316671,0.6737196403741212,0.9650067309583361,1.2980697588582633,1.6075259648489715,0.1399208459012663,0.030675926109007184,0.06951499334358313,0.1286132429774053,0.19282205869265595,0.26559707799700455,0.05860202400564839,0.0004706989879971758,0.0,4249,0.863327694666901,0.37184510749226796,0.5652724157693126,0.8087007524056947,1.11690297177481,1.4446079098489413,0.09027033559436891,0.020457590428069192,0.04639957381094491,0.0822992215641394,0.12488731088801058,0.1679195413375163,0.0035302424099788185,0.0002353494939985879,0.0,4249,0.14407492868859448,0.18793296275170338,0.23015540812197754,0.2711581127541369,0.9791696883286336,0.7378083680919829,0.014162301603269332,0.006323306804162726,0.010280519923250188,0.014390157591773391,0.018164022506992644,0.021660035443871687,0.9912920687220522
2021-10-29,120,2021-04-30,108,4525,4289,0.9478453038674033,0.00045839960371863787,0.01009261459965371,-8.751494232621278e-05,0.009154193315272771,0.8212591710455429,4278.725,4278.725,4289,0.9999266592422142,0.46212060772536145,0.6786774979589445,0.9631906683990568,1.2937493554584776,1.5935446098948136,0.1471854166478953,0.03149515463172869,0.07089169011783446,0.1336891064169573,0.20374090543327236,0.2807450911951002,0.0799720214502215,0.0013989274889251574,0.0,4289,0.9053873806679055,0.4112177099267267,0.61087335657356,0.861213836847622,1.160616030557844,1.4679691112555082,0.09689426376478882,0.02402530295299948,0.05168837032310635,0.09012992249771716,0.13299159065493876,0.17751621676078544,0.003963627885287946,0.00023315458148752622,0.0,4289,0.15175481361737825,0.19967468086478254,0.24207030950233221,0.282095197034056,0.979177561258097,0.7535244626325925,0.01409230558778607,0.00633779122857505,0.01011603710277076,0.014245839210187194,0.018037797093178067,0.021747040424359026,0.991140125903474
2021-11-30,120,2021-06-04,108,4558,4340,0.9521720052654673,0.0007794893679438336,0.010283028954526758,-0.0002082196561755828,0.008845346743926752,0.8404166518477512,4331.266666666666,4331.266666666666,4340,0.9999305803909115,0.4486274380319944,0.6835385666476373,0.9685055000961449,1.300411788121181,1.6018680982418885,0.15360048501024745,0.032282689232111784,0.07445245700602814,0.13953372150449683,0.21362060925002538,0.29791808235122297,0.09746543778801843,0.0034562211981566822,0.0,4340,0.9769029403381537,0.4686204279561055,0.6590919708242329,0.924879901013667,1.249119029744042,1.5714207365009278,0.1041137337409553,0.027284469825638896,0.05592578371143297,0.09739151668289542,0.14209937222385455,0.19009765419264182,0.004377880184331797,0.0002304147465437788,0.0,4340,0.1588449600970781,0.20834970540993403,0.25010871304731563,0.29001563755740106,0.9776069672360458,0.7776723923954579,0.014007280039523406,0.006394899718173431,0.009984487093883262,0.014034834227127898,0.017959983630114362,0.021744042715779514,0.9940092165898617
2021-12-31,120,2021-07-08,108,4603,4390,0.9537258309797958,0.0007528358754610574,0.010451198770121076,-0.0001939580061857985,0.008753610516229549,0.8466997341022436,4382.325,4382.325,4390,0.9998538691949345,0.4454225315079472,0.6778086722814582,0.9793908986658078,1.2958113408466212,1.6004408736789233,0.15598055644296735,0.03180205791698223,0.07455161014555914,0.13773145562363798,0.21629339999621433,0.30362400116965943,0.10455580865603645,0.005011389521640091,0.0,4390,1.0107464328307463,0.4687263663035333,0.680479803102312,0.964915771794497,1.297511853901796,1.6219273733211057,0.10738822652110883,0.02645803757232005,0.057376287013395144,0.10016031351630446,0.14738308265611993,0.1965146319941063,0.007289293849658315,0.00022779043280182233,0.0,4390,0.1606053860905214,0.21393881994911604,0.25468812168514254,0.294353759290667,0.9802738738669846,0.7874581958294232,0.013930346587157342,0.006314140188821153,0.009915453427944636,0.01392423929345884,0.017847888835925495,0.021548485515503323,0.9938496583143508
2022-01-28,120,2021-08-04,108,4632,4433,0.9570379965457686,-9.232059231215898e-05,0.011378099543647302,-0.0007654146040295285,0.008467650022809133,0.8394026598861611,4425.216666666666,4425.216666666666,4433,0.9999424298399716,0.4680786982034193,0.7254393779550345,1.0058721729085351,1.2763101232775527,1.5105725479933296,0.17991209137168182,0.042662626523929194,0.09294715811517493,0.16225977772831954,0.2476137981126795,0.3442982188234758,0.15316941123392736,0.012858109632303182,0.0,4433,1.1277883538556888,0.5574557913708651,0.7879401168737882,1.100854457564534,1.4375600930825032,1.7481502632620118,0.12154340680748503,0.03422414053781933,0.06765163406211065,0.1145750536594946,0.16502165009522185,0.21708468272887632,0.015339499210466952,0.00022558087074216106,0.0,4433,0.18428561366466584,0.23470195678466513,0.2782648636633671,0.32019496208426457,0.9838863830614433,0.780379142969259,0.013935229647855978,0.006521120349909446,0.010027298724397069,0.013911139858033696,0.017750554934304982,0.021381158657430947,0.9957139634558989
2022-02-28,120,2021-08-26,108,4647,4458,0.9593285990961911,-0.00013143521666171825,0.011592611957097248,-0.0007260105152699493,0.008430902708735989,0.8352075213868189,4450.266666666666,4450.266666666666,4458,0.9999474622200804,0.4933486931728394,0.7508047508803366,1.01090615024206,1.269741608370998,1.4729431711358165,0.1899833158850645,0.045535279361690516,0.09905213719028066,0.1703091644912436,0.2626103869582527,0.36021754726969896,0.17698519515477792,0.014804845222072678,0.0,4458,1.1483892419387627,0.5983734868269297,0.8335541276756973,1.121553921776187,1.4466491153559624,1.7412933683366822,0.128942355830445,0.03702674447374583,0.06993531696005426,0.11912623896071846,0.17484554164935875,0.2334773638186777,0.023777478689995513,0.0,0.0,4458,0.19374265740807123,0.24529610063958046,0.29133010802565246,0.33536004807384756,0.9865900499681247,0.7830411688438567,0.013936274326801036,0.006626941235105864,0.010254960669002527,0.014048425638405216,0.017781423325107654,0.021104903723192944,0.9930462090623599
2022-03-31,120,2021-09-30,108,4681,4501,0.9615466780602435,-0.00013585880767738763,0.013216263819201794,-0.0010582597883627297,0.010823156942952761,0.885914606418853,4493.391666666666,4493.391666666666,4501,0.9999902426052496,0.6230803805083146,0.8059647220566829,1.007181466783124,1.1987089251199423,1.3648317124564484,0.24309334428858767,0.08641536781447419,0.1437073139320214,0.22677445766755627,0.3272924317278803,0.42874071640137934,0.30171073094867806,0.045545434347922686,0.00022217285047767163,4501,1.0816322901994149,0.6921519700109554,0.8730603366842106,1.082772876735228,1.296326275841,1.4875425389532213,0.19217554261311492,0.06534097493971819,0.11811211565622086,0.18349234047683535,0.2573067125544553,0.3281568137395569,0.15152188402577205,0.004221284159075761,0.0,4501,0.24570619835523452,0.29640128902246027,0.32966331289877226,0.37753893142867206,0.9928705481627993,0.8679124025632661,0.01422581370696894,0.008463106262366633,0.011186579929121324,0.01428478563322443,0.01741964035312019,0.020030852398976767,0.9991113085980893
2022-04-29,120,2021-11-03,108,4714,4532,0.9613915994908783,-0.001514584395803218,0.016648077621428673,-0.0017860647845756089,0.013088355250696791,0.9096641576552934,4523.416666666667,4523.416666666667,4532,0.9997940697487471,0.6266710340947319,0.8222601092172828,1.0210285317305905,1.1961969884269221,1.3291322636912553,0.3217010494390444,0.12342360363892854,0.20713178063059662,0.31469148515718565,0.4229143917276155,0.5354729581655894,0.5408208296557812,0.13768755516328332,0.009046778464254192,4532,1.1565824330420722,0.7432790834432278,0.9626762171406962,1.17120834471768,1.3752324641376004,1.5491575919357352,0.27055394037503167,0.10067447905771797,0.1748077833706605,0.26779224519909217,0.3594381352180641,0.4481453071364698,0.4093115622241836,0.0410414827890556,0.0,4532,0.3223682979906827,0.36854404490351717,0.39909778744348434,0.43932821593487065,0.9978745904353543,0.9072770671967099,0.014337457036076879,0.009101964441677388,0.011828411938270745,0.01465267795064012,0.01708342145280574,0.019248023288590866,0.9997793468667255
2022-05-31,120,2021-11-30,108,4724,4521,0.9570279424216765,-0.001418180942162685,0.017370672719843036,-0.0016139552737658995,0.013609809186181373,0.909039684934771,4511.116666666667,4511.116666666667,4521,0.9998180955485664,0.6535445756767526,0.8385369116418048,1.0245935366522474,1.182315832885577,1.3097436247134324,0.3434792870065669,0.13620043477687374,0.2235357382258046,0.3352734247318198,0.45368829690254564,0.563158131040993,0.5863746958637469,0.17695200176952003,0.012607830126078301,4521,1.1598816838190762,0.7778869999857801,0.9739411715682176,1.1736471805350677,1.3641652543843097,1.5266947540167315,0.28966718566512234,0.1078076532757574,0.18373482761247023,0.28578564486079505,0.38721093677895707,0.4716347363198959,0.46339305463393055,0.0701172307011723,0.00022119000221190003,4521,0.34378104689822353,0.38900256012220547,0.41878113619845375,0.4562615981263784,0.998609652612329,0.9095936483696531,0.014386359365973688,0.009256236297662599,0.01190538047803239,0.014674475506345996,0.017120981950274162,0.01912342486185171,1.0
2022-06-30,120,2021-12-29,108,4719,4555,0.9652468743377834,-0.0009447652410200733,0.017662313823947774,-0.0009802158630337046,0.013835341018278827,0.9126166446305486,4545.633333333333,4545.633333333333,4555,0.9997552014545219,0.6478874255480828,0.8325864383170605,1.0192648948026966,1.1877765823058541,1.315786100796747,0.3522298535202023,0.1382836457059964,0.22958527694725955,0.3434071307730068,0.4688542941598863,0.5761124765554417,0.5982436882546652,0.2035126234906696,0.019978046103183315,4555,1.164662601947727,0.7681032529745773,0.9725542227502277,1.177940160974652,1.3685149135101475,1.542089682158356,0.2985534182554763,0.11504512203388684,0.18956218343443337,0.29509192155930863,0.4000943957739588,0.49105434193072106,0.48649835345773873,0.08737650933040615,0.0008781558726673985,4555,0.35250574280013,0.3985898067489939,0.4279895032831462,0.46583861238841706,0.9987445565343955,0.9128980316385225,0.01432147452292926,0.009197921574363095,0.01187229286983205,0.014639312594235551,0.017152942116612134,0.01901156157256027,0.9997804610318332
2022-07-29,120,2022-01-28,108,4740,4585,0.9672995780590717,8.487944361081044e-05,0.016961448203163594,-0.000531769125541002,0.013501582523567686,0.9201939561314965,4576.241666666667,4576.241666666667,4585,0.9997350614968755,0.6461750928545485,0.8349442755054026,1.0249131287036195,1.186506922046346,1.3128431258200597,0.3385744337882438,0.13262030380947948,0.21770697209366954,0.32907013226159626,0.4523030790632613,0.5580018138744831,0.5690294438386041,0.16968375136314068,0.014612868047982551,4585,1.1555954911913646,0.7641193493249315,0.9653469111265595,1.1721720629991312,1.3609583280960202,1.5307254454796955,0.29035837255446134,0.11058193612977354,0.18433458951008092,0.2849624011312523,0.3889077827442639,0.4772387522136594,0.4604143947655398,0.07437295528898583,0.0006543075245365322,4585,0.3388576895721577,0.3843964540367395,0.41127572587533273,0.45093911807309395,0.998783726926394,0.9192229385436806,0.014254544888478589,0.009136007944650776,0.011768688325859342,0.014539837755749544,0.017092514146312666,0.01899730192699604,0.9993456924754635
2022-08-31,120,2022-03-09,108,4787,4615,0.9640693545017757,-0.00025848569374730784,0.017057627579485153,-0.0003881945813881611,0.013273679884168655,0.923757951587444,4605.825,4605.825,4615,0.9998217241462976,0.6281942788125194,0.8221604986608488,1.0250304285141292,1.1909612269437326,1.3417820824617508,0.3340737304971416,0.131204708847287,0.21756737631950482,0.32823390457201274,0.4388056280570535,0.545036984270961,0.5640303358613218,0.1553629469122427,0.013217768147345613,4615,1.186960482003924,0.7690977313239353,0.989047555440899,1.204618141364979,1.4012870062972005,1.575940991202368,0.2899539230967994,0.11036609972152461,0.18719054778361138,0.2854539494537364,0.38534971019800995,0.47731715595470814,0.457204767063922,0.07843986998916576,0.00021668472372697725,4615,0.33430253014602157,0.3785923318519041,0.40353005784475465,0.4464925580103732,0.9985990068262679,0.9250952903132128,0.014216964828330436,0.00912890617016898,0.011844757431207506,0.01456058015270105,0.01690736367862576,0.018877033937527467,0.999566630552546
2022-09-30,120,2022-04-11,108,4829,4652,0.9633464485400705,-0.0007475441241077593,0.016422788663925516,-0.0007657595424569155,0.012021541171772392,0.9203542858189019,4642.858333333334,4642.858333333334,4652,0.9997053086468574,0.5795357919615076,0.8003953291094958,1.0301946107829187,1.215314344198179,1.371420850442378,0.32899677240413666,0.12167695391585495,0.21102618762569697,0.31816421871779277,0.4396339452971008,0.5458244348770628,0.5447119518486673,0.16014617368873602,0.016122098022355976,4652,1.2570406784248325,0.7856038828836279,1.0282339248168781,1.2770751633635784,1.502135399711835,1.6989372681192156,0.28288763492190305,0.10815014455262252,0.1806539206194685,0.2746703009601762,0.37919531009486757,0.46956823554439603,0.4327171109200344,0.06749785038693035,0.0,4652,0.32955522844337365,0.37830214213011853,0.4054327249546866,0.4478458549710698,0.9980921709646113,0.9199951095861112,0.014102363084765979,0.008918608677333828,0.011636842289491562,0.014360895690075292,0.016991219412273877,0.019007651135786223,0.9989251934651763
2022-10-31,120,2022-05-06,108,4853,4667,0.9616731918400989,0.0005743091774862853,0.013501120651597157,-0.00041506551278005697,0.010124062583077385,0.8968306424665556,4659.825,4659.825,4667,0.9999161159682349,0.5817047690231051,0.7851815272966503,1.0104495147550363,1.2164642579154261,1.400497791182205,0.2676451613423008,0.0913458476976065,0.15748079565110168,0.2504244915054137,0.35893599678949767,0.4660934996588327,0.3777587315191772,0.07070923505463896,0.0036425969573601886,4667,1.1960356771338083,0.7664766693055676,0.9645798773603766,1.18850067477855,1.4198568008506272,1.6389226284676617,0.2192155071278776,0.07809291661488374,0.13206517234766768,0.2037417320439338,0.2983272173290794,0.38064688172017724,0.2468395114634669,0.012427683736875937,0.0,4667,0.2695631760681035,0.32714764219902037,0.36206610228668235,0.40635037387183387,0.995116744642699,0.8910623918193261,0.013993767642706314,0.008458489946149426,0.01114991391309179,0.014109877811651779,0.017049397008542272,0.019542048262397287,0.9987143775444611
2022-11-30,120,2022-06-08,108,4877,4692,0.9620668443715399,0.00023653261722654818,0.012921143009988013,-0.0003497236982277701,0.010187922059689668,0.890738887734864,4685.591666666666,4685.591666666666,4692,0.9999000162840902,0.573083831104591,0.777161776079043,1.001799854661912,1.2208044253821912,1.4294373877995958,0.25669045380516214,0.08661463455219026,0.14968873439980404,0.24046925102747796,0.3440518252967228,0.4487369229914036,0.34931798806479114,0.05733162830349531,0.0019181585677749361,4692,1.1296724523913,0.7045627881710564,0.9026309743317786,1.1162016593421609,1.3529113851925307,1.586845049225667,0.21086542642659648,0.06770263439233251,0.12144864291986725,0.1972461200370531,0.2902522160926914,0.3714084234117397,0.22826086956521738,0.012148337595907928,0.0,4692,0.25898119876310655,0.3223884295806497,0.36258024475529904,0.4086733204656595,0.9939184768576184,0.8900623869128872,0.013954914682733497,0.008380360736304975,0.01101899699738267,0.014041160053192553,0.01694438639275797,0.019499637804831733,0.9993606138107417
2022-12-30,120,2022-07-08,108,4905,4729,0.964118246687054,-0.0004451896822517809,0.01259932799247399,-0.0009283306292623398,0.00977526985416629,0.8860338401810891,4722.416666666667,4722.416666666667,4729,0.9999167267883576,0.5896373792113345,0.7875003760958458,1.0052308826582772,1.2174109013137726,1.4054629186663825,0.2573117798636476,0.08418915472306507,0.14458944557370187,0.24070062618978275,0.3494207098037512,0.45575537818903866,0.35314019877352504,0.06639881581729752,0.002748995559314866,4729,1.1419165028051532,0.7330527231783055,0.9335258234697836,1.143093535456934,1.3554103977112344,1.5592041196292175,0.21196542919681388,0.06347844922036773,0.11686531762932943,0.19336686003786946,0.2947069527956014,0.38514883784113363,0.23958553605413407,0.020511736096426307,0.0,4729,0.2594317343560199,0.3281111988091869,0.36821117275981935,0.4142252766533701,0.9943199846947941,0.8907855189890651,0.013868871975562136,0.008168202537828765,0.010782310196155893,0.013966340381261766,0.016977073477186383,0.01953087992943982,0.9995770776062592
2023-01-31,120,2022-08-01,108,4911,4754,0.9680309509264915,-8.937818031620707e-05,0.012323622247252667,-0.00022040580950810415,0.009632698574229182,0.8830970668411237,4747.25,4747.25,4754,1.000039808836027,0.5724306777885142,0.7748221850012659,1.0038651120994764,1.2249906624209999,1.4141623117371684,0.2621384340422308,0.08080973485576608,0.14263191755210697,0.24278627884511722,0.3608686704945049,0.4776650967344754,0.3594867480016828,0.08098443416070678,0.0039966344131257886,4754,1.1296414188234265,0.712303001272771,0.9161503202659232,1.1230637790242457,1.3480616103187244,1.5639039445479344,0.21354281670749772,0.0611663666152033,0.11540370671069035,0.19522985298694956,0.29426073424115284,0.3971319181378322,0.23748422381152715,0.022086663862010938,0.0,4754,0.2638425962863866,0.33160965596611025,0.3720740504585658,0.41834609487159663,0.9954742543796312,0.8855540998956357,0.013786665739355329,0.0079014704614866,0.01065297644238749,0.01391184351348745,0.0169951315900079,0.019623234750327314,0.998948254101809
2023-02-28,120,2022-08-29,108,4925,4794,0.9734010152284264,0.00026805355577353443,0.011587105223561704,-0.00011680218246744931,0.009314367623608375,0.8746633707602316,4786.825,4786.825,4794,0.9999324579612354,0.5717157038666438,0.7758124248853052,1.0037569111454046,1.2269656424385373,1.4206511488337645,0.25931549867655485,0.0745010181791488,0.138472949234455,0.23707788209821135,0.35389878765614224,0.47966439801855265,0.3544013350020859,0.08677513558614935,0.006049228201919066,4794,1.0878878665060883,0.6708968763266541,0.8719643883774744,1.0754426623926774,1.304028276069951,1.5288721416550164,0.20657879596963044,0.05638546770774468,0.10667814283128121,0.18648488972331317,0.2880343960581404,0.39030941454502294,0.22799332498957028,0.023153942428035045,0.0,4794,0.26095562580433296,0.3226241867199115,0.3650543385753712,0.4141947747583828,0.9958989182123615,0.8738375255471912,0.013673263086144423,0.007549714856817052,0.01041624696321667,0.013814632632863881,0.016930336348152854,0.01980561476663081,0.9983312473925741
2023-03-31,120,2022-09-30,108,4947,4833,0.9769557307459066,0.0010161737420645947,0.010287982041028947,0.0004913535802221532,0.008828447174045812,0.8610410226425678,4826.575,4826.575,4833,0.99990088753006,0.5702279213622856,0.7745997773210415,0.9964092378314235,1.2259409098261886,1.4366084633475737,0.2251132347382101,0.06503551356026119,0.11945633268192642,0.20443498172393218,0.30471480508968946,0.42149788992528237,0.260707635009311,0.046761845644527206,0.0008276432857438444,4833,1.0031137854005092,0.5911082524687709,0.7864839249829408,0.9883016677843672,1.2120327546201195,1.4328219744702344,0.1769923897932493,0.04417364847099418,0.08717467540620175,0.15701228039974802,0.247063286813366,0.33925188086105224,0.15394165114835506,0.010552451893234015,0.0,4833,0.22709078905530258,0.2830609449216853,0.3255043426894002,0.376556256549397,0.9944242081146648,0.8642007480540237,0.013586963946896617,0.007508039055283978,0.010259901523453935,0.013610295759829362,0.01678802059468483,0.019851877529735756,0.9981378026070763
2023-04-28,120,2022-11-03,108,4973,4862,0.9776794691333199,0.00025076643197071075,0.009126257127523298,0.0005303958052083902,0.007770261335728071,0.8215597494993572,4855.083333333333,4855.083333333333,4862,0.9998497276620424,0.48231000521563383,0.717811670467714,0.974523052904538,1.262861780187023,1.5434486821298985,0.1893788559017966,0.040546348112245334,0.08701490008384927,0.1682682068302772,0.2677739226997121,0.37420055491040904,0.19457013574660634,0.023447141094199916,0.0,4862,0.9648889377529617,0.5020200870833712,0.7092101065327674,0.9368823664130788,1.2043757848776395,1.4729240343852852,0.1376812748314734,0.02363945580322128,0.05927472481075446,0.11884377599962773,0.19368756384959224,0.2699016475313817,0.06972439325380501,0.00658165364047717,0.0,4862,0.19172870936464392,0.2453619705763396,0.2897111027539767,0.34845716283080286,0.9923231141937882,0.8185399548333157,0.013303616459207017,0.006336036545174567,0.009483897419663396,0.013415066577302515,0.017094713362344274,0.02035229546681964,0.9940353763883175
2023-05-31,120,2022-12-01,108,4995,4856,0.9721721721721722,-7.759665654321716e-06,0.008872641864292279,-5.760142037605862e-05,0.007544570209876759,0.8070338125695538,4848.808333333333,4848.808333333333,4856,0.9998008304580899,0.4681361185429508,0.7035371219152756,0.979807539412152,1.2779513337325106,1.5665831194941735,0.18366906517782505,0.03668027406114162,0.08344632567356774,0.15844563115483468,0.2586997031111401,0.3708952551361881,0.18430807248764416,0.02059308072487644,0.0,4856,0.9488336932514482,0.5016058470124158,0.6964203782327043,0.9139984663971964,1.1867826600026163,1.455186330690693,0.12542477072493535,0.02472325538135231,0.05712402825305972,0.10912200133445948,0.17537379352717747,0.24445743199655967,0.04942339373970346,0.002883031301482702,0.0,4856,0.18635543729546258,0.237599358495172,0.2824020211564201,0.33853038064091584,0.9910932693085983,0.7868399070448886,0.013233563908197117,0.006070973479720547,0.00940502790514465,0.013216757573740363,0.01708210189704322,0.020573503124743514,0.9923805601317958
2023-06-30,120,2022-12-29,108,5019,4858,0.9679218967921897,0.0006025993238027097,0.008956271793558295,0.00021417003521805427,0.007561319184350888,0.8263890640464522,4851.816666666667,4851.816666666667,4858,0.9998737179241982,0.4545603084922412,0.693795013683193,0.9725933953017021,1.2583444139899715,1.5967906552371793,0.18531200891588281,0.03908006189583659,0.08921908209055432,0.16375302074990844,0.2595441619549975,0.3605578276971192,0.18032111980238782,0.017908604363935775,0.0,4858,0.9785712082432433,0.5034487657218223,0.6932184375414392,0.9323219177878768,1.2150041283557773,1.5451165425085247,0.13067743996934747,0.028140203112644865,0.06307724204871976,0.11646963801712804,0.18246090106321777,0.24890716106066813,0.04899135446685879,0.003087690407575134,0.0,4858,0.1884237413048253,0.23955957709579484,0.2833262737698768,0.3343999681041861,0.9893701177811567,0.8064150874492095,0.013324095613943184,0.0063717163872055674,0.009688389864876875,0.013351216054040826,0.01704606856619225,0.020275572964328338,0.9946480032935364
2023-07-31,120,2023-02-06,108,5030,4876,0.9693836978131213,-0.00016089790663476795,0.008759231789831809,-0.00012561832261794628,0.007889463293010502,0.830280473800272,4869.766666666666,4869.766666666666,4876,0.9998786780786191,0.45298459270079394,0.695135076136357,0.964817505638492,1.2717249442941057,1.611483635106171,0.1786231856807391,0.03832808887301237,0.08642806444415381,0.15759833502434592,0.2518627684078193,0.3506434732373295,0.16345365053322394,0.013330598851517637,0.0,4876,0.9215470074828672,0.44343189140387607,0.641818826897601,0.8670275258941591,1.1663559519730144,1.4734869048071548,0.1299876778869528,0.023776003305667506,0.05702964583935287,0.11236295058242712,0.18377598777598253,0.2562852497210535,0.052502050861361775,0.0047169811320754715,0.0,4876,0.18244021801357002,0.2361873016453199,0.2811532590858161,0.3321166972925653,0.9859420351387872,0.8171064924538232,0.013300124491923651,0.006480936689230214,0.009749977065555148,0.01332352399082432,0.016991000842105967,0.020210801614445734,0.9940525020508614
2023-08-31,120,2023-03-09,108,5050,4897,0.9697029702970297,-0.0005585335483884556,0.009202975001759336,-0.0005350032013715023,0.007993028819989926,0.831152684589205,4891.383333333333,4891.383333333333,4897,0.999847684178486,0.4370455211499384,0.6839222738710787,0.9637521169931753,1.2875487427834962,1.6202465974831637,0.18258153700618632,0.040530327485796006,0.09042163500471191,0.16155588302593196,0.2562051132060545,0.3533398420122991,0.1674494588523586,0.014090259342454564,0.0,4897,0.9567456600092754,0.45943126830489245,0.6668931529905039,0.9189682507684516,1.2043237574538748,1.5129368351260244,0.13290934434904597,0.028018225255899556,0.06363872937441466,0.1192623958663285,0.18662404567398896,0.25510722467223096,0.050643250969981624,0.0008168266285480906,0.0,4897,0.18571490728893233,0.24214735118268332,0.2891519896742291,0.34055060110848817,0.988482659307265,0.8186385047404463,0.013331270429826793,0.00675082255057799,0.009890170295938803,0.013306886879233027,0.016930523380795457,0.01998438995470341,0.9936695936287523
2023-09-28,120,2023-04-07,108,5065,4929,0.9731490621915103,-0.0005101522218981656,0.009289149104759756,-0.0006878663565337931,0.007977058118457937,0.845791996421721,4922.908333333334,4922.908333333334,4929,0.9999389556472175,0.42646399618711667,0.6769140527331783,0.9688641274237345,1.3003102559638127,1.6182796169010571,0.19009254821565194,0.0422178106389688,0.09563771944814754,0.17225712476604332,0.2655056726510295,0.3648659827794434,0.18888212619192535,0.018665043619395416,0.0,4929,0.9848024010789125,0.4841104717972846,0.7056664442409921,0.9545018339906094,1.2387506425485875,1.5261655143635164,0.1445750018279075,0.03083724908364052,0.06975602477113439,0.13018566801938616,0.20382416552028335,0.2786930784470857,0.07202272266179753,0.0008115236356258876,0.0,4929,0.19237507873790624,0.24995325261627266,0.2964504941150932,0.3464628340758108,0.9919306905456737,0.8442395666327823,0.013315391931067464,0.006735348531580006,0.010010664159316247,0.013453096078613074,0.016847533333961474,0.019890986341119386,0.992290525461554
2023-10-31,120,2023-05-05,108,5072,4946,0.9751577287066246,-0.0003607156531621837,0.009400670150840586,-0.000862356467491533,0.00797254366578837,0.8465333962678051,4940.966666666666,4940.966666666666,4946,0.9999938107613785,0.49843469583725997,0.7263681643503559,0.9885667572795802,1.262596448078144,1.5080860633278133,0.2048942511321918,0.052325478945515286,0.11103749539456392,0.18722745335850532,0.2843467491516901,0.38487606143376396,0.21633643348160128,0.02042054185200162,0.0,4946,0.9982831588151062,0.5446917015778044,0.7520276858836716,0.9805755479779628,1.2243348806593874,1.4813427816910587,0.156159863584209,0.03694938624213055,0.07902805683363344,0.14207128328740487,0.21702342048582454,0.2973848068065247,0.09563283461382936,0.0008087343307723412,0.0,4946,0.20710096939578357,0.2682531864142728,0.3075283615920845,0.3602040070420015,0.9926531674862041,0.8501256549239787,0.01341065082808364,0.007245489225453136,0.010397784955969889,0.01352081821658195,0.016618935018533766,0.01952091828860907,0.9955519611807522
2023-11-30,120,2023-06-06,108,5081,4976,0.9793347766187759,-0.0001696579696100661,0.009670283650433563,-0.0006135175744173382,0.007636584248580428,0.8738245167135902,4971.45,4971.45,4976,1.0000268098677667,0.4864497229782004,0.7182070418368014,0.9840361570140295,1.2696379041140342,1.5260408252454254,0.22356949619586386,0.0571515038792793,0.11963565195999772,0.20691906723189277,0.3110339811319456,0.4158346259392123,0.2709003215434084,0.033159163987138265,0.0,4976,1.1065538932015506,0.5963602488494251,0.832086625742551,1.0858289696249535,1.3672648621016548,1.6486114732323913,0.17951168059105405,0.04547044304315852,0.09278103385242992,0.16490967043011123,0.250394731290974,0.33519727998730575,0.14891479099678456,0.0040192926045016075,0.0,4976,0.22554743214447623,0.2884565188121748,0.3213585933741758,0.37317555069713093,0.9941259128972109,0.8792462979899038,0.01337708217943906,0.007301865184225647,0.010382498844187418,0.013608008139135819,0.01676781937733855,0.019247862132312332,0.9935691318327974
2023-12-29,120,2023-07-07,108,5096,5014,0.9839089481946625,-0.00045143352722070855,0.009763301888396095,-0.0007410041186156877,0.007559370402910277,0.8744694574771346,5009.766666666666,5009.766666666666,5014,0.9999566619412054,0.5024094597200547,0.7193992395314017,0.9910184931884312,1.2695812500650807,1.5128234916129728,0.23734950518890474,0.0618074627057575,0.1271102973488493,0.22129410236535105,0.3278892261193554,0.4455205781379691,0.30694056641404066,0.05145592341443957,0.00039888312724371757,5014,1.1293722239776556,0.6029867302035086,0.8373443524265832,1.112107566384206,1.4091801546006226,1.6833780246888228,0.18902676136487645,0.046531277469215995,0.09742899020735142,0.173239581284567,0.2631982635030392,0.3563096750303906,0.17869964100518548,0.007578779417630634,0.0,5014,0.23909334070566327,0.2963738366907371,0.32953941918718116,0.3820940827537039,0.9954781380241675,0.8768229319552111,0.013295425534845287,0.007174925524890173,0.01033700261056519,0.013587779770594242,0.016639694318576183,0.0192765635765832,0.9914240127642601
2024-01-31,120,2023-08-08,108,5104,5041,0.9876567398119123,-0.002172912681877416,0.013410627611910753,-0.0017055269700901674,0.008848730074339662,0.9048342768371882,5036.85,5036.85,5041,0.9999673027951362,0.5754693965230581,0.7996493125254128,1.0246831627385236,1.2185455935509688,1.3824477799833057,0.35022548268148096,0.12946921222407998,0.2180718098634795,0.3385188433357503,0.47236292514199446,0.5947468365097006,0.589565562388415,0.20987899226343978,0.023408053957548105,5041,1.3713611617305375,0.8845015648686456,1.123776211092972,1.3857042074229888,1.6369858971311353,1.8479843535371279,0.2925026532983318,0.11172184829379682,0.18788534110557065,0.287991385808655,0.3912414191946316,0.48071645024633547,0.468756199166832,0.07855584209482246,0.00039674667724657806,5041,0.3518184981188023,0.40266225965551555,0.4304520667647366,0.47582105072157166,0.997280096422445,0.9059237109446691,0.013543056010898936,0.008557446105580256,0.011062771778874637,0.013868182088973065,0.016371814222743447,0.01841871581629608,0.9968260265820273
2024-02-29,120,2023-08-29,108,5108,5047,0.9880579483163665,-0.0011685244147711265,0.01922059597223044,-0.0005752559232259954,0.010313085886604059,0.8512746428793021,5043.591666666666,5043.591666666666,5047,0.9998863428584712,0.43874316078130554,0.7262945376727814,1.0430189343764487,1.2730868473001768,1.5056576096489043,0.4427822134403521,0.15373306474751627,0.29109770032012416,0.449007177273779,0.6028075986459601,0.7174198708660497,0.7400435902516347,0.4143055280364573,0.12185456706954627,5047,1.5864189647213383,0.9469760813525089,1.2806628127334347,1.604625812262328,1.9228388438360602,2.195224178968893,0.33779658893994924,0.14940950807511977,0.23810493419206133,0.3390721304567551,0.44003610955179656,0.521680375052389,0.6074895977808599,0.13413909253021597,0.0009906875371507827,5047,0.4437850241906157,0.5286606505261395,0.564071042021713,0.5969471918939779,0.9986318627174816,0.8538407829275683,0.013539125200899175,0.008330602254811982,0.01145240457543322,0.014159810432964113,0.016412559281027812,0.017903524262147596,0.9946502872993858
2024-03-29,120,2023-09-27,108,5112,5057,0.9892410015649452,-0.0009880167768152688,0.019620254843984546,-0.0004813482596106348,0.010310435629087528,0.8518289679510594,5053.758333333333,5053.758333333333,5057,0.9999222189102607,0.43957570296577075,0.725849786788297,1.040636588254889,1.2784196353251964,1.5087283503164963,0.4402445949458619,0.15317419522126058,0.2949880539438668,0.4492300567572941,0.5973929426060317,0.7131341206017747,0.7429305912596401,0.4055764287126755,0.11943840221475183,5057,1.620956324500301,0.9404921528328533,1.2939984733226801,1.6367852358404107,1.9895065120450062,2.2554581928242783,0.3353892784525544,0.14529688980954547,0.236289446269742,0.33890180246552287,0.4377864977059874,0.5176546577021915,0.6003559422582558,0.1305121613604904,0.00039549139806209217,5057,0.44131859485424485,0.5229313530367095,0.5543666416055301,0.5891640649430132,0.9985703075504025,0.8539360075528284,0.013510975977922992,0.008348830775681982,0.011543650457810747,0.014157183015360762,0.01637371591123131,0.017891876030136925,0.9932766462329444
2024-04-30,120,2023-11-02,108,5113,5068,0.9911989047525914,-0.001214276416235771,0.02161936001887193,-0.00020745879058133715,0.01070012710537569,0.8471317489988084,5063.733333333334,5063.733333333334,5068,0.9999469259746204,0.39476488028157425,0.6971043200174154,1.0413081387204128,1.3048504388701232,1.5368635658820733,0.45719073992543524,0.1476544120420874,0.29985815064574206,0.4724525011934111,0.6234206014430469,0.7352718266427579,0.749605367008682,0.4494869771112865,0.14265982636148383,5068,1.7115057382638992,0.928174920612343,1.3321462948328773,1.7262003153491006,2.128550477930366,2.442376205744317,0.3458960411404514,0.15100011173449443,0.24503057574159665,0.3501929580880292,0.44719678046043965,0.5303637797496867,0.6272691397000789,0.1452249408050513,0.001775848460931334,5068,0.45790478787763406,0.5352848713657015,0.5646261556622519,0.6013902938457919,0.998975347830404,0.8512920552654271,0.013471749860325453,0.008070862783650365,0.011446501766002148,0.01428353925826157,0.016376714791113186,0.017779638511920087,0.9909234411996843
2024-05-31,120,2023-11-30,108,5115,5057,0.9886608015640274,-0.0016257293265659063,0.02180121923056001,-0.0002768449948544767,0.010850190822509749,0.8477703959380369,5052.558333333333,5052.558333333333,5057,0.999926812532782,0.3996590333412581,0.7020181202984187,1.0395937819739582,1.3007161744411528,1.5284848698215279,0.4504385317598482,0.15065756329722974,0.298312502173579,0.46677143592905346,0.6125717696890225,0.724147306210578,0.7492584536286335,0.4425548744314811,0.1295234328653352,5057,1.7032652941121131,0.9453948752942861,1.351421081996091,1.723051110400579,2.095356920566656,2.3898287713453343,0.34155175386647196,0.15169213758160807,0.24171743682314598,0.3444067151996118,0.44293027973388627,0.5220769162224045,0.6134071583943049,0.13525805813723552,0.0015819655922483687,5057,0.45099878884664996,0.5261580155966284,0.5554328751950963,0.5923475233878241,0.9991185722368244,0.852745587060708,0.013498535291667448,0.008193227953999212,0.011475731024403654,0.014311216283131716,0.01636880168083605,0.01780808577500022,0.9920901720387582
2024-06-28,120,2023-12-27,108,5114,5065,0.990418459131795,-0.0018178626273274742,0.022621928496139088,-0.0001894724212178006,0.010871781419973778,0.8518754217579048,5060.216666666666,5060.216666666666,5065,0.9999323161256726,0.3934075266016025,0.7001025423853439,1.0417794567086904,1.3010831496416357,1.5227767136326384,0.45559328319643644,0.15329761132683706,0.3060273081045667,0.4740043560458763,0.6207593562200566,0.7272843152758435,0.7577492596248766,0.45429417571569597,0.12813425468904244,5065,1.7724107008025731,0.9853569819209009,1.4167289023831964,1.8153459657199031,2.1711849488921926,2.461493394765937,0.3478630804165428,0.16041387902032966,0.25094893100122434,0.3513944098067371,0.4474933989681934,0.5285546606837261,0.6343534057255676,0.14866732477788747,0.0009871668311944718,5065,0.4561340209395148,0.5295057478276223,0.5623840491207602,0.5971825009258149,0.9991216458086277,0.8573336183319936,0.013500419887728113,0.008268576139067915,0.011601946919200636,0.0143184656674038,0.016335394206501642,0.017707454530933236,0.9926949654491609
2024-07-31,120,2024-01-30,108,5107,5061,0.990992755042099,-0.0009899516147536477,0.022066608897728657,1.3919665263793386e-05,0.010075139497031413,0.8395904127598338,5056.766666666666,5056.766666666666,5061,0.9999085502326291,0.3767692251082209,0.6926736389948315,1.0438446520696525,1.3117808295942708,1.539708783793891,0.4425361151486002,0.13840556371199997,0.2933901490109335,0.45716677467853045,0.6049073029166387,0.7179715751985182,0.7421458209839953,0.4258051768425212,0.11776328788776921,5061,1.838670959949153,1.0012739222828382,1.4515236154639017,1.8794572369622127,2.2766682126415243,2.586429899162707,0.32829716068969295,0.14657364119125027,0.2291639200925233,0.33085877394232055,0.42980947196891817,0.5084729407894538,0.5773562537048014,0.11558980438648489,0.00019758940920766647,5061,0.4430801543259435,0.5176413772780593,0.5470174348234029,0.5839027959189862,0.9990574266749428,0.8431140219985434,0.013442623167855388,0.007944770329596564,0.0114790427179018,0.014265447048419654,0.016392608335915437,0.017874216752270793,0.9901205295396167
2024-08-30,120,2024-03-08,108,5098,5061,0.9927422518634759,-0.0010564386843183718,0.01661920557327233,-0.0005854017342988104,0.008010896289325062,0.8413389250997946,5057.041666666667,5057.041666666667,5061,0.9998423571720159,0.43658345080569955,0.7252669242391446,1.0320571275949741,1.2962866237980875,1.5057666044302518,0.3648258342687025,0.10575169084673935,0.2248312009689766,0.3622011440869636,0.49943998026741526,0.6249376049864038,0.6214186919581111,0.24896265560165975,0.03615886188500297,5061,1.7449910513984994,0.9608754585732783,1.3559670458162358,1.774104169007555,2.1460058782554814,2.4636523944158353,0.26609298618501176,0.10015069362919049,0.17270717363352933,0.2638774430608649,0.35281384098602847,0.4324825527027182,0.3947836395969176,0.03339261015609563,0.0,5061,0.36545761371952024,0.40653620919357336,0.4444861471029917,0.49025172165916064,0.9988603686512338,0.8398713690135438,0.01336384224652086,0.007598232889218047,0.01105555138759919,0.014023772984332676,0.01645780546205113,0.01840937500778948,0.9901205295396167
2024-09-30,120,2024-04-08,108,5101,5064,0.9927465202901392,0.00019033946702394397,0.019576599668729367,0.0006894671079456944,0.012304827311163193,0.8684361454059593,5059.691666666667,5059.691666666667,5064,0.9998549087854942,0.5732024182416325,0.7926654280083159,1.0142480043795343,1.2225805061540194,1.402723313949189,0.4442810259491826,0.20126504736652212,0.3176817538062266,0.4516420093258562,0.5798721460979562,0.6794913285853189,0.7792259083728278,0.4004739336492891,0.07622432859399685,5064,1.3814983103123917,0.9462035699261364,1.1489578778452358,1.3664663193543507,1.6212698713411888,1.858722815893988,0.3476768735576571,0.168590121448951,0.2476383803533952,0.3465681923336676,0.4458856586469022,0.5317226312395945,0.6192733017377567,0.14928909952606634,0.0033570300157977884,5064,0.4447580685951062,0.4921805157946808,0.522412666880556,0.5607658664382482,0.9991745830450878,0.8734909494456085,0.01366587834557454,0.009453493824776026,0.01187519796143784,0.014160769518056553,0.016059745525622286,0.017370240594875797,0.9974328593996841
2024-10-31,120,2024-05-07,108,5107,5066,0.9919718034070883,0.0007543722149406063,0.021333546109578373,0.0004906927267488165,0.015407190201341348,0.9269974134965548,5061.616666666667,5061.616666666667,5066,0.9999520340410794,0.6402086535241462,0.7993817671626993,0.9769263577389778,1.2132622185788993,1.4210563601792356,0.48023496748531885,0.23281623213839048,0.3565187775328807,0.4926168873028156,0.6173611931159265,0.7077303521709788,0.8282668772206869,0.4867745756020529,0.11212001579155152,5066,1.2834786380356416,0.8687229735844497,1.0251495516399252,1.218843146933584,1.5503915481772619,1.8279690015886438,0.4197135563025516,0.20068274048316836,0.31167351003328825,0.4284564979574479,0.5391275698713308,0.6221711650782105,0.7694433478089222,0.33596525858665616,0.02289774970390841,5066,0.48127295163783185,0.5234693402456007,0.5537238409934647,0.5876286062713211,0.9985771944132931,0.930394981929883,0.013711348518612476,0.009768948463996192,0.012119877485364942,0.014229619049818459,0.01594147098668653,0.01709438872524,0.9988156336360048
2024-11-29,120,2024-06-05,108,5113,5066,0.9908077449638177,0.0016000810227243024,0.02245381653838853,0.00073359463353697,0.016256006948384357,0.928798862598848,5060.216666666666,5060.216666666666,5066,0.9999961812211471,0.6310729975978917,0.7907390294727161,0.9702486708700568,1.219483821289631,1.4324915842940928,0.48044352530335765,0.24076940231071586,0.35868989741227364,0.494189015721411,0.6133060288606672,0.7048151980539452,0.8355704697986577,0.487761547572049,0.10639557836557442,5066,1.2828627664112884,0.8542437281682644,1.0190975655347052,1.22168422505473,1.5560122912212564,1.8300629275320095,0.4228565989368354,0.20766099016485734,0.3119636429567706,0.43359272326951337,0.5431442524425835,0.6247688270133084,0.7714172917489144,0.3430714567706277,0.02329253849190683,5066,0.48155862900062646,0.5257854732546547,0.5538168834976611,0.5867728486606567,0.9983985249843309,0.9338272983975857,0.013732587278801042,0.009937377996306831,0.012143505241090221,0.014244631425388257,0.015874566147402513,0.017036026876837737,0.9990130280300039
2024-12-31,120,2024-07-08,108,5121,5073,0.9906268306971294,0.001850208326719723,0.022398684258210583,0.0010928469500803113,0.01638030485114474,0.9277152249639324,5066.316666666667,5066.316666666667,5073,0.9999953529066418,0.6236511851626593,0.7919031272183532,0.9710091799636634,1.2201994720087994,1.4346572846606385,0.46671274966644016,0.22791900093196613,0.34263901295584376,0.4756149445403565,0.5992110981063821,0.6937877728490128,0.8156909126749458,0.44864971417307314,0.09304159274590972,5073,1.2684729297766688,0.8370738165573012,1.004969376441343,1.2092638658312322,1.5418830205225025,1.8192354361773968,0.4126361208247582,0.1887416057912645,0.29101555908520593,0.4211907838896302,0.535368965420695,0.6275770711856778,0.7330967869110979,0.3258426966292135,0.0299625468164794,5073,0.46766389437689093,0.5088721832534384,0.5380433952895719,0.5701790048184738,0.9985026480235427,0.9357797359940409,0.013706621842833163,0.009769845063823699,0.012015864407977445,0.014183349706162026,0.015907714420364913,0.017112875232574147,0.9990143899073527
2025-01-27,120,2024-08-01,108,5132,5078,0.9894777864380359,0.001509228612100392,0.02261876502538669,0.0008110506041725421,0.01666459387578437,0.9332692794981032,5069.875,5069.875,5078,1.000047725715319,0.6067019409504445,0.7880905142598817,0.9756595959813275,1.2258406756929172,1.4463365217214998,0.46446454883185667,0.2286577240627975,0.341818790951269,0.4725700781413191,0.5959132435793885,0.6921461999544379,0.81094919259551,0.43875541551792047,0.09137455691217014,5078,1.2666540612653319,0.8304676124257903,1.0010793400340887,1.2059679824858474,1.5377991235089203,1.8212140164560646,0.4174860082858817,0.19315828514443784,0.2927904404549201,0.4235473593642377,0.5446658761287966,0.639136407112396,0.735328869633714,0.3361559669161087,0.03781016148089799,5078,0.4656683833472755,0.5071414252617794,0.5378956596239377,0.5679924065090536,0.9981018529187349,0.9435476300922157,0.013709866013395272,0.009783823334417244,0.012017804177443869,0.014130874281671202,0.01592397156271424,0.017165927611558333,0.999409216226861
2025-02-28,120,2024-08-27,108,5131,5082,0.990450204638472,0.0026036825525148576,0.02282965871930071,0.0013194193304698594,0.016878055530228017,0.9346933266348868,5073.375,5073.375,5082,1.000046385547558,0.59661060751294,0.7771601311000187,0.9753320303382937,1.2296585931694044,1.4566696372029548,0.45960083665821627,0.22615937005765,0.3358962462170036,0.4627649350763793,0.5908670232914918,0.6912414680140673,0.8061786698150335,0.4248327430145612,0.09189295552931917,5082,1.2641946374290842,0.817400791725931,0.9910953296479644,1.2081329911067717,1.5395482233397813,1.8326306411867574,0.41448802728351114,0.1929240135620495,0.2912705527693218,0.41714340966822655,0.5400561164497805,0.6373401754386837,0.731404958677686,0.32290436835891384,0.04053522235340417,5082,0.4609600449627255,0.5046583986588131,0.5361148665122315,0.564037517222449,0.9978675567509617,0.9449073331894916,0.013700851771140074,0.009769623880436399,0.011968539271909034,0.014069195452974064,0.015905135089244057,0.017252156467179414,0.999409681227863
2025-03-31,120,2024-09-27,108,5140,5089,0.9900778210116732,0.0019452662917408914,0.022395393788824304,0.0008495942804278611,0.016295823770039294,0.9387843123101461,5079.008333333333,5079.008333333333,5089,1.0000495080253788,0.5647496014370466,0.763133925879155,0.9771760196685659,1.2423446885232408,1.4772003488614764,0.43835534324265196,0.2094782543522157,0.31510374745842856,0.43602580471665026,0.5613332300971637,0.6717877770703987,0.7771664374140302,0.36981725289840833,0.07290233837689133,5089,1.2902429511111582,0.7992975848685526,0.9891901244387632,1.2292144848796966,1.5913767067117601,1.8942425392482383,0.39908740267245585,0.18028294444941317,0.275592397755296,0.39619927909572034,0.5197537663908918,0.6258248507810642,0.7021025741796031,0.28355276085674985,0.0375319316172136,5089,0.43988842944382484,0.48498789792955227,0.5167295188739864,0.5446072594562044,0.9974420645071065,0.9490425276808133,0.01367663454417181,0.009670442445023379,0.011845008548898943,0.013985656643081492,0.015895399844925752,0.017396405420659497,0.999410493220672
2025-04-30,120,2024-11-04,108,5146,5089,0.9889234356781966,0.000241969951135543,0.01921375710792891,-0.0002096385449638379,0.012671968496665614,0.9230699254538444,5077.883333333333,5077.883333333333,5089,1.0002037129882086,0.5226118095010908,0.7456604983277767,0.9844978472379949,1.2614773950038598,1.5220083054499964,0.38197741965896576,0.15637704245890707,0.25871710079658805,0.3766040566356976,0.4990605700405044,0.620849290528566,0.6616231086657497,0.24818235409707212,0.04165847907250934,5089,1.3998242873758182,0.8069997466097273,1.0495623113445287,1.3220373547224087,1.767462324990276,2.1295097920030495,0.3378839359783297,0.13403026169704246,0.21547266381411953,0.3264203991832806,0.4501953266784866,0.5632409468921035,0.561406956179996,0.17390449990174886,0.011790135586559246,5089,0.38303184543572827,0.4277698500565591,0.45869456537612574,0.49502703031946954,0.9976022958780213,0.9340970623076401,0.013554373118100194,0.008929458099484193,0.011469947232232105,0.013905309258313745,0.016039214642139827,0.017947106227650084,0.9982314796620161
2025-05-30,120,2024-11-29,108,5147,5083,0.9875655721779677,0.00017521997272033096,0.01809433039888124,-7.959577439020325e-05,0.011584800304876441,0.9217904663675168,5071.65,5071.65,5083,1.000215470895024,0.4967761190570109,0.7384404283985906,0.9857514356635025,1.267043972092077,1.5372334108671757,0.37568944885974637,0.14590903956310095,0.2475331200634115,0.3676449030217361,0.49497544234768875,0.6188284405869384,0.6450914814086169,0.24454062561479442,0.04426519771788314,5083,1.4399922230644127,0.8025823274430942,1.077243626845394,1.355907768128604,1.8230202789242198,2.2344927712156504,0.33068817187984945,0.12651635734364444,0.2053412903888321,0.3152410251887786,0.4463167002074485,0.5637164423141741,0.5361007279165847,0.17017509344875073,0.01239425536100728,5083,0.37663560154249304,0.42129088802225495,0.4529734687953961,0.4898564646610616,0.997730740343696,0.9317890417809539,0.013512592612831982,0.008747045018329841,0.011283145681707393,0.01380728301496755,0.016146191758541813,0.01808407766627268,0.9964587841825694
2025-06-30,120,2024-12-27,108,5152,5091,0.9881599378881988,0.0007027632309939002,0.017232126320773998,1.3946368306810263e-05,0.011378988832261176,0.94021897795812,5079.183333333333,5079.183333333333,5091,1.0002665362726135,0.4916288867579212,0.7360057305904992,0.9693100007328165,1.2718673318730596,1.5645041290696493,0.36861928270530286,0.13556185534061455,0.2359323026495038,0.35699659836425285,0.4923549689082064,0.6226663924848493,0.623846002749951,0.24179925358475743,0.04321351404439207,5091,1.424138176613418,0.7646067789459128,1.0508266161948057,1.3327381560563767,1.8253804932042406,2.248292007425981,0.33372938793335205,0.11995054554443749,0.2045522954658561,0.31746160347888075,0.45370641323503347,0.5741964858575155,0.5360439992142998,0.184639560007857,0.019642506383814574,5091,0.3692610963653343,0.41504243174338806,0.4414373203318544,0.47991870484996446,0.9981618258700272,0.9471736053526494,0.013453974215308367,0.008501328551705645,0.011154178992345515,0.013763611758361079,0.016224942717347632,0.018232308570699948,0.995875073659399
2025-07-31,120,2025-02-07,108,5150,5102,0.9906796116504855,0.0012350624193004545,0.015724525013111706,0.000620630522251555,0.010364232828198762,0.9414463892545379,5090.341666666666,5090.341666666666,5102,1.0002535592301638,0.5091006554784138,0.7464638533260128,0.9524260458050695,1.284353422508103,1.5872546713879114,0.3389071302415771,0.1168016970690142,0.207709489566034,0.3209935646011566,0.45681338705198177,0.5866527193707843,0.5454723637789103,0.19031752254018033,0.03194825558604469,5102,1.4286321615924844,0.7860947593919246,1.0651929082337968,1.3027969756565045,1.8553846131702298,2.2927284040564806,0.30703510946430446,0.10208674773463633,0.17739612130459181,0.28436937229979115,0.42069118400221117,0.548790107204629,0.46687573500588003,0.14739317914543315,0.012544100352802822,5102,0.3394055099280406,0.38821826077206784,0.4141723433271787,0.45328439838155277,0.998472318174544,0.947631243330046,0.013358883877759476,0.008181954540616631,0.010910729137770442,0.013587239974537544,0.016252001528443194,0.01849563449161037,0.9917679341434732
2025-08-29,120,2025-03-10,108,5153,5111,0.9918494081117796,0.0013178370375399354,0.015326136009247118,0.0010182973441778852,0.010271907876476596,0.9330761023887041,5098.775,5098.775,5111,1.0003221737045647,0.5331858250648263,0.7638046771048572,0.9434554174045671,1.2966992572208647,1.5707621852356757,0.33489933267315763,0.11647636934068568,0.2044894738901258,0.3164290572476646,0.45123932448925896,0.5838009866022829,0.5353159851301115,0.18743885736646448,0.031891997652122875,5111,1.3924734588655319,0.8054268065099498,1.0559590258765978,1.2617680870159012,1.8236116017567676,2.2226304694089,0.2979979980149463,0.09763464195935921,0.1717412434067216,0.2772303402704113,0.410141316567697,0.536296399363347,0.4515750342398748,0.13539424770103697,0.008217569947172765,5111,0.3353982559636775,0.383783565261382,0.41199388724004476,0.447622997046804,0.9984203965510767,0.9382969172419704,0.013332825420588654,0.00817216547712681,0.010868209039061365,0.013570594238002191,0.016255012202000235,0.0185415616629853,0.9909998043435727
2025-09-30,120,2025-04-10,108,5159,5122,0.9928280674549331,0.0024047208011665332,0.009901241294652205,0.0017747448149471351,0.006704699890259573,0.8565617991093238,5110.8,5110.8,5122,0.9999926370395006,0.4539788148145264,0.7264028580124777,1.0177649191927698,1.2948598565076193,1.5139081011379971,0.1931957540732752,0.04404231900765102,0.09511785561354424,0.17032969502650197,0.26905460010225035,0.37573790639567595,0.19796954314720813,0.0208902772354549,0.0001952362358453729,5122,1.264831146794608,0.5554179393957521,0.8492125127290422,1.2385910894538634,1.647344529996094,2.0054768849276954,0.14316659087460257,0.029218835707029843,0.06569391090205366,0.12555499918246305,0.20085946937811722,0.2803134101835536,0.07750878563061304,0.0033190160093713394,0.0,5122,0.19449515849141513,0.24784684972128407,0.27377178681972103,0.31083219475300483,0.9953561192009022,0.8401280892148322,0.01299332909089035,0.006450415333757985,0.009700169451031833,0.013099967087869466,0.01653042424588076,0.01961449746318625,0.9873096446700508
2025-10-31,120,2025-05-08,108,5164,5124,0.9922540666150271,0.001673030914493899,0.009595282641586761,0.0013852281177681935,0.007441992331618722,0.8546590424679307,5114.775,5114.775,5124,1.000098707443291,0.4320346777687447,0.6971046017527458,1.0100990913792844,1.308982603664711,1.5473632667315695,0.18413314561720429,0.04099378824012147,0.08900497876967209,0.1624471299081464,0.25820934381545263,0.36078243194519954,0.1760343481654957,0.0156128024980484,0.000195160031225605,5124,1.1022158328128575,0.3871055674078564,0.6560823936241479,1.0474631502706777,1.4975021811505849,1.8993203967535377,0.13668339340614857,0.019481319122547632,0.054751072587862756,0.11460466910827666,0.1966292484603555,0.2879101074455534,0.0862607338017174,0.003317720530835285,0.0,5124,0.18574203833136657,0.24331141665938852,0.2724357460183255,0.3090044395609708,0.9940221272244796,0.831516411802655,0.012987137134662983,0.006407623623977829,0.009705240019408234,0.013067821686200345,0.0164716480982958,0.01966939468598877,0.9880952380952381
2025-11-28,120,2025-06-06,108,5169,5130,0.9924550203134068,0.0013400021135262419,0.010138072439815207,0.0011049407571978541,0.007936234513707497,0.8644558514329137,5120.933333333333,5120.933333333333,5130,1.0000851725051678,0.48018393537093595,0.7399388436513787,1.0126686040715214,1.264151289080722,1.489454013994927,0.1961973450047787,0.05097231850966108,0.10424434264054148,0.17602480600283074,0.26879802151834,0.3673386514669917,0.19181286549707602,0.01793372319688109,0.0,5130,1.1044716131291954,0.4561961755654219,0.7101900848622821,1.0486342459930347,1.4501549633405177,1.8423102204643556,0.14693110875038112,0.02936893723222495,0.068241776858365,0.12840548027202303,0.20699263802653947,0.2894033762009289,0.08460038986354776,0.003898635477582846,0.0,5130,0.1983016060499362,0.25487145041131415,0.2847383162876698,0.32031522580126426,0.992562248119705,0.8356765006992657,0.013117107637585813,0.0070021934315337925,0.010179587437013839,0.013142803221230022,0.01628977000166231,0.019261383335113076,0.991812865497076
2025-12-31,120,2025-07-09,108,5182,5132,0.990351215746816,0.0010164335001052074,0.009963828859029779,0.0009383008878634064,0.007989311263496099,0.867209131447029,5122.491666666667,5122.491666666667,5132,0.9999825938225888,0.5025134539978996,0.734803640825992,1.0054224964387934,1.2560170563067898,1.4945711365048802,0.18855868375117768,0.05152614355424454,0.10026244853226017,0.1717995187734452,0.2566289351902328,0.3483575928474065,0.16932969602494155,0.012470771628994544,0.0,5132,1.081640925542207,0.43723097709617764,0.6785575590454691,1.012916265434494,1.419171676709073,1.8347832332842702,0.14153383769828223,0.02763224585659406,0.06364646304940315,0.12362089544400386,0.20159102087798778,0.2837124261848791,0.07930631332813717,0.0027279812938425566,0.0,5132,0.19104148094552548,0.24909768220867406,0.2794545009727889,0.31525337703983686,0.9908000433774479,0.8305922626360442,0.013142568666324152,0.007142630267778635,0.010118674022539274,0.013184325783965715,0.016260488466424916,0.019182347503759783,0.9931800467653936
2026-01-30,120,2025-08-06,108,5185,5138,0.9909353905496625,0.0011053300584684248,0.010363049256524322,0.0009109630669863325,0.008182382850432124,0.8606381727045959,5127.966666666666,5127.966666666666,5138,1.0000519147130718,0.4562300271140845,0.7053443359448766,1.000710972349855,1.2801842152462481,1.5425212852293964,0.1833991114093804,0.04985263574054578,0.09569465787950521,0.16641230774017934,0.2510338315251783,0.34353271010386577,0.1535616971584274,0.012845465161541456,0.0,5138,1.0901612191482262,0.4036336818662603,0.6498324942381588,1.0126227553621368,1.4658974725090204,1.894741750241033,0.1355622583603924,0.02618245842248013,0.05854606808911747,0.11782107463974689,0.19478714793347396,0.27107239897624086,0.0688984040482678,0.00253016738030362,0.0,5138,0.1857504456561856,0.24346601849968186,0.2757325845439721,0.32334881335973936,0.9909272307153362,0.823412524289962,0.013105356971635418,0.007107350522116515,0.01005596074137066,0.01316345896123988,0.016261822996592897,0.019252127994381092,0.9920202413390424
2026-02-27,120,2025-08-26,108,5190,5136,0.9895953757225433,0.0008369839329277188,0.010588433449886983,0.00040062249548522913,0.008565756188543739,0.8777501534470898,5126.141666666666,5126.141666666666,5136,1.0001107068113853,0.48473220452747623,0.7166008353556579,0.9953348133650668,1.2662531945469913,1.5273576922888243,0.190231032387002,0.053754463674893324,0.10133977533727163,0.17300397507553333,0.25958445076653075,0.3518157616909743,0.16725077881619937,0.013434579439252336,0.00019470404984423675,5136,1.0851480320166225,0.44258075465809554,0.6863761746824426,1.016002194862621,1.424807020576548,1.8295876306836685,0.14661954517603956,0.030345515684873814,0.06878809987801245,0.13196941013689828,0.20754634634307723,0.2839048529953873,0.08119158878504673,0.002141744548286604,0.0,5136,0.19260310001020903,0.2514245975834134,0.28799935082834655,0.33623053341444087,0.9912897757248498,0.8478543553492381,0.013150807927118325,0.007317657727210379,0.010090170371102918,0.013255544546345657,0.016262694074080916,0.0190945540969799,0.9924065420560748
2026-03-31,120,2025-09-25,108,5193,5142,0.9901790872328134,6.77773960600187e-05,0.012706300190520907,-0.00019939400497049202,0.009288589000134295,0.8981923959578089,5131.958333333333,5131.958333333333,5142,0.9999496410817388,0.5231815089954889,0.7751736775894589,1.0265878837096387,1.2408265161593524,1.4452062910692873,0.25186521288340086,0.07711125533989015,0.1453426801121067,0.2345317274728736,0.34018333149944757,0.4554197245887594,0.33430571761960326,0.06456631660832361,0.0011668611435239206,5142,1.228624626392645,0.6363330443778011,0.9005395602125902,1.1956798254465475,1.5304789875159195,1.8670150170376576,0.2007650913516089,0.05831980508682131,0.11391657802351551,0.18990152348742476,0.2760337831355518,0.3577722946335605,0.19525476468300274,0.009140412290937379,0.0,5142,0.2543486664219686,0.30553442586844,0.34236052755836527,0.3886398099085465,0.9937524657233887,0.8744471744183142,0.013197296513403598,0.007548679761791637,0.010426301811006476,0.013316940472284638,0.01621693302331965,0.018934701048617823,0.9933877868533645
2026-04-30,120,2025-11-03,108,5201,5150,0.9901941934243415,0.000440258558092121,0.0132514598856977,0.000172829719393446,0.009276943020666787,0.92292659083812,5138.45,5138.45,5150,0.9999008250079725,0.5294225404159223,0.7777117471276418,1.0256915476829436,1.2447826433348588,1.4390991210904718,0.2634572078096876,0.08223333876094283,0.15675296544099526,0.24937580304447118,0.3549100325649384,0.4702056402017488,0.36718446601941745,0.07572815533980583,0.0021359223300970874,5150,1.3181662733885708,0.7142583609317434,1.0113000873028741,1.3084053608249266,1.6194155906946213,1.9299680407873026,0.22268296513524757,0.07283526452045443,0.1335505894495859,0.2139165914025969,0.30181491638496083,0.3879671098807604,0.2557281553398058,0.012815533980582524,0.0,5150,0.265436519820562,0.31247544681796685,0.34529948032858443,0.39054525190746153,0.9952055883966306,0.9077762873165317,0.013199759046684486,0.007642983339279822,0.01053214583316338,0.013412125613433197,0.016230253546377055,0.018745105341237144,0.9924271844660194
2026-05-29,120,2025-11-27,108,5208,5140,0.9869431643625192,0.00023351085624755385,0.013561233850805035,0.00021629740716388356,0.00954240364438641,0.926803607271968,5128.958333333333,5128.958333333333,5140,0.9999135609202445,0.4707439242029859,0.7409985873967606,1.020483055678226,1.275730012364286,1.4953836448042215,0.2524996849380264,0.07243762252050963,0.14237333140518044,0.2374040128211471,0.34389080559229124,0.457171677434943,0.3389105058365759,0.06634241245136187,0.0023346303501945525,5140,1.3169525102987305,0.6438897706171491,0.9552121302135494,1.299204156029652,1.659954707923681,2.0230546172984702,0.21408659878970343,0.06121042295248966,0.12467672307255799,0.20565138023156643,0.29329397386750417,0.3794556069550395,0.23326848249027238,0.011284046692607004,0.0,5140,0.2543678374580442,0.3044279057543574,0.33425775918843775,0.38004950817509914,0.9951417250053786,0.9090137042251397,0.013157471646002224,0.007383440695453467,0.010403875064892763,0.013446604105012968,0.016261151949987167,0.018895713030605648,0.9898832684824903
2026-06-30,120,2025-12-26,108,5205,5157,0.9907780979827089,-0.0006151631268921699,0.014053398842028879,-0.00012325522008673506,0.010402893025534004,0.8909041002676117,5146.516666666666,5146.516666666666,5157,0.999872849600642,0.48188924760252955,0.7455438127637187,1.0173487409081396,1.2708675303809147,1.4868421615746847,0.23649432461832068,0.06907705939972912,0.1298078494740628,0.2174546496458369,0.32513980141465265,0.43491499065486305,0.29416327322086483,0.051774287376381616,0.0011634671320535194,5157,1.2032670655646267,0.5486585479000236,0.8323632589537674,1.1566733236734519,1.541271544293705,1.9293075413851397,0.18105167109606055,0.047224697565579926,0.09913611127145441,0.17342063003349958,0.2507444668574384,0.32248284459337967,0.13612565445026178,0.002714756641458212,0.0,5157,0.24040007165861366,0.30364612761845394,0.3348497800338067,0.38160864824695756,0.9888827275703183,0.8471850869162212,0.013107476110280278,0.007365663867828289,0.010060827900905697,0.013162275078824845,0.016323343202347743,0.019215549308177354,0.9922435524529766
2026-07-31,120,2026-01-30,108,5203,5168,0.9932731116663464,-0.0019861519537406804,0.016250856244193344,-0.0013622493311858629,0.012183214072498021,0.8669308136927732,5157.85,5157.85,5168,0.9999814911341137,0.45882161987411557,0.7343664128158112,1.0137855758219807,1.272489833469662,1.5071216190820764,0.2654221746308759,0.08332178919368895,0.16065228902727668,0.2500982221805122,0.35975694697069843,0.4664325775719287,0.3736455108359133,0.07062693498452012,0.0013544891640866873,5168,1.1562264931447774,0.4665223434399279,0.7375389084754128,1.070888110175256,1.4766421267567733,2.0273189871183677,0.18900152407075546,0.0479190659413754,0.10471778970821966,0.18220903624732016,0.26515429057570605,0.33583274920859774,0.16524767801857584,0.001741486068111455,0.0,5168,0.27261905761373084,0.3578965228346047,0.38832438164623684,0.43459025084997516,0.980784095608421,0.7983776741423368,0.013160456487676685,0.0076807685532304425,0.010293333533679939,0.01318414335665586,0.01630100937316495,0.01899533568591614,0.9928405572755418
2026-08-31,120,2026-03-10,108,5212,5170,0.9919416730621642,-0.001250501858894862,0.016416134434153747,-0.0009051551968102385,0.012237930299045017,0.8692735579520114,5160.575,5160.575,5170,1.0000240863524394,0.4249986785649919,0.70930440864477,1.0054817415789288,1.2881779609586579,1.5534201617163896,0.2648064417740364,0.07448541216644015,0.15560922172852132,0.2536657270144894,0.3616402466560144,0.4673205460778197,0.38007736943907156,0.07176015473887815,0.002127659574468085,5170,1.1659714717822458,0.40671578977620054,0.7036780189546179,1.0659786915529326,1.5051183786563291,2.1205091922449855,0.18955101990581058,0.038280932283769824,0.0993966910089743,0.1795699986565794,0.27245989805720094,0.35065733479440836,0.18762088974854932,0.0038684719535783366,0.0,5170,0.27217459204092553,0.36419074146169433,0.39260890571295615,0.4387044869294983,0.9796816654112523,0.7956031673668992,0.01313606952023516,0.007475628811190422,0.010238983008706976,0.013142616449874887,0.016344118087841527,0.01903301581854972,0.9924564796905222
2026-09-03,120,2026-03-13,108,5215,5170,0.9913710450623202,-0.001406871697681387,0.0163352683940643,-0.0011121294939465149,0.012229262978218792,0.8683446301647605,5160.558333333333,5160.558333333333,5170,1.0000226808229564,0.43238846736373826,0.7113639824233439,1.0065873745339884,1.286828169165833,1.5435722298668564,0.2625700269361066,0.07377977861364793,0.15558455628944687,0.2507290765282091,0.358515792699619,0.46271796955466216,0.3702127659574468,0.06847195357833656,0.0019342359767891683,5170,1.1597984578819187,0.4080972630798232,0.7010974218635795,1.0574416922861594,1.4937835552559056,2.1129620228391053,0.1875725325742512,0.0385324809051382,0.09738393879435828,0.17642860836234425,0.26993608089309723,0.34774861677885005,0.18471953578336556,0.0038684719535783366,0.0,5170,0.2703361446151474,0.36371699188886975,0.39249740831362057,0.43804765538295165,0.9781469242466808,0.7913871469431581,0.013139649360381613,0.007506819030935233,0.010228491452838624,0.013116467884982278,0.01635853655367412,0.01911893555262698,0.993036750483559
2016-01-29,252,2015-01-21,227,2812,1487,0.5288051209103841,0.00021166951137679396,0.03775302702120903,-0.0010357856797018543,0.027588483564641844,0.9077977874530546,1449.392857142857,1449.392857142857,1487,1.0027165968526892,0.7830319332839754,0.9260342718149737,1.0441674262619107,1.1198228487070465,1.171944507590114,0.6131177889526596,0.47964587996244207,0.5595469495002718,0.6285229997054015,0.6878271044892741,0.7409508509972442,0.9778076664425017,0.8688634835238735,0.21116341627437793,1487,1.2391648668249313,1.0638598057455564,1.1874067001556332,1.2696764334897574,1.3360845530427867,1.3856796196780772,0.5138841388315472,0.39472725258355573,0.4520886150325206,0.5172968783352235,0.5803122101236831,0.6404090381703716,0.9791526563550773,0.5696032279757902,0.020847343644922665,1487,0.5876752432184006,0.6235289824525893,0.6400292197823453,0.6616579720150336,0.9957840523451325,0.9125728755054002,0.025770980583190422,0.022597772960944333,0.02454577012255666,0.026167132588168992,0.027643815680121517,0.028771321342989434,1.0
2016-02-29,252,2015-02-12,227,2819,1505,0.5338772614402271,1.8360436031068508e-05,0.03854299056994817,-0.001100158550683913,0.0280537936874568,0.9162598168137214,1467.1150793650793,1467.1150793650793,1505,1.0026298504827078,0.7851549478575666,0.9262983147625544,1.041884214989279,1.1189349762204959,1.1725824193885832,0.6213262594709948,0.48977237776215865,0.5688079971957668,0.6363527374296984,0.6972389100642854,0.7459135343971992,0.9827242524916944,0.878405315614618,0.23588039867109634,1505,1.2560888092564695,1.0838587203401677,1.2028271852323458,1.2890495602040684,1.3541264024262991,1.4063080522522367,0.5301931903200278,0.4088489945578847,0.4683593966097383,0.5336561048644252,0.5950923703485862,0.6524788042583524,0.9853820598006644,0.6345514950166113,0.03255813953488372,1505,0.5961471900009128,0.6313967299704771,0.6476104996760196,0.6687710912341219,0.9959220486331499,0.9212928802972569,0.025629080355520893,0.022534415524479358,0.024475450701106873,0.026047250774419915,0.027413187247333774,0.028505186737559647,1.0
2016-03-31,252,2015-03-24,227,2835,1540,0.5432098765432098,-0.00014285056039797399,0.039024687494562026,-0.0012145263205569604,0.028276790982022064,0.9194074727136163,1499.857142857143,1499.857142857143,1540,1.0025361627569973,0.7817615694142297,0.9256895502378031,1.0431184278783583,1.1199166475665172,1.1730509354578678,0.6265864450266654,0.49040017407594244,0.5722172100588105,0.6454588742325962,0.7027643512419185,0.7526383091886479,0.9831168831168832,0.8837662337662338,0.2597402597402597,1540,1.2664915307848355,1.0855950406264852,1.2124143018305205,1.3022129177010155,1.3673287846833377,1.4194462719622813,0.5385390104309067,0.4153874794857753,0.475070686486699,0.5451902537771982,0.6059696170829368,0.66113807828225,0.9857142857142858,0.6636363636363637,0.046103896103896105,1540,0.6015944314536621,0.6367180648898756,0.6525978108790734,0.6743747148760305,0.9958433485124359,0.9245740539209522,0.025337110064973977,0.022270069512596778,0.02421710693106607,0.02576429504797713,0.02709460805342866,0.02810933277991423,1.0
2016-04-29,252,2015-04-22,227,2846,1599,0.561841180604357,-0.0006569796292273955,0.03898624924115493,-0.0018471949682912273,0.02818968083367332,0.9231036005685851,1556.3650793650793,1556.3650793650793,1599,1.0026270870141933,0.7809651788120263,0.9272494504283717,1.0453215165590994,1.1201682889174218,1.1735436235859213,0.6337570823546635,0.49200900327992725,0.5745214990485672,0.6519083371697113,0.71135341154158,0.7604440155638504,0.983739837398374,0.8893058161350844,0.2945590994371482,1599,1.2743877006191504,1.0862359578740342,1.2204865206375897,1.3083761858569776,1.3771091294351692,1.4326721717655642,0.5492096527064975,0.4235901404929585,0.4853190889361383,0.5539886288550498,0.6183602014763574,0.6744516121237533,0.9862414008755472,0.6966854283927455,0.054409005628517824,1599,0.6077786949498653,0.6430574327042246,0.6590856468088111,0.6811851874489233,0.9955399335183762,0.9283560407011657,0.02486839931738987,0.021881542175937994,0.023664347642349603,0.025241209266972806,0.026604011977813515,0.02767566488933554,1.0
2016-05-31,252,2015-05-22,227,2858,1665,0.5825752274317705,-0.0014142761415042754,0.038721561694189055,-0.0020827623771416184,0.02800577378588757,0.9288160684094927,1622.047619047619,1622.047619047619,1665,1.0027648155686226,0.780080611210167,0.9253413094559216,1.042689848665963,1.1217251058738475,1.1764966864220858,0.6395268241248178,0.481282140243008,0.5811377561726644,0.6602189432244241,0.7217181052178977,0.7694037373792576,0.9831831831831832,0.8894894894894895,0.33393393393393395,1665,1.282185033974121,1.077993790954765,1.2160992445909238,1.31949378417339,1.3926765139403494,1.4500302952457529,0.5609661421479455,0.4247902103357225,0.49522986198920216,0.5672238109638016,0.6349119223982876,0.6914452183032165,0.978978978978979,0.7327327327327328,0.08348348348348349,1665,0.6120948704850909,0.6469503323771444,0.6626673317992204,0.6852624907678296,0.9950990854505216,0.9339511299810228,0.024360530331685736,0.0211235388417522,0.02318993522815485,0.024788535925294772,0.02618491588252054,0.027167687294797856,1.0
2016-06-30,252,2015-06-19,227,2871,1720,0.5990943921978404,-0.001755534355202007,0.03784751319897165,-0.0021721743097076435,0.02719274932153091,0.9331168619696109,1678.968253968254,1678.968253968254,1720,1.0026269477990517,0.7689945051636392,0.9192877706877416,1.0421212406422617,1.1252115421626765,1.1882811869795271,0.6514885442714148,0.4819972645673139,0.593865300449906,0.6749093982932481,0.7377391507773244,0.7887433302444442,0.9790697674418605,0.8883720930232558,0.40348837209302324,1720,1.2962024709079314,1.0645864140588386,1.2246932917264752,1.337042237256742,1.415852517035275,1.4787010015739832,0.5762021095012868,0.4304227985797237,0.5182354444352822,0.5853038844593701,0.6539583521331787,0.7080554214256979,0.977906976744186,0.7912790697674419,0.11918604651162791,1720,0.6215466359743399,0.6563766611986129,0.6736704977788769,0.6983451983146558,0.994499080969764,0.9379961522106701,0.02395012954360888,0.02051904269028623,0.02283085032817384,0.024460792400063148,0.02576310856323196,0.02682002031239009,1.0
2016-07-29,252,2015-07-21,227,2884,1797,0.6230929264909847,-0.0005170196836496597,0.03240171511659015,-0.0012942373766838366,0.023980584086231955,0.9520309191475723,1766.9246031746031,1766.9246031746031,1797,1.000678480131467,0.747539444945725,0.9097880152030595,1.0314083161155203,1.1261794436416555,1.2075324821320468,0.6201883436069192,0.46370238575885536,0.5550393041464436,0.6397528065281292,0.7057665662018593,0.7568188150256415,0.9799666110183639,0.8486366165831942,0.2659988870339455,1797,1.2871706070340863,1.0446186919944236,1.2026516940158545,1.319504258561003,1.4154977545815244,1.4954090061926184,0.5707439464342694,0.42294759787568187,0.5047862329779761,0.5777073986215719,0.6516771124131931,0.7095620281028288,0.9810795770728993,0.7623817473567056,0.11741791875347801,1797,0.6087743489030212,0.6393602140875532,0.6550041588796601,0.6727916709411907,0.9996149281640883,0.9574421243968387,0.023446524668186457,0.020191601500737243,0.022239131826543045,0.02390248564906315,0.025213461048190954,0.02618489116594804,1.0
2016-08-31,252,2015-08-21,227,2914,1857,0.6372683596431022,-0.00037287285929434716,0.029805464479970636,-0.0007618344422039877,0.022059897966228512,0.9517930131063004,1828.7222222222222,1828.7222222222222,1857,1.000833078258345,0.7436821335194622,0.9053023941864572,1.0301930847168814,1.1292513318388655,1.2188967976456067,0.6112116310112542,0.44856238007897153,0.543008515576918,0.628659718985472,0.7010527972031219,0.751370449603241,0.9779213785675821,0.8336025848142165,0.25309639203015616,1857,1.2879933772148504,1.0388165274149486,1.1983733354076822,1.319790378326818,1.4175619750934194,1.5089503318831186,0.5624854608765065,0.41705734354372126,0.4938248362120377,0.5679710441909156,0.6410307662635356,0.7031299308848091,0.979536887452881,0.7345180398492192,0.1050080775444265,1857,0.5990405916414047,0.6278734075915886,0.642526852323103,0.6615671905733476,0.9996333163825504,0.9571132225126209,0.023044131021836355,0.019524296406953603,0.021685166652262125,0.023586169096156993,0.024987213497525612,0.0259166389131552,1.0
2016-09-30,252,2015-09-22,227,2936,1939,0.6604223433242506,0.000616015365966439,0.024588035156534533,-0.00010363905716864647,0.01846731775973162,0.9677090129974097,1906.936507936508,1906.936507936508,1939,1.000372669597097,0.7468718640826176,0.8884515441013928,1.0179915907293164,1.1395002451437701,1.2335944062246609,0.5529684982486918,0.3950290780061164,0.4800012353901677,0.561628607318191,0.6385272453433501,0.7028300613610718,0.9721505930892212,0.7044868488911811,0.10778751933986591,1939,1.2880876117470867,1.0038849709160635,1.1733531074126031,1.3102328370951137,1.4374849063971533,1.5396377681878264,0.5255351706962188,0.374254934697516,0.4469444514950711,0.5254236473159194,0.6096144222719266,0.6767454071093736,0.961835997937081,0.593604951005673,0.06704486848891181,1939,0.5439279958006653,0.5717737126491386,0.5823124915509342,0.6003945168571008,0.9994093804511501,0.9740159013701019,0.02254437779846737,0.01898130726560688,0.021062259042173896,0.022879740068437904,0.02447465429557142,0.025757555438419337,1.0
2016-10-31,252,2015-10-21,227,2958,1977,0.6683569979716024,3.148124056363155e-05,0.023696221325746607,-0.00041891734161560786,0.017781723276143985,0.9676302520621977,1945.4325396825398,1945.4325396825398,1977,1.0002963391528403,0.7379922662791509,0.8850942095520425,1.0211847599314317,1.1436580874865419,1.2386093274549625,0.547562483551169,0.381840249913118,0.47400006555764024,0.5577911150042177,0.6343380958845662,0.6972350881773615,0.9635811836115327,0.6848760748609004,0.09610520991401113,1977,1.288630809837269,0.9979652420397287,1.1740628431124582,1.311701290750832,1.4461269878193268,1.5445698741208511,0.5202609698293902,0.36833591387609077,0.4403961366407295,0.5242533254799236,0.6048482113254449,0.6750075804181754,0.9559939301972686,0.5816894284269094,0.06474456246838645,1977,0.5380490415482799,0.5660142193565111,0.5768395890705671,0.5960223934493339,0.9993709985739159,0.9741160224685108,0.02231263477434949,0.018579771240891677,0.020749318138452932,0.022707444277934384,0.024302545497300234,0.025531019386835763,1.0
2016-11-30,252,2015-11-20,227,2992,2042,0.6824866310160428,-0.00031262460722632386,0.022239109143224762,-0.0005278613027865179,0.016952124430256114,0.9694980209203273,2009.9285714285713,2009.9285714285713,2042,1.0004573308349625,0.7442910052226898,0.8883144165886471,1.0196234021977792,1.1421749668742505,1.2355379694976025,0.5388075994766501,0.36228012614193705,0.46083621847372436,0.5482636917845662,0.6326466415423546,0.6951541259257943,0.9505386875612145,0.6513222331047992,0.09157688540646425,2042,1.2727874955682716,0.9889649720174182,1.1584342938179824,1.300323916949886,1.425294732425722,1.518645572503516,0.514616760448969,0.3465611474525347,0.4304630037538921,0.5207035956980084,0.607863093420487,0.6790345520742135,0.9397649363369246,0.568560235063663,0.07394711067580803,2042,0.5307946545344031,0.5596433171250892,0.5711884971007828,0.5891671837963146,0.9993995621615132,0.9757526442781117,0.021925300279023962,0.017847717067236,0.020370143922077328,0.022362657937775917,0.024025514596496607,0.02530203096089022,1.0
2016-12-30,252,2015-12-22,227,3037,2092,0.688837668752058,-0.0006970032941889738,0.02174076051712798,-0.0007789700836551367,0.016385838084317105,0.9733780549170863,2060.3492063492063,2060.3492063492063,2092,1.0006435403458127,0.7437089261817281,0.8831200998989681,1.0192701470013408,1.1447371521773309,1.2477741566123612,0.5467743472654444,0.3587578224521477,0.46401663829835943,0.561719766238068,0.6481445049381466,0.7123552551612083,0.9450286806883366,0.6754302103250478,0.12045889101338432,2092,1.2925426116324328,0.9936433612374476,1.166501955389651,1.3184065577999546,1.454494530855172,1.5625475474283546,0.524632452953502,0.34632889813494044,0.44514911497455206,0.5360023439307026,0.6190077682050036,0.6868694831796042,0.9421606118546845,0.6027724665391969,0.08269598470363289,2092,0.5378928316104189,0.5627493811547405,0.5755310732404921,0.5933082895848182,0.9995394103016441,0.9784252807033981,0.021638880208284184,0.017517794215097377,0.019960763125958264,0.022180247299108422,0.023875543494376757,0.025069599956095368,1.0
2017-01-26,252,2016-01-18,227,3090,2109,0.6825242718446602,0.00043147367241663033,0.0187870401193118,0.00027902438970170884,0.01364500815942389,0.963159980691471,2078.5158730158732,2078.5158730158732,2109,1.0004376189461874,0.7177155981569597,0.8583846568937923,1.0143163925888912,1.1596381166240206,1.2952658386801934,0.4952115912697126,0.3068527988604133,0.40748616765000273,0.503783190030881,0.5995558970615015,0.6714806399735203,0.905642484589853,0.5116168800379327,0.05879563774300616,2109,1.326668406197187,0.9894843753680834,1.1652304786867238,1.346734744182065,1.5149419283241083,1.657232317268426,0.46631135531636164,0.2931754449609453,0.3835778948968792,0.46862310000623286,0.5624837604265561,0.6331831248962877,0.8909435751541015,0.41251778093883357,0.027501185395922237,2109,0.48737721678177914,0.5122998891547158,0.5237979277429976,0.5416634414772691,0.9995322330531677,0.9688220532432235,0.02149898830616351,0.01697966730165528,0.0196646078571793,0.021951969663981878,0.023981739115060068,0.02544539319689628,1.0
2017-02-28,252,2016-02-18,227,3122,2136,0.6841768097373478,0.000430450503666366,0.016426888147316833,0.000377138402808188,0.011628844990413962,0.9549043499122043,2104.8293650793653,2104.8293650793653,2136,1.0005792536857405,0.6931242254988037,0.8508356513724638,1.0145967658226311,1.1666774868959078,1.3131764777770853,0.445922295571282,0.258177223523972,0.3551444111074963,0.45097808231615133,0.5481165540619614,0.6279722469167732,0.8473782771535581,0.3609550561797753,0.02294007490636704,2136,1.3497956603684158,0.9941202054270528,1.1766553549089407,1.3660297639340915,1.5440634009176257,1.7022152327130193,0.41344834586034107,0.24781034221070047,0.3304587119215294,0.412993082773305,0.5032958506652557,0.5802223407686906,0.8183520599250936,0.25936329588014984,0.007958801498127341,2136,0.43843558961217294,0.4662415606305055,0.47886582319934334,0.49820667687914877,0.9995304171549318,0.9604931661663617,0.02128300864779154,0.016196029559691027,0.019163975590338264,0.02175831970243325,0.02405765347043995,0.025801390269463948,1.0
2017-03-31,252,2016-03-22,227,3170,2163,0.6823343848580442,0.0002266974797436878,0.01313418405618656,0.00017838691724909056,0.00926210394857466,0.9515329563177235,2133.0515873015875,2133.0515873015875,2163,1.0007813458082946,0.6521492728062266,0.8202902524561049,1.0090000503805938,1.1900429551138059,1.360711012602506,0.36219212944065443,0.1873004849104332,0.26880891472954926,0.35849219463297943,0.4528623796063145,0.5481528779160175,0.6763754045307443,0.17105871474803513,0.004623208506703652,2163,1.3499877292904832,0.9444404717551356,1.1273216827379082,1.3539999474180362,1.5682742388360684,1.7751387831509702,0.33458459834535775,0.17728659744541184,0.2509713939221511,0.32647393293220495,0.4195425366429921,0.5012023576878326,0.5857605177993528,0.10032362459546926,0.0,2163,0.357132692747894,0.38120004541955316,0.39534981284301224,0.4177030239892147,0.999206462755837,0.9582314016643232,0.02104811005180218,0.015351843522536704,0.0184433193319391,0.02134731745075797,0.024039518709987908,0.02650928096547341,1.0
2017-04-28,252,2016-04-18,227,3208,2189,0.682356608478803,-0.0002895980835217334,0.012812976649737247,-1.1898424345974134e-05,0.008853948026965947,0.9496756398186532,2160.0158730158732,2160.0158730158732,2189,1.000948100312723,0.6391274943959735,0.8168502668870236,1.0099743501685232,1.1963956467214227,1.3670484923540216,0.3495254168225836,0.16976461135012733,0.2547882530126383,0.3471022767211949,0.4418470394416757,0.5344916802013203,0.6253997259022385,0.14709913202375513,0.004111466423024212,2189,1.3745626908670454,0.9478966831824901,1.154375357536148,1.387821895693393,1.605272343432457,1.808388470526526,0.3208986430463617,0.16492716445033712,0.23511721276574463,0.31447591902873107,0.40429128855433083,0.48739763006593695,0.5536774783005939,0.08451347647327546,0.0,2189,0.34456134697800134,0.3678473877604582,0.38382137941921857,0.40657892365710085,0.9992738959941906,0.955500462348783,0.020870375718203923,0.014756744229547255,0.018068591345929225,0.021251882064348342,0.02409810855943174,0.026455416972895038,1.0
2017-05-31,252,2016-05-17,227,3246,2210,0.680837954405422,-0.0001659162232501822,0.011928599048556917,0.0002461394254159618,0.0080925233543168,0.9270075922029596,2181.404761904762,2181.404761904762,2210,1.0007727768119175,0.6167981546216122,0.8001005163289598,1.0113386278327563,1.1912354456378682,1.388748364628095,0.3221631122570425,0.15153572654496625,0.2327854812230228,0.3163051372341371,0.41238027059911897,0.5003618080096769,0.5533936651583711,0.10090497737556561,0.0013574660633484162,2210,1.3665968238724309,0.9143650610612919,1.132792607347638,1.3708172732366133,1.5954081043004738,1.8223345224040077,0.2826918263069302,0.14031716023067006,0.20078513601413334,0.2742259956213657,0.35896626002268756,0.43391462416370663,0.416289592760181,0.03484162895927602,0.0,2210,0.31810180090808166,0.34231083009355157,0.35985570885533336,0.3821228550720929,0.9992540539592215,0.9322047677009773,0.020711151284207904,0.014418104040275707,0.018002958614467622,0.021056974350041932,0.024078529398535546,0.026613688321854907,0.9995475113122172
2017-06-30,252,2016-06-20,227,3282,2231,0.6797684338817794,-0.00018632789515621163,0.010959662946368333,0.00029110837215449043,0.00723089499602504,0.8990799343009727,2204.1150793650795,2204.1150793650795,2231,1.0003712512397063,0.5833985211217051,0.7863016813574466,1.0114361929264473,1.214887394159606,1.409768244003476,0.29640011148162887,0.12745165108077122,0.20030368770695312,0.29057283152993224,0.3845312302902705,0.47920041997224105,0.4715374271627073,0.07709547288211564,0.00044822949350067237,2231,1.3632956479574312,0.8861415280540192,1.1175085322156044,1.371474278205776,1.6021167628697588,1.8310533877439688,0.24482996483281577,0.11399696325768101,0.17036229006255232,0.237622855396398,0.31421293425682717,0.3874163473387425,0.28103989242492156,0.010757507844016136,0.0,2231,0.29368222066258226,0.31851404066218936,0.3360512081961168,0.35962700789449875,0.999190078886905,0.9008423609884726,0.020470239645287,0.013690914998554855,0.017265937642522336,0.02091164135538354,0.024195200067428493,0.027007854775785736,0.9986553115194979
2017-07-31,252,2016-07-19,227,3311,2271,0.6858954998489882,-0.0004717930382410541,0.011341286718647682,0.00012350237053068607,0.007120594744572516,0.8915626725518723,2243.6150793650795,2243.6150793650795,2271,1.0006740329285584,0.5748415079035858,0.7802742357975689,1.0140338424108322,1.23052526465213,1.4291027941112662,0.3116440038123765,0.12894236099204245,0.20718393820315933,0.3045814095993792,0.40893262809916486,0.5074393477699203,0.5143108762659622,0.1096433289299868,0.003963011889035667,2271,1.4204771519111827,0.9054031040325973,1.1632033113676628,1.433629064025114,1.6864600812202517,1.9228785439488167,0.25130952796471867,0.11505021384472598,0.17476595521810812,0.24388857706674646,0.3233183187415559,0.39682989191371254,0.3108762659621312,0.014971378247468076,0.0,2271,0.3084723437202656,0.3336242393538033,0.35125292727884166,0.3764207899634421,0.9992394179500026,0.8902162132798614,0.020218395847519624,0.01330054055535121,0.016993737211792648,0.02069460162834672,0.02409826304166581,0.02695265245721298,0.9947159841479525
2017-08-31,252,2016-08-19,227,3347,2284,0.6824021511801613,-0.00038299038364557206,0.010876819704747392,0.0001547760965750298,0.006760747822539768,0.8802084853251858,2258.8333333333335,2258.8333333333335,2284,1.0003439272294437,0.557290253736248,0.7857000201115194,1.0145843429212662,1.2325946419951435,1.4389928362541897,0.2952678299901067,0.11641348224525885,0.19222525162389706,0.2868604839063401,0.3863946410979149,0.4889743784536125,0.45928196147110334,0.08844133099824869,0.0021891418563922942,2284,1.4165991837326448,0.8874593238507561,1.1557231121579012,1.4298093540869878,1.688326451829453,1.9296653023179071,0.23216091874893324,0.10509715306060825,0.15657508088266994,0.22320042738216583,0.2983135335613458,0.36964796458204474,0.24387040280210157,0.008756567425569177,0.0,2284,0.2930214707182572,0.3202695827280749,0.33754093083936976,0.36408094448487666,0.9990672385738033,0.8773949712022258,0.02011162647651672,0.012964122488952314,0.01678308578651739,0.020562141311764016,0.024032221234512548,0.027111141766024128,0.9943082311733801
2017-09-29,252,2016-09-21,227,3384,2344,0.6926713947990544,-0.0002747087028420513,0.010753900504948875,0.00028283296798101517,0.006564584618735155,0.8758971443582743,2317.9444444444443,2317.9444444444443,2344,1.0004954995274484,0.5392020478925532,0.7686723765055092,1.0086113492712863,1.2356382416793246,1.4581061539003854,0.2883558783954683,0.11137977498605427,0.18690076547875506,0.28114148965870656,0.3791784742799588,0.47187405901421614,0.4475255972696246,0.07423208191126279,0.0029863481228668944,2344,1.4358825264285247,0.8776491967576809,1.1575077368514595,1.440980576088713,1.7191243654629886,1.9763004680106353,0.22409686173113844,0.09916965337835958,0.15038983144423201,0.21524940088047903,0.2866659644139664,0.3581801782681986,0.21715017064846417,0.008532423208191127,0.0,2344,0.2861461232893349,0.3135796475815799,0.3309278185887869,0.35856655361661083,0.9989433616497482,0.8717713211315944,0.01980711821913615,0.01268504036190929,0.016506907035683104,0.020345638729106687,0.023736084001878894,0.026532708963466795,0.9927474402730375
2017-10-31,252,2016-10-21,227,3411,2379,0.6974494283201407,-0.0005073921731411445,0.010834533392778964,0.00023998080031870767,0.006349342553735588,0.8658808502605041,2353.595238095238,2353.595238095238,2379,1.0003045808923083,0.5153328528617058,0.7675561019016575,1.0151390806068576,1.2452396828012575,1.4793680432757548,0.28763196953318027,0.10863723377396817,0.1881473728283823,0.2822562252764453,0.3806526982766296,0.4772582284267738,0.4485077763766288,0.07524169819251786,0.0029424127784783522,2379,1.4778744881163608,0.8815885271608799,1.1900590586754163,1.4917212543789757,1.7768035904506752,2.048001319771094,0.21782145560151486,0.09538318049039088,0.14655440386036406,0.2084240980981409,0.2798042134615862,0.3538523251755367,0.1950399327448508,0.007145859604875998,0.0,2379,0.28563542549324583,0.313237744777305,0.33024220218171224,0.35772233700908335,0.9989384393268956,0.8604580067206238,0.019590247856377314,0.012289398328005517,0.016457977986227838,0.020292040513091223,0.02363211772651848,0.02650334231130695,0.9907524169819252
2017-11-30,252,2016-11-22,227,3447,2433,0.7058311575282855,-0.0009559316022719584,0.011162847554254503,-3.548835186001519e-05,0.006561305049335703,0.8530010831550414,2406.6388888888887,2406.6388888888887,2433,1.0007101366352025,0.5235333307057745,0.7678320467268492,1.0119600554729444,1.2370732430533498,1.489257597618576,0.29443789174177815,0.10776587798231041,0.19038734605128796,0.28795408316722293,0.3904510900424171,0.4904132305027253,0.4599260172626387,0.08919030004110153,0.0032881216605014385,2433,1.4526624423528467,0.8845193363975331,1.1742585914267027,1.4727520153147442,1.7339276148184883,2.008163513227424,0.21572758318279833,0.09449419084078182,0.14596108915615258,0.2102889907757684,0.2777140169624716,0.34481658117908415,0.19112207151664612,0.0032881216605014385,0.0,2433,0.2920210988499189,0.31907595185533344,0.33731124999653206,0.3644797133604368,0.9988487315067424,0.8447512187230634,0.019348824225194624,0.011996210786427406,0.016196135189982634,0.019992362796916924,0.023417683380591643,0.026248372293558638,0.9889025893958077
2017-12-29,252,2016-12-21,227,3470,2485,0.7161383285302594,-0.0007264439178700479,0.010867227686111574,0.000185478900346,0.006320215809372032,0.836273001728444,2458.095238095238,2458.095238095238,2485,1.0008131383764103,0.505660085800896,0.7551248063831278,1.0075540112175607,1.249815797856099,1.506623607480348,0.2826381730204877,0.09737263431498054,0.18096433816658716,0.2756681197731299,0.3772388500775987,0.4744845990572822,0.43380281690140843,0.07565392354124749,0.0036217303822937627,2485,1.4387428983899346,0.8612397360647832,1.144803450898929,1.4429461530248109,1.7417447295995299,2.004862304477668,0.1980809391383599,0.08869068676044549,0.1344652518306048,0.19172761655841075,0.25268430356053156,0.3170841744010648,0.13400402414486923,0.00040241448692152917,0.0,2485,0.28063881549722003,0.3078780301149388,0.3262898251312595,0.35426779429735833,0.998610498201149,0.8241885744817357,0.0190956439321162,0.011546431617690632,0.015968664157554675,0.01976551178726067,0.02321596097509825,0.02605792618705811,0.9871227364185111
2018-01-31,252,2017-01-23,227,3485,2527,0.7251076040172166,-0.0006520377278434818,0.010713858332343973,0.00039172077980406363,0.006342672539895636,0.811336577383236,2501.84126984127,2501.84126984127,2527,1.0005061878922943,0.4965529631984533,0.7494762481832131,1.0006989026820994,1.2583157276245966,1.5086370097393793,0.27358268263508495,0.09211924388972377,0.17228520669339553,0.2674381614350483,0.3664301352334899,0.4565290903521087,0.4147210130589632,0.06252473288484368,0.0031658092599920855,2527,1.371163548456968,0.8076981683485609,1.0923788161774959,1.3656112625771066,1.6614104811838473,1.9207670547006441,0.18009686080750267,0.07880215301059175,0.12200304816516347,0.17404301316084816,0.22862232023241263,0.2887721981715531,0.08349821923229125,0.0003957261574990107,0.0,2527,0.272030625148838,0.30017755450521233,0.31823335014056126,0.346769723741227,0.9983683256122018,0.7967236193020657,0.0189196135353967,0.011427274137043282,0.0157305061864984,0.019683928580016878,0.02312180721155919,0.025816818702334928,0.9889196675900277
2018-02-28,252,2017-02-20,227,3496,2537,0.7256864988558352,-0.0010325048603858633,0.012099115044843187,2.075963393374787e-05,0.007693688188093486,0.7935721076763651,2508.8174603174602,2508.8174603174602,2537,0.999501986348437,0.5378001297095053,0.7694755466977,1.0041962765684254,1.2428523309585033,1.4550175207047142,0.3089059876201028,0.11950115987487234,0.2064482765397776,0.30643944780775273,0.406977679302845,0.4994091371076558,0.5206937327552227,0.09972408356326369,0.0035474970437524636,2537,1.25112208192324,0.7939560952670267,1.0056772558500853,1.2476483358292223,1.5000355225649988,1.722047800544409,0.195597613299473,0.09330198709123304,0.13693619531063128,0.19097171753683553,0.2448786830160232,0.305521151202058,0.10760741032715807,0.00039416633819471815,0.0,2537,0.30578042611996825,0.33599326326381984,0.35435325350342484,0.3833581722729869,0.998574771640004,0.7766987431849516,0.0190303809858829,0.012093502342023037,0.016003575001707387,0.01972330148492392,0.022864475464497973,0.02546297491718693,0.9913283405597162
2018-03-30,252,2017-03-22,227,3506,2566,0.7318881916714204,-0.0010646842179174078,0.012968207545581999,-0.00015926330743479256,0.008210002046297508,0.8079859041688392,2538.8650793650795,2538.8650793650795,2566,1.0001973272710631,0.5363203467582897,0.7734368955427565,1.0057330390526196,1.2405889732650444,1.462810509235449,0.3258454551541543,0.13548508627628514,0.22377207267000565,0.3252583705643213,0.4254619351151148,0.517659235136467,0.563912704598597,0.12392829306313329,0.006625097427903352,2566,1.2770984611012375,0.8116625826285977,1.0275847308693495,1.2693298232270667,1.5427193241407529,1.7556314538462638,0.21383344956343062,0.10453290150814341,0.15090942634939514,0.2114964846118388,0.2681586138920325,0.3234723303638726,0.14886983632112236,0.0019485580670303975,0.0,2566,0.3229171396221753,0.3530482656477841,0.37163546526754915,0.39967615730708905,0.9989589160975988,0.7946197627873582,0.018996627989226036,0.012619878948266935,0.01621168515086021,0.01968719801655954,0.02264609956149561,0.025048017590559392,0.9922057677318784
2018-04-27,252,2017-04-19,227,3515,2593,0.7376955903271692,-0.000930643620079724,0.013020111114289213,-0.00018544730235048302,0.008500007184238267,0.804287818407465,2568.1785714285716,2568.1785714285716,2593,0.9998922799137306,0.5511095701795165,0.7763251279576364,1.0093840854090022,1.2419947756202072,1.4444460972238453,0.3274189378884873,0.13778566125555264,0.22260206917465789,0.3273507676953901,0.4237350448917052,0.5204512503581267,0.5750096413420748,0.12456613960663325,0.0038565368299267257,2593,1.232326614951766,0.783058115474783,0.9926061611701298,1.2309358536603179,1.4823047256580588,1.6871408123506875,0.21389917115309612,0.10349359839151473,0.15227790771309124,0.20885831980196823,0.26882056891801365,0.32874526107781865,0.1561897416120324,0.002699575780948708,0.0,2593,0.32487645840851453,0.3554478835577419,0.3739588262648026,0.40180666472760207,0.9990794670119058,0.7921744829326625,0.01892688076811797,0.012590097457673798,0.016088583979394677,0.01957893627738811,0.02241590862358345,0.024943230693000498,0.9926725800231392
2018-05-31,252,2017-05-22,227,3523,2630,0.7465228498438831,-0.0007311976786634499,0.013138786803720989,-5.490403453178431e-05,0.008727376396320973,0.8071077774032638,2605.531746031746,2605.531746031746,2630,1.0002057975664178,0.5482000126550509,0.7652804852528773,1.0015978364218652,1.2448649585934128,1.4672366756635082,0.33156989598558084,0.13616652632679932,0.22786137790219846,0.32964083028269364,0.4342174240404066,0.5240356993645479,0.588212927756654,0.12927756653992395,0.005703422053231939,2630,1.2146488710636778,0.7560554558744048,0.9733675214663531,1.2122551190436845,1.4675408744981326,1.677930096901586,0.2187291709859843,0.10568824222231482,0.1563880628171551,0.2162969483402688,0.27604936862654067,0.3350000865239562,0.17186311787072242,0.003041825095057034,0.0,2630,0.328642901698298,0.35859369666661584,0.3763623978555669,0.40400943642226156,0.9992037033717199,0.7973692137525324,0.01881575043500444,0.012366923767671373,0.01601748810647413,0.019384137197905493,0.02235345948008223,0.024646692789808702,0.9950570342205323
2018-06-29,252,2017-06-21,227,3532,2647,0.7494337485843715,-0.001165230318762819,0.013932144885222902,-0.00045124956284087615,0.00942445980254444,0.8350614938623017,2623.876984126984,2623.876984126984,2647,0.9992386761099613,0.5858186173383719,0.7759847709955323,1.0139788874860975,1.227869538405525,1.426362986406,0.3504020450512136,0.15631835483830278,0.24744031076184234,0.3499547008268009,0.4565217092762499,0.5436694990558468,0.6259916887041934,0.16773706082357387,0.007177937287495277,2647,1.2334167570109518,0.7890772245519543,1.0073557454622817,1.2437271526975373,1.4790367764711962,1.6699249677079715,0.2468626254784503,0.12418363201618358,0.1816669690078195,0.24367662030238169,0.30816327415715783,0.3693010058231721,0.280695126558368,0.006422364941443143,0.0,2647,0.34780193113897684,0.3771729672447643,0.3940477198395701,0.4209321027417498,0.9991867176615737,0.8282187095745966,0.018829861365871284,0.012846127966042691,0.016153258152532525,0.01942424480196749,0.022268478582105053,0.024349917599606693,0.9965999244427654
2018-07-31,252,2017-07-21,227,3536,2695,0.7621606334841629,-0.0009875011358121235,0.013951437670489975,-0.000509006702326689,0.009986710427225848,0.8401184511722875,2673.2380952380954,2673.2380952380954,2695,0.9999340105203985,0.5928963892880192,0.7853835395282167,1.0092971935702424,1.2157132201517515,1.4210759178631973,0.34556707963273053,0.15807866697955733,0.2468125784834382,0.3458096389921775,0.44868091498739077,0.5353480973458223,0.6192949907235622,0.15176252319109462,0.005936920222634508,2695,1.1737641452337293,0.7575076546382178,0.9602497565728475,1.1832692160106064,1.3961343111025335,1.5793820496873308,0.24741692323885897,0.12652194090124608,0.18272567211996113,0.24445437081659951,0.30805764490556997,0.37216151298398575,0.2797773654916512,0.007792207792207792,0.0,2695,0.3438058480257728,0.371691608127404,0.3890828761867529,0.41640012103540874,0.9989832916682017,0.8356301745267455,0.01870573012626105,0.012866726803731635,0.016134345509957123,0.019165171638340223,0.021967132947897462,0.024061657974599658,0.9996289424860854
2018-08-31,252,2017-08-23,227,3542,2774,0.7831733483907397,-0.0014680752515717388,0.014439137729559882,-0.0008153708984573418,0.010652946886699806,0.8517823821013634,2751.7698412698414,2751.7698412698414,2774,0.9999645595011927,0.6042135454961863,0.7904547472552693,1.0050320095702494,1.209660647252901,1.41153943292156,0.35649611145214294,0.17168130891447841,0.25741091618458734,0.3549329645629316,0.4602083246852586,0.5445644904136959,0.6459985580389329,0.17159336697909156,0.007209805335255948,2774,1.154626440347267,0.7468853005647582,0.9521659670934903,1.1637860197087713,1.3658854697592573,1.552071117440429,0.26293372944004556,0.1372277230013578,0.19621846507515178,0.25900431655821265,0.32694389411479147,0.39353394512064516,0.34138428262436915,0.012617159336697908,0.0,2774,0.35492152598649523,0.38073404900515656,0.39922463840302813,0.42602518219495966,0.9988033860847544,0.8493941807019193,0.018485987461838917,0.012976127181934688,0.015928384474861418,0.018910345768650562,0.021594349026450167,0.02357084490924132,0.9996395097332372
2018-09-28,252,2017-09-19,227,3553,2834,0.797635800731776,-0.0016965020885052016,0.0146611194697145,-0.0008286845577103509,0.011021208799829025,0.8544160888487762,2812.5992063492063,2812.5992063492063,2834,0.9999367159289968,0.6053471434102679,0.7929553437806997,1.0049631314268834,1.2090814991101146,1.4013391068235956,0.3629522755225084,0.17196524333775198,0.2636689334708885,0.36290119353224914,0.4678714433467594,0.5516963349595677,0.6633733239237827,0.1838390966831334,0.007410021171489062,2834,1.1363269593864374,0.7390029468873582,0.9399068111520588,1.1474239221596145,1.3406968904304348,1.5223196262870173,0.26954679279899324,0.13941420390307496,0.20078574317401263,0.26687599495996567,0.3345835620734185,0.40468529119778823,0.37155963302752293,0.019054340155257588,0.0,2834,0.36142375203403493,0.38782655845489106,0.4067621677048175,0.4323840585041783,0.9987526752130766,0.8525327522045012,0.018298053788810432,0.012751446263168688,0.015837992673118764,0.01875272517144945,0.02136625166538159,0.02331732514650604,0.9996471418489767
2018-10-31,252,2017-10-20,227,3558,2899,0.8147835862844295,-0.0019781897652611565,0.01613085377719469,-0.0011939818588423362,0.0126198764102001,0.8772996075635962,2877.2738095238096,2877.2738095238096,2899,0.9999266901926234,0.6355832020364642,0.822902447574875,1.0134430159869332,1.1942501629865534,1.3530865340691962,0.3981752791211019,0.2019212005011265,0.29651248075490366,0.3988762429091556,0.5029078165046945,0.5900801391034184,0.7430148327009314,0.25457054156605724,0.014142807864780959,2899,1.1209385795987972,0.7736652969145528,0.9554061991220775,1.136857155131107,1.3039531925132501,1.4497265898946265,0.3108078119274672,0.1699002374103577,0.23915032173184006,0.3096439233734419,0.3805618888687678,0.4574245284419922,0.5377716453949638,0.04794756812694032,0.00034494653328734045,2899,0.3964611372525211,0.42131053197061435,0.4399846596999381,0.46444508074835394,0.998927746635068,0.8768693337811291,0.018170430265237063,0.013161708441229134,0.01588711323439864,0.018554803372689405,0.020930983632753503,0.02272638119112194,1.0
2018-11-30,252,2017-11-21,227,3566,2953,0.8280987100392597,-0.001589561279930241,0.01655762248862735,-0.001211112768881242,0.013095763826185602,0.8885679777249351,2933.0396825396824,2933.0396825396824,2953,1.0000767374574404,0.6542358327654165,0.830752465400133,1.0154734709447752,1.1843214884530875,1.3323585380021696,0.404686134885867,0.21134191808009067,0.30477053055070563,0.40587602333147427,0.5060125055412409,0.5936470632852843,0.760921097189299,0.2637995259058584,0.016931933626820182,2953,1.12345968488203,0.7806700012313808,0.962394180819776,1.1393031091410928,1.3004457270680112,1.4436676434709217,0.32472509411438977,0.17726211674053813,0.25077302396177586,0.3238549590262184,0.3982850810059126,0.47510916655360025,0.5871994581781239,0.06942092786996275,0.0003386386725364037,2953,0.40293996590489317,0.4276313848479653,0.44607569075698017,0.470826295526989,0.9991192448086819,0.8900731745056281,0.018041336168918412,0.013159547902223177,0.015870814559479814,0.018400502643597764,0.020620804570312578,0.02236726966791825,1.0
2018-12-28,252,2017-12-19,227,3568,3008,0.8430493273542601,-0.0015749275033578511,0.016604443533247328,-0.0012094912823603185,0.013205102222794593,0.8977610442950485,2989.2579365079364,2989.2579365079364,3008,1.0000511106041614,0.6614292908177491,0.8350815751272285,1.0158252075021392,1.1855374725282797,1.3238318239882731,0.4052610305010641,0.21248575184601198,0.3060629129712414,0.4041474778461276,0.5071032979317006,0.59684562741262,0.761968085106383,0.2666223404255319,0.018617021276595744,3008,1.128854866231724,0.7865752236437115,0.97153686931239,1.1472077030270593,1.307369512104789,1.4383498953004297,0.3320498672740208,0.18367939208900813,0.2555346646727369,0.3287642048541375,0.40869367261748635,0.4847090445259028,0.6117021276595744,0.08178191489361702,0.0006648936170212766,3008,0.4036606631419657,0.4275708799409507,0.44600733298102524,0.47067342590614974,0.9991547519531678,0.9001157265126255,0.017884843526589717,0.013113249667434162,0.015765399719632672,0.01818270722299026,0.020453997198215078,0.022193670501254325,1.0
2019-01-31,252,2018-01-19,227,3584,3066,0.85546875,-0.001681271793508901,0.016718037307966685,-0.001324767634657321,0.013327964955709913,0.8957145782516254,3047.940476190476,3047.940476190476,3066,1.0002202315395712,0.6601499198597469,0.838484032998623,1.0132402448817808,1.1865220068893696,1.3235208308984627,0.4042657492552434,0.21501860716098947,0.3060591013498193,0.40397608592859846,0.5033058236834693,0.5959405180895826,0.7606001304631441,0.25864318330071756,0.014024787997390736,3066,1.123612768724767,0.7781941180607361,0.9691226244215069,1.1475340885020378,1.3001459170241612,1.4314055293946784,0.3317632944320167,0.17591490379992597,0.2535398432495554,0.3296960232681724,0.4097521021958906,0.4891733430044175,0.6033920417482062,0.08773646444879321,0.0006523157208088715,3066,0.4023059252725745,0.42626473964256756,0.4455385304622499,0.46955412840459737,0.9991282852605848,0.900685694361612,0.017718645952316855,0.013046855045793296,0.015599704197054568,0.018051273007858644,0.020241306586392057,0.022029761618216126,1.0
2019-02-28,252,2018-02-09,227,3590,3099,0.8632311977715877,-0.000375683845695429,0.016671205855356606,-0.000476390202027062,0.013749701637358844,0.9165268700552504,3083.0,3083.0,3099,1.0000785799203742,0.6788535958675119,0.8384548375786071,1.0111879696436525,1.1794278765640116,1.3120238436921892,0.40755968526840625,0.22954299683917143,0.31302848734923394,0.40883341502704496,0.5070063405574924,0.5905954897669041,0.7773475314617618,0.26137463697967084,0.010971281058405937,3099,1.1113888680901085,0.7828411919710259,0.9662189622600138,1.1316554958660892,1.284219535475774,1.4086359262328374,0.3497172660484794,0.18952921013305546,0.2696937757716955,0.3460683085414975,0.43052389079102626,0.5124273728009899,0.6547273313972249,0.11390771216521459,0.001936108422071636,3099,0.4062022717601541,0.4288299823677126,0.44763772744190194,0.4720168510859915,0.999132960015465,0.9222382618741327,0.01765424482233154,0.013408833235747576,0.01564817685745047,0.01796166095891624,0.02004365895868117,0.02171698548221713,1.0
2019-03-29,252,2018-03-19,227,3601,3161,0.8778117189669536,-0.00034968064057591024,0.01732272639561907,-0.00034995385781423936,0.01415699977688586,0.9203091309113421,3145.6111111111113,3145.6111111111113,3161,1.0000976885973538,0.6867227257600859,0.8548597767667909,1.0145838210004043,1.1698770681228479,1.2906577203192573,0.408499705503717,0.23128385027571732,0.314585498369631,0.40863835971339163,0.5057041872118262,0.586727346526171,0.7788674470104398,0.2673204682062638,0.012654223347042075,3161,1.1256644108789398,0.8014739596526472,0.9862496388817337,1.1474820027806405,1.2908901856948927,1.4077637304448962,0.3530425414437376,0.19500643004549742,0.2700784899646756,0.3497464907138978,0.4354675694405583,0.516132144152313,0.6690920594748497,0.11800063271116736,0.002214489085732363,3161,0.40722614110064176,0.42942846491134457,0.4493798980736853,0.47356961264068564,0.999227314577358,0.9261745789526892,0.01749281029830354,0.01333314972845629,0.015542062800888457,0.017757816561746517,0.01981718214494624,0.021423076171100366,1.0
2019-04-30,252,2018-04-19,227,3611,3237,0.8964275823871504,-0.00047776025011996785,0.017369760456083034,-0.000191272790419409,0.01419683281563675,0.9225829430631382,3220.3690476190477,3220.3690476190477,3237,1.0001556289062876,0.6947487615478206,0.8542494747581781,1.0168138436959115,1.1609741108974523,1.2820015110640002,0.3996501038865394,0.2298924529452216,0.3075372827740756,0.3998140142118083,0.4934190573167042,0.5703386206385141,0.7692307692307693,0.2347852950262589,0.008032128514056224,3237,1.1284685117182505,0.813641556300531,0.9944688905686702,1.1474557980156557,1.286571532418131,1.4053944670510483,0.3468443661292844,0.19246945073213942,0.26751652848318475,0.34262079808483986,0.42732980677619564,0.5014382439793363,0.6465863453815262,0.10194624652455977,0.001235712079085573,3237,0.39837295081903007,0.4196760966613947,0.4392569746173745,0.4621565159076953,0.9993517099155466,0.9281572706953296,0.01730147687345078,0.01329346138933374,0.01537582115431232,0.01753232135930508,0.019576330545600967,0.021037486615515744,1.0
2019-05-31,252,2018-05-21,227,3623,3300,0.9108473640629313,-0.0007455395962155722,0.01829748305327178,-0.000554164885095752,0.015058737046103691,0.9307573814268613,3283.8492063492063,3283.8492063492063,3300,1.000221193034435,0.7070967084388514,0.8661307575932137,1.0206169910269405,1.1539071788520163,1.2666422842458749,0.4188089399825394,0.24566590804493776,0.32465089922063334,0.41844546161010776,0.5140599744496424,0.5927112125133279,0.8078787878787879,0.2833333333333333,0.013333333333333334,3300,1.130544003373344,0.8329309605689402,1.0045544257158938,1.1492544916021246,1.28407568319662,1.3969721577296406,0.3691368618265385,0.20975777541453036,0.2863882237889027,0.36775960354464765,0.45416720768181473,0.5280985436294496,0.7106060606060606,0.14454545454545453,0.0024242424242424242,3300,0.417258015779441,0.43786930091221143,0.4565080394795916,0.47833104758102857,0.999422659049633,0.936065570388792,0.017149588714733457,0.013308289834026684,0.015266843839229457,0.0173875851631698,0.019327488730858638,0.02076769863343997,1.0
2019-06-28,252,2018-06-15,227,3632,3356,0.9240088105726872,-0.00042899177087905193,0.01835340644963402,-0.00023276671780297678,0.015099283465767301,0.9306556556248161,3340.5476190476193,3340.5476190476193,3356,1.0004809631509661,0.7098108547140012,0.867236369177359,1.020674857065457,1.1540554954913225,1.26603204939134,0.4205651583110757,0.24936966279933837,0.3249686121737856,0.42010446100264215,0.5163458569856487,0.5966129158927418,0.8131704410011918,0.2857568533969011,0.015196662693682956,3356,1.1307480260359053,0.8358682760379463,1.0017433581738506,1.148771226644637,1.2819898676994124,1.395539457349249,0.3711779868132812,0.20498230705667492,0.2845492345477716,0.3684521123807485,0.4586559985447384,0.5344874677295728,0.7169249106078666,0.1540524433849821,0.0026817640047675805,3356,0.41853739451069594,0.4390542833165956,0.4571877151481026,0.47801602271698096,0.9994090459127145,0.9369443136931889,0.0170050225761602,0.013207775103886519,0.015096669809640683,0.017239101632301693,0.0191727234047029,0.020634183333135755,1.0
2019-07-31,252,2018-07-19,227,3666,3401,0.9277141298417895,-0.00015507519117272106,0.01734219466719015,7.936287147408925e-05,0.014490142545893082,0.9346764262477074,3387.6785714285716,3387.6785714285716,3401,1.0001538495602365,0.7129062768791643,0.8631964329876392,1.014380896559705,1.1576310195602193,1.2746750562007532,0.40341713746073987,0.23740396136148656,0.31306167688891307,0.40193526387303996,0.4927895502831933,0.5731807920285451,0.7815348426933255,0.2364010585122023,0.00911496618641576,3401,1.118729644559731,0.8238800097947172,0.987910032344194,1.1351440213835626,1.2702506650468364,1.3920777011250078,0.3597904473376313,0.1989765896337509,0.27429603131607416,0.35535948707245957,0.443453111097299,0.5251497213570104,0.6786239341370185,0.13290208762128786,0.0026462805057336078,3401,0.4023928443594026,0.42247187579788575,0.440999684386705,0.46201259649045184,0.9993206735768755,0.9413606810107809,0.016892439329885992,0.013052535536218178,0.01506535595176187,0.017120392045977012,0.01895364461467024,0.0205002336459392,1.0
2019-08-30,252,2018-08-20,227,3681,3451,0.9375169790817712,9.023104659156775e-05,0.01715503467268316,0.0002544107878561537,0.014208407468740641,0.9339677183078523,3436.6825396825398,3436.6825396825398,3451,1.0001408093742146,0.7053945867582674,0.8590303952361021,1.0145207619042484,1.1588388078688352,1.2789261186111418,0.4032380494803096,0.23028131900987658,0.3126230665067865,0.4003151651471606,0.4968515583918409,0.5790010792495403,0.7742683280208635,0.2407997681831353,0.011011301072153,3451,1.127745628793476,0.828927072546206,0.994249297120358,1.1432085491609456,1.281776310067257,1.4042919064803887,0.35929923550495857,0.19580868681184954,0.271224461869289,0.3575163250588262,0.4434939815258774,0.5284282484414474,0.6725586786438713,0.13995943204868155,0.0037670240509997104,3451,0.4022271416811058,0.42269775094305306,0.4397501895636561,0.45968796777371157,0.9992799323963861,0.9408083821061176,0.016750944925680543,0.012790781955503582,0.014929724253561759,0.016957887217426235,0.018907413718521036,0.020476328082065776,1.0
2019-09-30,252,2018-09-17,227,3692,3482,0.9431202600216685,0.00022396362709168707,0.017298953284009794,0.00029563215991339605,0.014177017962779684,0.9346444344400456,3468.4761904761904,3468.4761904761904,3482,1.0002207274589077,0.7002870181187755,0.854463544864106,1.013569626676283,1.1613184411019293,1.2850544676017996,0.4048007970309473,0.23075580469765178,0.3129283551821045,0.4029391509013829,0.499418697657498,0.5821925172659849,0.7788627225732337,0.24899483055715108,0.012923607122343481,3482,1.1407315379034082,0.8346758735440527,1.0020557524516835,1.152416300413933,1.3005067852347971,1.425943737776072,0.3613898202416379,0.19901622872079325,0.2735463744903137,0.3555290106401685,0.4463467261549133,0.5336233372028161,0.6771970132107984,0.14474439977024697,0.005169442848937392,3482,0.40365687356514723,0.424394621667428,0.44124421396744035,0.4610304305490905,0.9992434755766204,0.9416980116294005,0.01667362488609902,0.012764502930016432,0.014834490834894567,0.01692363284743118,0.01886630709232311,0.020397115996710832,1.0
2019-10-31,252,2018-10-19,227,3707,3517,0.9487456164014028,0.0008171145410687133,0.016228766569063715,0.0007013942107257381,0.013178902650644862,0.932096845490889,3503.0873015873017,3503.0873015873017,3517,1.0001688883847442,0.687064054336759,0.8479537957495323,1.009655903444329,1.1685096796153602,1.3028939148143512,0.37827631877184814,0.20981193984510602,0.2850351404768591,0.3752086688888878,0.4679695330333705,0.5512791922252075,0.7168040943986352,0.1833949388683537,0.004833665055444982,3517,1.148126357161176,0.8270815001762781,0.9983604147942712,1.1535729277237623,1.312839789581394,1.4566620089860922,0.33683001925008876,0.1819408309283257,0.24787773147158046,0.33035658014364844,0.41780143553687915,0.509734710949152,0.5891384702871766,0.11344896218367927,0.003696332101222633,3517,0.37734729227374547,0.3984485252119084,0.41557499991168967,0.43615645122046975,0.9990684349630441,0.9400538710849909,0.016564493359259642,0.012431994057660338,0.014593301946702974,0.016808882676885833,0.018773599280414253,0.02045019834241015,1.0
2019-11-29,252,2018-11-19,227,3735,3534,0.9461847389558233,-2.1221685536966155e-06,0.015665149364968635,0.0002558008926994835,0.01249983677608854,0.9352354579462853,3522.3928571428573,3522.3928571428573,3534,1.0001209835834863,0.6755887242644384,0.83671161726945,1.0115910273606747,1.1769226008480576,1.31515346062612,0.366737152489336,0.19348974465898686,0.27331078511401363,0.36451303355423903,0.4579748198251564,0.5421633487790244,0.6873231465761177,0.16185625353706848,0.003961516694963215,3534,1.171936497888354,0.8292968810171856,1.0090558754971157,1.1788038207946059,1.349858637261015,1.4979540473876236,0.3285950619322902,0.17099543522644026,0.23920334505623536,0.3223488722437381,0.4087320717134151,0.49940728167540405,0.5650820599886813,0.09932088285229201,0.0022637238256932655,3534,0.366221494572706,0.3881364625378659,0.40455817868806043,0.4255870474065723,0.998842468043942,0.9431735981465087,0.016499423762680793,0.01212951029683616,0.014431051476189357,0.01674995119278608,0.018831210725319042,0.020544468799206666,1.0
2019-12-31,252,2018-12-19,227,3760,3552,0.9446808510638298,0.0005834870111078481,0.015049539025546222,0.000697523129026624,0.012089470568599032,0.9317534179137177,3540.0714285714284,3540.0714285714284,3552,1.0000716573936057,0.6723226751896547,0.8318114196950148,1.0075781467129263,1.1764050401990527,1.3211609914892812,0.3536606060277912,0.18019872938044157,0.2595528182734287,0.3497522231174589,0.44305961094452007,0.5319988076920671,0.6503378378378378,0.14245495495495494,0.003941441441441441,3552,1.1597601939365594,0.8186565555540755,0.994366230321061,1.1600565941873344,1.33253498528423,1.4970752335435742,0.315078017947965,0.15948106347883653,0.22816069047974438,0.3059647357185069,0.3938832654778983,0.487591704386871,0.5180180180180181,0.08502252252252253,0.0016891891891891893,3552,0.35331461719618185,0.3764090814855045,0.3932540352803265,0.414921498691994,0.9986852700228845,0.940025856951286,0.016435019838411016,0.011852535841961493,0.014305808068978073,0.016655538036286957,0.018812429629350116,0.02062474992774419,1.0
2020-01-23,252,2019-01-14,227,3775,3560,0.9430463576158941,0.0005408908658932487,0.015147529435211126,0.0006907475777456394,0.012201394618213911,0.9354363645992914,3548.246031746032,3548.246031746032,3560,1.0000380371518665,0.6734458254160545,0.8324477376681155,1.0059728503843952,1.175056799404247,1.324224758061513,0.3530634274804837,0.1817269154696803,0.2609288647503304,0.34885965167490773,0.4388349604066796,0.5304509531386634,0.6530898876404494,0.13904494382022473,0.003932584269662922,3560,1.1611625945309108,0.8196539182525685,0.9909485381348483,1.1600546724869565,1.3361411997550603,1.5097460237788733,0.31661948435595283,0.1611183809135358,0.22923225163086552,0.30655312335259044,0.394642974066835,0.48891161081410545,0.5196629213483146,0.08904494382022472,0.003089887640449438,3560,0.35274870299147837,0.3753742455114108,0.39209696586950515,0.4136864117197176,0.9986846384232354,0.9433569603321146,0.01642041608361597,0.011955707915564778,0.014326938610629699,0.016619729240418383,0.018727615731911014,0.020635879590796113,1.0
2020-02-28,252,2019-02-18,227,3796,3566,0.9394099051633298,0.0004360889877345963,0.016673842545797127,0.00041144569979949806,0.01366311387065651,0.9472024454419444,3555.1150793650795,3555.1150793650795,3566,0.9999393034306822,0.6838142302152999,0.8378167812799668,1.0091825425633538,1.1707057332348545,1.3076937452642383,0.37840295462073337,0.19779143085351497,0.2815671531020333,0.3801497791912789,0.4683881303300971,0.5579629551347305,0.7106001121704991,0.1867638810992709,0.007291082445316881,3566,1.155742037900709,0.8275268197015595,1.0025703846491534,1.1630819063209699,1.3238219597981098,1.4759400495920691,0.34645739046990903,0.17864457278670182,0.2573080632289251,0.34199946891685684,0.42893398889255185,0.5241676085085678,0.6245092540661806,0.12787436904094224,0.00532809871003926,3566,0.3784089565643029,0.40423216269240736,0.4235012946055159,0.4483661299933085,0.9984419064306098,0.9537080232135197,0.016421578799374684,0.011936300650623524,0.014358267014831597,0.01672874203544118,0.01868277024091687,0.02044492409849321,1.0
2020-03-31,252,2019-03-20,227,3809,3579,0.9396166972958782,-0.000550063883746884,0.016319884997414307,-0.0004417532914784113,0.013597559187827152,0.9499527869658303,3567.9325396825398,3567.9325396825398,3579,0.9997740213914958,0.6636416574646254,0.8275436945675024,1.0050116756134013,1.1850420590327158,1.3372506916267837,0.36541429665610076,0.17924406442264276,0.273806736174187,0.3686774166376629,0.4571962311805772,0.5402312484720656,0.6929309863090248,0.15898295613299804,0.0044705224923162895,3579,1.1398201011802596,0.7839232396170223,0.9693512657347387,1.1479806921980684,1.330451173193953,1.4929195744794244,0.3366054536252628,0.16231900463617704,0.24730160148975677,0.33476367638960147,0.42265417312490494,0.5067720435253192,0.6068734283319362,0.10673372450405141,0.005588153115395362,3579,0.3656646634587788,0.3910591971966742,0.4111609075701777,0.43819412470729574,0.9982196087405627,0.9564117522071194,0.016348698475614702,0.011589376186787613,0.014428307592105035,0.016768087618975178,0.018744567875219362,0.020421514658770488,1.0
2020-04-30,252,2019-04-19,227,3833,3591,0.9368640751369685,-0.000686767903309224,0.01628571091860426,-0.0004514872819241304,0.013342720784700406,0.9486848792258157,3580.3531746031745,3580.3531746031745,3591,0.999824585870989,0.6529917940142824,0.8161086828096521,1.0036585065169847,1.193727039240318,1.3561196436552656,0.36985306221077785,0.17925467195282244,0.27331571622060946,0.3731983847836876,0.46680936030722886,0.5552004494580757,0.6931216931216931,0.18100807574491784,0.00556947925368978,3591,1.1574911601932423,0.7796198176662132,0.9806395585241614,1.1611174224104301,1.3588172083317391,1.535876515593866,0.34004172764573054,0.15757134281070176,0.24670201247898138,0.33970135206809826,0.43206857201666726,0.5132740586742514,0.6115288220551378,0.12057922584238373,0.006126427179058758,3591,0.37020627666767536,0.3960937124391506,0.4163254403609582,0.44510819595655665,0.9979997489953414,0.9552794837981576,0.016294526389195978,0.011460221444161573,0.014309784103046012,0.016741179456093772,0.018771950635917287,0.020629745560580545,1.0
2020-05-29,252,2019-05-20,227,3851,3599,0.9345624513113477,-1.8461854116415173e-05,0.014741083085488438,5.5247826382190564e-05,0.012197523111655832,0.9465946958865488,3588.531746031746,3588.531746031746,3599,1.0000556167902794,0.6368894714224473,0.8050428304552013,0.9951867529176801,1.1974354727867391,1.3895355900549478,0.3328747728337229,0.1546460665468733,0.2397462314805769,0.33222414487097673,0.424075959153173,0.5087276268442742,0.5923867741039177,0.11141983884412336,0.001944984717977216,3599,1.1439786008153559,0.7509501383431538,0.9493951153588347,1.1371535246469595,1.3477855679805475,1.5611831474243292,0.30558896021099496,0.1378711447245392,0.21596314910440215,0.30297266533348527,0.39046171184680445,0.4749961723671938,0.5068074465129202,0.07502083912197832,0.0025006946373992774,3599,0.33394593209686163,0.3624398393155161,0.38362598213551846,0.41246463766835073,0.997193354652538,0.9536085943967666,0.01621776050298294,0.011240357848713559,0.014084648180225572,0.01665378249341485,0.01881233723449159,0.0207695626929288,1.0
2020-06-30,252,2019-06-18,227,3876,3626,0.935500515995872,0.00031546767360465203,0.014317497053653597,0.0003374481754344053,0.012111059043225085,0.9465290494481968,3613.063492063492,3613.063492063492,3626,1.00032162160621,0.6340602729727474,0.800092306494571,0.9878594860182393,1.2004556024461128,1.406331077877941,0.31999431933508865,0.14393836190106052,0.2266017233512841,0.3177771477656803,0.41109678047434284,0.4957188787059128,0.5529509100937673,0.0943188086045229,0.0011031439602868175,3626,1.119254430475513,0.7240383083003084,0.9211311853229032,1.1077383483177057,1.323383100025775,1.5573812688219157,0.2931265256352009,0.1278938672342902,0.20325858090699134,0.2897093384587881,0.3776469108660103,0.45924682322348487,0.4671814671814672,0.059018201875344733,0.001654715940430226,3626,0.3210973355862419,0.34977986576088693,0.37138430802596023,0.40097506735883226,0.9968885276348779,0.95209325004234,0.01611158788305041,0.010943816777852822,0.013896677315660105,0.016531877157836453,0.018865967456612766,0.020792015728124967,1.0
2020-07-31,252,2019-07-19,227,3922,3635,0.9268230494645588,0.0007629956868719447,0.015213412046627166,0.000682055555882792,0.013417975513335253,0.9498090584188646,3624.313492063492,3624.313492063492,3635,0.9999997976016528,0.6502268583915592,0.8195976215627394,0.9847330002680611,1.1893136253559335,1.3796699321407058,0.3303163539610799,0.15286724294645873,0.23770171795060122,0.3301674279312419,0.42262574734442976,0.5026492864526614,0.590646492434663,0.10398899587345255,0.0019257221458046766,3635,1.0768025976094668,0.7172625321589177,0.902129784680757,1.0580102725389542,1.266344814144633,1.4719488350891328,0.3034221968944422,0.13264254649881096,0.21378474397134672,0.3013908376491119,0.38705290726619157,0.47083328713931577,0.502888583218707,0.06932599724896836,0.0019257221458046766,3635,0.3313938443307018,0.3601579840373956,0.3817153746264441,0.4125854261876678,0.9970832579590855,0.9537721992498943,0.016138213059362593,0.011095331549770845,0.013961233236672338,0.01658588425352115,0.018799839205349576,0.02060803252211882,1.0
2020-08-31,252,2019-08-19,227,3975,3641,0.9159748427672956,0.0010478248487674315,0.015218798785970008,0.0008429898558441829,0.013531178993171071,0.9508528940921445,3630.7738095238096,3630.7738095238096,3641,0.9999155856170006,0.6492696591630543,0.8143159620100303,0.9839521109161544,1.1918769056753087,1.3845938415849628,0.3180677020315751,0.14847487105285942,0.22795753067791655,0.3180212417405018,0.40692961492330304,0.48482871666279587,0.5525954408129635,0.08074704751441912,0.00027464982147761604,3641,1.069334838201465,0.7167449304776797,0.8910067811006928,1.0499706908194681,1.260475949508773,1.4689420853425936,0.2925355582976582,0.12882450948645494,0.20701600801036554,0.2917854557274924,0.37434109078260636,0.45331861120677586,0.469925844548201,0.05492996429552321,0.0010985992859104642,3641,0.31910092431470877,0.34815563353121964,0.3694802343757029,0.39997291658270356,0.9971591921606346,0.9544167890127994,0.016125828185609876,0.01109379544217292,0.013975802002425963,0.01656085519156892,0.01877500176318812,0.02057163742081096,1.0
2020-09-30,252,2019-09-19,227,4041,3661,0.9059638703291265,0.0004116356316156917,0.015435417459774453,0.0003717459263120948,0.013668064326660049,0.9444916034171091,3649.3373015873017,3649.3373015873017,3661,0.9999532185969464,0.6476651996325006,0.8053415092025654,0.9822939682677267,1.1927814521193092,1.3894993930526738,0.3125253524662345,0.14684526189456096,0.22588823109304998,0.3102067906776386,0.400235914465195,0.4726237395123448,0.5334608030592735,0.06528270964217427,0.0,3661,1.066460576713999,0.7147971061403909,0.8839722791690854,1.0486070587743688,1.2553915235410176,1.4596058340690539,0.28455849116285353,0.12733428751256703,0.20200688804976974,0.2830628428007762,0.36143997181985876,0.44294657078801225,0.4427751980333242,0.04151871073477192,0.0008194482381862879,3661,0.31349955396181073,0.34362411888174166,0.3663651588570077,0.3991120185677945,0.9970646543530317,0.948848057022201,0.016093399771602828,0.01114748497677109,0.013926485163464068,0.016518055395583462,0.01870864647250462,0.020494018988498137,1.0
2020-10-30,252,2019-10-18,227,4067,3688,0.9068109171379395,0.0005004672873033996,0.015554253308407836,0.0004397681172370029,0.013825580538359857,0.9463638296891612,3675.6468253968255,3675.6468253968255,3688,0.9999818087711368,0.6557165579363552,0.8083742190476664,0.9864909036329316,1.1898630696484183,1.3918663543665468,0.3124632823832791,0.14809785539578532,0.2303625631957368,0.31157977804279013,0.3979031437703993,0.4725263517315698,0.5401301518438177,0.06588937093275488,0.0,3688,1.0645548165857532,0.7090748731134064,0.8806160634232347,1.047893275249438,1.2531818583067267,1.4620468946291134,0.2852840708030656,0.12878466264284974,0.2046151336112419,0.2829266269595311,0.3635070094713443,0.4363516537102281,0.4487527114967462,0.04067245119305857,0.0005422993492407809,3688,0.313467016034721,0.3434907999702756,0.3659525186134107,0.39875022553256245,0.9969961741506649,0.950233975215325,0.01604201399936047,0.011198921159810055,0.013999773311767919,0.016463602102291152,0.018572176402666125,0.020403414994131626,1.0
2020-11-30,252,2019-11-18,227,4087,3715,0.9089796917054074,0.0008094430301491339,0.015481526288905518,0.0006884052498854356,0.013809342592661446,0.9452850785474209,3703.4761904761904,3703.4761904761904,3715,0.9999311203358632,0.6444581671966173,0.8087867423760642,0.9857808254276836,1.1909941417434604,1.40061705533298,0.30541811601943314,0.1441754573582528,0.22373861813992935,0.3043777505564333,0.38722894852390677,0.4658685019959654,0.5135935397039031,0.05787348586810229,0.0005383580080753701,3715,1.059621261187409,0.7043407792619375,0.8753247371823303,1.0439452385512484,1.2510512340046953,1.4540997808544591,0.2784101232983928,0.12377036300995925,0.1995807122309313,0.27506589603537424,0.3551220585209035,0.4257692943605215,0.42126514131897713,0.03687752355316285,0.00026917900403768504,3715,0.30647309495744113,0.33798276415362866,0.36077870156450514,0.3937021179964379,0.996950244808822,0.9493736990250156,0.0159774437829828,0.011158527942797576,0.01393277029778437,0.016396054294861833,0.01853245939773333,0.020397905284535046,0.9997308209959623
2020-12-31,252,2019-12-19,227,4140,3737,0.9026570048309178,0.0003549099624053591,0.015657919855039826,0.0005569986519662348,0.013948667092182478,0.94486223958801,3725.714285714286,3725.714285714286,3737,0.9999188648211204,0.6458487426690851,0.8071669350123345,0.9860701756311236,1.1930363384622753,1.397967471265336,0.30157064681780654,0.14123259318779116,0.2169392989735167,0.30018981007875933,0.38273586821354555,0.4671934196332732,0.5017393631255017,0.05806796895905807,0.0005351886540005352,3737,1.0604705487243835,0.7035478829114569,0.8718827689803337,1.0464015391133337,1.2574445710470457,1.4510383535851088,0.2743106448185809,0.12066356610092127,0.1945680081924271,0.2724473933130096,0.3508189629248776,0.4256953956511144,0.40433502809740435,0.03184372491303184,0.0002675943270002676,3737,0.30247306462526524,0.3327722949578908,0.35502416076821564,0.3875361873552897,0.9971751699543191,0.9485154785408605,0.015916513318093448,0.011050894872703427,0.013756194646695096,0.01632283587498789,0.018502585452130387,0.02043826404631563,0.9994648113459995
2021-01-29,252,2020-01-17,227,4172,3758,0.9007670182166826,-0.00014423339044683465,0.015800048803453034,0.00041949981481636693,0.01411439496698322,0.9248235840932079,3746.722222222222,3746.722222222222,3758,1.0002433834321856,0.6377155235763992,0.8080897187085949,0.9875389948666038,1.1942512312766456,1.3949963215585135,0.29445281203878243,0.13521070268870714,0.20763987999298322,0.29119053390448546,0.3758707574660703,0.4613592285441482,0.47472059606173495,0.05907397551889303,0.0005321979776476849,3758,1.0353733421073081,0.6750085183828566,0.8462039960125404,1.0267346245701714,1.2310766222211031,1.4229755662808512,0.25601571712598037,0.11116662079047615,0.17953907495821408,0.25355331791398983,0.32995713196782306,0.4038936823430418,0.339542309739223,0.019691325172964343,0.0,3758,0.2950551673583138,0.32433016912793616,0.34735065890848604,0.38170221275212685,0.9972282022149684,0.9252903157669031,0.015853789340529414,0.010861241335197728,0.013593629043516972,0.0162273400890096,0.018473808634471865,0.02056961491849094,0.9994678020223523
2021-02-26,252,2020-02-17,227,4200,3766,0.8966666666666666,0.00021175699359926437,0.014515117363534823,0.0005582849351332349,0.01300203553902402,0.8898348425613414,3755.0515873015875,3755.0515873015875,3766,0.9999227984767844,0.6101174532401339,0.776088521171555,0.9790332938165343,1.2123438991001598,1.440680844007375,0.26190560881143177,0.11043873809199595,0.17492539180774924,0.25383935402473257,0.3409493505803916,0.4264359268142574,0.3539564524694636,0.030801911842804036,0.0,3766,0.9929708231299416,0.6159595501130011,0.7725686847514327,0.9750738241720158,1.2003868178895936,1.4062379756150396,0.21070690979208703,0.08576424931483492,0.14010403128230037,0.20373736031906267,0.27467393295312476,0.3376809139228541,0.18587360594795538,0.007169410515135422,0.0,3766,0.26239562042252035,0.28985762891959727,0.314819973900722,0.3495225031274373,0.9975799138464992,0.8856078336713707,0.015804520108702775,0.010438494690863049,0.013188885937819982,0.016001274055932095,0.01864694436885607,0.020928276777347987,1.0
2021-03-31,252,2020-03-19,227,4234,3781,0.8930089749645725,0.00036141984491827264,0.013324967183891482,0.0007249688152341289,0.012317577326820964,0.8608555225299744,3769.563492063492,3769.563492063492,3781,0.999952840525321,0.6016041619795024,0.7810387500125424,0.983140540982323,1.2033412910314731,1.4268481295772202,0.23721259476022286,0.09988772485830494,0.15388054461180317,0.2278035425557788,0.3105736547662518,0.3921854719816369,0.2740015868817773,0.01507537688442211,0.0,3781,0.9308352886279133,0.5574859045386248,0.7299495915441238,0.9108564454704731,1.128395797540439,1.330093008736854,0.17766586006557325,0.07054440169178965,0.116092015530556,0.17079211100521569,0.23277690847660226,0.28735639902201576,0.07669928590320021,0.003438243850833113,0.0,3781,0.2379069683789012,0.266993100846189,0.2928532009231903,0.32680722333481776,0.9968071677634762,0.8467895451600024,0.015721369213684028,0.010258370233297166,0.012968686189690633,0.015940696967698786,0.018711890690257197,0.021080083485443143,1.0
2021-04-30,252,2020-04-20,227,4287,3805,0.8875670632143691,0.00027977888514680004,0.01262928238325928,0.0006299592795218842,0.01175774671324462,0.842701420056679,3793.0753968253966,3793.0753968253966,3805,0.999770425209007,0.5893470605089663,0.7752624871482799,0.9901495730138793,1.2074572674451018,1.4378187355656535,0.220327017002846,0.08466958191076027,0.14177323887632323,0.2122701005966039,0.28763776510348854,0.36742204560836006,0.22391590013140605,0.006044678055190539,0.0,3805,0.904551921981182,0.5208717899420263,0.6940269329864794,0.88542480781936,1.1046406623215097,1.3207528298814364,0.15819487166478288,0.05785561847269254,0.09988284611427707,0.15142674237020037,0.20860989719808853,0.2642844491822403,0.04993429697766097,0.0023653088042049934,0.0,3805,0.22127386640569355,0.2520090030041429,0.27766529062486406,0.3100660830852507,0.9961381125675065,0.8235242227167311,0.015612087960368028,0.009717780473635841,0.012814274159483205,0.015893473788070975,0.018681030522892998,0.021199236791978264,0.9997371879106439
2021-05-31,252,2020-05-19,227,4325,3829,0.8853179190751445,0.00047149850883278314,0.012429976015279044,0.0007264308185815439,0.01181502103078283,0.8373858722714655,3816.873015873016,3816.873015873016,3829,0.9998650093582677,0.5926283897786222,0.7748612305749322,0.9865093055720644,1.2074008937896934,1.4287770136085403,0.21556014378571386,0.08339135863642025,0.1385999598402697,0.2057512838183147,0.2832440420394223,0.36016250087242174,0.21102115434839383,0.006267955079655263,0.0,3829,0.8805121297339158,0.5008425828103829,0.6644243289586375,0.8604360079680661,1.0785356126208947,1.3016137326466959,0.15320352067151666,0.05329528893091961,0.0949222328043193,0.14585647304374108,0.20169547063488819,0.2609169463374005,0.047793157482371375,0.0018281535648994515,0.0,3829,0.21662514308083414,0.24886417006463768,0.27473736631605683,0.306987257586638,0.9957838906318709,0.8169808839174172,0.015555590617237845,0.009723576562883711,0.012727707628245093,0.015766515913401866,0.01862301093998543,0.021146868988858987,1.0
2021-06-30,252,2020-06-17,227,4373,3874,0.8858906928881775,0.0003810286953161078,0.012245927406388628,0.0005861950820503002,0.011690015468957232,0.8321870472893446,3860.6507936507937,3860.6507936507937,3874,1.0000906757334105,0.5911646679738732,0.7729076456213895,0.9872345135754955,1.2084004355177749,1.4329299385352081,0.2089120521914125,0.07721845669957703,0.13300534277763865,0.19944839213528107,0.27688056853140675,0.34920582841338366,0.19463087248322147,0.00619514713474445,0.0,3874,0.8714167290568334,0.4938553201029833,0.6575642805311893,0.8496131351514825,1.0704621347312646,1.29989544799055,0.14687749356642257,0.04923810623662258,0.08935124666031426,0.13930284421169142,0.19536321524263545,0.2509283505397708,0.0371708828084667,0.0015487867836861124,0.0,3874,0.20992132350336515,0.24280922592501197,0.26915542845319623,0.3008248061868184,0.9954129056551155,0.8102484699871068,0.015437449813494989,0.00946309803383922,0.01259599515674387,0.01566039523356612,0.01856554227334383,0.021079789280883846,1.0
2021-07-30,252,2020-07-21,227,4416,3936,0.8913043478260869,-0.00015501024874414087,0.011362713632811647,-0.00014826115219500655,0.010679394802896532,0.7926808332863683,3921.4246031746034,3921.4246031746034,3936,1.0002895586729441,0.5599141310248843,0.7444613271579199,0.9721905518169668,1.2262011491315885,1.4868284921143315,0.18282776149861443,0.0646016191315155,0.1102697409484248,0.17281833266629543,0.24247744339657573,0.31299320016256593,0.11991869918699187,0.0020325203252032522,0.0,3936,0.8428280405558233,0.41644947682724737,0.5902464513429213,0.8066608764590082,1.0653029783399515,1.3290175735600496,0.11688159797085432,0.033128649169936186,0.06446416165938942,0.10675883182398266,0.1598011180825309,0.207767798879964,0.01600609756097561,0.00025406504065040653,0.0,3936,0.18396380461900022,0.21639678078995597,0.24136913677596467,0.27621896795732925,0.9943148074900106,0.7566144633845516,0.015249544952004236,0.009075414042778982,0.01202884565663918,0.015398560761136663,0.018438723212601916,0.02113985571279472,1.0
2021-08-31,252,2020-08-20,227,4455,3994,0.8965207631874299,-7.766792608743207e-05,0.01087308775015902,-0.00011175016220454287,0.01019839369410493,0.7735450996371206,3980.5833333333335,3980.5833333333335,3994,1.0001405967560866,0.5444974574606881,0.7331774536332565,0.9624005221532611,1.2367018524539857,1.5143606361429782,0.16766882607552974,0.05672726009341027,0.0992819962915555,0.15805761658393963,0.22113523487912778,0.28963790595867234,0.08537806710065098,0.0017526289434151227,0.0,3994,0.8243162793884813,0.39378813967832305,0.5619150320221121,0.7866134102762163,1.045982704510214,1.3266614745136232,0.10156035323041614,0.02880238588765029,0.05510710630895202,0.09243625471445267,0.13706967106547263,0.18250841491110323,0.008262393590385579,0.0002503755633450175,0.0,3994,0.16925588654764262,0.2015938342188148,0.22729169197385152,0.26538149050759763,0.9927001351385728,0.7265789845034044,0.015087025100223687,0.008746761087699402,0.011923139024139395,0.015296795694408609,0.018311168034379058,0.021171076791119306,0.9997496244366549
2021-09-30,252,2020-09-17,227,4494,4036,0.8980863373386738,-2.0812601542086877e-05,0.010788917642396562,1.736034395836947e-05,0.010115833156842738,0.7678846740481828,4024.218253968254,4024.218253968254,4036,1.0000437294901767,0.551667932036666,0.7525490435345016,0.9777430904405469,1.2389887885004929,1.485291806389681,0.16533988415143616,0.05441431994865339,0.09855991699007158,0.15531396744921208,0.2200200187200528,0.2839093696258529,0.07953419226957384,0.001238850346878097,0.0,4036,0.8185422970166969,0.41902749102671966,0.5639746390665588,0.7700436834557998,1.0238740290303787,1.3017058816686191,0.0965179292734357,0.028729538888934772,0.05415685895289674,0.09010477721343546,0.12834574236364896,0.17011973157861182,0.0061942517343904855,0.0002477700693756194,0.0,4036,0.1676464177364794,0.2014996600746442,0.2297808666144052,0.2677233728865457,0.9901168311247301,0.7088374892864561,0.014962499874397467,0.008437587694289563,0.011861735872132961,0.015177747624285948,0.018291502509117548,0.021133655009185598,0.9997522299306244
2021-10-29,252,2020-10-19,227,4525,4053,0.8956906077348066,-0.00018204911604569827,0.010493105160116225,-0.00010399316262749417,0.0098396440895312,0.7512121453734659,4042.686507936508,4042.686507936508,4053,1.0000425762743408,0.53858991943545,0.7507692906153908,0.9785929739768123,1.2490225578988703,1.484683048466853,0.1565488301268258,0.04829945003689261,0.0910406104929554,0.14590664986629737,0.20967162604812506,0.2764635400909006,0.06735751295336788,0.0007401924500370096,0.0,4053,0.8007638527253608,0.3910868876425867,0.542362213168332,0.7501653540936957,1.004496476437435,1.2914008340459486,0.0873602764370351,0.024330080297503106,0.04719649096933558,0.0795641266865211,0.11591770603378317,0.15727071213337582,0.00616827041697508,0.0002467308166790032,0.0,4053,0.15917034859120713,0.19342402736437272,0.22426243009167315,0.2617202777131631,0.9886172947371654,0.682742338574952,0.01485906268547269,0.008068798526915947,0.011630062634912374,0.015050490409494835,0.018329673769349613,0.02136498525540276,0.999013076733284
2021-11-30,252,2020-11-18,227,4558,4094,0.8982009653356735,0.00023821257041265685,0.010242375422097647,-4.448640907012687e-05,0.009610180173674278,0.7345638517558573,4082.7261904761904,4082.7261904761904,4094,1.000003046919057,0.5257174428963621,0.7397869969746895,0.9871339523314662,1.2529721447483158,1.4931329047376407,0.1498439328500443,0.04493275119278893,0.08527150003272413,0.13809226432423072,0.20093843302405046,0.26708448922959477,0.06033219345383488,0.0004885197850512946,0.0,4094,0.7826871353629307,0.37735865423538567,0.525349394780583,0.7240203719353725,0.983997004050754,1.283564405325506,0.07975646044262306,0.0219728644050457,0.04177232702221648,0.07025743748695565,0.10645885956292182,0.1449668186303391,0.005129457743038593,0.0002442598925256473,0.0,4094,0.15282092799104408,0.1866933597079234,0.2192011049109003,0.25671926691951363,0.9867148163149158,0.6560009330604921,0.014707493174062362,0.007816698776709444,0.011337272546460875,0.01485609727646706,0.01824173205628721,0.021391779836922753,0.9978016609672692
2021-12-31,252,2020-12-21,227,4603,4137,0.898761677167065,0.0004966809899773202,0.010290269997691004,-1.993295958759116e-05,0.00961968042745817,0.7327693211269865,4125.964285714285,4125.964285714285,4137,1.0001927662499948,0.5176956720328452,0.7336018397105848,0.9885555351850523,1.2611495567389648,1.5031637341416109,0.1458967181858424,0.04373648863891667,0.0825245543632729,0.13555707965608327,0.19545950179271143,0.25823219531634534,0.051728305535412133,0.0,0.0,4137,0.7837155581739853,0.35597106217410474,0.5178370384059102,0.7263394542978743,1.001456819183836,1.2967200149296296,0.07768011712147184,0.020085782165042608,0.0391360283382133,0.0676882727040267,0.10323367967976504,0.1456221869440487,0.00435097897026831,0.00024172105390379503,0.0,4137,0.14857525587631185,0.1839482373558558,0.21729907499261542,0.2547513052494364,0.9871106792480911,0.6532232516913304,0.014629161886706777,0.00778046445922805,0.011263955144703634,0.014812712304879412,0.018118204380730335,0.021263601802502398,0.997582789460962
2022-01-28,252,2021-01-18,227,4632,4174,0.9011226252158895,0.0003163270401605506,0.010608489276715217,-0.000545341738453599,0.009617814633118903,0.7540422632167256,4162.686507936508,4162.686507936508,4174,1.0000847847578433,0.5304896419529613,0.7470036441187663,1.0013511443461214,1.2489361421725227,1.4639706719642434,0.15274742532067817,0.04725352181197936,0.08864273426519795,0.1434198106765327,0.2034329265401806,0.26766721915583347,0.06037374221370388,0.0007187350263536176,0.0,4174,0.8317076736644851,0.4023867501241289,0.5688360217075766,0.7897312054673007,1.0581133669662355,1.3259135392699652,0.08613604065186646,0.02428131014554077,0.046281271520816944,0.07809067682509613,0.11478761902517948,0.15692879329788761,0.0028749401054144704,0.00023957834211787255,0.0,4174,0.15518011949625773,0.19250674742280321,0.2254625004736976,0.2631640453224031,0.9887883107099565,0.6874602456628578,0.014634665030946507,0.007970271190501881,0.01143961393586511,0.01487616097241094,0.018021005308398706,0.02105431815198949,0.9983229516051749
2022-02-28,252,2021-02-09,227,4647,4196,0.9029481385840327,0.0007716901093427612,0.010689169432312823,-0.0003872681752332521,0.009574017345496465,0.7728006052542976,4185.575396825397,4185.575396825397,4196,1.0001764590187368,0.5496816309517604,0.7608516766833726,1.0000949121523153,1.240230061983849,1.4463253441002526,0.1573480099819748,0.05155985546863547,0.09293319717966453,0.14702846702614197,0.20903927640467226,0.2745442055100445,0.06696854146806483,0.0014299332697807435,0.0,4196,0.8634036313048982,0.4455320867054575,0.6098835625520463,0.8298608475112458,1.0836216218239032,1.3301488829736003,0.09345015111984763,0.028936591322130292,0.05311190230920251,0.08641150462712738,0.12450744324252541,0.16547577034268734,0.003336510962821735,0.00023832221163012392,0.0,4196,0.15958385240130113,0.19923415862011778,0.2339303155432347,0.27159427187781865,0.9896284834201702,0.7167632004790824,0.014659246301899565,0.00814064607525156,0.011473537407407895,0.014796435694905009,0.017919656912917966,0.020838967347328714,0.9995233555767398
2022-03-31,252,2021-03-19,227,4681,4253,0.9085665456099125,0.00021752749358978053,0.011377307661956389,-0.0005330308427029804,0.010008166633961299,0.8431431138385564,4241.3452380952385,4241.3452380952385,4253,0.9999530648874356,0.6125888826438904,0.7918967661478659,1.0015592253294205,1.2102750879716264,1.3843549826323704,0.1727147265726657,0.06635933334466829,0.10610408822426858,0.16295606553317504,0.22622876296582844,0.28992028859391306,0.0846461321420174,0.00047025628967787447,0.0,4253,0.9586803577556255,0.5781729497657602,0.7427717200208857,0.9410663117713638,1.1654761274507524,1.3689683313950571,0.12268087055529271,0.0454554034180564,0.07823765137327066,0.11901715823157101,0.15907819293982708,0.20237513829406809,0.0072889724900070535,0.0,0.0,4253,0.17481777709410912,0.21482524832605146,0.24838634258833894,0.2864300685181757,0.9914751963475414,0.8121859417726215,0.014718287827459398,0.009126396467618127,0.011810639694213004,0.014783819018089573,0.017652577667468763,0.020187429430980428,0.999764871855161
2022-04-29,252,2021-04-16,227,4714,4296,0.9113279592702588,-0.00048133839666413615,0.013535748036680709,-0.0008137534201100383,0.011143524759771511,0.8767613347894101,4284.047619047619,4284.047619047619,4296,0.9997929889800032,0.6244779126029458,0.8121246486934797,1.0140163346986322,1.2018180721847986,1.352313701833293,0.21999090164340956,0.09067846185049935,0.14220608144566965,0.2128200915252019,0.2859601866969132,0.3584321270600582,0.212756052141527,0.01047486033519553,0.0,4296,1.0646012684926864,0.674955447973586,0.8573214146230647,1.0689465860286558,1.269221259902753,1.458307699476647,0.16845623758900607,0.07192949937182463,0.11469322986951785,0.16582378367048345,0.2168229895956674,0.26755326806610835,0.04888268156424581,0.0,0.0,4296,0.22119195372206846,0.2600101975854497,0.29212455187792125,0.327959753586508,0.9956301554026666,0.8586785561128661,0.014738835433454967,0.009558443019427175,0.012111492485341872,0.014919875799749335,0.017409421725052054,0.019731173492590626,1.0
2022-05-31,252,2021-05-18,227,4724,4332,0.9170194750211685,-0.00014738915970792852,0.01396094255979541,-0.0007598045319404357,0.011322742985753755,0.8846496866585746,4317.940476190476,4317.940476190476,4332,0.9997054852035885,0.634253240074448,0.8233305409832417,1.0128656666237648,1.195416556575073,1.3432457023986164,0.2313533725712614,0.0977992621506091,0.15310488457041604,0.22528660096596348,0.29880275591597016,0.375818148426433,0.24653739612188366,0.014081255771006464,0.0,4332,1.090314933418938,0.7159939082515389,0.8915915551256193,1.0886689681298392,1.29022463132416,1.4689136097023512,0.18045466786890244,0.0793571997164818,0.12460751531465201,0.17773300874905576,0.2312534445927968,0.2838136757083138,0.06994459833795014,0.0,0.0,4332,0.2323163030164114,0.2710698811023389,0.301908415867512,0.33719664740898214,0.9962864480382642,0.869050371342386,0.014707216816334145,0.009673716859879892,0.012207183566464188,0.014880158848561378,0.01730204872375607,0.019520271367275733,1.0
2022-06-30,252,2021-06-17,227,4719,4338,0.919262555626192,2.4263696582526125e-05,0.014256015853448795,-0.0004647974597696717,0.011509017889723326,0.8887754081291459,4327.230158730159,4327.230158730159,4338,0.9998998797738406,0.6369912069901807,0.8190222362842915,1.0121331517292291,1.1987552660213192,1.3378883389407525,0.2379698136141798,0.10307853058662915,0.15938444928622367,0.2320425527579688,0.3073837910268747,0.3799515091522706,0.26924850161364683,0.016597510373443983,0.0,4338,1.1007466480803556,0.7212003845998658,0.8993967283301825,1.0965931204575154,1.3009432324050614,1.4914274774546525,0.18758394528603073,0.08387343876449098,0.13115870253291684,0.18441757903076186,0.23972501642010474,0.29328034057947994,0.08828953434762564,0.0,0.0,4338,0.23889979137922718,0.27913586331802526,0.3105953620805413,0.34645302599210936,0.9966919608935011,0.8749495781044091,0.014714590215103823,0.009775484385066003,0.012245653130483852,0.014910254299273956,0.017317373322231638,0.019399442728281438,1.0
2022-07-29,252,2021-07-16,227,4740,4389,0.9259493670886076,-5.880972618581221e-05,0.014409608572829911,-0.0007209820582777141,0.011514278518277857,0.8959752552183403,4378.190476190476,4378.190476190476,4389,0.9999372283832945,0.6411070494965737,0.8221022773222351,1.0148432491714305,1.195191014317769,1.332439984532438,0.2430111349737521,0.10619892146648215,0.1621674621160639,0.23679747652298905,0.31288855033278784,0.38655975858425035,0.2868534973798132,0.02050580997949419,0.0,4389,1.1212764470509669,0.7389364224492196,0.9225412291925774,1.1188438011418202,1.3197570426026162,1.5059786758021645,0.19467612495911998,0.08770197739549981,0.13493194933013983,0.1903977865815176,0.24868144086799174,0.30559381059074486,0.11095921622237412,0.000227842333105491,0.0,4389,0.2438446456790978,0.28508638493804245,0.31656762809749156,0.3522219681495212,0.9968215196184802,0.8831176688869831,0.014634482510157582,0.009696690621886665,0.01218852727659595,0.014853095164796817,0.01723226752358297,0.019201442778564014,1.0
2022-08-31,252,2021-08-18,227,4787,4429,0.9252141215792772,-0.0002169264154459286,0.014519435532395297,-0.0006730293203416566,0.011278942297228969,0.8975218023835272,4418.912698412699,4418.912698412699,4429,0.9998845662192909,0.6393040764361263,0.8267354896215762,1.019380168496535,1.1949180155471413,1.3350993171313592,0.2503103230745945,0.10824190070842635,0.16743457703148926,0.24519009814044795,0.3230672941179368,0.3936562462216318,0.3179047188981711,0.023030029351998195,0.0,4429,1.1551868011393605,0.7701577699221734,0.9618022872432973,1.1566259921306254,1.3602284618692586,1.532591567766533,0.20259860408538743,0.09079969851954003,0.13910276269412597,0.19850522194760972,0.25949044696902474,0.321179877383283,0.14156694513434184,0.0006773538044705351,0.0,4429,0.25098771595144903,0.29377473376193824,0.32417705063297153,0.3609453189623759,0.9974314852507097,0.8886117191876683,0.014571265579377012,0.009769406687311431,0.012153227975731047,0.014823357957601199,0.017141653754097545,0.019045792364961258,1.0
2022-09-30,252,2021-09-16,227,4829,4470,0.9256574860219507,-0.0008243038476456356,0.01489367118768364,-0.001105443659044853,0.011376808317021035,0.9019612228070427,4459.583333333333,4459.583333333333,4470,0.9999385910323795,0.6405069737355238,0.8269284130144536,1.0187245105270426,1.1921877503519343,1.3308923778221737,0.268862823426873,0.11732505286056337,0.1815151465122068,0.261639549149949,0.3464238394977587,0.4282203213240243,0.3843400447427293,0.03959731543624161,0.0006711409395973154,4470,1.1804616035946636,0.7967895777440789,0.9843312061913063,1.1825286599999736,1.3853440267835333,1.5591240656999223,0.22049166312479004,0.09904490141696988,0.14978135235467685,0.21399871347588925,0.2840591702780412,0.3502827644949656,0.20246085011185683,0.003355704697986577,0.0,4470,0.26928988198151016,0.31321621941001354,0.341033706526215,0.37861446800359283,0.9979149526875073,0.8959451613459837,0.014510163608048911,0.009753288506428155,0.012159546323420851,0.014726922940912105,0.017025711104213602,0.01901201879658202,1.0
2022-10-31,252,2021-10-19,227,4853,4497,0.9266433134143829,-0.0004934905696598468,0.015016086749939343,-0.0011133337396733356,0.01158156487384933,0.9048347787120145,4487.099206349207,4487.099206349207,4497,0.9998789980866204,0.6410387869281952,0.8303030391941002,1.0213581973378532,1.1876114061653817,1.3275323704315563,0.2758480586988908,0.12156134181490241,0.18483294906530642,0.2671160837479792,0.3532528655673312,0.4372109866391133,0.3991549922170336,0.047587280409161666,0.00044474093840338,4497,1.172934031799415,0.7992916664389135,0.9865725775422448,1.178849058173266,1.370954924132202,1.5400789022600214,0.2282920156306598,0.10425160633132596,0.15580619597884343,0.22128065377878842,0.29513498746578465,0.362866174933169,0.23593506782299312,0.004669779853235491,0.0,4497,0.2763399899306071,0.3208557040740408,0.3471159777631688,0.3846099832021422,0.9980282297447666,0.90046034873275,0.014479714687852351,0.009818298286115124,0.012147355259874216,0.01466709813617543,0.016946086700530882,0.01890973950722565,1.0
2022-11-30,252,2021-11-18,227,4877,4532,0.9292597908550339,-0.00037057686471482964,0.015023085004346109,-0.0008207564565579959,0.011885577735969384,0.9035548321311949,4522.190476190476,4522.190476190476,4532,0.9998253423927606,0.6502710664078069,0.8341166749523772,1.0218954124621604,1.1813278899794635,1.314900317228231,0.28129858366392074,0.12344032298183762,0.19044063639976802,0.27185805523063744,0.36337877529219864,0.44966061458022066,0.41791703442188877,0.05207413945278023,0.0011032656663724624,4532,1.1418346421754735,0.7897778004767014,0.9623043525408477,1.145665501181352,1.3282441868781767,1.4994410234573101,0.23358900842642938,0.10378821582410207,0.15570894151230977,0.2246026505579637,0.3016989652261144,0.3771031491656571,0.25375110326566636,0.009708737864077669,0.0,4532,0.2817432655503866,0.3279562995013078,0.3545807280213072,0.3928918298322336,0.9982237040717755,0.9019473361263987,0.014433528866407459,0.009768699109223603,0.012132965668700093,0.014575149600025244,0.016910871518242544,0.01884037779631802,1.0
2022-12-30,252,2021-12-20,227,4905,4568,0.9312945973496433,-0.0006943554204621628,0.015058780282174968,-0.0009544190668032785,0.011781735791348584,0.9020249682252203,4558.492063492064,4558.492063492064,4568,0.9998230730011978,0.6566370255409437,0.8352182375096298,1.0203154468712161,1.1792257496037166,1.3105080170503138,0.28802006007480707,0.12498002700506508,0.19295469468402324,0.27578620645248253,0.37343399007292566,0.4647307379639391,0.43717162872154114,0.06633099824868652,0.0017513134851138354,4568,1.1526820145735397,0.808967341240232,0.9775115533869589,1.157515136367703,1.3329583678666923,1.4987913777389412,0.23919800496141363,0.10515356471236423,0.15573846435247568,0.22856617882105174,0.31108879783254123,0.3903376992814307,0.2804290718038529,0.016418563922942206,0.0,4568,0.28836239015724424,0.3360553558431609,0.3632957431384361,0.40262376907871067,0.9984310609489644,0.9021965491899047,0.014359831641418028,0.009677677339121662,0.012024807502192432,0.014452410843685988,0.016872381581645567,0.01885841628636817,1.0
2023-01-31,252,2022-01-12,227,4911,4590,0.9346365302382407,-0.0004131350932357693,0.014995697735033642,-0.0006021890603247638,0.011753795182251076,0.9044335255906368,4580.849206349207,4580.849206349207,4590,0.9998549611375954,0.6580373326415534,0.8348107738166154,1.019794584765652,1.1800525340339434,1.313417546320488,0.2930515201198517,0.12651605238751892,0.1939302504534586,0.28091369266729377,0.3802789957797332,0.47238336546410925,0.44989106753812635,0.07647058823529412,0.002178649237472767,4590,1.1536037464988995,0.81307658544156,0.9790893085525203,1.1597056196185735,1.3341036078512079,1.4931344460382938,0.2445326386379309,0.10696618836591311,0.159935783169211,0.23252897277945078,0.3186944859510919,0.4019560438135642,0.3026143790849673,0.02091503267973856,0.0,4590,0.29337400676284453,0.3410991655635261,0.3683597031473146,0.40774014835545946,0.998416954507545,0.9046694347857022,0.014316622969715493,0.009626205830874235,0.011918875929223425,0.01445587484770193,0.016841785453740363,0.01882887872843469,1.0
2023-02-28,252,2022-02-16,227,4925,4613,0.9366497461928934,-1.653172054780917e-05,0.014471457240879724,-0.000390562593700772,0.011521971565163278,0.9089137053610379,4603.757936507936,4603.757936507936,4613,0.9999226607191962,0.663441743226041,0.8309827609148684,1.016266005750199,1.1811790408123322,1.3182886063498647,0.2876721736756553,0.1231951023399588,0.19001768377231348,0.2774082754697293,0.3727990684341053,0.46377056612812967,0.4339908952959029,0.06546715803164968,0.0021677866897897246,4613,1.1414978845564494,0.7930611343858003,0.9650588973315034,1.1470534384681939,1.323253896530778,1.4866304000627522,0.24263839837944767,0.10415124901591295,0.15655024663947545,0.23107384823831253,0.3179894636928683,0.3999927297615822,0.29243442445263385,0.02016041621504444,0.0,4613,0.2879479989485907,0.3344738130724121,0.3615466185726729,0.40006188773227974,0.9984083491763842,0.9101159815432098,0.014280049854847736,0.009544257660636615,0.011897901177835526,0.014433843763343134,0.0167983769454823,0.018774251249467945,1.0
2023-03-31,252,2022-03-21,227,4947,4648,0.9395593288861936,7.29921433778372e-05,0.013539283833322901,-0.00014975553790027253,0.010473095783029154,0.8936356007520171,4638.857142857143,4638.857142857143,4648,0.999775530293909,0.6166826968094048,0.8130481611566949,1.0203547573207306,1.2060783070187866,1.35343204647284,0.2669854714682542,0.11089002030573979,0.17267582280807878,0.2568731984397792,0.35113007445895916,0.43984494050749406,0.3696213425129088,0.04862306368330465,0.0008605851979345956,4648,1.1550287949441955,0.7732185941396298,0.9622002674528547,1.1580837953385972,1.355286293123283,1.5326694085786792,0.21777524387048575,0.08959154173120895,0.13872546625492357,0.20499392257366908,0.28724120483433646,0.3629758713529172,0.2170826161790017,0.010757314974182444,0.0,4648,0.26731621063657035,0.3135227920408291,0.3420707747392857,0.38196690318753496,0.9983460930719903,0.8924366594301456,0.014161930346405028,0.009299639282313123,0.011739329368819915,0.0143792810020411,0.01683970723664666,0.018903764294597027,0.9991394148020654
2023-04-28,252,2022-04-19,227,4973,4669,0.9388698974462095,0.00017580903894299184,0.013363714076236707,4.34389663416508e-06,0.010237564743503751,0.8916798065947579,4660.436507936508,4660.436507936508,4669,0.9999490773424472,0.6116129482405834,0.8072898507563797,1.0199238331776317,1.2086415660960756,1.358894229938684,0.2621337889989343,0.10711108549183923,0.16785232810346332,0.25018547479061903,0.34164726681971147,0.43412413061268507,0.35318055258085246,0.04390661811951167,0.0008567144998929107,4669,1.163400748868952,0.7833108736645699,0.9737090387630779,1.1628171412930797,1.3623445634205458,1.5414628035125144,0.21364912053557356,0.08864350816557187,0.13628003483801365,0.19917894712142153,0.2816705089919344,0.3586800762150756,0.20368387234953952,0.007710430499036196,0.0,4669,0.26244853876252805,0.30828104628359876,0.33855473150975507,0.3799864808837156,0.9980623372102254,0.8923731048551656,0.01412508395593853,0.009224066695691624,0.011643580775670315,0.014313910570308832,0.01674983762654499,0.018917586578310105,0.9993574641250803
2023-05-31,252,2022-05-20,227,4995,4688,0.9385385385385385,0.00031617768100154124,0.011350829410878142,7.66830890887299e-07,0.009112498270389171,0.8672708335570467,4678.349206349207,4678.349206349207,4688,0.9999668388579905,0.5927612757954631,0.7800003194165223,1.006210332049632,1.222195629067485,1.4017327684522578,0.21511725371754342,0.07830291450287903,0.1299435158946506,0.20038282192345563,0.28336434051557446,0.3686514370878618,0.2148037542662116,0.019197952218430035,0.00021331058020477816,4688,1.0801614183570953,0.7161751673810227,0.8930231091509062,1.0728982791920125,1.2708269663064427,1.4515239772184232,0.1681668300059119,0.06391749084548792,0.10104611334524252,0.1537621569845179,0.2215882054170053,0.29345384132615815,0.09108361774744027,0.001279863481228669,0.0,4688,0.21584690456452008,0.2675109550922442,0.30040772021280493,0.3458259133928262,0.9970606835270046,0.8682035196914913,0.014025513334100279,0.008781058281909521,0.011275193405436115,0.014102515555512236,0.016770709901917077,0.019165196467018763,0.9991467576791809
2023-06-30,252,2022-06-20,227,5019,4690,0.9344490934449093,0.0001520057282762024,0.010966606854330858,-0.0002550847859382685,0.00884343622281961,0.8683596559708544,4681.746031746032,4681.746031746032,4690,0.9998828313059231,0.5915736670163562,0.7796549812973254,1.0009959989936277,1.2251603094100716,1.410359413947251,0.20795031463534985,0.07652096212088626,0.12356019923380389,0.1931244532785995,0.27533655248882194,0.36041329232378316,0.1931769722814499,0.01556503198294243,0.0,4690,1.0766786081939366,0.7111539981253524,0.8876207213176851,1.0728516284023448,1.271145941233659,1.4450111291320642,0.1636490413116065,0.061176801463980496,0.09560482845088128,0.14776019268950763,0.21626264690158548,0.2901574906039432,0.08678038379530917,0.00255863539445629,0.0,4690,0.20906015788735002,0.260836149591467,0.29653890323274384,0.3420877348566503,0.9960552906099116,0.8706012566639932,0.01400813416320813,0.008703505433447074,0.011153048936813431,0.014072227942836468,0.01687375371225521,0.019296092738064548,1.0
2023-07-31,252,2022-07-19,227,5030,4724,0.9391650099403579,7.305890433007585e-05,0.010565190809630797,-0.00016586421705388246,0.008685750508559787,0.8589739215494124,4715.5,4715.5,4724,1.0000687025891655,0.5856045988269691,0.7783286121702713,0.9954128953086421,1.2291121398556426,1.4190186181021665,0.20336305499218515,0.073188156944131,0.1198160073079798,0.18783041027119995,0.2716040626550937,0.35359483479707754,0.18649449618966976,0.01121930567315834,0.0,4724,1.0446633168256907,0.6868904611223674,0.8492027541390952,1.0313726586740097,1.2349013750384148,1.4206269228356438,0.15804086006840395,0.05501309424218392,0.08877706788908966,0.14073408922096642,0.21046029412644193,0.28620129627904106,0.081922099915326,0.0029635901778154107,0.0,4724,0.20458420992509177,0.2559099537906109,0.29353185286241723,0.33829922358302444,0.9955830749793027,0.8628677342684874,0.0139440770400915,0.008566242768367831,0.011076100118397202,0.01398304824368308,0.01688859132455329,0.01941614325537273,1.0
2023-08-31,252,2022-08-19,227,5050,4766,0.9437623762376237,-0.00034195624665482013,0.0105425540264485,-0.0004075206966056441,0.008682885286187865,0.8586436657237541,4758.119047619048,4758.119047619048,4766,1.0000259377081278,0.5719096663400081,0.758650244592458,0.9909468166593741,1.2431528269786107,1.4516652012268336,0.20701619351853678,0.07237351280364578,0.1189759109423846,0.1914062589673915,0.2776135957922491,0.36347707424501075,0.2010071338648762,0.013848090642047839,0.0,4766,1.0422411368251485,0.6651456105456529,0.8329710033517835,1.0258875197387414,1.2434818891267665,1.4333032918700186,0.15947552976319682,0.05590371168349062,0.09187954373667666,0.14534325027000572,0.21352066110559545,0.28397616773213946,0.07994125052454888,0.000839278220730172,0.0,4766,0.2080547014664566,0.2585572293868138,0.2966856974331314,0.34255318833316023,0.996215550685646,0.8584022176297208,0.013851441160978525,0.008452416661257234,0.010930422390995164,0.013848614400331517,0.016847331276509545,0.019301904387500887,0.9991607217792698
2023-09-28,252,2022-09-19,227,5065,4801,0.9478775913129319,6.993750878176241e-05,0.010107640489458308,-0.00015620082472243962,0.008448014518246841,0.8557018706903841,4793.559523809524,4793.559523809524,4801,1.0001541821757824,0.576681967540405,0.7617797271560266,0.9915858787056595,1.2391366895587057,1.443099373552747,0.20016676567584163,0.07101996480072927,0.11996067282752089,0.185013244999362,0.26665494000504614,0.3497175521797052,0.17787960841491357,0.010622786919391794,0.0,4801,1.0234917137424806,0.642498766103949,0.8111621392502621,1.0131264578664343,1.2203043493316927,1.420358954368308,0.15428749784665732,0.052477730270510226,0.08727336653047862,0.13926562976050258,0.20689612883396763,0.2791048267115334,0.07061028952301604,0.0012497396375755051,0.0,4801,0.20136457834928756,0.2502829942738264,0.2883016273101729,0.33487068947186815,0.995555128153189,0.8584912603427862,0.01381667789647307,0.008467824179167494,0.011053720569482268,0.013808637344898534,0.01670778139459389,0.01914192626901077,0.9991668402416163
2023-10-31,252,2022-10-19,227,5072,4825,0.951301261829653,-5.299380742718769e-06,0.009644649030929648,-0.0002278535392539284,0.008231889074073987,0.8446060721563122,4817.9484126984125,4817.9484126984125,4825,1.0000502957766086,0.5846232769492513,0.7735261016604859,0.9936392684346851,1.2229776275336448,1.43175234349904,0.1874720248651409,0.06567072112951305,0.11269618615734049,0.17249136880226404,0.24809481779606063,0.3296608215140383,0.13844559585492228,0.007461139896373057,0.0,4825,0.9895475425188667,0.6287724204473253,0.7890717278169949,0.9724425274515842,1.1742939036371727,1.3763311038037482,0.1423471193096207,0.04639842309790803,0.0783359051300772,0.12663132684756212,0.1919630023789811,0.26111500310629565,0.05430051813471502,0.001243523316062176,0.0,4825,0.1890415605186697,0.23873053686540835,0.27637135450232303,0.3226323363319782,0.9940384581211427,0.8492100251196639,0.013775269938603223,0.008453891126510652,0.011024211869444162,0.013757831363994317,0.016602024337955927,0.0191444956599087,0.9993782383419689
2023-11-30,252,2022-11-18,227,5081,4844,0.9533556386538083,-6.928273036729658e-05,0.009173603799626671,-0.000256919151207599,0.007543515542849203,0.8371317582372987,4837.976190476191,4837.976190476191,4844,0.9999364219115506,0.5349795696472778,0.7407319232121493,0.9819294625220216,1.2433736475280592,1.497034193732159,0.17955844219530484,0.056618958269606265,0.10349451992038121,0.16450596923981428,0.24166822662990942,0.32395912130788446,0.1329479768786127,0.004541701073492981,0.0,4844,1.0179903697553097,0.6122511154553726,0.7883281314348153,0.9897317470475855,1.2261258762549996,1.4582087838768274,0.13294626171518795,0.042189896247003714,0.07346651225893544,0.11909404733794547,0.17993693749471318,0.24013320949979464,0.035301403798513625,0.0008257638315441783,0.0,4844,0.18112458460575936,0.23035456954585204,0.2674301158183095,0.31352640033612794,0.9943115879238719,0.8353670377936294,0.013681701966443811,0.00808444541397816,0.010748832739620165,0.01367964871041395,0.016663631737755286,0.019429285886769933,0.9975227085053675
2023-12-29,252,2022-12-19,227,5096,4861,0.9538854003139717,-8.259688897536307e-05,0.009388243956888913,-0.0003556663883689864,0.007604891095083996,0.8503790942644699,4855.43253968254,4855.43253968254,4861,0.999939095076538,0.5381470367812248,0.7433446926241136,0.9788167374459068,1.2403773065751982,1.4952141271294013,0.1905189699817544,0.06362071794656908,0.11368135130706927,0.17730637639269098,0.2548725630221424,0.33845751188781975,0.1553178358362477,0.0051429746965644925,0.0,4861,1.0496506470163443,0.6235460883494822,0.8073982356377954,1.0201565815233218,1.2708000384018139,1.5139067021092527,0.14356867458137973,0.048443133556768665,0.08296615133465618,0.13040985722570098,0.1920829105156794,0.25435035902402814,0.043818144414729476,0.0008228759514503189,0.0,4861,0.1922957888166575,0.2376378348636024,0.2747404750187837,0.3191659877780777,0.9938906044414008,0.8475374212633484,0.01369848199599069,0.008354519557842019,0.01093058987420521,0.013739942094924741,0.01653971092265008,0.019176341428562078,0.9979428101213742
2024-01-31,252,2023-01-19,227,5104,4876,0.9553291536050157,-0.000938494940527038,0.011157939294141156,-0.0008103316044758318,0.008274924112940743,0.8644166242885715,4870.444444444444,4870.444444444444,4876,0.9999114683160175,0.5863178451146451,0.781518302585156,1.0086002915438115,1.2205563355061066,1.4111225719278635,0.24720257605043697,0.09771072812998596,0.1584370629870198,0.23453234668849485,0.32516880756307026,0.4170702021780954,0.3117309269893355,0.03199343724364233,0.0,4876,1.1654646160417803,0.7571091747585523,0.9382339348204978,1.1487236372392804,1.3787210763231976,1.6094157874119959,0.18937729647425466,0.0774304264484407,0.12014756589860383,0.1797669668074825,0.2486031815610138,0.3153873361265964,0.12633305988515175,0.0016406890894175555,0.0,4876,0.24932854532011123,0.293695208548134,0.32748691114231543,0.36978193568171275,0.9945852517188083,0.8598652357754575,0.013791969566678516,0.00891841167806981,0.011299955480673186,0.013842808569484631,0.016458154680334944,0.018764857018881285,0.998974569319114
2024-02-29,252,2023-02-16,227,5108,4892,0.9577133907595928,-0.0010334615072774243,0.014619477992872738,-0.0006078516580499631,0.009111107741779409,0.8196503525998409,4886.4047619047615,4886.4047619047615,4892,0.9998340509102542,0.4688713872343671,0.7392923222818211,1.0299843333590262,1.2598293518989099,1.4892711628251996,0.3237241752284611,0.11368859596518223,0.20547719219947594,0.3180906689342814,0.4345860435766444,0.5470276747505107,0.5392477514309076,0.15024529844644316,0.00776778413736713,4892,1.3150558260080774,0.8374362135031063,1.0647288212036656,1.3053871672071007,1.5610382180178133,1.816559019290714,0.22482505724714785,0.10235069109276475,0.15343214612178618,0.21842587339463754,0.28757510590037366,0.35939688285196025,0.22097301717089124,0.003270645952575634,0.0,4892,0.32498768706655795,0.3823118267227832,0.41844107413959614,0.46370856848328756,0.9975977908977204,0.8086343121376088,0.013712616979622318,0.008409770229728946,0.011293940717577057,0.014101115463756501,0.016609464080763463,0.01869091579410545,0.9967293540474244
2024-03-29,252,2023-03-17,227,5112,4919,0.962245696400626,-0.0006783769787509565,0.014946918394639049,-0.0004517722254036394,0.009021295276633517,0.8240572143516702,4912.944444444444,4912.944444444444,4919,0.9999166183404202,0.4625646132734453,0.7338467298124165,1.0286259698279228,1.2656349305664958,1.4992450317310424,0.3248896888121766,0.1136737316348933,0.20737176422343973,0.32059614703368267,0.43408586885842293,0.5463200566210209,0.5533645049806871,0.1502337873551535,0.007725147387680423,4919,1.3653809814069402,0.8566419064659319,1.0925595478398253,1.3553305455943097,1.6342674112346263,1.9066797885560383,0.22789714538133982,0.10376797177395568,0.15751840716338822,0.22244129791235687,0.29386696004574275,0.36023074737470573,0.23216100833502745,0.0028461069323033137,0.0,4919,0.32609887135141713,0.38187531454405227,0.4180092305825577,0.4614245818386014,0.9977408376926558,0.8146638949219905,0.013666370584948798,0.008357632411559,0.011334662047223706,0.014131782906059424,0.016525649360628558,0.018552981031654002,0.9953242528969303
2024-04-30,252,2023-04-17,227,5113,4942,0.9665558380598475,-0.0008750688724651277,0.016374633957154147,-0.0005471900962404428,0.009353301129152728,0.8190196761605977,4935.769841269841,4935.769841269841,4942,0.9999697932217868,0.43518161910412745,0.7167486024508773,1.0385147352324144,1.2810225880844164,1.5075819717917482,0.3496261922462468,0.11931109577852009,0.22397578731763945,0.3521289756334728,0.4703691097627441,0.5767258989170251,0.6096721974908944,0.19688385269121814,0.017401861594496155,4942,1.4340583683305919,0.8750140140023569,1.1482197475855167,1.437633010231162,1.7310998547528627,1.9920829402569713,0.24391012868446552,0.11534375622327951,0.17221199423483383,0.23925792822780084,0.31145388438836763,0.37891711437710623,0.282881424524484,0.007891541885876164,0.0,4942,0.350362720796155,0.40579917083193046,0.44031999670722854,0.48033817965008946,0.9985578982408353,0.8129349367233146,0.013640126129802905,0.008297977944189074,0.011384315876328108,0.014253969084237077,0.01651107152737525,0.018304521063345958,0.9947389720760825
2024-05-31,252,2023-05-18,227,5115,4964,0.9704789833822092,-0.0007756380972648321,0.0163955767134487,-0.0004558489249332178,0.009201822512125528,0.8294845196271179,4957.0952380952385,4957.0952380952385,4964,0.9999271015253515,0.43709745675856804,0.7237659319129579,1.0378679289191068,1.2775525694837024,1.5032680251982886,0.3536891347794181,0.12353043907378267,0.2320584960091695,0.3578746388099927,0.47338072800429465,0.5741355438620144,0.621676067687349,0.19802578565672843,0.01893634165995165,4964,1.4779605772078108,0.9025540188503606,1.1949080710708748,1.4940196240083161,1.7827380161590969,2.039671092342622,0.2550062128811011,0.11877614504958592,0.17932648842233317,0.25099120958086496,0.32731895972433156,0.39526343287328847,0.33440773569701854,0.014302981466559226,0.0,4964,0.35429887693894113,0.41063958754081453,0.44564027898211367,0.48332850952786904,0.9988026209981673,0.8286720565128645,0.013635917459795829,0.008463690991647909,0.01148219330283278,0.01426231218175597,0.016388857926463465,0.0180739990356572,0.9951651893634166
2024-06-28,252,2023-06-14,227,5114,4980,0.9737974188502151,-0.001188800264862427,0.017012798184602565,-0.0005690132816102051,0.009230044561182258,0.8322380437624199,4973.658730158731,4973.658730158731,4980,0.9999874514724152,0.4362953783010217,0.7222751194869315,1.0363013892829396,1.2773752907954758,1.498578214395145,0.3667021365437411,0.13173017235415332,0.24402944241848612,0.37170601595134667,0.48973227798751207,0.5882686838179852,0.6562248995983936,0.22791164658634538,0.021686746987951807,4980,1.534158328889824,0.9377776972725187,1.2469518366751071,1.5534822038410432,1.8482389868608324,2.1025489119264082,0.26617121639433716,0.1283348734883767,0.19062183602774388,0.262459756871856,0.3394738064429169,0.4070921897170467,0.3670682730923695,0.019076305220883535,0.0,4980,0.36727595114496003,0.42387572798242856,0.460110721322863,0.49538788964125446,0.9988392031727374,0.8328685737383293,0.013639869969542244,0.008624712874958508,0.011608037886599708,0.014248846763043225,0.01633544175922667,0.01792510738981522,0.9953815261044177
2024-07-31,252,2023-07-19,227,5107,4999,0.9788525553162326,-0.0012110399136640645,0.01747194539248063,-0.0005824318870416911,0.009298760789452874,0.8364955849875654,4993.43253968254,4993.43253968254,4999,0.9999418407052872,0.4520923153757621,0.7375056920621321,1.0399679911188635,1.2730781295167275,1.4790913590678585,0.37803055155393916,0.1422768843508358,0.25846528331756913,0.38276172088659866,0.5019505443416645,0.5997483669850641,0.6761352270454091,0.2536507301460292,0.02460492098419684,4999,1.5719167595474735,0.9770503572170061,1.2870816098849809,1.5929935609039423,1.8934611850288974,2.1244981564981673,0.2773289382182579,0.13229351535563905,0.1997202841558534,0.27398494054542155,0.3545261898176942,0.42428008140626333,0.41088217643528707,0.027605521104220845,0.0,4999,0.3786355467510233,0.4354369647685981,0.4703432777755959,0.5057735225425984,0.9988913631588954,0.8392284592912681,0.013636402379793069,0.008750761616152057,0.011730606649313982,0.01425003853036809,0.016252121494591473,0.017802276433512527,0.9943988797759552
2024-08-30,252,2023-08-18,227,5098,5006,0.9819537073362102,-0.0012460612898389045,0.01766875271334565,-0.0006450154290975544,0.009157925758648261,0.8415467405861267,5001.726190476191,5001.726190476191,5006,0.9999545515755204,0.4506416862276887,0.7389652302401215,1.0393813564283425,1.2726289864981428,1.4804189863763826,0.3799059328029425,0.14264844035100793,0.2621765352998193,0.38664140138719316,0.5008016429504701,0.5994629223523344,0.6825809029165002,0.2512984418697563,0.023371953655613262,5006,1.6236462156824207,0.9877885557528389,1.3155066690769193,1.6434052752114574,1.969167786009766,2.2172546652837544,0.28148103614821757,0.13322189877695317,0.20433924094482975,0.2798877963176464,0.3595042937655246,0.43067125619803215,0.4280862964442669,0.02836596084698362,0.0,5006,0.3805543339252045,0.43684036985230534,0.47060142980444597,0.5054579203468582,0.9988389284088898,0.8448824451738409,0.013628928280165093,0.008735690937951245,0.01175951266508163,0.014241610877021256,0.016206503911341007,0.017729786434460437,0.9942069516580104
2024-09-30,252,2023-09-14,227,5101,5015,0.9831405606743776,-0.00037937940548447933,0.01922547226161119,0.00010050336412172788,0.011165813038873797,0.8574303433433162,5010.658730158731,5010.658730158731,5015,0.9998833598747442,0.5205292052649998,0.7758132273718434,1.025799165934311,1.2348876864888716,1.4429330772076985,0.42056397695549835,0.19338304051680913,0.31027466068703213,0.42832482380869563,0.5396892449068686,0.6335017622520457,0.7665004985044865,0.33080757726819543,0.038883349950149554,5015,1.4762602545998815,0.9779887377779031,1.2281107097328814,1.4701485539162005,1.7525806836460365,1.9859300482639286,0.32411165242701956,0.16817037353220157,0.2400174797374234,0.32288007467449387,0.4093298160760047,0.4853938100815132,0.5722831505483549,0.07836490528414755,0.0,5015,0.42121292531166926,0.47895782628349,0.5080263536317334,0.540150918376873,0.9988904219493013,0.8641472876601004,0.013754322071231147,0.009676701659722824,0.012189362792862382,0.014260487656161312,0.015992291733273673,0.017289827629779136,0.9972083748753738
2024-10-31,252,2023-10-18,227,5107,5023,0.983551987468181,-9.250541746778598e-05,0.02118777781071794,0.00011262469344733289,0.013073192101502604,0.8781276229770963,5018.309523809524,5018.309523809524,5023,0.99989735254743,0.5503182941592115,0.7902419452828843,1.0112620255918574,1.225610459207728,1.4432543182016586,0.44673634232627923,0.22544407449786955,0.3404606838392382,0.4572681111609258,0.5623943658865336,0.6543099738972723,0.8112681664344018,0.3904041409516225,0.050567390005972525,5023,1.4231231488206555,0.9495017809714411,1.1631781202164926,1.3875292175361564,1.710458672660699,1.9774749294876688,0.35864112389200453,0.18974933075218442,0.27052680123053174,0.36441360950202467,0.4499635492621874,0.5226909579518982,0.6778817439777026,0.13637268564602828,0.0011945052757316346,5023,0.44736774960319076,0.5007518573075015,0.532947221820037,0.5622359591328653,0.9989127037118196,0.8854500457319683,0.013803361002558459,0.010021395795513267,0.012328305512097563,0.014264475325835985,0.015822214050101726,0.017029776690857916,0.9980091578737806
2024-11-29,252,2023-11-16,227,5113,5034,0.9845491883434383,-0.00012669864788942712,0.021683576262724772,0.00014636372075191098,0.013502517991663911,0.8797872365875299,5028.273809523809,5028.273809523809,5034,0.9999024337405293,0.5429718950516004,0.784404932383213,1.0080623244967226,1.226681157091913,1.4455453461066954,0.4432980038355631,0.22602532675021306,0.33600941605698714,0.45554648459876557,0.557701614502028,0.6489378544620316,0.8106873261819627,0.38100913786253476,0.04568931267381804,5034,1.4127816160750994,0.9334817848689515,1.1459206537086377,1.3757568026974973,1.6936539528288346,1.9745287135947411,0.3578295889941327,0.1919348727087481,0.2689906724922263,0.3617237785230697,0.44862777395744513,0.5211547392079557,0.6712355979340485,0.13388955105284067,0.0017878426698450535,5034,0.44389524176443024,0.4963097233273569,0.5298662201424816,0.5582685136220399,0.9989039176672201,0.8879868004251883,0.013793292004123452,0.010063837132303228,0.012302780571180038,0.01427737435140675,0.015789363075448745,0.017016610225744386,0.9980135081446166
2024-12-31,252,2023-12-18,227,5121,5042,0.9845733255223589,-0.0002079951841717684,0.022135652131649506,0.0003253545597569482,0.013606763693521637,0.8773316123433198,5036.111111111111,5036.111111111111,5042,0.9999199887036105,0.5415412368702458,0.7895987858926239,1.0129811540110971,1.2280079745892105,1.4388022830856486,0.44097947412646304,0.2265515921126526,0.33902600561028917,0.4514373247925489,0.5537448927714129,0.6411992326991551,0.8094010313367711,0.37465291550971835,0.04165013883379611,5042,1.4272256521209437,0.9453896279667895,1.166567416818121,1.3941606774320938,1.7092411189656809,1.983832305220717,0.3549722146202593,0.19045440460774635,0.26577525378072353,0.3549484944836262,0.4468762915582427,0.5167605982982341,0.656683855612852,0.12911543038476794,0.0019833399444664813,5042,0.4415261893677061,0.4937036103168115,0.5269646889575073,0.5545842770903096,0.9989317196846762,0.8864872345237695,0.013785920335171028,0.01013208683125909,0.01235122850735524,0.014257758357880866,0.01577785617990054,0.0169429340619746,0.9980166600555335
2025-01-27,252,2024-01-12,227,5132,5049,0.9838269680436477,-0.00014858499733530868,0.02240980854215484,0.00030613349257590746,0.013821692235799495,0.8785873324462072,5042.825396825397,5042.825396825397,5049,0.9999551983754946,0.5371046030735931,0.783508067083203,1.013934555854291,1.227583416237002,1.4389329846839647,0.4407176589215486,0.2286320147895057,0.3403862108832408,0.4514490878143761,0.5527282601383544,0.640313752329476,0.8138245197068726,0.3741334917805506,0.043176866706278474,5049,1.424496408636806,0.9483421517518705,1.1698667794992563,1.3928757613776641,1.7012843846194545,1.9755917277844335,0.3559947811884926,0.1940366699052793,0.2684990437765712,0.3557398518908753,0.446170965580818,0.5156427935787601,0.6609229550406021,0.1259655377302436,0.0019805902158843334,5049,0.44122938973032294,0.493243453042563,0.5260013054083641,0.5533984351556868,0.9988672917655201,0.8882278379454545,0.013783516487213694,0.010215348150786795,0.012371026933524196,0.014244872832642322,0.015746854518321703,0.016919591612101575,0.9984155278272925
2025-02-28,252,2024-02-07,227,5131,5052,0.9846033911518223,0.0013249504165072134,0.020798325557891725,0.0006974190127124757,0.013240584415966665,0.8851178068826158,5045.646825396825,5045.646825396825,5052,0.9999736982369083,0.5279338333135192,0.7765706101829128,1.0064548198590202,1.2459152947843857,1.4514021635025351,0.4096712747212404,0.2084574910502313,0.310533669675175,0.41801108350242144,0.5149026652045345,0.6016200625798263,0.7697941409342834,0.28642121931908154,0.02098178939034046,5052,1.3902823074574522,0.8951193086657345,1.1085166895225014,1.354333503609181,1.6721810885387733,1.9612723905253022,0.33445349797856566,0.18009829300465263,0.2515283045791156,0.33223959333534503,0.4193896490932851,0.4874901926747389,0.6019398258115598,0.0855106888361045,0.00217735550277118,5052,0.4102190513334918,0.45586115824478657,0.4901656521553837,0.5194606261393955,0.9987281740615227,0.8938515949423292,0.013758399667832634,0.010065321532848255,0.012272129021095472,0.014174339326174836,0.01576507830077292,0.017029096252699716,0.9986144101346002
2025-03-31,252,2024-03-15,227,5140,5057,0.983852140077821,0.0004842643427070505,0.019584454960936613,0.0002969693168262188,0.012983870612041924,0.8961730366340543,5049.833333333333,5049.833333333333,5057,0.9999439749328378,0.5562094887127614,0.7822520661466887,1.0058525916097054,1.2334364237974698,1.4304274471694125,0.39151888827184683,0.20120978280309942,0.2940115105026773,0.3958337998707483,0.49460379265473003,0.5761004211347981,0.7356140003954914,0.23670160174016217,0.011864741941862765,5057,1.3516772826844323,0.8770490034285479,1.080353803630146,1.31857365735206,1.6231431775250276,1.904485374005354,0.3262549154030692,0.1674778399979922,0.23878589675593503,0.32407624743579944,0.4101888326173871,0.4882815086603772,0.5691121218113506,0.08384417638916354,0.002966185485465691,5057,0.39214217371887955,0.430862662884719,0.46420242161219993,0.4925718422315174,0.9986058066534206,0.9050055046407652,0.013749377715509341,0.01010191397195915,0.012165546523711691,0.014123723512912783,0.015777946376277188,0.017088757838696074,0.9982202887087206
2025-04-30,252,2024-04-17,227,5146,5054,0.9821220365332297,0.0008611716733846664,0.020382764349297502,0.0003047650499332764,0.01391602920527578,0.9213785202858392,5045.730158730159,5045.730158730159,5054,0.9999949541757919,0.5842717383083883,0.7886414471254118,0.9774414545124339,1.2278514883948894,1.4516823966861927,0.4078640349287944,0.21572625439078305,0.30631653840045714,0.41185733763556887,0.5098580102562339,0.5992181497909981,0.7635536208943411,0.2742382271468144,0.01919271863870202,5054,1.349490894004261,0.8831700901284272,1.0730291549229658,1.276715485603423,1.6655537214247347,1.9510532637601439,0.3560490131829309,0.18425554221433402,0.2595606130736077,0.35269657324873677,0.45256971633591286,0.5330742524240605,0.6434507320933913,0.1515631183221211,0.004155124653739612,5054,0.408330067672135,0.44583533261037606,0.47417658774555577,0.5032804166215278,0.9987133665517932,0.9294618101261374,0.013778162763615185,0.010233982693184134,0.012203206735050348,0.014113405432275159,0.01574064964244033,0.01707133638893978,0.999208547685002
2025-05-30,252,2024-05-17,227,5147,5056,0.9823197979405479,0.0005912175847358485,0.02000273310817157,0.0002238383961999212,0.013813659834852556,0.9221440609737548,5046.5317460317465,5046.5317460317465,5056,0.9999979575935353,0.5912709942205386,0.7917112203050863,0.977047285190376,1.2276269456490219,1.453452057309052,0.40573472985300535,0.21223597820582119,0.3027567273077493,0.40958839595004637,0.5087116110307242,0.6000173181324033,0.7559335443037974,0.2711629746835443,0.020965189873417722,5056,1.335219720259793,0.8751454584541334,1.0571663510709732,1.2598650814529488,1.6472965899852787,1.9363584087474035,0.35521274811589443,0.17938392306594325,0.2549957575806551,0.3510673094450116,0.4516102293171495,0.5400692261991167,0.6348892405063291,0.15565664556962025,0.005537974683544304,5056,0.40631670586310703,0.4446955120122039,0.4727860727145427,0.5015319627924062,0.9985435746441726,0.9308281811960482,0.013770670921811593,0.010187780400503528,0.01213391210452622,0.01411847972709668,0.015772986006772544,0.017107661758797695,0.9992088607594937
2025-06-30,252,2024-06-17,227,5152,5049,0.9800077639751553,0.0010900644346383101,0.01982806930864707,0.0004781910488701405,0.013799226282467686,0.9281174785601041,5039.9682539682535,5039.9682539682535,5049,1.0000145462598926,0.5927230051721253,0.7916981786497599,0.9758098460617468,1.232488358524852,1.4573736809200781,0.40469344264913,0.21150419560133113,0.2985125538728511,0.40537043500166764,0.5093066313894883,0.6035644106784918,0.7472766884531591,0.27292533174886113,0.023767082590612002,5049,1.333534844420276,0.8666222329523766,1.0484419359145125,1.259591500075828,1.6557286117346566,1.9392930819878182,0.3580152016283096,0.17990633298495812,0.25306208349193987,0.3521576888913781,0.4580638603381046,0.5507418026994334,0.6335908100613983,0.16735987324222618,0.006734006734006734,5049,0.405219947778212,0.4429006847641648,0.46829407673695983,0.4970873638757352,0.9985967679736348,0.9363721671079823,0.013774229963499699,0.010159839559645362,0.012090885061872262,0.014062514650890371,0.015800091973533645,0.017200537149106954,0.9992077639136463
2025-07-31,252,2024-07-18,227,5150,5055,0.9815533980582525,0.0015699951317159652,0.019249150042415085,0.0007014353981549224,0.013670486430957484,0.9314073653441546,5045.206349206349,5045.206349206349,5055,1.0000346361061143,0.5910218359402097,0.7862882464623788,0.9704991896936408,1.237889902446415,1.468785169442675,0.3905632227645058,0.19950662037572017,0.2820381252043246,0.3878338570986919,0.4958466424998511,0.5941652319515608,0.7113748763600396,0.24114737883283877,0.02274975272007913,5055,1.3114255123044836,0.8550332924702025,1.029158585849268,1.231698748917403,1.6320142262118735,1.9150353109470242,0.3486133426477455,0.17017451622014726,0.24209343876537365,0.34096059771940385,0.4499909670926334,0.5408074159977816,0.6017804154302671,0.15766567754698319,0.00731948565776459,5055,0.3910634381432084,0.4299448628563036,0.4544454062497239,0.4826064662979263,0.9985555257308536,0.9406512548719715,0.013750207980956407,0.010066051638961447,0.011927145625920746,0.013988458510982224,0.0158434374129063,0.017359102696276253,0.9996043521266074
2025-08-29,252,2024-08-16,227,5153,5062,0.9823403842421891,0.0018392907483039441,0.019085657040668145,0.0011395727955917875,0.013638216567035339,0.9308874032226563,5051.702380952381,5051.702380952381,5062,1.0000437029304432,0.587882703525729,0.7850400249538088,0.966082851057328,1.2428649397678586,1.4681437292907031,0.38236726832772633,0.19199234224438708,0.27490216430976616,0.3767611412027772,0.48361341499839255,0.583457535523009,0.6926116159620703,0.2206637692611616,0.019952587909917028,5062,1.3026428759826965,0.8423591008431148,1.0199515101703955,1.2223078009709987,1.6250972208964565,1.903069333319036,0.34070442412039903,0.16578348319943892,0.23676063758600685,0.330426434655836,0.44064418048794113,0.5301620751120988,0.5831687080205452,0.14223627024891347,0.005728960885025681,5062,0.3828973741212217,0.422029325377677,0.44635598570186996,0.4738105313079955,0.9984730037464058,0.9396875357179723,0.013739192592743026,0.009974073522735284,0.011889049368041676,0.013949505706260919,0.01581803864487932,0.017391226049910145,0.9998024496246543
2025-09-30,252,2024-09-19,227,5159,5070,0.9827485946888932,0.0021094728539673294,0.019092951041560266,0.0013947843938135417,0.01379951293511928,0.9357727535538828,5059.313492063492,5059.313492063492,5070,1.0001292882165977,0.5831601638712356,0.7814825061724786,0.9636189762772145,1.2426351524089532,1.4709197644404786,0.3767318274589636,0.18737706450730568,0.26774984295831317,0.37041136052520723,0.4754929360779518,0.578997175866894,0.6775147928994083,0.20552268244575936,0.01992110453648915,5070,1.2950023859174926,0.8233739666792544,1.004627566688595,1.2122005835294147,1.616164933864833,1.8969430351651555,0.33841161175316387,0.16359268301035892,0.2328435346006834,0.32784486359824794,0.43643744539553897,0.5307814941445055,0.571992110453649,0.13826429980276134,0.0053254437869822485,5070,0.37725320792999534,0.4179133754424619,0.442321015134522,0.46927700964184876,0.9982974298766649,0.9435337708869004,0.013726195469354774,0.009910028557835498,0.011847756715644368,0.01389719671680453,0.015781200810724823,0.01742721545825969,0.9998027613412229
2025-10-31,252,2024-10-21,227,5164,5075,0.9827652982184353,0.0011963904422470511,0.015311196702120052,0.0006486923482102079,0.010289457024678228,0.9018030799285459,5064.194444444444,5064.194444444444,5075,1.0001969800217192,0.5183521980047673,0.753261698312504,0.9974974810292362,1.2601835020154173,1.4947233309295629,0.2881976858382837,0.11765561880070387,0.19075938627796846,0.28002780044788556,0.3727957596605508,0.47002182573006124,0.4433497536945813,0.06995073891625615,0.00374384236453202,5075,1.3420806976519475,0.7602759393455858,1.0025514427588833,1.2982930034776201,1.6786261157546274,2.014686963712014,0.24087727045483154,0.09749277672739952,0.15432433043248267,0.2288572793512624,0.3155044788609441,0.4001817445850729,0.28807881773399013,0.026403940886699506,0.00019704433497536947,5075,0.2885497718044831,0.33053536832729763,0.3563811555925231,0.3864152730413941,0.9982783256999193,0.9065441972850518,0.013568811870258502,0.009006744004950842,0.011397934938356887,0.013765200148628347,0.01593383147980945,0.01796787529647764,0.9978325123152709
2025-11-28,252,2024-11-18,227,5169,5082,0.9831688914683692,0.0008466717545061329,0.014790283549019257,0.0004902406525033601,0.010012946173355887,0.9020167275529547,5071.1547619047615,5071.1547619047615,5082,1.000159931423004,0.5240390048905351,0.7643408906363489,0.9949517184563683,1.2578861803535197,1.4866672813988653,0.2844681231190993,0.11700999051001983,0.1842523920992395,0.2738878292188319,0.36960613286158306,0.465854887758259,0.4244391971664699,0.07064147973238882,0.004132231404958678,5082,1.3325197601135204,0.7554367120763842,0.9976280229642202,1.2830952122330803,1.6732143194939133,1.995713090041601,0.23772197911809595,0.09336818539068295,0.14881920861475006,0.22552956756672315,0.3147093461804314,0.39958723021299747,0.2837465564738292,0.02558048012593467,0.0,5082,0.2848153707986427,0.32569988674900974,0.35183153708425663,0.3823570215360679,0.9982832794402604,0.9062879186211055,0.013547146059116985,0.009034120124569979,0.011290185907559543,0.013733996441427802,0.01596053816637691,0.01799350870118231,0.9976387249114522
2025-12-31,252,2024-12-19,227,5182,5093,0.9828251640293323,0.000766692261809093,0.014109486399744475,0.0005192744956097843,0.009654599261445403,0.9040411746202927,5081.1984126984125,5081.1984126984125,5093,1.0001275621628802,0.5195550388106117,0.7601121773145743,0.993148263496369,1.2590690823484305,1.494722882172085,0.27432761086650453,0.10729193244277008,0.17372731318845944,0.2629315730664571,0.3590608272275302,0.4585518720287492,0.3968191635578245,0.06891812291380325,0.0031415668564696644,5093,1.3212646600132159,0.7338427756517321,0.9763234801114503,1.2719201337859585,1.6646974431041122,2.003941421293645,0.2282955235275033,0.0860412637189877,0.14069333161170736,0.21466936083373733,0.30302957608434267,0.39123356210784777,0.25584135087374826,0.02199096799528765,0.00019634792852935403,5093,0.2746540170416065,0.31609772692893773,0.3410212866639508,0.3728699295536246,0.9982297162090259,0.9043190675403037,0.013486772347398208,0.008808503351044614,0.011119955269572778,0.013686449758841304,0.016008984976825593,0.018163260378468337,0.9978401727861771
2026-01-30,252,2025-01-17,227,5185,5096,0.9828351012536162,0.0013336299112257086,0.013142755702059618,0.000835983733295804,0.009208857591149623,0.9074051491365918,5084.793650793651,5084.793650793651,5096,1.0001742036524979,0.5208795888273581,0.7539047906562386,0.9835827702402706,1.2642591617291428,1.5180414285560992,0.24455269379555003,0.09034899364357718,0.15021674427237566,0.23013061687722186,0.31914285634753237,0.4156822922315272,0.3000392464678179,0.04729199372056515,0.0013736263736263737,5096,1.2951575202166223,0.7028847710301713,0.9347041187051995,1.2400514322937557,1.6437107182652688,2.007715902674576,0.2035212304108446,0.07147511755259578,0.12229204936470789,0.18814052550992605,0.2708323899623214,0.3556363298016805,0.18759811616954475,0.014717425431711145,0.0,5096,0.24503674980642476,0.2892208432521218,0.3114774231710289,0.34694658990363825,0.9979680899548649,0.9041624060467504,0.013419296661324817,0.00854344384559202,0.01093464701178452,0.013546084300028842,0.016006933923937004,0.01830174972997914,0.9954866562009419
2026-02-27,252,2025-02-14,227,5190,5104,0.9834296724470135,0.0012562838362790109,0.01318171480295635,0.0007413902148102735,0.009396254506927229,0.9101610774972733,5092.150793650793,5092.150793650793,5104,1.0001625248044412,0.538852012582014,0.7633904057584381,0.9827578857354438,1.2549624873798506,1.5044759411149726,0.2456286513834549,0.09553982672923139,0.15416486571768095,0.2305918736608223,0.3191011379891337,0.4132212418769771,0.295846394984326,0.047021943573667714,0.0011755485893416929,5104,1.276969545519331,0.718469725364685,0.9257609475706863,1.226422178709077,1.6171519587717746,1.9528194974066988,0.2055134143346619,0.07449145701646308,0.1245003740992464,0.19106804714545436,0.27230740267346737,0.35669539570447456,0.19043887147335423,0.01293103448275862,0.0,5104,0.24611017463312493,0.2904302249309705,0.31395359068075895,0.3500224581438161,0.9979361663539693,0.9065638163771229,0.013437745942744063,0.008698397289051068,0.011057216165852812,0.013503550496608745,0.015971201202076606,0.01819403372114943,0.9970611285266457
2026-03-31,252,2025-03-18,227,5193,5111,0.9842095128057,0.0005888820130525422,0.014032045473835136,0.00035059758813319895,0.00979716496952824,0.918071933715572,5099.599206349207,5099.599206349207,5111,1.0000704671026932,0.560628775896483,0.7873324455602969,0.9974225530370847,1.2391482708180774,1.46187579552149,0.26939446568493375,0.10732382681820837,0.17492810571746556,0.25513969595818703,0.34827206233435193,0.44952966799120786,0.37155155546859714,0.06750146742320486,0.002347877127763647,5111,1.3148722443041967,0.7671381565163995,1.0043207685805267,1.274962874357026,1.6513899426653635,1.9371639940901657,0.22801475321951914,0.08965805711729377,0.14538597794210878,0.21587232677916884,0.2963560166151312,0.38504198204903933,0.24183134415965565,0.019761299158677362,0.0,5111,0.2697986088126636,0.3121729019040873,0.3362804132256617,0.3709290926177733,0.9981612169022044,0.9129057705612141,0.013467187436941742,0.008772622177603157,0.011230712134602826,0.013582762601572654,0.015907557729096362,0.018167055574075143,0.99784777929955
2026-04-30,252,2025-04-17,227,5201,5116,0.9836569890405691,0.0012566003970898912,0.011535276601269264,0.000851083156818258,0.008274096238596276,0.893177128439117,5104.325396825397,5104.325396825397,5116,0.9999327557570634,0.5222595194948094,0.7880270952029143,1.028259411541879,1.2501834094880766,1.4264604478675587,0.2079064213573665,0.07084024372603372,0.12703809301226043,0.19525918597036748,0.27259764866234254,0.36127422163213424,0.19468334636434714,0.01641907740422205,0.00039093041438623924,5116,1.2451196779741531,0.6618688399554385,0.9215582860743976,1.2370965112838217,1.5536316783828932,1.8600236302042434,0.16566858529708134,0.0548403675086349,0.09668415286845174,0.15498079859901165,0.2223025639910725,0.29223356742563167,0.08913213448006255,0.001563721657544957,0.0,5116,0.2086859784886136,0.2538769374918388,0.27935676429470535,0.3124128073697502,0.9970383565754741,0.8796824390217934,0.01332096505088849,0.008144054540240432,0.010894931161983689,0.013459859453035877,0.015980663747717058,0.01853602471085873,0.9929632525410477
2026-05-29,252,2025-05-16,227,5208,5123,0.983678955453149,0.0008027103240304019,0.011841341055456717,0.000624129989052735,0.008620410549544917,0.8988964137556177,5110.896825396825,5110.896825396825,5123,0.9999232886250944,0.5135286942412908,0.7709786102269405,1.02307803064953,1.2560410467258418,1.4423239601857225,0.20773014866440706,0.07113947607024829,0.1275294239421047,0.19528513017904117,0.271044626519478,0.35893432387373614,0.19168455982822566,0.01795822760101503,0.00039039625219597894,5123,1.2345979082190062,0.6365518377840692,0.8983911308350022,1.2116119688442055,1.545180206188535,1.8738944716972672,0.16678444035721984,0.054083951527549315,0.09837490065537757,0.156523706029032,0.22556307297457573,0.2927223065936444,0.08803435487019325,0.0,0.0,5123,0.2086820850963273,0.2540860588367372,0.2789089933654454,0.3137860019767639,0.9964973855846434,0.8826737333378492,0.013325166485265135,0.008170830157940344,0.010917768940866535,0.01347311391876808,0.015940813732514006,0.01843320789184326,0.9937536599648643
2026-06-30,252,2025-06-17,227,5205,5115,0.9827089337175793,0.00039698716009725475,0.012147414760244201,0.0005188274436923406,0.009153572691144484,0.8804208085548045,5104.416666666667,5104.416666666667,5115,0.9999761313977027,0.528846532403527,0.7747123225021115,1.0223145408880863,1.2477979283630376,1.4358957145853282,0.202164964830804,0.0711528500228062,0.12345340551758235,0.19014085478977394,0.2653354970564412,0.34698562252702536,0.17517106549364614,0.014271749755620724,0.0,5115,1.1683410436462152,0.5702656348713077,0.819588002710963,1.1256263153499497,1.483551611492175,1.8297202440296976,0.1535095881279981,0.04879634081419793,0.08902458768497545,0.1433330413891897,0.21028466409966395,0.27093475081502527,0.05747800586510264,0.0,0.0,5115,0.20423698585520358,0.25719512909289066,0.2830760010829059,0.3188815734948316,0.9927457435070043,0.8473950886922349,0.013348155425896915,0.00825133197235895,0.010790458990800302,0.013401050609269929,0.016050457758465003,0.018481318118529586,0.9947214076246335
2026-07-31,252,2025-07-18,227,5203,5122,0.9844320584278301,-0.00023392650118443935,0.013478636334162894,-7.865449503185962e-05,0.010188147483155965,0.8671580839571458,5111.611111111111,5111.611111111111,5122,0.9999954707869081,0.4954484787538706,0.7516219068683312,1.0177067088296732,1.2607352648169337,1.4787467302930304,0.2163115818394718,0.08001837680908568,0.13927871330064226,0.2092641893005933,0.2814495063306418,0.36020802293783005,0.20206950409996094,0.01483795392424834,0.0,5122,1.1471870358413978,0.5067085279080368,0.7547386085604649,1.0738107782563773,1.4643221177650232,1.9238513555984758,0.15778211112804594,0.047071841526066506,0.09113974630311475,0.14752856561909827,0.21679346703800154,0.28142485528293787,0.07087075361187037,0.0,0.0,5122,0.21958570745106556,0.285750901608872,0.31212285785225846,0.3508464504399142,0.9890042537047227,0.821058493544189,0.013379501574804525,0.008552848791406465,0.010979210914763247,0.013426966904782761,0.01600837813268432,0.018255544594273036,0.9939476766887935
2026-08-31,252,2025-08-18,227,5212,5124,0.9831158864159631,-0.00017242920731849572,0.01384295634685735,-0.00012676540056564086,0.010468540919755723,0.8689455192053059,5114.043650793651,5114.043650793651,5124,1.0000216520414948,0.46616802719128203,0.7357036271087458,1.013379777683046,1.268808786272128,1.5045943664115105,0.2205580650770572,0.07850393931848003,0.14160134400763,0.21545125189986514,0.29007867229237727,0.36613780551916375,0.22209211553473848,0.01483216237314598,0.0,5124,1.1490360577714624,0.4749667878373817,0.738198997129349,1.0681799643180905,1.471029664673879,1.9820300347976563,0.16090126712176314,0.04439419067576287,0.08978576837061189,0.15077262893265164,0.2245559329475875,0.2909367302511254,0.08430913348946135,0.0,0.0,5124,0.2239997897616702,0.2940015807937652,0.32012193187809634,0.36052065672050165,0.9885989707869248,0.8191517795833102,0.013360750664179693,0.008492668583279059,0.011036254445048787,0.013472705268033725,0.016025982490106994,0.018251974871626504,0.992583918813427
2026-09-03,252,2025-08-21,227,5215,5125,0.9827420901246404,-0.000316630152224442,0.013810974402656707,-0.0002594703187133033,0.010454596520582232,0.8681175578255488,5115.015873015873,5115.015873015873,5125,1.0000200800185421,0.46874238717038896,0.7373169397658867,1.0124522340309194,1.2673728334221719,1.50224409981914,0.22026494762119017,0.07843287005500332,0.14072991374493213,0.21425528969697502,0.28924249892298476,0.36617966844566474,0.22282926829268293,0.015024390243902438,0.0,5125,1.1468116903292416,0.4737800737688449,0.7370008176831618,1.060611567526107,1.465067441719799,1.9736146005987192,0.16033088209879137,0.04370986219204887,0.08922837686744814,0.1497214055666626,0.2247266361090626,0.29042124995522245,0.08487804878048781,0.0,0.0,5125,0.22380790189009986,0.29486346309479794,0.3211532399539041,0.36164545374510143,0.9881927471895936,0.817070117276549,0.013356512041660946,0.008448864047547168,0.01101770414507658,0.01347144264944993,0.016052838405955228,0.018282869456551165,0.9925853658536585
