market_proxy,analysis_date,label_end_5d,available_5d,label_end_20d,available_20d,label_end_60d,available_60d,fwd_20d_max_drawdown_loss,fwd_5d_max_drawdown_loss,fwd_60d_max_drawdown_loss,fwd_20d_realized_vol_annualized,fwd_20d_worst_daily_loss,fwd_20d_downside_semideviation_annualized,fwd_20d_tail_event_p90,fwd_20d_tail_event_p95,m1_state_valid_from,m1_state_valid_to_exclusive,m1_state_open_ended,m1_network_risk_state_score,m1_network_risk_state,m1_previous_risk_state,m1_risk_state_changed,m1_risk_score_pct_W60,m1_risk_score_pct_W120,m1_risk_score_pct_W252,m1_window_dispersion
CSI300,2018-02-28,2018-03-07,True,2018-03-28,True,2018-05-29,True,0.069034103986026,0.0080586008214191,0.0918266237368782,0.1591520343174698,0.0287064559055802,0.1427615177550467,0.0,0.0,2018-02-28,2018-03-30,False,0.2529761904761904,LOW_NETWORK_RISK,LOW_NETWORK_RISK,False,0.1875,0.0714285714285714,0.5,0.180985664232271
CSI300,2018-03-30,2018-04-10,True,2018-05-03,True,2018-06-29,True,0.0481675020440084,0.011689111196614,0.1307175104231731,0.1691727331080026,0.0191213727897197,0.126600961170039,0.0,0.0,2018-03-30,2018-04-27,False,0.6458333333333334,MID_NETWORK_RISK,LOW_NETWORK_RISK,True,0.5,0.6875,0.75,0.1062295731998496
CSI300,2018-04-27,2018-05-08,True,2018-05-29,True,2018-07-25,True,0.0306031956372161,0.0048510413920379,0.148227619071889,0.1226412535514342,0.0132174153463331,0.0775922704918011,0.0,0.0,2018-04-27,2018-05-31,False,0.524074074074074,MID_NETWORK_RISK,MID_NETWORK_RISK,False,0.35,0.7222222222222222,0.5,0.1529095952099482
CSI300,2018-05-31,2018-06-07,True,2018-06-29,True,2018-08-24,True,0.1096891806143571,0.0083605531272519,0.1601167133034442,0.2030260458589158,0.0352504242785931,0.1790682035696464,0.0,0.0,2018-05-31,2018-06-29,False,0.8931818181818182,HIGH_NETWORK_RISK,MID_NETWORK_RISK,True,0.9545454545454546,0.85,0.875,0.0445748202525929
CSI300,2018-06-29,2018-07-06,True,2018-07-27,True,2018-09-21,True,0.0480036912770793,0.0480036912770793,0.1060080241002202,0.2142235281874588,0.0293422349315575,0.1436754721602745,0.0,0.0,2018-06-29,2018-07-31,False,0.4724747474747475,MID_NETWORK_RISK,HIGH_NETWORK_RISK,True,0.7083333333333334,0.4090909090909091,0.3,0.172621282975148
CSI300,2018-07-31,2018-08-07,True,2018-08-28,True,2018-10-31,True,0.0818839796910446,0.0694751624659574,0.1345411438285678,0.2505749785074821,0.0239941178388987,0.1763562773406521,0.0,0.0,2018-07-31,2018-08-31,False,0.701923076923077,HIGH_NETWORK_RISK,MID_NETWORK_RISK,True,0.7307692307692307,0.9583333333333334,0.4166666666666667,0.2220732159870274
CSI300,2018-08-31,2018-09-07,True,2018-10-08,True,2018-12-03,True,0.0481227147061447,0.0300306192217366,0.1147095258312348,0.2478337769327814,0.0430258864856376,0.1895761875781252,0.0,0.0,2018-08-31,2018-09-28,False,0.6401098901098902,MID_NETWORK_RISK,HIGH_NETWORK_RISK,True,0.6785714285714286,0.8846153846153846,0.3571428571428571,0.2170503540121283
CSI300,2018-09-28,2018-10-12,True,2018-11-02,True,2018-12-28,True,0.1147095258312348,0.0915274247861209,0.1303775088255991,0.3761620328968629,0.0479918332520721,0.2896479192137258,0.0,0.0,2018-09-28,2018-10-31,False,0.5478174603174603,MID_NETWORK_RISK,MID_NETWORK_RISK,False,0.3666666666666666,0.9642857142857144,0.3125,0.2953166231543911
CSI300,2018-10-31,2018-11-07,True,2018-11-28,True,2019-01-25,True,0.047763006131245,0.0207704581718715,0.1000910580950645,0.2107997092905061,0.0231257208765859,0.1372170221864733,0.0,0.0,2018-10-31,2018-11-30,False,0.38125,MID_NETWORK_RISK,MID_NETWORK_RISK,False,0.34375,0.6333333333333333,0.1666666666666666,0.192352336342183
CSI300,2018-11-30,2018-12-07,True,2018-12-28,True,2019-03-05,True,0.0848300491781706,0.0263640286316717,0.0926857034436959,0.1750159318703269,0.0216266912669126,0.1354272900000921,0.0,0.0,2018-11-30,2018-12-28,False,0.6770833333333334,HIGH_NETWORK_RISK,MID_NETWORK_RISK,True,0.5,0.78125,0.75,0.1258650622249434
CSI300,2018-12-28,2019-01-08,True,2019-01-29,True,2019-04-02,True,0.0152159832594289,0.0152159832594289,0.0495076778349778,0.1555708963732342,0.0136548585853553,0.0778223371740518,0.0,0.0,2018-12-28,2019-01-31,False,0.239502871855813,LOW_NETWORK_RISK,HIGH_NETWORK_RISK,True,0.1944444444444444,0.2058823529411764,0.3181818181818182,0.0558300330403072
CSI300,2019-01-31,2019-02-14,True,2019-03-07,True,2019-05-08,True,0.0186470868335811,0.0,0.1099715818774403,0.2712966516670769,0.0186470868335811,0.088040339601865,0.0,0.0,2019-01-31,2019-02-28,False,0.4734405458089668,MID_NETWORK_RISK,LOW_NETWORK_RISK,True,0.1842105263157894,0.5277777777777778,0.7083333333333334,0.2173945419316558
CSI300,2019-02-28,2019-03-07,True,2019-03-28,True,2019-05-29,True,0.0495076778349778,0.0101972666959453,0.1302355719177499,0.2453424206847125,0.0397153996613151,0.1784414441692269,0.0,0.0,2019-02-28,2019-03-29,False,0.8229757085020243,HIGH_NETWORK_RISK,MID_NETWORK_RISK,True,0.975,0.7631578947368421,0.7307692307692307,0.1083075721960313
CSI300,2019-03-29,2019-04-08,True,2019-04-29,True,2019-06-28,True,0.0561421731248528,0.0012308510350226,0.1349144908156802,0.2127221305875373,0.0230548389680167,0.1459211653883687,0.0,0.0,2019-03-29,2019-04-30,False,0.9003968253968253,HIGH_NETWORK_RISK,HIGH_NETWORK_RISK,False,0.9761904761904762,0.975,0.75,0.1063477256471192
CSI300,2019-04-30,2019-05-10,True,2019-05-31,True,2019-07-29,True,0.0841380861236682,0.0801158128492977,0.0890649875677513,0.3075174051859908,0.05841495856343,0.2605828063026336,0.0,0.0,2019-04-30,2019-05-31,False,0.3823232323232323,MID_NETWORK_RISK,HIGH_NETWORK_RISK,True,0.6136363636363636,0.1666666666666666,0.3666666666666666,0.1828101447557264
CSI300,2019-05-31,2019-06-10,True,2019-07-01,True,2019-08-26,True,0.0185379445541175,0.0185379445541175,0.0801946575840008,0.2006377830719375,0.0104028094874871,0.0720866725583785,0.0,0.0,2019-05-31,2019-06-28,False,0.1312170619235836,LOW_NETWORK_RISK,MID_NETWORK_RISK,True,0.1521739130434782,0.0227272727272727,0.21875,0.081386401847424
CSI300,2019-06-28,2019-07-05,True,2019-07-26,True,2019-09-23,True,0.0428658147857471,0.0162731098733354,0.0801946575840008,0.159297450392198,0.0232225418678722,0.1039994745229217,0.0,0.0,2019-06-28,2019-07-31,False,0.5316318556408071,MID_NETWORK_RISK,LOW_NETWORK_RISK,True,0.2291666666666666,0.6304347826086957,0.7352941176470589,0.2181173429480009
CSI300,2019-07-31,2019-08-07,True,2019-08-28,True,2019-10-31,True,0.055778336323057,0.055778336323057,0.055778336323057,0.1756807068347595,0.0191464039450931,0.1221781077725395,0.0,0.0,2019-07-31,2019-08-30,False,0.8063888888888889,HIGH_NETWORK_RISK,MID_NETWORK_RISK,True,0.94,0.8958333333333334,0.5833333333333334,0.1587513973886198
CSI300,2019-08-30,2019-09-06,True,2019-09-30,True,2019-12-02,True,0.0398746523364249,0.0,0.043504438132212,0.1278950350636527,0.0168026035191979,0.0945578818724266,0.0,0.0,2019-08-30,2019-09-30,False,0.8284885290148448,HIGH_NETWORK_RISK,HIGH_NETWORK_RISK,False,0.9423076923076924,0.78,0.7631578947368421,0.0807754730799588
CSI300,2019-09-30,2019-10-14,True,2019-11-04,True,2019-12-30,True,0.0212129797330796,0.0,0.043504438132212,0.1117344131445651,0.0142259542140312,0.063054411136859,0.0,0.0,2019-09-30,2019-10-31,False,0.4904320987654321,MID_NETWORK_RISK,HIGH_NETWORK_RISK,True,0.7962962962962963,0.25,0.425,0.2277731773766753
CSI300,2019-10-31,2019-11-07,True,2019-11-28,True,2020-02-03,True,0.0381781798286704,0.0044793532543387,0.1226525277177157,0.1260067511680703,0.0176264343658838,0.0912672410388672,0.0,0.0,2019-10-31,2019-11-29,False,0.7506613756613757,HIGH_NETWORK_RISK,MID_NETWORK_RISK,True,0.9821428571428572,0.7222222222222222,0.5476190476190477,0.1785297815436269
CSI300,2019-11-29,2019-12-06,True,2019-12-27,True,2020-03-03,True,0.0184818645158099,0.0003297767645004,0.1226525277177157,0.1062553447587934,0.0124836641981455,0.0479348275909743,0.0,0.0,2019-11-29,2019-12-31,False,0.4522130168681893,MID_NETWORK_RISK,HIGH_NETWORK_RISK,True,0.7413793103448276,0.4107142857142857,0.2045454545454545,0.2211172474784113
CSI300,2019-12-31,2020-01-08,True,2020-02-06,True,2020-04-02,True,0.1226525277177157,0.0115161902106373,0.1607947265453213,0.3426383838781385,0.078808162042009,0.3109266166532312,0.0,0.0,2019-12-31,2020-01-23,False,0.9814509411960688,HIGH_NETWORK_RISK,MID_NETWORK_RISK,True,0.9833333333333332,0.9827586206896552,0.9782608695652174,0.0022678905636695
CSI300,2020-01-23,2020-02-07,True,2020-02-28,True,2020-04-27,True,0.078808162042009,0.078808162042009,0.1607947265453213,0.3573384592846657,0.078808162042009,0.3115727819791205,0.0,0.0,2020-01-23,2020-02-28,False,0.9213709677419356,HIGH_NETWORK_RISK,HIGH_NETWORK_RISK,False,0.9516129032258064,0.9166666666666666,0.8958333333333334,0.0230135893303993
CSI300,2020-02-28,2020-03-06,True,2020-03-27,True,2020-05-28,True,0.1607947265453213,0.0162168715367991,0.1607947265453213,0.3460097589723894,0.0429927271513691,0.2699249122813245,1.0,0.0,2020-02-28,2020-03-31,False,0.9827486559139784,HIGH_NETWORK_RISK,HIGH_NETWORK_RISK,False,0.984375,0.9838709677419356,0.98,0.0019544554449392
CSI300,2020-03-31,2020-04-08,True,2020-04-29,True,2020-07-01,True,0.0146595527136651,0.0057062066712545,0.0363359163359163,0.1478100780616108,0.0117842147057449,0.070388436210802,0.0,0.0,2020-03-31,2020-04-30,False,0.9169701825951826,HIGH_NETWORK_RISK,HIGH_NETWORK_RISK,False,0.8939393939393939,0.953125,0.903846153846154,0.0258832518454735
CSI300,2020-04-30,2020-05-12,True,2020-06-02,True,2020-07-30,True,0.0363359163359163,0.0028859955541442,0.0715789950875341,0.1527491024373303,0.0229266261092189,0.0984584148503933,0.0,0.0,2020-04-30,2020-05-29,False,0.8896646200567769,HIGH_NETWORK_RISK,HIGH_NETWORK_RISK,False,0.8676470588235294,0.8939393939393939,0.9074074074074074,0.0165111396474925
CSI300,2020-05-29,2020-06-05,True,2020-06-30,True,2020-08-25,True,0.0227426038354052,0.0003664980608236,0.0715789950875341,0.1389353934416186,0.0120132497976558,0.0630451744015369,0.0,0.0,2020-05-29,2020-06-30,False,0.8644957983193278,HIGH_NETWORK_RISK,HIGH_NETWORK_RISK,False,0.7857142857142857,0.8970588235294118,0.9107142857142856,0.0559851942220704
CSI300,2020-06-30,2020-07-07,True,2020-07-28,True,2020-09-22,True,0.0715789950875341,0.0,0.0715789950875341,0.3682271210345151,0.0481023170132808,0.2466169220659906,0.0,0.0,2020-06-30,2020-07-31,False,0.9077586206896552,HIGH_NETWORK_RISK,HIGH_NETWORK_RISK,False,0.875,0.9,0.9482758620689656,0.0304136497507503
CSI300,2020-07-31,2020-08-07,True,2020-08-28,True,2020-11-02,True,0.0295994858816313,0.0144815589341671,0.0580479618188087,0.1791327120431087,0.0149768531985804,0.1013314010519379,0.0,0.0,2020-07-31,2020-08-31,False,0.6576826826826827,MID_NETWORK_RISK,HIGH_NETWORK_RISK,True,0.7702702702702703,0.6527777777777778,0.55,0.089991820222096
CSI300,2020-08-31,2020-09-07,True,2020-09-28,True,2020-12-01,True,0.0579740662979548,0.0360288941326083,0.0579740662979548,0.175760424276431,0.0233896203766623,0.1503290404393511,0.0,0.0,2020-08-31,2020-09-30,False,0.4664532954006637,MID_NETWORK_RISK,MID_NETWORK_RISK,False,0.7236842105263158,0.1756756756756756,0.5,0.2249775908979864
CSI300,2020-09-30,2020-10-15,True,2020-11-05,True,2020-12-31,True,0.0305753017027607,0.0083608860968755,0.035031595732504,0.1721432039131092,0.0162562959362403,0.0846346755637572,0.0,0.0,2020-09-30,2020-10-30,False,0.613058085919928,MID_NETWORK_RISK,MID_NETWORK_RISK,False,0.7051282051282052,0.618421052631579,0.515625,0.0774572451848044
CSI300,2020-10-30,2020-11-06,True,2020-11-27,True,2021-01-25,True,0.0249932247282362,0.0,0.035031595732504,0.1407916158512687,0.0127837339600224,0.074790016457407,0.0,0.0,2020-10-30,2020-11-30,False,0.7635878010878011,HIGH_NETWORK_RISK,MID_NETWORK_RISK,True,0.8875,0.782051282051282,0.6212121212121212,0.1094927202886219
CSI300,2020-11-30,2020-12-07,True,2020-12-28,True,2021-03-02,True,0.035031595732504,0.0088610142999799,0.0810920636669811,0.1420577333705406,0.0162616607619816,0.0904359309261302,0.0,0.0,2020-11-30,2020-12-31,False,0.8261178861788618,HIGH_NETWORK_RISK,HIGH_NETWORK_RISK,False,0.8658536585365854,0.8625,0.75,0.0538408841163703
CSI300,2020-12-31,2021-01-08,True,2021-01-29,True,2021-04-02,True,0.0486960354928616,0.0033063337238784,0.1517583492317122,0.2267174878274718,0.0272901591895802,0.1539519743862391,0.0,0.0,2020-12-31,2021-01-29,False,0.5898373983739837,MID_NETWORK_RISK,HIGH_NETWORK_RISK,True,0.75,0.7195121951219512,0.3,0.205323589623339
CSI300,2021-01-29,2021-02-05,True,2021-03-05,True,2021-05-06,True,0.0938268373819675,0.0049335677111264,0.1517583492317122,0.2664200210942898,0.0314551347068436,0.2087004949124094,0.0,0.0,2021-01-29,2021-02-26,False,0.5057985726590377,MID_NETWORK_RISK,MID_NETWORK_RISK,False,0.686046511627907,0.5119047619047619,0.3194444444444444,0.1497269360672408
CSI300,2021-02-26,2021-03-05,True,2021-03-26,True,2021-05-27,True,0.0964489628976139,0.0347400411943046,0.0964489628976139,0.2802264502699782,0.0347305616781941,0.2335515390528786,0.0,0.0,2021-02-26,2021-03-31,False,0.5265484829438317,MID_NETWORK_RISK,MID_NETWORK_RISK,False,0.6022727272727273,0.6395348837209303,0.3378378378378378,0.1343028859407791
CSI300,2021-03-31,2021-04-08,True,2021-04-29,True,2021-06-30,True,0.0429947535241284,0.0112020396934261,0.0488966018181546,0.1538514760132235,0.0173950517740609,0.0986166304704666,0.0,0.0,2021-03-31,2021-04-30,False,0.5148015240120504,MID_NETWORK_RISK,MID_NETWORK_RISK,False,0.6777777777777778,0.5113636363636364,0.3552631578947368,0.1316884816861063
CSI300,2021-04-30,2021-05-12,True,2021-06-02,True,2021-07-29,True,0.0255821715276109,0.0255821715276109,0.1105214089949229,0.1754318235973147,0.0128568380121395,0.0892968288356759,0.0,0.0,2021-04-30,2021-05-31,False,0.6118976836368141,MID_NETWORK_RISK,MID_NETWORK_RISK,False,0.6630434782608695,0.5444444444444444,0.6282051282051282,0.0497720287364222
CSI300,2021-05-31,2021-06-07,True,2021-06-29,True,2021-08-24,True,0.0488966018181546,0.0161728145452367,0.1105214089949229,0.124427591705445,0.016659053606268,0.1024728744292729,0.0,0.0,2021-05-31,2021-06-30,False,0.4886871723712612,MID_NETWORK_RISK,MID_NETWORK_RISK,False,0.4361702127659574,0.4673913043478261,0.5625,0.053727331851385
CSI300,2021-06-30,2021-07-07,True,2021-07-28,True,2021-09-24,True,0.0914686614426175,0.0284033761277023,0.0914686614426175,0.2169074083771036,0.0353257669583578,0.2132835681744765,0.0,0.0,2021-06-30,2021-07-30,False,0.7882304820388629,HIGH_NETWORK_RISK,MID_NETWORK_RISK,True,0.8229166666666666,0.7978723404255319,0.7439024390243902,0.0329700481987091
CSI300,2021-07-30,2021-08-06,True,2021-08-27,True,2021-11-02,True,0.0543073277614187,0.0115066732277533,0.0543073277614187,0.1927821229936163,0.0209812854300789,0.1344721474038721,0.0,0.0,2021-07-30,2021-08-31,False,0.90015589569161,HIGH_NETWORK_RISK,HIGH_NETWORK_RISK,False,0.9489795918367347,0.90625,0.8452380952380952,0.0425709455663722
CSI300,2021-08-31,2021-09-07,True,2021-09-30,True,2021-12-02,True,0.0410529927077184,0.0054215457155413,0.0410529927077184,0.1444963179749293,0.0149248947244002,0.0936264674255767,0.0,0.0,2021-08-31,2021-09-30,False,0.559811738648948,MID_NETWORK_RISK,HIGH_NETWORK_RISK,True,0.51,0.7857142857142857,0.3837209302325581,0.1678502734448928
CSI300,2021-09-30,2021-10-14,True,2021-11-04,True,2021-12-30,True,0.0318123031938822,0.0106053454182273,0.0400055076910972,0.1288613556207577,0.0130845640829321,0.0904839914156355,0.0,0.0,2021-09-30,2021-10-29,False,0.865718954248366,HIGH_NETWORK_RISK,MID_NETWORK_RISK,True,0.8921568627450981,0.83,0.875,0.0262103319864665
CSI300,2021-10-29,2021-11-05,True,2021-11-26,True,2022-01-24,True,0.017857834039892,0.017857834039892,0.0702368307171802,0.104128437303748,0.0103952612003621,0.0681616441820309,0.0,0.0,2021-10-29,2021-11-30,False,0.8756033182503771,HIGH_NETWORK_RISK,HIGH_NETWORK_RISK,False,0.9326923076923076,0.7941176470588235,0.9,0.059144640234573
CSI300,2021-11-30,2021-12-07,True,2021-12-28,True,2022-03-02,True,0.0400055076910972,0.0017139289372417,0.1090680199850506,0.1359980629506272,0.0158836720141892,0.0907023665037734,0.0,0.0,2021-11-30,2021-12-31,False,0.930783429040197,HIGH_NETWORK_RISK,HIGH_NETWORK_RISK,False,0.9716981132075472,0.875,0.9456521739130436,0.0408529146658697
CSI300,2021-12-31,2022-01-10,True,2022-02-07,True,2022-04-06,True,0.0762291083461359,0.0247228446452392,0.1936211255432285,0.1700858462916882,0.0226229124623439,0.1519302926595055,0.0,0.0,2021-12-31,2022-01-28,False,0.8345909471628729,HIGH_NETWORK_RISK,HIGH_NETWORK_RISK,False,0.8425925925925926,0.8207547169811321,0.8404255319148937,0.0098236105795099
CSI300,2022-01-28,2022-02-11,True,2022-03-04,True,2022-05-06,True,0.0334539967240319,0.010889799357704,0.1865711104327976,0.1518437867286219,0.0202744941110306,0.1164294163353194,0.0,0.0,2022-01-28,2022-02-28,False,0.4359076879910213,MID_NETWORK_RISK,HIGH_NETWORK_RISK,True,0.4454545454545454,0.6018518518518519,0.2604166666666667,0.1395537012197146
CSI300,2022-02-28,2022-03-07,True,2022-03-28,True,2022-05-30,True,0.1376455995965096,0.057776604057848,0.1808714437548839,0.3052759057000221,0.045739156262875,0.2559608590904235,1.0,0.0,2022-02-28,2022-03-31,False,0.7394016697588125,HIGH_NETWORK_RISK,MID_NETWORK_RISK,True,0.7232142857142857,0.7909090909090909,0.7040816326530612,0.0372493886164985
CSI300,2022-03-31,2022-04-11,True,2022-05-05,True,2022-07-01,True,0.1150658534760158,0.041179469430517,0.1150658534760158,0.2866360648520283,0.0494212919703482,0.2353366819469989,0.0,0.0,2022-03-31,2022-04-29,False,0.1401524644945697,LOW_NETWORK_RISK,HIGH_NETWORK_RISK,True,0.2543859649122807,0.1160714285714285,0.05,0.0851599588289775
CSI300,2022-04-29,2022-05-11,True,2022-06-01,True,2022-07-28,True,0.0345596876680676,0.0345596876680676,0.0630311630482891,0.1820965835297827,0.0252829652312471,0.132215409724594,0.0,0.0,2022-04-29,2022-05-31,False,0.4382613904606005,MID_NETWORK_RISK,LOW_NETWORK_RISK,True,0.4396551724137931,0.3947368421052631,0.4803921568627451,0.0349825214228535
CSI300,2022-05-31,2022-06-08,True,2022-06-29,True,2022-08-24,True,0.0154013343666213,0.0020383622712342,0.0954286337057358,0.1661817345802704,0.0154013343666213,0.0935025843817342,0.0,0.0,2022-05-31,2022-06-30,False,0.8231409881760553,HIGH_NETWORK_RISK,MID_NETWORK_RISK,True,0.7542372881355932,0.8017241379310345,0.9134615384615384,0.0667437966095129
CSI300,2022-06-30,2022-07-07,True,2022-07-28,True,2022-09-23,True,0.0630311630482891,0.0160274731262912,0.1423500288031886,0.122462570203401,0.0170149951296485,0.1185717756446477,0.0,0.0,2022-06-30,2022-07-29,False,0.4370136446007888,MID_NETWORK_RISK,HIGH_NETWORK_RISK,True,0.375,0.3983050847457627,0.5377358490566038,0.0718540353614234
CSI300,2022-07-29,2022-08-05,True,2022-08-26,True,2022-10-31,True,0.0319044999241159,0.0290544992694596,0.1679551145849143,0.1593169547658512,0.0194954018927203,0.1188295364733874,0.0,0.0,2022-07-29,2022-08-31,False,0.4151436956081765,MID_NETWORK_RISK,MID_NETWORK_RISK,False,0.3852459016393442,0.2583333333333333,0.6018518518518519,0.141825366100806
CSI300,2022-08-31,2022-09-07,True,2022-09-29,True,2022-12-01,True,0.069073802452379,0.015546086632474,0.1465322017654599,0.1433834272227266,0.0234510022050498,0.1290301668220174,0.0,0.0,2022-08-31,2022-09-30,False,0.7795915260484271,HIGH_NETWORK_RISK,MID_NETWORK_RISK,True,0.7983870967741935,0.7131147540983607,0.8272727272727273,0.0484628092389777
CSI300,2022-09-30,2022-10-14,True,2022-11-04,True,2022-12-30,True,0.0877987526030766,0.0220637127485945,0.0877987526030766,0.2725897678400574,0.0292608118325679,0.1786910648836732,0.0,0.0,2022-09-30,2022-10-31,False,0.0890830346475507,LOW_NETWORK_RISK,HIGH_NETWORK_RISK,True,0.1984126984126984,0.0241935483870967,0.0446428571428571,0.0777572079891302
CSI300,2022-10-31,2022-11-07,True,2022-11-28,True,2023-01-31,True,0.0343329099811948,0.0081325571467802,0.0425237104325902,0.2256116258358601,0.0112665462500464,0.0857134004582532,0.0,0.0,2022-10-31,2022-11-30,False,0.6192934593428014,MID_NETWORK_RISK,LOW_NETWORK_RISK,True,0.6640625,0.3253968253968254,0.868421052631579,0.2239375330934942
CSI300,2022-11-30,2022-12-07,True,2022-12-28,True,2023-03-02,True,0.0425237104325902,0.0061158938782007,0.0425237104325902,0.1370156412381757,0.0164902060505185,0.0942984832126968,0.0,0.0,2022-11-30,2022-12-30,False,0.2848157051282051,LOW_NETWORK_RISK,MID_NETWORK_RISK,True,0.3153846153846154,0.2890625,0.25,0.0268615391996419
CSI300,2022-12-30,2023-01-09,True,2023-02-06,True,2023-04-03,True,0.0272460042605353,0.0,0.0624251728611042,0.1304202315906463,0.0132194329285812,0.0705391490914102,0.0,0.0,2022-12-30,2023-01-31,False,0.3925045764028814,MID_NETWORK_RISK,LOW_NETWORK_RISK,True,0.5378787878787878,0.3769230769230769,0.2627118644067797,0.1128754366186959
CSI300,2023-01-31,2023-02-07,True,2023-02-28,True,2023-04-26,True,0.0384706131894478,0.0259894707490354,0.0612140812644634,0.1510198198951617,0.0144082433327061,0.1021123871089598,0.0,0.0,2023-01-31,2023-02-28,False,0.8181629730137193,HIGH_NETWORK_RISK,MID_NETWORK_RISK,True,0.753731343283582,0.8257575757575758,0.875,0.0497981275991969
CSI300,2023-02-28,2023-03-07,True,2023-03-28,True,2023-05-29,True,0.0463546016874266,0.019779448257496,0.0788293212687077,0.125417918222724,0.0146409962497049,0.0926145900212412,0.0,0.0,2023-02-28,2023-03-31,False,0.6816478120487245,HIGH_NETWORK_RISK,HIGH_NETWORK_RISK,False,0.6691176470588235,0.6791044776119403,0.6967213114754098,0.0114117478897516
CSI300,2023-03-31,2023-04-10,True,2023-05-04,True,2023-07-03,True,0.0487262225404429,0.0044794435497951,0.0895452459496927,0.1262756883380681,0.0195598368109078,0.0954278578929839,0.0,0.0,2023-03-31,2023-04-28,False,0.3678521665795818,MID_NETWORK_RISK,HIGH_NETWORK_RISK,True,0.4420289855072464,0.3308823529411764,0.3306451612903225,0.05245102105546
CSI300,2023-04-28,2023-05-10,True,2023-05-31,True,2023-07-28,True,0.0650115933895526,0.0161938237509414,0.0672761195866746,0.1198660775219893,0.0141434448634908,0.1064062049091984,0.0,0.0,2023-04-28,2023-05-31,False,0.1202093397745571,LOW_NETWORK_RISK,MID_NETWORK_RISK,True,0.2357142857142857,0.0217391304347826,0.1031746031746031,0.0881815493078313
CSI300,2023-05-31,2023-06-07,True,2023-06-30,True,2023-08-25,True,0.0387677091349489,0.018770893591898,0.0805729521611309,0.1350950887427137,0.0153430982814505,0.0913393856186148,0.0,0.0,2023-05-31,2023-06-30,False,0.2401880030181086,LOW_NETWORK_RISK,LOW_NETWORK_RISK,False,0.2323943661971831,0.2928571428571428,0.1953125,0.0402019478690958
CSI300,2023-06-30,2023-07-07,True,2023-07-28,True,2023-09-22,True,0.0240773511836065,0.018802208765815,0.0865894970377407,0.161196612255848,0.0081890692723961,0.0638314389868038,0.0,0.0,2023-06-30,2023-07-31,False,0.647861743108222,MID_NETWORK_RISK,LOW_NETWORK_RISK,True,0.5208333333333334,0.7535211267605634,0.6692307692307692,0.0961886298220945
CSI300,2023-07-31,2023-08-07,True,2023-08-28,True,2023-10-31,True,0.0805729521611309,0.0111417490528392,0.1358858672131881,0.1401851519712227,0.023007153421267,0.1339371304820824,0.0,0.0,2023-07-31,2023-08-31,False,0.5599747474747475,MID_NETWORK_RISK,MID_NETWORK_RISK,False,0.5,0.6875,0.4924242424242424,0.0902269935567463
CSI300,2023-08-31,2023-09-07,True,2023-09-28,True,2023-12-01,True,0.0458592603177488,0.0235077098949063,0.0973538237701191,0.1243225648793643,0.0140502566873819,0.0836663096116438,0.0,0.0,2023-08-31,2023-09-28,False,0.1741998080681376,LOW_NETWORK_RISK,MID_NETWORK_RISK,True,0.2905405405405405,0.0753424657534246,0.1567164179104477,0.0887198006707062
CSI300,2023-09-28,2023-10-13,True,2023-11-03,True,2023-12-29,True,0.0616198229247133,0.010525661871553,0.1093566840788898,0.1319435235447617,0.0213372920694181,0.1105081680094155,0.0,0.0,2023-09-28,2023-10-31,False,0.0729879879879879,LOW_NETWORK_RISK,LOW_NETWORK_RISK,False,0.0466666666666666,0.0472972972972973,0.125,0.0367789475008129
CSI300,2023-10-31,2023-11-07,True,2023-11-28,True,2024-01-24,True,0.0332185398377475,0.0051280472272996,0.1138878106925874,0.0954009021802631,0.0102343712912621,0.0705785053824249,0.0,0.0,2023-10-31,2023-11-30,False,0.0876798881261123,LOW_NETWORK_RISK,LOW_NETWORK_RISK,False,0.0328947368421052,0.02,0.2101449275362318,0.0867557220700682
CSI300,2023-11-30,2023-12-07,True,2023-12-28,True,2024-03-04,True,0.0568331331159543,0.0300097248441163,0.0905468794691378,0.1428949631444738,0.0190396920355823,0.1076938463941993,0.0,0.0,2023-11-30,2023-12-29,False,0.1602927773980405,LOW_NETWORK_RISK,LOW_NETWORK_RISK,False,0.1103896103896103,0.1776315789473684,0.1928571428571428,0.0358301456615897
CSI300,2023-12-29,2024-01-08,True,2024-01-29,True,2024-04-02,True,0.0618487894588049,0.0422749489232348,0.0732940651859019,0.1633633099935752,0.0217517752841667,0.1278606307816598,0.0,0.0,2023-12-29,2024-01-31,False,0.0976234250882138,LOW_NETWORK_RISK,LOW_NETWORK_RISK,False,0.1602564102564102,0.0974025974025974,0.0352112676056338,0.0510497045292677
CSI300,2024-01-31,2024-02-07,True,2024-03-07,True,2024-05-09,True,0.0127418242583959,0.0118345034201341,0.035434698753722,0.1735741727603287,0.0127418242583959,0.0764299724928475,0.0,0.0,2024-01-31,2024-02-29,False,0.0065612715929171,LOW_NETWORK_RISK,LOW_NETWORK_RISK,False,0.0063291139240506,0.0064102564102564,0.0069444444444444,0.0002729616595513
CSI300,2024-02-29,2024-03-07,True,2024-03-28,True,2024-05-30,True,0.0279559209996864,0.0100378346996643,0.035434698753722,0.103197712417893,0.011558377425044,0.0733573984032882,0.0,0.0,2024-02-29,2024-03-29,False,0.0152617623258771,LOW_NETWORK_RISK,LOW_NETWORK_RISK,False,0.00625,0.0189873417721519,0.0205479452054794,0.0064040490281592
CSI300,2024-03-29,2024-04-09,True,2024-04-30,True,2024-07-01,True,0.0333208182108937,0.0172875557965875,0.0641675878362268,0.1514884721520348,0.0106985472291409,0.0796972472259784,0.0,0.0,2024-03-29,2024-04-30,False,0.1729931320209098,LOW_NETWORK_RISK,LOW_NETWORK_RISK,False,0.2654320987654321,0.20625,0.0472972972972973,0.0921057810480957
CSI300,2024-04-30,2024-05-10,True,2024-05-31,True,2024-07-29,True,0.0300843141079827,0.0078682485153088,0.0813392721676745,0.1149217011620318,0.0115783902617757,0.0800431477957323,0.0,0.0,2024-04-30,2024-05-31,False,0.2722543410619291,LOW_NETWORK_RISK,LOW_NETWORK_RISK,False,0.2621951219512195,0.4012345679012346,0.1533333333333333,0.1014549044055546
CSI300,2024-05-31,2024-06-07,True,2024-07-01,True,2024-08-26,True,0.0446805156444034,0.0114944118240879,0.0847505441591739,0.0773831292215042,0.0087378396300058,0.0671734474712922,0.0,0.0,2024-05-31,2024-06-28,False,0.0600199256589902,LOW_NETWORK_RISK,LOW_NETWORK_RISK,False,0.0903614457831325,0.0304878048780487,0.0592105263157894,0.0244500111012968
CSI300,2024-06-28,2024-07-05,True,2024-07-26,True,2024-09-24,True,0.0394883329283247,0.0135473149750731,0.1073093681301603,0.1169735720938068,0.0213489922956994,0.0945008136215234,0.0,0.0,2024-06-28,2024-07-31,False,0.0311440567464663,LOW_NETWORK_RISK,LOW_NETWORK_RISK,False,0.0178571428571428,0.0301204819277108,0.0454545454545454,0.011289816549675
CSI300,2024-07-31,2024-08-07,True,2024-08-28,True,2024-11-01,True,0.0451994143076279,0.0292236089806163,0.1099316275463453,0.0818589347637498,0.0121351262709084,0.079543414027739,0.0,0.0,2024-07-31,2024-08-30,False,0.0425249587014292,LOW_NETWORK_RISK,LOW_NETWORK_RISK,False,0.0529411764705882,0.0297619047619047,0.0448717948717948,0.0096073024047386
CSI300,2024-08-30,2024-09-06,True,2024-10-08,True,2024-12-03,True,0.0488283660953263,0.0271208485501726,0.1099316275463453,0.4198561544471657,0.0169866593605765,0.0856733491515143,0.0,0.0,2024-08-30,2024-09-30,False,0.4447618140573863,MID_NETWORK_RISK,LOW_NETWORK_RISK,True,0.3895348837209302,0.3941176470588235,0.5506329113924051,0.0748855454149577
CSI300,2024-09-30,2024-10-14,True,2024-11-04,True,2024-12-30,True,0.1099316275463453,0.0866826437348746,0.1099316275463453,0.3971298265479547,0.0705152604497075,0.295242186828107,0.0,0.0,2024-09-30,2024-10-31,False,0.6307621625233895,MID_NETWORK_RISK,MID_NETWORK_RISK,False,0.7758620689655172,0.4476744186046512,0.66875,0.1366481864971956
CSI300,2024-10-31,2024-11-07,True,2024-11-28,True,2025-01-24,True,0.073695636442579,0.0050166025065705,0.1020792628506644,0.2279123830276088,0.030982879201865,0.1563054274691995,0.0,0.0,2024-10-31,2024-11-29,False,0.2703060296451101,LOW_NETWORK_RISK,MID_NETWORK_RISK,True,0.5056818181818182,0.2126436781609195,0.0925925925925925,0.1735019445779427
CSI300,2024-11-29,2024-12-06,True,2024-12-27,True,2025-03-04,True,0.0289586694799552,0.0076672174579757,0.0759563112821148,0.1242575968901377,0.0236614124363907,0.0906424044644703,0.0,0.0,2024-11-29,2024-12-31,False,0.25929218881055,LOW_NETWORK_RISK,LOW_NETWORK_RISK,False,0.5224719101123596,0.1761363636363636,0.0792682926829268,0.1902516405026662
CSI300,2024-12-31,2025-01-08,True,2025-02-06,True,2025-04-03,True,0.0539783629104604,0.0421712313623438,0.0539783629104604,0.1707401370897038,0.0291010467837891,0.1299917871435707,0.0,0.0,2024-12-31,2025-01-27,False,0.0326371653906512,LOW_NETWORK_RISK,LOW_NETWORK_RISK,False,0.0388888888888888,0.0168539325842696,0.0421686746987951,0.0112404649104636
CSI300,2025-01-27,2025-02-11,True,2025-03-04,True,2025-04-30,True,0.0234312946783161,0.0057635679629455,0.1049157517012994,0.1347727479933558,0.0196743042045098,0.0918458826003984,0.0,0.0,2025-01-27,2025-02-28,False,0.0509666259666259,LOW_NETWORK_RISK,LOW_NETWORK_RISK,False,0.0604395604395604,0.0388888888888888,0.0535714285714285,0.0089887562554086
CSI300,2025-02-28,2025-03-07,True,2025-03-28,True,2025-05-29,True,0.0238069707768,0.0030913190301902,0.1049157517012994,0.1254735548737223,0.0151673337542987,0.0707758620555236,0.0,0.0,2025-02-28,2025-03-31,False,0.1658176648585856,LOW_NETWORK_RISK,LOW_NETWORK_RISK,False,0.1141304347826086,0.2362637362637362,0.1470588235294117,0.0515949379214656
CSI300,2025-03-31,2025-04-08,True,2025-04-29,True,2025-06-30,True,0.0767141328504402,0.0767141328504402,0.0767141328504402,0.2650387840535966,0.070454486598472,0.2511186156534195,0.0,0.0,2025-03-31,2025-04-30,False,0.1269533868974489,LOW_NETWORK_RISK,LOW_NETWORK_RISK,False,0.1236559139784946,0.1467391304347826,0.1104651162790697,0.0149912423652531
CSI300,2025-04-30,2025-05-12,True,2025-06-03,True,2025-07-29,True,0.0271276447361413,0.0017493316722468,0.0271276447361413,0.0997045863462625,0.0091321537529069,0.0581013638769999,0.0,0.0,2025-04-30,2025-05-30,False,0.1357096274557756,LOW_NETWORK_RISK,LOW_NETWORK_RISK,False,0.1542553191489361,0.1666666666666666,0.0862068965517241,0.0353685421622159
CSI300,2025-05-30,2025-06-09,True,2025-06-30,True,2025-08-25,True,0.0132336062732532,0.0009232610198165,0.0233837987292933,0.0901385805449026,0.008227160468339,0.0499274216965206,0.0,0.0,2025-05-30,2025-06-30,False,0.155470579252774,LOW_NETWORK_RISK,LOW_NETWORK_RISK,False,0.2368421052631578,0.1329787234042553,0.096590909090909,0.0594250911740686
CSI300,2025-06-30,2025-07-07,True,2025-07-28,True,2025-09-22,True,0.0052735090526965,0.0042765305609964,0.0350376129327476,0.0645169271533228,0.0052735090526965,0.0270136053397385,0.0,0.0,2025-06-30,2025-07-31,False,0.6566883911557921,MID_NETWORK_RISK,LOW_NETWORK_RISK,True,0.5572916666666666,0.7105263157894737,0.702247191011236,0.0703653210331564
CSI300,2025-07-31,2025-08-07,True,2025-08-28,True,2025-10-31,True,0.0185916110641231,0.0050692047041042,0.0414589296482839,0.1380123881336243,0.0149261441093835,0.0596951299730139,0.0,0.0,2025-07-31,2025-08-29,False,0.2353605861015655,LOW_NETWORK_RISK,MID_NETWORK_RISK,True,0.1494845360824742,0.3177083333333333,0.2388888888888889,0.0687223795707231
CSI300,2025-08-29,2025-09-05,True,2025-09-26,True,2025-12-01,True,0.0350376129327476,0.0350376129327476,0.0631423973849161,0.1630920520355494,0.0212160553204943,0.1042251515254304,0.0,0.0,2025-08-29,2025-09-30,False,0.5968200920336414,MID_NETWORK_RISK,LOW_NETWORK_RISK,True,0.6275510204081632,0.6958762886597938,0.467032967032967,0.0959187466291819
CSI300,2025-09-30,2025-10-15,True,2025-11-05,True,2025-12-31,True,0.0414589296482839,0.0361865853554955,0.0631423973849161,0.180563263871545,0.0225596632614618,0.1345104464289511,0.0,0.0,2025-09-30,2025-10-31,False,0.4863471299806703,MID_NETWORK_RISK,MID_NETWORK_RISK,False,0.4595959595959596,0.3418367346938775,0.657608695652174,0.1302937749077722
CSI300,2025-10-31,2025-11-07,True,2025-11-28,True,2026-01-27,True,0.054023015395347,0.0074569132247388,0.054023015395347,0.1420863617001184,0.0243901904730611,0.1179813060790374,0.0,0.0,2025-10-31,2025-11-28,False,0.2065640273704789,LOW_NETWORK_RISK,MID_NETWORK_RISK,True,0.215,0.2272727272727272,0.1774193548387097,0.0212087075107644
CSI300,2025-11-28,2025-12-05,True,2025-12-26,True,2026-03-04,True,0.0268729377400335,0.0099290067278634,0.039257392985144,0.1176798886462065,0.0119747982232221,0.0682920389070953,0.0,0.0,2025-11-28,2025-12-31,False,0.0559226880134821,LOW_NETWORK_RISK,LOW_NETWORK_RISK,False,0.0742574257425742,0.035,0.0585106382978723,0.0161309120219386
CSI300,2025-12-31,2026-01-09,True,2026-01-30,True,2026-04-07,True,0.0184086217225493,0.011071474046536,0.0777946391855869,0.1118856329898957,0.0099981699120925,0.0589434226511578,0.0,0.0,2025-12-31,2026-01-30,False,0.5071662119772348,MID_NETWORK_RISK,LOW_NETWORK_RISK,True,0.3970588235294117,0.5297029702970297,0.5947368421052631,0.0822600707662078
CSI300,2026-01-30,2026-02-06,True,2026-03-09,True,2026-05-08,True,0.0281404340050128,0.0213244261995522,0.0671236029553051,0.1537086913134507,0.0213244261995522,0.1210171804990023,0.0,0.0,2026-01-30,2026-02-27,False,0.3053304857541722,LOW_NETWORK_RISK,MID_NETWORK_RISK,True,0.4126213592233009,0.2794117647058823,0.2239583333333333,0.0791718359438251
CSI300,2026-02-27,2026-03-06,True,2026-03-27,True,2026-05-28,True,0.065699234668522,0.0266565440176624,0.065699234668522,0.1842847062908105,0.0326295921629422,0.1608811353376682,0.0,0.0,2026-02-27,2026-03-31,False,0.0779825240152034,LOW_NETWORK_RISK,LOW_NETWORK_RISK,False,0.0528846153846153,0.0728155339805825,0.1082474226804123,0.0228951733986487
CSI300,2026-03-31,2026-04-08,True,2026-04-29,True,2026-06-30,True,0.0188795135735858,0.0188795135735858,0.0569589103582388,0.1653116034465909,0.0104196355778853,0.0576279146213109,0.0,0.0,2026-03-31,2026-04-30,False,0.1498364730507587,LOW_NETWORK_RISK,LOW_NETWORK_RISK,False,0.2714285714285714,0.0913461538461538,0.086734693877551,0.085999206126957
CSI300,2026-04-30,2026-05-12,True,2026-06-02,True,2026-07-29,True,0.0430622966824985,0.0058361272602239,0.1048608009233821,0.1625664715539214,0.0167535621826445,0.1031257858162808,0.0,0.0,2026-04-30,2026-05-29,False,0.0856702696325337,LOW_NETWORK_RISK,LOW_NETWORK_RISK,False,0.0896226415094339,0.0714285714285714,0.0959595959595959,0.010397394664864
CSI300,2026-05-29,2026-06-05,True,2026-06-29,True,2026-08-24,True,0.0455919543371784,0.0246800342592649,0.1048608009233821,0.2542835231639855,0.0302543774028406,0.1865890147633432,0.0,0.0,2026-05-29,2026-06-30,False,0.0493707752894845,LOW_NETWORK_RISK,LOW_NETWORK_RISK,False,0.0700934579439252,0.0330188679245283,0.045,0.0154479570116346
CSI300,2026-06-30,2026-07-07,True,2026-07-28,True,2026-09-22,True,0.0904380621878407,0.0375886396635759,0.1063153814794063,0.2887584896758092,0.0360396983673269,0.2381383403320681,0.0,0.0,2026-06-30,2026-07-31,False,0.0232695258103172,LOW_NETWORK_RISK,LOW_NETWORK_RISK,False,0.0601851851851851,0.0046728971962616,0.0049504950495049,0.0261035590862368
CSI300,2026-07-31,2026-08-07,True,2026-08-28,True,,False,0.0398789310497564,0.0098121267599493,,0.1626298283952046,0.0290130157581453,0.1240967795410621,0.0,0.0,2026-07-31,2026-08-31,False,0.824552943841485,HIGH_NETWORK_RISK,LOW_NETWORK_RISK,True,0.9036697247706422,0.8101851851851852,0.7598039215686274,0.0596051826569047
CSI300,2026-08-31,2026-09-07,True,2026-09-29,True,,False,0.0614755604755798,0.0166764322423996,,0.1286451210799455,0.0221619502876683,0.1253288396833642,0.0,0.0,2026-08-31,2026-09-03,False,0.0412319057682912,LOW_NETWORK_RISK,HIGH_NETWORK_RISK,True,0.1045454545454545,0.0045871559633027,0.0145631067961165,0.0449543026700326
CSI300,2026-09-03,2026-09-10,True,,False,,False,,0.0058207395814663,,,,,,,2026-09-03,,True,0.1376690501690501,LOW_NETWORK_RISK,LOW_NETWORK_RISK,False,0.3288288288288288,0.0409090909090909,0.0432692307692307,0.1351738098350454
CSI500,2018-02-28,2018-03-07,True,2018-03-28,True,2018-05-29,True,0.0807890364656961,0.0096150404030214,0.0807890364656961,0.2448357239558015,0.0514781445708488,0.198689280957032,0.0,0.0,2018-02-28,2018-03-30,False,0.2529761904761904,LOW_NETWORK_RISK,LOW_NETWORK_RISK,False,0.1875,0.0714285714285714,0.5,0.180985664232271
CSI500,2018-03-30,2018-04-10,True,2018-05-03,True,2018-06-29,True,0.0486837548758893,0.0170321269658737,0.1742660847179662,0.1710955175641006,0.0206320683860888,0.1368199400459422,0.0,0.0,2018-03-30,2018-04-27,False,0.6458333333333334,MID_NETWORK_RISK,LOW_NETWORK_RISK,True,0.5,0.6875,0.75,0.1062295731998496
CSI500,2018-04-27,2018-05-08,True,2018-05-29,True,2018-07-25,True,0.0422556709355628,0.000965708806377,0.1822035776008508,0.1273598193831993,0.0129757373734389,0.0845264346123217,0.0,0.0,2018-04-27,2018-05-31,False,0.524074074074074,MID_NETWORK_RISK,MID_NETWORK_RISK,False,0.35,0.7222222222222222,0.5,0.1529095952099482
CSI500,2018-05-31,2018-06-07,True,2018-06-29,True,2018-08-24,True,0.1252742651079411,0.0123938433947871,0.1688936647355634,0.2949090843413937,0.0624058614791553,0.2643375617624971,0.0,0.0,2018-05-31,2018-06-29,False,0.8931818181818182,HIGH_NETWORK_RISK,MID_NETWORK_RISK,True,0.9545454545454546,0.85,0.875,0.0445748202525929
CSI500,2018-06-29,2018-07-06,True,2018-07-27,True,2018-09-21,True,0.0450384839471343,0.0450384839471343,0.1330411064185688,0.2160101415464972,0.0270593243174638,0.1488708997497624,0.0,0.0,2018-06-29,2018-07-31,False,0.4724747474747475,MID_NETWORK_RISK,HIGH_NETWORK_RISK,True,0.7083333333333334,0.4090909090909091,0.3,0.172621282975148
CSI500,2018-07-31,2018-08-07,True,2018-08-28,True,2018-10-31,True,0.0743323979709833,0.0700500316070245,0.2255392466735534,0.2414544045897623,0.0214205826414147,0.1790203572521125,0.0,0.0,2018-07-31,2018-08-31,False,0.701923076923077,HIGH_NETWORK_RISK,MID_NETWORK_RISK,True,0.7307692307692307,0.9583333333333334,0.4166666666666667,0.2220732159870274
CSI500,2018-08-31,2018-09-07,True,2018-10-08,True,2018-12-03,True,0.0588698397637762,0.0201419959593315,0.1782760905306035,0.194791829454633,0.0321284471319985,0.1631851633880129,0.0,0.0,2018-08-31,2018-09-28,False,0.6401098901098902,MID_NETWORK_RISK,HIGH_NETWORK_RISK,True,0.6785714285714286,0.8846153846153846,0.3571428571428571,0.2170503540121283
CSI500,2018-09-28,2018-10-12,True,2018-11-02,True,2018-12-28,True,0.1629481349711397,0.1088771915937784,0.1629481349711397,0.4002076607607668,0.0696496029063326,0.3222902971129665,1.0,0.0,2018-09-28,2018-10-31,False,0.5478174603174603,MID_NETWORK_RISK,MID_NETWORK_RISK,False,0.3666666666666666,0.9642857142857144,0.3125,0.2953166231543911
CSI500,2018-10-31,2018-11-07,True,2018-11-28,True,2019-01-25,True,0.0649318951600816,0.00578495461434,0.1194521638969412,0.2501502001537295,0.0387952532556417,0.1749995816595136,0.0,0.0,2018-10-31,2018-11-30,False,0.38125,MID_NETWORK_RISK,MID_NETWORK_RISK,False,0.34375,0.6333333333333333,0.1666666666666666,0.192352336342183
CSI500,2018-11-30,2018-12-07,True,2018-12-28,True,2019-03-05,True,0.0826549035428253,0.0276111555681946,0.0933378304796294,0.1925486176485856,0.0238703985451794,0.1470661170376929,0.0,0.0,2018-11-30,2018-12-28,False,0.6770833333333334,HIGH_NETWORK_RISK,MID_NETWORK_RISK,True,0.5,0.78125,0.75,0.1258650622249434
CSI500,2018-12-28,2019-01-08,True,2019-01-29,True,2019-04-02,True,0.0272862587827502,0.0132508325255994,0.0454872995856602,0.1562189228705463,0.0149486810727016,0.0880188576166188,0.0,0.0,2018-12-28,2019-01-31,False,0.239502871855813,LOW_NETWORK_RISK,HIGH_NETWORK_RISK,True,0.1944444444444444,0.2058823529411764,0.3181818181818182,0.0558300330403072
CSI500,2019-01-31,2019-02-14,True,2019-03-07,True,2019-05-08,True,0.0064957845800136,0.0,0.1639700522518717,0.2446259727545298,0.0064957845800136,0.0283162498450004,0.0,0.0,2019-01-31,2019-02-28,False,0.4734405458089668,MID_NETWORK_RISK,LOW_NETWORK_RISK,True,0.1842105263157894,0.5277777777777778,0.7083333333333334,0.2173945419316558
CSI500,2019-02-28,2019-03-07,True,2019-03-28,True,2019-05-29,True,0.0454872995856602,0.0,0.1753878015382624,0.3201086964862735,0.0390061957051416,0.2167781206077004,0.0,0.0,2019-02-28,2019-03-29,False,0.8229757085020243,HIGH_NETWORK_RISK,MID_NETWORK_RISK,True,0.975,0.7631578947368421,0.7307692307692307,0.1083075721960313
CSI500,2019-03-29,2019-04-08,True,2019-04-29,True,2019-06-28,True,0.1032025560498403,0.0040755778702764,0.2031453310534169,0.2628364429170627,0.0389648803728345,0.2070598468460324,0.0,0.0,2019-03-29,2019-04-30,False,0.9003968253968253,HIGH_NETWORK_RISK,HIGH_NETWORK_RISK,False,0.9761904761904762,0.975,0.75,0.1063477256471192
CSI500,2019-04-30,2019-05-10,True,2019-05-31,True,2019-07-29,True,0.0877616079705175,0.0789722584389061,0.1184687502355132,0.3607467774526848,0.0751305684721416,0.3104121434374445,0.0,0.0,2019-04-30,2019-05-31,False,0.3823232323232323,MID_NETWORK_RISK,HIGH_NETWORK_RISK,True,0.6136363636363636,0.1666666666666666,0.3666666666666666,0.1828101447557264
CSI500,2019-05-31,2019-06-10,True,2019-07-01,True,2019-08-26,True,0.0474796416938111,0.0474796416938111,0.0980165717041876,0.2381971756395349,0.0219573478935244,0.1304067023325215,0.0,0.0,2019-05-31,2019-06-28,False,0.1312170619235836,LOW_NETWORK_RISK,MID_NETWORK_RISK,True,0.1521739130434782,0.0227272727272727,0.21875,0.081386401847424
CSI500,2019-06-28,2019-07-05,True,2019-07-26,True,2019-09-23,True,0.06346539196041,0.0147521891040848,0.0980165717041876,0.208030725903911,0.0340851851998746,0.1607393610542768,0.0,0.0,2019-06-28,2019-07-31,False,0.5316318556408071,MID_NETWORK_RISK,LOW_NETWORK_RISK,True,0.2291666666666666,0.6304347826086957,0.7352941176470589,0.2181173429480009
CSI500,2019-07-31,2019-08-07,True,2019-08-28,True,2019-10-31,True,0.0617657856093978,0.0564610866372981,0.0657438263043701,0.1883385676071436,0.0213426824186968,0.1149905763772938,0.0,0.0,2019-07-31,2019-08-30,False,0.8063888888888889,HIGH_NETWORK_RISK,MID_NETWORK_RISK,True,0.94,0.8958333333333334,0.5833333333333334,0.1587513973886198
CSI500,2019-08-30,2019-09-06,True,2019-09-30,True,2019-12-02,True,0.0612828823625524,0.0,0.0750494921591501,0.1949591179839789,0.0229545450077748,0.139305171975684,0.0,0.0,2019-08-30,2019-09-30,False,0.8284885290148448,HIGH_NETWORK_RISK,HIGH_NETWORK_RISK,False,0.9423076923076924,0.78,0.7631578947368421,0.0807754730799588
CSI500,2019-09-30,2019-10-14,True,2019-11-04,True,2019-12-30,True,0.0416496950964018,0.0,0.0511953507317102,0.1559244110663334,0.0150969520913684,0.1045699787103454,0.0,0.0,2019-09-30,2019-10-31,False,0.4904320987654321,MID_NETWORK_RISK,HIGH_NETWORK_RISK,True,0.7962962962962963,0.25,0.425,0.2277731773766753
CSI500,2019-10-31,2019-11-07,True,2019-11-28,True,2020-02-03,True,0.0312140568722266,0.0100630808110959,0.1210980145108581,0.1340378290967655,0.0224786449865584,0.1023189107934712,0.0,0.0,2019-10-31,2019-11-29,False,0.7506613756613757,HIGH_NETWORK_RISK,MID_NETWORK_RISK,True,0.9821428571428572,0.7222222222222222,0.5476190476190477,0.1785297815436269
CSI500,2019-11-29,2019-12-06,True,2019-12-27,True,2020-03-03,True,0.0300262889803766,0.0011732586345136,0.1210980145108581,0.1421330239173924,0.0193512425067698,0.0855456484766289,0.0,0.0,2019-11-29,2019-12-31,False,0.4522130168681893,MID_NETWORK_RISK,HIGH_NETWORK_RISK,True,0.7413793103448276,0.4107142857142857,0.2045454545454545,0.2211172474784113
CSI500,2019-12-31,2020-01-08,True,2020-02-06,True,2020-04-02,True,0.1210980145108581,0.0138258567521963,0.1523995713597797,0.3943646980869918,0.0868097007293027,0.3395384273351454,0.0,0.0,2019-12-31,2020-01-23,False,0.9814509411960688,HIGH_NETWORK_RISK,MID_NETWORK_RISK,True,0.9833333333333332,0.9827586206896552,0.9782608695652174,0.0022678905636695
CSI500,2020-01-23,2020-02-07,True,2020-02-28,True,2020-04-27,True,0.0868097007293027,0.0868097007293027,0.1523995713597797,0.4425928582242009,0.0868097007293027,0.3754389225145167,0.0,0.0,2020-01-23,2020-02-28,False,0.9213709677419356,HIGH_NETWORK_RISK,HIGH_NETWORK_RISK,False,0.9516129032258064,0.9166666666666666,0.8958333333333334,0.0230135893303993
CSI500,2020-02-28,2020-03-06,True,2020-03-27,True,2020-05-28,True,0.1382853655845768,0.0064228976473509,0.1382853655845768,0.3587626061426094,0.0471102396833541,0.291785677936154,0.0,0.0,2020-02-28,2020-03-31,False,0.9827486559139784,HIGH_NETWORK_RISK,HIGH_NETWORK_RISK,False,0.984375,0.9838709677419356,0.98,0.0019544554449392
CSI500,2020-03-31,2020-04-08,True,2020-04-29,True,2020-07-01,True,0.0298480590687538,0.0078023002797636,0.0416879961354607,0.2091289993460343,0.021409273155646,0.1117558574056222,0.0,0.0,2020-03-31,2020-04-30,False,0.9169701825951826,HIGH_NETWORK_RISK,HIGH_NETWORK_RISK,False,0.8939393939393939,0.953125,0.903846153846154,0.0258832518454735
CSI500,2020-04-30,2020-05-12,True,2020-06-02,True,2020-07-30,True,0.0416879961354607,0.0020898015505564,0.0892149019062197,0.1850738365806651,0.0180495635042765,0.0989395736134652,0.0,0.0,2020-04-30,2020-05-29,False,0.8896646200567769,HIGH_NETWORK_RISK,HIGH_NETWORK_RISK,False,0.8676470588235294,0.8939393939393939,0.9074074074074074,0.0165111396474925
CSI500,2020-05-29,2020-06-05,True,2020-06-30,True,2020-08-25,True,0.007218736324888,0.0005458319268585,0.0892149019062197,0.1366089718294093,0.0046551883801937,0.0260099758991943,0.0,0.0,2020-05-29,2020-06-30,False,0.8644957983193278,HIGH_NETWORK_RISK,HIGH_NETWORK_RISK,False,0.7857142857142857,0.8970588235294118,0.9107142857142856,0.0559851942220704
CSI500,2020-06-30,2020-07-07,True,2020-07-28,True,2020-09-22,True,0.0892149019062197,0.0,0.0962313320346923,0.3709415947689193,0.0507712130801848,0.267602236773759,0.0,0.0,2020-06-30,2020-07-31,False,0.9077586206896552,HIGH_NETWORK_RISK,HIGH_NETWORK_RISK,False,0.875,0.9,0.9482758620689656,0.0304136497507503
CSI500,2020-07-31,2020-08-07,True,2020-08-28,True,2020-11-02,True,0.0388134444869944,0.0123965721912816,0.0998497658114119,0.2003947742913468,0.0190408189340929,0.1368331854999371,0.0,0.0,2020-07-31,2020-08-31,False,0.6576826826826827,MID_NETWORK_RISK,HIGH_NETWORK_RISK,True,0.7702702702702703,0.6527777777777778,0.55,0.089991820222096
CSI500,2020-08-31,2020-09-07,True,2020-09-28,True,2020-12-01,True,0.0802508648973734,0.0355411786422451,0.0902232358177672,0.1869870354648218,0.0269543761781428,0.1756878159057968,0.0,0.0,2020-08-31,2020-09-30,False,0.4664532954006637,MID_NETWORK_RISK,MID_NETWORK_RISK,False,0.7236842105263158,0.1756756756756756,0.5,0.2249775908979864
CSI500,2020-09-30,2020-10-15,True,2020-11-05,True,2020-12-31,True,0.06714900631926,0.0139451109686479,0.06714900631926,0.2091710022484436,0.0229745219569669,0.1228443202681691,0.0,0.0,2020-09-30,2020-10-30,False,0.613058085919928,MID_NETWORK_RISK,MID_NETWORK_RISK,False,0.7051282051282052,0.618421052631579,0.515625,0.0774572451848044
CSI500,2020-10-30,2020-11-06,True,2020-11-27,True,2021-01-25,True,0.0217584348876248,0.0079864861035455,0.0425223043648138,0.1584518974188121,0.0192766544302174,0.094998210989837,0.0,0.0,2020-10-30,2020-11-30,False,0.7635878010878011,HIGH_NETWORK_RISK,MID_NETWORK_RISK,True,0.8875,0.782051282051282,0.6212121212121212,0.1094927202886219
CSI500,2020-11-30,2020-12-07,True,2020-12-28,True,2021-03-02,True,0.0401424344094802,0.0061951543219901,0.0610114501806537,0.1790740201381797,0.023214453161629,0.1391019977561325,0.0,0.0,2020-11-30,2020-12-31,False,0.8261178861788618,HIGH_NETWORK_RISK,HIGH_NETWORK_RISK,False,0.8658536585365854,0.8625,0.75,0.0538408841163703
CSI500,2020-12-31,2021-01-08,True,2021-01-29,True,2021-04-02,True,0.045019720675183,0.0017722444198765,0.0956547942262824,0.174085856455621,0.0217746707416015,0.1276195137198944,0.0,0.0,2020-12-31,2021-01-29,False,0.5898373983739837,MID_NETWORK_RISK,HIGH_NETWORK_RISK,True,0.75,0.7195121951219512,0.3,0.205323589623339
CSI500,2021-01-29,2021-02-05,True,2021-03-05,True,2021-05-06,True,0.0505901412400722,0.0332962032846925,0.0956547942262824,0.2064550414434175,0.0207411738458105,0.1397313464417005,0.0,0.0,2021-01-29,2021-02-26,False,0.5057985726590377,MID_NETWORK_RISK,MID_NETWORK_RISK,False,0.686046511627907,0.5119047619047619,0.3194444444444444,0.1497269360672408
CSI500,2021-02-26,2021-03-05,True,2021-03-26,True,2021-05-27,True,0.0708824092877121,0.0188145139660523,0.0708824092877121,0.2210167480170124,0.0237212714639865,0.1622128018212676,0.0,0.0,2021-02-26,2021-03-31,False,0.5265484829438317,MID_NETWORK_RISK,MID_NETWORK_RISK,False,0.6022727272727273,0.6395348837209303,0.3378378378378378,0.1343028859407791
CSI500,2021-03-31,2021-04-08,True,2021-04-29,True,2021-06-30,True,0.0231203051873992,0.0,0.0294650616940895,0.1018805262942798,0.0171769341019439,0.063991705740745,0.0,0.0,2021-03-31,2021-04-30,False,0.5148015240120504,MID_NETWORK_RISK,MID_NETWORK_RISK,False,0.6777777777777778,0.5113636363636364,0.3552631578947368,0.1316884816861063
CSI500,2021-04-30,2021-05-12,True,2021-06-02,True,2021-07-29,True,0.0112130588677913,0.0069205698567654,0.0575773316919399,0.1077438774268509,0.0112130588677913,0.0624457590589463,0.0,0.0,2021-04-30,2021-05-31,False,0.6118976836368141,MID_NETWORK_RISK,MID_NETWORK_RISK,False,0.6630434782608695,0.5444444444444444,0.6282051282051282,0.0497720287364222
CSI500,2021-05-31,2021-06-07,True,2021-06-29,True,2021-08-24,True,0.0294650616940895,0.0106873241777156,0.0575773316919399,0.1133337283970787,0.0146120900526136,0.0836286345503698,0.0,0.0,2021-05-31,2021-06-30,False,0.4886871723712612,MID_NETWORK_RISK,MID_NETWORK_RISK,False,0.4361702127659574,0.4673913043478261,0.5625,0.053727331851385
CSI500,2021-06-30,2021-07-07,True,2021-07-28,True,2021-09-24,True,0.0575773316919399,0.0220514146218225,0.0575773316919399,0.1597302857671918,0.0216868732901294,0.1313283660762209,0.0,0.0,2021-06-30,2021-07-30,False,0.7882304820388629,HIGH_NETWORK_RISK,MID_NETWORK_RISK,True,0.8229166666666666,0.7978723404255319,0.7439024390243902,0.0329700481987091
CSI500,2021-07-30,2021-08-06,True,2021-08-27,True,2021-11-02,True,0.0283008230916675,0.0081475552968567,0.0913181892466089,0.1442992591200645,0.0224161962654325,0.0899333156995109,0.0,0.0,2021-07-30,2021-08-31,False,0.90015589569161,HIGH_NETWORK_RISK,HIGH_NETWORK_RISK,False,0.9489795918367347,0.90625,0.8452380952380952,0.0425709455663722
CSI500,2021-08-31,2021-09-07,True,2021-09-30,True,2021-12-02,True,0.0834816146429154,0.0085785090705604,0.0913181892466089,0.2134391562857946,0.0284253656315799,0.1742913431839987,0.0,0.0,2021-08-31,2021-09-30,False,0.559811738648948,MID_NETWORK_RISK,HIGH_NETWORK_RISK,True,0.51,0.7857142857142857,0.3837209302325581,0.1678502734448928
CSI500,2021-09-30,2021-10-14,True,2021-11-04,True,2021-12-30,True,0.0238891744541724,0.0213159224675903,0.0250684189134263,0.1298988748871754,0.0195022332793172,0.1042174277634035,0.0,0.0,2021-09-30,2021-10-29,False,0.865718954248366,HIGH_NETWORK_RISK,MID_NETWORK_RISK,True,0.8921568627450981,0.83,0.875,0.0262103319864665
CSI500,2021-10-29,2021-11-05,True,2021-11-26,True,2022-01-24,True,0.0154640255651767,0.0115835082734296,0.0547866142799079,0.1127539296386361,0.0115835082734296,0.0708972274622068,0.0,0.0,2021-10-29,2021-11-30,False,0.8756033182503771,HIGH_NETWORK_RISK,HIGH_NETWORK_RISK,False,0.9326923076923076,0.7941176470588235,0.9,0.059144640234573
CSI500,2021-11-30,2021-12-07,True,2021-12-28,True,2022-03-02,True,0.0250684189134263,0.0130226022744702,0.1084500745156483,0.1193323078230435,0.0162128685799283,0.0836894130718829,0.0,0.0,2021-11-30,2021-12-31,False,0.930783429040197,HIGH_NETWORK_RISK,HIGH_NETWORK_RISK,False,0.9716981132075472,0.875,0.9456521739130436,0.0408529146658697
CSI500,2021-12-31,2022-01-10,True,2022-02-07,True,2022-04-06,True,0.105833355980107,0.0249639916297523,0.1894746854363127,0.1842233910057263,0.0337127914890568,0.1846983076541372,0.0,0.0,2021-12-31,2022-01-28,False,0.8345909471628729,HIGH_NETWORK_RISK,HIGH_NETWORK_RISK,False,0.8425925925925926,0.8207547169811321,0.8404255319148937,0.0098236105795099
CSI500,2022-01-28,2022-02-11,True,2022-03-04,True,2022-05-06,True,0.0215299363001477,0.0143226027066956,0.2400623165132952,0.1504468270841104,0.0177918581994418,0.0991469100132861,0.0,0.0,2022-01-28,2022-02-28,False,0.4359076879910213,MID_NETWORK_RISK,HIGH_NETWORK_RISK,True,0.4454545454545454,0.6018518518518519,0.2604166666666667,0.1395537012197146
CSI500,2022-02-28,2022-03-07,True,2022-03-28,True,2022-05-30,True,0.132396832692386,0.0313952676561107,0.2387160302767611,0.3100807708899585,0.056708383542234,0.2761886540132891,0.0,0.0,2022-02-28,2022-03-31,False,0.7394016697588125,HIGH_NETWORK_RISK,MID_NETWORK_RISK,True,0.7232142857142857,0.7909090909090909,0.7040816326530612,0.0372493886164985
CSI500,2022-03-31,2022-04-11,True,2022-05-05,True,2022-07-01,True,0.1776269066638175,0.0525774135362918,0.1776269066638175,0.3759414559937402,0.0646684015621025,0.3199645418382655,1.0,0.0,2022-03-31,2022-04-29,False,0.1401524644945697,LOW_NETWORK_RISK,HIGH_NETWORK_RISK,True,0.2543859649122807,0.1160714285714285,0.05,0.0851599588289775
CSI500,2022-04-29,2022-05-11,True,2022-06-01,True,2022-07-28,True,0.0368856787015167,0.0216171065820246,0.0500265976609388,0.1998890445430695,0.0368856787015167,0.1524032416647732,0.0,0.0,2022-04-29,2022-05-31,False,0.4382613904606005,MID_NETWORK_RISK,LOW_NETWORK_RISK,True,0.4396551724137931,0.3947368421052631,0.4803921568627451,0.0349825214228535
CSI500,2022-05-31,2022-06-08,True,2022-06-29,True,2022-08-24,True,0.023824756452604,0.0004314464740865,0.0611393610122746,0.1720458772192799,0.0195420951033247,0.1063110095525092,0.0,0.0,2022-05-31,2022-06-30,False,0.8231409881760553,HIGH_NETWORK_RISK,MID_NETWORK_RISK,True,0.7542372881355932,0.8017241379310345,0.9134615384615384,0.0667437966095129
CSI500,2022-06-30,2022-07-07,True,2022-07-28,True,2022-09-23,True,0.0500265976609388,0.0160321808702263,0.0971205540898311,0.1609916758898819,0.016760202017317,0.1201278046323705,0.0,0.0,2022-06-30,2022-07-29,False,0.4370136446007888,MID_NETWORK_RISK,HIGH_NETWORK_RISK,True,0.375,0.3983050847457627,0.5377358490566038,0.0718540353614234
CSI500,2022-07-29,2022-08-05,True,2022-08-26,True,2022-10-31,True,0.0351193120767832,0.0351193120767832,0.132099792099792,0.1914841318849322,0.0281176543362612,0.1512200525590342,0.0,0.0,2022-07-29,2022-08-31,False,0.4151436956081765,MID_NETWORK_RISK,MID_NETWORK_RISK,False,0.3852459016393442,0.2583333333333333,0.6018518518518519,0.141825366100806
CSI500,2022-08-31,2022-09-07,True,2022-09-29,True,2022-12-01,True,0.08666338450238,0.0047077935263777,0.1078460084502538,0.1939947430504048,0.0254271501085294,0.1711354078548093,0.0,0.0,2022-08-31,2022-09-30,False,0.7795915260484271,HIGH_NETWORK_RISK,MID_NETWORK_RISK,True,0.7983870967741935,0.7131147540983607,0.8272727272727273,0.0484628092389777
CSI500,2022-09-30,2022-10-14,True,2022-11-04,True,2022-12-30,True,0.0420616103928809,0.0137117916157688,0.0758500925216231,0.2209288365971594,0.0303873888982055,0.1309423679617708,0.0,0.0,2022-09-30,2022-10-31,False,0.0890830346475507,LOW_NETWORK_RISK,HIGH_NETWORK_RISK,True,0.1984126984126984,0.0241935483870967,0.0446428571428571,0.0777572079891302
CSI500,2022-10-31,2022-11-07,True,2022-11-28,True,2023-01-31,True,0.0290392824042152,0.0001800660242088,0.0758500925216231,0.1451852909385376,0.0103898244021125,0.0555821668405217,0.0,0.0,2022-10-31,2022-11-30,False,0.6192934593428014,MID_NETWORK_RISK,LOW_NETWORK_RISK,True,0.6640625,0.3253968253968254,0.868421052631579,0.2239375330934942
CSI500,2022-11-30,2022-12-07,True,2022-12-28,True,2023-03-02,True,0.0726888620010554,0.0029242980229869,0.0726888620010554,0.1188401917301706,0.022457293598074,0.1070181856931447,0.0,0.0,2022-11-30,2022-12-30,False,0.2848157051282051,LOW_NETWORK_RISK,MID_NETWORK_RISK,True,0.3153846153846154,0.2890625,0.25,0.0268615391996419
CSI500,2022-12-30,2023-01-09,True,2023-02-06,True,2023-04-03,True,0.0106449779753663,0.0005792575429406,0.0408160396367465,0.0929513750870358,0.0065198646213796,0.0340370117905464,0.0,0.0,2022-12-30,2023-01-31,False,0.3925045764028814,MID_NETWORK_RISK,LOW_NETWORK_RISK,True,0.5378787878787878,0.3769230769230769,0.2627118644067797,0.1128754366186959
CSI500,2023-01-31,2023-02-07,True,2023-02-28,True,2023-04-26,True,0.0249796395616214,0.0106449779753663,0.0535728373710452,0.1266663395188328,0.014859774291823,0.0767905181456578,0.0,0.0,2023-01-31,2023-02-28,False,0.8181629730137193,HIGH_NETWORK_RISK,MID_NETWORK_RISK,True,0.753731343283582,0.8257575757575758,0.875,0.0497981275991969
CSI500,2023-02-28,2023-03-07,True,2023-03-28,True,2023-05-29,True,0.0408160396367465,0.0184063453782641,0.0736765736402211,0.1212501267234467,0.0173442039523269,0.0992776649136819,0.0,0.0,2023-02-28,2023-03-31,False,0.6816478120487245,HIGH_NETWORK_RISK,HIGH_NETWORK_RISK,False,0.6691176470588235,0.6791044776119403,0.6967213114754098,0.0114117478897516
CSI500,2023-03-31,2023-04-10,True,2023-05-04,True,2023-07-03,True,0.0535728373710452,0.0083456184343031,0.0893251882984994,0.1365103181816839,0.0251444221243465,0.1136546714952523,0.0,0.0,2023-03-31,2023-04-28,False,0.3678521665795818,MID_NETWORK_RISK,HIGH_NETWORK_RISK,True,0.4420289855072464,0.3308823529411764,0.3306451612903225,0.05245102105546
CSI500,2023-04-28,2023-05-10,True,2023-05-31,True,2023-07-28,True,0.0437852002190858,0.0141447594289081,0.0599387773677462,0.1017657642390415,0.010658421593386,0.08501629826029,0.0,0.0,2023-04-28,2023-05-31,False,0.1202093397745571,LOW_NETWORK_RISK,MID_NETWORK_RISK,True,0.2357142857142857,0.0217391304347826,0.1031746031746031,0.0881815493078313
CSI500,2023-05-31,2023-06-07,True,2023-06-30,True,2023-08-25,True,0.042449508052199,0.0199501410268589,0.0921924329986451,0.1443876375129268,0.0220792640027683,0.1208167685971546,0.0,0.0,2023-05-31,2023-06-30,False,0.2401880030181086,LOW_NETWORK_RISK,LOW_NETWORK_RISK,False,0.2323943661971831,0.2928571428571428,0.1953125,0.0402019478690958
CSI500,2023-06-30,2023-07-07,True,2023-07-28,True,2023-09-22,True,0.0228809332712386,0.0154658924637423,0.0893113553591709,0.1224244342559809,0.0113341153033081,0.0713455999140045,0.0,0.0,2023-06-30,2023-07-31,False,0.647861743108222,MID_NETWORK_RISK,LOW_NETWORK_RISK,True,0.5208333333333334,0.7535211267605634,0.6692307692307692,0.0961886298220945
CSI500,2023-07-31,2023-08-07,True,2023-08-28,True,2023-10-31,True,0.0893113553591709,0.0061727387836622,0.1367743809312466,0.1390089491627152,0.0196229593266253,0.1397188723832302,0.0,0.0,2023-07-31,2023-08-31,False,0.5599747474747475,MID_NETWORK_RISK,MID_NETWORK_RISK,False,0.5,0.6875,0.4924242424242424,0.0902269935567463
CSI500,2023-08-31,2023-09-07,True,2023-09-28,True,2023-12-01,True,0.0373701923571729,0.0217984212097197,0.0925335089831863,0.1201926964994157,0.0151423568055982,0.0826755725620397,0.0,0.0,2023-08-31,2023-09-28,False,0.1741998080681376,LOW_NETWORK_RISK,MID_NETWORK_RISK,True,0.2905405405405405,0.0753424657534246,0.1567164179104477,0.0887198006707062
CSI500,2023-09-28,2023-10-13,True,2023-11-03,True,2023-12-29,True,0.0703665760520985,0.0107155973620441,0.0759985028388074,0.1549149612440928,0.0245848290917405,0.1247316022398792,0.0,0.0,2023-09-28,2023-10-31,False,0.0729879879879879,LOW_NETWORK_RISK,LOW_NETWORK_RISK,False,0.0466666666666666,0.0472972972972973,0.125,0.0367789475008129
CSI500,2023-10-31,2023-11-07,True,2023-11-28,True,2024-01-24,True,0.0173197849105499,0.012443381618743,0.1559945768648205,0.115757596231657,0.0120863380771059,0.0757111332698335,0.0,0.0,2023-10-31,2023-11-30,False,0.0876798881261123,LOW_NETWORK_RISK,LOW_NETWORK_RISK,False,0.0328947368421052,0.02,0.2101449275362318,0.0867557220700682
CSI500,2023-11-30,2023-12-07,True,2023-12-28,True,2024-03-04,True,0.0554333045319901,0.0191238523622789,0.1987849545615398,0.1369451112814033,0.0177475728853926,0.1091300453885112,0.0,0.0,2023-11-30,2023-12-29,False,0.1602927773980405,LOW_NETWORK_RISK,LOW_NETWORK_RISK,False,0.1103896103896103,0.1776315789473684,0.1928571428571428,0.0358301456615897
CSI500,2023-12-29,2024-01-08,True,2024-01-29,True,2024-04-02,True,0.1194018304621464,0.048170735076613,0.1784728221128961,0.2568582578831249,0.0473175873729433,0.2300239669179936,0.0,0.0,2023-12-29,2024-01-31,False,0.0976234250882138,LOW_NETWORK_RISK,LOW_NETWORK_RISK,False,0.1602564102564102,0.0974025974025974,0.0352112676056338,0.0510497045292677
CSI500,2024-01-31,2024-02-07,True,2024-03-07,True,2024-05-09,True,0.0503983410617033,0.0503983410617033,0.0672466966328717,0.40127466084975,0.0246883235407897,0.1552461025027642,0.0,0.0,2024-01-31,2024-02-29,False,0.0065612715929171,LOW_NETWORK_RISK,LOW_NETWORK_RISK,False,0.0063291139240506,0.0064102564102564,0.0069444444444444,0.0002729616595513
CSI500,2024-02-29,2024-03-07,True,2024-03-28,True,2024-05-30,True,0.0672466966328717,0.0206946975404632,0.0672466966328717,0.1754816983012146,0.0241729461322149,0.135492185679818,0.0,0.0,2024-02-29,2024-03-29,False,0.0152617623258771,LOW_NETWORK_RISK,LOW_NETWORK_RISK,False,0.00625,0.0189873417721519,0.0205479452054794,0.0064040490281592
CSI500,2024-03-29,2024-04-09,True,2024-04-30,True,2024-07-01,True,0.0388190075575518,0.0190012626776913,0.1131448665321761,0.2217849650086105,0.0277486459964193,0.1357082262851474,0.0,0.0,2024-03-29,2024-04-30,False,0.1729931320209098,LOW_NETWORK_RISK,LOW_NETWORK_RISK,False,0.2654320987654321,0.20625,0.0472972972972973,0.0921057810480957
CSI500,2024-04-30,2024-05-10,True,2024-05-31,True,2024-07-29,True,0.044671634780637,0.012632492855334,0.1604025360056292,0.151564918956661,0.0194382119039389,0.1099745661367732,0.0,0.0,2024-04-30,2024-05-31,False,0.2722543410619291,LOW_NETWORK_RISK,LOW_NETWORK_RISK,False,0.2621951219512195,0.4012345679012346,0.1533333333333333,0.1014549044055546
CSI500,2024-05-31,2024-06-07,True,2024-07-01,True,2024-08-26,True,0.0774810696468517,0.0248916594127612,0.1513642022108031,0.157892084655171,0.0214451044914774,0.1404750134894235,0.0,0.0,2024-05-31,2024-06-28,False,0.0600199256589902,LOW_NETWORK_RISK,LOW_NETWORK_RISK,False,0.0903614457831325,0.0304878048780487,0.0592105263157894,0.0244500111012968
CSI500,2024-06-28,2024-07-05,True,2024-07-26,True,2024-09-24,True,0.0674993404168565,0.0337106948408605,0.110370246004525,0.1954801376915117,0.0294246996494024,0.1545829430550256,0.0,0.0,2024-06-28,2024-07-31,False,0.0311440567464663,LOW_NETWORK_RISK,LOW_NETWORK_RISK,False,0.0178571428571428,0.0301204819277108,0.0454545454545454,0.011289816549675
CSI500,2024-07-31,2024-08-07,True,2024-08-28,True,2024-11-01,True,0.0800424033185916,0.0394072539962875,0.1196621601863675,0.1301280963527149,0.0197906703810282,0.1355297446263806,0.0,0.0,2024-07-31,2024-08-30,False,0.0425249587014292,LOW_NETWORK_RISK,LOW_NETWORK_RISK,False,0.0529411764705882,0.0297619047619047,0.0448717948717948,0.0096073024047386
CSI500,2024-08-30,2024-09-06,True,2024-10-08,True,2024-12-03,True,0.0405573482844768,0.0219136860302945,0.1196621601863675,0.4954242090814834,0.0198809685478463,0.0994328347558888,0.0,0.0,2024-08-30,2024-09-30,False,0.4447618140573863,MID_NETWORK_RISK,LOW_NETWORK_RISK,True,0.3895348837209302,0.3941176470588235,0.5506329113924051,0.0748855454149577
CSI500,2024-09-30,2024-10-14,True,2024-11-04,True,2024-12-30,True,0.1196621601863675,0.1112437820644033,0.1196621601863675,0.4432832193506387,0.0682210287251566,0.3015684335382665,0.0,0.0,2024-09-30,2024-10-31,False,0.6307621625233895,MID_NETWORK_RISK,MID_NETWORK_RISK,False,0.7758620689655172,0.4476744186046512,0.66875,0.1366481864971956
CSI500,2024-10-31,2024-11-07,True,2024-11-28,True,2025-01-24,True,0.1011180579469309,0.0117720023926972,0.1518555844451254,0.2822773402541939,0.0392728196200364,0.2146302816883516,0.0,0.0,2024-10-31,2024-11-29,False,0.2703060296451101,LOW_NETWORK_RISK,MID_NETWORK_RISK,True,0.5056818181818182,0.2126436781609195,0.0925925925925925,0.1735019445779427
CSI500,2024-11-29,2024-12-06,True,2024-12-27,True,2025-03-04,True,0.0462003248972606,0.0108267352219689,0.1198464360475314,0.1603755858412356,0.0183758743293461,0.1173489251403892,0.0,0.0,2024-11-29,2024-12-31,False,0.25929218881055,LOW_NETWORK_RISK,LOW_NETWORK_RISK,False,0.5224719101123596,0.1761363636363636,0.0792682926829268,0.1902516405026662
CSI500,2024-12-31,2025-01-08,True,2025-02-06,True,2025-04-03,True,0.0622540706599856,0.0521557949816005,0.0622540706599856,0.2287456691910661,0.0314213209494684,0.156709753261362,0.0,0.0,2024-12-31,2025-01-27,False,0.0326371653906512,LOW_NETWORK_RISK,LOW_NETWORK_RISK,False,0.0388888888888888,0.0168539325842696,0.0421686746987951,0.0112404649104636
CSI500,2025-01-27,2025-02-11,True,2025-03-04,True,2025-04-30,True,0.0325553981634655,0.0051404844995797,0.1379795542367078,0.1988118286253779,0.0280511329426653,0.1293226872146468,0.0,0.0,2025-01-27,2025-02-28,False,0.0509666259666259,LOW_NETWORK_RISK,LOW_NETWORK_RISK,False,0.0604395604395604,0.0388888888888888,0.0535714285714285,0.0089887562554086
CSI500,2025-02-28,2025-03-07,True,2025-03-28,True,2025-05-29,True,0.0354246490470057,0.0056219069177564,0.1379795542367078,0.120972153114494,0.0144500609787291,0.0742215522250982,0.0,0.0,2025-02-28,2025-03-31,False,0.1658176648585856,LOW_NETWORK_RISK,LOW_NETWORK_RISK,False,0.1141304347826086,0.2362637362637362,0.1470588235294117,0.0515949379214656
CSI500,2025-03-31,2025-04-08,True,2025-04-29,True,2025-06-30,True,0.1037549859385091,0.1037549859385091,0.1037549859385091,0.3644803868821836,0.095538448379095,0.343400192293371,0.0,0.0,2025-03-31,2025-04-30,False,0.1269533868974489,LOW_NETWORK_RISK,LOW_NETWORK_RISK,False,0.1236559139784946,0.1467391304347826,0.1104651162790697,0.0149912423652531
CSI500,2025-04-30,2025-05-12,True,2025-06-03,True,2025-07-29,True,0.0279145801431941,0.0090217724518125,0.0286169507290311,0.1313582512462056,0.0144539171460497,0.0833551982470577,0.0,0.0,2025-04-30,2025-05-30,False,0.1357096274557756,LOW_NETWORK_RISK,LOW_NETWORK_RISK,False,0.1542553191489361,0.1666666666666666,0.0862068965517241,0.0353685421622159
CSI500,2025-05-30,2025-06-09,True,2025-06-30,True,2025-08-25,True,0.0286169507290311,0.001367424787304,0.0286169507290311,0.1229519446893266,0.0120155868475966,0.0700373058499361,0.0,0.0,2025-05-30,2025-06-30,False,0.155470579252774,LOW_NETWORK_RISK,LOW_NETWORK_RISK,False,0.2368421052631578,0.1329787234042553,0.096590909090909,0.0594250911740686
CSI500,2025-06-30,2025-07-07,True,2025-07-28,True,2025-09-22,True,0.0070298769771529,0.0070298769771529,0.057921688144928,0.0940036714569842,0.0070298769771529,0.0320220534961154,0.0,0.0,2025-06-30,2025-07-31,False,0.6566883911557921,MID_NETWORK_RISK,LOW_NETWORK_RISK,True,0.5572916666666666,0.7105263157894737,0.702247191011236,0.0703653210331564
CSI500,2025-07-31,2025-08-07,True,2025-08-28,True,2025-10-31,True,0.014576246361682,0.0031207824606992,0.0705862560472226,0.1641131943904871,0.014576246361682,0.0703215571783537,0.0,0.0,2025-07-31,2025-08-29,False,0.2353605861015655,LOW_NETWORK_RISK,MID_NETWORK_RISK,True,0.1494845360824742,0.3177083333333333,0.2388888888888889,0.0687223795707231
CSI500,2025-08-29,2025-09-05,True,2025-09-26,True,2025-12-01,True,0.057921688144928,0.057921688144928,0.0969026032862979,0.2302697408736003,0.0247522734353843,0.1429955562434458,0.0,0.0,2025-08-29,2025-09-30,False,0.5968200920336414,MID_NETWORK_RISK,LOW_NETWORK_RISK,True,0.6275510204081632,0.6958762886597938,0.467032967032967,0.0959187466291819
CSI500,2025-09-30,2025-10-15,True,2025-11-05,True,2025-12-31,True,0.0705862560472226,0.04690339810198,0.0969026032862979,0.2329404053021011,0.0297945248101024,0.1796870838943238,0.0,0.0,2025-09-30,2025-10-31,False,0.4863471299806703,MID_NETWORK_RISK,MID_NETWORK_RISK,False,0.4595959595959596,0.3418367346938775,0.657608695652174,0.1302937749077722
CSI500,2025-10-31,2025-11-07,True,2025-11-28,True,2026-01-27,True,0.0731283198894945,0.0167407548816407,0.0731283198894945,0.1895165858077437,0.0346278294238843,0.1616308298554731,0.0,0.0,2025-10-31,2025-11-28,False,0.2065640273704789,LOW_NETWORK_RISK,MID_NETWORK_RISK,True,0.215,0.2272727272727272,0.1774193548387097,0.0212087075107644
CSI500,2025-11-28,2025-12-05,True,2025-12-26,True,2026-03-04,True,0.0238484629209034,0.0148511017582791,0.0655853396518608,0.1530997760695323,0.015833656641308,0.0874686226965145,0.0,0.0,2025-11-28,2025-12-31,False,0.0559226880134821,LOW_NETWORK_RISK,LOW_NETWORK_RISK,False,0.0742574257425742,0.035,0.0585106382978723,0.0161309120219386
CSI500,2025-12-31,2026-01-09,True,2026-01-30,True,2026-04-07,True,0.0268149877458389,0.0,0.1406371810196975,0.1972439358281096,0.0172954645778741,0.0922787509428052,0.0,0.0,2025-12-31,2026-01-30,False,0.5071662119772348,MID_NETWORK_RISK,LOW_NETWORK_RISK,True,0.3970588235294117,0.5297029702970297,0.5947368421052631,0.0822600707662078
CSI500,2026-01-30,2026-02-06,True,2026-03-09,True,2026-05-08,True,0.0472948391455745,0.0398386241237104,0.1406371810196975,0.2815196527186058,0.0435095451432319,0.2285569139418777,0.0,0.0,2026-01-30,2026-02-27,False,0.3053304857541722,LOW_NETWORK_RISK,MID_NETWORK_RISK,True,0.4126213592233009,0.2794117647058823,0.2239583333333333,0.0791718359438251
CSI500,2026-02-27,2026-03-06,True,2026-03-27,True,2026-05-28,True,0.1406371810196975,0.0472948391455745,0.1406371810196975,0.287629268807429,0.0435095451432319,0.2659819385440283,0.0,0.0,2026-02-27,2026-03-31,False,0.0779825240152034,LOW_NETWORK_RISK,LOW_NETWORK_RISK,False,0.0528846153846153,0.0728155339805825,0.1082474226804123,0.0228951733986487
CSI500,2026-03-31,2026-04-08,True,2026-04-29,True,2026-06-30,True,0.0277609679371465,0.0277609679371465,0.1070603616857137,0.2322474551130193,0.0186836539962762,0.0979953418675573,0.0,0.0,2026-03-31,2026-04-30,False,0.1498364730507587,LOW_NETWORK_RISK,LOW_NETWORK_RISK,False,0.2714285714285714,0.0913461538461538,0.086734693877551,0.085999206126957
CSI500,2026-04-30,2026-05-12,True,2026-06-02,True,2026-07-29,True,0.0722149213297691,0.0060816268351784,0.1793823313823578,0.2484265420334328,0.0278171477780369,0.1847723146089595,0.0,0.0,2026-04-30,2026-05-29,False,0.0856702696325337,LOW_NETWORK_RISK,LOW_NETWORK_RISK,False,0.0896226415094339,0.0714285714285714,0.0959595959595959,0.010397394664864
CSI500,2026-05-29,2026-06-05,True,2026-06-29,True,2026-08-24,True,0.0476802644292861,0.0132764740210663,0.1906463906955525,0.2824792241275706,0.0348666972079009,0.1872134473015116,0.0,0.0,2026-05-29,2026-06-30,False,0.0493707752894845,LOW_NETWORK_RISK,LOW_NETWORK_RISK,False,0.0700934579439252,0.0330188679245283,0.045,0.0154479570116346
CSI500,2026-06-30,2026-07-07,True,2026-07-28,True,2026-09-22,True,0.1793823313823578,0.0578638037597796,0.1906463906955525,0.4068646700457012,0.0555453601586793,0.3581765907554242,1.0,0.0,2026-06-30,2026-07-31,False,0.0232695258103172,LOW_NETWORK_RISK,LOW_NETWORK_RISK,False,0.0601851851851851,0.0046728971962616,0.0049504950495049,0.0261035590862368
CSI500,2026-07-31,2026-08-07,True,2026-08-28,True,,False,0.057876705633968,0.0106044977375202,,0.2730739748502371,0.0481486282557067,0.1922158645508391,0.0,0.0,2026-07-31,2026-08-31,False,0.824552943841485,HIGH_NETWORK_RISK,LOW_NETWORK_RISK,True,0.9036697247706422,0.8101851851851852,0.7598039215686274,0.0596051826569047
CSI500,2026-08-31,2026-09-07,True,2026-09-29,True,,False,0.0691389695803624,0.0376516894908264,,0.1937934725204059,0.0290881379630564,0.1702086388364107,0.0,0.0,2026-08-31,2026-09-03,False,0.0412319057682912,LOW_NETWORK_RISK,HIGH_NETWORK_RISK,True,0.1045454545454545,0.0045871559633027,0.0145631067961165,0.0449543026700326
CSI500,2026-09-03,2026-09-10,True,,False,,False,,0.0132385859586144,,,,,,,2026-09-03,,True,0.1376690501690501,LOW_NETWORK_RISK,LOW_NETWORK_RISK,False,0.3288288288288288,0.0409090909090909,0.0432692307692307,0.1351738098350454
SSE_COMPOSITE,2018-02-28,2018-03-07,True,2018-03-28,True,2018-05-29,True,0.0614452760994378,0.0058709431080564,0.0781254696846723,0.1522836114359764,0.0339269736600192,0.1412581985994159,0.0,0.0,2018-02-28,2018-03-30,False,0.2529761904761904,LOW_NETWORK_RISK,LOW_NETWORK_RISK,False,0.1875,0.0714285714285714,0.5,0.180985664232271
SSE_COMPOSITE,2018-03-30,2018-04-10,True,2018-05-03,True,2018-06-29,True,0.044038802024887,0.0119252737542996,0.1329817848087482,0.1553270847077363,0.0153210617115905,0.1150030831691235,0.0,0.0,2018-03-30,2018-04-27,False,0.6458333333333334,MID_NETWORK_RISK,LOW_NETWORK_RISK,True,0.5,0.6875,0.75,0.1062295731998496
SSE_COMPOSITE,2018-04-27,2018-05-08,True,2018-05-29,True,2018-07-25,True,0.0292096380294616,0.003170088298085,0.1494765660242349,0.1085172431675553,0.014121050912315,0.0673138895160826,0.0,0.0,2018-04-27,2018-05-31,False,0.524074074074074,MID_NETWORK_RISK,MID_NETWORK_RISK,False,0.35,0.7222222222222222,0.5,0.1529095952099482
SSE_COMPOSITE,2018-05-31,2018-06-07,True,2018-06-29,True,2018-08-24,True,0.1053807484639731,0.0065676617767252,0.1432373089195487,0.1841736399139688,0.0377510837552532,0.1726080421977561,0.0,0.0,2018-05-31,2018-06-29,False,0.8931818181818182,HIGH_NETWORK_RISK,MID_NETWORK_RISK,True,0.9545454545454546,0.85,0.875,0.0445748202525929
SSE_COMPOSITE,2018-06-29,2018-07-06,True,2018-07-27,True,2018-09-21,True,0.0398746935822603,0.0398746935822603,0.0873394457522818,0.2018404825418459,0.025236881106405,0.1285412218602576,0.0,0.0,2018-06-29,2018-07-31,False,0.4724747474747475,MID_NETWORK_RISK,HIGH_NETWORK_RISK,True,0.7083333333333334,0.4090909090909091,0.3,0.172621282975148
SSE_COMPOSITE,2018-07-31,2018-08-07,True,2018-08-28,True,2018-10-31,True,0.0721144486163261,0.0595327492699208,0.1355791962174941,0.2121235306953239,0.0207482308267648,0.1535242092174205,0.0,0.0,2018-07-31,2018-08-31,False,0.701923076923077,HIGH_NETWORK_RISK,MID_NETWORK_RISK,True,0.7307692307692307,0.9583333333333334,0.4166666666666667,0.2220732159870274
SSE_COMPOSITE,2018-08-31,2018-09-07,True,2018-10-08,True,2018-12-03,True,0.037159515834618,0.0214463858531653,0.118712673011147,0.2127193783312342,0.037159515834618,0.1603283922029411,0.0,0.0,2018-08-31,2018-09-28,False,0.6401098901098902,MID_NETWORK_RISK,HIGH_NETWORK_RISK,True,0.6785714285714286,0.8846153846153846,0.3571428571428571,0.2170503540121283
SSE_COMPOSITE,2018-09-28,2018-10-12,True,2018-11-02,True,2018-12-28,True,0.118712673011147,0.0843177911283604,0.1198929590444289,0.3483706866400377,0.0522334399671294,0.2807693111525532,0.0,0.0,2018-09-28,2018-10-31,False,0.5478174603174603,MID_NETWORK_RISK,MID_NETWORK_RISK,False,0.3666666666666666,0.9642857142857144,0.3125,0.2953166231543911
SSE_COMPOSITE,2018-10-31,2018-11-07,True,2018-11-28,True,2019-01-25,True,0.0476528660888994,0.0131291846006694,0.0884590772736183,0.1873974039147034,0.0249297845718843,0.133944397919024,0.0,0.0,2018-10-31,2018-11-30,False,0.38125,MID_NETWORK_RISK,MID_NETWORK_RISK,False,0.34375,0.6333333333333333,0.1666666666666666,0.192352336342183
SSE_COMPOSITE,2018-11-30,2018-12-07,True,2018-12-28,True,2019-03-05,True,0.0685944275232935,0.0227985416135276,0.0756200393104172,0.1521691135320636,0.0168390067174882,0.1127898169707545,0.0,0.0,2018-11-30,2018-12-28,False,0.6770833333333334,HIGH_NETWORK_RISK,MID_NETWORK_RISK,True,0.5,0.78125,0.75,0.1258650622249434
SSE_COMPOSITE,2018-12-28,2019-01-08,True,2019-01-29,True,2019-04-02,True,0.0118449015598058,0.0118449015598058,0.0439605719767449,0.1285390706865011,0.0118022915062575,0.0676447384781224,0.0,0.0,2018-12-28,2019-01-31,False,0.239502871855813,LOW_NETWORK_RISK,HIGH_NETWORK_RISK,True,0.1944444444444444,0.2058823529411764,0.3181818181818182,0.0558300330403072
SSE_COMPOSITE,2019-01-31,2019-02-14,True,2019-03-07,True,2019-05-08,True,0.0142149963066,0.0005034784110663,0.1152745505686682,0.2320968837047819,0.0137184248262676,0.0576309606253328,0.0,0.0,2019-01-31,2019-02-28,False,0.4734405458089668,MID_NETWORK_RISK,LOW_NETWORK_RISK,True,0.1842105263157894,0.5277777777777778,0.7083333333333334,0.2173945419316558
SSE_COMPOSITE,2019-02-28,2019-03-07,True,2019-03-28,True,2019-05-29,True,0.0439605719767449,0.0,0.1283630915983857,0.2497017431465723,0.0439605719767449,0.1910858720955826,0.0,0.0,2019-02-28,2019-03-29,False,0.8229757085020243,HIGH_NETWORK_RISK,MID_NETWORK_RISK,True,0.975,0.7631578947368421,0.7307692307692307,0.1083075721960313
SSE_COMPOSITE,2019-03-29,2019-04-08,True,2019-04-29,True,2019-06-28,True,0.0636847254494313,0.0005421105967221,0.1354408707349883,0.191958194951344,0.0242940270676316,0.1327085000136516,0.0,0.0,2019-03-29,2019-04-30,False,0.9003968253968253,HIGH_NETWORK_RISK,HIGH_NETWORK_RISK,False,0.9761904761904762,0.975,0.75,0.1063477256471192
SSE_COMPOSITE,2019-04-30,2019-05-10,True,2019-05-31,True,2019-07-29,True,0.0738677339085351,0.0738677339085351,0.081388020816414,0.2780192050588436,0.0558352878499451,0.2384054014535816,0.0,0.0,2019-04-30,2019-05-31,False,0.3823232323232323,MID_NETWORK_RISK,HIGH_NETWORK_RISK,True,0.6136363636363636,0.1666666666666666,0.3666666666666666,0.1828101447557264
SSE_COMPOSITE,2019-05-31,2019-06-10,True,2019-07-01,True,2019-08-26,True,0.0244592403491219,0.0244592403491219,0.0907156228447568,0.1711235834319507,0.011749411131536,0.0780154469104888,0.0,0.0,2019-05-31,2019-06-28,False,0.1312170619235836,LOW_NETWORK_RISK,MID_NETWORK_RISK,True,0.1521739130434782,0.0227272727272727,0.21875,0.081386401847424
SSE_COMPOSITE,2019-06-28,2019-07-05,True,2019-07-26,True,2019-09-23,True,0.0518670563893725,0.0130217741140924,0.0907156228447568,0.1492212318169424,0.025804866060457,0.1158529260593335,0.0,0.0,2019-06-28,2019-07-31,False,0.5316318556408071,MID_NETWORK_RISK,LOW_NETWORK_RISK,True,0.2291666666666666,0.6304347826086957,0.7352941176470589,0.2181173429480009
SSE_COMPOSITE,2019-07-31,2019-08-07,True,2019-08-28,True,2019-10-31,True,0.0558668171634539,0.0558668171634539,0.0558668171634539,0.1580387970830596,0.0161585025663915,0.1130000195224711,0.0,0.0,2019-07-31,2019-08-30,False,0.8063888888888889,HIGH_NETWORK_RISK,MID_NETWORK_RISK,True,0.94,0.8958333333333334,0.5833333333333334,0.1587513973886198
SSE_COMPOSITE,2019-08-30,2019-09-06,True,2019-09-30,True,2019-12-02,True,0.0415836423377891,0.0,0.0525395547696651,0.1240532389288723,0.0173653386125547,0.0925415999670115,0.0,0.0,2019-08-30,2019-09-30,False,0.8284885290148448,HIGH_NETWORK_RISK,HIGH_NETWORK_RISK,False,0.9423076923076924,0.78,0.7631578947368421,0.0807754730799588
SSE_COMPOSITE,2019-09-30,2019-10-14,True,2019-11-04,True,2019-12-30,True,0.026204502839209,0.0,0.0451813237230208,0.1047926801623571,0.013162800227049,0.0667258680961642,0.0,0.0,2019-09-30,2019-10-31,False,0.4904320987654321,MID_NETWORK_RISK,HIGH_NETWORK_RISK,True,0.7962962962962963,0.25,0.425,0.2277731773766753
SSE_COMPOSITE,2019-10-31,2019-11-07,True,2019-11-28,True,2020-02-03,True,0.0355232721389509,0.0043321878885932,0.118424557946058,0.105396310503593,0.0182883630548752,0.0839493289740993,0.0,0.0,2019-10-31,2019-11-29,False,0.7506613756613757,HIGH_NETWORK_RISK,MID_NETWORK_RISK,True,0.9821428571428572,0.7222222222222222,0.5476190476190477,0.1785297815436269
SSE_COMPOSITE,2019-11-29,2019-12-06,True,2019-12-27,True,2020-03-03,True,0.0197424580303201,0.0022809997573404,0.118424557946058,0.1034452254269374,0.0140402137813068,0.0539752117224278,0.0,0.0,2019-11-29,2019-12-31,False,0.4522130168681893,MID_NETWORK_RISK,HIGH_NETWORK_RISK,True,0.7413793103448276,0.4107142857142857,0.2045454545454545,0.2211172474784113
SSE_COMPOSITE,2019-12-31,2020-01-08,True,2020-02-06,True,2020-04-02,True,0.118424557946058,0.0122101262561196,0.1461690798152505,0.3169143111933859,0.0772443079693468,0.2998637804334635,0.0,0.0,2019-12-31,2020-01-23,False,0.9814509411960688,HIGH_NETWORK_RISK,MID_NETWORK_RISK,True,0.9833333333333332,0.9827586206896552,0.9782608695652174,0.0022678905636695
SSE_COMPOSITE,2020-01-23,2020-02-07,True,2020-02-28,True,2020-04-27,True,0.0772443079693468,0.0772443079693468,0.1339690332326283,0.3390126924064128,0.0772443079693468,0.3077871960920603,0.0,0.0,2020-01-23,2020-02-28,False,0.9213709677419356,HIGH_NETWORK_RISK,HIGH_NETWORK_RISK,False,0.9516129032258064,0.9166666666666666,0.8958333333333334,0.0230135893303993
SSE_COMPOSITE,2020-02-28,2020-03-06,True,2020-03-27,True,2020-05-28,True,0.1339690332326283,0.0121008698822793,0.1339690332326283,0.3003855881789131,0.0340025559061171,0.2279534425833975,1.0,0.0,2020-02-28,2020-03-31,False,0.9827486559139784,HIGH_NETWORK_RISK,HIGH_NETWORK_RISK,False,0.984375,0.9838709677419356,0.98,0.0019544554449392
SSE_COMPOSITE,2020-03-31,2020-04-08,True,2020-04-29,True,2020-07-01,True,0.0154318066291563,0.0059878301398239,0.0292591544825396,0.1380021385972908,0.0105583935177029,0.0740240381313107,0.0,0.0,2020-03-31,2020-04-30,False,0.9169701825951826,HIGH_NETWORK_RISK,HIGH_NETWORK_RISK,False,0.8939393939393939,0.953125,0.903846153846154,0.0258832518454735
SSE_COMPOSITE,2020-04-30,2020-05-12,True,2020-06-02,True,2020-07-30,True,0.0292591544825396,0.0023000965901588,0.0735584349343155,0.1278643145267769,0.018881279812547,0.0811754991342412,0.0,0.0,2020-04-30,2020-05-29,False,0.8896646200567769,HIGH_NETWORK_RISK,HIGH_NETWORK_RISK,False,0.8676470588235294,0.8939393939393939,0.9074074074074074,0.0165111396474925
SSE_COMPOSITE,2020-05-29,2020-06-05,True,2020-06-30,True,2020-08-25,True,0.0223537013169333,0.0014093323800955,0.0735584349343155,0.1148664618653913,0.0101755635775786,0.0527299119971751,0.0,0.0,2020-05-29,2020-06-30,False,0.8644957983193278,HIGH_NETWORK_RISK,HIGH_NETWORK_RISK,False,0.7857142857142857,0.8970588235294118,0.9107142857142856,0.0559851942220704
SSE_COMPOSITE,2020-06-30,2020-07-07,True,2020-07-28,True,2020-09-22,True,0.0735584349343155,0.0,0.0735584349343155,0.3557603523124109,0.0449825960193973,0.2303783878795123,0.0,0.0,2020-06-30,2020-07-31,False,0.9077586206896552,HIGH_NETWORK_RISK,HIGH_NETWORK_RISK,False,0.875,0.9,0.9482758620689656,0.0304136497507503
SSE_COMPOSITE,2020-07-31,2020-08-07,True,2020-08-28,True,2020-11-02,True,0.0351628036359528,0.0095734188503628,0.0676771686626543,0.1636237803667931,0.01299509719645,0.0984421446172903,0.0,0.0,2020-07-31,2020-08-31,False,0.6576826826826827,MID_NETWORK_RISK,HIGH_NETWORK_RISK,True,0.7702702702702703,0.6527777777777778,0.55,0.089991820222096
SSE_COMPOSITE,2020-08-31,2020-09-07,True,2020-09-28,True,2020-12-01,True,0.0566115738826779,0.0346037805553844,0.0566115738826779,0.153279436063774,0.0187103061659369,0.1319277019881394,0.0,0.0,2020-08-31,2020-09-30,False,0.4664532954006637,MID_NETWORK_RISK,MID_NETWORK_RISK,False,0.7236842105263158,0.1756756756756756,0.5,0.2249775908979864
SSE_COMPOSITE,2020-09-30,2020-10-15,True,2020-11-05,True,2020-12-31,True,0.0402470421906391,0.0082059677059305,0.0402470421906391,0.1525450874637642,0.0147277655046398,0.0791008333071815,0.0,0.0,2020-09-30,2020-10-30,False,0.613058085919928,MID_NETWORK_RISK,MID_NETWORK_RISK,False,0.7051282051282052,0.618421052631579,0.515625,0.0774572451848044
SSE_COMPOSITE,2020-10-30,2020-11-06,True,2020-11-27,True,2021-01-25,True,0.0188604304434557,0.0024005084138272,0.0303452551318968,0.1265792945683811,0.0118989543966475,0.0596739957669451,0.0,0.0,2020-10-30,2020-11-30,False,0.7635878010878011,HIGH_NETWORK_RISK,MID_NETWORK_RISK,True,0.8875,0.782051282051282,0.6212121212121212,0.1094927202886219
SSE_COMPOSITE,2020-11-30,2020-12-07,True,2020-12-28,True,2021-03-02,True,0.0303452551318968,0.0102377213972433,0.0507498302296701,0.1303081976446324,0.0186489386271878,0.0904173154976396,0.0,0.0,2020-11-30,2020-12-31,False,0.8261178861788618,HIGH_NETWORK_RISK,HIGH_NETWORK_RISK,False,0.8658536585365854,0.8625,0.75,0.0538408841163703
SSE_COMPOSITE,2020-12-31,2021-01-08,True,2021-01-29,True,2021-04-02,True,0.0389516146833541,0.0017029248923436,0.0915623469699716,0.1526111382878597,0.0190745912787476,0.1080829600107995,0.0,0.0,2020-12-31,2021-01-29,False,0.5898373983739837,MID_NETWORK_RISK,HIGH_NETWORK_RISK,True,0.75,0.7195121951219512,0.3,0.205323589623339
SSE_COMPOSITE,2021-01-29,2021-02-05,True,2021-03-05,True,2021-05-06,True,0.0525354623840353,0.0105697176880759,0.0915623469699716,0.1979612931255794,0.0211907783712919,0.1449802013084786,0.0,0.0,2021-01-29,2021-02-26,False,0.5057985726590377,MID_NETWORK_RISK,MID_NETWORK_RISK,False,0.686046511627907,0.5119047619047619,0.3194444444444444,0.1497269360672408
SSE_COMPOSITE,2021-02-26,2021-03-05,True,2021-03-26,True,2021-05-27,True,0.0612709329307501,0.0209427157594566,0.0612709329307501,0.2133688982878458,0.0230097744425312,0.1610880057043133,0.0,0.0,2021-02-26,2021-03-31,False,0.5265484829438317,MID_NETWORK_RISK,MID_NETWORK_RISK,False,0.6022727272727273,0.6395348837209303,0.3378378378378378,0.1343028859407791
SSE_COMPOSITE,2021-03-31,2021-04-08,True,2021-04-29,True,2021-06-30,True,0.0252325371155353,0.0013660927737709,0.0293485547809342,0.1003187610619542,0.0109340767616817,0.0665672736003384,0.0,0.0,2021-03-31,2021-04-30,False,0.5148015240120504,MID_NETWORK_RISK,MID_NETWORK_RISK,False,0.6777777777777778,0.5113636363636364,0.3552631578947368,0.1316884816861063
SSE_COMPOSITE,2021-04-30,2021-05-12,True,2021-06-02,True,2021-07-29,True,0.0120288692862872,0.0081204342503032,0.0725906348369938,0.1256903273179659,0.0095906432748538,0.0573579180999423,0.0,0.0,2021-04-30,2021-05-31,False,0.6118976836368141,MID_NETWORK_RISK,MID_NETWORK_RISK,False,0.6630434782608695,0.5444444444444444,0.6282051282051282,0.0497720287364222
SSE_COMPOSITE,2021-05-31,2021-06-07,True,2021-06-29,True,2021-08-24,True,0.0293485547809342,0.011173307657716,0.0725906348369938,0.0922684388522787,0.0107491508648807,0.0727414079956404,0.0,0.0,2021-05-31,2021-06-30,False,0.4886871723712612,MID_NETWORK_RISK,MID_NETWORK_RISK,False,0.4361702127659574,0.4673913043478261,0.5625,0.053727331851385
SSE_COMPOSITE,2021-06-30,2021-07-07,True,2021-07-28,True,2021-09-24,True,0.063936845622633,0.020171530407663,0.063936845622633,0.1567547823804569,0.0248771427912235,0.1528752601609174,0.0,0.0,2021-06-30,2021-07-30,False,0.7882304820388629,HIGH_NETWORK_RISK,MID_NETWORK_RISK,True,0.8229166666666666,0.7978723404255319,0.7439024390243902,0.0329700481987091
SSE_COMPOSITE,2021-07-30,2021-08-06,True,2021-08-27,True,2021-11-02,True,0.0298050738545329,0.00546125928184,0.0564519819022062,0.153292200997638,0.0200037528359499,0.0953457414460386,0.0,0.0,2021-07-30,2021-08-31,False,0.90015589569161,HIGH_NETWORK_RISK,HIGH_NETWORK_RISK,False,0.9489795918367347,0.90625,0.8452380952380952,0.0425709455663722
SSE_COMPOSITE,2021-08-31,2021-09-07,True,2021-09-30,True,2021-12-02,True,0.0481997755270672,0.0042562773836265,0.0602362617989593,0.1385539398033843,0.0183026022841469,0.104860559524457,0.0,0.0,2021-08-31,2021-09-30,False,0.559811738648948,MID_NETWORK_RISK,HIGH_NETWORK_RISK,True,0.51,0.7857142857142857,0.3837209302325581,0.1678502734448928
SSE_COMPOSITE,2021-09-30,2021-10-14,True,2021-11-04,True,2021-12-30,True,0.030837761021203,0.0125912749118221,0.0327685838231953,0.104921917522983,0.0124648148096588,0.0837542907330019,0.0,0.0,2021-09-30,2021-10-29,False,0.865718954248366,HIGH_NETWORK_RISK,MID_NETWORK_RISK,True,0.8921568627450981,0.83,0.875,0.0262103319864665
SSE_COMPOSITE,2021-10-29,2021-11-05,True,2021-11-26,True,2022-01-24,True,0.0157216393128372,0.0157216393128372,0.0434166059960663,0.0948423508846779,0.0109607050963751,0.0629765234154132,0.0,0.0,2021-10-29,2021-11-30,False,0.8756033182503771,HIGH_NETWORK_RISK,HIGH_NETWORK_RISK,False,0.9326923076923076,0.7941176470588235,0.9,0.059144640234573
SSE_COMPOSITE,2021-11-30,2021-12-07,True,2021-12-28,True,2022-03-02,True,0.0237647646886239,0.0050229664886082,0.0868332119921326,0.1057867616582214,0.0116081000919722,0.0682325427840008,0.0,0.0,2021-11-30,2021-12-31,False,0.930783429040197,HIGH_NETWORK_RISK,HIGH_NETWORK_RISK,False,0.9716981132075472,0.875,0.9456521739130436,0.0408529146658697
SSE_COMPOSITE,2021-12-31,2022-01-10,True,2022-02-07,True,2022-04-06,True,0.0764716548802401,0.0165504508514251,0.1581991219249515,0.1602938013893343,0.0258363104443392,0.1407385346195699,0.0,0.0,2021-12-31,2022-01-28,False,0.8345909471628729,HIGH_NETWORK_RISK,HIGH_NETWORK_RISK,False,0.8425925925925926,0.8207547169811321,0.8404255319148937,0.0098236105795099
SSE_COMPOSITE,2022-01-28,2022-02-11,True,2022-03-04,True,2022-05-06,True,0.0174174105352417,0.0065865154292567,0.1731227583678054,0.1326863358159768,0.0169640170242035,0.0880127326528483,0.0,0.0,2022-01-28,2022-02-28,False,0.4359076879910213,MID_NETWORK_RISK,HIGH_NETWORK_RISK,True,0.4454545454545454,0.6018518518518519,0.2604166666666667,0.1395537012197146
SSE_COMPOSITE,2022-02-28,2022-03-07,True,2022-03-28,True,2022-05-30,True,0.1217772147109489,0.0332403699807671,0.1726653347970523,0.2766661700360869,0.0494985311134068,0.2394830866901116,1.0,0.0,2022-02-28,2022-03-31,False,0.7394016697588125,HIGH_NETWORK_RISK,MID_NETWORK_RISK,True,0.7232142857142857,0.7909090909090909,0.7040816326530612,0.0372493886164985
SSE_COMPOSITE,2022-03-31,2022-04-11,True,2022-05-05,True,2022-07-01,True,0.1209101457926619,0.0354202769664648,0.1209101457926619,0.2778730492713502,0.051316522618014,0.2387924712924414,0.0,0.0,2022-03-31,2022-04-29,False,0.1401524644945697,LOW_NETWORK_RISK,HIGH_NETWORK_RISK,True,0.2543859649122807,0.1160714285714285,0.05,0.0851599588289775
SSE_COMPOSITE,2022-04-29,2022-05-11,True,2022-06-01,True,2022-07-28,True,0.0241288141194715,0.0215792630453491,0.0531354771339988,0.1562543611309915,0.0241288141194715,0.1160585154448744,0.0,0.0,2022-04-29,2022-05-31,False,0.4382613904606005,MID_NETWORK_RISK,LOW_NETWORK_RISK,True,0.4396551724137931,0.3947368421052631,0.4803921568627451,0.0349825214228535
SSE_COMPOSITE,2022-05-31,2022-06-08,True,2022-06-29,True,2022-08-24,True,0.0149512028195937,0.0013400576821082,0.0720225506788962,0.1386076684239913,0.0139885779990085,0.0810596276022331,0.0,0.0,2022-05-31,2022-06-30,False,0.8231409881760553,HIGH_NETWORK_RISK,MID_NETWORK_RISK,True,0.7542372881355932,0.8017241379310345,0.9134615384615384,0.0667437966095129
SSE_COMPOSITE,2022-06-30,2022-07-07,True,2022-07-28,True,2022-09-23,True,0.0520844651042599,0.0147059255365694,0.0931042482153501,0.1244499992157299,0.0163571763759468,0.1051914676959027,0.0,0.0,2022-06-30,2022-07-29,False,0.4370136446007888,MID_NETWORK_RISK,HIGH_NETWORK_RISK,True,0.375,0.3983050847457627,0.5377358490566038,0.0718540353614234
SSE_COMPOSITE,2022-07-29,2022-08-05,True,2022-08-26,True,2022-10-31,True,0.0295371722352421,0.0295371722352421,0.1211985919642342,0.1437553103508053,0.0226045718352372,0.11252162380494,0.0,0.0,2022-07-29,2022-08-31,False,0.4151436956081765,MID_NETWORK_RISK,MID_NETWORK_RISK,False,0.3852459016393442,0.2583333333333333,0.6018518518518519,0.141825366100806
SSE_COMPOSITE,2022-08-31,2022-09-07,True,2022-09-29,True,2022-12-01,True,0.0682027084992954,0.0053589162247746,0.1134628347325203,0.1406491702980382,0.0229755743893597,0.1243679387777272,0.0,0.0,2022-08-31,2022-09-30,False,0.7795915260484271,HIGH_NETWORK_RISK,MID_NETWORK_RISK,True,0.7983870967741935,0.7131147540983607,0.8272727272727273,0.0484628092389777
SSE_COMPOSITE,2022-09-30,2022-10-14,True,2022-11-04,True,2022-12-30,True,0.0620627953866201,0.016611614242872,0.0620627953866201,0.209927943745644,0.022451305776258,0.1348172021490147,0.0,0.0,2022-09-30,2022-10-31,False,0.0890830346475507,LOW_NETWORK_RISK,HIGH_NETWORK_RISK,True,0.1984126984126984,0.0241935483870967,0.0446428571428571,0.0777572079891302
SSE_COMPOSITE,2022-10-31,2022-11-07,True,2022-11-28,True,2023-01-31,True,0.0177181182356543,0.0018512537582782,0.051878114756905,0.1585913297276626,0.0074604489810393,0.0503735947281486,0.0,0.0,2022-10-31,2022-11-30,False,0.6192934593428014,MID_NETWORK_RISK,LOW_NETWORK_RISK,True,0.6640625,0.3253968253968254,0.868421052631579,0.2239375330934942
SSE_COMPOSITE,2022-11-30,2022-12-07,True,2022-12-28,True,2023-03-02,True,0.051878114756905,0.0040186395146505,0.051878114756905,0.1170584346636909,0.0191738271261988,0.0890590203014893,0.0,0.0,2022-11-30,2022-12-30,False,0.2848157051282051,LOW_NETWORK_RISK,MID_NETWORK_RISK,True,0.3153846153846154,0.2890625,0.25,0.0268615391996419
SSE_COMPOSITE,2022-12-30,2023-01-09,True,2023-02-06,True,2023-04-03,True,0.0142954100685706,0.0,0.0304952244178116,0.087462025316134,0.0075718343695705,0.0407632109687207,0.0,0.0,2022-12-30,2023-01-31,False,0.3925045764028814,MID_NETWORK_RISK,LOW_NETWORK_RISK,True,0.5378787878787878,0.3769230769230769,0.2627118644067797,0.1128754366186959
SSE_COMPOSITE,2023-01-31,2023-02-07,True,2023-02-28,True,2023-04-26,True,0.0210307049506874,0.0142954100685706,0.0380835344631969,0.1202953892428407,0.0095900307576001,0.0684099781682759,0.0,0.0,2023-01-31,2023-02-28,False,0.8181629730137193,HIGH_NETWORK_RISK,MID_NETWORK_RISK,True,0.753731343283582,0.8257575757575758,0.875,0.0497981275991969
SSE_COMPOSITE,2023-02-28,2023-03-07,True,2023-03-28,True,2023-05-29,True,0.0304952244178116,0.0130062883255868,0.0570662739322532,0.1141738503826381,0.0140441807154261,0.08636760690247,0.0,0.0,2023-02-28,2023-03-31,False,0.6816478120487245,HIGH_NETWORK_RISK,HIGH_NETWORK_RISK,False,0.6691176470588235,0.6791044776119403,0.6967213114754098,0.0114117478897516
SSE_COMPOSITE,2023-03-31,2023-04-10,True,2023-05-04,True,2023-07-03,True,0.0380835344631969,0.0036932970715068,0.0719823269513991,0.1171969646476861,0.0195335354897342,0.081086962934729,0.0,0.0,2023-03-31,2023-04-28,False,0.3678521665795818,MID_NETWORK_RISK,HIGH_NETWORK_RISK,True,0.4420289855072464,0.3308823529411764,0.3306451612903225,0.05245102105546
SSE_COMPOSITE,2023-04-28,2023-05-10,True,2023-05-31,True,2023-07-28,True,0.0570662739322532,0.022341678939617,0.0719823269513991,0.1339215665935966,0.0152375116412404,0.1065474078547576,0.0,0.0,2023-04-28,2023-05-31,False,0.1202093397745571,LOW_NETWORK_RISK,MID_NETWORK_RISK,True,0.2357142857142857,0.0217391304347826,0.1031746031746031,0.0881815493078313
SSE_COMPOSITE,2023-05-31,2023-06-07,True,2023-06-30,True,2023-08-25,True,0.0374878182157008,0.0114773978790015,0.0689660411298555,0.1115040338417023,0.01478470246099,0.085540984443558,0.0,0.0,2023-05-31,2023-06-30,False,0.2401880030181086,LOW_NETWORK_RISK,LOW_NETWORK_RISK,False,0.2323943661971831,0.2928571428571428,0.1953125,0.0402019478690958
SSE_COMPOSITE,2023-06-30,2023-07-07,True,2023-07-28,True,2023-09-22,True,0.0250173324911027,0.0150184109572156,0.0689660411298555,0.1357450488289596,0.0091658226106964,0.0645832080431966,0.0,0.0,2023-06-30,2023-07-31,False,0.647861743108222,MID_NETWORK_RISK,LOW_NETWORK_RISK,True,0.5208333333333334,0.7535211267605634,0.6692307692307692,0.0961886298220945
SSE_COMPOSITE,2023-07-31,2023-08-07,True,2023-08-28,True,2023-10-31,True,0.0689660411298555,0.0089181535320141,0.1068811074918566,0.1226416849835459,0.0200672287498155,0.1175780547129884,0.0,0.0,2023-07-31,2023-08-31,False,0.5599747474747475,MID_NETWORK_RISK,MID_NETWORK_RISK,False,0.5,0.6875,0.4924242424242424,0.0902269935567463
SSE_COMPOSITE,2023-08-31,2023-09-07,True,2023-09-28,True,2023-12-01,True,0.0290709020289198,0.0172203231918818,0.0748396316090976,0.1054915383122356,0.0113138362549397,0.0661354166999471,0.0,0.0,2023-08-31,2023-09-28,False,0.1741998080681376,LOW_NETWORK_RISK,MID_NETWORK_RISK,True,0.2905405405405405,0.0753424657534246,0.1567164179104477,0.0887198006707062
SSE_COMPOSITE,2023-09-28,2023-10-13,True,2023-11-03,True,2023-12-29,True,0.0550365216944008,0.0113294411151977,0.0680280856973842,0.1182140746161974,0.0174321854638066,0.0997899300834899,0.0,0.0,2023-09-28,2023-10-31,False,0.0729879879879879,LOW_NETWORK_RISK,LOW_NETWORK_RISK,False,0.0466666666666666,0.0472972972972973,0.125,0.0367789475008129
SSE_COMPOSITE,2023-10-31,2023-11-07,True,2023-11-28,True,2024-01-24,True,0.013385055470039,0.0045218783492332,0.102996260775897,0.075901283213396,0.007927169133585,0.0520010653550965,0.0,0.0,2023-10-31,2023-11-30,False,0.0876798881261123,LOW_NETWORK_RISK,LOW_NETWORK_RISK,False,0.0328947368421052,0.02,0.2101449275362318,0.0867557220700682
SSE_COMPOSITE,2023-11-30,2023-12-07,True,2023-12-28,True,2024-03-04,True,0.0437914791993772,0.0215823778548903,0.1086705545513319,0.1083771024517801,0.0167421458131402,0.0895708661211082,0.0,0.0,2023-11-30,2023-12-29,False,0.1602927773980405,LOW_NETWORK_RISK,LOW_NETWORK_RISK,False,0.1103896103896103,0.1776315789473684,0.1928571428571428,0.0358301456615897
SSE_COMPOSITE,2023-12-29,2024-01-08,True,2024-01-29,True,2024-04-02,True,0.0734773591311391,0.0293754811037569,0.0916794680883247,0.190263676188251,0.0268123208157385,0.1422031926180057,0.0,0.0,2023-12-29,2024-01-31,False,0.0976234250882138,LOW_NETWORK_RISK,LOW_NETWORK_RISK,False,0.1602564102564102,0.0974025974025974,0.0352112676056338,0.0510497045292677
SSE_COMPOSITE,2024-01-31,2024-02-07,True,2024-03-07,True,2024-05-09,True,0.0309695002779222,0.0309695002779222,0.0309695002779222,0.1952474713561484,0.0191113852520992,0.1025798769442907,0.0,0.0,2024-01-31,2024-02-29,False,0.0065612715929171,LOW_NETWORK_RISK,LOW_NETWORK_RISK,False,0.0063291139240506,0.0064102564102564,0.0069444444444444,0.0002729616595513
SSE_COMPOSITE,2024-02-29,2024-03-07,True,2024-03-28,True,2024-05-30,True,0.0297543218160541,0.0066900934775689,0.0297543218160541,0.0964797694179643,0.012647287793421,0.0720297029489059,0.0,0.0,2024-02-29,2024-03-29,False,0.0152617623258771,LOW_NETWORK_RISK,LOW_NETWORK_RISK,False,0.00625,0.0189873417721519,0.0205479452054794,0.0064040490281592
SSE_COMPOSITE,2024-03-29,2024-04-09,True,2024-04-30,True,2024-07-01,True,0.0228473571674606,0.0098557864157172,0.0710467811361809,0.1383544944308334,0.0164552656195827,0.0805980863853188,0.0,0.0,2024-03-29,2024-04-30,False,0.1729931320209098,LOW_NETWORK_RISK,LOW_NETWORK_RISK,False,0.2654320987654321,0.20625,0.0472972972972973,0.0921057810480957
SSE_COMPOSITE,2024-04-30,2024-05-10,True,2024-05-31,True,2024-07-29,True,0.0265960298314491,0.0061186756212392,0.0896867067152296,0.107307426132259,0.0133447732180058,0.0749458522768499,0.0,0.0,2024-04-30,2024-05-31,False,0.2722543410619291,LOW_NETWORK_RISK,LOW_NETWORK_RISK,False,0.2621951219512195,0.4012345679012346,0.1533333333333333,0.1014549044055546
SSE_COMPOSITE,2024-05-31,2024-06-07,True,2024-07-01,True,2024-08-26,True,0.0470205745341614,0.0137195910973084,0.0784258540372669,0.0927249484545348,0.0116872460925774,0.0776800021507992,0.0,0.0,2024-05-31,2024-06-28,False,0.0600199256589902,LOW_NETWORK_RISK,LOW_NETWORK_RISK,False,0.0903614457831325,0.0304878048780487,0.0592105263157894,0.0244500111012968
SSE_COMPOSITE,2024-06-28,2024-07-05,True,2024-07-26,True,2024-09-24,True,0.0367933373595684,0.0157089899599935,0.0977374116202481,0.1101619806840896,0.0164798834094634,0.0876457619895876,0.0,0.0,2024-06-28,2024-07-31,False,0.0311440567464663,LOW_NETWORK_RISK,LOW_NETWORK_RISK,False,0.0178571428571428,0.0301204819277108,0.0454545454545454,0.011289816549675
SSE_COMPOSITE,2024-07-31,2024-08-07,True,2024-08-28,True,2024-11-01,True,0.034477243726074,0.0265589111016589,0.0918109451025566,0.0850310867336652,0.0153648110031873,0.0793531783962203,0.0,0.0,2024-07-31,2024-08-30,False,0.0425249587014292,LOW_NETWORK_RISK,LOW_NETWORK_RISK,False,0.0529411764705882,0.0297619047619047,0.0448717948717948,0.0096073024047386
SSE_COMPOSITE,2024-08-30,2024-09-06,True,2024-10-08,True,2024-12-03,True,0.0485959869256669,0.0268804908856137,0.0918109451025566,0.3708743959500172,0.0109668180746672,0.074712990708886,0.0,0.0,2024-08-30,2024-09-30,False,0.4447618140573863,MID_NETWORK_RISK,LOW_NETWORK_RISK,True,0.3895348837209302,0.3941176470588235,0.5506329113924051,0.0748855454149577
SSE_COMPOSITE,2024-09-30,2024-10-14,True,2024-11-04,True,2024-12-30,True,0.0918109451025566,0.07795333803277,0.0918109451025566,0.352077029660157,0.0661703603092458,0.2745775733114394,0.0,0.0,2024-09-30,2024-10-31,False,0.6307621625233895,MID_NETWORK_RISK,MID_NETWORK_RISK,False,0.7758620689655172,0.4476744186046512,0.66875,0.1366481864971956
SSE_COMPOSITE,2024-10-31,2024-11-07,True,2024-11-28,True,2025-01-24,True,0.0607665400817134,0.002381228238135,0.0892913739749787,0.2071541971700164,0.030622478044149,0.1463212443831276,0.0,0.0,2024-10-31,2024-11-29,False,0.2703060296451101,LOW_NETWORK_RISK,MID_NETWORK_RISK,True,0.5056818181818182,0.2126436781609195,0.0925925925925925,0.1735019445779427
SSE_COMPOSITE,2024-11-29,2024-12-06,True,2024-12-27,True,2025-03-04,True,0.0318474649718329,0.0041908245802515,0.086881409793442,0.1157524164591972,0.0201126679185323,0.0807101628537282,0.0,0.0,2024-11-29,2024-12-31,False,0.25929218881055,LOW_NETWORK_RISK,LOW_NETWORK_RISK,False,0.5224719101123596,0.1761363636363636,0.0792682926829268,0.1902516405026662
SSE_COMPOSITE,2024-12-31,2025-01-08,True,2025-02-06,True,2025-04-03,True,0.0569849869919086,0.0432131178843354,0.0569849869919086,0.1676293124590905,0.0266128839773731,0.1287134022248156,0.0,0.0,2024-12-31,2025-01-27,False,0.0326371653906512,LOW_NETWORK_RISK,LOW_NETWORK_RISK,False,0.0388888888888888,0.0168539325842696,0.0421686746987951,0.0112404649104636
SSE_COMPOSITE,2025-01-27,2025-02-11,True,2025-03-04,True,2025-04-30,True,0.0209943153308973,0.006494185688796,0.0971438234745288,0.1244842717312089,0.0198225533195988,0.0876611105753579,0.0,0.0,2025-01-27,2025-02-28,False,0.0509666259666259,LOW_NETWORK_RISK,LOW_NETWORK_RISK,False,0.0604395604395604,0.0388888888888888,0.0535714285714285,0.0089887562554086
SSE_COMPOSITE,2025-02-28,2025-03-07,True,2025-03-28,True,2025-05-29,True,0.0228733205821982,0.002528762828665,0.0971438234745288,0.0998309819725437,0.0129424016192668,0.0584401191683086,0.0,0.0,2025-02-28,2025-03-31,False,0.1658176648585856,LOW_NETWORK_RISK,LOW_NETWORK_RISK,False,0.1141304347826086,0.2362637362637362,0.1470588235294117,0.0515949379214656
SSE_COMPOSITE,2025-03-31,2025-04-08,True,2025-04-29,True,2025-06-30,True,0.0756836301874853,0.0756836301874853,0.0756836301874853,0.2768935768850859,0.0734378412990985,0.2609916082426926,0.0,0.0,2025-03-31,2025-04-30,False,0.1269533868974489,LOW_NETWORK_RISK,LOW_NETWORK_RISK,False,0.1236559139784946,0.1467391304347826,0.1104651162790697,0.0149912423652531
SSE_COMPOSITE,2025-04-30,2025-05-12,True,2025-06-03,True,2025-07-29,True,0.0188075618031992,0.0029832935560859,0.0188075618031992,0.0861412068822072,0.00941367201252,0.048954955732198,0.0,0.0,2025-04-30,2025-05-30,False,0.1357096274557756,LOW_NETWORK_RISK,LOW_NETWORK_RISK,False,0.1542553191489361,0.1666666666666666,0.0862068965517241,0.0353685421622159
SSE_COMPOSITE,2025-05-30,2025-06-09,True,2025-06-30,True,2025-08-25,True,0.0125666390412205,0.0,0.0154243138296107,0.0845333584348769,0.0078788719343958,0.0493046062341834,0.0,0.0,2025-05-30,2025-06-30,False,0.155470579252774,LOW_NETWORK_RISK,LOW_NETWORK_RISK,False,0.2368421052631578,0.1329787234042553,0.096590909090909,0.0594250911740686
SSE_COMPOSITE,2025-06-30,2025-07-07,True,2025-07-28,True,2025-09-22,True,0.0045089710624636,0.0008560480080977,0.0303020939550309,0.0521891747591887,0.0041623456877815,0.019760050682227,0.0,0.0,2025-06-30,2025-07-31,False,0.6566883911557921,MID_NETWORK_RISK,LOW_NETWORK_RISK,True,0.5572916666666666,0.7105263157894737,0.702247191011236,0.0703653210331564
SSE_COMPOSITE,2025-07-31,2025-08-07,True,2025-08-28,True,2025-10-31,True,0.021426217182173,0.0037109489786495,0.0303020939550309,0.1191201648174375,0.0175861730233327,0.0674684328247273,0.0,0.0,2025-07-31,2025-08-29,False,0.2353605861015655,LOW_NETWORK_RISK,MID_NETWORK_RISK,True,0.1494845360824742,0.3177083333333333,0.2388888888888889,0.0687223795707231
SSE_COMPOSITE,2025-08-29,2025-09-05,True,2025-09-26,True,2025-12-01,True,0.0282929044543585,0.0282929044543585,0.0482963146792406,0.1167470533701584,0.0125027533328437,0.0818839209728244,0.0,0.0,2025-08-29,2025-09-30,False,0.5968200920336414,MID_NETWORK_RISK,LOW_NETWORK_RISK,True,0.6275510204081632,0.6958762886597938,0.467032967032967,0.0959187466291819
SSE_COMPOSITE,2025-09-30,2025-10-15,True,2025-11-05,True,2025-12-31,True,0.0239478186158001,0.017473442857978,0.0507978657401663,0.1353077422842074,0.0195264323086232,0.0906889064700592,0.0,0.0,2025-09-30,2025-10-31,False,0.4863471299806703,MID_NETWORK_RISK,MID_NETWORK_RISK,False,0.4595959595959596,0.3418367346938775,0.657608695652174,0.1302937749077722
SSE_COMPOSITE,2025-10-31,2025-11-07,True,2025-11-28,True,2026-01-27,True,0.0482963146792406,0.0041066057759044,0.0507978657401663,0.119483241811983,0.0244616578267893,0.1026753262736255,0.0,0.0,2025-10-31,2025-11-28,False,0.2065640273704789,LOW_NETWORK_RISK,MID_NETWORK_RISK,True,0.215,0.2272727272727272,0.1774193548387097,0.0212087075107644
SSE_COMPOSITE,2025-11-28,2025-12-05,True,2025-12-26,True,2026-03-04,True,0.0252976493853336,0.0097649213977482,0.0359014618429929,0.0899454815346956,0.0111455252435417,0.0578352409743716,0.0,0.0,2025-11-28,2025-12-31,False,0.0559226880134821,LOW_NETWORK_RISK,LOW_NETWORK_RISK,False,0.0742574257425742,0.035,0.0585106382978723,0.0161309120219386
SSE_COMPOSITE,2025-12-31,2026-01-09,True,2026-01-30,True,2026-04-07,True,0.0152162274415467,0.0006828578211696,0.0882969643211503,0.096780208737731,0.009627270934444,0.045079115005055,0.0,0.0,2025-12-31,2026-01-30,False,0.5071662119772348,MID_NETWORK_RISK,LOW_NETWORK_RISK,True,0.3970588235294117,0.5297029702970297,0.5947368421052631,0.0822600707662078
SSE_COMPOSITE,2026-01-30,2026-02-06,True,2026-03-09,True,2026-05-08,True,0.0248181740914774,0.0248181740914774,0.0882969643211503,0.1517705790594678,0.0248181740914774,0.1212299038115004,0.0,0.0,2026-01-30,2026-02-27,False,0.3053304857541722,LOW_NETWORK_RISK,MID_NETWORK_RISK,True,0.4126213592233009,0.2794117647058823,0.2239583333333333,0.0791718359438251
SSE_COMPOSITE,2026-02-27,2026-03-06,True,2026-03-27,True,2026-05-28,True,0.0882969643211503,0.023937321133556,0.0882969643211503,0.1864466936399701,0.0363326215236097,0.1693491236855214,0.0,0.0,2026-02-27,2026-03-31,False,0.0779825240152034,LOW_NETWORK_RISK,LOW_NETWORK_RISK,False,0.0528846153846153,0.0728155339805825,0.1082474226804123,0.0228951733986487
SSE_COMPOSITE,2026-03-31,2026-04-08,True,2026-04-29,True,2026-06-30,True,0.0173354775803776,0.0173354775803776,0.0667590634921756,0.129549976756009,0.0099992600700636,0.0540939281117751,0.0,0.0,2026-03-31,2026-04-30,False,0.1498364730507587,LOW_NETWORK_RISK,LOW_NETWORK_RISK,False,0.2714285714285714,0.0913461538461538,0.086734693877551,0.085999206126957
SSE_COMPOSITE,2026-04-30,2026-05-12,True,2026-06-02,True,2026-07-29,True,0.0435655746398998,0.0024922958944574,0.1127665542348151,0.1407122043331299,0.0203979645282039,0.1111903049372808,0.0,0.0,2026-04-30,2026-05-29,False,0.0856702696325337,LOW_NETWORK_RISK,LOW_NETWORK_RISK,False,0.0896226415094339,0.0714285714285714,0.0959595959595959,0.010397394664864
SSE_COMPOSITE,2026-05-29,2026-06-05,True,2026-06-29,True,2026-08-24,True,0.032629530878432,0.0137684654882381,0.0958300305061132,0.1653359007319475,0.0225761356024346,0.1191727610296097,0.0,0.0,2026-05-29,2026-06-30,False,0.0493707752894845,LOW_NETWORK_RISK,LOW_NETWORK_RISK,False,0.0700934579439252,0.0330188679245283,0.045,0.0154479570116346
SSE_COMPOSITE,2026-06-30,2026-07-07,True,2026-07-28,True,2026-09-22,True,0.0846940388332988,0.0297170786270958,0.0846940388332988,0.2124928910050735,0.0304604614144307,0.1876896258940776,0.0,0.0,2026-06-30,2026-07-31,False,0.0232695258103172,LOW_NETWORK_RISK,LOW_NETWORK_RISK,False,0.0601851851851851,0.0046728971962616,0.0049504950495049,0.0261035590862368
SSE_COMPOSITE,2026-07-31,2026-08-07,True,2026-08-28,True,,False,0.0271383104027266,0.0058973034188704,,0.1367170390905739,0.0240282685512367,0.0966083518805181,0.0,0.0,2026-07-31,2026-08-31,False,0.824552943841485,HIGH_NETWORK_RISK,LOW_NETWORK_RISK,True,0.9036697247706422,0.8101851851851852,0.7598039215686274,0.0596051826569047
SSE_COMPOSITE,2026-08-31,2026-09-07,True,2026-09-29,True,,False,0.040809773474149,0.0140932694478589,,0.1077900188790382,0.0166522218821768,0.0973300886867439,0.0,0.0,2026-08-31,2026-09-03,False,0.0412319057682912,LOW_NETWORK_RISK,HIGH_NETWORK_RISK,True,0.1045454545454545,0.0045871559633027,0.0145631067961165,0.0449543026700326
SSE_COMPOSITE,2026-09-03,2026-09-10,True,,False,,False,,0.0043299903075026,,,,,,,2026-09-03,,True,0.1376690501690501,LOW_NETWORK_RISK,LOW_NETWORK_RISK,False,0.3288288288288288,0.0409090909090909,0.0432692307692307,0.1351738098350454
