signal_type,factor_order,factor_name,neutralization,window,target_name,regime_type,regime_value,month_count,sufficient_regime_months,first_date,last_date,mean_alpha_ic,median_alpha_ic,std_alpha_ic,positive_share,negative_share,naive_se,naive_t_stat,calendar_hac_lag,calendar_hac_se,calendar_hac_t_stat,mean_pair_n,full_sample_alpha_ic,same_sign_as_full_sample,abs_retention_vs_full
ALPHA_IC,1,residual_degree_percentile,RAW,60,future_excess_return,ALL_SAMPLE,ALL,136,True,2015-04-30,2026-07-31,0.001589046715305569,0.00015027825569360008,0.1027812297557128,0.5,0.5,0.008813417741155937,0.1802985813193912,4,0.007857825356032702,0.20222474327271822,3885.051470588235,0.001589046715305569,True,
ALPHA_IC,1,residual_degree_percentile,RAW,60,future_excess_return,TIME_SUBSAMPLE,P1_2015_2018,45,True,2015-04-30,2018-12-28,-0.021061779751283722,-0.0132904434175682,0.10516494996240275,0.4222222222222222,0.5777777777777777,0.015677065131086434,-1.343477211784992,3,0.013228176428841783,-1.5921907199061922,2586.0,0.001589046715305569,False,
ALPHA_IC,1,residual_degree_percentile,RAW,60,future_excess_return,MARKET_TREND,BULL,73,True,2015-04-30,2026-03-31,-0.00021731673732875182,0.0018114861004227,0.11061976701938675,0.5068493150684932,0.4931506849315068,0.012947064434517715,-0.016785020143204918,3,0.010341055780285357,-0.021014946824197002,3936.8082191780823,0.001589046715305569,False,
ALPHA_IC,1,residual_degree_percentile,INDUSTRY_SIZE_NEUTRAL,60,future_excess_return,ALL_SAMPLE,ALL,136,True,2015-04-30,2026-07-31,0.011060502327838794,0.00989267927941315,0.06923260547880022,0.5808823529411765,0.41911764705882354,0.005936646942671871,1.8630891199436663,4,0.00638653576524598,1.7318469252184316,3885.051470588235,0.011060502327838794,True,1.0
ALPHA_IC,1,residual_degree_percentile,INDUSTRY_SIZE_NEUTRAL,60,future_excess_return,TIME_SUBSAMPLE,P1_2015_2018,45,True,2015-04-30,2018-12-28,-0.00897571040833721,-0.0172858893928699,0.06571312685933756,0.4666666666666667,0.5333333333333333,0.009795934578103068,-0.9162689212319455,3,0.008458132226716455,-1.061192964090334,2586.0,0.011060502327838794,False,0.81151019567581
ALPHA_IC,1,residual_degree_percentile,INDUSTRY_SIZE_NEUTRAL,60,future_excess_return,MARKET_TREND,BULL,73,True,2015-04-30,2026-03-31,0.010308377534477884,0.0109985545987982,0.07449696253657156,0.5616438356164384,0.4383561643835616,0.008719209957907497,1.182260501151158,3,0.008605216789423142,1.1979218870055817,3936.8082191780823,0.011060502327838794,True,0.9319990384642979
ALPHA_IC,2,delta_degree_percentile,RAW,60,future_excess_return,ALL_SAMPLE,ALL,136,True,2015-04-30,2026-07-31,-0.05077493534682359,-0.048310800047408245,0.09558833680809753,0.3088235294117647,0.6911764705882353,0.008196632259357163,-6.194609412769448,4,0.007863647394631353,-6.456919136721276,3885.051470588235,-0.05077493534682359,True,1.0
ALPHA_IC,2,delta_degree_percentile,RAW,60,future_excess_return,TIME_SUBSAMPLE,P1_2015_2018,45,True,2015-04-30,2018-12-28,-0.05269855601411393,-0.0478246823465019,0.09835138882451963,0.28888888888888886,0.7111111111111111,0.014661359406209268,-3.594384023612124,3,0.017135251567798,-3.0754468824460957,2586.0,-0.05077493534682359,True,1.0378852410968296
ALPHA_IC,2,delta_degree_percentile,RAW,60,future_excess_return,MARKET_TREND,BULL,73,True,2015-04-30,2026-03-31,-0.05727001663596614,-0.0612643254360946,0.09772529414796854,0.2876712328767123,0.7123287671232876,0.011437880537157545,-5.007047979729857,3,0.00965415259100043,-5.9321640191758584,3936.8082191780823,-0.05077493534682359,True,1.1279190459776502
ALPHA_IC,2,delta_degree_percentile,INDUSTRY_SIZE_NEUTRAL,60,future_excess_return,ALL_SAMPLE,ALL,136,True,2015-04-30,2026-07-31,-0.03998431936279568,-0.0388253086881854,0.04240198965505581,0.19852941176470587,0.8014705882352942,0.003635940616534684,-10.99696710693357,4,0.003504173341610949,-11.410485573871174,3885.051470588235,-0.03998431936279568,True,1.0
ALPHA_IC,2,delta_degree_percentile,INDUSTRY_SIZE_NEUTRAL,60,future_excess_return,TIME_SUBSAMPLE,P1_2015_2018,45,True,2015-04-30,2018-12-28,-0.049919135905401923,-0.0533581640855815,0.04582691528270879,0.17777777777777778,0.8222222222222222,0.006831473184750723,-7.307228551644157,3,0.00660686189642352,-7.555649972405894,2586.0,-0.03998431936279568,True,1.248467816907503
ALPHA_IC,2,delta_degree_percentile,INDUSTRY_SIZE_NEUTRAL,60,future_excess_return,MARKET_TREND,BULL,73,True,2015-04-30,2026-03-31,-0.043486336592514135,-0.0390653243952798,0.043503794033254314,0.1780821917808219,0.821917808219178,0.0050917339610362655,-8.540575160699055,3,0.005221294869068717,-8.328649824036939,3936.8082191780823,-0.03998431936279568,True,1.0875847653662196
ALPHA_IC,3,cross_industry_degree_percentile,RAW,60,future_excess_return,ALL_SAMPLE,ALL,136,True,2015-04-30,2026-07-31,0.006189659816330623,0.0058585087302818,0.10125315038922544,0.5147058823529411,0.4852941176470588,0.008682386016486915,0.712898482580379,4,0.00833152030688618,0.742920810168912,3885.051470588235,0.006189659816330623,True,1.0
ALPHA_IC,3,cross_industry_degree_percentile,RAW,60,future_excess_return,TIME_SUBSAMPLE,P1_2015_2018,45,True,2015-04-30,2018-12-28,-0.019963522121879483,-0.0224919095616363,0.09813967647396989,0.4222222222222222,0.5777777777777777,0.014629799192375567,-1.3645793670417312,3,0.013296622561587632,-1.5013979700041824,2586.0,0.006189659816330623,False,3.2253019898134454
ALPHA_IC,3,cross_industry_degree_percentile,RAW,60,future_excess_return,MARKET_TREND,BULL,73,True,2015-04-30,2026-03-31,0.008545946679141837,0.0094811278531253,0.11015967414296908,0.547945205479452,0.4520547945205479,0.012893214636445023,0.6628251309014247,3,0.011254043778596156,0.7593667527218264,3936.8082191780823,0.006189659816330623,True,1.3806811574029405
ALPHA_IC,3,cross_industry_degree_percentile,INDUSTRY_SIZE_NEUTRAL,60,future_excess_return,ALL_SAMPLE,ALL,136,True,2015-04-30,2026-07-31,0.010895633136833865,0.01368885067483235,0.06449334174137011,0.5808823529411765,0.41911764705882354,0.00553025842987864,1.970185168556936,4,0.006106698600880588,1.7842100697851226,3885.051470588235,0.010895633136833865,True,1.0
ALPHA_IC,3,cross_industry_degree_percentile,INDUSTRY_SIZE_NEUTRAL,60,future_excess_return,TIME_SUBSAMPLE,P1_2015_2018,45,True,2015-04-30,2018-12-28,-0.009094610790311613,-0.0067267703847002,0.06354753708275657,0.4666666666666667,0.5333333333333333,0.009473107514648823,-0.9600451357960501,3,0.008736204915290353,-1.0410253512247598,2586.0,0.010895633136833865,False,0.8347023689303835
ALPHA_IC,3,cross_industry_degree_percentile,INDUSTRY_SIZE_NEUTRAL,60,future_excess_return,MARKET_TREND,BULL,73,True,2015-04-30,2026-03-31,0.01080074576132871,0.0158756834334885,0.06896299913508072,0.5753424657534246,0.4246575342465753,0.008071508532855608,1.3381322360452896,3,0.008058737324859656,1.3402528616996219,3936.8082191780823,0.010895633136833865,True,0.9912912472076195
ALPHA_IC,4,cross_industry_degree_ratio,RAW,60,future_excess_return,ALL_SAMPLE,ALL,136,True,2015-04-30,2026-07-31,0.009637533096226194,0.010356975498498,0.07282588216372851,0.5441176470588235,0.45588235294117646,0.006244767876417255,1.5432972509068559,4,0.005780188554329804,1.6673388775539066,3813.176470588235,0.009637533096226194,True,1.0
ALPHA_IC,4,cross_industry_degree_ratio,RAW,60,future_excess_return,TIME_SUBSAMPLE,P1_2015_2018,45,True,2015-04-30,2018-12-28,0.006359652534140941,-0.0091022725128249,0.08046796259587168,0.4666666666666667,0.5333333333333333,0.011995455625018633,0.5301718194744323,3,0.012062930839585106,0.5272062501818734,2553.822222222222,0.009637533096226194,True,0.6598838593489463
ALPHA_IC,4,cross_industry_degree_ratio,RAW,60,future_excess_return,MARKET_TREND,BULL,73,True,2015-04-30,2026-03-31,0.018603815479942647,0.0203065790834108,0.06978445844077007,0.6301369863013698,0.3698630136986301,0.008167653072368426,2.277743106263937,3,0.007756658921658112,2.3984315499547297,3904.178082191781,0.009637533096226194,True,1.9303503598060188
ALPHA_IC,4,cross_industry_degree_ratio,INDUSTRY_SIZE_NEUTRAL,60,future_excess_return,ALL_SAMPLE,ALL,136,True,2015-04-30,2026-07-31,-0.0006697582336243495,-0.0004912554887832,0.03778965454817586,0.49264705882352944,0.5073529411764706,0.0032404361440181665,-0.2066876814902589,4,0.0027908374654517245,-0.2399846791206605,3813.176470588235,-0.0006697582336243495,True,
ALPHA_IC,4,cross_industry_degree_ratio,INDUSTRY_SIZE_NEUTRAL,60,future_excess_return,TIME_SUBSAMPLE,P1_2015_2018,45,True,2015-04-30,2018-12-28,-0.000840256987652564,-0.0006862868176388,0.04189392263868524,0.4888888888888889,0.5111111111111111,0.006245177257614503,-0.13454493811653964,3,0.005246522786274498,-0.16015502493399478,2553.822222222222,-0.0006697582336243495,True,
ALPHA_IC,4,cross_industry_degree_ratio,INDUSTRY_SIZE_NEUTRAL,60,future_excess_return,MARKET_TREND,BULL,73,True,2015-04-30,2026-03-31,0.0014792148464038112,0.0020699313512971,0.037800397193860094,0.5205479452054794,0.4794520547945205,0.004424201852038781,0.33434614781921684,3,0.004287572432525206,0.34500054977091404,3904.178082191781,-0.0006697582336243495,False,
ALPHA_IC,9,outside_community_degree_percentile,RAW,60,future_excess_return,ALL_SAMPLE,ALL,136,True,2015-04-30,2026-07-31,0.012553241272110226,0.0137012206081726,0.12073905764016908,0.5514705882352942,0.4485294117647059,0.01035328877836441,1.2124882769949512,4,0.008675565033220018,1.4469652667050519,3885.051470588235,0.012553241272110226,True,1.0
ALPHA_IC,9,outside_community_degree_percentile,RAW,60,future_excess_return,TIME_SUBSAMPLE,P1_2015_2018,45,True,2015-04-30,2018-12-28,0.00024113194453509085,0.0023267412519718,0.11185760663995511,0.5111111111111111,0.4888888888888889,0.016674747483158097,0.014460905316775562,3,0.016726010924195216,0.014416584183039035,2586.0,0.012553241272110226,True,0.019208739743640416
ALPHA_IC,9,outside_community_degree_percentile,RAW,60,future_excess_return,MARKET_TREND,BULL,73,True,2015-04-30,2026-03-31,0.01922645913827587,0.0305253803123427,0.11438215400617982,0.5753424657534246,0.4246575342465753,0.013387418523647769,1.4361588161536833,3,0.010191744789080215,1.886473762458785,3936.8082191780823,0.012553241272110226,True,1.5315932133792138
ALPHA_IC,9,outside_community_degree_percentile,INDUSTRY_SIZE_NEUTRAL,60,future_excess_return,ALL_SAMPLE,ALL,136,True,2015-04-30,2026-07-31,0.016248613235090983,0.0137898156375073,0.07114094367631714,0.5882352941176471,0.4117647058823529,0.00610028559309565,2.663582382680786,4,0.005495246614291802,2.95684877778411,3885.051470588235,0.016248613235090983,True,1.0
ALPHA_IC,9,outside_community_degree_percentile,INDUSTRY_SIZE_NEUTRAL,60,future_excess_return,TIME_SUBSAMPLE,P1_2015_2018,45,True,2015-04-30,2018-12-28,0.00904731730367361,0.0070663741653201,0.06637622363787067,0.5333333333333333,0.4666666666666667,0.00989478320960048,0.9143522512848375,3,0.010056131059468574,0.899681721545873,2586.0,0.016248613235090983,True,0.5568055053544358
ALPHA_IC,9,outside_community_degree_percentile,INDUSTRY_SIZE_NEUTRAL,60,future_excess_return,MARKET_TREND,BULL,73,True,2015-04-30,2026-03-31,0.018152883811823475,0.0172136729267463,0.069418275940897,0.6027397260273972,0.3972602739726027,0.008124794652500135,2.2342575521262593,3,0.00664499817067401,2.73181170943531,3936.8082191780823,0.016248613235090983,True,1.1171958830689608
ALPHA_IC,5,delta_residual_degree_percentile_1m,RAW,60,future_excess_return,ALL_SAMPLE,ALL,135,True,2015-05-29,2026-07-31,0.008511481167577974,0.0050530083042589,0.0514173876924786,0.5333333333333333,0.4666666666666667,0.00442530413863244,1.9233663723299008,4,0.004772410669440523,1.783476267472134,3839.8962962962964,0.008511481167577974,True,1.0
ALPHA_IC,5,delta_residual_degree_percentile_1m,RAW,60,future_excess_return,TIME_SUBSAMPLE,P1_2015_2018,44,True,2015-05-29,2018-12-28,-0.008369646659252385,-0.0064391538530546005,0.03995863694920099,0.38636363636363635,0.6136363636363636,0.006023991177024148,-1.3893856105192688,3,0.005174707528100569,-1.6174144362366605,2482.2954545454545,0.008511481167577974,False,0.9833360956180146
ALPHA_IC,5,delta_residual_degree_percentile_1m,RAW,60,future_excess_return,MARKET_TREND,BULL,72,True,2015-05-29,2026-03-31,0.00552254521879773,0.00391898564284185,0.053139205863412524,0.5138888888888888,0.4861111111111111,0.006262515468814491,0.881841369701744,3,0.006264497247402918,0.8815623984968977,3909.4305555555557,0.008511481167577974,True,0.6488348044326608
ALPHA_IC,5,delta_residual_degree_percentile_1m,INDUSTRY_SIZE_NEUTRAL,60,future_excess_return,ALL_SAMPLE,ALL,135,True,2015-05-29,2026-07-31,0.007306474945740254,0.006533369974773,0.03456036548239921,0.5777777777777777,0.4222222222222222,0.0029744826656038625,2.4563851153783527,4,0.0035069533907765016,2.0834251646904467,3839.8962962962964,0.007306474945740254,True,1.0
ALPHA_IC,5,delta_residual_degree_percentile_1m,INDUSTRY_SIZE_NEUTRAL,60,future_excess_return,TIME_SUBSAMPLE,P1_2015_2018,44,True,2015-05-29,2018-12-28,-0.005077547477628889,-0.0075826735443940505,0.034381972258717766,0.4318181818181818,0.5681818181818182,0.005183277342480681,-0.9796017349900882,3,0.004388071703064523,-1.1571250018733406,2482.2954545454545,0.007306474945740254,False,0.6949380536217603
ALPHA_IC,5,delta_residual_degree_percentile_1m,INDUSTRY_SIZE_NEUTRAL,60,future_excess_return,MARKET_TREND,BULL,72,True,2015-05-29,2026-03-31,0.0067620026033030035,0.0063880813982615005,0.034769992626420526,0.5694444444444444,0.4305555555555556,0.004097682927991369,1.6502015217213621,3,0.004408928473889615,1.5337065782193275,3909.4305555555557,0.007306474945740254,True,0.9254808445275402
ALPHA_IC,6,delta_cross_industry_degree_percentile_1m,RAW,60,future_excess_return,ALL_SAMPLE,ALL,135,True,2015-05-29,2026-07-31,0.010319540785240467,0.0123201230946975,0.048280268119581485,0.6,0.4,0.004155303875057066,2.4834623641330555,4,0.004602728996959735,2.2420483135237568,3839.8962962962964,0.010319540785240467,True,1.0
ALPHA_IC,6,delta_cross_industry_degree_percentile_1m,RAW,60,future_excess_return,TIME_SUBSAMPLE,P1_2015_2018,44,True,2015-05-29,2018-12-28,-0.00827491828894552,-0.00885465541588625,0.03946674448501858,0.45454545454545453,0.5454545454545454,0.005949835597892495,-1.390780997692877,3,0.005450164037837299,-1.5182879325278296,2482.2954545454545,0.010319540785240467,False,0.8018688487360532
ALPHA_IC,6,delta_cross_industry_degree_percentile_1m,RAW,60,future_excess_return,MARKET_TREND,BULL,72,True,2015-05-29,2026-03-31,0.007345321782560631,0.01203118366358105,0.05080377832121928,0.5972222222222222,0.4027777777777778,0.005987282693472045,1.22682060604375,3,0.006343536696487604,1.1579221708653018,3909.4305555555557,0.010319540785240467,True,0.7117876594922019
ALPHA_IC,6,delta_cross_industry_degree_percentile_1m,INDUSTRY_SIZE_NEUTRAL,60,future_excess_return,ALL_SAMPLE,ALL,135,True,2015-05-29,2026-07-31,0.008119385314345235,0.0074618232212482,0.03297750113973154,0.6074074074074074,0.3925925925925926,0.0028382513936381416,2.8606998423552623,4,0.003406616324587921,2.3834164287131427,3839.8962962962964,0.008119385314345235,True,1.0
ALPHA_IC,6,delta_cross_industry_degree_percentile_1m,INDUSTRY_SIZE_NEUTRAL,60,future_excess_return,TIME_SUBSAMPLE,P1_2015_2018,44,True,2015-05-29,2018-12-28,-0.0038372996221011607,-0.0074895807622475,0.03533741902389282,0.4318181818181818,0.5681818181818182,0.005327316361900884,-0.7203063158674403,3,0.005001628492346893,-0.7672100452827917,2482.2954545454545,0.008119385314345235,False,0.4726096217310274
ALPHA_IC,6,delta_cross_industry_degree_percentile_1m,INDUSTRY_SIZE_NEUTRAL,60,future_excess_return,MARKET_TREND,BULL,72,True,2015-05-29,2026-03-31,0.006451539317718659,0.00656393043524335,0.03300126430843479,0.5972222222222222,0.4027777777777778,0.00388923629670397,1.6588190651172767,3,0.004257293528024851,1.515408621756888,3909.4305555555557,0.008119385314345235,True,0.7945846967405469
ALPHA_IC,7,neighbor_jaccard_1m,RAW,60,future_excess_return,ALL_SAMPLE,ALL,135,True,2015-05-29,2026-07-31,0.0009102697031392191,0.003045942355558,0.0788084605269872,0.5185185185185185,0.48148148148148145,0.0067827523369170225,0.13420358844370922,4,0.006286116268566653,0.1448063739595413,3818.296296296296,0.0009102697031392191,True,
ALPHA_IC,7,neighbor_jaccard_1m,RAW,60,future_excess_return,TIME_SUBSAMPLE,P1_2015_2018,44,True,2015-05-29,2018-12-28,-0.006380180307146016,0.00562774977222345,0.08185683469234457,0.5227272727272727,0.4772727272727273,0.012340382145484271,-0.517016428821106,3,0.011589219249465854,-0.550527189951996,2473.340909090909,0.0009102697031392191,False,
ALPHA_IC,7,neighbor_jaccard_1m,RAW,60,future_excess_return,MARKET_TREND,BULL,72,True,2015-05-29,2026-03-31,-0.002332967083593004,0.0063380149645265,0.0746958854798417,0.5555555555555556,0.4444444444444444,0.00880299452492164,-0.26501971312015227,3,0.007220731563355958,-0.3230928975995222,3903.5833333333335,0.0009102697031392191,False,
ALPHA_IC,7,neighbor_jaccard_1m,INDUSTRY_SIZE_NEUTRAL,60,future_excess_return,ALL_SAMPLE,ALL,135,True,2015-05-29,2026-07-31,0.01011719944717235,0.0097859031609476,0.0496490885221889,0.6074074074074074,0.3925925925925926,0.004273113177795898,2.3676413486410093,4,0.004475642833276116,2.2605019712367627,3818.296296296296,0.01011719944717235,True,1.0
ALPHA_IC,7,neighbor_jaccard_1m,INDUSTRY_SIZE_NEUTRAL,60,future_excess_return,TIME_SUBSAMPLE,P1_2015_2018,44,True,2015-05-29,2018-12-28,0.0032707324843142117,-0.006037563289395051,0.053287021655397934,0.4772727272727273,0.5227272727272727,0.008033320773931719,0.40714575906489403,3,0.0073134643584046736,0.4472206773737084,2473.340909090909,0.01011719944717235,True,0.32328437344668015
ALPHA_IC,7,neighbor_jaccard_1m,INDUSTRY_SIZE_NEUTRAL,60,future_excess_return,MARKET_TREND,BULL,72,True,2015-05-29,2026-03-31,0.010468474893334457,0.0136484663595157,0.04933309696802948,0.6527777777777778,0.3472222222222222,0.00581396123383786,1.8005752828909216,3,0.006024091037018149,1.7377683751798385,3903.5833333333335,0.01011719944717235,True,1.0347206208591928
ALPHA_IC,8,neighbor_retention_1m,RAW,60,future_excess_return,ALL_SAMPLE,ALL,135,True,2015-05-29,2026-07-31,0.005112226131812955,0.0011370171807636,0.07711370549740587,0.5185185185185185,0.48148148148148145,0.006636891047906584,0.7702742285373901,4,0.005305209807003474,0.9636237430354292,3775.8814814814814,0.005112226131812955,True,1.0
ALPHA_IC,8,neighbor_retention_1m,RAW,60,future_excess_return,TIME_SUBSAMPLE,P1_2015_2018,44,True,2015-05-29,2018-12-28,-0.007028367691562908,-0.00263551236332185,0.07514290442840822,0.4772727272727273,0.5227272727272727,0.011328219074843876,-0.6204300645253695,3,0.01016373325893148,-0.6915143788712343,2449.318181818182,0.005112226131812955,False,1.3748154933573782
ALPHA_IC,8,neighbor_retention_1m,RAW,60,future_excess_return,MARKET_TREND,BULL,72,True,2015-05-29,2026-03-31,0.0017696928058496392,-0.0016745695836925501,0.07807457305555211,0.5,0.5,0.009201176674304236,0.1923333143674755,3,0.007444216930044738,0.2377271944759143,3869.5555555555557,0.005112226131812955,True,0.3461687257605819
ALPHA_IC,8,neighbor_retention_1m,INDUSTRY_SIZE_NEUTRAL,60,future_excess_return,ALL_SAMPLE,ALL,135,True,2015-05-29,2026-07-31,0.01298881957898473,0.0106643098878856,0.05034052087581806,0.6222222222222222,0.37777777777777777,0.004332622199810003,2.9979118833749974,4,0.004435829841608542,2.9281600157761374,3775.8814814814814,0.01298881957898473,True,1.0
ALPHA_IC,8,neighbor_retention_1m,INDUSTRY_SIZE_NEUTRAL,60,future_excess_return,TIME_SUBSAMPLE,P1_2015_2018,44,True,2015-05-29,2018-12-28,0.000723698230980593,-0.004732952067429,0.050854303314680646,0.4772727272727273,0.5227272727272727,0.007666574684987391,0.0943965539653232,3,0.007325754044256951,0.09878822393005927,2449.318181818182,0.01298881957898473,True,0.05571701312654316
ALPHA_IC,8,neighbor_retention_1m,INDUSTRY_SIZE_NEUTRAL,60,future_excess_return,MARKET_TREND,BULL,72,True,2015-05-29,2026-03-31,0.013128896547328607,0.0103353232392727,0.05231794041963605,0.625,0.375,0.00616572840807307,2.129334229210995,3,0.006482214066289494,2.025372259087359,3869.5555555555557,0.01298881957898473,True,1.0107844263670052
ALPHA_IC,1,residual_degree_percentile,RAW,120,future_excess_return,ALL_SAMPLE,ALL,133,True,2015-07-31,2026-07-31,-0.0009701395968103528,0.0137417467355818,0.10682822037899559,0.5338345864661654,0.46616541353383456,0.009263181491714683,-0.10473071240999433,4,0.0076375051481924585,-0.12702310217623256,3855.872180451128,-0.0009701395968103528,True,
ALPHA_IC,1,residual_degree_percentile,RAW,120,future_excess_return,TIME_SUBSAMPLE,P1_2015_2018,42,True,2015-07-31,2018-12-28,-0.008250509080080065,0.010659589394188651,0.11876542386843753,0.5238095238095238,0.47619047619047616,0.018325902762567698,-0.4502102399524061,3,0.016638122818642926,-0.49587980387038705,2480.4761904761904,-0.0009701395968103528,True,
ALPHA_IC,1,residual_degree_percentile,RAW,120,future_excess_return,MARKET_TREND,BULL,70,True,2015-07-31,2026-03-31,0.004078417169813252,0.01995242949389825,0.10638125797024152,0.5571428571428572,0.44285714285714284,0.012714992302301515,0.32075655830912503,3,0.009411662208906116,0.4333365434592315,3961.842857142857,-0.0009701395968103528,False,
ALPHA_IC,1,residual_degree_percentile,INDUSTRY_SIZE_NEUTRAL,120,future_excess_return,ALL_SAMPLE,ALL,133,True,2015-07-31,2026-07-31,0.01253447248684205,0.010217653406782,0.06794700932320057,0.556390977443609,0.44360902255639095,0.005891752918349554,2.127460648901976,4,0.005564741939560395,2.2524804605462534,3855.872180451128,0.01253447248684205,True,1.0
ALPHA_IC,1,residual_degree_percentile,INDUSTRY_SIZE_NEUTRAL,120,future_excess_return,TIME_SUBSAMPLE,P1_2015_2018,42,True,2015-07-31,2018-12-28,0.002486022763368823,-0.0038257353208714,0.06987073432421462,0.4523809523809524,0.5476190476190477,0.010781288370537635,0.23058679797142384,3,0.008451967191441619,0.2941354015058347,2480.4761904761904,0.01253447248684205,True,0.1983348534195199
ALPHA_IC,1,residual_degree_percentile,INDUSTRY_SIZE_NEUTRAL,120,future_excess_return,MARKET_TREND,BULL,70,True,2015-07-31,2026-03-31,0.017574609625781463,0.016800958765809948,0.06901856433747525,0.6,0.4,0.008249296267133692,2.1304374405609696,3,0.0073884206728443156,2.3786693265011096,3961.842857142857,0.01253447248684205,True,1.4021020544925404
ALPHA_IC,2,delta_degree_percentile,RAW,120,future_excess_return,ALL_SAMPLE,ALL,133,True,2015-07-31,2026-07-31,-0.0461150159053922,-0.0415901421717275,0.10769734911271908,0.3157894736842105,0.6842105263157895,0.009338544510695835,-4.938137399524594,4,0.009005386472659794,-5.1208258574350625,3855.872180451128,-0.0461150159053922,True,1.0
ALPHA_IC,2,delta_degree_percentile,RAW,120,future_excess_return,TIME_SUBSAMPLE,P1_2015_2018,42,True,2015-07-31,2018-12-28,-0.026553866779660845,-0.0203022390744396,0.10861290205784882,0.40476190476190477,0.5952380952380952,0.01675933463663066,-1.58442249381562,3,0.018791685145756118,-1.4130646918409935,2480.4761904761904,-0.0461150159053922,True,0.5758182287985705
ALPHA_IC,2,delta_degree_percentile,RAW,120,future_excess_return,MARKET_TREND,BULL,70,True,2015-07-31,2026-03-31,-0.04894094383333364,-0.0567689836601249,0.11217280574193123,0.2857142857142857,0.7142857142857143,0.013407214661206554,-3.650343868584655,3,0.011635472411672622,-4.206184510758363,3961.842857142857,-0.0461150159053922,True,1.0612799946494436
ALPHA_IC,2,delta_degree_percentile,INDUSTRY_SIZE_NEUTRAL,120,future_excess_return,ALL_SAMPLE,ALL,133,True,2015-07-31,2026-07-31,-0.03486298478356557,-0.0357940595926581,0.04707022690394444,0.2706766917293233,0.7293233082706767,0.004081506301617267,-8.5416956895917,4,0.0037358367385316397,-9.332041848613645,3855.872180451128,-0.03486298478356557,True,1.0
ALPHA_IC,2,delta_degree_percentile,INDUSTRY_SIZE_NEUTRAL,120,future_excess_return,TIME_SUBSAMPLE,P1_2015_2018,42,True,2015-07-31,2018-12-28,-0.027695624802110467,-0.02616784203334835,0.047493967484721546,0.30952380952380953,0.6904761904761905,0.007328478285883203,-3.7791781215290436,3,0.005875269599029815,-4.713932583907955,2480.4761904761904,-0.03486298478356557,True,0.7944134724565005
ALPHA_IC,2,delta_degree_percentile,INDUSTRY_SIZE_NEUTRAL,120,future_excess_return,MARKET_TREND,BULL,70,True,2015-07-31,2026-03-31,-0.039545767645942115,-0.0404128396794831,0.04729833289919621,0.21428571428571427,0.7857142857142857,0.0056532320654941485,-6.995249299479346,3,0.005279157768003581,-7.490923625284481,3961.842857142857,-0.03486298478356557,True,1.1343196198331247
ALPHA_IC,3,cross_industry_degree_percentile,RAW,120,future_excess_return,ALL_SAMPLE,ALL,133,True,2015-07-31,2026-07-31,0.002819980567671581,0.0113641786951276,0.10232680482201074,0.5413533834586466,0.45864661654135336,0.00887285926107143,0.31782095091307216,4,0.007852527652322052,0.35911755966089354,3855.872180451128,0.002819980567671581,True,
ALPHA_IC,3,cross_industry_degree_percentile,RAW,120,future_excess_return,TIME_SUBSAMPLE,P1_2015_2018,42,True,2015-07-31,2018-12-28,-0.008448840297820316,0.00962939756476645,0.10905482699893752,0.5238095238095238,0.47619047619047616,0.016827525135472445,-0.5020845448039266,3,0.01593598411948891,-0.5301737397872911,2480.4761904761904,0.002819980567671581,False,
ALPHA_IC,3,cross_industry_degree_percentile,RAW,120,future_excess_return,MARKET_TREND,BULL,70,True,2015-07-31,2026-03-31,0.011436423402294333,0.01965880592780515,0.10353886329689951,0.5857142857142857,0.4142857142857143,0.012375261159041709,0.9241359237044112,3,0.010136573334580727,1.1282336766882741,3961.842857142857,0.002819980567671581,True,
ALPHA_IC,3,cross_industry_degree_percentile,INDUSTRY_SIZE_NEUTRAL,120,future_excess_return,ALL_SAMPLE,ALL,133,True,2015-07-31,2026-07-31,0.012252619080596284,0.0123684180767845,0.06278205567941565,0.5939849624060151,0.40601503759398494,0.005443894638683971,2.250708342797443,4,0.0054072538238721215,2.26595966819664,3855.872180451128,0.012252619080596284,True,1.0
ALPHA_IC,3,cross_industry_degree_percentile,INDUSTRY_SIZE_NEUTRAL,120,future_excess_return,TIME_SUBSAMPLE,P1_2015_2018,42,True,2015-07-31,2018-12-28,0.0011005303857202825,0.0012823970133934999,0.06512022326108452,0.5,0.5,0.010048268599464682,0.10952437973034607,3,0.008340736509185985,0.13194642757365907,2480.4761904761904,0.012252619080596284,True,0.08982001141805873
ALPHA_IC,3,cross_industry_degree_percentile,INDUSTRY_SIZE_NEUTRAL,120,future_excess_return,MARKET_TREND,BULL,70,True,2015-07-31,2026-03-31,0.018360974530857548,0.02084860613430245,0.0635842881973161,0.6571428571428571,0.34285714285714286,0.007599776035759542,2.415988898154747,3,0.006892904101712817,2.6637501784327786,3961.842857142857,0.012252619080596284,True,1.4985346732875005
ALPHA_IC,4,cross_industry_degree_ratio,RAW,120,future_excess_return,ALL_SAMPLE,ALL,133,True,2015-07-31,2026-07-31,0.008566537115641325,0.0109671329257152,0.07530996115185781,0.556390977443609,0.44360902255639095,0.006530201811925008,1.311833441349041,4,0.006296733045754259,1.3604732888299182,3706.654135338346,0.008566537115641325,True,1.0
ALPHA_IC,4,cross_industry_degree_ratio,RAW,120,future_excess_return,TIME_SUBSAMPLE,P1_2015_2018,42,True,2015-07-31,2018-12-28,0.00175065600431171,-4.322671686614999e-05,0.08211665335718804,0.5,0.5,0.012670874700689975,0.13816378471617122,3,0.014489462684163713,0.12082270008708418,2379.0,0.008566537115641325,True,0.2043598224906131
ALPHA_IC,4,cross_industry_degree_ratio,RAW,120,future_excess_return,MARKET_TREND,BULL,70,True,2015-07-31,2026-03-31,0.013974433049041137,0.01538544584112525,0.0706147074537289,0.6142857142857143,0.38571428571428573,0.008440071858847544,1.655724415947009,3,0.008567486447092808,1.6311006892556055,3839.614285714286,0.008566537115641325,True,1.6312814455126488
ALPHA_IC,4,cross_industry_degree_ratio,INDUSTRY_SIZE_NEUTRAL,120,future_excess_return,ALL_SAMPLE,ALL,133,True,2015-07-31,2026-07-31,0.002341775778968675,0.0059999094310486,0.04040840781757922,0.5338345864661654,0.46616541353383456,0.0035038533271219328,0.6683429813805052,4,0.003335392793330146,0.7020989502800308,3706.654135338346,0.002341775778968675,True,
ALPHA_IC,4,cross_industry_degree_ratio,INDUSTRY_SIZE_NEUTRAL,120,future_excess_return,TIME_SUBSAMPLE,P1_2015_2018,42,True,2015-07-31,2018-12-28,-0.0005097434650708331,-0.0013241809036950002,0.048488962312328,0.5,0.5,0.007482009320977832,-0.06812922080190809,3,0.007782015553785669,-0.06550275587959489,2379.0,0.002341775778968675,False,
ALPHA_IC,4,cross_industry_degree_ratio,INDUSTRY_SIZE_NEUTRAL,120,future_excess_return,MARKET_TREND,BULL,70,True,2015-07-31,2026-03-31,0.003447879620035506,0.0068639875462841,0.03614908317018152,0.5571428571428572,0.44285714285714284,0.004320641840620939,0.7980017199342762,3,0.0044773341130155166,0.7700742301121982,3839.614285714286,0.002341775778968675,True,
ALPHA_IC,9,outside_community_degree_percentile,RAW,120,future_excess_return,ALL_SAMPLE,ALL,133,True,2015-07-31,2026-07-31,0.007086863271454519,0.0071185565487325,0.12291541338160411,0.5263157894736842,0.47368421052631576,0.010658118035136735,0.6649263264012633,4,0.009225654731645747,0.7681691411174573,3855.872180451128,0.007086863271454519,True,1.0
ALPHA_IC,9,outside_community_degree_percentile,RAW,120,future_excess_return,TIME_SUBSAMPLE,P1_2015_2018,42,True,2015-07-31,2018-12-28,0.002994774886884438,0.0061667987614515,0.1279543661637858,0.5238095238095238,0.47619047619047616,0.019743787341348292,0.15168188529931392,3,0.020078490104584578,0.14915339108096742,2480.4761904761904,0.007086863271454519,True,0.4225811578653168
ALPHA_IC,9,outside_community_degree_percentile,RAW,120,future_excess_return,MARKET_TREND,BULL,70,True,2015-07-31,2026-03-31,0.017915164503876684,0.01567904125347155,0.11375282614136782,0.5571428571428572,0.44285714285714284,0.013596063219680411,1.3176729332903028,3,0.011558575342047607,1.5499457306563704,3961.842857142857,0.007086863271454519,True,2.527939910459109
ALPHA_IC,9,outside_community_degree_percentile,INDUSTRY_SIZE_NEUTRAL,120,future_excess_return,ALL_SAMPLE,ALL,133,True,2015-07-31,2026-07-31,0.017261604972296514,0.0188755322663235,0.07036284997829917,0.6390977443609023,0.3609022556390977,0.006101232870031322,2.8291994978726156,4,0.005876603060995627,2.9373440392572667,3855.872180451128,0.017261604972296514,True,1.0
ALPHA_IC,9,outside_community_degree_percentile,INDUSTRY_SIZE_NEUTRAL,120,future_excess_return,TIME_SUBSAMPLE,P1_2015_2018,42,True,2015-07-31,2018-12-28,0.016726358819466842,0.01681555867174785,0.06575363382434853,0.6428571428571429,0.35714285714285715,0.010146005971277695,1.6485658363317992,3,0.009854615291803839,1.6973122059242929,2480.4761904761904,0.017261604972296514,True,0.9689920981456418
ALPHA_IC,9,outside_community_degree_percentile,INDUSTRY_SIZE_NEUTRAL,120,future_excess_return,MARKET_TREND,BULL,70,True,2015-07-31,2026-03-31,0.023233313385599794,0.02040668258981445,0.06807775651451292,0.6428571428571429,0.35714285714285715,0.008136848224544673,2.855320972500983,3,0.007697410659530987,3.018328424095724,3961.842857142857,0.017261604972296514,True,1.3459532542244705
ALPHA_IC,1,residual_degree_percentile,RAW,60,future_excess_return,MARKET_TREND,BEAR,63,True,2015-08-31,2026-07-31,0.003682134525500896,-0.0037654099801606,0.09372045734579976,0.49206349206349204,0.5079365079365079,0.011807667756962988,0.3118426603195656,3,0.0118679514139478,0.3102586450744541,3825.0793650793653,0.001589046715305569,True,
ALPHA_IC,1,residual_degree_percentile,INDUSTRY_SIZE_NEUTRAL,60,future_excess_return,MARKET_TREND,BEAR,63,True,2015-08-31,2026-07-31,0.011932012009034772,0.0095229832995589,0.06316915127333798,0.6031746031746031,0.3968253968253968,0.007958564990489116,1.499266767726861,3,0.007853741036156651,1.5192774951583945,3825.0793650793653,0.011060502327838794,True,1.078794764954068
ALPHA_IC,2,delta_degree_percentile,RAW,60,future_excess_return,MARKET_TREND,BEAR,63,True,2015-08-31,2026-07-31,-0.043248888773690174,-0.0250396279027523,0.0932606296820306,0.3333333333333333,0.6666666666666666,0.01174973491675913,-3.6808395321329765,3,0.010718340139718239,-4.035036041954449,3825.0793650793653,-0.05077493534682359,True,0.851776343549707
ALPHA_IC,2,delta_degree_percentile,INDUSTRY_SIZE_NEUTRAL,60,future_excess_return,MARKET_TREND,BEAR,63,True,2015-08-31,2026-07-31,-0.03592642638232828,-0.037565784885632,0.04105895464992542,0.2222222222222222,0.7777777777777778,0.005172942052189607,-6.945066466986869,3,0.004459457975820409,-8.05623162660679,3825.0793650793653,-0.03998431936279568,True,0.8985128909248569
ALPHA_IC,3,cross_industry_degree_percentile,RAW,60,future_excess_return,MARKET_TREND,BEAR,63,True,2015-08-31,2026-07-31,0.003459359165771602,-0.0041825514440751,0.09064651746325339,0.47619047619047616,0.5238095238095238,0.011420387734373426,0.30291083334758584,3,0.011751447414842464,0.29437728338062574,3825.0793650793653,0.006189659816330623,True,0.5588932620569109
ALPHA_IC,3,cross_industry_degree_percentile,INDUSTRY_SIZE_NEUTRAL,60,future_excess_return,MARKET_TREND,BEAR,63,True,2015-08-31,2026-07-31,0.01100558200051444,0.0115745886863976,0.05944527512855914,0.5873015873015873,0.4126984126984127,0.007489400695618126,1.4694876730194915,3,0.007495962021021641,1.4682014089252904,3825.0793650793653,0.010895633136833865,True,1.0100910945054566
ALPHA_IC,4,cross_industry_degree_ratio,RAW,60,future_excess_return,MARKET_TREND,BEAR,63,True,2015-08-31,2026-07-31,-0.0007519687134770062,-0.0142832921474422,0.07542219190995149,0.4444444444444444,0.5555555555555556,0.009502303006148538,-0.07913541727625809,3,0.0088619958101139,-0.08485320119637264,3707.7301587301586,0.009637533096226194,False,0.07802502009268923
ALPHA_IC,4,cross_industry_degree_ratio,INDUSTRY_SIZE_NEUTRAL,60,future_excess_return,MARKET_TREND,BEAR,63,True,2015-08-31,2026-07-31,-0.003159838151752218,-0.0068510554097985,0.0379263792676266,0.4603174603174603,0.5396825396825397,0.004778274651012189,-0.6612927013483548,3,0.003981646649747736,-0.7936008465121873,3707.7301587301586,-0.0006697582336243495,True,
ALPHA_IC,5,delta_residual_degree_percentile_1m,RAW,60,future_excess_return,MARKET_TREND,BEAR,63,True,2015-08-31,2026-07-31,0.01192740796618397,0.0109549573196364,0.04957819046125985,0.5555555555555556,0.4444444444444444,0.0062462648768137246,1.9095264452294964,3,0.006116440415387482,1.9500570848654883,3760.4285714285716,0.008511481167577974,True,1.4013316520769596
ALPHA_IC,5,delta_residual_degree_percentile_1m,INDUSTRY_SIZE_NEUTRAL,60,future_excess_return,MARKET_TREND,BEAR,63,True,2015-08-31,2026-07-31,0.007928729051382826,0.0072595203586617,0.0345876096663261,0.5873015873015873,0.4126984126984127,0.004357629220060599,1.819505205923088,3,0.004684354335256803,1.6925980581159774,3760.4285714285716,0.007306474945740254,True,1.0851647491113827
ALPHA_IC,6,delta_cross_industry_degree_percentile_1m,RAW,60,future_excess_return,MARKET_TREND,BEAR,63,True,2015-08-31,2026-07-31,0.013718648216874569,0.0159699866368359,0.045389779716742254,0.6031746031746031,0.3968253968253968,0.005718574723547799,2.398962832536624,3,0.0057386342882513805,2.390577187495734,3760.4285714285716,0.010319540785240467,True,1.3293855320089125
ALPHA_IC,6,delta_cross_industry_degree_percentile_1m,INDUSTRY_SIZE_NEUTRAL,60,future_excess_return,MARKET_TREND,BEAR,63,True,2015-08-31,2026-07-31,0.010025495024775607,0.008885997023612,0.033111002238289895,0.6190476190476191,0.38095238095238093,0.0041715941706008605,2.403276688664941,3,0.004668234589397234,2.147598804812872,3760.4285714285716,0.008119385314345235,True,1.2347603465822319
ALPHA_IC,7,neighbor_jaccard_1m,RAW,60,future_excess_return,MARKET_TREND,BEAR,63,True,2015-08-31,2026-07-31,0.004616826030833189,-0.0045017628079769,0.08371206682263418,0.47619047619047616,0.5238095238095238,0.010546729073710048,0.4377495618372908,3,0.01059360968437706,0.43581235937377033,3720.8253968253966,0.0009102697031392191,True,
ALPHA_IC,7,neighbor_jaccard_1m,INDUSTRY_SIZE_NEUTRAL,60,future_excess_return,MARKET_TREND,BEAR,63,True,2015-08-31,2026-07-31,0.009715741794415655,0.0060207849248248,0.0504014020538563,0.5555555555555556,0.4444444444444444,0.006349979788737326,1.5300429477977284,3,0.00577377814440038,1.682735559182913,3720.8253968253966,0.01011719944717235,True,0.9603192904466366
ALPHA_IC,8,neighbor_retention_1m,RAW,60,future_excess_return,MARKET_TREND,BEAR,63,True,2015-08-31,2026-07-31,0.008932264218628172,0.0065576771953454,0.07644521878924439,0.5396825396825397,0.4603174603174603,0.009631192277917276,0.9274307853980207,3,0.008514273685634267,1.049092917191417,3668.8253968253966,0.005112226131812955,True,1.7472357419879063
ALPHA_IC,8,neighbor_retention_1m,INDUSTRY_SIZE_NEUTRAL,60,future_excess_return,MARKET_TREND,BEAR,63,True,2015-08-31,2026-07-31,0.012828731615163165,0.0119257479806199,0.04839965361382016,0.6190476190476191,0.38095238095238093,0.006097783190658892,2.1038353142524513,3,0.005136753516060677,2.4974395939093816,3668.8253968253966,0.01298881957898473,True,0.9876749412948518
ALPHA_IC,9,outside_community_degree_percentile,RAW,60,future_excess_return,MARKET_TREND,BEAR,63,True,2015-08-31,2026-07-31,0.0048207824748071814,0.0029813054633318,0.12820130328916737,0.5238095238095238,0.47619047619047616,0.016151846012262085,0.2984663468898454,3,0.014629802301366904,0.32951795078985874,3825.0793650793653,0.012553241272110226,True,0.38402691148122875
ALPHA_IC,9,outside_community_degree_percentile,INDUSTRY_SIZE_NEUTRAL,60,future_excess_return,MARKET_TREND,BEAR,63,True,2015-08-31,2026-07-31,0.014042077487448564,0.0113287966288569,0.07358422157141573,0.5714285714285714,0.42857142857142855,0.009270740509344785,1.514666220383834,3,0.007873759187771614,1.7834019497645663,3825.0793650793653,0.016248613235090983,True,0.8642015958089815
ALPHA_IC,1,residual_degree_percentile,RAW,120,future_excess_return,MARKET_TREND,BEAR,63,True,2015-08-31,2026-07-31,-0.006579647115281029,0.0009200053358533,0.10789644408830691,0.5079365079365079,0.49206349206349204,0.013593674209802157,-0.4840227162820014,3,0.014901389707656186,-0.4415458721880464,3738.126984126984,-0.0009701395968103528,True,
ALPHA_IC,1,residual_degree_percentile,INDUSTRY_SIZE_NEUTRAL,120,future_excess_return,MARKET_TREND,BEAR,63,True,2015-08-31,2026-07-31,0.006934320110242701,0.000593783857773,0.06683842968627547,0.5079365079365079,0.49206349206349204,0.008420850617712465,0.823470267440324,3,0.00858754124184475,0.8074860911821474,3738.126984126984,0.01253447248684205,True,0.5532199394527325
ALPHA_IC,2,delta_degree_percentile,RAW,120,future_excess_return,MARKET_TREND,BEAR,63,True,2015-08-31,2026-07-31,-0.04297509598545726,-0.0293569448261434,0.10330364175912336,0.3492063492063492,0.6507936507936508,0.013015035505807019,-3.3019576447780516,3,0.011741583876194011,-3.6600765653592107,3738.126984126984,-0.0461150159053922,True,0.9319111170561737
ALPHA_IC,2,delta_degree_percentile,INDUSTRY_SIZE_NEUTRAL,120,future_excess_return,MARKET_TREND,BEAR,63,True,2015-08-31,2026-07-31,-0.02965989271425831,-0.0308757523455046,0.046638167891736845,0.3333333333333333,0.6666666666666666,0.00587585684977206,-5.047756177962181,3,0.004835509538817001,-6.133767801751571,3738.126984126984,-0.03486298478356557,True,0.8507559779631948
ALPHA_IC,3,cross_industry_degree_percentile,RAW,120,future_excess_return,MARKET_TREND,BEAR,63,True,2015-08-31,2026-07-31,-0.006753844804131474,-0.0044643964495692,0.10092079143472839,0.49206349206349204,0.5079365079365079,0.012714824583433749,-0.5311787637975843,3,0.01450295561732429,-0.4656874765626235,3738.126984126984,0.002819980567671581,False,
ALPHA_IC,3,cross_industry_degree_percentile,INDUSTRY_SIZE_NEUTRAL,120,future_excess_return,MARKET_TREND,BEAR,63,True,2015-08-31,2026-07-31,0.005465557469194873,0.0031968147130789,0.06167176079911913,0.5238095238095238,0.47619047619047616,0.00776991152333006,0.7034259595857564,3,0.008231422334127415,0.663987005810006,3738.126984126984,0.012252619080596284,True,0.44607258523611
ALPHA_IC,4,cross_industry_degree_ratio,RAW,120,future_excess_return,MARKET_TREND,BEAR,63,True,2015-08-31,2026-07-31,0.0025577638563082017,-0.0001733616070439,0.08034843023930846,0.49206349206349204,0.5079365079365079,0.010122950697506293,0.2526697929031983,3,0.009929943805410315,0.25758089939185835,3558.9206349206347,0.008566537115641325,True,0.29857617165261263
ALPHA_IC,4,cross_industry_degree_ratio,INDUSTRY_SIZE_NEUTRAL,120,future_excess_return,MARKET_TREND,BEAR,63,True,2015-08-31,2026-07-31,0.0011127715111166443,0.0019156080004776,0.04493504701913787,0.5079365079365079,0.49206349206349204,0.0056612837887444305,0.19655815759121956,3,0.005457250205251092,0.20390699881158278,3558.9206349206347,0.002341775778968675,True,
ALPHA_IC,5,delta_residual_degree_percentile_1m,RAW,120,future_excess_return,ALL_SAMPLE,ALL,132,True,2015-08-31,2026-07-31,0.006457960470612781,0.0102818003799745,0.050428636465195305,0.5606060606060606,0.4393939393939394,0.004389249414451613,1.471313170162974,4,0.004955407284221529,1.303214872201427,3828.780303030303,0.006457960470612781,True,1.0
ALPHA_IC,5,delta_residual_degree_percentile_1m,RAW,120,future_excess_return,TIME_SUBSAMPLE,P1_2015_2018,41,True,2015-08-31,2018-12-28,-7.2343932800769e-05,-0.0051627328112693,0.0432806932157628,0.4634146341463415,0.5365853658536586,0.006759308676652347,-0.01070285975408338,3,0.0070774660980626024,-0.010221727917647326,2412.829268292683,0.006457960470612781,False,0.011202287956077323
ALPHA_IC,5,delta_residual_degree_percentile_1m,RAW,120,future_excess_return,MARKET_TREND,BEAR,63,True,2015-08-31,2026-07-31,0.005219686682042161,0.0060343715371117,0.052202007735695104,0.5555555555555556,0.4444444444444444,0.0065768347812818675,0.793647226306757,3,0.0066318516329832026,0.7870632473263265,3689.873015873016,0.006457960470612781,True,0.8082562142946776
ALPHA_IC,5,delta_residual_degree_percentile_1m,INDUSTRY_SIZE_NEUTRAL,120,future_excess_return,ALL_SAMPLE,ALL,132,True,2015-08-31,2026-07-31,0.006257083985748023,0.007939897669540851,0.033350644802005946,0.5833333333333334,0.4166666666666667,0.002902801035872137,2.155533193086416,4,0.003325689821618865,1.8814394370375247,3828.780303030303,0.006257083985748023,True,1.0
ALPHA_IC,5,delta_residual_degree_percentile_1m,INDUSTRY_SIZE_NEUTRAL,120,future_excess_return,TIME_SUBSAMPLE,P1_2015_2018,41,True,2015-08-31,2018-12-28,0.002037293500649637,0.0025385135907563,0.03718835926028727,0.5365853658536586,0.4634146341463415,0.005807845964144042,0.35078297758365096,3,0.0063659847402489315,0.32002802139453007,2412.829268292683,0.006257083985748023,True,0.3255979151454657
ALPHA_IC,5,delta_residual_degree_percentile_1m,INDUSTRY_SIZE_NEUTRAL,120,future_excess_return,MARKET_TREND,BEAR,63,True,2015-08-31,2026-07-31,0.007791859310970198,0.0100113528126711,0.035858086779457815,0.6507936507936508,0.3492063492063492,0.0045176942909056364,1.7247424923496115,3,0.005225711658165716,1.4910618535170441,3689.873015873016,0.006257083985748023,True,1.2452860355906978
ALPHA_IC,6,delta_cross_industry_degree_percentile_1m,RAW,120,future_excess_return,ALL_SAMPLE,ALL,132,True,2015-08-31,2026-07-31,0.008808832249348003,0.012785039916142351,0.046331925697719004,0.5757575757575758,0.42424242424242425,0.004032676510686242,2.1843637162577667,4,0.004474304086912256,1.9687602984148158,3828.780303030303,0.008808832249348003,True,1.0
ALPHA_IC,6,delta_cross_industry_degree_percentile_1m,RAW,120,future_excess_return,TIME_SUBSAMPLE,P1_2015_2018,41,True,2015-08-31,2018-12-28,0.002578583075989345,0.0034070994442465,0.04405282902254437,0.5365853658536586,0.4634146341463415,0.006879896030286319,0.3747997156698359,3,0.00792811204502099,0.32524553908250403,2412.829268292683,0.008808832249348003,True,0.2927270043291155
ALPHA_IC,6,delta_cross_industry_degree_percentile_1m,RAW,120,future_excess_return,MARKET_TREND,BEAR,63,True,2015-08-31,2026-07-31,0.008331878820499471,0.0157107610622369,0.04978421803310571,0.5873015873015873,0.4126984126984127,0.006272221911019755,1.3283775572195677,3,0.006625696284099637,1.257509922465709,3689.873015873016,0.008808832249348003,True,0.9458550900564789
ALPHA_IC,6,delta_cross_industry_degree_percentile_1m,INDUSTRY_SIZE_NEUTRAL,120,future_excess_return,ALL_SAMPLE,ALL,132,True,2015-08-31,2026-07-31,0.006811870490322519,0.0059691235787201,0.031772743625199454,0.5833333333333334,0.4166666666666667,0.0027654623667780313,2.4631940655402422,4,0.0031273829334895428,2.178137642620507,3828.780303030303,0.006811870490322519,True,1.0
ALPHA_IC,6,delta_cross_industry_degree_percentile_1m,INDUSTRY_SIZE_NEUTRAL,120,future_excess_return,TIME_SUBSAMPLE,P1_2015_2018,41,True,2015-08-31,2018-12-28,0.0029328155357063153,0.003718114666643,0.03929992489745271,0.5121951219512195,0.4878048780487805,0.006137617113174881,0.47784270045304633,3,0.0072207468848273565,0.4061651214874896,2412.829268292683,0.006811870490322519,True,0.43054481729693844
ALPHA_IC,6,delta_cross_industry_degree_percentile_1m,INDUSTRY_SIZE_NEUTRAL,120,future_excess_return,MARKET_TREND,BEAR,63,True,2015-08-31,2026-07-31,0.009238465569352764,0.0120305722808231,0.0357402266333724,0.6349206349206349,0.36507936507936506,0.004502845308237649,2.0516950809861534,3,0.0052858525834705156,1.7477720809397022,3689.873015873016,0.006811870490322519,True,1.3562303602920311
ALPHA_IC,7,neighbor_jaccard_1m,RAW,120,future_excess_return,ALL_SAMPLE,ALL,132,True,2015-08-31,2026-07-31,0.005229172999009266,0.00031202477913234994,0.08911343525545373,0.5,0.5,0.007756328961714615,0.6741814361949527,4,0.0059929445780403535,0.8725548736376209,3751.2348484848485,0.005229172999009266,True,1.0
ALPHA_IC,7,neighbor_jaccard_1m,RAW,120,future_excess_return,TIME_SUBSAMPLE,P1_2015_2018,41,True,2015-08-31,2018-12-28,0.005416994057986543,-0.0035041116300117,0.0967726404543363,0.4878048780487805,0.5121951219512195,0.015113347307647204,0.3584245070081595,3,0.012433705825928816,0.43567011587889853,2359.6341463414633,0.005229172999009266,True,1.0359179279424993
ALPHA_IC,7,neighbor_jaccard_1m,RAW,120,future_excess_return,MARKET_TREND,BEAR,63,True,2015-08-31,2026-07-31,0.0034368789440665454,0.007335690638238,0.08798226903910387,0.5238095238095238,0.47619047619047616,0.011084723983840314,0.31005543747205105,3,0.010546907024591747,0.3258660511610589,3593.968253968254,0.005229172999009266,True,0.6572509543512343
ALPHA_IC,7,neighbor_jaccard_1m,INDUSTRY_SIZE_NEUTRAL,120,future_excess_return,ALL_SAMPLE,ALL,132,True,2015-08-31,2026-07-31,0.012101195886467846,0.0134787615483157,0.05583946425144722,0.5984848484848485,0.4015151515151515,0.004860201523356959,2.4898547577322483,4,0.004172027036833407,2.900555480496772,3751.2348484848485,0.012101195886467846,True,1.0
ALPHA_IC,7,neighbor_jaccard_1m,INDUSTRY_SIZE_NEUTRAL,120,future_excess_return,TIME_SUBSAMPLE,P1_2015_2018,41,True,2015-08-31,2018-12-28,0.007012969604963631,0.0093064334138989,0.05954931673419415,0.5365853658536586,0.4634146341463415,0.009300040812275222,0.7540794440070778,3,0.006960625386092917,1.0075200453935211,2359.6341463414633,0.012101195886467846,True,0.5795269881389061
ALPHA_IC,7,neighbor_jaccard_1m,INDUSTRY_SIZE_NEUTRAL,120,future_excess_return,MARKET_TREND,BEAR,63,True,2015-08-31,2026-07-31,0.012628359329256758,0.0128646297332253,0.055181987493964406,0.6031746031746031,0.3968253968253968,0.006952276940919341,1.816435023600604,3,0.0057811413963123745,2.184405892115358,3593.968253968254,0.012101195886467846,True,1.043562921196773
ALPHA_IC,8,neighbor_retention_1m,RAW,120,future_excess_return,ALL_SAMPLE,ALL,132,True,2015-08-31,2026-07-31,0.008270288950840591,0.0005684516538063,0.0795103541041173,0.5075757575757576,0.49242424242424243,0.0069204880333261195,1.195044180556979,4,0.005069300323993016,1.6314458450404457,3685.7045454545455,0.008270288950840591,True,1.0
ALPHA_IC,8,neighbor_retention_1m,RAW,120,future_excess_return,TIME_SUBSAMPLE,P1_2015_2018,41,True,2015-08-31,2018-12-28,0.01032573162131531,-0.0001976350549889,0.08177090579090446,0.4878048780487805,0.5121951219512195,0.012770469970404352,0.8085631652746735,3,0.009398362499701197,1.09867347866648,2310.390243902439,0.008270288950840591,True,1.2485333562941356
ALPHA_IC,8,neighbor_retention_1m,RAW,120,future_excess_return,MARKET_TREND,BEAR,63,True,2015-08-31,2026-07-31,0.00728793350662919,0.0002648330309166,0.07746219119231866,0.5079365079365079,0.49206349206349204,0.009759318757381575,0.7467666225285321,3,0.008667755313150994,0.8408097879241822,3521.714285714286,0.008270288950840591,True,0.8812187276586564
ALPHA_IC,8,neighbor_retention_1m,INDUSTRY_SIZE_NEUTRAL,120,future_excess_return,ALL_SAMPLE,ALL,132,True,2015-08-31,2026-07-31,0.013881284135949171,0.01579906479815325,0.051383113685802256,0.5909090909090909,0.4090909090909091,0.004472325993064797,3.103817601282817,4,0.003819857674246514,3.633979409635288,3685.7045454545455,0.013881284135949171,True,1.0
ALPHA_IC,8,neighbor_retention_1m,INDUSTRY_SIZE_NEUTRAL,120,future_excess_return,TIME_SUBSAMPLE,P1_2015_2018,41,True,2015-08-31,2018-12-28,0.009400830559757106,0.0066523699614933,0.05386332431105765,0.5365853658536586,0.4634146341463415,0.008412037985483884,1.117544948795942,3,0.006413533226169247,1.4657802849447694,2310.390243902439,0.013881284135949171,True,0.6772306126499656
ALPHA_IC,8,neighbor_retention_1m,INDUSTRY_SIZE_NEUTRAL,120,future_excess_return,MARKET_TREND,BEAR,63,True,2015-08-31,2026-07-31,0.014455600890432962,0.0097289170684031,0.04998746075915325,0.5555555555555556,0.4444444444444444,0.006297828087634261,2.2953311346837855,3,0.004919799257371313,2.9382501468478006,3521.714285714286,0.013881284135949171,True,1.0413734600386466
ALPHA_IC,9,outside_community_degree_percentile,RAW,120,future_excess_return,MARKET_TREND,BEAR,63,True,2015-08-31,2026-07-31,-0.004944582542347882,-0.0066771563153512,0.1322336224062786,0.49206349206349204,0.5079365079365079,0.01665987046896341,-0.29679597758934667,3,0.016493319345430916,-0.2997930518890766,3738.126984126984,0.007086863271454519,False,0.6977110116212314
ALPHA_IC,9,outside_community_degree_percentile,INDUSTRY_SIZE_NEUTRAL,120,future_excess_return,MARKET_TREND,BEAR,63,True,2015-08-31,2026-07-31,0.010626373401959537,0.0170438501211755,0.0727863438263879,0.6349206349206349,0.36507936507936506,0.009170217362203041,1.1587918783428564,3,0.008245016986983838,1.288823712399268,3738.126984126984,0.017261604972296514,True,0.6156074953061439
ALPHA_IC,1,residual_degree_percentile,RAW,60,future_excess_return,MARKET_VOL,HIGH_VOL,62,True,2015-10-30,2026-07-31,0.007237649225165399,0.008614707602495799,0.10523478072518691,0.532258064516129,0.46774193548387094,0.013364830516935936,0.5415444076147347,3,0.01265742461546371,0.5718105732443459,4197.451612903225,0.001589046715305569,True,
ALPHA_IC,1,residual_degree_percentile,RAW,60,future_excess_return,JOINT_MARKET_REGIME,BEAR_HIGH_VOL,41,True,2015-10-30,2026-07-31,0.013611096489033345,0.0098857025632854,0.10255291135871097,0.5365853658536586,0.4634146341463415,0.01601607395951865,0.8498397624434056,3,0.014052085447564958,0.9686175436253107,4023.170731707317,0.001589046715305569,True,
ALPHA_IC,1,residual_degree_percentile,INDUSTRY_SIZE_NEUTRAL,60,future_excess_return,MARKET_VOL,HIGH_VOL,62,True,2015-10-30,2026-07-31,0.01834079041044815,0.0163000614429325,0.06820588428874617,0.6612903225806451,0.3387096774193548,0.008662155966831063,2.1173470531676295,3,0.008389117865019193,2.1862597123501244,4197.451612903225,0.011060502327838794,True,1.6582239998526282
ALPHA_IC,1,residual_degree_percentile,INDUSTRY_SIZE_NEUTRAL,60,future_excess_return,JOINT_MARKET_REGIME,BEAR_HIGH_VOL,41,True,2015-10-30,2026-07-31,0.02036987926631618,0.0106783380705461,0.06721237371699447,0.6829268292682927,0.3170731707317073,0.0104968092488459,1.9405782065207866,3,0.008991352130804722,2.265496776233263,4023.170731707317,0.011060502327838794,True,1.8416775895472757
ALPHA_IC,2,delta_degree_percentile,RAW,60,future_excess_return,MARKET_VOL,HIGH_VOL,62,True,2015-10-30,2026-07-31,-0.051454202735672284,-0.0369654446430277,0.09676010440801086,0.3064516129032258,0.6935483870967742,0.012288545548369072,-4.187167841234169,3,0.009658854478928783,-5.327153737321739,4197.451612903225,-0.05077493534682359,True,1.0133780059828512
ALPHA_IC,2,delta_degree_percentile,RAW,60,future_excess_return,JOINT_MARKET_REGIME,BEAR_HIGH_VOL,41,True,2015-10-30,2026-07-31,-0.04518392061988043,-0.0250396279027523,0.09117563563791145,0.3170731707317073,0.6829268292682927,0.014239242010157489,-3.1731970415032427,3,0.010204615077888333,-4.427792746223844,4023.170731707317,-0.05077493534682359,True,0.8898863250390543
ALPHA_IC,2,delta_degree_percentile,INDUSTRY_SIZE_NEUTRAL,60,future_excess_return,MARKET_VOL,HIGH_VOL,62,True,2015-10-30,2026-07-31,-0.03846583147578549,-0.03791198277595245,0.044965197450708,0.24193548387096775,0.7580645161290323,0.005710585786828558,-6.735881906284776,3,0.005210001327807117,-7.3830751770606,4197.451612903225,-0.03998431936279568,True,0.9620229152025257
ALPHA_IC,2,delta_degree_percentile,INDUSTRY_SIZE_NEUTRAL,60,future_excess_return,JOINT_MARKET_REGIME,BEAR_HIGH_VOL,41,True,2015-10-30,2026-07-31,-0.03900408253462584,-0.0393728888819602,0.042728018330466085,0.1951219512195122,0.8048780487804879,0.006672995360714206,-5.845063637276568,3,0.005962770422063672,-6.54126853354968,4023.170731707317,-0.03998431936279568,True,0.9754844688169951
ALPHA_IC,3,cross_industry_degree_percentile,RAW,60,future_excess_return,MARKET_VOL,HIGH_VOL,62,True,2015-10-30,2026-07-31,0.010953988818363578,0.00969128597163715,0.10273082332002398,0.5483870967741935,0.45161290322580644,0.013046827608477177,0.8395902166474725,3,0.012173964176113761,0.8997881593783669,4197.451612903225,0.006189659816330623,True,1.76972388522272
ALPHA_IC,3,cross_industry_degree_percentile,RAW,60,future_excess_return,JOINT_MARKET_REGIME,BEAR_HIGH_VOL,41,True,2015-10-30,2026-07-31,0.011859878978915817,-0.0013279235312529,0.10259309000723559,0.4878048780487805,0.5121951219512195,0.016022348810206342,0.7402085124598583,3,0.014959944528055772,0.792775598644359,4023.170731707317,0.006189659816330623,True,1.916079288820534
ALPHA_IC,3,cross_industry_degree_percentile,INDUSTRY_SIZE_NEUTRAL,60,future_excess_return,MARKET_VOL,HIGH_VOL,62,True,2015-10-30,2026-07-31,0.01861446928408755,0.023066431702452102,0.06285164746685358,0.6451612903225806,0.3548387096774194,0.007982167210461607,2.3320069341182195,3,0.007686151767249142,2.4218191167398233,4197.451612903225,0.010895633136833865,True,1.708433924886781
ALPHA_IC,3,cross_industry_degree_percentile,INDUSTRY_SIZE_NEUTRAL,60,future_excess_return,JOINT_MARKET_REGIME,BEAR_HIGH_VOL,41,True,2015-10-30,2026-07-31,0.019615337713251448,0.019246284919339,0.06360474516055926,0.6585365853658537,0.34146341463414637,0.009933392325690652,1.9746867001840305,3,0.008692225951996799,2.2566529933273727,4023.170731707317,0.010895633136833865,True,1.8002935182297648
ALPHA_IC,4,cross_industry_degree_ratio,RAW,60,future_excess_return,MARKET_VOL,HIGH_VOL,62,True,2015-10-30,2026-07-31,0.011418707352573141,0.0200651547512515,0.0720204410983521,0.5645161290322581,0.43548387096774194,0.009146605166100455,1.248409343708598,3,0.007823526284894583,1.45953460584903,4073.451612903226,0.009637533096226194,True,1.1848164087804178
ALPHA_IC,4,cross_industry_degree_ratio,RAW,60,future_excess_return,JOINT_MARKET_REGIME,BEAR_HIGH_VOL,41,True,2015-10-30,2026-07-31,9.867672151599408e-06,-0.012500165439645,0.07602053685587892,0.4634146341463415,0.5365853658536586,0.011872413221574037,0.0008311429165612514,3,0.010034858943009518,0.000983339397956702,3860.731707317073,0.009637533096226194,True,0.0010238794568148701
ALPHA_IC,4,cross_industry_degree_ratio,INDUSTRY_SIZE_NEUTRAL,60,future_excess_return,MARKET_VOL,HIGH_VOL,62,True,2015-10-30,2026-07-31,0.001197937990758081,0.00553998687130845,0.03706965596097683,0.532258064516129,0.46774193548387094,0.004707851014897427,0.25445537400553897,3,0.004147389698533721,0.2888414346936347,4073.451612903226,-0.0006697582336243495,False,
ALPHA_IC,4,cross_industry_degree_ratio,INDUSTRY_SIZE_NEUTRAL,60,future_excess_return,JOINT_MARKET_REGIME,BEAR_HIGH_VOL,41,True,2015-10-30,2026-07-31,-0.0013883352047067137,-0.0002962241599276,0.03473760601785057,0.4878048780487805,0.5121951219512195,0.0054251026108120045,-0.2559094830648584,3,0.004482748422263294,-0.3097062502574609,3860.731707317073,-0.0006697582336243495,True,
ALPHA_IC,5,delta_residual_degree_percentile_1m,RAW,60,future_excess_return,MARKET_VOL,HIGH_VOL,62,True,2015-10-30,2026-07-31,0.010832529130016822,0.00392031573619485,0.05542495491160998,0.5483870967741935,0.45161290322580644,0.0070389763127543,1.5389353009170923,3,0.00652809237006813,1.6593713011300069,4149.290322580645,0.008511481167577974,True,1.272696128528159
ALPHA_IC,5,delta_residual_degree_percentile_1m,RAW,60,future_excess_return,JOINT_MARKET_REGIME,BEAR_HIGH_VOL,41,True,2015-10-30,2026-07-31,0.009202656604837626,0.0027876231681308,0.053840836011738766,0.5609756097560976,0.43902439024390244,0.008408525903180777,1.094443510170605,3,0.007137033376599699,1.2894232266042804,3964.8048780487807,0.008511481167577974,True,1.081205071555875
ALPHA_IC,5,delta_residual_degree_percentile_1m,INDUSTRY_SIZE_NEUTRAL,60,future_excess_return,MARKET_VOL,HIGH_VOL,62,True,2015-10-30,2026-07-31,0.009874385029054269,0.010800028192664249,0.03540207630781641,0.5967741935483871,0.4032258064516129,0.004496068187163119,2.196226706980773,3,0.005008099789525931,1.9716829624093777,4149.290322580645,0.007306474945740254,True,1.3514567698355184
ALPHA_IC,5,delta_residual_degree_percentile_1m,INDUSTRY_SIZE_NEUTRAL,60,future_excess_return,JOINT_MARKET_REGIME,BEAR_HIGH_VOL,41,True,2015-10-30,2026-07-31,0.0071676989100873485,0.0127392643530664,0.03648123256442725,0.6097560975609756,0.3902439024390244,0.005697411327919723,1.2580623896615284,3,0.0054004947667893365,1.3272300445813852,3964.8048780487807,0.007306474945740254,True,0.9810064310514316
ALPHA_IC,6,delta_cross_industry_degree_percentile_1m,RAW,60,future_excess_return,MARKET_VOL,HIGH_VOL,62,True,2015-10-30,2026-07-31,0.011484454116154666,0.0146172959228387,0.04990275538207215,0.6451612903225806,0.3548387096774194,0.006337656271182603,1.8120979782975313,3,0.005827056708363091,1.9708842201024028,4149.290322580645,0.010319540785240467,True,1.1128842218037762
ALPHA_IC,6,delta_cross_industry_degree_percentile_1m,RAW,60,future_excess_return,JOINT_MARKET_REGIME,BEAR_HIGH_VOL,41,True,2015-10-30,2026-07-31,0.01183166108526254,0.0169144687509799,0.04712991667228153,0.6341463414634146,0.36585365853658536,0.007360456384206741,1.6074629707268724,3,0.0065466290236479915,1.8072905983405732,3964.8048780487807,0.010319540785240467,True,1.146529805103807
ALPHA_IC,6,delta_cross_industry_degree_percentile_1m,INDUSTRY_SIZE_NEUTRAL,60,future_excess_return,MARKET_VOL,HIGH_VOL,62,True,2015-10-30,2026-07-31,0.01185331836081364,0.0084113146734491,0.03281191190607928,0.6290322580645161,0.3709677419354839,0.004167116979191131,2.8444889884311473,3,0.004676603783244372,2.534599660395103,4149.290322580645,0.008119385314345235,True,1.4598787841576302
ALPHA_IC,6,delta_cross_industry_degree_percentile_1m,INDUSTRY_SIZE_NEUTRAL,60,future_excess_return,JOINT_MARKET_REGIME,BEAR_HIGH_VOL,41,True,2015-10-30,2026-07-31,0.011095023144820691,0.0122168503689579,0.03491345408638199,0.6341463414634146,0.36585365853658536,0.005452565465195401,2.034826214493343,3,0.005418487376634566,2.0476236952519824,3964.8048780487807,0.008119385314345235,True,1.3664856039308952
ALPHA_IC,7,neighbor_jaccard_1m,RAW,60,future_excess_return,MARKET_VOL,HIGH_VOL,62,True,2015-10-30,2026-07-31,0.0025010476040524684,-0.00509582948408245,0.09010044581612725,0.4838709677419355,0.5161290322580645,0.011442768061421943,0.21857015633170793,3,0.011078628725646305,0.22575425767836282,4110.290322580645,0.0009102697031392191,True,
ALPHA_IC,7,neighbor_jaccard_1m,RAW,60,future_excess_return,JOINT_MARKET_REGIME,BEAR_HIGH_VOL,41,True,2015-10-30,2026-07-31,0.00987534489596226,-0.008200123602179,0.09166687930967594,0.43902439024390244,0.5609756097560976,0.01431596138238092,0.6898136026069573,3,0.012917217395505439,0.7645102341777106,3909.0975609756097,0.0009102697031392191,True,
ALPHA_IC,7,neighbor_jaccard_1m,INDUSTRY_SIZE_NEUTRAL,60,future_excess_return,MARKET_VOL,HIGH_VOL,62,True,2015-10-30,2026-07-31,0.014071423150947181,0.0073965174307424495,0.05399919604349489,0.5967741935483871,0.4032258064516129,0.006857904755432035,2.0518545609431853,3,0.00618853010327935,2.2737908543889325,4110.290322580645,0.01011719944717235,True,1.3908417269445048
ALPHA_IC,7,neighbor_jaccard_1m,INDUSTRY_SIZE_NEUTRAL,60,future_excess_return,JOINT_MARKET_REGIME,BEAR_HIGH_VOL,41,True,2015-10-30,2026-07-31,0.01469486653164843,0.002887521096674,0.05653734122906867,0.5365853658536586,0.4634146341463415,0.008829649266923442,1.664263900798025,3,0.007408207733839883,1.9835926663508483,3909.0975609756097,0.01011719944717235,True,1.4524638570563604
ALPHA_IC,8,neighbor_retention_1m,RAW,60,future_excess_return,MARKET_VOL,HIGH_VOL,62,True,2015-10-30,2026-07-31,0.006945321080750432,0.0037900078614971,0.08602904710511003,0.5161290322580645,0.4838709677419355,0.010925699908054344,0.635686604903947,3,0.009031787080284933,0.7689863610614837,4045.7903225806454,0.005112226131812955,True,1.3585707872995447
ALPHA_IC,8,neighbor_retention_1m,RAW,60,future_excess_return,JOINT_MARKET_REGIME,BEAR_HIGH_VOL,41,True,2015-10-30,2026-07-31,0.012855883301111025,-0.0072089731350169,0.0835884135461051,0.4878048780487805,0.5121951219512195,0.013054316993795752,0.984799381478247,3,0.010084551956011722,1.274809565877364,3840.0975609756097,0.005112226131812955,True,2.514732910797889
ALPHA_IC,8,neighbor_retention_1m,INDUSTRY_SIZE_NEUTRAL,60,future_excess_return,MARKET_VOL,HIGH_VOL,62,True,2015-10-30,2026-07-31,0.01784728397717144,0.0134547377316095,0.0544977263864212,0.6290322580645161,0.3709677419354839,0.006921218172297125,2.578633346454385,3,0.006115357338565913,2.918436812288835,4045.7903225806454,0.01298881957898473,True,1.3740497255075792
ALPHA_IC,8,neighbor_retention_1m,INDUSTRY_SIZE_NEUTRAL,60,future_excess_return,JOINT_MARKET_REGIME,BEAR_HIGH_VOL,41,True,2015-10-30,2026-07-31,0.016479166806244,0.0119257479806199,0.05432188312108556,0.6341463414634146,0.36585365853658536,0.008483652839893106,1.9424612389551335,3,0.006852164930806054,2.404957699158224,3840.0975609756097,0.01298881957898473,True,1.268719355599217
ALPHA_IC,9,outside_community_degree_percentile,RAW,60,future_excess_return,MARKET_VOL,HIGH_VOL,62,True,2015-10-30,2026-07-31,0.00534164989680392,0.0036345685243439497,0.13206182105081624,0.5483870967741935,0.45161290322580644,0.016771868045330093,0.3184886669968306,3,0.013588160675591193,0.39311059269407084,4197.451612903225,0.012553241272110226,True,0.4255195754638736
ALPHA_IC,9,outside_community_degree_percentile,RAW,60,future_excess_return,JOINT_MARKET_REGIME,BEAR_HIGH_VOL,41,True,2015-10-30,2026-07-31,0.003056774751833451,0.0023267412519718,0.14649583937294633,0.5121951219512195,0.4878048780487805,0.022878806335902002,0.13360726547331636,3,0.018819701099205874,0.1624241923779776,4023.170731707317,0.012553241272110226,True,0.2435048196376776
ALPHA_IC,9,outside_community_degree_percentile,INDUSTRY_SIZE_NEUTRAL,60,future_excess_return,MARKET_VOL,HIGH_VOL,62,True,2015-10-30,2026-07-31,0.013293026120071593,0.015163967693216901,0.07556883515160785,0.5806451612903226,0.41935483870967744,0.009597251661510656,1.3850867507603946,3,0.008064353975092711,1.6483683827778368,4197.451612903225,0.016248613235090983,True,0.8181021929529089
ALPHA_IC,9,outside_community_degree_percentile,INDUSTRY_SIZE_NEUTRAL,60,future_excess_return,JOINT_MARKET_REGIME,BEAR_HIGH_VOL,41,True,2015-10-30,2026-07-31,0.01423815069458093,0.0112678158939682,0.0829327479507124,0.5609756097560976,0.43902439024390244,0.01295191923122234,1.0993081751357712,3,0.010312531239167854,1.3806649758793696,4023.170731707317,0.016248613235090983,True,0.8762686691213624
ALPHA_IC,1,residual_degree_percentile,RAW,120,future_excess_return,MARKET_VOL,HIGH_VOL,62,True,2015-10-30,2026-07-31,-0.001276618729228706,0.0016589226315435498,0.11420497020663571,0.5161290322580645,0.4838709677419355,0.014504045720295707,-0.08801811259063505,3,0.013825821009278497,-0.09233583512848664,4134.548387096775,-0.0009701395968103528,True,
ALPHA_IC,1,residual_degree_percentile,RAW,120,future_excess_return,JOINT_MARKET_REGIME,BEAR_HIGH_VOL,41,True,2015-10-30,2026-07-31,0.007495894142884967,0.0083931004994759,0.111690202068874,0.5609756097560976,0.43902439024390244,0.017443079023194627,0.42973457455059594,3,0.015581617469084423,0.4810729154247057,3943.9024390243903,-0.0009701395968103528,False,
ALPHA_IC,1,residual_degree_percentile,INDUSTRY_SIZE_NEUTRAL,120,future_excess_return,MARKET_VOL,HIGH_VOL,62,True,2015-10-30,2026-07-31,0.015063569017646428,0.0146272649291991,0.0677095133161857,0.5806451612903226,0.41935483870967744,0.008599116790276674,1.7517576961716974,3,0.008270317211793882,1.8214016018835448,4134.548387096775,0.01253447248684205,True,1.2017712778466962
ALPHA_IC,1,residual_degree_percentile,INDUSTRY_SIZE_NEUTRAL,120,future_excess_return,JOINT_MARKET_REGIME,BEAR_HIGH_VOL,41,True,2015-10-30,2026-07-31,0.017816399047470767,0.0118926821254337,0.06742621402381728,0.5853658536585366,0.4146341463414634,0.010530205494005832,1.6919327032708427,3,0.008852870288681041,2.0124997279413623,3943.9024390243903,0.01253447248684205,True,1.4213920104075677
ALPHA_IC,2,delta_degree_percentile,RAW,120,future_excess_return,MARKET_VOL,HIGH_VOL,62,True,2015-10-30,2026-07-31,-0.05734298491092771,-0.0651845441810212,0.11355914093985939,0.2903225806451613,0.7096774193548387,0.014422025321394675,-3.9760701866097117,3,0.011793791775098992,-4.862133061565469,4134.548387096775,-0.0461150159053922,True,1.243477504780013
ALPHA_IC,2,delta_degree_percentile,RAW,120,future_excess_return,JOINT_MARKET_REGIME,BEAR_HIGH_VOL,41,True,2015-10-30,2026-07-31,-0.04831446316866758,-0.0293569448261434,0.1005603895401312,0.3170731707317073,0.6829268292682927,0.015704894331465925,-3.0763953038426983,3,0.011597609203331192,-4.165898533189941,3943.9024390243903,-0.0461150159053922,True,1.0476948174058462
ALPHA_IC,2,delta_degree_percentile,INDUSTRY_SIZE_NEUTRAL,120,future_excess_return,MARKET_VOL,HIGH_VOL,62,True,2015-10-30,2026-07-31,-0.038356293158704986,-0.041417663646553096,0.049269387418868646,0.27419354838709675,0.7258064516129032,0.006257218459417906,-6.129927124563457,3,0.005691003133656713,-6.739812342021929,4134.548387096775,-0.03486298478356557,True,1.1002010698976687
ALPHA_IC,2,delta_degree_percentile,INDUSTRY_SIZE_NEUTRAL,120,future_excess_return,JOINT_MARKET_REGIME,BEAR_HIGH_VOL,41,True,2015-10-30,2026-07-31,-0.03585274782198573,-0.0417662253636451,0.04743083015093131,0.2682926829268293,0.7317073170731707,0.0074074511741704634,-4.840092358219392,3,0.006378769926520767,-5.6206366172452995,3943.9024390243903,-0.03486298478356557,True,1.0283900831946762
ALPHA_IC,3,cross_industry_degree_percentile,RAW,120,future_excess_return,MARKET_VOL,HIGH_VOL,62,True,2015-10-30,2026-07-31,0.0010803658021079907,0.009381078006439,0.10909159801863803,0.5161290322580645,0.4838709677419355,0.013854646803020761,0.07797858851749552,3,0.01351903904175053,0.0799143932325014,4134.548387096775,0.002819980567671581,True,
ALPHA_IC,3,cross_industry_degree_percentile,RAW,120,future_excess_return,JOINT_MARKET_REGIME,BEAR_HIGH_VOL,41,True,2015-10-30,2026-07-31,0.005156893578106686,0.0108675395784727,0.1084951658767413,0.5365853658536586,0.4634146341463415,0.016944098201699013,0.30434747938309253,3,0.016770593992737993,0.30749617934461504,3943.9024390243903,0.002819980567671581,True,
ALPHA_IC,3,cross_industry_degree_percentile,INDUSTRY_SIZE_NEUTRAL,120,future_excess_return,MARKET_VOL,HIGH_VOL,62,True,2015-10-30,2026-07-31,0.014678811141554247,0.016664152066046697,0.06241860329223854,0.6451612903225806,0.3548387096774194,0.007927170545288804,1.8517087601045759,3,0.007852591032484589,1.8692952530993858,4134.548387096775,0.012252619080596284,True,1.1980141588503452
ALPHA_IC,3,cross_industry_degree_percentile,INDUSTRY_SIZE_NEUTRAL,120,future_excess_return,JOINT_MARKET_REGIME,BEAR_HIGH_VOL,41,True,2015-10-30,2026-07-31,0.01650149900945643,0.0144678747458161,0.0634881586737208,0.6341463414634146,0.36585365853658536,0.009915184575455713,1.6642654389212925,3,0.008899467257324122,1.8542120030697296,3943.9024390243903,0.012252619080596284,True,1.3467732001551274
ALPHA_IC,4,cross_industry_degree_ratio,RAW,120,future_excess_return,MARKET_VOL,HIGH_VOL,62,True,2015-10-30,2026-07-31,0.010695679111281225,0.01404314597528465,0.07356792792911174,0.5806451612903226,0.41935483870967744,0.009343136190138053,1.1447632672389834,3,0.008084462160509669,1.322992043122747,3939.1451612903224,0.008566537115641325,True,1.2485417347637913
ALPHA_IC,4,cross_industry_degree_ratio,RAW,120,future_excess_return,JOINT_MARKET_REGIME,BEAR_HIGH_VOL,41,True,2015-10-30,2026-07-31,0.0024784441476766064,0.003963792635339,0.07689962676858968,0.5121951219512195,0.4878048780487805,0.012009704000280402,0.20637012765832863,3,0.01033109612517985,0.23990137325660205,3719.878048780488,0.008566537115641325,True,0.28931692167087053
ALPHA_IC,4,cross_industry_degree_ratio,INDUSTRY_SIZE_NEUTRAL,120,future_excess_return,MARKET_VOL,HIGH_VOL,62,True,2015-10-30,2026-07-31,0.004626534238171809,0.0079051981304957,0.03995454807312067,0.5967741935483871,0.4032258064516129,0.005074232679521541,0.9117702183511328,3,0.004760378829562289,0.971883626034278,3939.1451612903224,0.002341775778968675,True,
ALPHA_IC,4,cross_industry_degree_ratio,INDUSTRY_SIZE_NEUTRAL,120,future_excess_return,JOINT_MARKET_REGIME,BEAR_HIGH_VOL,41,True,2015-10-30,2026-07-31,0.002967740382330293,0.0065439027221944,0.040570469185694166,0.5365853658536586,0.4634146341463415,0.006336042794315631,0.4683902048440701,3,0.005500885423110804,0.5395023080942498,3719.878048780488,0.002341775778968675,True,
ALPHA_IC,5,delta_residual_degree_percentile_1m,RAW,120,future_excess_return,MARKET_VOL,HIGH_VOL,62,True,2015-10-30,2026-07-31,0.007825268741059883,0.016583526794175997,0.057065476520800386,0.6290322580645161,0.3709677419354839,0.007247322765468038,1.0797461344409325,3,0.007477400879833935,1.0465225640321258,4096.677419354839,0.006457960470612781,True,1.2117244719395692
ALPHA_IC,5,delta_residual_degree_percentile_1m,RAW,120,future_excess_return,JOINT_MARKET_REGIME,BEAR_HIGH_VOL,41,True,2015-10-30,2026-07-31,0.00606539198798227,0.0158896266363264,0.05425064163712582,0.6341463414634146,0.36585365853658536,0.008472526789340585,0.7158893844529629,3,0.007506696358589652,0.8079975129194952,3899.317073170732,0.006457960470612781,True,0.9392116931627391
ALPHA_IC,5,delta_residual_degree_percentile_1m,INDUSTRY_SIZE_NEUTRAL,120,future_excess_return,MARKET_VOL,HIGH_VOL,62,True,2015-10-30,2026-07-31,0.007703992355596284,0.008959696228151251,0.03500367045069904,0.6129032258064516,0.3870967741935484,0.004445470592711593,1.7329981595710202,3,0.004815928167610506,1.5996900467514104,4096.677419354839,0.006257083985748023,True,1.2312432393658026
ALPHA_IC,5,delta_residual_degree_percentile_1m,INDUSTRY_SIZE_NEUTRAL,120,future_excess_return,JOINT_MARKET_REGIME,BEAR_HIGH_VOL,41,True,2015-10-30,2026-07-31,0.007807617305391536,0.0096341443380825,0.03590954190132831,0.6829268292682927,0.3170731707317073,0.0056081282464269695,1.3921966407180322,3,0.005741881708167581,1.3597663104562978,3899.317073170732,0.006257083985748023,True,1.2478044602206422
ALPHA_IC,6,delta_cross_industry_degree_percentile_1m,RAW,120,future_excess_return,MARKET_VOL,HIGH_VOL,62,True,2015-10-30,2026-07-31,0.009053682018717734,0.0208686460263386,0.05016399155275021,0.6290322580645161,0.3709677419354839,0.00637083329803576,1.421114255416029,3,0.0065104340934251815,1.3906418356743604,4096.677419354839,0.008808832249348003,True,1.0277959396250116
ALPHA_IC,6,delta_cross_industry_degree_percentile_1m,RAW,120,future_excess_return,JOINT_MARKET_REGIME,BEAR_HIGH_VOL,41,True,2015-10-30,2026-07-31,0.009839681279299028,0.0211126939491769,0.05073190881991756,0.6585365853658537,0.34146341463414637,0.007922993048196278,1.2419146677831676,3,0.007321315458227537,1.3439772313377654,3899.317073170732,0.008808832249348003,True,1.1170244818803678
ALPHA_IC,6,delta_cross_industry_degree_percentile_1m,INDUSTRY_SIZE_NEUTRAL,120,future_excess_return,MARKET_VOL,HIGH_VOL,62,True,2015-10-30,2026-07-31,0.008684742102328709,0.010861224846453951,0.032292289239987476,0.6129032258064516,0.3870967741935484,0.004101124834605295,2.117648804310185,3,0.004211347817088633,2.0622238958957797,4096.677419354839,0.006811870490322519,True,1.2749423399442104
ALPHA_IC,6,delta_cross_industry_degree_percentile_1m,INDUSTRY_SIZE_NEUTRAL,120,future_excess_return,JOINT_MARKET_REGIME,BEAR_HIGH_VOL,41,True,2015-10-30,2026-07-31,0.010336531586148383,0.0131435860932649,0.03424224098303386,0.6829268292682927,0.3170731707317073,0.005347739589816599,1.9328786326528804,3,0.005385069060955582,1.919479856088264,3899.317073170732,0.006811870490322519,True,1.5174292583561704
ALPHA_IC,7,neighbor_jaccard_1m,RAW,120,future_excess_return,MARKET_VOL,HIGH_VOL,62,True,2015-10-30,2026-07-31,0.009146198395747322,0.0064821072448696,0.0958091067198874,0.5161290322580645,0.4838709677419355,0.012167768721200505,0.751674247375482,3,0.011578010760655821,0.7899628515485373,3995.3064516129034,0.005229172999009266,True,1.7490716787301142
ALPHA_IC,7,neighbor_jaccard_1m,RAW,120,future_excess_return,JOINT_MARKET_REGIME,BEAR_HIGH_VOL,41,True,2015-10-30,2026-07-31,0.007318702384405882,0.0056285238515012,0.0944776851942464,0.5121951219512195,0.4878048780487805,0.014754935511312921,0.4960172397090098,3,0.012791186331665644,0.5721675999893635,3780.439024390244,0.005229172999009266,True,1.3995907929977656
ALPHA_IC,7,neighbor_jaccard_1m,INDUSTRY_SIZE_NEUTRAL,120,future_excess_return,MARKET_VOL,HIGH_VOL,62,True,2015-10-30,2026-07-31,0.019324919310890226,0.016609469488455198,0.057436531755010546,0.6451612903225806,0.3548387096774194,0.007294446827336814,2.649264538945952,3,0.006337405137155626,3.0493425767574798,3995.3064516129034,0.012101195886467846,True,1.5969429378876765
ALPHA_IC,7,neighbor_jaccard_1m,INDUSTRY_SIZE_NEUTRAL,120,future_excess_return,JOINT_MARKET_REGIME,BEAR_HIGH_VOL,41,True,2015-10-30,2026-07-31,0.01886674231173873,0.0177420994578342,0.05990402539312127,0.6341463414634146,0.36585365853658536,0.009355436997914333,2.0166607199583315,3,0.006859712253073786,2.7503693472397015,3780.439024390244,0.012101195886467846,True,1.559080812239099
ALPHA_IC,8,neighbor_retention_1m,RAW,120,future_excess_return,MARKET_VOL,HIGH_VOL,62,True,2015-10-30,2026-07-31,0.013623039037787594,0.0161548751080833,0.0858096686994884,0.5645161290322581,0.43548387096774194,0.010897838822679298,1.2500679501184153,3,0.00931820870435727,1.4619804589070162,3921.3870967741937,0.008270288950840591,True,1.6472264897592181
ALPHA_IC,8,neighbor_retention_1m,RAW,120,future_excess_return,JOINT_MARKET_REGIME,BEAR_HIGH_VOL,41,True,2015-10-30,2026-07-31,0.012939811492510033,0.000872070276696,0.082708468761983,0.5365853658536586,0.4634146341463415,0.012916892706605145,1.0017743265679655,3,0.010272177877041419,1.2596950371576843,3705.3414634146343,0.008270288950840591,True,1.5646141953957766
ALPHA_IC,8,neighbor_retention_1m,INDUSTRY_SIZE_NEUTRAL,120,future_excess_return,MARKET_VOL,HIGH_VOL,62,True,2015-10-30,2026-07-31,0.022023718578852238,0.0213832286877051,0.054392392620246616,0.6612903225806451,0.3387096774193548,0.006907840770615545,3.1882203586012516,3,0.005562756869860643,3.9591373655350806,3921.3870967741937,0.013881284135949171,True,1.5865764552586406
ALPHA_IC,8,neighbor_retention_1m,INDUSTRY_SIZE_NEUTRAL,120,future_excess_return,JOINT_MARKET_REGIME,BEAR_HIGH_VOL,41,True,2015-10-30,2026-07-31,0.020820107827459203,0.0225586034371216,0.055575822818092285,0.6341463414634146,0.36585365853658536,0.008679485319556104,2.3987721691917105,3,0.0064043862438795725,3.2509138322749016,3705.3414634146343,0.013881284135949171,True,1.4998690051693528
ALPHA_IC,9,outside_community_degree_percentile,RAW,120,future_excess_return,MARKET_VOL,HIGH_VOL,62,True,2015-10-30,2026-07-31,-0.004428295179933883,0.0030879778608654002,0.12963843000748138,0.5161290322580645,0.4838709677419355,0.01646409707505544,-0.2689667802459171,3,0.01406745055033636,-0.31479017211316945,4134.548387096775,0.007086863271454519,False,0.6248596890207835
ALPHA_IC,9,outside_community_degree_percentile,RAW,120,future_excess_return,JOINT_MARKET_REGIME,BEAR_HIGH_VOL,41,True,2015-10-30,2026-07-31,-0.0047988089849454975,-0.0066771563153512,0.14182839433394892,0.4878048780487805,0.5121951219512195,0.022149873885753464,-0.2166517520459579,3,0.018421359194885772,-0.26050243818478747,3943.9024390243903,0.007086863271454519,False,0.6771414659959402
ALPHA_IC,9,outside_community_degree_percentile,INDUSTRY_SIZE_NEUTRAL,120,future_excess_return,MARKET_VOL,HIGH_VOL,62,True,2015-10-30,2026-07-31,0.010327414727140395,0.02066461480822935,0.07082265386778185,0.6290322580645161,0.3709677419354839,0.008994486035698827,1.1481939808624102,3,0.00805461787861963,1.2821731437507087,4134.548387096775,0.017261604972296514,True,0.5982882092201197
ALPHA_IC,9,outside_community_degree_percentile,INDUSTRY_SIZE_NEUTRAL,120,future_excess_return,JOINT_MARKET_REGIME,BEAR_HIGH_VOL,41,True,2015-10-30,2026-07-31,0.012831767345517676,0.024305882944234,0.07769658838143574,0.6341463414634146,0.36585365853658536,0.012134168493439382,1.0574904537097427,3,0.00972438775359057,1.3195450110244482,3943.9024390243903,0.017261604972296514,True,0.7433704667736071
ALPHA_IC,1,residual_degree_percentile,RAW,60,future_excess_return,MARKET_VOL,LOW_VOL,68,True,2015-11-30,2026-02-27,0.002057281627811356,0.0009029124503320499,0.09616255259789128,0.5,0.5,0.011661422399709402,0.17641772652559284,3,0.011521350160812883,0.17856254684530876,3785.735294117647,0.001589046715305569,True,
ALPHA_IC,1,residual_degree_percentile,RAW,60,future_excess_return,JOINT_MARKET_REGIME,BULL_LOW_VOL,48,True,2015-11-30,2026-02-27,0.0053319921470461095,0.01117389405664685,0.10656173700030112,0.5208333333333334,0.4791666666666667,0.015380861885609491,0.34666406776819064,3,0.014905539325683203,0.35771883395448456,3850.2916666666665,0.001589046715305569,True,
ALPHA_IC,1,residual_degree_percentile,INDUSTRY_SIZE_NEUTRAL,60,future_excess_return,MARKET_VOL,LOW_VOL,68,True,2015-11-30,2026-02-27,0.00647664320788351,0.0037774559378132002,0.06982357216424404,0.5147058823529411,0.4852941176470588,0.008467351858562214,0.7648959575636752,3,0.00959554795655243,0.6749633514635148,3785.735294117647,0.011060502327838794,True,0.5855650146722619
ALPHA_IC,1,residual_degree_percentile,INDUSTRY_SIZE_NEUTRAL,60,future_excess_return,JOINT_MARKET_REGIME,BULL_LOW_VOL,48,True,2015-11-30,2026-02-27,0.010227481243594136,0.00500744687850435,0.0758522637330446,0.5416666666666666,0.4583333333333333,0.010948331221228947,0.9341589176406104,3,0.012041123811174177,0.8493792941571634,3850.2916666666665,0.011060502327838794,True,0.9246850586389751
ALPHA_IC,2,delta_degree_percentile,RAW,60,future_excess_return,MARKET_VOL,LOW_VOL,68,True,2015-11-30,2026-02-27,-0.04235483194376023,-0.04765744850062825,0.09114745513183918,0.3382352941176471,0.6617647058823529,0.011053252500435866,-3.831888572353707,3,0.011407020720849011,-3.713049443869846,3785.735294117647,-0.05077493534682359,True,0.834168111775053
ALPHA_IC,2,delta_degree_percentile,RAW,60,future_excess_return,JOINT_MARKET_REGIME,BULL_LOW_VOL,48,True,2015-11-30,2026-02-27,-0.04783817686018957,-0.05220059681637365,0.09121649694642087,0.3125,0.6875,0.013165967266637692,-3.6334722615793367,3,0.012267450603020041,-3.8996021592630346,3850.2916666666665,-0.05077493534682359,True,0.9421612560099942
ALPHA_IC,2,delta_degree_percentile,INDUSTRY_SIZE_NEUTRAL,60,future_excess_return,MARKET_VOL,LOW_VOL,68,True,2015-11-30,2026-02-27,-0.03781420194838346,-0.037617164498217504,0.037569443670746314,0.16176470588235295,0.8382352941176471,0.00455596425147588,-8.299933858377786,3,0.004678756094354279,-8.082105838774707,3785.735294117647,-0.03998431936279568,True,0.9457257882841078
ALPHA_IC,2,delta_degree_percentile,INDUSTRY_SIZE_NEUTRAL,60,future_excess_return,JOINT_MARKET_REGIME,BULL_LOW_VOL,48,True,2015-11-30,2026-02-27,-0.041290892711725945,-0.038126918545947,0.03791551299346816,0.125,0.875,0.005472632908310399,-7.544977601005208,3,0.005989960103085255,-6.893350206198903,3850.2916666666665,-0.03998431936279568,True,1.0326771436841313
ALPHA_IC,3,cross_industry_degree_percentile,RAW,60,future_excess_return,MARKET_VOL,LOW_VOL,68,True,2015-11-30,2026-02-27,0.006800100401105395,0.0080714376298968,0.09742728632760514,0.5147058823529411,0.4852941176470588,0.011814793892529745,0.5755581064689551,3,0.013266408988092754,0.5125803378449146,3785.735294117647,0.006189659816330623,True,1.0986226388668734
ALPHA_IC,3,cross_industry_degree_percentile,RAW,60,future_excess_return,JOINT_MARKET_REGIME,BULL_LOW_VOL,48,True,2015-11-30,2026-02-27,0.01149715402005159,0.01083890879816055,0.11053148648125494,0.5208333333333334,0.4791666666666667,0.015953845868470505,0.720650939894897,3,0.01718867008180024,0.6688797891481459,3850.2916666666665,0.006189659816330623,True,1.8574775288486491
ALPHA_IC,3,cross_industry_degree_percentile,INDUSTRY_SIZE_NEUTRAL,60,future_excess_return,MARKET_VOL,LOW_VOL,68,True,2015-11-30,2026-02-27,0.005497844260966827,0.007576567021674949,0.06577397474991549,0.5294117647058824,0.47058823529411764,0.007976266038547368,0.689275437202956,3,0.009482614158425317,0.5797815000288696,3785.735294117647,0.010895633136833865,True,0.5045915360696911
ALPHA_IC,3,cross_industry_degree_percentile,INDUSTRY_SIZE_NEUTRAL,60,future_excess_return,JOINT_MARKET_REGIME,BULL_LOW_VOL,48,True,2015-11-30,2026-02-27,0.009863153516904862,0.0147778206434517,0.07160811635820175,0.5625,0.4375,0.010335741313892456,0.9542763520646187,3,0.011687957901147081,0.8438731214061672,3850.2916666666665,0.010895633136833865,True,0.9052391350770985
ALPHA_IC,4,cross_industry_degree_ratio,RAW,60,future_excess_return,MARKET_VOL,LOW_VOL,68,True,2015-11-30,2026-02-27,0.004260371600717388,0.0010185734192151,0.07132710918754576,0.5,0.5,0.00864968250441809,0.4925465875240245,3,0.00927880361354943,0.4591509614985443,3764.823529411765,0.009637533096226194,True,0.44206038601160685
ALPHA_IC,4,cross_industry_degree_ratio,RAW,60,future_excess_return,JOINT_MARKET_REGIME,BULL_LOW_VOL,48,True,2015-11-30,2026-02-27,0.00989263400711861,0.010356975498498,0.06955467678818164,0.5625,0.4375,0.010039352841763521,0.9853856282414377,3,0.00998055132875145,0.9911911357662605,3827.1458333333335,0.009637533096226194,True,1.0264695237199557
ALPHA_IC,4,cross_industry_degree_ratio,INDUSTRY_SIZE_NEUTRAL,60,future_excess_return,MARKET_VOL,LOW_VOL,68,True,2015-11-30,2026-02-27,-0.003914491364863103,-0.00396319150826645,0.036884418771370366,0.4264705882352941,0.5735294117647058,0.004472892780408082,-0.8751587746545462,3,0.0045142952015190104,-0.8671323407352537,3764.823529411765,-0.0006697582336243495,True,
ALPHA_IC,4,cross_industry_degree_ratio,INDUSTRY_SIZE_NEUTRAL,60,future_excess_return,JOINT_MARKET_REGIME,BULL_LOW_VOL,48,True,2015-11-30,2026-02-27,-0.0013476470763168276,-0.0012496626066758,0.03387258735281842,0.4583333333333333,0.5416666666666666,0.004889086856574708,-0.2756439220351648,3,0.005173083908841243,-0.2605113506884324,3827.1458333333335,-0.0006697582336243495,True,
ALPHA_IC,5,delta_residual_degree_percentile_1m,RAW,60,future_excess_return,MARKET_VOL,LOW_VOL,68,True,2015-11-30,2026-02-27,0.005568584929317373,0.00044929186950635005,0.04884451454182817,0.5,0.5,0.005923267431999275,0.940120464464292,3,0.00601702854101292,0.9254709183047924,3723.529411764706,0.008511481167577974,True,0.6542439347136533
ALPHA_IC,5,delta_residual_degree_percentile_1m,RAW,60,future_excess_return,JOINT_MARKET_REGIME,BULL_LOW_VOL,48,True,2015-11-30,2026-02-27,0.00237116794962999,-0.0008084868542058,0.05178884436803147,0.5,0.5,0.007475075809225651,0.3172098865811531,3,0.007383153960440806,0.3211592176371765,3789.0625,0.008511481167577974,True,0.27858464384110593
ALPHA_IC,5,delta_residual_degree_percentile_1m,INDUSTRY_SIZE_NEUTRAL,60,future_excess_return,MARKET_VOL,LOW_VOL,68,True,2015-11-30,2026-02-27,0.003964719514035514,0.0024200697356152,0.0343153669687649,0.5441176470588235,0.45588235294117646,0.004161349488060265,0.9527485075240806,3,0.00410668976744862,0.9654295158747022,3723.529411764706,0.007306474945740254,True,0.5426309600017152
ALPHA_IC,5,delta_residual_degree_percentile_1m,INDUSTRY_SIZE_NEUTRAL,60,future_excess_return,JOINT_MARKET_REGIME,BULL_LOW_VOL,48,True,2015-11-30,2026-02-27,0.0032443862768634976,0.0047622368169135,0.03607733047204272,0.5625,0.4375,0.005207314114919238,0.6230440886153102,3,0.0053163435809762995,0.6102664787266617,3789.0625,0.007306474945740254,True,0.4440426198621274
ALPHA_IC,6,delta_cross_industry_degree_percentile_1m,RAW,60,future_excess_return,MARKET_VOL,LOW_VOL,68,True,2015-11-30,2026-02-27,0.008212799140153035,0.0033056710326556504,0.048269385279578574,0.5441176470588235,0.45588235294117646,0.00585352276445108,1.403052396076775,3,0.00647802196572128,1.2677942717100064,3723.529411764706,0.010319540785240467,True,0.7958492835165106
ALPHA_IC,6,delta_cross_industry_degree_percentile_1m,RAW,60,future_excess_return,JOINT_MARKET_REGIME,BULL_LOW_VOL,48,True,2015-11-30,2026-02-27,0.005855076197162389,0.0059573708082908995,0.050420767279073304,0.5625,0.4375,0.007277610890330112,0.8045327354533519,3,0.008007590207392747,0.731190788429318,3789.0625,0.010319540785240467,True,0.5673775916014225
ALPHA_IC,6,delta_cross_industry_degree_percentile_1m,INDUSTRY_SIZE_NEUTRAL,60,future_excess_return,MARKET_VOL,LOW_VOL,68,True,2015-11-30,2026-02-27,0.003108587436340427,0.0033700804081249003,0.03310762139082347,0.5588235294117647,0.4411764705882353,0.004014888823744818,0.7742648857312431,3,0.004171200681011821,0.7452500308823232,3723.529411764706,0.008119385314345235,True,0.3828599476426141
ALPHA_IC,6,delta_cross_industry_degree_percentile_1m,INDUSTRY_SIZE_NEUTRAL,60,future_excess_return,JOINT_MARKET_REGIME,BULL_LOW_VOL,48,True,2015-11-30,2026-02-27,0.002751456608784069,0.0044622983208397,0.03522017650183478,0.5625,0.4375,0.005083594596060111,0.5412423348857329,3,0.005400238258976558,0.5095065211632939,3789.0625,0.008119385314345235,True,0.33887498896287477
ALPHA_IC,7,neighbor_jaccard_1m,RAW,60,future_excess_return,MARKET_VOL,LOW_VOL,68,True,2015-11-30,2026-02-27,-0.0011736712089881903,0.00316502731660825,0.06143923941246098,0.5441176470588235,0.45588235294117646,0.007450602166329064,-0.15752702704920588,3,0.006267480181601542,-0.1872636490233432,3718.676470588235,0.0009102697031392191,False,
ALPHA_IC,7,neighbor_jaccard_1m,RAW,60,future_excess_return,JOINT_MARKET_REGIME,BULL_LOW_VOL,48,True,2015-11-30,2026-02-27,-0.004196190290281661,0.00228079088275335,0.06490531649619256,0.5208333333333334,0.4791666666666667,0.009368275487728658,-0.4479149119577214,3,0.00765723274789933,-0.5480034927020908,3783.3958333333335,0.0009102697031392191,False,
ALPHA_IC,7,neighbor_jaccard_1m,INDUSTRY_SIZE_NEUTRAL,60,future_excess_return,MARKET_VOL,LOW_VOL,68,True,2015-11-30,2026-02-27,0.003652558163002011,0.009242698316189499,0.04158592400703259,0.6029411764705882,0.39705882352941174,0.005043034035879548,0.7242779122677434,3,0.005480367778343216,0.6664804828310674,3718.676470588235,0.01011719944717235,True,0.3610246276229004
ALPHA_IC,7,neighbor_jaccard_1m,INDUSTRY_SIZE_NEUTRAL,60,future_excess_return,JOINT_MARKET_REGIME,BULL_LOW_VOL,48,True,2015-11-30,2026-02-27,0.005096948129228211,0.0117463045938349,0.04524660429227838,0.6041666666666666,0.3958333333333333,0.00653078479201585,0.7804495618136793,3,0.007036555195401233,0.7243527532562155,3783.3958333333335,0.01011719944717235,True,0.5037904170855062
ALPHA_IC,8,neighbor_retention_1m,RAW,60,future_excess_return,MARKET_VOL,LOW_VOL,68,True,2015-11-30,2026-02-27,0.0025479818015977976,0.0006529351372499,0.06418106923393338,0.5147058823529411,0.4852941176470588,0.007783097871076096,0.3273737326452908,3,0.006690593490180577,0.3808304607561845,3697.0588235294117,0.005112226131812955,True,0.49840944745028404
ALPHA_IC,8,neighbor_retention_1m,RAW,60,future_excess_return,JOINT_MARKET_REGIME,BULL_LOW_VOL,48,True,2015-11-30,2026-02-27,-0.0010143387240316118,-0.0064253486898103,0.06977115460828383,0.4375,0.5625,0.010070598723690918,-0.10072278241465392,3,0.00887712817363961,-0.11426428729999225,3757.5416666666665,0.005112226131812955,False,0.19841429112837303
ALPHA_IC,8,neighbor_retention_1m,INDUSTRY_SIZE_NEUTRAL,60,future_excess_return,MARKET_VOL,LOW_VOL,68,True,2015-11-30,2026-02-27,0.0058095996730846925,0.00862938836138675,0.04258138509704223,0.6029411764705882,0.39705882352941174,0.0051637514247119655,1.1250734582772355,3,0.0054849140307670395,1.0591961223997977,3697.0588235294117,0.01298881957898473,True,0.4472769552118761
ALPHA_IC,8,neighbor_retention_1m,INDUSTRY_SIZE_NEUTRAL,60,future_excess_return,JOINT_MARKET_REGIME,BULL_LOW_VOL,48,True,2015-11-30,2026-02-27,0.005485127798225503,0.00857017778268775,0.046935154521397765,0.6041666666666666,0.3958333333333333,0.00677450602434642,0.8096719935760466,3,0.007430880163172057,0.7381531767138657,3757.5416666666665,0.01298881957898473,True,0.42229609587465283
ALPHA_IC,9,outside_community_degree_percentile,RAW,60,future_excess_return,MARKET_VOL,LOW_VOL,68,True,2015-11-30,2026-02-27,0.023939109866775516,0.0227252232654203,0.10051912601186912,0.5735294117647058,0.4264705882352941,0.012189734527697296,1.9638745874556578,3,0.013288887672998273,1.8014381982788115,3785.735294117647,0.012553241272110226,True,1.9070062741454263
ALPHA_IC,9,outside_community_degree_percentile,RAW,60,future_excess_return,JOINT_MARKET_REGIME,BULL_LOW_VOL,48,True,2015-11-30,2026-02-27,0.02494858554976744,0.0350613263039099,0.10937559673147845,0.5625,0.4375,0.01578700755392376,1.580323912847348,3,0.01583840859798678,1.5751952221347953,3850.2916666666665,0.012553241272110226,True,1.9874218147305256
ALPHA_IC,9,outside_community_degree_percentile,INDUSTRY_SIZE_NEUTRAL,60,future_excess_return,MARKET_VOL,LOW_VOL,68,True,2015-11-30,2026-02-27,0.019817644984278477,0.0134468019377747,0.06252110293873205,0.6029411764705882,0.39705882352941174,0.007581797389603145,2.613845235623712,3,0.008842982013596262,2.241059062860068,3785.735294117647,0.016248613235090983,True,1.2196514679467974
ALPHA_IC,9,outside_community_degree_percentile,INDUSTRY_SIZE_NEUTRAL,60,future_excess_return,JOINT_MARKET_REGIME,BULL_LOW_VOL,48,True,2015-11-30,2026-02-27,0.02145981733155954,0.01297906222519315,0.06595287911793096,0.6041666666666666,0.3958333333333333,0.009519478128142073,2.2543060704261397,3,0.010188844446491934,2.10620718024096,3850.2916666666665,0.016248613235090983,True,1.3207168526366475
ALPHA_IC,1,residual_degree_percentile,RAW,120,future_excess_return,MARKET_VOL,LOW_VOL,68,True,2015-11-30,2026-02-27,0.004384253074396614,0.018129538393160102,0.09438419069720132,0.5588235294117647,0.4411764705882353,0.011445764342147082,0.38304589744630224,3,0.009390685535372402,0.4668725257471578,3704.220588235294,-0.0009701395968103528,False,
ALPHA_IC,1,residual_degree_percentile,RAW,120,future_excess_return,JOINT_MARKET_REGIME,BULL_LOW_VOL,48,True,2015-11-30,2026-02-27,0.012478195849277654,0.02115529138936935,0.10051054745125905,0.6041666666666666,0.3958333333333333,0.014507447906845267,0.860123429661938,3,0.011913286862729298,1.047418398722159,3774.0208333333335,-0.0009701395968103528,False,
ALPHA_IC,1,residual_degree_percentile,INDUSTRY_SIZE_NEUTRAL,120,future_excess_return,MARKET_VOL,LOW_VOL,68,True,2015-11-30,2026-02-27,0.012192441057079556,0.00735310457134615,0.0667034343364042,0.5441176470588235,0.45588235294117646,0.008088979569424894,1.5072903760525147,3,0.008223302887510008,1.4826695822670095,3704.220588235294,0.01253447248684205,True,0.9727127384003165
ALPHA_IC,1,residual_degree_percentile,INDUSTRY_SIZE_NEUTRAL,120,future_excess_return,JOINT_MARKET_REGIME,BULL_LOW_VOL,48,True,2015-11-30,2026-02-27,0.019668517876345933,0.01432591118166985,0.06934995507357312,0.6041666666666666,0.3958333333333333,0.010009803807503975,1.9649254125841291,3,0.00970490837491641,2.0266567304418617,3774.0208333333335,0.01253447248684205,True,1.5691540188063584
ALPHA_IC,2,delta_degree_percentile,RAW,120,future_excess_return,MARKET_VOL,LOW_VOL,68,True,2015-11-30,2026-02-27,-0.031778813843418005,-0.03620835195186935,0.10034043134789818,0.35294117647058826,0.6470588235294118,0.012168064616688871,-2.6116572227790766,3,0.012763854651342268,-2.4897505268971463,3704.220588235294,-0.0461150159053922,True,0.6891207390801773
ALPHA_IC,2,delta_degree_percentile,RAW,120,future_excess_return,JOINT_MARKET_REGIME,BULL_LOW_VOL,48,True,2015-11-30,2026-02-27,-0.03606627872633988,-0.050421663213661747,0.09985704992058042,0.3125,0.6875,0.014413123663032252,-2.502322159272462,3,0.013092023414481851,-2.754828461920169,3774.0208333333335,-0.0461150159053922,True,0.7820940320248847
ALPHA_IC,2,delta_degree_percentile,INDUSTRY_SIZE_NEUTRAL,120,future_excess_return,MARKET_VOL,LOW_VOL,68,True,2015-11-30,2026-02-27,-0.03107583610916728,-0.02463674146761495,0.044265397240451254,0.2647058823529412,0.7352941176470589,0.005367967893597207,-5.789124809452352,3,0.0055841761586457725,-5.564981337677486,3704.220588235294,-0.03486298478356557,True,0.8913704980250698
ALPHA_IC,2,delta_degree_percentile,INDUSTRY_SIZE_NEUTRAL,120,future_excess_return,JOINT_MARKET_REGIME,BULL_LOW_VOL,48,True,2015-11-30,2026-02-27,-0.036313214642749544,-0.0383292424764661,0.043817289594398616,0.1875,0.8125,0.006324480985621457,-5.741690855788276,3,0.006069347690130979,-5.983050650038783,3774.0208333333335,-0.03486298478356557,True,1.041597983310586
ALPHA_IC,3,cross_industry_degree_percentile,RAW,120,future_excess_return,MARKET_VOL,LOW_VOL,68,True,2015-11-30,2026-02-27,0.009219854572259866,0.0151022961422259,0.09094469039788713,0.5735294117647058,0.4264705882352941,0.011028663664693673,0.8359901845384594,3,0.010342962355541328,0.8914133354957299,3704.220588235294,0.002819980567671581,True,
ALPHA_IC,3,cross_industry_degree_percentile,RAW,120,future_excess_return,JOINT_MARKET_REGIME,BULL_LOW_VOL,48,True,2015-11-30,2026-02-27,0.01818837159851333,0.02313415686013085,0.10039339251586328,0.625,0.375,0.014490538048473358,1.2551895269637388,3,0.0134976879375906,1.3475175661647456,3774.0208333333335,0.002819980567671581,True,
ALPHA_IC,3,cross_industry_degree_percentile,INDUSTRY_SIZE_NEUTRAL,120,future_excess_return,MARKET_VOL,LOW_VOL,68,True,2015-11-30,2026-02-27,0.01170015865409922,0.00901840715066965,0.062163903718078006,0.5588235294117647,0.4411764705882353,0.0075384806214812364,1.5520579333664526,3,0.008122999750573396,1.4403741245065673,3704.220588235294,0.012252619080596284,True,0.9549108298509041
ALPHA_IC,3,cross_industry_degree_percentile,INDUSTRY_SIZE_NEUTRAL,120,future_excess_return,JOINT_MARKET_REGIME,BULL_LOW_VOL,48,True,2015-11-30,2026-02-27,0.020352110502280103,0.01798152035599065,0.0649801827547869,0.6458333333333334,0.3541666666666667,0.009379081501366824,2.1699470784334443,3,0.009393359192552428,2.1666488084918947,3774.0208333333335,0.012252619080596284,True,1.6610416408448119
ALPHA_IC,4,cross_industry_degree_ratio,RAW,120,future_excess_return,MARKET_VOL,LOW_VOL,68,True,2015-11-30,2026-02-27,0.00363606675293474,0.00625043538527175,0.07597900797243055,0.5294117647058824,0.47058823529411764,0.009213808094116985,0.3946323513354232,3,0.010038745370602118,0.3622033051642838,3604.8088235294117,0.008566537115641325,True,0.4244500086617006
ALPHA_IC,4,cross_industry_degree_ratio,RAW,120,future_excess_return,JOINT_MARKET_REGIME,BULL_LOW_VOL,48,True,2015-11-30,2026-02-27,0.009020975899371843,0.01398787217465925,0.07338567694969336,0.5833333333333334,0.4166666666666667,0.010592310085392095,0.8516533057139928,3,0.011305420095281786,0.7979337188130378,3662.1666666666665,0.008566537115641325,True,1.0530481310704618
ALPHA_IC,4,cross_industry_degree_ratio,INDUSTRY_SIZE_NEUTRAL,120,future_excess_return,MARKET_VOL,LOW_VOL,68,True,2015-11-30,2026-02-27,-0.0013127746525148577,-0.00313187826573935,0.038398363315656686,0.47058823529411764,0.5294117647058824,0.004656485523567497,-0.28192392006173256,3,0.004863964835415193,-0.269898055791104,3604.8088235294117,0.002341775778968675,False,
ALPHA_IC,4,cross_industry_degree_ratio,INDUSTRY_SIZE_NEUTRAL,120,future_excess_return,JOINT_MARKET_REGIME,BULL_LOW_VOL,48,True,2015-11-30,2026-02-27,0.0027681376220396216,-0.00081890845812535,0.0341807892970521,0.5,0.5,0.004933571975441728,0.5610818360041816,3,0.005053803241864353,0.5477335562075528,3662.1666666666665,0.002341775778968675,True,
ALPHA_IC,5,delta_residual_degree_percentile_1m,RAW,120,future_excess_return,MARKET_TREND,BULL,69,True,2015-11-30,2026-03-31,0.0075885582775685675,0.0104219009583791,0.04910992047694511,0.5652173913043478,0.43478260869565216,0.005912139671591323,1.2835553114607012,3,0.006125571294386438,1.2388327411229108,3955.608695652174,0.006457960470612781,True,1.175070413035295
ALPHA_IC,5,delta_residual_degree_percentile_1m,RAW,120,future_excess_return,MARKET_VOL,LOW_VOL,68,True,2015-11-30,2026-02-27,0.0030928752548811784,-0.0051624003227684,0.04288698834548261,0.4852941176470588,0.5147058823529411,0.005200811262148776,0.5946909239700655,3,0.005326061405265958,0.580705894945786,3654.6029411764707,0.006457960470612781,True,0.4789244636840743
ALPHA_IC,5,delta_residual_degree_percentile_1m,RAW,120,future_excess_return,JOINT_MARKET_REGIME,BULL_LOW_VOL,48,True,2015-11-30,2026-02-27,0.0059817693898706475,0.0026580285561432,0.042035889844292004,0.5416666666666666,0.4583333333333333,0.0060673580793068616,0.9858935819647566,3,0.005843295267549631,1.0236979505536925,3725.3125,0.006457960470612781,True,0.9262629303927981
ALPHA_IC,5,delta_residual_degree_percentile_1m,INDUSTRY_SIZE_NEUTRAL,120,future_excess_return,MARKET_TREND,BULL,69,True,2015-11-30,2026-03-31,0.004855767384458213,0.004932702111523,0.031084122201410592,0.5217391304347826,0.4782608695652174,0.003742088568639112,1.2976088874946414,3,0.0031632915230729625,1.5350363218313512,3955.608695652174,0.006257083985748023,True,0.7760431848954501
ALPHA_IC,5,delta_residual_degree_percentile_1m,INDUSTRY_SIZE_NEUTRAL,120,future_excess_return,MARKET_VOL,LOW_VOL,68,True,2015-11-30,2026-02-27,0.0027223365204213394,0.00527790865333535,0.029580576076368898,0.5441176470588235,0.45588235294117646,0.0035871717538084645,0.7589088862363677,3,0.003412542138628963,0.7977444408979742,3654.6029411764707,0.006257083985748023,True,0.4350807063836924
ALPHA_IC,5,delta_residual_degree_percentile_1m,INDUSTRY_SIZE_NEUTRAL,120,future_excess_return,JOINT_MARKET_REGIME,BULL_LOW_VOL,48,True,2015-11-30,2026-02-27,0.0036981819375354204,0.00527790865333535,0.030011429306274262,0.5416666666666666,0.4583333333333333,0.004331776697185718,0.8537332822206802,3,0.0035931733487392704,1.029224470573621,3725.3125,0.006257083985748023,True,0.5910392038781799
ALPHA_IC,6,delta_cross_industry_degree_percentile_1m,RAW,120,future_excess_return,MARKET_TREND,BULL,69,True,2015-11-30,2026-03-31,0.009244311466992311,0.0122213109988244,0.043304385376643245,0.5652173913043478,0.43478260869565216,0.005213235375922106,1.7732388431353336,3,0.005159746643265069,1.7916211988933133,3955.608695652174,0.008808832249348003,True,1.0494366569049536
ALPHA_IC,6,delta_cross_industry_degree_percentile_1m,RAW,120,future_excess_return,MARKET_VOL,LOW_VOL,68,True,2015-11-30,2026-02-27,0.006011268161768177,0.006312846875475951,0.04079809839621242,0.5147058823529411,0.4852941176470588,0.004947496147409597,1.2150121966068732,3,0.005157112795278766,1.1656266597991367,3654.6029411764707,0.008808832249348003,True,0.682413740165515
ALPHA_IC,6,delta_cross_industry_degree_percentile_1m,RAW,120,future_excess_return,JOINT_MARKET_REGIME,BULL_LOW_VOL,48,True,2015-11-30,2026-02-27,0.00999908621902563,0.01199725611308235,0.040462842160555325,0.5625,0.4375,0.005840308203393489,1.7120819434179344,3,0.005780124667450714,1.729908400649715,3725.3125,0.008808832249348003,True,1.135120517224712
ALPHA_IC,6,delta_cross_industry_degree_percentile_1m,INDUSTRY_SIZE_NEUTRAL,120,future_excess_return,MARKET_TREND,BULL,69,True,2015-11-30,2026-03-31,0.004596283679034035,0.0020646925916243,0.02774336610953541,0.5362318840579711,0.463768115942029,0.0033399087965672383,1.3761704163173858,3,0.002595818763352135,1.7706489158351644,3955.608695652174,0.006811870490322519,True,0.6747461927768413
ALPHA_IC,6,delta_cross_industry_degree_percentile_1m,INDUSTRY_SIZE_NEUTRAL,120,future_excess_return,MARKET_VOL,LOW_VOL,68,True,2015-11-30,2026-02-27,0.002499060217450339,0.0021241106940458497,0.027707488693621215,0.5441176470588235,0.45588235294117646,0.003360026544247275,0.7437620460853196,3,0.003084947765456444,0.8100818579275302,3654.6029411764707,0.006811870490322519,True,0.36686842784235274
ALPHA_IC,6,delta_cross_industry_degree_percentile_1m,INDUSTRY_SIZE_NEUTRAL,120,future_excess_return,JOINT_MARKET_REGIME,BULL_LOW_VOL,48,True,2015-11-30,2026-02-27,0.004218486636271921,0.00257170632044725,0.02765205832158217,0.5625,0.4375,0.0039912308289031745,1.0569387783144575,3,0.0032052123665881186,1.3161332709952107,3725.3125,0.006811870490322519,True,0.6192846212013332
ALPHA_IC,7,neighbor_jaccard_1m,RAW,120,future_excess_return,MARKET_TREND,BULL,69,True,2015-11-30,2026-03-31,0.006865615397000446,-0.0039630890949169,0.09074658278612802,0.4782608695652174,0.5217391304347826,0.0109246047833264,0.6284543498982263,3,0.007631997838019468,0.8995829850473462,3894.8260869565215,0.005229172999009266,True,1.3129447808097428
ALPHA_IC,7,neighbor_jaccard_1m,RAW,120,future_excess_return,MARKET_VOL,LOW_VOL,68,True,2015-11-30,2026-02-27,0.004701633317115741,-0.0024279305953871996,0.08035673890419952,0.4852941176470588,0.5147058823529411,0.009744685948005722,0.48248176926398983,3,0.007418261145198957,0.6337918314130263,3602.6029411764707,0.005229172999009266,True,0.8991160395738534
ALPHA_IC,7,neighbor_jaccard_1m,RAW,120,future_excess_return,JOINT_MARKET_REGIME,BULL_LOW_VOL,48,True,2015-11-30,2026-02-27,0.004306874158694538,-0.0052370233361471,0.0870859934997039,0.4583333333333333,0.5416666666666666,0.012569780447425013,0.34263718262293313,3,0.009112864052563738,0.4726147711468249,3667.3333333333335,0.005229172999009266,True,0.8236243397398654
ALPHA_IC,7,neighbor_jaccard_1m,INDUSTRY_SIZE_NEUTRAL,120,future_excess_return,MARKET_TREND,BULL,69,True,2015-11-30,2026-03-31,0.011619872743051884,0.0148799823233362,0.05683273889894349,0.5942028985507246,0.4057971014492754,0.006841857755550091,1.69835052966804,3,0.005909366168800167,1.9663484054181015,3894.8260869565215,0.012101195886467846,True,0.9602251589072943
ALPHA_IC,7,neighbor_jaccard_1m,INDUSTRY_SIZE_NEUTRAL,120,future_excess_return,MARKET_VOL,LOW_VOL,68,True,2015-11-30,2026-02-27,0.006531588321764577,0.0104386433111772,0.05304803288394319,0.5588235294117647,0.4411764705882353,0.0064330189062275535,1.0153224196872175,3,0.005994195284218908,1.0896522405535367,3602.6029411764707,0.012101195886467846,True,0.5397473425802918
ALPHA_IC,7,neighbor_jaccard_1m,INDUSTRY_SIZE_NEUTRAL,120,future_excess_return,JOINT_MARKET_REGIME,BULL_LOW_VOL,48,True,2015-11-30,2026-02-27,0.007857555349514036,0.0121031884258439,0.0582974177295534,0.5625,0.4375,0.00841450745480443,0.9338104923809425,3,0.007674042928182761,1.0239133952010262,3667.3333333333335,0.012101195886467846,True,0.6493205649452168
ALPHA_IC,8,neighbor_retention_1m,RAW,120,future_excess_return,MARKET_TREND,BULL,69,True,2015-11-30,2026-03-31,0.009167222182511868,0.0055974599315743,0.0818919551402569,0.5072463768115942,0.4927536231884058,0.00985863288042137,0.9298674870749472,3,0.006838129631771771,1.340603743444481,3835.4347826086955,0.008270288950840591,True,1.1084524660507917
ALPHA_IC,8,neighbor_retention_1m,RAW,120,future_excess_return,MARKET_VOL,LOW_VOL,68,True,2015-11-30,2026-02-27,0.0055584019935661375,-0.006674337782264599,0.07182413818841611,0.45588235294117646,0.5441176470588235,0.008709956124111727,0.6381664745909387,3,0.0070763842252918804,0.7854861772061097,3544.779411764706,0.008270288950840591,True,0.6720928406015587
ALPHA_IC,8,neighbor_retention_1m,RAW,120,future_excess_return,JOINT_MARKET_REGIME,BULL_LOW_VOL,48,True,2015-11-30,2026-02-27,0.006634212113404159,-0.0145663643111708,0.07712091142679961,0.4583333333333333,0.5416666666666666,0.01113144474310301,0.595988415386483,3,0.008377089940384108,0.7919471034233596,3613.2916666666665,0.008270288950840591,True,0.8021741625762494
ALPHA_IC,8,neighbor_retention_1m,INDUSTRY_SIZE_NEUTRAL,120,future_excess_return,MARKET_TREND,BULL,69,True,2015-11-30,2026-03-31,0.013356907968811789,0.0205720222862646,0.05298548267112966,0.6231884057971014,0.37681159420289856,0.006378702532525185,2.0939850856352895,3,0.0055640448345249454,2.4005751869453067,3835.4347826086955,0.013881284135949171,True,0.9622242321386265
ALPHA_IC,8,neighbor_retention_1m,INDUSTRY_SIZE_NEUTRAL,120,future_excess_return,MARKET_VOL,LOW_VOL,68,True,2015-11-30,2026-02-27,0.006569828756068537,0.0095934219095687,0.04726369298713107,0.5294117647058824,0.47058823529411764,0.005731564660079591,1.1462539717692561,3,0.005428583974841902,1.210228815933509,3544.779411764706,0.013881284135949171,True,0.4732868149463398
ALPHA_IC,8,neighbor_retention_1m,INDUSTRY_SIZE_NEUTRAL,120,future_excess_return,JOINT_MARKET_REGIME,BULL_LOW_VOL,48,True,2015-11-30,2026-02-27,0.008537094143437542,0.0223504291241393,0.052692472438656095,0.5833333333333334,0.4166666666666667,0.007605503286681259,1.1224890479486982,3,0.007205112354405024,1.1848662065926254,3613.2916666666665,0.013881284135949171,True,0.615007520905687
ALPHA_IC,9,outside_community_degree_percentile,RAW,120,future_excess_return,MARKET_VOL,LOW_VOL,68,True,2015-11-30,2026-02-27,0.023419882401942056,0.01583414512832965,0.10808189871704031,0.5441176470588235,0.45588235294117646,0.013106855430225503,1.7868422007565483,3,0.012626765775618812,1.8547807742790172,3704.220588235294,0.007086863271454519,True,3.3046894662517343
ALPHA_IC,9,outside_community_degree_percentile,RAW,120,future_excess_return,JOINT_MARKET_REGIME,BULL_LOW_VOL,48,True,2015-11-30,2026-02-27,0.025381779339101313,0.01173762913975965,0.11765967835905418,0.5416666666666666,0.4583333333333333,0.01698271174334118,1.4945657514945077,3,0.015031603325127294,1.6885610130938158,3774.0208333333335,0.007086863271454519,True,3.5815251920179794
ALPHA_IC,9,outside_community_degree_percentile,INDUSTRY_SIZE_NEUTRAL,120,future_excess_return,MARKET_VOL,LOW_VOL,68,True,2015-11-30,2026-02-27,0.024894751604051357,0.013006503769309449,0.06796749877573968,0.6617647058823529,0.3382352941176471,0.008242269898865109,3.0203756864937357,3,0.008758963186830181,2.8422030179876376,3704.220588235294,0.017261604972296514,True,1.4422037605428597
ALPHA_IC,9,outside_community_degree_percentile,INDUSTRY_SIZE_NEUTRAL,120,future_excess_return,JOINT_MARKET_REGIME,BULL_LOW_VOL,48,True,2015-11-30,2026-02-27,0.029158054966835104,0.0168302361062373,0.07141975233612562,0.6458333333333334,0.3541666666666667,0.010308553309179633,2.8285302595147113,3,0.010282897956386695,2.8355873111358725,3774.0208333333335,0.017261604972296514,True,1.6891856240269334
ALPHA_IC,1,residual_degree_percentile,RAW,60,future_excess_return,JOINT_MARKET_REGIME,BEAR_LOW_VOL,20,True,2016-01-29,2024-08-30,-0.005802023618352055,-0.00801688967149355,0.06653481722681477,0.45,0.55,0.014877637418968186,-0.3899828618591543,2,0.015815891458042845,-0.36684771350030704,3630.8,0.001589046715305569,False,
ALPHA_IC,1,residual_degree_percentile,INDUSTRY_SIZE_NEUTRAL,60,future_excess_return,JOINT_MARKET_REGIME,BEAR_LOW_VOL,20,True,2016-01-29,2024-08-30,-0.002525368077821993,-0.00853553565968885,0.05327859676590786,0.45,0.55,0.011913456411437042,-0.2119761042141904,2,0.012218550345850414,-0.206683117582737,3630.8,0.011060502327838794,False,0.22832309084784994
ALPHA_IC,2,delta_degree_percentile,RAW,60,future_excess_return,JOINT_MARKET_REGIME,BEAR_LOW_VOL,20,True,2016-01-29,2024-08-30,-0.02919480414432981,-0.0201254287699298,0.09195492625311603,0.4,0.6,0.020561746596794748,-1.419860127489404,2,0.022367476226915706,-1.3052346115472115,3630.8,-0.05077493534682359,True,0.5749845656111937
ALPHA_IC,2,delta_degree_percentile,INDUSTRY_SIZE_NEUTRAL,60,future_excess_return,JOINT_MARKET_REGIME,BEAR_LOW_VOL,20,True,2016-01-29,2024-08-30,-0.029470144116361497,-0.02872272894693055,0.036294714309023535,0.25,0.75,0.008115744841891093,-3.6312309825519975,2,0.006714610466581565,-4.3889581179777455,3630.8,-0.03998431936279568,True,0.7370425353240516
ALPHA_IC,3,cross_industry_degree_percentile,RAW,60,future_excess_return,JOINT_MARKET_REGIME,BEAR_LOW_VOL,20,True,2016-01-29,2024-08-30,-0.004472828284365475,-0.0011993324151377497,0.055326630120230195,0.5,0.5,0.012371410591482208,-0.3615455368884971,2,0.013092811304144986,-0.34162474204065285,3630.8,0.006189659816330623,False,0.7226290970893895
ALPHA_IC,3,cross_industry_degree_percentile,INDUSTRY_SIZE_NEUTRAL,60,future_excess_return,JOINT_MARKET_REGIME,BEAR_LOW_VOL,20,True,2016-01-29,2024-08-30,-0.004978897953284453,-0.0009981742544341,0.04906686048965482,0.45,0.55,0.01097168354973668,-0.4537952567365057,2,0.011672869830123172,-0.4265358926933151,3630.8,0.010895633136833865,False,0.45696270154808627
ALPHA_IC,4,cross_industry_degree_ratio,RAW,60,future_excess_return,JOINT_MARKET_REGIME,BEAR_LOW_VOL,20,True,2016-01-29,2024-08-30,-0.009257058174645555,-0.01880274796157375,0.07550186455928973,0.35,0.65,0.016882730158255404,-0.5483152362130832,2,0.017327528791632733,-0.534239953426924,3615.25,0.009637533096226194,False,0.9605215444884311
ALPHA_IC,4,cross_industry_degree_ratio,INDUSTRY_SIZE_NEUTRAL,60,future_excess_return,JOINT_MARKET_REGIME,BEAR_LOW_VOL,20,True,2016-01-29,2024-08-30,-0.010074917657374168,-0.01813784321539635,0.04361917552916679,0.35,0.65,0.00975354416057123,-1.0329494070578051,2,0.008361418673534973,-1.204929217246668,3615.25,-0.0006697582336243495,True,
ALPHA_IC,5,delta_residual_degree_percentile_1m,RAW,60,future_excess_return,JOINT_MARKET_REGIME,BEAR_LOW_VOL,20,True,2016-01-29,2024-08-30,0.013242385680567095,0.00453428903861215,0.04111681960470157,0.5,0.5,0.009194000365470875,1.4403290356937983,2,0.009259433604513452,1.4301507247821483,3566.25,0.008511481167577974,True,1.5558262328077672
ALPHA_IC,5,delta_residual_degree_percentile_1m,INDUSTRY_SIZE_NEUTRAL,60,future_excess_return,JOINT_MARKET_REGIME,BEAR_LOW_VOL,20,True,2016-01-29,2024-08-30,0.005693519283248351,-0.0008938816604653999,0.03046726189004979,0.5,0.5,0.006812686867444005,0.8357230258822178,2,0.006543671081106553,0.8700802978449157,3566.25,0.007306474945740254,True,0.7792429763367256
ALPHA_IC,6,delta_cross_industry_degree_percentile_1m,RAW,60,future_excess_return,JOINT_MARKET_REGIME,BEAR_LOW_VOL,20,True,2016-01-29,2024-08-30,0.013871334203330588,-9.989776950019994e-05,0.04335436318200276,0.5,0.5,0.009694330319617226,1.4308708024174575,2,0.009394958797761607,1.4764656771709843,3566.25,0.010319540785240467,True,1.3441813441127222
ALPHA_IC,6,delta_cross_industry_degree_percentile_1m,INDUSTRY_SIZE_NEUTRAL,60,future_excess_return,JOINT_MARKET_REGIME,BEAR_LOW_VOL,20,True,2016-01-29,2024-08-30,0.003965701422475684,0.00202484999508355,0.02820713211581963,0.55,0.45,0.006307306486129016,0.6287472205761725,2,0.006123172781608011,0.6476546659580376,3566.25,0.008119385314345235,True,0.4884238484739884
ALPHA_IC,7,neighbor_jaccard_1m,RAW,60,future_excess_return,JOINT_MARKET_REGIME,BEAR_LOW_VOL,20,True,2016-01-29,2024-08-30,0.0060803745861161395,0.016649008327114398,0.05302553047564386,0.6,0.4,0.011856869068652642,0.5128145171301183,2,0.011373551656212623,0.5346064949548834,3563.35,0.0009102697031392191,True,
ALPHA_IC,7,neighbor_jaccard_1m,INDUSTRY_SIZE_NEUTRAL,60,future_excess_return,JOINT_MARKET_REGIME,BEAR_LOW_VOL,20,True,2016-01-29,2024-08-30,0.00018602224405912527,0.00815894618078365,0.03187772332314526,0.6,0.4,0.007128075631848329,0.02609711984928662,2,0.006877178960843655,0.027049207984592722,3563.35,0.01011719944717235,True,0.018386732912645753
ALPHA_IC,8,neighbor_retention_1m,RAW,60,future_excess_return,JOINT_MARKET_REGIME,BEAR_LOW_VOL,20,True,2016-01-29,2024-08-30,0.011097551063108379,0.01904245318014015,0.04873092548925211,0.7,0.3,0.010896566200044491,1.0184447888788182,2,0.009879314622027655,1.1233118376819837,3551.9,0.005112226131812955,True,2.1707864200390605
ALPHA_IC,8,neighbor_retention_1m,INDUSTRY_SIZE_NEUTRAL,60,future_excess_return,JOINT_MARKET_REGIME,BEAR_LOW_VOL,20,True,2016-01-29,2024-08-30,0.006588332172746741,0.011031160334993649,0.030718406598358047,0.6,0.4,0.006868844531440667,0.9591616381168709,2,0.006585280040353892,1.0004634779954908,3551.9,0.01298881957898473,True,0.5072310176212115
ALPHA_IC,9,outside_community_degree_percentile,RAW,60,future_excess_return,JOINT_MARKET_REGIME,BEAR_LOW_VOL,20,True,2016-01-29,2024-08-30,0.021516368227594868,0.021660353659619498,0.07764495525587833,0.6,0.4,0.01736193980620735,1.2392836553840718,2,0.0179281283774524,1.200145814141719,3630.8,0.012553241272110226,True,1.7140089767411855
ALPHA_IC,9,outside_community_degree_percentile,INDUSTRY_SIZE_NEUTRAL,60,future_excess_return,JOINT_MARKET_REGIME,BEAR_LOW_VOL,20,True,2016-01-29,2024-08-30,0.01587643135080392,0.0165025291697092,0.05477977162425587,0.6,0.4,0.012249129314375018,1.2961273363464345,2,0.012532896858032319,1.2667806597824776,3630.8,0.016248613235090983,True,0.9770945446911563
ALPHA_IC,1,residual_degree_percentile,RAW,120,future_excess_return,JOINT_MARKET_REGIME,BEAR_LOW_VOL,20,True,2016-01-29,2024-08-30,-0.015041209585317877,-0.0039167234164523505,0.07655689825373414,0.45,0.55,0.017118642864188446,-0.8786449781473927,2,0.019203112446385683,-0.7832693594495335,3536.7,-0.0009701395968103528,True,
ALPHA_IC,1,residual_degree_percentile,INDUSTRY_SIZE_NEUTRAL,120,future_excess_return,JOINT_MARKET_REGIME,BEAR_LOW_VOL,20,True,2016-01-29,2024-08-30,-0.005750143309159744,-0.00991433864936485,0.057556485809932244,0.4,0.6,0.012870021481701053,-0.44678583616472234,2,0.013356670163194313,-0.4305072476076304,3536.7,0.01253447248684205,False,0.45874633457418373
ALPHA_IC,2,delta_degree_percentile,RAW,120,future_excess_return,JOINT_MARKET_REGIME,BEAR_LOW_VOL,20,True,2016-01-29,2024-08-30,-0.021488898124405516,-0.01965668572321265,0.10334212848719489,0.45,0.55,0.023108002423688528,-0.9299331777106259,2,0.024516408309385628,-0.8765108597158953,3536.7,-0.0461150159053922,True,0.46598483601287954
ALPHA_IC,2,delta_degree_percentile,INDUSTRY_SIZE_NEUTRAL,120,future_excess_return,JOINT_MARKET_REGIME,BEAR_LOW_VOL,20,True,2016-01-29,2024-08-30,-0.018506127628569846,-0.0161188109001485,0.04387003815120334,0.45,0.55,0.009809638748159986,-1.8865248867641613,2,0.009253756217922062,-1.9998503518742372,3536.7,-0.03486298478356557,True,0.5308245333398316
ALPHA_IC,3,cross_industry_degree_percentile,RAW,120,future_excess_return,JOINT_MARKET_REGIME,BEAR_LOW_VOL,20,True,2016-01-29,2024-08-30,-0.01230458629074846,-0.0059358516423825,0.05952474896113465,0.45,0.55,0.013310138502070707,-0.9244521601960933,2,0.014231790367471556,-0.8645845654719627,3536.7,0.002819980567671581,False,
ALPHA_IC,3,cross_industry_degree_percentile,INDUSTRY_SIZE_NEUTRAL,120,future_excess_return,JOINT_MARKET_REGIME,BEAR_LOW_VOL,20,True,2016-01-29,2024-08-30,-0.009064525781534914,-0.013491503840119101,0.05038850825804908,0.35,0.65,0.011267212974980725,-0.8045046988694576,2,0.012122683037035002,-0.7477326392055813,3536.7,0.012252619080596284,False,0.7398031165344757
ALPHA_IC,4,cross_industry_degree_ratio,RAW,120,future_excess_return,JOINT_MARKET_REGIME,BEAR_LOW_VOL,20,True,2016-01-29,2024-08-30,-0.009287715198514304,-0.00749503242475355,0.08237570852992908,0.4,0.6,0.018419768396763066,-0.5042254060125125,2,0.01781356713649587,-0.5213843542591718,3467.15,0.008566537115641325,False,1.0841854851193262
ALPHA_IC,4,cross_industry_degree_ratio,INDUSTRY_SIZE_NEUTRAL,120,future_excess_return,JOINT_MARKET_REGIME,BEAR_LOW_VOL,20,True,2016-01-29,2024-08-30,-0.011106964111445605,-0.01176193058575845,0.046542483239655874,0.4,0.6,0.010407215636551517,-1.0672368575160947,2,0.008854251356664962,-1.2544215952357094,3467.15,0.002341775778968675,False,
ALPHA_IC,5,delta_residual_degree_percentile_1m,RAW,120,future_excess_return,JOINT_MARKET_REGIME,BEAR_LOW_VOL,20,True,2016-01-29,2024-08-30,-0.0038404706690935457,-0.010865892208705149,0.045201833416205796,0.35,0.65,0.01010743722262577,-0.3799648303030316,2,0.00971154413993078,-0.3954541743060974,3484.9,0.006457960470612781,False,0.5946878564168623
ALPHA_IC,5,delta_residual_degree_percentile_1m,INDUSTRY_SIZE_NEUTRAL,120,future_excess_return,JOINT_MARKET_REGIME,BEAR_LOW_VOL,20,True,2016-01-29,2024-08-30,0.0003803075193475501,0.0062749332017136995,0.02914397498645852,0.55,0.45,0.006516790920427476,0.058358097411939584,2,0.006284079663633819,0.06051920721953965,3484.9,0.006257083985748023,True,0.06078031239692318
ALPHA_IC,6,delta_cross_industry_degree_percentile_1m,RAW,120,future_excess_return,JOINT_MARKET_REGIME,BEAR_LOW_VOL,20,True,2016-01-29,2024-08-30,-0.0035594951756497003,-0.01318141512213295,0.04102297772127825,0.4,0.6,0.009173016682423757,-0.3880397582258824,2,0.008397813120508826,-0.4238597745116326,3484.9,0.008808832249348003,False,0.40408252477655715
ALPHA_IC,6,delta_cross_industry_degree_percentile_1m,INDUSTRY_SIZE_NEUTRAL,120,future_excess_return,JOINT_MARKET_REGIME,BEAR_LOW_VOL,20,True,2016-01-29,2024-08-30,-0.001627563187721455,0.0004743990426396,0.02811240022986718,0.5,0.5,0.006286123792466372,-0.25891363922422495,2,0.005973717908655772,-0.2724539746617689,3484.9,0.006811870490322519,False,0.23893043621919996
ALPHA_IC,7,neighbor_jaccard_1m,RAW,120,future_excess_return,JOINT_MARKET_REGIME,BEAR_LOW_VOL,20,True,2016-01-29,2024-08-30,0.00564905529732663,0.010563684488487251,0.0633123971447224,0.55,0.45,0.014157082383406286,0.3990268011682949,2,0.014660568020658292,0.38532308498323625,3447.25,0.005229172999009266,True,1.0802961191754255
ALPHA_IC,7,neighbor_jaccard_1m,INDUSTRY_SIZE_NEUTRAL,120,future_excess_return,JOINT_MARKET_REGIME,BEAR_LOW_VOL,20,True,2016-01-29,2024-08-30,0.0033492674551658754,0.010428662753950851,0.03874591237772866,0.55,0.45,0.008663849392685179,0.38657960259485075,2,0.007838892954539253,0.42726281307699465,3447.25,0.012101195886467846,True,0.2767716089044713
ALPHA_IC,8,neighbor_retention_1m,RAW,120,future_excess_return,JOINT_MARKET_REGIME,BEAR_LOW_VOL,20,True,2016-01-29,2024-08-30,0.002976457705954891,-0.00018503595077335,0.058895818360636974,0.45,0.55,0.01316950534448645,0.2260113518387398,2,0.013130407615492832,0.22668433403719385,3380.35,0.008270288950840591,True,0.35989766786230176
ALPHA_IC,8,neighbor_retention_1m,INDUSTRY_SIZE_NEUTRAL,120,future_excess_return,JOINT_MARKET_REGIME,BEAR_LOW_VOL,20,True,2016-01-29,2024-08-30,0.0018483918263829246,-0.00452128248002755,0.03123884968055346,0.4,0.6,0.006985219142461512,0.26461472270024905,2,0.005973915596418964,0.30941043550915487,3380.35,0.013881284135949171,True,0.13315712064390617
ALPHA_IC,9,outside_community_degree_percentile,RAW,120,future_excess_return,JOINT_MARKET_REGIME,BEAR_LOW_VOL,20,True,2016-01-29,2024-08-30,0.018711329752759825,0.0164630691792585,0.08315708930257162,0.55,0.45,0.01859449044915707,1.0062835442531877,2,0.019641450846017948,0.9526449904057525,3536.7,0.007086863271454519,True,2.6402837244127446
ALPHA_IC,9,outside_community_degree_percentile,INDUSTRY_SIZE_NEUTRAL,120,future_excess_return,JOINT_MARKET_REGIME,BEAR_LOW_VOL,20,True,2016-01-29,2024-08-30,0.014662823533370345,0.01118341153756835,0.05929805543732115,0.7,0.3,0.01325944828914011,1.1058396408076527,2,0.013300206569804537,1.1024508120542547,3536.7,0.017261604972296514,True,0.8494472881810814
ALPHA_IC,1,residual_degree_percentile,RAW,252,future_excess_return,ALL_SAMPLE,ALL,127,True,2016-01-29,2026-07-31,0.0023324799223115897,0.0176855144282655,0.10867171612315935,0.5590551181102362,0.4409448818897638,0.00964305546913055,0.24188183193370077,4,0.007978325624840297,0.29235205881412984,3758.251968503937,0.0023324799223115897,True,
ALPHA_IC,1,residual_degree_percentile,RAW,252,future_excess_return,TIME_SUBSAMPLE,P1_2015_2018,36,True,2016-01-29,2018-12-28,0.01686842603707135,0.03548524662056,0.11740824158528072,0.6111111111111112,0.3888888888888889,0.019568040264213455,0.8620396222262874,3,0.01852400461504323,0.9106252339935504,2253.25,0.0023324799223115897,True,
ALPHA_IC,1,residual_degree_percentile,RAW,252,future_excess_return,MARKET_TREND,BEAR,60,True,2016-01-29,2026-07-31,0.004393656982360983,0.012281154609520749,0.10769211145131734,0.55,0.45,0.013902991805628836,0.31602241041256635,3,0.012963662945159262,0.33892095165908415,3625.2,0.0023324799223115897,True,
ALPHA_IC,1,residual_degree_percentile,RAW,252,future_excess_return,MARKET_VOL,LOW_VOL,66,True,2016-01-29,2026-02-27,0.01030546084472379,0.02215640694069455,0.09357728802012799,0.6212121212121212,0.3787878787878788,0.011518567904200005,0.8946824753245687,3,0.010142258873539634,1.0160912843202945,3547.560606060606,0.0023324799223115897,True,
ALPHA_IC,1,residual_degree_percentile,RAW,252,future_excess_return,JOINT_MARKET_REGIME,BEAR_LOW_VOL,20,True,2016-01-29,2024-08-30,-0.002863452667007748,0.012281154609520749,0.08425951218288243,0.6,0.4,0.01884099969918968,-0.15197986904754848,2,0.021828870893035895,-0.13117731471494848,3310.8,0.0023324799223115897,False,
ALPHA_IC,1,residual_degree_percentile,INDUSTRY_SIZE_NEUTRAL,252,future_excess_return,ALL_SAMPLE,ALL,127,True,2016-01-29,2026-07-31,0.014605529179785779,0.0120062266803613,0.06409103624731984,0.5984251968503937,0.4015748031496063,0.0056871598209283355,2.5681587364642877,4,0.005713697321473522,2.5562308183344786,3758.251968503937,0.014605529179785779,True,1.0
ALPHA_IC,1,residual_degree_percentile,INDUSTRY_SIZE_NEUTRAL,252,future_excess_return,TIME_SUBSAMPLE,P1_2015_2018,36,True,2016-01-29,2018-12-28,0.011690493363227646,0.0138627507522365,0.06148669144712836,0.5833333333333334,0.4166666666666667,0.010247781907854726,1.1407828024001085,3,0.011137765297213244,1.0496264781367495,2253.25,0.014605529179785779,True,0.8004155973620882
ALPHA_IC,1,residual_degree_percentile,INDUSTRY_SIZE_NEUTRAL,252,future_excess_return,MARKET_TREND,BEAR,60,True,2016-01-29,2026-07-31,0.012039145762804857,0.010806197487448401,0.061064379133479556,0.5666666666666667,0.43333333333333335,0.007883377447682067,1.527155821562838,3,0.007259270171449613,1.658451260039099,3625.2,0.014605529179785779,True,0.8242868583951873
ALPHA_IC,1,residual_degree_percentile,INDUSTRY_SIZE_NEUTRAL,252,future_excess_return,MARKET_VOL,LOW_VOL,66,True,2016-01-29,2026-02-27,0.01809126118471023,0.0259619774753629,0.06219483909581174,0.6363636363636364,0.36363636363636365,0.007655655475523162,2.3631237380720735,3,0.008329126838140237,2.1720477471741475,3547.560606060606,0.014605529179785779,True,1.2386583849182777
ALPHA_IC,1,residual_degree_percentile,INDUSTRY_SIZE_NEUTRAL,252,future_excess_return,JOINT_MARKET_REGIME,BEAR_LOW_VOL,20,True,2016-01-29,2024-08-30,0.006143675527197216,0.0137050156493647,0.05918984778965642,0.55,0.45,0.013235252323553742,0.46419028341936464,2,0.013383332929008318,0.4590542251161387,3310.8,0.014605529179785779,True,0.4206403925234105
ALPHA_IC,2,delta_degree_percentile,RAW,252,future_excess_return,ALL_SAMPLE,ALL,127,True,2016-01-29,2026-07-31,-0.038938242958748606,-0.0345678505119549,0.11775012312094721,0.3858267716535433,0.6141732283464567,0.010448633823592136,-3.726634851613742,4,0.009948768398785949,-3.913875707821307,3758.251968503937,-0.038938242958748606,True,1.0
ALPHA_IC,2,delta_degree_percentile,RAW,252,future_excess_return,TIME_SUBSAMPLE,P1_2015_2018,36,True,2016-01-29,2018-12-28,-0.006499815570771701,0.00627585042906415,0.11189313242894001,0.5277777777777778,0.4722222222222222,0.018648855404823337,-0.34853697075106227,3,0.01920139570774666,-0.3385074538175055,2253.25,-0.038938242958748606,True,0.16692626777375758
ALPHA_IC,2,delta_degree_percentile,RAW,252,future_excess_return,MARKET_TREND,BEAR,60,True,2016-01-29,2026-07-31,-0.030539709427099323,-0.0197102468333198,0.11940952617989081,0.45,0.55,0.015415703542441189,-1.9810778887269092,3,0.01267476152765324,-2.4094898638107805,3625.2,-0.038938242958748606,True,0.7843114405406855
ALPHA_IC,2,delta_degree_percentile,RAW,252,future_excess_return,MARKET_VOL,LOW_VOL,66,True,2016-01-29,2026-02-27,-0.022340205780703858,-0.0141086749643546,0.09857388427166833,0.4090909090909091,0.5909090909090909,0.01213360638662385,-1.8411843164231714,3,0.013858262410395334,-1.6120495570892108,3547.560606060606,-0.038938242958748606,True,0.5737343054839736
ALPHA_IC,2,delta_degree_percentile,RAW,252,future_excess_return,JOINT_MARKET_REGIME,BEAR_LOW_VOL,20,True,2016-01-29,2024-08-30,-0.006079045970014352,0.0020475095939906,0.1001624034976646,0.55,0.45,0.022396994301054074,-0.2714224010731767,2,0.023409118472404,-0.2596870948891423,3310.8,-0.038938242958748606,True,0.15612019208094538
ALPHA_IC,2,delta_degree_percentile,INDUSTRY_SIZE_NEUTRAL,252,future_excess_return,ALL_SAMPLE,ALL,127,True,2016-01-29,2026-07-31,-0.03233989826791829,-0.034782217115566,0.050077553596939786,0.28346456692913385,0.7165354330708661,0.004443664315987884,-7.277754566554992,4,0.00447410367636316,-7.2282406951745575,3758.251968503937,-0.03233989826791829,True,1.0
ALPHA_IC,2,delta_degree_percentile,INDUSTRY_SIZE_NEUTRAL,252,future_excess_return,TIME_SUBSAMPLE,P1_2015_2018,36,True,2016-01-29,2018-12-28,-0.02374662326525935,-0.018484153912681302,0.04711066405755374,0.3888888888888889,0.6111111111111112,0.007851777342925624,-3.0243627943238645,3,0.007974223386203893,-2.977923004557798,2253.25,-0.03233989826791829,True,0.7342825592254998
ALPHA_IC,2,delta_degree_percentile,INDUSTRY_SIZE_NEUTRAL,252,future_excess_return,MARKET_TREND,BEAR,60,True,2016-01-29,2026-07-31,-0.026714103168158334,-0.028739591775658102,0.05196050613467359,0.35,0.65,0.006708072497336637,-3.9823814037139376,3,0.005814581493441136,-4.594329479824458,3625.2,-0.03233989826791829,True,0.8260416574859533
ALPHA_IC,2,delta_degree_percentile,INDUSTRY_SIZE_NEUTRAL,252,future_excess_return,MARKET_VOL,LOW_VOL,66,True,2016-01-29,2026-02-27,-0.02610801008415958,-0.02181688616437635,0.046889373259810525,0.2878787878787879,0.7121212121212122,0.005771682865636532,-4.523465805718736,3,0.0068195644583401785,-3.8283984620498823,3547.560606060606,-0.03233989826791829,True,0.8073003157854444
ALPHA_IC,2,delta_degree_percentile,INDUSTRY_SIZE_NEUTRAL,252,future_excess_return,JOINT_MARKET_REGIME,BEAR_LOW_VOL,20,True,2016-01-29,2024-08-30,-0.00816067925259161,-0.00354854631120705,0.03892067357985356,0.45,0.55,0.008702927185463264,-0.9376936148819692,2,0.008574255157331357,-0.9517653840303408,3310.8,-0.03233989826791829,True,0.2523409067333751
ALPHA_IC,3,cross_industry_degree_percentile,RAW,252,future_excess_return,ALL_SAMPLE,ALL,127,True,2016-01-29,2026-07-31,0.0038334242211345844,0.0096465866310963,0.10091046568298864,0.5433070866141733,0.4566929133858268,0.008954355859201134,0.4281072007201403,4,0.007774370299974263,0.49308485101967353,3758.251968503937,0.0038334242211345844,True,
ALPHA_IC,3,cross_industry_degree_percentile,RAW,252,future_excess_return,TIME_SUBSAMPLE,P1_2015_2018,36,True,2016-01-29,2018-12-28,0.015140091329781216,0.032126752732149294,0.10631366943970573,0.5833333333333334,0.4166666666666667,0.01771894490661762,0.8544578364892786,3,0.01710656165577156,0.8850458458244951,2253.25,0.0038334242211345844,True,
ALPHA_IC,3,cross_industry_degree_percentile,RAW,252,future_excess_return,MARKET_TREND,BEAR,60,True,2016-01-29,2026-07-31,0.00032108610052772275,0.009516896183310551,0.09974332260414087,0.5166666666666667,0.48333333333333334,0.012876807578041046,0.024935225488285948,3,0.012796632178435982,0.025091453442632767,3625.2,0.0038334242211345844,True,
ALPHA_IC,3,cross_industry_degree_percentile,RAW,252,future_excess_return,MARKET_VOL,LOW_VOL,66,True,2016-01-29,2026-02-27,0.013386579056365429,0.021904904191977402,0.08733700030259138,0.5909090909090909,0.4090909090909091,0.010750441584908406,1.2452120176307606,3,0.010090472348421736,1.32665534319206,3547.560606060606,0.0038334242211345844,True,
ALPHA_IC,3,cross_industry_degree_percentile,RAW,252,future_excess_return,JOINT_MARKET_REGIME,BEAR_LOW_VOL,20,True,2016-01-29,2024-08-30,-0.004792817646668774,-0.0034101848607969495,0.06954385904236654,0.5,0.5,0.0155504796236395,-0.30821027792498673,2,0.01826247035965781,-0.26244081727607954,3310.8,0.0038334242211345844,False,
ALPHA_IC,3,cross_industry_degree_percentile,INDUSTRY_SIZE_NEUTRAL,252,future_excess_return,ALL_SAMPLE,ALL,127,True,2016-01-29,2026-07-31,0.013558925727669242,0.0131865468125631,0.05796321428906163,0.5984251968503937,0.4015748031496063,0.005143403550607994,2.636177697172228,4,0.005497069729971703,2.46657335520811,3758.251968503937,0.013558925727669242,True,1.0
ALPHA_IC,3,cross_industry_degree_percentile,INDUSTRY_SIZE_NEUTRAL,252,future_excess_return,TIME_SUBSAMPLE,P1_2015_2018,36,True,2016-01-29,2018-12-28,0.010564376955002603,0.012635468782249,0.05682546870157478,0.5833333333333334,0.4166666666666667,0.009470911450262463,1.1154551502759364,3,0.010837657009146733,0.9747842126842096,2253.25,0.013558925727669242,True,0.7791455729744309
ALPHA_IC,3,cross_industry_degree_percentile,INDUSTRY_SIZE_NEUTRAL,252,future_excess_return,MARKET_TREND,BEAR,60,True,2016-01-29,2026-07-31,0.009543982461554941,0.00814310738514605,0.0543953244294471,0.5833333333333334,0.4166666666666667,0.007022406187559936,1.3590758219685344,3,0.0068584240429251505,1.3915707751258244,3625.2,0.013558925727669242,True,0.7038892795229977
ALPHA_IC,3,cross_industry_degree_percentile,INDUSTRY_SIZE_NEUTRAL,252,future_excess_return,MARKET_VOL,LOW_VOL,66,True,2016-01-29,2026-02-27,0.016942926842477696,0.0212725891264088,0.05781560568067548,0.6212121212121212,0.3787878787878788,0.007116609105107524,2.3807583910036474,3,0.008337386475186104,2.0321628237941916,3547.560606060606,0.013558925727669242,True,1.2495773767609655
ALPHA_IC,3,cross_industry_degree_percentile,INDUSTRY_SIZE_NEUTRAL,252,future_excess_return,JOINT_MARKET_REGIME,BEAR_LOW_VOL,20,True,2016-01-29,2024-08-30,0.0009769888635094114,0.0013679758026427,0.051037856624858505,0.55,0.45,0.011412411683907159,0.08560757275231146,2,0.012113270684685632,0.08065442347825867,3310.8,0.013558925727669242,True,0.07205503467842612
ALPHA_IC,4,cross_industry_degree_ratio,RAW,252,future_excess_return,ALL_SAMPLE,ALL,127,True,2016-01-29,2026-07-31,0.0016210473300158716,1.6932501386339568e-05,0.06926558399298292,0.5039370078740157,0.49606299212598426,0.0061463266834681975,0.2637424617171765,4,0.006281233063088342,0.25807788275553,3456.2913385826773,0.0016210473300158716,True,
ALPHA_IC,4,cross_industry_degree_ratio,RAW,252,future_excess_return,TIME_SUBSAMPLE,P1_2015_2018,36,True,2016-01-29,2018-12-28,-0.006597219697693678,0.0003182106272869,0.07007000161244603,0.5,0.5,0.011678333602074339,-0.5649110500253102,3,0.014298402437872044,-0.46139558082514753,1999.1944444444443,0.0016210473300158716,False,
ALPHA_IC,4,cross_industry_degree_ratio,RAW,252,future_excess_return,MARKET_TREND,BEAR,60,True,2016-01-29,2026-07-31,-0.0074167282357127514,-0.00565537115421975,0.06980563756394362,0.45,0.55,0.009011869058551484,-0.8229955614673428,3,0.008303781848571034,-0.8931747450698103,3317.5833333333335,0.0016210473300158716,False,
ALPHA_IC,4,cross_industry_degree_ratio,RAW,252,future_excess_return,MARKET_VOL,LOW_VOL,66,True,2016-01-29,2026-02-27,0.0007012535004097714,-0.0013504201469175,0.06972056314876943,0.48484848484848486,0.5151515151515151,0.008582008069900749,0.08171205325117825,3,0.010197692600214553,0.06876589910103953,3270.257575757576,0.0016210473300158716,True,
ALPHA_IC,4,cross_industry_degree_ratio,RAW,252,future_excess_return,JOINT_MARKET_REGIME,BEAR_LOW_VOL,20,True,2016-01-29,2024-08-30,-0.013580774020583492,-0.026661805787801147,0.06363014383721471,0.35,0.65,0.014228132703810141,-0.9545015008854048,2,0.013540993064610112,-1.0029378167305432,3060.35,0.0016210473300158716,False,
ALPHA_IC,4,cross_industry_degree_ratio,INDUSTRY_SIZE_NEUTRAL,252,future_excess_return,ALL_SAMPLE,ALL,127,True,2016-01-29,2026-07-31,0.0004447403411718875,0.001539526011619,0.03726079951238904,0.5354330708661418,0.4645669291338583,0.003306361299336717,0.13451050895771918,4,0.0036823027423895987,0.12077777746304398,3456.2913385826773,0.0004447403411718875,True,
ALPHA_IC,4,cross_industry_degree_ratio,INDUSTRY_SIZE_NEUTRAL,252,future_excess_return,TIME_SUBSAMPLE,P1_2015_2018,36,True,2016-01-29,2018-12-28,-0.0031701078866816805,0.00585091457557945,0.04414353590653839,0.5277777777777778,0.4722222222222222,0.007357255984423065,-0.4308818251524072,3,0.008705385214897514,-0.3641548085955667,1999.1944444444443,0.0004447403411718875,False,
ALPHA_IC,4,cross_industry_degree_ratio,INDUSTRY_SIZE_NEUTRAL,252,future_excess_return,MARKET_TREND,BEAR,60,True,2016-01-29,2026-07-31,-0.0027643999418172816,-0.0053541823964706,0.04026350369106305,0.43333333333333335,0.5666666666666667,0.005197995975181602,-0.5318203313385025,3,0.004604455940849773,-0.6003749362203907,3317.5833333333335,0.0004447403411718875,False,
ALPHA_IC,4,cross_industry_degree_ratio,INDUSTRY_SIZE_NEUTRAL,252,future_excess_return,MARKET_VOL,LOW_VOL,66,True,2016-01-29,2026-02-27,-0.0012446173223649316,0.0017227570893157,0.034072217743359084,0.5303030303030303,0.4696969696969697,0.004194000083002545,-0.29676139669360524,3,0.005279498187777106,-0.23574538300750295,3270.257575757576,0.0004447403411718875,False,
ALPHA_IC,4,cross_industry_degree_ratio,INDUSTRY_SIZE_NEUTRAL,252,future_excess_return,JOINT_MARKET_REGIME,BEAR_LOW_VOL,20,True,2016-01-29,2024-08-30,-0.012344420076112904,-0.01044349878343025,0.031184899210289843,0.25,0.75,0.006973155450568759,-1.7702774824998404,2,0.0067173293452385185,-1.8376976089259442,3060.35,0.0004447403411718875,False,
ALPHA_IC,9,outside_community_degree_percentile,RAW,252,future_excess_return,ALL_SAMPLE,ALL,127,True,2016-01-29,2026-07-31,0.01251998155223518,0.0119147116492137,0.1155112901920072,0.5511811023622047,0.44881889763779526,0.01024996952629313,1.2214652463228342,4,0.008509399466855944,1.4713120004531963,3758.251968503937,0.01251998155223518,True,1.0
ALPHA_IC,9,outside_community_degree_percentile,RAW,252,future_excess_return,TIME_SUBSAMPLE,P1_2015_2018,36,True,2016-01-29,2018-12-28,0.033070975050055414,0.0365130583290284,0.12921872984623112,0.6111111111111112,0.3888888888888889,0.021536454974371854,1.5355811849911933,3,0.020789919841570685,1.5907216238481126,2253.25,0.01251998155223518,True,2.6414555734030842
ALPHA_IC,9,outside_community_degree_percentile,RAW,252,future_excess_return,MARKET_TREND,BEAR,60,True,2016-01-29,2026-07-31,0.007649017511177871,3.754168677255247e-05,0.11968838592137948,0.5,0.5,0.015451704180264966,0.4950274365818661,3,0.013478671811691672,0.5674904484685916,3625.2,0.01251998155223518,True,0.6109447908740967
ALPHA_IC,9,outside_community_degree_percentile,RAW,252,future_excess_return,MARKET_VOL,LOW_VOL,66,True,2016-01-29,2026-02-27,0.022874727624599175,0.0327284753465662,0.09742427736201716,0.5909090909090909,0.4090909090909091,0.011992099558074744,1.9074831320255958,3,0.010969549237473111,2.0852933087219983,3547.560606060606,0.01251998155223518,True,1.8270576141955555
ALPHA_IC,9,outside_community_degree_percentile,RAW,252,future_excess_return,JOINT_MARKET_REGIME,BEAR_LOW_VOL,20,True,2016-01-29,2024-08-30,0.01157136771728815,0.0135920133002495,0.06188167898778872,0.55,0.45,0.013837164077851596,0.8362528370831286,2,0.015051054319442154,0.7688077839398181,3310.8,0.01251998155223518,True,0.9242320101679642
ALPHA_IC,9,outside_community_degree_percentile,INDUSTRY_SIZE_NEUTRAL,252,future_excess_return,ALL_SAMPLE,ALL,127,True,2016-01-29,2026-07-31,0.02367503883229097,0.0256451142627218,0.06216543504166297,0.7007874015748031,0.2992125984251969,0.005516290344490422,4.2918405946375175,4,0.005859076353724427,4.0407459133454555,3758.251968503937,0.02367503883229097,True,1.0
ALPHA_IC,9,outside_community_degree_percentile,INDUSTRY_SIZE_NEUTRAL,252,future_excess_return,TIME_SUBSAMPLE,P1_2015_2018,36,True,2016-01-29,2018-12-28,0.032716164714870086,0.0335027897317647,0.058667206311247944,0.6944444444444444,0.3055555555555556,0.009777867718541325,3.3459406137016883,3,0.012590654868078496,2.598448218751231,2253.25,0.02367503883229097,True,1.3818843105865448
ALPHA_IC,9,outside_community_degree_percentile,INDUSTRY_SIZE_NEUTRAL,252,future_excess_return,MARKET_TREND,BEAR,60,True,2016-01-29,2026-07-31,0.01929836672396986,0.0240100278513481,0.06467662497725112,0.6666666666666666,0.3333333333333333,0.008349716380859873,2.311260148692915,3,0.007344576707391232,2.6275669099553287,3625.2,0.02367503883229097,True,0.8151355890343184
ALPHA_IC,9,outside_community_degree_percentile,INDUSTRY_SIZE_NEUTRAL,252,future_excess_return,MARKET_VOL,LOW_VOL,66,True,2016-01-29,2026-02-27,0.029473595447634126,0.03519890574276595,0.055624619200029986,0.7727272727272727,0.22727272727272727,0.006846917312489309,4.304651875066754,3,0.00849567079909915,3.4692487673556514,3547.560606060606,0.02367503883229097,True,1.2449227921617751
ALPHA_IC,9,outside_community_degree_percentile,INDUSTRY_SIZE_NEUTRAL,252,future_excess_return,JOINT_MARKET_REGIME,BEAR_LOW_VOL,20,True,2016-01-29,2024-08-30,0.017045617796070545,0.026996267925743,0.04698767079895656,0.75,0.25,0.010506762601084872,1.6223472865286312,2,0.010579130302809516,1.611249441888783,3310.8,0.02367503883229097,True,0.719982675290129
ALPHA_IC,1,residual_degree_percentile,RAW,252,future_excess_return,MARKET_VOL,HIGH_VOL,61,True,2016-02-29,2026-07-31,-0.006294024026527831,-0.0027896407083994,0.12315852092201239,0.4918032786885246,0.5081967213114754,0.01576883275600476,-0.39914330527293285,3,0.014713464465863628,-0.42777308098513794,3986.2131147540986,0.0023324799223115897,False,
ALPHA_IC,1,residual_degree_percentile,RAW,252,future_excess_return,JOINT_MARKET_REGIME,BEAR_HIGH_VOL,40,True,2016-02-29,2026-07-31,0.00802221180704535,0.012917294463946499,0.11851476696643168,0.525,0.475,0.018738829998900416,0.4281063336140031,3,0.015862147100287407,0.5057456444153134,3782.4,0.0023324799223115897,True,
ALPHA_IC,1,residual_degree_percentile,INDUSTRY_SIZE_NEUTRAL,252,future_excess_return,MARKET_VOL,HIGH_VOL,61,True,2016-02-29,2026-07-31,0.010834081436752772,0.0049881343613558,0.06639061575869296,0.5573770491803278,0.4426229508196721,0.008500447298566801,1.274530745997264,3,0.007908794206852029,1.3698777782542793,3986.2131147540986,0.014605529179785779,True,0.7417794523835032
ALPHA_IC,1,residual_degree_percentile,INDUSTRY_SIZE_NEUTRAL,252,future_excess_return,JOINT_MARKET_REGIME,BEAR_HIGH_VOL,40,True,2016-02-29,2026-07-31,0.014986880880608677,0.0096302776483918,0.06251043500860237,0.575,0.425,0.009883767607755532,1.5163125515869949,3,0.007713302827436146,1.9429913768328249,3782.4,0.014605529179785779,True,1.0261100913310757
ALPHA_IC,2,delta_degree_percentile,RAW,252,future_excess_return,MARKET_VOL,HIGH_VOL,61,True,2016-02-29,2026-07-31,-0.05689677498745277,-0.0566007217971974,0.13401201033828433,0.36065573770491804,0.639344262295082,0.017158479677248924,-3.3159566615272067,3,0.013729361685885528,-4.144167535912868,3986.2131147540986,-0.038938242958748606,True,1.4612055055419304
ALPHA_IC,2,delta_degree_percentile,RAW,252,future_excess_return,JOINT_MARKET_REGIME,BEAR_HIGH_VOL,40,True,2016-02-29,2026-07-31,-0.04277004115564181,-0.03820945136423945,0.12736904843707597,0.4,0.6,0.02013881482347348,-2.1237615783521546,3,0.01376348456367848,-3.1075009353743863,3782.4,-0.038938242958748606,True,1.0984070647705555
ALPHA_IC,2,delta_degree_percentile,INDUSTRY_SIZE_NEUTRAL,252,future_excess_return,MARKET_VOL,HIGH_VOL,61,True,2016-02-29,2026-07-31,-0.03908259695854248,-0.041954851142422,0.0528727339191329,0.2786885245901639,0.7213114754098361,0.006769659884527976,-5.7731994849350645,3,0.005513905387487795,-7.088006451331042,3986.2131147540986,-0.03233989826791829,True,1.2084947402977162
ALPHA_IC,2,delta_degree_percentile,INDUSTRY_SIZE_NEUTRAL,252,future_excess_return,JOINT_MARKET_REGIME,BEAR_HIGH_VOL,40,True,2016-02-29,2026-07-31,-0.0359908151259417,-0.041483876445592,0.05551283374197755,0.3,0.7,0.00877734969974485,-4.100419415554096,3,0.007257860653156616,-4.958873812256018,3782.4,-0.03233989826791829,True,1.1128920328622423
ALPHA_IC,3,cross_industry_degree_percentile,RAW,252,future_excess_return,MARKET_VOL,HIGH_VOL,61,True,2016-02-29,2026-07-31,-0.00650277609239387,-0.0029432427966852,0.11362980281848765,0.4918032786885246,0.5081967213114754,0.014548805420269349,-0.4469628883299397,3,0.013832553315193773,-0.4701067072881748,3986.2131147540986,0.0038334242211345844,False,
ALPHA_IC,3,cross_industry_degree_percentile,RAW,252,future_excess_return,JOINT_MARKET_REGIME,BEAR_HIGH_VOL,40,True,2016-02-29,2026-07-31,0.002878037974125966,0.00960559582814645,0.11258044590619329,0.525,0.475,0.017800531453047483,0.1616826992900395,3,0.01660755598180411,0.17329690035543202,3782.4,0.0038334242211345844,True,
ALPHA_IC,3,cross_industry_degree_percentile,INDUSTRY_SIZE_NEUTRAL,252,future_excess_return,MARKET_VOL,HIGH_VOL,61,True,2016-02-29,2026-07-31,0.009897547472302724,0.0088974883645393,0.05837823365886305,0.5737704918032787,0.4262295081967213,0.007474566893674395,1.324163341247084,3,0.007027778938051086,1.4083464433853508,3986.2131147540986,0.013558925727669242,True,0.7299654612094477
ALPHA_IC,3,cross_industry_degree_percentile,INDUSTRY_SIZE_NEUTRAL,252,future_excess_return,JOINT_MARKET_REGIME,BEAR_HIGH_VOL,40,True,2016-02-29,2026-07-31,0.013827479260577707,0.0111107250958893,0.05613126399735786,0.6,0.4,0.00887513210879292,1.5580026405329015,3,0.007315930841301906,1.890050570532326,3782.4,0.013558925727669242,True,1.0198064019452837
ALPHA_IC,4,cross_industry_degree_ratio,RAW,252,future_excess_return,MARKET_VOL,HIGH_VOL,61,True,2016-02-29,2026-07-31,0.0026162340964749338,0.0076424262759191,0.06933426403085623,0.5245901639344263,0.47540983606557374,0.008877342838954447,0.29470914258202374,3,0.0076429670693856176,0.34230607991946255,3657.5737704918033,0.0016210473300158716,True,
ALPHA_IC,4,cross_industry_degree_ratio,RAW,252,future_excess_return,JOINT_MARKET_REGIME,BEAR_HIGH_VOL,40,True,2016-02-29,2026-07-31,-0.0043347053432773825,-0.00039781904040323023,0.07328025277142666,0.5,0.5,0.011586625313528725,-0.37411284355731367,3,0.010318842458411602,-0.42007670538121883,3446.2,0.0016210473300158716,False,
ALPHA_IC,4,cross_industry_degree_ratio,INDUSTRY_SIZE_NEUTRAL,252,future_excess_return,MARKET_VOL,HIGH_VOL,61,True,2016-02-29,2026-07-31,0.002272569944342873,0.0006878224776514,0.04063712697602548,0.5409836065573771,0.45901639344262296,0.005203050947447222,0.4367764158561365,3,0.005051918885524329,0.44984292025247097,3657.5737704918033,0.0004447403411718875,True,
ALPHA_IC,4,cross_industry_degree_ratio,INDUSTRY_SIZE_NEUTRAL,252,future_excess_return,JOINT_MARKET_REGIME,BEAR_HIGH_VOL,40,True,2016-02-29,2026-07-31,0.0020256101253305313,0.00015643430610778428,0.04368214727445109,0.525,0.475,0.0069067539237090865,0.29327961408573416,3,0.006027875681848421,0.336040461390104,3446.2,0.0004447403411718875,True,
ALPHA_IC,5,delta_residual_degree_percentile_1m,RAW,252,future_excess_return,ALL_SAMPLE,ALL,126,True,2016-02-29,2026-07-31,0.0017470135578395688,0.008661534322029301,0.053122640880737974,0.5476190476190477,0.4523809523809524,0.004732540991817919,0.3691491655032629,4,0.004389160654211848,0.3980290755962944,3737.5079365079364,0.0017470135578395688,True,
ALPHA_IC,5,delta_residual_degree_percentile_1m,RAW,252,future_excess_return,TIME_SUBSAMPLE,P1_2015_2018,35,True,2016-02-29,2018-12-28,-0.005169209444224425,-0.0010606531343164,0.045322982334084355,0.4857142857142857,0.5142857142857142,0.0076609822713273575,-0.6747449949820595,3,0.006716261563919736,-0.7696557668322223,2203.342857142857,0.0017470135578395688,False,
ALPHA_IC,5,delta_residual_degree_percentile_1m,RAW,252,future_excess_return,MARKET_TREND,BEAR,59,True,2016-02-29,2026-07-31,-0.0002097707542473977,0.0098681578518319,0.05429987480163155,0.559322033898305,0.4406779661016949,0.007069241566819491,-0.02967372839994422,3,0.006609255418106186,-0.031738938954110715,3620.6610169491523,0.0017470135578395688,False,
ALPHA_IC,5,delta_residual_degree_percentile_1m,RAW,252,future_excess_return,MARKET_VOL,HIGH_VOL,61,True,2016-02-29,2026-07-31,-0.00013447520787601081,0.0120286521500689,0.06423755331847995,0.5737704918032787,0.4262295081967213,0.00822477590142122,-0.016350014819586006,3,0.007730103812632697,-0.017396300377783884,3950.065573770492,0.0017470135578395688,False,
ALPHA_IC,5,delta_residual_degree_percentile_1m,RAW,252,future_excess_return,JOINT_MARKET_REGIME,BEAR_HIGH_VOL,40,True,2016-02-29,2026-07-31,0.004245833108734799,0.0132116419066133,0.058214760903789534,0.625,0.375,0.00920456189490486,0.46127487187467975,3,0.00867529897863636,0.48941634394278677,3739.45,0.0017470135578395688,True,
ALPHA_IC,5,delta_residual_degree_percentile_1m,INDUSTRY_SIZE_NEUTRAL,252,future_excess_return,ALL_SAMPLE,ALL,126,True,2016-02-29,2026-07-31,0.007600057369464336,0.008641198640188051,0.03236006710890912,0.6031746031746031,0.3968253968253968,0.002882863907965482,2.6362872518765235,4,0.0029932711512166694,2.5390474118507957,3737.5079365079364,0.007600057369464336,True,1.0
ALPHA_IC,5,delta_residual_degree_percentile_1m,INDUSTRY_SIZE_NEUTRAL,252,future_excess_return,TIME_SUBSAMPLE,P1_2015_2018,35,True,2016-02-29,2018-12-28,0.0028997910910333216,0.011988933498584,0.03274398995664864,0.6,0.4,0.005534744485729883,0.5239250156009537,3,0.005212120690633941,0.5563553231305979,2203.342857142857,0.007600057369464336,True,0.38154857918364676
ALPHA_IC,5,delta_residual_degree_percentile_1m,INDUSTRY_SIZE_NEUTRAL,252,future_excess_return,MARKET_TREND,BEAR,59,True,2016-02-29,2026-07-31,0.005892177858270739,0.008283105488792,0.031088325629537387,0.6271186440677966,0.3728813559322034,0.0040473552579267085,1.4558094070766243,3,0.004169187345430563,1.4132677114470706,3620.6610169491523,0.007600057369464336,True,0.7752807080041857
ALPHA_IC,5,delta_residual_degree_percentile_1m,INDUSTRY_SIZE_NEUTRAL,252,future_excess_return,MARKET_VOL,HIGH_VOL,61,True,2016-02-29,2026-07-31,0.007004652282279402,0.0058352831779962,0.03931105511716173,0.5409836065573771,0.45901639344262296,0.005033264844071492,1.3916717079829286,3,0.0054492860665265415,1.2854256863678062,3950.065573770492,0.007600057369464336,True,0.9216578167452835
ALPHA_IC,5,delta_residual_degree_percentile_1m,INDUSTRY_SIZE_NEUTRAL,252,future_excess_return,JOINT_MARKET_REGIME,BEAR_HIGH_VOL,40,True,2016-02-29,2026-07-31,0.005700232653476382,0.007437874423265749,0.03440229137606114,0.575,0.425,0.005439479873856072,1.0479370795861518,3,0.0058648080269628556,0.9719384892515057,3739.45,0.007600057369464336,True,0.7500249506508848
ALPHA_IC,6,delta_cross_industry_degree_percentile_1m,RAW,252,future_excess_return,ALL_SAMPLE,ALL,126,True,2016-02-29,2026-07-31,0.002500401661542384,0.0035830747174807496,0.04630159361051639,0.5317460317460317,0.46825396825396826,0.004124873803623661,0.6061765233510431,4,0.003951719342174066,0.6327376630362546,3737.5079365079364,0.002500401661542384,True,
ALPHA_IC,6,delta_cross_industry_degree_percentile_1m,RAW,252,future_excess_return,TIME_SUBSAMPLE,P1_2015_2018,35,True,2016-02-29,2018-12-28,-0.0067923146004033146,-0.0045475816111376,0.04690049856871125,0.4857142857142857,0.5142857142857142,0.007927631182847002,-0.8567899343122609,3,0.007369372583557213,-0.921695100008724,2203.342857142857,0.002500401661542384,False,
ALPHA_IC,6,delta_cross_industry_degree_percentile_1m,RAW,252,future_excess_return,MARKET_TREND,BEAR,59,True,2016-02-29,2026-07-31,-2.541994375328472e-05,0.0068039128251434,0.04794867539130475,0.559322033898305,0.4406779661016949,0.006242385832166995,-0.004072151968290046,3,0.005612264915864433,-0.004529355640612948,3620.6610169491523,0.002500401661542384,False,
ALPHA_IC,6,delta_cross_industry_degree_percentile_1m,RAW,252,future_excess_return,MARKET_VOL,HIGH_VOL,61,True,2016-02-29,2026-07-31,-0.0006788093402789302,0.0012549932065059,0.054130539472675036,0.5245901639344263,0.47540983606557374,0.00693070538316578,-0.09794231651048285,3,0.006749411411462151,-0.10057311651296674,3950.065573770492,0.002500401661542384,False,
ALPHA_IC,6,delta_cross_industry_degree_percentile_1m,RAW,252,future_excess_return,JOINT_MARKET_REGIME,BEAR_HIGH_VOL,40,True,2016-02-29,2026-07-31,0.0023209548885440197,0.0086282186604587,0.05266877034706987,0.575,0.425,0.008327663792853891,0.2787042015956108,3,0.008164075485326909,0.2842887590536632,3739.45,0.002500401661542384,True,
ALPHA_IC,6,delta_cross_industry_degree_percentile_1m,INDUSTRY_SIZE_NEUTRAL,252,future_excess_return,ALL_SAMPLE,ALL,126,True,2016-02-29,2026-07-31,0.007331037480516441,0.0075455980793445,0.031191838112328157,0.6111111111111112,0.3888888888888889,0.002778789797144038,2.6382123210798727,4,0.0028396956444335414,2.581627892019684,3737.5079365079364,0.007331037480516441,True,1.0
ALPHA_IC,6,delta_cross_industry_degree_percentile_1m,INDUSTRY_SIZE_NEUTRAL,252,future_excess_return,TIME_SUBSAMPLE,P1_2015_2018,35,True,2016-02-29,2018-12-28,0.003758876449621232,0.0023507092825031,0.040116935264985186,0.5428571428571428,0.45714285714285713,0.00678099970517414,0.554324821272751,3,0.005753439187264615,0.6533268758522035,2203.342857142857,0.007331037480516441,True,0.5127345835580743
ALPHA_IC,6,delta_cross_industry_degree_percentile_1m,INDUSTRY_SIZE_NEUTRAL,252,future_excess_return,MARKET_TREND,BEAR,59,True,2016-02-29,2026-07-31,0.00639291431272223,0.0071678494940729,0.03290611718315293,0.6101694915254238,0.3898305084745763,0.004284011560682055,1.4922728900629803,3,0.003920802627652989,1.63051163749833,3620.6610169491523,0.007331037480516441,True,0.8720340510756569
ALPHA_IC,6,delta_cross_industry_degree_percentile_1m,INDUSTRY_SIZE_NEUTRAL,252,future_excess_return,MARKET_VOL,HIGH_VOL,61,True,2016-02-29,2026-07-31,0.007446728939862843,0.0047739792829566,0.036668288313016176,0.5737704918032787,0.4262295081967213,0.004694893228078465,1.5861338220274401,3,0.005011081567745865,1.4860522302798207,3950.065573770492,0.007331037480516441,True,1.0157810486788361
ALPHA_IC,6,delta_cross_industry_degree_percentile_1m,INDUSTRY_SIZE_NEUTRAL,252,future_excess_return,JOINT_MARKET_REGIME,BEAR_HIGH_VOL,40,True,2016-02-29,2026-07-31,0.006220354114502646,0.0075455980793445,0.03715606433305348,0.6,0.4,0.005874889609009707,1.0588035739366297,3,0.005662865216370281,1.0984464360057113,3739.45,0.007331037480516441,True,0.8484957457978305
ALPHA_IC,7,neighbor_jaccard_1m,RAW,252,future_excess_return,ALL_SAMPLE,ALL,126,True,2016-02-29,2026-07-31,0.014906260471675249,0.0199580514474733,0.08004249756599205,0.5873015873015873,0.4126984126984127,0.007130752435086414,2.090419013613478,4,0.006292112380463058,2.3690391350858624,3519.0793650793653,0.014906260471675249,True,1.0
ALPHA_IC,7,neighbor_jaccard_1m,RAW,252,future_excess_return,TIME_SUBSAMPLE,P1_2015_2018,35,True,2016-02-29,2018-12-28,0.01868207311749691,0.021482415754958,0.082957817939042,0.5428571428571428,0.45714285714285713,0.014022430558835002,1.3322992072673194,3,0.014073903478045227,1.327426548479621,2027.4571428571428,0.014906260471675249,True,1.2533038150645783
ALPHA_IC,7,neighbor_jaccard_1m,RAW,252,future_excess_return,MARKET_TREND,BEAR,59,True,2016-02-29,2026-07-31,0.018300852477370018,0.021482415754958,0.08117367969770972,0.576271186440678,0.423728813559322,0.01056791296015104,1.7317376237274058,3,0.008870625173392335,2.0630848581297165,3404.813559322034,0.014906260471675249,True,1.2277292827496973
ALPHA_IC,7,neighbor_jaccard_1m,RAW,252,future_excess_return,MARKET_VOL,HIGH_VOL,61,True,2016-02-29,2026-07-31,0.015194137015685574,0.013851074368326,0.0870418952363443,0.5737704918032787,0.4262295081967213,0.011144572689507526,1.3633664958720815,3,0.00899299367087238,1.689552730910756,3713.6393442622953,0.014906260471675249,True,1.0193124589871045
ALPHA_IC,7,neighbor_jaccard_1m,RAW,252,future_excess_return,JOINT_MARKET_REGIME,BEAR_HIGH_VOL,40,True,2016-02-29,2026-07-31,0.015612141001175462,0.0155109783253723,0.08999225835303039,0.55,0.45,0.014229025408894461,1.0972038177271386,3,0.011014044276332112,1.4174757799661402,3498.075,0.014906260471675249,True,1.0473546353789753
ALPHA_IC,7,neighbor_jaccard_1m,INDUSTRY_SIZE_NEUTRAL,252,future_excess_return,ALL_SAMPLE,ALL,126,True,2016-02-29,2026-07-31,0.015892856640485016,0.01196550643894575,0.04969522784359938,0.6190476190476191,0.38095238095238093,0.004427202770200421,3.5898190043293505,4,0.0043452078566532815,3.6575595839794506,3519.0793650793653,0.015892856640485016,True,1.0
ALPHA_IC,7,neighbor_jaccard_1m,INDUSTRY_SIZE_NEUTRAL,252,future_excess_return,TIME_SUBSAMPLE,P1_2015_2018,35,True,2016-02-29,2018-12-28,0.006912662296752891,-0.0008477427975543,0.056846968610710875,0.4857142857142857,0.5142857142857142,0.009608891477952144,0.7194026816323379,3,0.009418422831523138,0.7339511530122058,2027.4571428571428,0.015892856640485016,True,0.43495404590410575
ALPHA_IC,7,neighbor_jaccard_1m,INDUSTRY_SIZE_NEUTRAL,252,future_excess_return,MARKET_TREND,BEAR,59,True,2016-02-29,2026-07-31,0.016400560174663983,0.0075989393055516,0.049957681434972326,0.5932203389830508,0.4067796610169492,0.00650393614114597,2.5216361013923274,3,0.005199255679429772,3.1544053968245533,3404.813559322034,0.015892856640485016,True,1.0319453919244232
ALPHA_IC,7,neighbor_jaccard_1m,INDUSTRY_SIZE_NEUTRAL,252,future_excess_return,MARKET_VOL,HIGH_VOL,61,True,2016-02-29,2026-07-31,0.018477581189945406,0.0075883757068522,0.05089338801757448,0.5901639344262295,0.4098360655737705,0.006516230610984471,2.8356241964177227,3,0.005471163466688669,3.3772672489949667,3713.6393442622953,0.015892856640485016,True,1.1626343588147732
ALPHA_IC,7,neighbor_jaccard_1m,INDUSTRY_SIZE_NEUTRAL,252,future_excess_return,JOINT_MARKET_REGIME,BEAR_HIGH_VOL,40,True,2016-02-29,2026-07-31,0.014307581175454647,0.0043632727063554,0.05192878165224883,0.55,0.45,0.008210661306933405,1.74256136510865,3,0.006062719204298621,2.3599280608790543,3498.075,0.015892856640485016,True,0.9002523271372068
ALPHA_IC,8,neighbor_retention_1m,RAW,252,future_excess_return,ALL_SAMPLE,ALL,126,True,2016-02-29,2026-07-31,0.009201149692294673,0.01393311877815235,0.06941185263412582,0.5714285714285714,0.42857142857142855,0.006183699312812884,1.487968484047972,4,0.004671831655781463,1.9694951295832994,3440.753968253968,0.009201149692294673,True,1.0
ALPHA_IC,8,neighbor_retention_1m,RAW,252,future_excess_return,TIME_SUBSAMPLE,P1_2015_2018,35,True,2016-02-29,2018-12-28,0.006965679312834261,0.0052774535441474,0.06531597607717789,0.5428571428571428,0.45714285714285713,0.011040415016674578,0.6309254953109864,3,0.009648985539534433,0.7219079440314259,1949.8285714285714,0.009201149692294673,True,0.7570444505068248
ALPHA_IC,8,neighbor_retention_1m,RAW,252,future_excess_return,MARKET_TREND,BEAR,59,True,2016-02-29,2026-07-31,0.01499658228322362,0.0185987653445078,0.06700095560707567,0.6271186440677966,0.3728813559322034,0.008722781445159707,1.7192431539764488,3,0.007327505548436087,2.046614933839845,3332.084745762712,0.009201149692294673,True,1.6298596137156882
ALPHA_IC,8,neighbor_retention_1m,RAW,252,future_excess_return,MARKET_VOL,HIGH_VOL,61,True,2016-02-29,2026-07-31,0.01081780783818207,0.0186146356834227,0.08019448345884832,0.6065573770491803,0.39344262295081966,0.010267851449901175,1.0535609996856925,3,0.007683389159233847,1.4079474062798574,3638.311475409836,0.009201149692294673,True,1.1757017546667277
ALPHA_IC,8,neighbor_retention_1m,RAW,252,future_excess_return,JOINT_MARKET_REGIME,BEAR_HIGH_VOL,40,True,2016-02-29,2026-07-31,0.016624754010216354,0.0247724541837778,0.07173812527728293,0.65,0.35,0.011342793547335616,1.4656666314905689,3,0.008793147806455513,1.8906487615289767,3423.45,0.009201149692294673,True,1.8068126882163906
ALPHA_IC,8,neighbor_retention_1m,INDUSTRY_SIZE_NEUTRAL,252,future_excess_return,ALL_SAMPLE,ALL,126,True,2016-02-29,2026-07-31,0.015543120678449589,0.00500092729596575,0.048641179674401076,0.5396825396825397,0.4603174603174603,0.004333300695955268,3.5869010181909697,4,0.0043162151518669955,3.6010996049922004,3440.753968253968,0.015543120678449589,True,1.0
ALPHA_IC,8,neighbor_retention_1m,INDUSTRY_SIZE_NEUTRAL,252,future_excess_return,TIME_SUBSAMPLE,P1_2015_2018,35,True,2016-02-29,2018-12-28,0.003423541440473625,-0.0153379131552807,0.05425062171756697,0.4,0.6,0.009170028753253798,0.373340316872927,3,0.008298030888492477,0.4125727520755937,1949.8285714285714,0.015543120678449589,True,0.2202608801217337
ALPHA_IC,8,neighbor_retention_1m,INDUSTRY_SIZE_NEUTRAL,252,future_excess_return,MARKET_TREND,BEAR,59,True,2016-02-29,2026-07-31,0.015317258131941982,0.0094909338707379,0.04661848880926191,0.576271186440678,0.423728813559322,0.006069210289649532,2.523764608727453,3,0.0052135970681739165,2.937944365790223,3332.084745762712,0.015543120678449589,True,0.9854686487237557
ALPHA_IC,8,neighbor_retention_1m,INDUSTRY_SIZE_NEUTRAL,252,future_excess_return,MARKET_VOL,HIGH_VOL,61,True,2016-02-29,2026-07-31,0.01880820675239321,0.0105752133812387,0.0505556099640407,0.5737704918032787,0.4262295081967213,0.006472982562900199,2.905647677809633,3,0.005813717016009213,3.2351431451859654,3638.311475409836,0.015543120678449589,True,1.2100663143194041
ALPHA_IC,8,neighbor_retention_1m,INDUSTRY_SIZE_NEUTRAL,252,future_excess_return,JOINT_MARKET_REGIME,BEAR_HIGH_VOL,40,True,2016-02-29,2026-07-31,0.014470915243293667,0.0100330736259883,0.049728707034929716,0.575,0.425,0.007862798966280818,1.8404279831331556,3,0.006583979258941832,2.1978980604534004,3423.45,0.015543120678449589,True,0.9310173640585236
ALPHA_IC,9,outside_community_degree_percentile,RAW,252,future_excess_return,MARKET_VOL,HIGH_VOL,61,True,2016-02-29,2026-07-31,0.0013164858018085569,8.757418522548846e-05,0.13225733137913417,0.5081967213114754,0.4918032786885246,0.01693381605803544,0.07774300826799507,3,0.013802597100979645,0.0953795718426874,3986.2131147540986,0.01251998155223518,True,0.10515077808349693
ALPHA_IC,9,outside_community_degree_percentile,RAW,252,future_excess_return,JOINT_MARKET_REGIME,BEAR_HIGH_VOL,40,True,2016-02-29,2026-07-31,0.005687842408122734,-0.004609104863379191,0.14069190080352528,0.475,0.525,0.02224534274388068,0.25568688572745696,3,0.018433880282810483,0.30855372395070957,3782.4,0.01251998155223518,True,0.4543011812271631
ALPHA_IC,9,outside_community_degree_percentile,INDUSTRY_SIZE_NEUTRAL,252,future_excess_return,MARKET_VOL,HIGH_VOL,61,True,2016-02-29,2026-07-31,0.017401190691100007,0.0237089494877345,0.06845870435239874,0.6229508196721312,0.3770491803278688,0.008765238909529701,1.9852500166517044,3,0.007001246435834561,2.4854418210499336,3986.2131147540986,0.02367503883229097,True,0.7350015691364398
ALPHA_IC,9,outside_community_degree_percentile,INDUSTRY_SIZE_NEUTRAL,252,future_excess_return,JOINT_MARKET_REGIME,BEAR_HIGH_VOL,40,True,2016-02-29,2026-07-31,0.02042474118791952,0.0240100278513481,0.07244797497149695,0.625,0.375,0.011455030638840133,1.7830368011994777,3,0.00868654954822248,2.3513065889434794,3782.4,0.02367503883229097,True,0.862712045906413
ALPHA_IC,1,residual_degree_percentile,RAW,252,future_excess_return,MARKET_TREND,BULL,67,True,2016-04-29,2026-03-31,0.0004866497192822882,0.01909421044866,0.1103205545728226,0.5671641791044776,0.43283582089552236,0.013477800853241182,0.03610750185296418,3,0.01087667219343588,0.04474251964456403,3877.402985074627,0.0023324799223115897,True,
ALPHA_IC,1,residual_degree_percentile,RAW,252,future_excess_return,JOINT_MARKET_REGIME,BULL_LOW_VOL,46,True,2016-04-29,2026-02-27,0.016031075415041847,0.02799444970949585,0.09767474637368095,0.6304347826086957,0.3695652173913043,0.014401355672268966,1.1131643284049324,3,0.011943035246711755,1.342294909449894,3650.5,0.0023324799223115897,True,
ALPHA_IC,1,residual_degree_percentile,INDUSTRY_SIZE_NEUTRAL,252,future_excess_return,MARKET_TREND,BULL,67,True,2016-04-29,2026-03-31,0.01690378298603735,0.0265341258117055,0.067060980823847,0.6268656716417911,0.373134328358209,0.008192802765238228,2.0632478860298584,3,0.008043673059040704,2.101500503807562,3877.402985074627,0.014605529179785779,True,1.1573550521834144
ALPHA_IC,1,residual_degree_percentile,INDUSTRY_SIZE_NEUTRAL,252,future_excess_return,JOINT_MARKET_REGIME,BULL_LOW_VOL,46,True,2016-04-29,2026-02-27,0.0232858636444985,0.0339607993687787,0.06338092806310815,0.6739130434782609,0.32608695652173914,0.00934500801653748,2.491797075325185,3,0.00991867521905514,2.3476788109528126,3650.5,0.014605529179785779,True,1.5943183816116984
ALPHA_IC,2,delta_degree_percentile,RAW,252,future_excess_return,MARKET_TREND,BULL,67,True,2016-04-29,2026-03-31,-0.04645931776321065,-0.0496209881386403,0.11662683204554258,0.3283582089552239,0.6716417910447762,0.014248235268040069,-3.260706809595053,3,0.012871989731077055,-3.6093345888121053,3877.402985074627,-0.038938242958748606,True,1.1931539338441621
ALPHA_IC,2,delta_degree_percentile,RAW,252,future_excess_return,JOINT_MARKET_REGIME,BULL_LOW_VOL,46,True,2016-04-29,2026-02-27,-0.029410275263612333,-0.02167642006141795,0.09813677547741052,0.34782608695652173,0.6521739130434783,0.014469478147123347,-2.0325733218968467,3,0.014438135091544206,-2.0369857379182346,3650.5,-0.038938242958748606,True,0.7553056591374641
ALPHA_IC,2,delta_degree_percentile,INDUSTRY_SIZE_NEUTRAL,252,future_excess_return,MARKET_TREND,BULL,67,True,2016-04-29,2026-03-31,-0.037377923730389895,-0.0364759127850354,0.0481608144688052,0.22388059701492538,0.7761194029850746,0.005883779943401036,-6.352705928832565,3,0.006225467550581438,-6.004034785612033,3877.402985074627,-0.03233989826791829,True,1.1557835903110867
ALPHA_IC,2,delta_degree_percentile,INDUSTRY_SIZE_NEUTRAL,252,future_excess_return,JOINT_MARKET_REGIME,BULL_LOW_VOL,46,True,2016-04-29,2026-02-27,-0.033911197402232605,-0.03518152125295025,0.04827818622496557,0.21739130434782608,0.782608695652174,0.007118230216619332,-4.763992786164492,3,0.008156003226740116,-4.157820498531928,3650.5,-0.03233989826791829,True,1.0485870153733003
ALPHA_IC,3,cross_industry_degree_percentile,RAW,252,future_excess_return,MARKET_TREND,BULL,67,True,2016-04-29,2026-03-31,0.006978801642573568,0.0174692701209884,0.10259290245849777,0.5671641791044776,0.43283582089552236,0.012533717888255292,0.5568021958682385,3,0.01104668240410292,0.6317554345530497,3877.402985074627,0.0038334242211345844,True,
ALPHA_IC,3,cross_industry_degree_percentile,RAW,252,future_excess_return,JOINT_MARKET_REGIME,BULL_LOW_VOL,46,True,2016-04-29,2026-02-27,0.02129066457942378,0.03038387195600325,0.09362212437064757,0.6304347826086957,0.3695652173913043,0.013803829156585345,1.5423738107673346,3,0.01227837181861949,1.7339973812437928,3650.5,0.0038334242211345844,True,
ALPHA_IC,3,cross_industry_degree_percentile,INDUSTRY_SIZE_NEUTRAL,252,future_excess_return,MARKET_TREND,BULL,67,True,2016-04-29,2026-03-31,0.017154397309264147,0.020524765304044,0.06116556761286573,0.6119402985074627,0.3880597014925373,0.007472563409001824,2.295650952737196,3,0.007767768760955489,2.208407309379539,3877.402985074627,0.013558925727669242,True,1.2651737795316444
ALPHA_IC,3,cross_industry_degree_percentile,INDUSTRY_SIZE_NEUTRAL,252,future_excess_return,JOINT_MARKET_REGIME,BULL_LOW_VOL,46,True,2016-04-29,2026-02-27,0.023884639007246515,0.028935489812627148,0.05971499739362135,0.6521739130434783,0.34782608695652173,0.008804496027500115,2.712777532370373,3,0.010013446442761633,2.385256579118359,3650.5,0.013558925727669242,True,1.761543612449026
ALPHA_IC,4,cross_industry_degree_ratio,RAW,252,future_excess_return,MARKET_TREND,BULL,67,True,2016-04-29,2026-03-31,0.00971457768738479,0.0226185688697408,0.0682826492969139,0.5522388059701493,0.44776119402985076,0.008342053323780426,1.1645307588350882,3,0.009319657074171346,1.0423750155258322,3580.507462686567,0.0016210473300158716,True,
ALPHA_IC,4,cross_industry_degree_ratio,RAW,252,future_excess_return,JOINT_MARKET_REGIME,BULL_LOW_VOL,46,True,2016-04-29,2026-02-27,0.006910830683450324,0.012422073442160248,0.0719848530423829,0.5434782608695652,0.45652173913043476,0.010613587546091733,0.6511305110961388,3,0.012215155824188638,0.5657587003323684,3361.521739130435,0.0016210473300158716,True,
ALPHA_IC,4,cross_industry_degree_ratio,INDUSTRY_SIZE_NEUTRAL,252,future_excess_return,MARKET_TREND,BULL,67,True,2016-04-29,2026-03-31,0.0033185973110129345,0.0057429214641913,0.03440295071630728,0.6268656716417911,0.373134328358209,0.004202989373228613,0.789580228813114,3,0.005014538542314512,0.6617951548301795,3580.507462686567,0.0004447403411718875,True,
ALPHA_IC,4,cross_industry_degree_ratio,INDUSTRY_SIZE_NEUTRAL,252,future_excess_return,JOINT_MARKET_REGIME,BULL_LOW_VOL,46,True,2016-04-29,2026-02-27,0.0035813838749167957,0.0066037527478814,0.034463060720274004,0.6521739130434783,0.34782608695652173,0.005081301087682197,0.7048163084841762,3,0.006010335824971695,0.5958708430295843,3361.521739130435,0.0004447403411718875,True,
ALPHA_IC,5,delta_residual_degree_percentile_1m,RAW,252,future_excess_return,MARKET_TREND,BULL,67,True,2016-04-29,2026-03-31,0.0034701519819161533,0.0059046981813319,0.05241376644819142,0.5373134328358209,0.4626865671641791,0.006403360723596699,0.5419266743990343,3,0.005800662574566827,0.5982337254249428,3840.402985074627,0.0017470135578395688,True,
ALPHA_IC,5,delta_residual_degree_percentile_1m,RAW,252,future_excess_return,MARKET_VOL,LOW_VOL,65,True,2016-04-29,2026-02-27,0.0035127183995111123,0.0054631941026385,0.04045550893527755,0.5230769230769231,0.47692307692307695,0.005017888313458503,0.7000391758600193,3,0.005044301757391738,0.6963735653529651,3538.0307692307692,0.0017470135578395688,True,
ALPHA_IC,5,delta_residual_degree_percentile_1m,RAW,252,future_excess_return,JOINT_MARKET_REGIME,BULL_LOW_VOL,46,True,2016-04-29,2026-02-27,0.008924706409091538,0.0077778979315143,0.03764153973977505,0.5652173913043478,0.43478260869565216,0.005549942251914731,1.6080719409310094,3,0.005263934892007521,1.695443920220658,3607.195652173913,0.0017470135578395688,True,
ALPHA_IC,5,delta_residual_degree_percentile_1m,INDUSTRY_SIZE_NEUTRAL,252,future_excess_return,MARKET_TREND,BULL,67,True,2016-04-29,2026-03-31,0.009104010968873621,0.0089327086563216,0.033601278712101536,0.582089552238806,0.417910447761194,0.004105049549918791,2.217759093566537,3,0.004237753330248355,2.148310734343775,3840.402985074627,0.007600057369464336,True,1.1978871377276572
ALPHA_IC,5,delta_residual_degree_percentile_1m,INDUSTRY_SIZE_NEUTRAL,252,future_excess_return,MARKET_VOL,LOW_VOL,65,True,2016-04-29,2026-02-27,0.008158822143591732,0.0100717501422429,0.024409680626733776,0.6615384615384615,0.3384615384615385,0.0030276482579442675,2.6947721295509615,3,0.0027419337271287272,2.9755723352713606,3538.0307692307692,0.007600057369464336,True,1.0735211258236566
ALPHA_IC,5,delta_residual_degree_percentile_1m,INDUSTRY_SIZE_NEUTRAL,252,future_excess_return,JOINT_MARKET_REGIME,BULL_LOW_VOL,46,True,2016-04-29,2026-02-27,0.008928135909446617,0.0135386130954023,0.025009258858764784,0.6304347826086957,0.3695652173913043,0.0036874140481204703,2.4212458359530906,3,0.0034650279689194003,2.576641801893142,3607.195652173913,0.007600057369464336,True,1.174745857224481
ALPHA_IC,6,delta_cross_industry_degree_percentile_1m,RAW,252,future_excess_return,MARKET_TREND,BULL,67,True,2016-04-29,2026-03-31,0.0047246326273997635,0.0019815090649841,0.04504634812775163,0.5074626865671642,0.4925373134328358,0.0055032873210481064,0.8585109865751935,3,0.005043664602918502,0.9367459970803507,3840.402985074627,0.002500401661542384,True,
ALPHA_IC,6,delta_cross_industry_degree_percentile_1m,RAW,252,future_excess_return,MARKET_VOL,LOW_VOL,65,True,2016-04-29,2026-02-27,0.005483968909405464,0.0048805876683932,0.037703120524409724,0.5384615384615384,0.46153846153846156,0.004676496547430098,1.1726660874836101,3,0.004828898963386995,1.135656171517617,3538.0307692307692,0.002500401661542384,True,
ALPHA_IC,6,delta_cross_industry_degree_percentile_1m,RAW,252,future_excess_return,JOINT_MARKET_REGIME,BULL_LOW_VOL,46,True,2016-04-29,2026-02-27,0.009799911985533904,0.00540764227719535,0.03758536832791723,0.5434782608695652,0.45652173913043476,0.005541660229070431,1.7684072246301827,3,0.005782719984599137,1.6946890064941027,3607.195652173913,0.002500401661542384,True,
ALPHA_IC,6,delta_cross_industry_degree_percentile_1m,INDUSTRY_SIZE_NEUTRAL,252,future_excess_return,MARKET_TREND,BULL,67,True,2016-04-29,2026-03-31,0.008157145941708356,0.0080718552108788,0.029826663099193507,0.6119402985074627,0.3880597014925373,0.0036439068578311834,2.2385714728623465,3,0.003862870715295815,2.1116797695062623,3840.402985074627,0.007331037480516441,True,1.1126864326348689
ALPHA_IC,6,delta_cross_industry_degree_percentile_1m,INDUSTRY_SIZE_NEUTRAL,252,future_excess_return,MARKET_VOL,LOW_VOL,65,True,2016-04-29,2026-02-27,0.007222465495591356,0.0086783795224233,0.025292341005835,0.6461538461538462,0.35384615384615387,0.0031371288037984977,2.3022534130081787,3,0.002833364225940012,2.5490776757425855,3538.0307692307692,0.007331037480516441,True,0.985190092778323
ALPHA_IC,6,delta_cross_industry_degree_percentile_1m,INDUSTRY_SIZE_NEUTRAL,252,future_excess_return,JOINT_MARKET_REGIME,BULL_LOW_VOL,46,True,2016-04-29,2026-02-27,0.0074150538552811415,0.009091367738857749,0.026657517769300608,0.6521739130434783,0.34782608695652173,0.003930436566139612,1.8865725805528124,3,0.003521175863884857,2.1058459281554405,3607.195652173913,0.007331037480516441,True,1.0114603662834885
ALPHA_IC,7,neighbor_jaccard_1m,RAW,252,future_excess_return,MARKET_TREND,BULL,67,True,2016-04-29,2026-03-31,0.011916992884570906,0.0184336871399886,0.07952510255115834,0.5970149253731343,0.40298507462686567,0.009715537591053204,1.2265911971299424,3,0.008619057498826448,1.382632948694622,3619.7014925373132,0.014906260471675249,True,0.7994622733995207
ALPHA_IC,7,neighbor_jaccard_1m,RAW,252,future_excess_return,MARKET_VOL,LOW_VOL,65,True,2016-04-29,2026-02-27,0.014636099407296328,0.0229422510167789,0.07355513303095766,0.6,0.4,0.009123391403168755,1.604238902017608,3,0.010252748368467892,1.4275293688382462,3336.492307692308,0.014906260471675249,True,0.9818760000274865
ALPHA_IC,7,neighbor_jaccard_1m,RAW,252,future_excess_return,JOINT_MARKET_REGIME,BULL_LOW_VOL,46,True,2016-04-29,2026-02-27,0.010784387072966284,0.02068796907838375,0.07866951523587579,0.5869565217391305,0.41304347826086957,0.01159918721613501,0.9297536863587044,3,0.011704106825366505,0.9214190569068544,3389.3695652173915,0.014906260471675249,True,0.7234803855372504
ALPHA_IC,7,neighbor_jaccard_1m,INDUSTRY_SIZE_NEUTRAL,252,future_excess_return,MARKET_TREND,BULL,67,True,2016-04-29,2026-03-31,0.015445774423819954,0.0139816831937223,0.04983589774582406,0.6417910447761194,0.3582089552238806,0.006088423936604969,2.5369084979376186,3,0.006331303275148548,2.439588462686232,3619.7014925373132,0.015892856640485016,True,0.9718689832307316
ALPHA_IC,7,neighbor_jaccard_1m,INDUSTRY_SIZE_NEUTRAL,252,future_excess_return,MARKET_VOL,LOW_VOL,65,True,2016-04-29,2026-02-27,0.013467192063299119,0.0170333003880569,0.04881466274762279,0.6461538461538462,0.35384615384615387,0.006054713737963115,2.2242491794219257,3,0.006928199526459334,1.9438227799108359,3336.492307692308,0.015892856640485016,True,0.8473739094199826
ALPHA_IC,7,neighbor_jaccard_1m,INDUSTRY_SIZE_NEUTRAL,252,future_excess_return,JOINT_MARKET_REGIME,BULL_LOW_VOL,46,True,2016-04-29,2026-02-27,0.010435601757118555,0.0155074917908896,0.04989193972075988,0.6304347826086957,0.3695652173913043,0.007356165188791048,1.4186198228690943,3,0.008277711109699253,1.2606868757343843,3389.3695652173915,0.015892856640485016,True,0.6566221537879601
ALPHA_IC,8,neighbor_retention_1m,RAW,252,future_excess_return,MARKET_TREND,BULL,67,True,2016-04-29,2026-03-31,0.004097709052521418,0.01009689522082,0.07157900660460437,0.5223880597014925,0.47761194029850745,0.008744767464460818,0.4685898246208053,3,0.007373169512772246,0.5557595068746379,3536.4477611940297,0.009201149692294673,True,0.44534750433991593
ALPHA_IC,8,neighbor_retention_1m,RAW,252,future_excess_return,MARKET_VOL,LOW_VOL,65,True,2016-04-29,2026-02-27,0.007683978201538809,0.01009689522082,0.058104472709320905,0.5384615384615384,0.46153846153846156,0.007206972850946525,1.0661866445812456,3,0.007352372275429354,1.045101895508969,3255.353846153846,0.009201149692294673,True,0.8351106610050709
ALPHA_IC,8,neighbor_retention_1m,RAW,252,future_excess_return,JOINT_MARKET_REGIME,BULL_LOW_VOL,46,True,2016-04-29,2026-02-27,0.006079356278227896,0.00610624694868475,0.05894158012271558,0.5217391304347826,0.4782608695652174,0.008690461872153787,0.6995435188211957,3,0.0091034555826396,0.6678075400094555,3303.108695652174,0.009201149692294673,True,0.6607170279295571
ALPHA_IC,8,neighbor_retention_1m,INDUSTRY_SIZE_NEUTRAL,252,future_excess_return,MARKET_TREND,BULL,67,True,2016-04-29,2026-03-31,0.01574201456268763,0.0035128553171498,0.050705543571065465,0.5074626865671642,0.4925373134328358,0.006194668083861492,2.541220021731129,3,0.006278518537933799,2.5072816887577716,3536.4477611940297,0.015543120678449589,True,1.0127962645566928
ALPHA_IC,8,neighbor_retention_1m,INDUSTRY_SIZE_NEUTRAL,252,future_excess_return,MARKET_VOL,LOW_VOL,65,True,2016-04-29,2026-02-27,0.012478962978287121,0.0010843157610727,0.046959551414033976,0.5076923076923077,0.49230769230769234,0.005824615496067993,2.142452662619749,3,0.0057534630914348895,2.1689481239332884,3255.353846153846,0.015543120678449589,True,0.8028608434848674
ALPHA_IC,8,neighbor_retention_1m,INDUSTRY_SIZE_NEUTRAL,252,future_excess_return,JOINT_MARKET_REGIME,BULL_LOW_VOL,46,True,2016-04-29,2026-02-27,0.010570673337735492,-0.0034568377066645003,0.04967517923321941,0.4782608695652174,0.5217391304347826,0.007324205598490992,1.443251857909801,3,0.0076612247635796694,1.3797628530606374,3303.108695652174,0.015543120678449589,True,0.6800869372642551
ALPHA_IC,9,outside_community_degree_percentile,RAW,252,future_excess_return,MARKET_TREND,BULL,67,True,2016-04-29,2026-03-31,0.016882038902435753,0.0210645686130454,0.11236496486590886,0.5970149253731343,0.40298507462686567,0.013727565322783842,1.2297911906065662,3,0.01216819807127906,1.387390212054725,3877.402985074627,0.01251998155223518,True,1.3484076499634952
ALPHA_IC,9,outside_community_degree_percentile,RAW,252,future_excess_return,JOINT_MARKET_REGIME,BULL_LOW_VOL,46,True,2016-04-29,2026-02-27,0.027789231932125714,0.037011709925273154,0.1095975475650862,0.6086956521739131,0.391304347826087,0.016159276802775693,1.7197076497478114,3,0.014526276633615613,1.9130319925078374,3650.5,0.01251998155223518,True,2.2195904855118997
ALPHA_IC,9,outside_community_degree_percentile,INDUSTRY_SIZE_NEUTRAL,252,future_excess_return,MARKET_TREND,BULL,67,True,2016-04-29,2026-03-31,0.027594446690488977,0.0281979076216282,0.06004452501439933,0.7313432835820896,0.26865671641791045,0.007335606257647436,3.761713172884861,3,0.007824577122608166,3.5266374473782323,3877.402985074627,0.02367503883229097,True,1.1655502187752371
ALPHA_IC,9,outside_community_degree_percentile,INDUSTRY_SIZE_NEUTRAL,252,future_excess_return,JOINT_MARKET_REGIME,BULL_LOW_VOL,46,True,2016-04-29,2026-02-27,0.034877063991792204,0.03904044441171975,0.05863924126824999,0.782608695652174,0.21739130434782608,0.00864588444002975,4.03394982129465,3,0.010324930006666034,3.377946772450244,3650.5,0.02367503883229097,True,1.4731576255842298
ALPHA_IC,5,delta_residual_degree_percentile_1m,RAW,252,future_excess_return,JOINT_MARKET_REGIME,BEAR_LOW_VOL,19,True,2017-01-26,2024-08-30,-0.009589989413157286,-0.009138596528784,0.04495453044407628,0.42105263157894735,0.5789473684210527,0.01031327659263427,-0.9298683427152963,2,0.009999861696864855,-0.9590122047551847,3370.5789473684213,0.0017470135578395688,False,
ALPHA_IC,5,delta_residual_degree_percentile_1m,INDUSTRY_SIZE_NEUTRAL,252,future_excess_return,JOINT_MARKET_REGIME,BEAR_LOW_VOL,19,True,2017-01-26,2024-08-30,0.006296273026258859,0.0092798641479234,0.023445334453341748,0.7368421052631579,0.2631578947368421,0.005378728609454163,1.170587602280571,2,0.004806472645045225,1.3099571122597362,3370.5789473684213,0.007600057369464336,True,0.8284507234848189
ALPHA_IC,6,delta_cross_industry_degree_percentile_1m,RAW,252,future_excess_return,JOINT_MARKET_REGIME,BEAR_LOW_VOL,19,True,2017-01-26,2024-08-30,-0.004965156432800243,0.0022855617665683,0.03687558964430228,0.5263157894736842,0.47368421052631576,0.008459840460157294,-0.5869089915092708,2,0.006813641349794995,-0.728708216048036,3370.5789473684213,0.002500401661542384,False,
ALPHA_IC,6,delta_cross_industry_degree_percentile_1m,INDUSTRY_SIZE_NEUTRAL,252,future_excess_return,JOINT_MARKET_REGIME,BEAR_LOW_VOL,19,True,2017-01-26,2024-08-30,0.006756198940552932,0.0062653635749182,0.02230729528951669,0.631578947368421,0.3684210526315789,0.005117644519511797,1.3201774595312157,2,0.004406797477735645,1.5331312534072896,3370.5789473684213,0.007331037480516441,True,0.9215883779763442
ALPHA_IC,7,neighbor_jaccard_1m,RAW,252,future_excess_return,JOINT_MARKET_REGIME,BEAR_LOW_VOL,19,True,2017-01-26,2024-08-30,0.023961297690411176,0.0320867311269256,0.060290062326827605,0.631578947368421,0.3684210526315789,0.013831488893811063,1.7323729841646132,2,0.01601063691140492,1.4965861647479328,3208.4736842105262,0.014906260471675249,True,1.6074653824775325
ALPHA_IC,7,neighbor_jaccard_1m,INDUSTRY_SIZE_NEUTRAL,252,future_excess_return,JOINT_MARKET_REGIME,BEAR_LOW_VOL,19,True,2017-01-26,2024-08-30,0.020806831751946805,0.0175101068045323,0.04657324470509749,0.6842105263157895,0.3157894736842105,0.010684635112753194,1.9473600672719038,2,0.010102388920742061,2.0595952022027735,3208.4736842105262,0.015892856640485016,True,1.3091939493711953
ALPHA_IC,8,neighbor_retention_1m,RAW,252,future_excess_return,JOINT_MARKET_REGIME,BEAR_LOW_VOL,19,True,2017-01-26,2024-08-30,0.011568852331659961,0.0145372178637497,0.05741281596704846,0.5789473684210527,0.42105263157894735,0.013171403308655927,0.8783310373661697,2,0.013293107940768057,0.8702895051487507,3139.7368421052633,0.009201149692294673,True,1.257326825293156
ALPHA_IC,8,neighbor_retention_1m,INDUSTRY_SIZE_NEUTRAL,252,future_excess_return,JOINT_MARKET_REGIME,BEAR_LOW_VOL,19,True,2017-01-26,2024-08-30,0.017099032634359485,0.0013346984502712,0.0404946111394198,0.5789473684210527,0.42105263157894735,0.009290100932353018,1.8405647859875944,2,0.008278961717850827,2.0653595483466374,3139.7368421052633,0.015543120678449589,True,1.1001029322295075
ALPHA_IC,1,residual_degree_percentile,RAW,60,future_excess_return,TIME_SUBSAMPLE,P2_2019_2022,48,True,2019-01-31,2022-12-30,0.014116546924732023,0.0193777872236785,0.1001863050044278,0.5208333333333334,0.4791666666666667,0.014460647540855085,0.9762043424991247,3,0.014093355809468158,1.0016455353556237,4058.4375,0.001589046715305569,True,
ALPHA_IC,1,residual_degree_percentile,INDUSTRY_SIZE_NEUTRAL,60,future_excess_return,TIME_SUBSAMPLE,P2_2019_2022,48,True,2019-01-31,2022-12-30,0.017458579485209805,0.01026076894917855,0.06950450955938531,0.6041666666666666,0.3958333333333333,0.010032111826001007,1.7402696249817553,3,0.012436982115516049,1.403763334469135,4058.4375,0.011060502327838794,True,1.5784617160892715
ALPHA_IC,2,delta_degree_percentile,RAW,60,future_excess_return,TIME_SUBSAMPLE,P2_2019_2022,48,True,2019-01-31,2022-12-30,-0.04285092836840363,-0.03835343923304515,0.0911925998237305,0.375,0.625,0.013162518014083156,-3.2555266646211263,3,0.011236573780521996,-3.8135226275720666,4058.4375,-0.05077493534682359,True,0.8439386101765726
ALPHA_IC,2,delta_degree_percentile,INDUSTRY_SIZE_NEUTRAL,60,future_excess_return,TIME_SUBSAMPLE,P2_2019_2022,48,True,2019-01-31,2022-12-30,-0.031603667522384145,-0.037008430777788356,0.04145732016553423,0.2708333333333333,0.7291666666666666,0.005983848739362922,-5.281495054259822,3,0.004931147763684911,-6.408988137635445,4058.4375,-0.03998431936279568,True,0.7904015380537025
ALPHA_IC,3,cross_industry_degree_percentile,RAW,60,future_excess_return,TIME_SUBSAMPLE,P2_2019_2022,48,True,2019-01-31,2022-12-30,0.02029109468181654,0.018484565517637302,0.10182558123632365,0.5625,0.4375,0.014697256684295393,1.3806042255149824,3,0.014499233497502461,1.3994598187077782,4058.4375,0.006189659816330623,True,3.2782245363923055
ALPHA_IC,3,cross_industry_degree_percentile,INDUSTRY_SIZE_NEUTRAL,60,future_excess_return,TIME_SUBSAMPLE,P2_2019_2022,48,True,2019-01-31,2022-12-30,0.01838620215892878,0.01368885067483235,0.06465036469345337,0.5833333333333334,0.4166666666666667,0.009331476364743196,1.9703422524217873,3,0.011172651041666957,1.6456436427093102,4058.4375,0.010895633136833865,True,1.687483593474916
ALPHA_IC,4,cross_industry_degree_ratio,RAW,60,future_excess_return,TIME_SUBSAMPLE,P2_2019_2022,48,True,2019-01-31,2022-12-30,0.010630977159094218,0.0108880322747653,0.06564794382655093,0.625,0.375,0.009475464510001152,1.1219478631230635,3,0.009202072741757336,1.1552807130998621,4028.1458333333335,0.009637533096226194,True,1.103080742026923
ALPHA_IC,4,cross_industry_degree_ratio,INDUSTRY_SIZE_NEUTRAL,60,future_excess_return,TIME_SUBSAMPLE,P2_2019_2022,48,True,2019-01-31,2022-12-30,0.000638133905830607,0.0006016715502224,0.03355153279071888,0.5,0.5,0.004842746622111526,0.13177107035023214,3,0.004956442280058273,0.12874837832734823,4028.1458333333335,-0.0006697582336243495,False,
ALPHA_IC,5,delta_residual_degree_percentile_1m,RAW,60,future_excess_return,TIME_SUBSAMPLE,P2_2019_2022,48,True,2019-01-31,2022-12-30,0.017323206302049702,0.023575660100689552,0.050793684361027325,0.6041666666666666,0.3958333333333333,0.007331436834743003,2.362866473861798,3,0.00814290979854412,2.127397543461299,4016.9791666666665,0.008511481167577974,True,2.0352751725560347
ALPHA_IC,5,delta_residual_degree_percentile_1m,INDUSTRY_SIZE_NEUTRAL,60,future_excess_return,TIME_SUBSAMPLE,P2_2019_2022,48,True,2019-01-31,2022-12-30,0.01610418952466017,0.010438549292731799,0.034106046598772234,0.6875,0.3125,0.0049227837961987675,3.271358278438993,3,0.0054153162288079195,2.973822551486565,4016.9791666666665,0.007306474945740254,True,2.2040983708633766
ALPHA_IC,6,delta_cross_industry_degree_percentile_1m,RAW,60,future_excess_return,TIME_SUBSAMPLE,P2_2019_2022,48,True,2019-01-31,2022-12-30,0.021150269859416728,0.0254292770817253,0.0466455641506201,0.7083333333333334,0.2916666666666667,0.0067327072547156185,3.1414212825907413,3,0.006454762717853834,3.276692077450843,4016.9791666666665,0.010319540785240467,True,2.0495359531566484
ALPHA_IC,6,delta_cross_industry_degree_percentile_1m,INDUSTRY_SIZE_NEUTRAL,60,future_excess_return,TIME_SUBSAMPLE,P2_2019_2022,48,True,2019-01-31,2022-12-30,0.01692403230005073,0.010912655465994351,0.02987158586532989,0.7708333333333334,0.22916666666666666,0.004311592035117308,3.925239717071299,3,0.004552675835716142,3.7173813622485943,4016.9791666666665,0.008119385314345235,True,2.084398220410792
ALPHA_IC,7,neighbor_jaccard_1m,RAW,60,future_excess_return,TIME_SUBSAMPLE,P2_2019_2022,48,True,2019-01-31,2022-12-30,0.010010946631478612,0.02249256258681185,0.07842470636663704,0.5833333333333334,0.4166666666666667,0.011319631332973814,0.8843880455997684,3,0.01149401567873062,0.8709703302392053,4011.3125,0.0009102697031392191,True,
ALPHA_IC,7,neighbor_jaccard_1m,INDUSTRY_SIZE_NEUTRAL,60,future_excess_return,TIME_SUBSAMPLE,P2_2019_2022,48,True,2019-01-31,2022-12-30,0.013017370148740265,0.0131979049726838,0.047652792506678976,0.6875,0.3125,0.006878088145342122,1.892585537385952,3,0.008840068549921743,1.4725417653979054,4011.3125,0.01011719944717235,True,1.286657460566173
ALPHA_IC,8,neighbor_retention_1m,RAW,60,future_excess_return,TIME_SUBSAMPLE,P2_2019_2022,48,True,2019-01-31,2022-12-30,0.016555093849202413,0.023584516331941252,0.07126431177125654,0.625,0.375,0.010286117396187096,1.6094599362961897,3,0.00868736344474275,1.9056522677453889,3990.0416666666665,0.005112226131812955,True,3.2383336382914387
ALPHA_IC,8,neighbor_retention_1m,INDUSTRY_SIZE_NEUTRAL,60,future_excess_return,TIME_SUBSAMPLE,P2_2019_2022,48,True,2019-01-31,2022-12-30,0.02050651279847852,0.0173468042298498,0.04503063111795653,0.7916666666666666,0.20833333333333334,0.006499611749432735,3.1550365758798224,3,0.007631689353537106,2.6870214245518578,3990.0416666666665,0.01298881957898473,True,1.5787818649553842
ALPHA_IC,9,outside_community_degree_percentile,RAW,60,future_excess_return,TIME_SUBSAMPLE,P2_2019_2022,48,True,2019-01-31,2022-12-30,0.02321858130040411,0.01927846746535695,0.10373472216345862,0.5416666666666666,0.4583333333333333,0.01497281744134597,1.5507155811763436,3,0.013604465395579772,1.706688254574712,4058.4375,0.012553241272110226,True,1.8496084634324101
ALPHA_IC,9,outside_community_degree_percentile,INDUSTRY_SIZE_NEUTRAL,60,future_excess_return,TIME_SUBSAMPLE,P2_2019_2022,48,True,2019-01-31,2022-12-30,0.01886763131177673,0.0131793441786126,0.06268986814223686,0.5833333333333334,0.4166666666666667,0.00904850306184565,2.085166041589231,3,0.009036638350718381,2.0879037734509778,4058.4375,0.016248613235090983,True,1.1611840985315371
ALPHA_IC,1,residual_degree_percentile,RAW,120,future_excess_return,TIME_SUBSAMPLE,P2_2019_2022,48,True,2019-01-31,2022-12-30,0.003421519593912386,0.01581269613554025,0.09858188825363155,0.5625,0.4375,0.014229069930113946,0.24045981998241445,3,0.012919911653314357,0.2648253088506732,4001.5833333333335,-0.0009701395968103528,False,
ALPHA_IC,1,residual_degree_percentile,INDUSTRY_SIZE_NEUTRAL,120,future_excess_return,TIME_SUBSAMPLE,P2_2019_2022,48,True,2019-01-31,2022-12-30,0.011790676649147978,0.00265489713027785,0.06709878965848845,0.5208333333333334,0.4791666666666667,0.009684876067906597,1.2174318562753228,3,0.011379814696848817,1.0361044501377454,4001.5833333333335,0.01253447248684205,True,0.9406599808268864
ALPHA_IC,2,delta_degree_percentile,RAW,120,future_excess_return,TIME_SUBSAMPLE,P2_2019_2022,48,True,2019-01-31,2022-12-30,-0.04624893168182348,-0.03865988685670755,0.09926919037562655,0.2708333333333333,0.7291666666666666,0.01432827344640105,-3.2278091184419853,3,0.010035479387713086,-4.608542342127497,4001.5833333333335,-0.0461150159053922,True,1.0029039516478975
ALPHA_IC,2,delta_degree_percentile,INDUSTRY_SIZE_NEUTRAL,120,future_excess_return,TIME_SUBSAMPLE,P2_2019_2022,48,True,2019-01-31,2022-12-30,-0.03605443429491754,-0.039220096751000605,0.04917539989215723,0.2708333333333333,0.7291666666666666,0.007097857591311118,-5.079622101611869,3,0.006055315817680824,-5.954179002463051,4001.5833333333335,-0.03486298478356557,True,1.03417520096884
ALPHA_IC,3,cross_industry_degree_percentile,RAW,120,future_excess_return,TIME_SUBSAMPLE,P2_2019_2022,48,True,2019-01-31,2022-12-30,0.008790759975150293,0.01436563484298,0.09989747762813068,0.5833333333333334,0.4166666666666667,0.014418958899991468,0.6096667613884034,3,0.013749189149158694,0.6393657022085695,4001.5833333333335,0.002819980567671581,True,
ALPHA_IC,3,cross_industry_degree_percentile,INDUSTRY_SIZE_NEUTRAL,120,future_excess_return,TIME_SUBSAMPLE,P2_2019_2022,48,True,2019-01-31,2022-12-30,0.013127382210379476,0.014608241567012601,0.06425707004295035,0.5625,0.4375,0.009274709171658506,1.4153955630753254,3,0.010602994926827817,1.2380824758450488,4001.5833333333335,0.012252619080596284,True,1.0713939708750515
ALPHA_IC,4,cross_industry_degree_ratio,RAW,120,future_excess_return,TIME_SUBSAMPLE,P2_2019_2022,48,True,2019-01-31,2022-12-30,0.010837143764068606,0.01404314597528465,0.07072248527981852,0.5833333333333334,0.4166666666666667,0.010207911478515642,1.0616416283465324,3,0.009828458538029848,1.102629036093075,3921.8125,0.008566537115641325,True,1.2650553680881698
ALPHA_IC,4,cross_industry_degree_ratio,INDUSTRY_SIZE_NEUTRAL,120,future_excess_return,TIME_SUBSAMPLE,P2_2019_2022,48,True,2019-01-31,2022-12-30,0.004987008275686256,0.007876755800701499,0.034296380177152634,0.5416666666666666,0.4583333333333333,0.004950256081877205,1.0074243015313087,3,0.004972779429389588,1.002861346757625,3921.8125,0.002341775778968675,True,
ALPHA_IC,5,delta_residual_degree_percentile_1m,RAW,120,future_excess_return,TIME_SUBSAMPLE,P2_2019_2022,48,True,2019-01-31,2022-12-30,0.010584234458099707,0.00399749986576815,0.0506354508211957,0.5625,0.4375,0.007308597790538849,1.448189483323497,3,0.008784281709877738,1.2049060819848207,3969.2291666666665,0.006457960470612781,True,1.6389438285142357
ALPHA_IC,5,delta_residual_degree_percentile_1m,INDUSTRY_SIZE_NEUTRAL,120,future_excess_return,TIME_SUBSAMPLE,P2_2019_2022,48,True,2019-01-31,2022-12-30,0.010963162412374274,0.01545043839116945,0.03166877294828566,0.625,0.375,0.004570993646649466,2.3984199628914955,3,0.006011617704887035,1.823662606399933,3969.2291666666665,0.006257083985748023,True,1.7521200670065238
ALPHA_IC,6,delta_cross_industry_degree_percentile_1m,RAW,120,future_excess_return,TIME_SUBSAMPLE,P2_2019_2022,48,True,2019-01-31,2022-12-30,0.014589737321942797,0.021998808309598397,0.04578500768347254,0.5833333333333334,0.4166666666666667,0.006608496627725489,2.2077241078905248,3,0.0071272464349186925,2.047037022665996,3969.2291666666665,0.008808832249348003,True,1.6562623636092826
ALPHA_IC,6,delta_cross_industry_degree_percentile_1m,INDUSTRY_SIZE_NEUTRAL,120,future_excess_return,TIME_SUBSAMPLE,P2_2019_2022,48,True,2019-01-31,2022-12-30,0.011156921700917768,0.011965260230256701,0.027567238660605852,0.6458333333333334,0.3541666666666667,0.003978988165378862,2.8039595085992057,3,0.004742862234084744,2.3523604840845183,3969.2291666666665,0.006811870490322519,True,1.6378646242273942
ALPHA_IC,7,neighbor_jaccard_1m,RAW,120,future_excess_return,TIME_SUBSAMPLE,P2_2019_2022,48,True,2019-01-31,2022-12-30,0.006859957149305353,0.015121915423659149,0.08689774793843574,0.5208333333333334,0.4791666666666667,0.012542609541057032,0.5469322095095075,3,0.010699777806424116,0.6411308041543305,3937.9375,0.005229172999009266,True,1.31186272678396
ALPHA_IC,7,neighbor_jaccard_1m,INDUSTRY_SIZE_NEUTRAL,120,future_excess_return,TIME_SUBSAMPLE,P2_2019_2022,48,True,2019-01-31,2022-12-30,0.011801137137241393,0.01418062755897135,0.05267035087563684,0.625,0.375,0.007602310314090243,1.5523093177831715,3,0.008501828377129815,1.388070496575398,3937.9375,0.012101195886467846,True,0.9752042069195828
ALPHA_IC,8,neighbor_retention_1m,RAW,120,future_excess_return,TIME_SUBSAMPLE,P2_2019_2022,48,True,2019-01-31,2022-12-30,0.01246617893708085,0.0256282703717134,0.07675051202386773,0.5208333333333334,0.4791666666666667,0.011077982194355412,1.1253113354373117,3,0.008994745446788632,1.385940159266165,3899.5416666666665,0.008270288950840591,True,1.507345028835273
ALPHA_IC,8,neighbor_retention_1m,INDUSTRY_SIZE_NEUTRAL,120,future_excess_return,TIME_SUBSAMPLE,P2_2019_2022,48,True,2019-01-31,2022-12-30,0.017588311524907467,0.0203899381122766,0.044730354305722045,0.6666666666666666,0.3333333333333333,0.00645627052483899,2.7242215853936966,3,0.007115508678726617,2.471827710293096,3899.5416666666665,0.013881284135949171,True,1.2670521943541226
ALPHA_IC,9,outside_community_degree_percentile,RAW,120,future_excess_return,TIME_SUBSAMPLE,P2_2019_2022,48,True,2019-01-31,2022-12-30,0.004069199580338531,-0.01199639908924005,0.10415226188058004,0.4791666666666667,0.5208333333333334,0.01503308410836532,0.2706829517486822,3,0.014981942291074395,0.2716069452999286,4001.5833333333335,0.007086863271454519,True,0.574189091065018
ALPHA_IC,9,outside_community_degree_percentile,INDUSTRY_SIZE_NEUTRAL,120,future_excess_return,TIME_SUBSAMPLE,P2_2019_2022,48,True,2019-01-31,2022-12-30,0.011032357753105548,0.0100118383370592,0.06253085688411862,0.6041666666666666,0.3958333333333333,0.009025551763675962,1.2223471807569852,3,0.010156341516195601,1.0862531291915525,4001.5833333333335,0.017261604972296514,True,0.6391269972179061
ALPHA_IC,1,residual_degree_percentile,RAW,252,future_excess_return,TIME_SUBSAMPLE,P2_2019_2022,48,True,2019-01-31,2022-12-30,0.001962107298458191,0.01838986243846275,0.1032610505811773,0.5833333333333334,0.4166666666666667,0.01490444883746157,0.13164574684080466,3,0.012717198478775846,0.15428769958515762,3817.8958333333335,0.0023324799223115897,True,
ALPHA_IC,1,residual_degree_percentile,INDUSTRY_SIZE_NEUTRAL,252,future_excess_return,TIME_SUBSAMPLE,P2_2019_2022,48,True,2019-01-31,2022-12-30,0.013596065341790817,0.008334937366336299,0.06739201633894866,0.5625,0.4375,0.009727199693630917,1.397736837940432,3,0.011083482487287445,1.2266961541541892,3817.8958333333335,0.014605529179785779,True,0.9308848159098493
ALPHA_IC,2,delta_degree_percentile,RAW,252,future_excess_return,TIME_SUBSAMPLE,P2_2019_2022,48,True,2019-01-31,2022-12-30,-0.03615938515621022,-0.029016364858904298,0.10703470350609731,0.375,0.625,0.015449128720469267,-2.3405452702521,3,0.01124717457771613,-3.2149750060652837,3817.8958333333335,-0.038938242958748606,True,0.9286342271405948
ALPHA_IC,2,delta_degree_percentile,INDUSTRY_SIZE_NEUTRAL,252,future_excess_return,TIME_SUBSAMPLE,P2_2019_2022,48,True,2019-01-31,2022-12-30,-0.02977872063603314,-0.030509751342632202,0.04786906353162441,0.2708333333333333,0.7291666666666666,0.006909304178959663,-4.309944947382087,3,0.005712626447725378,-5.212789757658715,3817.8958333333335,-0.03233989826791829,True,0.9208044004756231
ALPHA_IC,3,cross_industry_degree_percentile,RAW,252,future_excess_return,TIME_SUBSAMPLE,P2_2019_2022,48,True,2019-01-31,2022-12-30,0.004301123247707799,0.009516896183310551,0.10014752145547906,0.5416666666666666,0.4583333333333333,0.014455049617748666,0.29755160732389707,3,0.013011437124367099,0.3305648105275699,3817.8958333333335,0.0038334242211345844,True,
ALPHA_IC,3,cross_industry_degree_percentile,INDUSTRY_SIZE_NEUTRAL,252,future_excess_return,TIME_SUBSAMPLE,P2_2019_2022,48,True,2019-01-31,2022-12-30,0.01328290303785408,0.0173140384978683,0.06252251296583948,0.5833333333333334,0.4166666666666667,0.009024347422809824,1.471896239752515,3,0.010220996307546007,1.2995702804478575,3817.8958333333335,0.013558925727669242,True,0.9796427316323525
ALPHA_IC,4,cross_industry_degree_ratio,RAW,252,future_excess_return,TIME_SUBSAMPLE,P2_2019_2022,48,True,2019-01-31,2022-12-30,0.004651733301386411,-0.0011882302573429304,0.06625722553927042,0.5,0.5,0.009563406750213882,0.48640964698927786,3,0.009694070119628152,0.4798534819722187,3608.9166666666665,0.0016210473300158716,True,
ALPHA_IC,4,cross_industry_degree_ratio,INDUSTRY_SIZE_NEUTRAL,252,future_excess_return,TIME_SUBSAMPLE,P2_2019_2022,48,True,2019-01-31,2022-12-30,0.000528589882531192,0.00015643430610778428,0.03077685138617775,0.5208333333333334,0.4791666666666667,0.004442255858154708,0.11899131869247301,3,0.004597576023348131,0.11497142838896499,3608.9166666666665,0.0004447403411718875,True,
ALPHA_IC,5,delta_residual_degree_percentile_1m,RAW,252,future_excess_return,TIME_SUBSAMPLE,P2_2019_2022,48,True,2019-01-31,2022-12-30,0.0005932927813561851,0.00312145870750135,0.04722776503580195,0.5208333333333334,0.4791666666666667,0.006816740714161163,0.08703467041421613,3,0.0067662025101643845,0.08768475085765222,3783.3541666666665,0.0017470135578395688,True,
ALPHA_IC,5,delta_residual_degree_percentile_1m,INDUSTRY_SIZE_NEUTRAL,252,future_excess_return,TIME_SUBSAMPLE,P2_2019_2022,48,True,2019-01-31,2022-12-30,0.008924684600232364,0.00885913992459485,0.029420488747482838,0.6041666666666666,0.3958333333333333,0.004246481774512393,2.1016655843900685,3,0.005021242129479388,1.777385828067545,3783.3541666666665,0.007600057369464336,True,1.1742917410189746
ALPHA_IC,6,delta_cross_industry_degree_percentile_1m,RAW,252,future_excess_return,TIME_SUBSAMPLE,P2_2019_2022,48,True,2019-01-31,2022-12-30,0.0062495872077947935,0.00608641166420785,0.03823936603883673,0.5416666666666666,0.4583333333333333,0.005519377069040755,1.1322993753860247,3,0.005215050429859509,1.1983752203069598,3783.3541666666665,0.002500401661542384,True,
ALPHA_IC,6,delta_cross_industry_degree_percentile_1m,INDUSTRY_SIZE_NEUTRAL,252,future_excess_return,TIME_SUBSAMPLE,P2_2019_2022,48,True,2019-01-31,2022-12-30,0.008832898151208956,0.008827919791022501,0.02431559813917169,0.625,0.375,0.003509654282789385,2.516743086213264,3,0.003990558678015772,2.213449008999648,3783.3541666666665,0.007331037480516441,True,1.2048633190982834
ALPHA_IC,7,neighbor_jaccard_1m,RAW,252,future_excess_return,TIME_SUBSAMPLE,P2_2019_2022,48,True,2019-01-31,2022-12-30,0.024068398707808997,0.0404106271700589,0.07618044799616618,0.6458333333333334,0.3541666666666667,0.010995700539393208,2.1888917965327925,3,0.008012250126690048,3.0039499924788204,3644.8333333333335,0.014906260471675249,True,1.6146503513435557
ALPHA_IC,7,neighbor_jaccard_1m,INDUSTRY_SIZE_NEUTRAL,252,future_excess_return,TIME_SUBSAMPLE,P2_2019_2022,48,True,2019-01-31,2022-12-30,0.023547594629133667,0.02654695983018065,0.049747227137147396,0.6875,0.3125,0.0071803937447673764,3.279429438851273,3,0.0065426184903578655,3.599108623533033,3644.8333333333335,0.015892856640485016,True,1.4816464504656253
ALPHA_IC,8,neighbor_retention_1m,RAW,252,future_excess_return,TIME_SUBSAMPLE,P2_2019_2022,48,True,2019-01-31,2022-12-30,0.018417159286734163,0.031102329601458048,0.06227328807062361,0.6041666666666666,0.3958333333333333,0.008988374907724413,2.0489976748641023,3,0.005937430641958927,3.101873587639555,3582.4791666666665,0.009201149692294673,True,2.0016150049332704
ALPHA_IC,8,neighbor_retention_1m,INDUSTRY_SIZE_NEUTRAL,252,future_excess_return,TIME_SUBSAMPLE,P2_2019_2022,48,True,2019-01-31,2022-12-30,0.024734581342343482,0.02421283602241595,0.041875861811442316,0.6666666666666666,0.3333333333333333,0.006044260022345948,4.092243095250441,3,0.005481779281074858,4.512144702311613,3582.4791666666665,0.015543120678449589,True,1.5913523322660539
ALPHA_IC,9,outside_community_degree_percentile,RAW,252,future_excess_return,TIME_SUBSAMPLE,P2_2019_2022,48,True,2019-01-31,2022-12-30,0.0061315367449287185,0.01371256586569705,0.08563935242918733,0.5833333333333334,0.4166666666666667,0.012360975794554134,0.4960398634248669,3,0.010059563875799288,0.6095231185598028,3817.8958333333335,0.01251998155223518,True,0.4897400782378997
ALPHA_IC,9,outside_community_degree_percentile,INDUSTRY_SIZE_NEUTRAL,252,future_excess_return,TIME_SUBSAMPLE,P2_2019_2022,48,True,2019-01-31,2022-12-30,0.017385582528514954,0.0232817061847799,0.05171211986271411,0.7083333333333334,0.2916666666666667,0.007464001580776047,2.3292576160879297,3,0.007804462223296716,2.2276464452115747,3817.8958333333335,0.02367503883229097,True,0.7343423025267578
ALPHA_IC,1,residual_degree_percentile,RAW,60,future_excess_return,JOINT_MARKET_REGIME,BULL_HIGH_VOL,21,True,2019-03-29,2026-03-31,-0.005205747813814872,0.0018114861004227,0.11178883299479461,0.5238095238095238,0.47619047619047616,0.024394323288067774,-0.21339996819510912,2,0.023835641446972287,-0.21840183430331514,4537.714285714285,0.001589046715305569,False,
ALPHA_IC,1,residual_degree_percentile,INDUSTRY_SIZE_NEUTRAL,60,future_excess_return,JOINT_MARKET_REGIME,BULL_HIGH_VOL,21,True,2019-03-29,2026-03-31,0.014379235977562941,0.0203518467136752,0.07161567463631072,0.6190476190476191,0.38095238095238093,0.015627821426962996,0.9201049579920433,2,0.015731894082923036,0.9140181024465195,4537.714285714285,0.011060502327838794,True,1.3000527056868874
ALPHA_IC,2,delta_degree_percentile,RAW,60,future_excess_return,JOINT_MARKET_REGIME,BULL_HIGH_VOL,21,True,2019-03-29,2026-03-31,-0.06369618210459924,-0.0676058320136747,0.10812829499311939,0.2857142857142857,0.7142857142857143,0.023595528408213533,-2.6995022532501025,2,0.01809130575700894,-3.520817289814586,4537.714285714285,-0.05077493534682359,True,1.2544808116350261
ALPHA_IC,2,delta_degree_percentile,INDUSTRY_SIZE_NEUTRAL,60,future_excess_return,JOINT_MARKET_REGIME,BULL_HIGH_VOL,21,True,2019-03-29,2026-03-31,-0.03741496036090673,-0.0364510766699447,0.05013561441545664,0.3333333333333333,0.6666666666666666,0.010940488003426155,-3.419862107539422,2,0.009516874915271166,-3.9314334478505293,4537.714285714285,-0.03998431936279568,True,0.9357408343361806
ALPHA_IC,3,cross_industry_degree_percentile,RAW,60,future_excess_return,JOINT_MARKET_REGIME,BULL_HIGH_VOL,21,True,2019-03-29,2026-03-31,0.00918534612395207,0.009901444090149,0.1055125406808135,0.6666666666666666,0.3333333333333333,0.023024724020806443,0.39893403784782266,2,0.023758611296291463,0.38661123789612367,4537.714285714285,0.006189659816330623,True,1.4839823829603225
ALPHA_IC,3,cross_industry_degree_percentile,INDUSTRY_SIZE_NEUTRAL,60,future_excess_return,JOINT_MARKET_REGIME,BULL_HIGH_VOL,21,True,2019-03-29,2026-03-31,0.016660392827148512,0.0291194044258968,0.0628594872380715,0.6190476190476191,0.38095238095238093,0.01371706468640825,1.2145741970333275,2,0.01387783603828597,1.200503650654617,4537.714285714285,0.010895633136833865,True,1.5290890045504795
ALPHA_IC,4,cross_industry_degree_ratio,RAW,60,future_excess_return,JOINT_MARKET_REGIME,BULL_HIGH_VOL,21,True,2019-03-29,2026-03-31,0.03369310863339615,0.0399307544104795,0.058941897069925524,0.7619047619047619,0.23809523809523808,0.01286217642510617,2.619549562982925,2,0.013042880539400623,2.5832567071065493,4488.761904761905,0.009637533096226194,True,3.4960303946026903
ALPHA_IC,4,cross_industry_degree_ratio,INDUSTRY_SIZE_NEUTRAL,60,future_excess_return,JOINT_MARKET_REGIME,BULL_HIGH_VOL,21,True,2019-03-29,2026-03-31,0.006247328515236966,0.0091053766059985,0.04168093550663933,0.6190476190476191,0.38095238095238093,0.0090955258093213,0.6868573237222375,2,0.008586518448877638,0.7275741096268846,4488.761904761905,-0.0006697582336243495,False,
ALPHA_IC,5,delta_residual_degree_percentile_1m,RAW,60,future_excess_return,JOINT_MARKET_REGIME,BULL_HIGH_VOL,21,True,2019-03-29,2026-03-31,0.014014661202985727,0.0050530083042589,0.059629052159567424,0.5238095238095238,0.47619047619047616,0.013012125959032748,1.0770462295791903,2,0.011829102699711465,1.1847611402788456,4509.476190476191,0.008511481167577974,True,1.6465596207121418
ALPHA_IC,5,delta_residual_degree_percentile_1m,INDUSTRY_SIZE_NEUTRAL,60,future_excess_return,JOINT_MARKET_REGIME,BULL_HIGH_VOL,21,True,2019-03-29,2026-03-31,0.015158867451799209,0.0088607920322621,0.03341384537939738,0.5714285714285714,0.42857142857142855,0.007291498843363759,2.078978242668969,2,0.007598235864249054,1.9950509200595057,4509.476190476191,0.007306474945740254,True,2.074716955080641
ALPHA_IC,6,delta_cross_industry_degree_percentile_1m,RAW,60,future_excess_return,JOINT_MARKET_REGIME,BULL_HIGH_VOL,21,True,2019-03-29,2026-03-31,0.010806573843134533,0.0123201230946975,0.05614429189233753,0.6666666666666666,0.3333333333333333,0.012251688925539628,0.8820476841039738,2,0.011516083048878217,0.9383897109171335,4509.476190476191,0.010319540785240467,True,1.0471952258370494
ALPHA_IC,6,delta_cross_industry_degree_percentile_1m,INDUSTRY_SIZE_NEUTRAL,60,future_excess_return,JOINT_MARKET_REGIME,BULL_HIGH_VOL,21,True,2019-03-29,2026-03-31,0.013333799496799872,0.0066377613793302,0.029022698444408898,0.6190476190476191,0.38095238095238093,0.006333272023494328,2.105357143564325,2,0.006394170531901195,2.0853055811189476,4509.476190476191,0.008119385314345235,True,1.6422178503145886
ALPHA_IC,7,neighbor_jaccard_1m,RAW,60,future_excess_return,JOINT_MARKET_REGIME,BULL_HIGH_VOL,21,True,2019-03-29,2026-03-31,-0.01189638996586665,0.015665432916121,0.0873236047568089,0.5714285714285714,0.42857142857142855,0.019055572797832508,-0.6242997831699825,2,0.0169111364872462,-0.7034648425218791,4503.0952380952385,0.0009102697031392191,False,
ALPHA_IC,7,neighbor_jaccard_1m,INDUSTRY_SIZE_NEUTRAL,60,future_excess_return,JOINT_MARKET_REGIME,BULL_HIGH_VOL,21,True,2019-03-29,2026-03-31,0.01285422416957808,0.013470199126138,0.049982405132063125,0.7142857142857143,0.2857142857142857,0.010907054996839454,1.1785238245615208,2,0.009624801284486095,1.3355313828969526,4503.0952380952385,0.01011719944717235,True,1.2705318538689776
ALPHA_IC,8,neighbor_retention_1m,RAW,60,future_excess_return,JOINT_MARKET_REGIME,BULL_HIGH_VOL,21,True,2019-03-29,2026-03-31,-0.004594348016144053,0.0278904874435623,0.0915836040817479,0.5714285714285714,0.42857142857142855,0.019985180862927446,-0.22988773770201792,2,0.01687619655400256,-0.2722383566369641,4447.380952380952,0.005112226131812955,False,0.8986981204829361
ALPHA_IC,8,neighbor_retention_1m,INDUSTRY_SIZE_NEUTRAL,60,future_excess_return,JOINT_MARKET_REGIME,BULL_HIGH_VOL,21,True,2019-03-29,2026-03-31,0.0205183698823155,0.0184424325505411,0.05608425955618612,0.6190476190476191,0.38095238095238093,0.01223858879579873,1.6765307033895163,2,0.01070771415159325,1.9162231632100934,4447.380952380952,0.01298881957898473,True,1.5796947334239064
ALPHA_IC,9,outside_community_degree_percentile,RAW,60,future_excess_return,JOINT_MARKET_REGIME,BULL_HIGH_VOL,21,True,2019-03-29,2026-03-31,0.009802596608412931,0.0276804571933326,0.101189577873161,0.6190476190476191,0.38095238095238093,0.022081376197351853,0.4439305105262653,2,0.02298332831194099,0.42650901015585246,4537.714285714285,0.012553241272110226,True,0.7808817177912087
ALPHA_IC,9,outside_community_degree_percentile,INDUSTRY_SIZE_NEUTRAL,60,future_excess_return,JOINT_MARKET_REGIME,BULL_HIGH_VOL,21,True,2019-03-29,2026-03-31,0.011447782903172408,0.0253571575575203,0.0604681012014324,0.6190476190476191,0.38095238095238093,0.013195221470753055,0.8675703495046438,2,0.01432039251384027,0.7994042685707419,4537.714285714285,0.016248613235090983,True,0.7045390728144996
ALPHA_IC,1,residual_degree_percentile,RAW,120,future_excess_return,JOINT_MARKET_REGIME,BULL_HIGH_VOL,21,True,2019-03-29,2026-03-31,-0.01840390576526016,-0.0313107671317244,0.1198552834536553,0.42857142857142855,0.5714285714285714,0.026154567088893507,-0.7036593533630058,2,0.02448004627237771,-0.7517921151164808,4506.761904761905,-0.0009701395968103528,True,
ALPHA_IC,1,residual_degree_percentile,INDUSTRY_SIZE_NEUTRAL,120,future_excess_return,JOINT_MARKET_REGIME,BULL_HIGH_VOL,21,True,2019-03-29,2026-03-31,0.009688996102275102,0.0199663226813222,0.06960251022283646,0.5714285714285714,0.42857142857142855,0.015188512935956466,0.6379160450486167,2,0.014799636286570354,0.654677987665629,4506.761904761905,0.01253447248684205,True,0.7729879428468999
ALPHA_IC,2,delta_degree_percentile,RAW,120,future_excess_return,JOINT_MARKET_REGIME,BULL_HIGH_VOL,21,True,2019-03-29,2026-03-31,-0.0749700987886737,-0.1040562743976347,0.13643196285268056,0.23809523809523808,0.7619047619047619,0.029771895094467236,-2.5181500388467386,2,0.02412571140527251,-3.1074772274814446,4506.761904761905,-0.0461150159053922,True,1.6257198944152915
ALPHA_IC,2,delta_degree_percentile,INDUSTRY_SIZE_NEUTRAL,120,future_excess_return,JOINT_MARKET_REGIME,BULL_HIGH_VOL,21,True,2019-03-29,2026-03-31,-0.04324416738753782,-0.0410691019294611,0.053539603971647504,0.2857142857142857,0.7142857142857143,0.011683299422763476,-3.7013660116663503,2,0.010837796118807834,-3.990125567364402,4506.761904761905,-0.03486298478356557,True,1.240403472508273
ALPHA_IC,3,cross_industry_degree_percentile,RAW,120,future_excess_return,JOINT_MARKET_REGIME,BULL_HIGH_VOL,21,True,2019-03-29,2026-03-31,-0.006878569379603751,-0.0169952743923274,0.11249443600645184,0.47619047619047616,0.5238095238095238,0.02454829848861578,-0.2802055459279051,2,0.02546864413433256,-0.27007992036494854,4506.761904761905,0.002819980567671581,False,
ALPHA_IC,3,cross_industry_degree_percentile,INDUSTRY_SIZE_NEUTRAL,120,future_excess_return,JOINT_MARKET_REGIME,BULL_HIGH_VOL,21,True,2019-03-29,2026-03-31,0.011120230066126177,0.0231890847637565,0.06165590371761203,0.6666666666666666,0.3333333333333333,0.013454421229850777,0.8265112171049154,2,0.013575279793654934,0.8191529187725292,4506.761904761905,0.012252619080596284,True,0.9075798401124375
ALPHA_IC,4,cross_industry_degree_ratio,RAW,120,future_excess_return,JOINT_MARKET_REGIME,BULL_HIGH_VOL,21,True,2019-03-29,2026-03-31,0.02673885213546167,0.0280028067855144,0.06535711320817947,0.7142857142857143,0.2857142857142857,0.014262091356203835,1.8748198611019693,2,0.014585799625504263,1.8332112617745666,4367.238095238095,0.008566537115641325,True,3.121313988897589
ALPHA_IC,4,cross_industry_degree_ratio,INDUSTRY_SIZE_NEUTRAL,120,future_excess_return,JOINT_MARKET_REGIME,BULL_HIGH_VOL,21,True,2019-03-29,2026-03-31,0.007865131766243347,0.0089420124451719,0.039501093367932755,0.7142857142857143,0.2857142857142857,0.008619845256765237,0.9124446590349685,2,0.008366032735410039,0.9401268217554803,4367.238095238095,0.002341775778968675,True,
ALPHA_IC,5,delta_residual_degree_percentile_1m,RAW,120,future_excess_return,JOINT_MARKET_REGIME,BULL_HIGH_VOL,21,True,2019-03-29,2026-03-31,0.01126121859230666,0.022332530332738,0.06346037973771523,0.6190476190476191,0.38095238095238093,0.013848190179939138,0.8131906368978067,2,0.013508273745940831,0.8336534189418985,4482.0,0.006457960470612781,True,1.7437732305038574
ALPHA_IC,5,delta_residual_degree_percentile_1m,INDUSTRY_SIZE_NEUTRAL,120,future_excess_return,JOINT_MARKET_REGIME,BULL_HIGH_VOL,21,True,2019-03-29,2026-03-31,0.007501676977424598,-0.0024209382433963,0.03402908009237344,0.47619047619047616,0.5238095238095238,0.007425754064429341,1.010224269796241,2,0.006891250227608115,1.0885799716531779,4482.0,0.006257083985748023,True,1.1989094272206395
ALPHA_IC,6,delta_cross_industry_degree_percentile_1m,RAW,120,future_excess_return,JOINT_MARKET_REGIME,BULL_HIGH_VOL,21,True,2019-03-29,2026-03-31,0.007519112033773304,0.020220255805199,0.0502385028957449,0.5714285714285714,0.42857142857142855,0.010962940110524247,0.6858663787239955,2,0.010079778823304665,0.745960022097802,4482.0,0.008808832249348003,True,0.8535878333169349
ALPHA_IC,6,delta_cross_industry_degree_percentile_1m,INDUSTRY_SIZE_NEUTRAL,120,future_excess_return,JOINT_MARKET_REGIME,BULL_HIGH_VOL,21,True,2019-03-29,2026-03-31,0.005459819776776011,-0.002557242184265,0.028617126473247764,0.47619047619047616,0.5238095238095238,0.006244768963608692,0.8743029259517906,2,0.005244798180174543,1.0409971154684758,4482.0,0.006811870490322519,True,0.8015154992351458
ALPHA_IC,7,neighbor_jaccard_1m,RAW,120,future_excess_return,JOINT_MARKET_REGIME,BULL_HIGH_VOL,21,True,2019-03-29,2026-03-31,0.012714166798842515,0.0251482275010661,0.10062228704271704,0.5238095238095238,0.47619047619047616,0.02195758318918215,0.5790330697736539,2,0.018760824480314492,0.6776976572742492,4414.809523809524,0.005229172999009266,True,2.431391503255176
ALPHA_IC,7,neighbor_jaccard_1m,INDUSTRY_SIZE_NEUTRAL,120,future_excess_return,JOINT_MARKET_REGIME,BULL_HIGH_VOL,21,True,2019-03-29,2026-03-31,0.02021945535685268,0.0154768395190762,0.053698773071906875,0.6666666666666666,0.3333333333333333,0.011718032968012838,1.7254991014316565,2,0.009992067790037966,2.0235506585545147,4414.809523809524,0.012101195886467846,True,1.6708642308206143
ALPHA_IC,8,neighbor_retention_1m,RAW,120,future_excess_return,JOINT_MARKET_REGIME,BULL_HIGH_VOL,21,True,2019-03-29,2026-03-31,0.014956959483329493,0.0305880954366396,0.0936688626410392,0.6190476190476191,0.38095238095238093,0.02044022158633254,0.7317415528083385,2,0.01757309800019403,0.8511282121777474,4343.190476190476,0.008270288950840591,True,1.8085171597068892
ALPHA_IC,8,neighbor_retention_1m,INDUSTRY_SIZE_NEUTRAL,120,future_excess_return,JOINT_MARKET_REGIME,BULL_HIGH_VOL,21,True,2019-03-29,2026-03-31,0.02437362528395292,0.0189605152817858,0.053267359832963025,0.7142857142857143,0.2857142857142857,0.011623890881190636,2.096855995387349,2,0.009447505494475567,2.579900620137814,4343.190476190476,0.013881284135949171,True,1.7558624292424878
ALPHA_IC,9,outside_community_degree_percentile,RAW,120,future_excess_return,JOINT_MARKET_REGIME,BULL_HIGH_VOL,21,True,2019-03-29,2026-03-31,-0.0037049110844350136,0.0154789265564313,0.10501074220622117,0.5714285714285714,0.42857142857142855,0.022915222616357263,-0.16167903521872778,2,0.023749113170721883,-0.15600208133255522,4506.761904761905,0.007086863271454519,False,0.5227857434978581
ALPHA_IC,9,outside_community_degree_percentile,INDUSTRY_SIZE_NEUTRAL,120,future_excess_return,JOINT_MARKET_REGIME,BULL_HIGH_VOL,21,True,2019-03-29,2026-03-31,0.005437964376975226,0.0205307269520844,0.05645226666222448,0.6190476190476191,0.38095238095238093,0.012318894530070273,0.44143282205243506,2,0.013038912396401576,0.4170565927320727,4506.761904761905,0.017261604972296514,True,0.31503237304426335
ALPHA_IC,1,residual_degree_percentile,RAW,252,future_excess_return,JOINT_MARKET_REGIME,BULL_HIGH_VOL,21,True,2019-03-29,2026-03-31,-0.03356304466190532,-0.0457769661020875,0.13009290015490935,0.42857142857142855,0.5714285714285714,0.028388598206485927,-1.1822719958830934,2,0.025613091000653405,-1.3103863434932204,4374.428571428572,0.0023324799223115897,False,
ALPHA_IC,1,residual_degree_percentile,INDUSTRY_SIZE_NEUTRAL,252,future_excess_return,JOINT_MARKET_REGIME,BULL_HIGH_VOL,21,True,2019-03-29,2026-03-31,0.0029239872579796154,0.0005488065212336,0.07418369619343165,0.5238095238095238,0.47619047619047616,0.016188209673238474,0.18062449875562228,2,0.014817637435827653,0.1973315429428506,4374.428571428572,0.014605529179785779,True,0.2001972829595553
ALPHA_IC,2,delta_degree_percentile,RAW,252,future_excess_return,JOINT_MARKET_REGIME,BULL_HIGH_VOL,21,True,2019-03-29,2026-03-31,-0.08380483942899744,-0.0829197442797477,0.1452021904934002,0.2857142857142857,0.7142857142857143,0.03168571566711446,-2.644877594353208,2,0.026003985073116787,-3.22276909455835,4374.428571428572,-0.038938242958748606,True,2.1522501546302633
ALPHA_IC,2,delta_degree_percentile,INDUSTRY_SIZE_NEUTRAL,252,future_excess_return,JOINT_MARKET_REGIME,BULL_HIGH_VOL,21,True,2019-03-29,2026-03-31,-0.0449717052111154,-0.041954851142422,0.04818483564372476,0.23809523809523808,0.7619047619047619,0.010514793175541664,-4.276993799147999,2,0.009214875001121276,-4.88033806271308,4374.428571428572,-0.03233989826791829,True,1.3905951354129047
ALPHA_IC,3,cross_industry_degree_percentile,RAW,252,future_excess_return,JOINT_MARKET_REGIME,BULL_HIGH_VOL,21,True,2019-03-29,2026-03-31,-0.024370993361955483,-0.025163282723001,0.11622807024096755,0.42857142857142855,0.5714285714285714,0.025363044274184673,-0.9608859685176305,2,0.02522669626743415,-0.9660794700817277,4374.428571428572,0.0038334242211345844,False,
ALPHA_IC,3,cross_industry_degree_percentile,INDUSTRY_SIZE_NEUTRAL,252,future_excess_return,JOINT_MARKET_REGIME,BULL_HIGH_VOL,21,True,2019-03-29,2026-03-31,0.002411963113683715,0.0048353771455111,0.06316983805449268,0.5238095238095238,0.47619047619047616,0.013784788786800698,0.17497280161399598,2,0.012671354406567543,0.19034769577856636,4374.428571428572,0.013558925727669242,True,0.17788747885547473
ALPHA_IC,4,cross_industry_degree_ratio,RAW,252,future_excess_return,JOINT_MARKET_REGIME,BULL_HIGH_VOL,21,True,2019-03-29,2026-03-31,0.015856118743622197,0.0251487658144711,0.06057671990948196,0.5714285714285714,0.42857142857142855,0.01321892401606379,1.1995014665606414,2,0.015374442708629919,1.0313296581944986,4060.190476190476,0.0016210473300158716,True,
ALPHA_IC,4,cross_industry_degree_ratio,INDUSTRY_SIZE_NEUTRAL,252,future_excess_return,JOINT_MARKET_REGIME,BULL_HIGH_VOL,21,True,2019-03-29,2026-03-31,0.0027429695996044772,0.0057429214641913,0.03511296722261816,0.5714285714285714,0.42857142857142855,0.007662277627245289,0.35798358308645867,2,0.008087372491082743,0.3391669670995019,4060.190476190476,0.0004447403411718875,True,
ALPHA_IC,5,delta_residual_degree_percentile_1m,RAW,252,future_excess_return,JOINT_MARKET_REGIME,BULL_HIGH_VOL,21,True,2019-03-29,2026-03-31,-0.008477919620468025,-0.0115310693669576,0.0752293359961439,0.47619047619047616,0.5238095238095238,0.01641638698493312,-0.5164302978632885,2,0.014379801187086025,-0.5895714071542056,4351.238095238095,0.0017470135578395688,False,
ALPHA_IC,5,delta_residual_degree_percentile_1m,INDUSTRY_SIZE_NEUTRAL,252,future_excess_return,JOINT_MARKET_REGIME,BULL_HIGH_VOL,21,True,2019-03-29,2026-03-31,0.009489261099047056,-0.0101758886766816,0.048149068276197624,0.47619047619047616,0.5238095238095238,0.010506988096060597,0.9031380841294453,2,0.01045868289510875,0.9073093805611921,4351.238095238095,0.007600057369464336,True,1.2485775616869947
ALPHA_IC,6,delta_cross_industry_degree_percentile_1m,RAW,252,future_excess_return,JOINT_MARKET_REGIME,BULL_HIGH_VOL,21,True,2019-03-29,2026-03-31,-0.006392645966608358,-0.0173653537529137,0.05769549066658747,0.42857142857142855,0.5714285714285714,0.012590188249393107,-0.5077482433129232,2,0.010810481952827715,-0.5913377400289007,4351.238095238095,0.002500401661542384,False,
ALPHA_IC,6,delta_cross_industry_degree_percentile_1m,INDUSTRY_SIZE_NEUTRAL,252,future_excess_return,JOINT_MARKET_REGIME,BULL_HIGH_VOL,21,True,2019-03-29,2026-03-31,0.009782680988167982,0.000754896212146,0.03650801322745984,0.5238095238095238,0.47619047619047616,0.00796670162320399,1.2279462004293886,2,0.008680030333078584,1.1270330416804333,4351.238095238095,0.007331037480516441,True,1.3344197208331328
ALPHA_IC,7,neighbor_jaccard_1m,RAW,252,future_excess_return,JOINT_MARKET_REGIME,BULL_HIGH_VOL,21,True,2019-03-29,2026-03-31,0.014397938948085791,0.0118659898260847,0.08328010985599288,0.6190476190476191,0.38095238095238093,0.01817320987139644,0.7922617440712715,2,0.015952784222734776,0.9025345511516961,4124.238095238095,0.014906260471675249,True,0.9658987896692557
ALPHA_IC,7,neighbor_jaccard_1m,INDUSTRY_SIZE_NEUTRAL,252,future_excess_return,JOINT_MARKET_REGIME,BULL_HIGH_VOL,21,True,2019-03-29,2026-03-31,0.026420438360403975,0.0122400080222401,0.0491021668856796,0.6666666666666666,0.3333333333333333,0.010714971263808612,2.4657498102344784,2,0.010023246925938133,2.635916141308784,4124.238095238095,0.015892856640485016,True,1.6624096572482314
ALPHA_IC,8,neighbor_retention_1m,RAW,252,future_excess_return,JOINT_MARKET_REGIME,BULL_HIGH_VOL,21,True,2019-03-29,2026-03-31,-0.00024304201331180943,0.0111588455742449,0.09519540671120745,0.5238095238095238,0.47619047619047616,0.02077334081267692,-0.011699707596550535,2,0.01806632797029801,-0.013452762161263941,4047.5714285714284,0.009201149692294673,False,0.026414309237392398
ALPHA_IC,8,neighbor_retention_1m,INDUSTRY_SIZE_NEUTRAL,252,future_excess_return,JOINT_MARKET_REGIME,BULL_HIGH_VOL,21,True,2019-03-29,2026-03-31,0.027069714388773286,0.0157051759037701,0.05230753651079464,0.5714285714285714,0.42857142857142855,0.011414440260827748,2.371532354650061,2,0.010572154614331716,2.560472805806048,4047.5714285714284,0.015543120678449589,True,1.7415881243401286
ALPHA_IC,9,outside_community_degree_percentile,RAW,252,future_excess_return,JOINT_MARKET_REGIME,BULL_HIGH_VOL,21,True,2019-03-29,2026-03-31,-0.0070099077340279635,0.0117079778399913,0.11732979573330612,0.5714285714285714,0.42857142857142855,0.025603460486742006,-0.27378751156148745,2,0.025433589377561103,-0.2756161401352373,4374.428571428572,0.01251998155223518,False,0.559897608856819
ALPHA_IC,9,outside_community_degree_percentile,INDUSTRY_SIZE_NEUTRAL,252,future_excess_return,JOINT_MARKET_REGIME,BULL_HIGH_VOL,21,True,2019-03-29,2026-03-31,0.011642046887634275,0.0213160222956016,0.061414086855782306,0.6190476190476191,0.38095238095238093,0.013401652464438807,0.8687023423810136,2,0.012523739510346141,0.929598294344634,4374.428571428572,0.02367503883229097,True,0.4917435181460146
ALPHA_IC,1,residual_degree_percentile,RAW,60,future_excess_return,TIME_SUBSAMPLE,P3_2023_2026,43,True,2023-01-31,2026-07-31,0.011309213714004375,0.0098857025632854,0.1015447101635873,0.5581395348837209,0.4418604651162791,0.015485423124785775,0.7303135098648347,3,0.011325564877438573,0.9985562606712208,5050.976744186047,0.001589046715305569,True,
ALPHA_IC,1,residual_degree_percentile,INDUSTRY_SIZE_NEUTRAL,60,future_excess_return,TIME_SUBSAMPLE,P3_2023_2026,43,True,2023-01-31,2026-07-31,0.024886592317934417,0.0292198134561639,0.06931175550649987,0.6744186046511628,0.32558139534883723,0.01056994362198427,2.3544678389933096,3,0.00830086376459591,2.9980726131271362,5050.976744186047,0.011060502327838794,True,2.250041777514568
ALPHA_IC,2,delta_degree_percentile,RAW,60,future_excess_return,TIME_SUBSAMPLE,P3_2023_2026,43,True,2023-01-31,2026-07-31,-0.05760724708952343,-0.0492391855681445,0.09902582948639327,0.2558139534883721,0.7441860465116279,0.01510129742267526,-3.814721707488763,3,0.010823282689352164,-5.3225300255898205,5050.976744186047,-0.05077493534682359,True,1.1345607177248185
ALPHA_IC,2,delta_degree_percentile,INDUSTRY_SIZE_NEUTRAL,60,future_excess_return,TIME_SUBSAMPLE,P3_2023_2026,43,True,2023-01-31,2026-07-31,-0.03894256457029506,-0.0338404894531911,0.03832097452331212,0.13953488372093023,0.8604651162790697,0.005843893828557265,-6.663804256674726,3,0.005116575488313224,-7.611060299851691,5050.976744186047,-0.03998431936279568,True,0.9739459165717362
ALPHA_IC,3,cross_industry_degree_percentile,RAW,60,future_excess_return,TIME_SUBSAMPLE,P3_2023_2026,43,True,2023-01-31,2026-07-31,0.017818132227403426,0.0076409150929329,0.10080741760255647,0.5581395348837209,0.4418604651162791,0.01537298706331171,1.1590546556776309,3,0.01172705883165322,1.5194033289326918,5050.976744186047,0.006189659816330623,True,2.8786932975528914
ALPHA_IC,3,cross_industry_degree_percentile,INDUSTRY_SIZE_NEUTRAL,60,future_excess_return,TIME_SUBSAMPLE,P3_2023_2026,43,True,2023-01-31,2026-07-31,0.023454090431275505,0.0291194044258968,0.06170806772267723,0.6976744186046512,0.3023255813953488,0.009410392105695825,2.4923605911255766,3,0.007770618803624059,3.018304078992653,5050.976744186047,0.010895633136833865,True,2.152613816629565
ALPHA_IC,4,cross_industry_degree_ratio,RAW,60,future_excess_return,TIME_SUBSAMPLE,P3_2023_2026,43,True,2023-01-31,2026-07-31,0.011958912404974358,0.0144278826406513,0.07364116270792935,0.5348837209302325,0.46511627906976744,0.011230172030589949,1.0648912921724965,3,0.009109033046311757,1.3128629948067336,4891.139534883721,0.009637533096226194,True,1.2408686212094209
ALPHA_IC,4,cross_industry_degree_ratio,INDUSTRY_SIZE_NEUTRAL,60,future_excess_return,TIME_SUBSAMPLE,P3_2023_2026,43,True,2023-01-31,2026-07-31,-0.001951301925777097,-0.001149507244739,0.038576209888618686,0.4883720930232558,0.5116279069767442,0.005882816856864837,-0.33169516802143245,3,0.00459569987257704,-0.42459298472049783,4891.139534883721,-0.0006697582336243495,True,
ALPHA_IC,5,delta_residual_degree_percentile_1m,RAW,60,future_excess_return,TIME_SUBSAMPLE,P3_2023_2026,43,True,2023-01-31,2026-07-31,0.015948849026319666,0.0193508217379528,0.058898651740591064,0.6046511627906976,0.3953488372093023,0.008981960184958115,1.7756534985569008,3,0.007793492382672655,2.0464315923088465,5031.395348837209,0.008511481167577974,True,1.8738041842907667
ALPHA_IC,5,delta_residual_degree_percentile_1m,INDUSTRY_SIZE_NEUTRAL,60,future_excess_return,TIME_SUBSAMPLE,P3_2023_2026,43,True,2023-01-31,2026-07-31,0.010157793244346914,0.0127392643530664,0.032269961203929984,0.6046511627906976,0.3953488372093023,0.004921122948287941,2.0641210047151555,3,0.0057161215785384864,1.7770428960932085,5031.395348837209,0.007306474945740254,True,1.390245408323614
ALPHA_IC,6,delta_cross_industry_degree_percentile_1m,RAW,60,future_excess_return,TIME_SUBSAMPLE,P3_2023_2026,43,True,2023-01-31,2026-07-31,0.017256312964396815,0.0219906787134438,0.053496362475157204,0.627906976744186,0.37209302325581395,0.008158118795456274,2.1152318809095854,3,0.008007527844468376,2.1550112968158492,5031.395348837209,0.010319540785240467,True,1.6721977579736564
ALPHA_IC,6,delta_cross_industry_degree_percentile_1m,INDUSTRY_SIZE_NEUTRAL,60,future_excess_return,TIME_SUBSAMPLE,P3_2023_2026,43,True,2023-01-31,2026-07-31,0.010525689544340064,0.0122168503689579,0.030796004028463584,0.6046511627906976,0.3953488372093023,0.004696346586297831,2.241250587222429,3,0.005833168714667822,1.8044548442208848,5031.395348837209,0.008119385314345235,True,1.2963653203824923
ALPHA_IC,7,neighbor_jaccard_1m,RAW,60,future_excess_return,TIME_SUBSAMPLE,P3_2023_2026,43,True,2023-01-31,2026-07-31,-0.001788630113319866,-0.008200123602179,0.07690789528317078,0.4418604651162791,0.5581395348837209,0.011728344077973215,-0.15250491471162234,3,0.00983417202772856,-0.18187907515514484,4979.069767441861,0.0009102697031392191,False,
ALPHA_IC,7,neighbor_jaccard_1m,INDUSTRY_SIZE_NEUTRAL,60,future_excess_return,TIME_SUBSAMPLE,P3_2023_2026,43,True,2023-01-31,2026-07-31,0.013885486719044396,0.0082182543748924,0.04840593382326662,0.6511627906976745,0.3488372093023256,0.007381835703662832,1.8810343763346675,3,0.005832584703805173,2.3806746792696414,4979.069767441861,0.01011719944717235,True,1.3724634758411571
ALPHA_IC,8,neighbor_retention_1m,RAW,60,future_excess_return,TIME_SUBSAMPLE,P3_2023_2026,43,True,2023-01-31,2026-07-31,0.004761725615390718,-0.0084253361190588,0.08487617664383924,0.4418604651162791,0.5581395348837209,0.012943495593483097,0.3678855979051125,3,0.009099390240274568,0.5233016157846458,4894.232558139535,0.005112226131812955,True,0.9314387690636177
ALPHA_IC,8,neighbor_retention_1m,INDUSTRY_SIZE_NEUTRAL,60,future_excess_return,TIME_SUBSAMPLE,P3_2023_2026,43,True,2023-01-31,2026-07-31,0.017147332713321486,0.0095844628149329,0.05411486742567925,0.5813953488372093,0.4186046511627907,0.008252439916154526,2.0778500525347425,3,0.006530642798338025,2.625673037527836,4894.232558139535,0.01298881957898473,True,1.3201609745249696
ALPHA_IC,9,outside_community_degree_percentile,RAW,60,future_excess_return,TIME_SUBSAMPLE,P3_2023_2026,43,True,2023-01-31,2026-07-31,0.013532511001942188,0.0270635074367993,0.14633629880279286,0.6046511627906976,0.3953488372093023,0.02231607635519076,0.6064018955014241,3,0.01411544819735132,0.9587021830792084,5050.976744186047,0.012553241272110226,True,1.0780093131809412
ALPHA_IC,9,outside_community_degree_percentile,INDUSTRY_SIZE_NEUTRAL,60,future_excess_return,TIME_SUBSAMPLE,P3_2023_2026,43,True,2023-01-31,2026-07-31,0.020861298100971586,0.0269012276160736,0.08466959992848232,0.6511627906976745,0.3488372093023256,0.01291199293972716,1.6156528429307213,3,0.00869446603169362,2.399376571824728,5050.976744186047,0.016248613235090983,True,1.283881756500851
ALPHA_IC,1,residual_degree_percentile,RAW,120,future_excess_return,TIME_SUBSAMPLE,P3_2023_2026,43,True,2023-01-31,2026-07-31,0.0012386017320881596,0.0023978399272338,0.10555739102433906,0.5116279069767442,0.4883720930232558,0.016097351219251422,0.07694444354341164,3,0.011783905953948461,0.10510960770805697,5036.627906976744,-0.0009701395968103528,False,
ALPHA_IC,1,residual_degree_percentile,INDUSTRY_SIZE_NEUTRAL,120,future_excess_return,TIME_SUBSAMPLE,P3_2023_2026,43,True,2023-01-31,2026-07-31,0.023179521058823236,0.0212517506467055,0.06699551529143923,0.6976744186046512,0.3023255813953488,0.010216720300640636,2.2687829730808793,3,0.007754764209385591,2.9890684530122864,5036.627906976744,0.01253447248684205,True,1.8492617924811539
ALPHA_IC,2,delta_degree_percentile,RAW,120,future_excess_return,TIME_SUBSAMPLE,P3_2023_2026,43,True,2023-01-31,2026-07-31,-0.06507176720799719,-0.0823604103242297,0.11471331376972892,0.27906976744186046,0.7209302325581395,0.017493616347999154,-3.719743586090467,3,0.01497671255292297,-4.344863198652851,5036.627906976744,-0.0461150159053922,True,1.4110754584037428
ALPHA_IC,2,delta_degree_percentile,INDUSTRY_SIZE_NEUTRAL,120,future_excess_return,TIME_SUBSAMPLE,P3_2023_2026,43,True,2023-01-31,2026-07-31,-0.04053367182254743,-0.0410691019294611,0.044377298310821794,0.23255813953488372,0.7674418604651163,0.006767474547623836,-5.989482714313189,3,0.006634490120456338,-6.109538349837714,5036.627906976744,-0.03486298478356557,True,1.1626563839609918
ALPHA_IC,3,cross_industry_degree_percentile,RAW,120,future_excess_return,TIME_SUBSAMPLE,P3_2023_2026,43,True,2023-01-31,2026-07-31,0.007161679748873479,0.0123408621769645,0.09971854996623815,0.5116279069767442,0.4883720930232558,0.015206936305491721,0.47094823079433573,3,0.01153703805894719,0.6207554930721114,5036.627906976744,0.002819980567671581,True,
ALPHA_IC,3,cross_industry_degree_percentile,INDUSTRY_SIZE_NEUTRAL,120,future_excess_return,TIME_SUBSAMPLE,P3_2023_2026,43,True,2023-01-31,2026-07-31,0.022168877102810212,0.0222197077055469,0.05832439721961025,0.7209302325581395,0.27906976744186046,0.008894387191501506,2.49245694228292,3,0.007585670275507088,2.9224677975247566,5036.627906976744,0.012252619080596284,True,1.8093174167078852
ALPHA_IC,4,cross_industry_degree_ratio,RAW,120,future_excess_return,TIME_SUBSAMPLE,P3_2023_2026,43,True,2023-01-31,2026-07-31,0.012689278686602593,0.0125318431516306,0.0746695875924842,0.5813953488372093,0.4186046511627907,0.011387005355179036,1.114364865107511,3,0.008742529006860457,1.451442560458768,4763.2558139534885,0.008566537115641325,True,1.4812611578409793
ALPHA_IC,4,cross_industry_degree_ratio,INDUSTRY_SIZE_NEUTRAL,120,future_excess_return,TIME_SUBSAMPLE,P3_2023_2026,43,True,2023-01-31,2026-07-31,0.0021741629512295026,0.0059999094310486,0.0387834344145639,0.5581395348837209,0.4418604651162791,0.0059144183008093335,0.36760385225576425,3,0.004657072081654042,0.4668519003161553,4763.2558139534885,0.002341775778968675,True,
ALPHA_IC,5,delta_residual_degree_percentile_1m,RAW,120,future_excess_return,TIME_SUBSAMPLE,P3_2023_2026,43,True,2023-01-31,2026-07-31,0.008078456497137971,0.0158896266363264,0.05670018473662286,0.6511627906976745,0.3488372093023256,0.008646697109929559,0.9342823501774984,3,0.008925410927278376,0.9051075141479602,5022.093023255814,0.006457960470612781,True,1.250930000872462
ALPHA_IC,5,delta_residual_degree_percentile_1m,INDUSTRY_SIZE_NEUTRAL,120,future_excess_return,TIME_SUBSAMPLE,P3_2023_2026,43,True,2023-01-31,2026-07-31,0.0050273082976311344,0.0079360397286341,0.031393366892824154,0.5813953488372093,0.4186046511627907,0.004787443569082607,1.0501028837389494,3,0.0038208209592013255,1.3157665201569675,5022.093023255814,0.006257083985748023,True,0.8034586572726223
ALPHA_IC,6,delta_cross_industry_degree_percentile_1m,RAW,120,future_excess_return,TIME_SUBSAMPLE,P3_2023_2026,43,True,2023-01-31,2026-07-31,0.008296199054537646,0.0117732012273403,0.04924509262970955,0.6046511627906976,0.3953488372093023,0.007509806221927394,1.104715462605961,3,0.0078040310258463245,1.0630658728881652,5022.093023255814,0.008808832249348003,True,0.9418046364944342
ALPHA_IC,6,delta_cross_industry_degree_percentile_1m,INDUSTRY_SIZE_NEUTRAL,120,future_excess_return,TIME_SUBSAMPLE,P3_2023_2026,43,True,2023-01-31,2026-07-31,0.00566021456080374,0.0038880999814715,0.028101912362169964,0.5813953488372093,0.4186046511627907,0.004285501458843069,1.3207823203802602,3,0.003275075246950026,1.7282700805347657,5022.093023255814,0.006811870490322519,True,0.8309339657653632
ALPHA_IC,7,neighbor_jaccard_1m,RAW,120,future_excess_return,TIME_SUBSAMPLE,P3_2023_2026,43,True,2023-01-31,2026-07-31,0.0032296775889562325,-0.0065109575773773,0.08598057972403704,0.4883720930232558,0.5116279069767442,0.013111915484284186,0.2463162299076205,3,0.010411193227988537,0.3102120494962913,4869.697674418605,0.005229172999009266,True,0.6176268388076158
ALPHA_IC,7,neighbor_jaccard_1m,INDUSTRY_SIZE_NEUTRAL,120,future_excess_return,TIME_SUBSAMPLE,P3_2023_2026,43,True,2023-01-31,2026-07-31,0.017287709781922324,0.0154768395190762,0.05648658600306126,0.627906976744186,0.37209302325581395,0.00861412360843656,2.0069029152299334,3,0.006246651711292786,2.7675161960237604,4869.697674418605,0.012101195886467846,True,1.428595152422439
ALPHA_IC,8,neighbor_retention_1m,RAW,120,future_excess_return,TIME_SUBSAMPLE,P3_2023_2026,43,True,2023-01-31,2026-07-31,0.0016266640943523117,0.0002648330309166,0.08178555746759154,0.5116279069767442,0.4883720930232558,0.012472180587662791,0.13042339171719278,3,0.009451012914866453,0.17211531811511624,4758.3488372093025,0.008270288950840591,True,0.1966876978569144
ALPHA_IC,8,neighbor_retention_1m,INDUSTRY_SIZE_NEUTRAL,120,future_excess_return,TIME_SUBSAMPLE,P3_2023_2026,43,True,2023-01-31,2026-07-31,0.014015267437202104,0.0154120127672738,0.056547035842736085,0.5581395348837209,0.4418604651162791,0.008623342122563805,1.6252709492448185,3,0.00625722159348893,2.2398547386888064,4758.3488372093025,0.013881284135949171,True,1.009652082612872
ALPHA_IC,9,outside_community_degree_percentile,RAW,120,future_excess_return,TIME_SUBSAMPLE,P3_2023_2026,43,True,2023-01-31,2026-07-31,0.01445234162786175,0.0171370040523695,0.13884749870870344,0.5813953488372093,0.4186046511627907,0.021174045047335447,0.6825498668559997,3,0.014007064690524887,1.031789453905933,5036.627906976744,0.007086863271454519,True,2.039314302291531
ALPHA_IC,9,outside_community_degree_percentile,INDUSTRY_SIZE_NEUTRAL,120,future_excess_return,TIME_SUBSAMPLE,P3_2023_2026,43,True,2023-01-31,2026-07-31,0.024737981831366575,0.0303318121337551,0.0828372578921057,0.6744186046511628,0.32558139534883723,0.012632563398819394,1.9582709423550981,3,0.009918084286229173,2.494229844942353,5036.627906976744,0.017261604972296514,True,1.4331217677075245
ALPHA_IC,1,residual_degree_percentile,RAW,252,future_excess_return,TIME_SUBSAMPLE,P3_2023_2026,43,True,2023-01-31,2026-07-31,-0.009423710175046267,-0.0027896407083994,0.10810358218432414,0.4883720930232558,0.5116279069767442,0.016485641730942666,-0.5716313825599199,3,0.011942475163909297,-0.7890918796737504,4951.674418604651,0.0023324799223115897,False,
ALPHA_IC,1,residual_degree_percentile,INDUSTRY_SIZE_NEUTRAL,252,future_excess_return,TIME_SUBSAMPLE,P3_2023_2026,43,True,2023-01-31,2026-07-31,0.018172867636061383,0.0123295190750407,0.06378584667989516,0.6511627906976745,0.3488372093023256,0.00972725042613873,1.868243012149444,3,0.007637616491049641,2.3793899127244447,4951.674418604651,0.014605529179785779,True,1.244245751890513
ALPHA_IC,2,delta_degree_percentile,RAW,252,future_excess_return,TIME_SUBSAMPLE,P3_2023_2026,43,True,2023-01-31,2026-07-31,-0.06919797692360934,-0.0738814865085327,0.1284265712426281,0.27906976744186046,0.7209302325581395,0.019584868507219185,-3.5332367382554675,3,0.016206679475654403,-4.269719594785484,4951.674418604651,-0.038938242958748606,True,1.7771211966836322
ALPHA_IC,2,delta_degree_percentile,INDUSTRY_SIZE_NEUTRAL,252,future_excess_return,TIME_SUBSAMPLE,P3_2023_2026,43,True,2023-01-31,2026-07-31,-0.04239325702201618,-0.0442328721343417,0.054178085666198444,0.20930232558139536,0.7906976744186046,0.008262080607452645,-5.131063110637796,3,0.008823458429642297,-4.804607780504361,4951.674418604651,-0.03233989826791829,True,1.3108655033733048
ALPHA_IC,3,cross_industry_degree_percentile,RAW,252,future_excess_return,TIME_SUBSAMPLE,P3_2023_2026,43,True,2023-01-31,2026-07-31,-0.006154705294837356,0.0025622434268078,0.09846041315080743,0.5116279069767442,0.4883720930232558,0.015015072239855721,-0.4099018104288851,3,0.011968988880270736,-0.5142209886235718,4951.674418604651,0.0038334242211345844,False,
ALPHA_IC,3,cross_industry_degree_percentile,INDUSTRY_SIZE_NEUTRAL,252,future_excess_return,TIME_SUBSAMPLE,P3_2023_2026,43,True,2023-01-31,2026-07-31,0.016374108167834987,0.0117303538020546,0.054753456141742735,0.627906976744186,0.37209302325581395,0.00834982378238474,1.9610124230859496,3,0.007688405449440681,2.129714448010306,4951.674418604651,0.013558925727669242,True,1.2076257733620368
ALPHA_IC,4,cross_industry_degree_ratio,RAW,252,future_excess_return,TIME_SUBSAMPLE,P3_2023_2026,43,True,2023-01-31,2026-07-31,0.005118365617731173,0.0226185688697408,0.07285675487785666,0.5116279069767442,0.4883720930232558,0.011110550957946162,0.460676130023108,3,0.009380774545260684,0.5456229219704521,4505.813953488372,0.0016210473300158716,True,
ALPHA_IC,4,cross_industry_degree_ratio,INDUSTRY_SIZE_NEUTRAL,252,future_excess_return,TIME_SUBSAMPLE,P3_2023_2026,43,True,2023-01-31,2026-07-31,0.0033775254159970477,0.002176218790868,0.0382260696470722,0.5581395348837209,0.4418604651162791,0.005829420970613085,0.579392950521779,3,0.005604880645853974,0.6026043424306388,4505.813953488372,0.0004447403411718875,True,
ALPHA_IC,5,delta_residual_degree_percentile_1m,RAW,252,future_excess_return,TIME_SUBSAMPLE,P3_2023_2026,43,True,2023-01-31,2026-07-31,0.008664371751873108,0.0120286521500689,0.06441729012506618,0.627906976744186,0.37209302325581395,0.009823544648773205,0.8820005468143458,3,0.009210840628584445,0.9406711180068132,4935.069767441861,0.0017470135578395688,True,
ALPHA_IC,5,delta_residual_degree_percentile_1m,INDUSTRY_SIZE_NEUTRAL,252,future_excess_return,TIME_SUBSAMPLE,P3_2023_2026,43,True,2023-01-31,2026-07-31,0.009947201850120614,0.0068449325503973,0.03541155571036665,0.6046511627906976,0.3953488372093023,0.005400211619084297,1.8420022309805963,3,0.005303310274394819,1.8756590384966165,4935.069767441861,0.007600057369464336,True,1.3088324688293382
ALPHA_IC,6,delta_cross_industry_degree_percentile_1m,RAW,252,future_excess_return,TIME_SUBSAMPLE,P3_2023_2026,43,True,2023-01-31,2026-07-31,0.005879103125448984,0.010452524495774,0.05351405447838174,0.5581395348837209,0.4418604651162791,0.008160816800654336,0.7204062128900622,3,0.00790437962558128,0.743777931214512,4935.069767441861,0.002500401661542384,True,
ALPHA_IC,6,delta_cross_industry_degree_percentile_1m,INDUSTRY_SIZE_NEUTRAL,252,future_excess_return,TIME_SUBSAMPLE,P3_2023_2026,43,True,2023-01-31,2026-07-31,0.0085621147802395,0.0047739792829566,0.030272216380288673,0.6511627906976745,0.3488372093023256,0.00461646971879328,1.8546888210668455,3,0.005144991881065465,1.66416487686787,4935.069767441861,0.007331037480516441,True,1.1679267502034836
ALPHA_IC,7,neighbor_jaccard_1m,RAW,252,future_excess_return,TIME_SUBSAMPLE,P3_2023_2026,43,True,2023-01-31,2026-07-31,0.0016054214498571666,0.0066185385491008,0.08193551117074331,0.5581395348837209,0.4418604651162791,0.012495048313009514,0.12848461323560023,3,0.010117316256020558,0.15868056401833056,4592.813953488372,0.014906260471675249,True,0.10770115368021209
ALPHA_IC,7,neighbor_jaccard_1m,INDUSTRY_SIZE_NEUTRAL,252,future_excess_return,TIME_SUBSAMPLE,P3_2023_2026,43,True,2023-01-31,2026-07-31,0.0146574933515429,0.0122842672971487,0.042765312373148054,0.6511627906976745,0.3488372093023256,0.006521648996732327,2.2475133756641976,3,0.005261866838135062,2.78560704830339,4592.813953488372,0.015892856640485016,True,0.922269273744332
ALPHA_IC,8,neighbor_retention_1m,RAW,252,future_excess_return,TIME_SUBSAMPLE,P3_2023_2026,43,True,2023-01-31,2026-07-31,0.000733079988760225,0.0114660425413711,0.07982140593862909,0.5581395348837209,0.4418604651162791,0.012172650287579417,0.06022353155978172,3,0.008931921261450192,0.08207416605027279,4496.093023255814,0.009201149692294673,True,0.07967265105730524
ALPHA_IC,8,neighbor_retention_1m,INDUSTRY_SIZE_NEUTRAL,252,future_excess_return,TIME_SUBSAMPLE,P3_2023_2026,43,True,2023-01-31,2026-07-31,0.015147659317106611,0.0058732160774892,0.04977512441050447,0.5116279069767442,0.4883720930232558,0.007590635310729463,1.9955720037946223,3,0.006598745481468993,2.2955362287642718,4496.093023255814,0.015543120678449589,True,0.9745571452783428
ALPHA_IC,9,outside_community_degree_percentile,RAW,252,future_excess_return,TIME_SUBSAMPLE,P3_2023_2026,43,True,2023-01-31,2026-07-31,0.002445785850588247,-0.0117555424527855,0.13188724380344022,0.46511627906976744,0.5348837209302325,0.020112616125132307,0.12160456080758406,3,0.012649277292200412,0.19335380149317521,4951.674418604651,0.01251998155223518,True,0.19535059539697192
ALPHA_IC,9,outside_community_degree_percentile,INDUSTRY_SIZE_NEUTRAL,252,future_excess_return,TIME_SUBSAMPLE,P3_2023_2026,43,True,2023-01-31,2026-07-31,0.023126512572021217,0.0237089494877345,0.07494897205592033,0.6976744186046512,0.3023255813953488,0.011429611086426188,2.023385782521181,3,0.008942534523403088,2.586125053417228,4951.674418604651,0.02367503883229097,True,0.9768310301767444
