trade_date,expected_count,daily_row_count,daily_unique_security_count,matched_count,raw_only_count,daily_only_count,coverage_ratio
2015-01-05,2595,2594,2594,2593,2,1,0.9992292870905588
2015-01-06,2595,2594,2594,2593,2,1,0.9992292870905588
2015-01-07,2595,2594,2594,2593,2,1,0.9992292870905588
2015-01-08,2595,2594,2594,2593,2,1,0.9992292870905588
2015-01-09,2595,2594,2594,2593,2,1,0.9992292870905588
2015-01-12,2595,2594,2594,2593,2,1,0.9992292870905588
2015-01-13,2595,2594,2594,2593,2,1,0.9992292870905588
2015-01-14,2595,2594,2594,2593,2,1,0.9992292870905588
2015-01-15,2595,2594,2594,2593,2,1,0.9992292870905588
2015-01-16,2595,2594,2594,2593,2,1,0.9992292870905588
2015-01-19,2595,2594,2594,2593,2,1,0.9992292870905588
2015-01-20,2596,2595,2595,2594,2,1,0.9992295839753467
2015-01-21,2600,2599,2599,2598,2,1,0.9992307692307693
2015-01-22,2606,2605,2605,2604,2,1,0.9992325402916347
2015-01-23,2609,2608,2608,2607,2,1,0.9992334227673438
2015-01-26,2611,2610,2610,2609,2,1,0.9992340099578706
2015-01-27,2614,2613,2613,2612,2,1,0.9992348890589136
2015-01-28,2616,2615,2615,2614,2,1,0.9992354740061162
2015-01-29,2617,2616,2616,2615,2,1,0.9992357661444402
2015-01-30,2617,2616,2616,2615,2,1,0.9992357661444402
2015-02-02,2617,2616,2616,2615,2,1,0.9992357661444402
2015-02-03,2617,2616,2616,2615,2,1,0.9992357661444402
2015-02-04,2617,2616,2616,2615,2,1,0.9992357661444402
2015-02-05,2617,2616,2616,2615,2,1,0.9992357661444402
2015-02-06,2617,2616,2616,2615,2,1,0.9992357661444402
2015-02-09,2617,2616,2616,2615,2,1,0.9992357661444402
2015-02-10,2617,2616,2616,2615,2,1,0.9992357661444402
2015-02-11,2617,2616,2616,2615,2,1,0.9992357661444402
2015-02-12,2617,2616,2616,2615,2,1,0.9992357661444402
2015-02-13,2617,2616,2616,2615,2,1,0.9992357661444402
2015-02-16,2620,2619,2619,2618,2,1,0.999236641221374
2015-02-17,2634,2633,2633,2632,2,1,0.9992406985573272
2015-02-25,2635,2634,2634,2633,2,1,0.9992409867172676
2015-02-26,2637,2636,2636,2635,2,1,0.9992415623814941
2015-02-27,2638,2637,2637,2636,2,1,0.9992418498862775
2015-03-02,2640,2639,2639,2638,2,1,0.9992424242424243
2015-03-03,2641,2640,2640,2639,2,1,0.9992427110942824
2015-03-04,2641,2640,2640,2639,2,1,0.9992427110942824
2015-03-05,2641,2640,2640,2639,2,1,0.9992427110942824
2015-03-06,2641,2640,2640,2639,2,1,0.9992427110942824
2015-03-09,2641,2640,2640,2639,2,1,0.9992427110942824
2015-03-10,2641,2640,2640,2639,2,1,0.9992427110942824
2015-03-11,2641,2640,2640,2639,2,1,0.9992427110942824
2015-03-12,2641,2640,2640,2639,2,1,0.9992427110942824
2015-03-13,2641,2640,2640,2639,2,1,0.9992427110942824
2015-03-16,2641,2640,2640,2639,2,1,0.9992427110942824
2015-03-17,2641,2640,2640,2639,2,1,0.9992427110942824
2015-03-18,2642,2641,2641,2640,2,1,0.9992429977289932
2015-03-19,2650,2649,2649,2648,2,1,0.999245283018868
2015-03-20,2655,2654,2654,2653,2,1,0.9992467043314501
2015-03-23,2656,2655,2655,2654,2,1,0.9992469879518072
2015-03-24,2660,2659,2659,2658,2,1,0.9992481203007518
2015-03-25,2662,2661,2661,2660,2,1,0.9992486851990984
2015-03-26,2665,2664,2664,2663,2,1,0.999249530956848
2015-03-27,2665,2664,2664,2663,2,1,0.999249530956848
2015-03-30,2665,2664,2664,2663,2,1,0.999249530956848
2015-03-31,2665,2664,2664,2663,2,1,0.999249530956848
2015-04-01,2665,2664,2664,2663,2,1,0.999249530956848
2015-04-02,2665,2664,2664,2663,2,1,0.999249530956848
2015-04-03,2665,2664,2664,2663,2,1,0.999249530956848
2015-04-07,2665,2664,2664,2663,2,1,0.999249530956848
2015-04-08,2665,2664,2664,2663,2,1,0.999249530956848
2015-04-09,2665,2664,2664,2663,2,1,0.999249530956848
2015-04-10,2665,2664,2664,2663,2,1,0.999249530956848
2015-04-13,2665,2664,2664,2663,2,1,0.999249530956848
2015-04-14,2665,2664,2664,2663,2,1,0.999249530956848
2015-04-15,2665,2664,2664,2663,2,1,0.999249530956848
2015-04-16,2665,2664,2664,2663,2,1,0.999249530956848
2015-04-17,2665,2664,2664,2663,2,1,0.999249530956848
2015-04-20,2665,2664,2664,2663,2,1,0.999249530956848
2015-04-21,2665,2664,2664,2663,2,1,0.999249530956848
2015-04-22,2675,2674,2674,2673,2,1,0.9992523364485981
2015-04-23,2683,2682,2682,2681,2,1,0.9992545657845695
2015-04-24,2693,2692,2692,2691,2,1,0.9992573338284441
2015-04-27,2694,2693,2693,2692,2,1,0.9992576095025983
2015-04-28,2695,2694,2694,2693,2,1,0.9992578849721707
2015-04-29,2695,2694,2694,2693,2,1,0.9992578849721707
2015-04-30,2695,2694,2694,2693,2,1,0.9992578849721707
2015-05-04,2695,2694,2694,2693,2,1,0.9992578849721707
2015-05-05,2695,2694,2694,2693,2,1,0.9992578849721707
2015-05-06,2695,2694,2694,2693,2,1,0.9992578849721707
2015-05-07,2695,2694,2694,2693,2,1,0.9992578849721707
2015-05-08,2695,2694,2694,2693,2,1,0.9992578849721707
2015-05-11,2695,2694,2694,2693,2,1,0.9992578849721707
2015-05-12,2695,2694,2694,2693,2,1,0.9992578849721707
2015-05-13,2698,2697,2697,2696,2,1,0.9992587101556709
2015-05-14,2701,2700,2700,2699,2,1,0.9992595335061089
2015-05-15,2712,2711,2711,2710,2,1,0.9992625368731564
2015-05-18,2717,2716,2716,2715,2,1,0.9992638940007361
2015-05-19,2719,2718,2718,2717,2,1,0.9992644354542111
2015-05-20,2717,2716,2716,2715,2,1,0.9992638940007361
2015-05-21,2716,2715,2715,2714,2,1,0.9992636229749632
2015-05-22,2716,2715,2715,2714,2,1,0.9992636229749632
2015-05-25,2716,2715,2715,2714,2,1,0.9992636229749632
2015-05-26,2716,2715,2715,2714,2,1,0.9992636229749632
2015-05-27,2725,2724,2724,2723,2,1,0.9992660550458715
2015-05-28,2733,2732,2732,2731,2,1,0.9992682034394438
2015-05-29,2736,2735,2735,2734,2,1,0.9992690058479532
2015-06-01,2736,2735,2735,2734,2,1,0.9992690058479532
2015-06-02,2736,2735,2735,2734,2,1,0.9992690058479532
2015-06-03,2736,2735,2735,2734,2,1,0.9992690058479532
2015-06-04,2736,2735,2735,2734,2,1,0.9992690058479532
2015-06-05,2736,2735,2735,2734,2,1,0.9992690058479532
2015-06-08,2736,2735,2735,2734,2,1,0.9992690058479532
2015-06-09,2736,2735,2735,2734,2,1,0.9992690058479532
2015-06-10,2744,2743,2743,2742,2,1,0.999271137026239
2015-06-11,2753,2752,2752,2751,2,1,0.9992735197965855
2015-06-12,2759,2758,2758,2757,2,1,0.9992750996737948
2015-06-15,2759,2758,2758,2757,2,1,0.9992750996737948
2015-06-16,2759,2758,2758,2757,2,1,0.9992750996737948
2015-06-17,2759,2758,2758,2757,2,1,0.9992750996737948
2015-06-18,2759,2758,2758,2757,2,1,0.9992750996737948
2015-06-19,2759,2758,2758,2757,2,1,0.9992750996737948
2015-06-23,2759,2758,2758,2757,2,1,0.9992750996737948
2015-06-24,2759,2758,2758,2757,2,1,0.9992750996737948
2015-06-25,2759,2758,2758,2757,2,1,0.9992750996737948
2015-06-26,2764,2763,2763,2762,2,1,0.9992764109985528
2015-06-29,2770,2769,2769,2768,2,1,0.9992779783393502
2015-06-30,2779,2778,2778,2777,2,1,0.9992803166606693
2015-07-01,2782,2781,2781,2780,2,1,0.9992810927390366
2015-07-02,2784,2783,2783,2782,2,1,0.9992816091954023
2015-07-03,2784,2783,2783,2782,2,1,0.9992816091954023
2015-07-06,2784,2783,2783,2782,2,1,0.9992816091954023
2015-07-07,2784,2783,2783,2782,2,1,0.9992816091954023
2015-07-08,2784,2783,2783,2782,2,1,0.9992816091954023
2015-07-09,2784,2783,2783,2782,2,1,0.9992816091954023
2015-07-10,2784,2783,2783,2782,2,1,0.9992816091954023
2015-07-13,2783,2782,2782,2781,2,1,0.9992813510600072
2015-07-14,2783,2782,2782,2781,2,1,0.9992813510600072
2015-07-15,2783,2782,2782,2781,2,1,0.9992813510600072
2015-07-16,2783,2782,2782,2781,2,1,0.9992813510600072
2015-07-17,2783,2782,2782,2781,2,1,0.9992813510600072
2015-07-20,2783,2782,2782,2781,2,1,0.9992813510600072
2015-07-21,2783,2782,2782,2781,2,1,0.9992813510600072
2015-07-22,2783,2782,2782,2781,2,1,0.9992813510600072
2015-07-23,2783,2782,2782,2781,2,1,0.9992813510600072
2015-07-24,2783,2782,2782,2781,2,1,0.9992813510600072
2015-07-27,2783,2782,2782,2781,2,1,0.9992813510600072
2015-07-28,2783,2782,2782,2781,2,1,0.9992813510600072
2015-07-29,2783,2782,2782,2781,2,1,0.9992813510600072
2015-07-30,2783,2782,2782,2781,2,1,0.9992813510600072
2015-07-31,2783,2782,2782,2781,2,1,0.9992813510600072
2015-08-03,2783,2782,2782,2781,2,1,0.9992813510600072
2015-08-04,2783,2782,2782,2781,2,1,0.9992813510600072
2015-08-05,2783,2782,2782,2781,2,1,0.9992813510600072
2015-08-06,2783,2782,2782,2781,2,1,0.9992813510600072
2015-08-07,2783,2782,2782,2781,2,1,0.9992813510600072
2015-08-10,2783,2782,2782,2781,2,1,0.9992813510600072
2015-08-11,2783,2782,2782,2781,2,1,0.9992813510600072
2015-08-12,2783,2782,2782,2781,2,1,0.9992813510600072
2015-08-13,2783,2782,2782,2781,2,1,0.9992813510600072
2015-08-14,2783,2782,2782,2781,2,1,0.9992813510600072
2015-08-17,2783,2782,2782,2781,2,1,0.9992813510600072
2015-08-18,2783,2782,2782,2781,2,1,0.9992813510600072
2015-08-19,2783,2782,2782,2781,2,1,0.9992813510600072
2015-08-20,2783,2782,2782,2781,2,1,0.9992813510600072
2015-08-21,2783,2782,2782,2781,2,1,0.9992813510600072
2015-08-24,2783,2782,2782,2781,2,1,0.9992813510600072
2015-08-25,2783,2782,2782,2781,2,1,0.9992813510600072
2015-08-26,2783,2782,2782,2781,2,1,0.9992813510600072
2015-08-27,2783,2782,2782,2781,2,1,0.9992813510600072
2015-08-28,2783,2782,2782,2781,2,1,0.9992813510600072
2015-08-31,2783,2782,2782,2781,2,1,0.9992813510600072
2015-09-01,2783,2782,2782,2781,2,1,0.9992813510600072
2015-09-02,2783,2782,2782,2781,2,1,0.9992813510600072
2015-09-07,2783,2782,2782,2781,2,1,0.9992813510600072
2015-09-08,2783,2782,2782,2781,2,1,0.9992813510600072
2015-09-09,2783,2782,2782,2781,2,1,0.9992813510600072
2015-09-10,2783,2782,2782,2781,2,1,0.9992813510600072
2015-09-11,2783,2782,2782,2781,2,1,0.9992813510600072
2015-09-14,2783,2782,2782,2781,2,1,0.9992813510600072
2015-09-15,2783,2782,2782,2781,2,1,0.9992813510600072
2015-09-16,2783,2782,2782,2781,2,1,0.9992813510600072
2015-09-17,2783,2782,2782,2781,2,1,0.9992813510600072
2015-09-18,2783,2782,2782,2781,2,1,0.9992813510600072
2015-09-21,2783,2782,2782,2781,2,1,0.9992813510600072
2015-09-22,2783,2782,2782,2781,2,1,0.9992813510600072
2015-09-23,2783,2782,2782,2781,2,1,0.9992813510600072
2015-09-24,2783,2782,2782,2781,2,1,0.9992813510600072
2015-09-25,2783,2782,2782,2781,2,1,0.9992813510600072
2015-09-28,2783,2782,2782,2781,2,1,0.9992813510600072
2015-09-29,2783,2782,2782,2781,2,1,0.9992813510600072
2015-09-30,2783,2782,2782,2781,2,1,0.9992813510600072
2015-10-08,2783,2782,2782,2781,2,1,0.9992813510600072
2015-10-09,2783,2782,2782,2781,2,1,0.9992813510600072
2015-10-12,2783,2782,2782,2781,2,1,0.9992813510600072
2015-10-13,2783,2782,2782,2781,2,1,0.9992813510600072
2015-10-14,2783,2782,2782,2781,2,1,0.9992813510600072
2015-10-15,2783,2782,2782,2781,2,1,0.9992813510600072
2015-10-16,2783,2782,2782,2781,2,1,0.9992813510600072
2015-10-19,2783,2782,2782,2781,2,1,0.9992813510600072
2015-10-20,2783,2782,2782,2781,2,1,0.9992813510600072
2015-10-21,2783,2782,2782,2781,2,1,0.9992813510600072
2015-10-22,2783,2782,2782,2781,2,1,0.9992813510600072
2015-10-23,2783,2782,2782,2781,2,1,0.9992813510600072
2015-10-26,2783,2782,2782,2781,2,1,0.9992813510600072
2015-10-27,2783,2782,2782,2781,2,1,0.9992813510600072
2015-10-28,2783,2782,2782,2781,2,1,0.9992813510600072
2015-10-29,2783,2782,2782,2781,2,1,0.9992813510600072
2015-10-30,2783,2782,2782,2781,2,1,0.9992813510600072
2015-11-02,2783,2782,2782,2781,2,1,0.9992813510600072
2015-11-03,2783,2782,2782,2781,2,1,0.9992813510600072
2015-11-04,2783,2782,2782,2781,2,1,0.9992813510600072
2015-11-05,2783,2782,2782,2781,2,1,0.9992813510600072
2015-11-06,2783,2782,2782,2781,2,1,0.9992813510600072
2015-11-09,2783,2782,2782,2781,2,1,0.9992813510600072
2015-11-10,2783,2782,2782,2781,2,1,0.9992813510600072
2015-11-11,2783,2782,2782,2781,2,1,0.9992813510600072
2015-11-12,2783,2782,2782,2781,2,1,0.9992813510600072
2015-11-13,2783,2782,2782,2781,2,1,0.9992813510600072
2015-11-16,2783,2782,2782,2781,2,1,0.9992813510600072
2015-11-17,2783,2782,2782,2781,2,1,0.9992813510600072
2015-11-18,2783,2782,2782,2781,2,1,0.9992813510600072
2015-11-19,2783,2782,2782,2781,2,1,0.9992813510600072
2015-11-20,2783,2782,2782,2781,2,1,0.9992813510600072
2015-11-23,2783,2782,2782,2781,2,1,0.9992813510600072
2015-11-24,2783,2782,2782,2781,2,1,0.9992813510600072
2015-11-25,2783,2782,2782,2781,2,1,0.9992813510600072
2015-11-26,2783,2782,2782,2781,2,1,0.9992813510600072
2015-11-27,2783,2782,2782,2781,2,1,0.9992813510600072
2015-11-30,2783,2782,2782,2781,2,1,0.9992813510600072
2015-12-01,2783,2782,2782,2781,2,1,0.9992813510600072
2015-12-02,2783,2782,2782,2781,2,1,0.9992813510600072
2015-12-03,2783,2782,2782,2781,2,1,0.9992813510600072
2015-12-04,2784,2783,2783,2782,2,1,0.9992816091954023
2015-12-07,2784,2783,2783,2782,2,1,0.9992816091954023
2015-12-08,2784,2783,2783,2782,2,1,0.9992816091954023
2015-12-09,2790,2789,2789,2788,2,1,0.9992831541218637
2015-12-10,2794,2793,2793,2792,2,1,0.9992841803865425
2015-12-11,2794,2793,2793,2792,2,1,0.9992841803865425
2015-12-14,2794,2793,2793,2792,2,1,0.9992841803865425
2015-12-15,2794,2793,2793,2792,2,1,0.9992841803865425
2015-12-16,2794,2793,2793,2792,2,1,0.9992841803865425
2015-12-17,2794,2793,2793,2792,2,1,0.9992841803865425
2015-12-18,2794,2793,2793,2792,2,1,0.9992841803865425
2015-12-21,2794,2793,2793,2792,2,1,0.9992841803865425
2015-12-22,2800,2799,2799,2798,2,1,0.9992857142857143
2015-12-23,2803,2802,2802,2801,2,1,0.9992864787727435
2015-12-24,2804,2803,2803,2802,2,1,0.9992867332382311
2015-12-25,2804,2803,2803,2802,2,1,0.9992867332382311
2015-12-28,2804,2803,2803,2802,2,1,0.9992867332382311
2015-12-29,2804,2803,2803,2802,2,1,0.9992867332382311
2015-12-30,2804,2803,2803,2802,2,1,0.9992867332382311
2015-12-31,2811,2810,2810,2809,2,1,0.9992885094272501
2016-01-04,2811,2810,2810,2809,2,1,0.9992885094272501
2016-01-05,2811,2810,2810,2809,2,1,0.9992885094272501
2016-01-06,2812,2811,2811,2810,2,1,0.9992887624466572
2016-01-07,2812,2811,2811,2810,2,1,0.9992887624466572
2016-01-08,2812,2811,2811,2810,2,1,0.9992887624466572
2016-01-11,2812,2811,2811,2810,2,1,0.9992887624466572
2016-01-12,2812,2811,2811,2810,2,1,0.9992887624466572
2016-01-13,2812,2811,2811,2810,2,1,0.9992887624466572
2016-01-14,2812,2811,2811,2810,2,1,0.9992887624466572
2016-01-15,2812,2811,2811,2810,2,1,0.9992887624466572
2016-01-18,2812,2811,2811,2810,2,1,0.9992887624466572
2016-01-19,2812,2811,2811,2810,2,1,0.9992887624466572
2016-01-20,2812,2811,2811,2810,2,1,0.9992887624466572
2016-01-21,2812,2811,2811,2810,2,1,0.9992887624466572
2016-01-22,2812,2811,2811,2810,2,1,0.9992887624466572
2016-01-25,2812,2811,2811,2810,2,1,0.9992887624466572
2016-01-26,2812,2811,2811,2810,2,1,0.9992887624466572
2016-01-27,2812,2811,2811,2810,2,1,0.9992887624466572
2016-01-28,2812,2811,2811,2810,2,1,0.9992887624466572
2016-01-29,2812,2811,2811,2810,2,1,0.9992887624466572
2016-02-01,2812,2811,2811,2810,2,1,0.9992887624466572
2016-02-02,2813,2812,2812,2811,2,1,0.9992890152861713
2016-02-03,2813,2812,2812,2811,2,1,0.9992890152861713
2016-02-04,2815,2814,2814,2813,2,1,0.9992895204262877
2016-02-05,2816,2815,2815,2814,2,1,0.9992897727272727
2016-02-15,2817,2816,2816,2815,2,1,0.9992900248491303
2016-02-16,2817,2816,2816,2815,2,1,0.9992900248491303
2016-02-17,2817,2816,2816,2815,2,1,0.9992900248491303
2016-02-18,2819,2818,2818,2817,2,1,0.9992905285562256
2016-02-19,2819,2818,2818,2817,2,1,0.9992905285562256
2016-02-22,2819,2818,2818,2817,2,1,0.9992905285562256
2016-02-23,2819,2818,2818,2817,2,1,0.9992905285562256
2016-02-24,2819,2818,2818,2817,2,1,0.9992905285562256
2016-02-25,2819,2818,2818,2817,2,1,0.9992905285562256
2016-02-26,2819,2818,2818,2817,2,1,0.9992905285562256
2016-02-29,2819,2818,2818,2817,2,1,0.9992905285562256
2016-03-01,2819,2818,2818,2817,2,1,0.9992905285562256
2016-03-02,2819,2818,2818,2817,2,1,0.9992905285562256
2016-03-03,2820,2819,2819,2818,2,1,0.999290780141844
2016-03-04,2820,2819,2819,2818,2,1,0.999290780141844
2016-03-07,2821,2820,2820,2819,2,1,0.999291031549096
2016-03-08,2822,2821,2821,2820,2,1,0.9992912827781715
2016-03-09,2824,2823,2823,2822,2,1,0.9992917847025495
2016-03-10,2825,2824,2824,2823,2,1,0.9992920353982301
2016-03-11,2826,2825,2825,2824,2,1,0.9992922859164898
2016-03-14,2826,2825,2825,2824,2,1,0.9992922859164898
2016-03-15,2827,2826,2826,2825,2,1,0.9992925362575168
2016-03-16,2828,2827,2827,2826,2,1,0.9992927864214993
2016-03-17,2828,2827,2827,2826,2,1,0.9992927864214993
2016-03-18,2828,2827,2827,2826,2,1,0.9992927864214993
2016-03-21,2828,2827,2827,2826,2,1,0.9992927864214993
2016-03-22,2830,2829,2829,2828,2,1,0.9992932862190813
2016-03-23,2830,2829,2829,2828,2,1,0.9992932862190813
2016-03-24,2831,2830,2830,2829,2,1,0.9992935358530555
2016-03-25,2831,2830,2830,2829,2,1,0.9992935358530555
2016-03-28,2832,2831,2831,2830,2,1,0.9992937853107344
2016-03-29,2833,2832,2832,2831,2,1,0.9992940345923049
2016-03-30,2833,2832,2832,2831,2,1,0.9992940345923049
2016-03-31,2835,2834,2834,2833,2,1,0.9992945326278659
2016-04-01,2835,2834,2834,2833,2,1,0.9992945326278659
2016-04-05,2835,2834,2834,2833,2,1,0.9992945326278659
2016-04-06,2836,2835,2835,2834,2,1,0.9992947813822285
2016-04-07,2836,2835,2835,2834,2,1,0.9992947813822285
2016-04-08,2836,2835,2835,2834,2,1,0.9992947813822285
2016-04-11,2836,2835,2835,2834,2,1,0.9992947813822285
2016-04-12,2837,2836,2836,2835,2,1,0.9992950299612267
2016-04-13,2837,2836,2836,2835,2,1,0.9992950299612267
2016-04-14,2837,2836,2836,2835,2,1,0.9992950299612267
2016-04-15,2838,2837,2837,2836,2,1,0.9992952783650458
2016-04-18,2839,2838,2838,2837,2,1,0.9992955265938711
2016-04-19,2840,2839,2839,2838,2,1,0.9992957746478873
2016-04-20,2840,2839,2839,2838,2,1,0.9992957746478873
2016-04-21,2841,2840,2840,2839,2,1,0.9992960225272791
2016-04-22,2841,2840,2840,2839,2,1,0.9992960225272791
2016-04-25,2842,2841,2841,2840,2,1,0.9992962702322308
2016-04-26,2842,2841,2841,2840,2,1,0.9992962702322308
2016-04-27,2843,2842,2842,2841,2,1,0.9992965177629265
2016-04-28,2845,2844,2844,2843,2,1,0.9992970123022847
2016-04-29,2846,2845,2845,2844,2,1,0.9992972593113141
2016-05-03,2847,2846,2846,2845,2,1,0.9992975061468212
2016-05-04,2848,2847,2847,2846,2,1,0.9992977528089888
2016-05-05,2848,2847,2847,2846,2,1,0.9992977528089888
2016-05-06,2850,2849,2849,2848,2,1,0.9992982456140351
2016-05-09,2850,2849,2849,2848,2,1,0.9992982456140351
2016-05-10,2851,2850,2850,2849,2,1,0.9992984917572781
2016-05-11,2852,2851,2851,2850,2,1,0.9992987377279102
2016-05-12,2852,2851,2851,2850,2,1,0.9992987377279102
2016-05-13,2851,2850,2850,2849,2,1,0.9992984917572781
2016-05-16,2852,2851,2851,2850,2,1,0.9992987377279102
2016-05-17,2853,2852,2852,2851,2,1,0.9992989835261129
2016-05-18,2853,2852,2852,2851,2,1,0.9992989835261129
2016-05-19,2854,2853,2853,2852,2,1,0.9992992291520673
2016-05-20,2854,2853,2853,2852,2,1,0.9992992291520673
2016-05-23,2854,2853,2853,2852,2,1,0.9992992291520673
2016-05-24,2854,2853,2853,2852,2,1,0.9992992291520673
2016-05-25,2855,2854,2854,2853,2,1,0.9992994746059545
2016-05-26,2856,2855,2855,2854,2,1,0.9992997198879552
2016-05-27,2856,2855,2855,2854,2,1,0.9992997198879552
2016-05-30,2858,2857,2857,2856,2,1,0.9993002099370188
2016-05-31,2858,2857,2857,2856,2,1,0.9993002099370188
2016-06-01,2858,2857,2857,2856,2,1,0.9993002099370188
2016-06-02,2859,2858,2858,2857,2,1,0.9993004547044421
2016-06-03,2860,2859,2859,2858,2,1,0.9993006993006993
2016-06-06,2861,2860,2860,2859,2,1,0.9993009437259699
2016-06-07,2862,2861,2861,2860,2,1,0.9993011879804332
2016-06-08,2864,2863,2863,2862,2,1,0.9993016759776536
2016-06-13,2864,2863,2863,2862,2,1,0.9993016759776536
2016-06-14,2864,2863,2863,2862,2,1,0.9993016759776536
2016-06-15,2865,2864,2864,2863,2,1,0.9993019197207679
2016-06-16,2865,2864,2864,2863,2,1,0.9993019197207679
2016-06-17,2865,2864,2864,2863,2,1,0.9993019197207679
2016-06-20,2865,2864,2864,2863,2,1,0.9993019197207679
2016-06-21,2865,2864,2864,2863,2,1,0.9993019197207679
2016-06-22,2866,2865,2865,2864,2,1,0.9993021632937893
2016-06-23,2866,2865,2865,2864,2,1,0.9993021632937893
2016-06-24,2868,2867,2867,2866,2,1,0.999302649930265
2016-06-27,2868,2867,2867,2866,2,1,0.999302649930265
2016-06-28,2869,2868,2868,2867,2,1,0.9993028929940746
2016-06-29,2871,2870,2870,2869,2,1,0.9993033786137234
2016-06-30,2871,2870,2870,2869,2,1,0.9993033786137234
2016-07-01,2872,2871,2871,2870,2,1,0.9993036211699164
2016-07-04,2872,2871,2871,2870,2,1,0.9993036211699164
2016-07-05,2874,2873,2873,2872,2,1,0.9993041057759221
2016-07-06,2875,2874,2874,2873,2,1,0.9993043478260869
2016-07-07,2876,2875,2875,2874,2,1,0.9993045897079277
2016-07-08,2877,2876,2876,2875,2,1,0.9993048314216197
2016-07-11,2877,2876,2876,2875,2,1,0.9993048314216197
2016-07-12,2879,2878,2878,2877,2,1,0.9993053143452588
2016-07-13,2879,2878,2878,2877,2,1,0.9993053143452588
2016-07-14,2879,2878,2878,2877,2,1,0.9993053143452588
2016-07-15,2879,2878,2878,2877,2,1,0.9993053143452588
2016-07-18,2879,2878,2878,2877,2,1,0.9993053143452588
2016-07-19,2880,2879,2879,2878,2,1,0.9993055555555556
2016-07-20,2880,2879,2879,2878,2,1,0.9993055555555556
2016-07-21,2880,2879,2879,2878,2,1,0.9993055555555556
2016-07-22,2880,2879,2879,2878,2,1,0.9993055555555556
2016-07-25,2880,2879,2879,2878,2,1,0.9993055555555556
2016-07-26,2883,2882,2882,2881,2,1,0.9993062781824489
2016-07-27,2883,2882,2882,2881,2,1,0.9993062781824489
2016-07-28,2884,2883,2883,2882,2,1,0.9993065187239945
2016-07-29,2884,2883,2883,2882,2,1,0.9993065187239945
2016-08-01,2885,2884,2884,2883,2,1,0.9993067590987869
2016-08-02,2888,2887,2887,2886,2,1,0.9993074792243767
2016-08-03,2888,2887,2887,2886,2,1,0.9993074792243767
2016-08-04,2888,2887,2887,2886,2,1,0.9993074792243767
2016-08-05,2889,2888,2888,2887,2,1,0.9993077189338871
2016-08-08,2891,2890,2890,2889,2,1,0.9993081978554134
2016-08-09,2894,2893,2893,2892,2,1,0.9993089149965446
2016-08-10,2895,2894,2894,2893,2,1,0.9993091537132988
2016-08-11,2895,2894,2894,2893,2,1,0.9993091537132988
2016-08-12,2898,2897,2897,2896,2,1,0.9993098688750862
2016-08-15,2899,2898,2898,2897,2,1,0.9993101069334254
2016-08-16,2900,2899,2899,2898,2,1,0.9993103448275862
2016-08-17,2901,2900,2900,2899,2,1,0.9993105825577387
2016-08-18,2904,2903,2903,2902,2,1,0.9993112947658402
2016-08-19,2905,2904,2904,2903,2,1,0.9993115318416523
2016-08-22,2906,2905,2905,2904,2,1,0.9993117687543015
2016-08-23,2908,2907,2907,2906,2,1,0.9993122420907841
2016-08-24,2908,2907,2907,2906,2,1,0.9993122420907841
2016-08-25,2908,2907,2907,2906,2,1,0.9993122420907841
2016-08-26,2911,2910,2910,2909,2,1,0.9993129508759876
2016-08-29,2911,2910,2910,2909,2,1,0.9993129508759876
2016-08-30,2913,2912,2912,2911,2,1,0.9993134225883968
2016-08-31,2914,2913,2913,2912,2,1,0.9993136582017845
2016-09-01,2915,2914,2914,2913,2,1,0.9993138936535163
2016-09-02,2916,2915,2915,2914,2,1,0.9993141289437586
2016-09-05,2917,2916,2916,2915,2,1,0.9993143640726774
2016-09-06,2917,2916,2916,2915,2,1,0.9993143640726774
2016-09-07,2917,2916,2916,2915,2,1,0.9993143640726774
2016-09-08,2919,2918,2918,2917,2,1,0.999314833847208
2016-09-09,2920,2919,2919,2918,2,1,0.9993150684931507
2016-09-12,2921,2920,2920,2919,2,1,0.9993153029784321
2016-09-13,2924,2923,2923,2922,2,1,0.9993160054719562
2016-09-14,2926,2925,2925,2924,2,1,0.9993164730006835
2016-09-19,2927,2926,2926,2925,2,1,0.9993167065254527
2016-09-20,2929,2928,2928,2927,2,1,0.99931717309662
2016-09-21,2929,2928,2928,2927,2,1,0.99931717309662
2016-09-22,2929,2928,2928,2927,2,1,0.99931717309662
2016-09-23,2930,2929,2929,2928,2,1,0.9993174061433447
2016-09-26,2930,2929,2929,2928,2,1,0.9993174061433447
2016-09-27,2930,2929,2929,2928,2,1,0.9993174061433447
2016-09-28,2933,2932,2932,2931,2,1,0.9993181043300375
2016-09-29,2933,2932,2932,2931,2,1,0.9993181043300375
2016-09-30,2936,2935,2935,2934,2,1,0.9993188010899182
2016-10-10,2937,2936,2936,2935,2,1,0.9993190330268982
2016-10-11,2938,2937,2937,2936,2,1,0.9993192648059904
2016-10-12,2942,2941,2941,2940,2,1,0.9993201903467029
2016-10-13,2943,2942,2942,2941,2,1,0.99932042133877
2016-10-14,2944,2943,2943,2942,2,1,0.9993206521739131
2016-10-17,2945,2944,2944,2943,2,1,0.999320882852292
2016-10-18,2948,2947,2947,2946,2,1,0.9993215739484396
2016-10-19,2948,2947,2947,2946,2,1,0.9993215739484396
2016-10-20,2948,2947,2947,2946,2,1,0.9993215739484396
2016-10-21,2951,2950,2950,2949,2,1,0.9993222636394442
2016-10-24,2951,2950,2950,2949,2,1,0.9993222636394442
2016-10-25,2954,2953,2953,2952,2,1,0.999322951929587
2016-10-26,2955,2954,2954,2953,2,1,0.9993231810490694
2016-10-27,2956,2955,2955,2954,2,1,0.9993234100135318
2016-10-28,2957,2956,2956,2955,2,1,0.9993236388231316
2016-10-31,2958,2957,2957,2956,2,1,0.9993238674780257
2016-11-01,2961,2960,2960,2959,2,1,0.9993245525160419
2016-11-02,2961,2960,2960,2959,2,1,0.9993245525160419
2016-11-03,2961,2960,2960,2959,2,1,0.9993245525160419
2016-11-04,2962,2961,2961,2960,2,1,0.9993247805536799
2016-11-07,2964,2963,2963,2962,2,1,0.9993252361673415
2016-11-08,2965,2964,2964,2963,2,1,0.9993254637436763
2016-11-09,2967,2966,2966,2965,2,1,0.9993259184361307
2016-11-10,2968,2967,2967,2966,2,1,0.9993261455525606
2016-11-11,2970,2969,2969,2968,2,1,0.9993265993265993
2016-11-14,2971,2970,2970,2969,2,1,0.999326825984517
2016-11-15,2972,2971,2971,2970,2,1,0.9993270524899058
2016-11-16,2974,2973,2973,2972,2,1,0.9993275050437121
2016-11-17,2976,2975,2975,2974,2,1,0.9993279569892473
2016-11-18,2979,2978,2978,2977,2,1,0.9993286337697214
2016-11-21,2980,2979,2979,2978,2,1,0.9993288590604027
2016-11-22,2983,2982,2982,2981,2,1,0.9993295340261482
2016-11-23,2984,2983,2983,2982,2,1,0.9993297587131368
2016-11-24,2986,2985,2985,2984,2,1,0.999330207635633
2016-11-25,2988,2987,2987,2986,2,1,0.999330655957162
2016-11-28,2988,2987,2987,2986,2,1,0.999330655957162
2016-11-29,2991,2990,2990,2989,2,1,0.9993313273152792
2016-11-30,2992,2991,2991,2990,2,1,0.9993315508021391
2016-12-01,2994,2993,2993,2992,2,1,0.9993319973279893
2016-12-02,2995,2994,2994,2993,2,1,0.9993322203672788
2016-12-05,2995,2994,2994,2993,2,1,0.9993322203672788
2016-12-06,2998,2997,2997,2996,2,1,0.9993328885923949
2016-12-07,2999,2998,2998,2997,2,1,0.9993331110370124
2016-12-08,3002,3001,3001,3000,2,1,0.9993337774816788
2016-12-09,3005,3004,3004,3003,2,1,0.9993344425956738
2016-12-12,3006,3005,3005,3004,2,1,0.9993346640053227
2016-12-13,3010,3009,3009,3008,2,1,0.9993355481727575
2016-12-14,3011,3010,3010,3009,2,1,0.9993357688475589
2016-12-15,3012,3011,3011,3010,2,1,0.99933598937583
2016-12-16,3014,3013,3013,3012,2,1,0.9993364299933643
2016-12-19,3015,3014,3014,3013,2,1,0.9993366500829187
2016-12-20,3019,3018,3018,3017,2,1,0.999337528983107
2016-12-21,3021,3020,3020,3019,2,1,0.9993379675604105
2016-12-22,3022,3021,3021,3020,2,1,0.99933818663137
2016-12-23,3025,3024,3024,3023,2,1,0.9993388429752066
2016-12-26,3026,3025,3025,3024,2,1,0.9993390614672836
2016-12-27,3027,3026,3026,3025,2,1,0.9993392798149984
2016-12-28,3032,3031,3031,3030,2,1,0.9993403693931399
2016-12-29,3035,3034,3034,3033,2,1,0.9993410214168039
2016-12-30,3037,3036,3036,3035,2,1,0.9993414553836022
2017-01-03,3039,3038,3038,3037,2,1,0.9993418887792037
2017-01-04,3041,3040,3040,3039,2,1,0.9993423216047352
2017-01-05,3045,3044,3044,3043,2,1,0.9993431855500821
2017-01-06,3048,3047,3047,3046,2,1,0.9993438320209974
2017-01-09,3049,3048,3048,3047,2,1,0.9993440472285995
2017-01-10,3053,3052,3052,3051,2,1,0.9993449066491975
2017-01-11,3056,3055,3055,3054,2,1,0.9993455497382199
2017-01-12,3060,3059,3059,3058,2,1,0.9993464052287582
2017-01-13,3064,3063,3063,3062,2,1,0.9993472584856397
2017-01-16,3065,3064,3064,3063,2,1,0.999347471451876
2017-01-17,3068,3067,3067,3066,2,1,0.999348109517601
2017-01-18,3068,3067,3067,3066,2,1,0.999348109517601
2017-01-19,3072,3071,3071,3070,2,1,0.9993489583333334
2017-01-20,3077,3076,3076,3075,2,1,0.9993500162495937
2017-01-23,3080,3079,3079,3078,2,1,0.9993506493506493
2017-01-24,3082,3081,3081,3080,2,1,0.9993510707332901
2017-01-25,3087,3086,3086,3085,2,1,0.9993521218011014
2017-01-26,3090,3089,3089,3088,2,1,0.9993527508090615
2017-02-03,3090,3089,3089,3088,2,1,0.9993527508090615
2017-02-06,3092,3091,3091,3090,2,1,0.999353169469599
2017-02-07,3095,3094,3094,3093,2,1,0.9993537964458804
2017-02-08,3100,3099,3099,3098,2,1,0.9993548387096775
2017-02-09,3103,3102,3102,3101,2,1,0.9993554624556881
2017-02-10,3104,3103,3103,3102,2,1,0.9993556701030928
2017-02-13,3109,3108,3108,3107,2,1,0.9993567063364426
2017-02-14,3109,3108,3108,3107,2,1,0.9993567063364426
2017-02-15,3113,3112,3112,3111,2,1,0.9993575329264375
2017-02-16,3113,3112,3112,3111,2,1,0.9993575329264375
2017-02-17,3115,3114,3114,3113,2,1,0.9993579454253612
2017-02-20,3118,3117,3117,3116,2,1,0.9993585631815266
2017-02-21,3119,3118,3118,3117,2,1,0.9993587688361655
2017-02-22,3121,3120,3120,3119,2,1,0.9993591797500802
2017-02-23,3121,3120,3120,3119,2,1,0.9993591797500802
2017-02-24,3121,3120,3120,3119,2,1,0.9993591797500802
2017-02-27,3121,3120,3120,3119,2,1,0.9993591797500802
2017-02-28,3122,3121,3121,3120,2,1,0.9993593850096092
2017-03-01,3123,3122,3122,3121,2,1,0.9993595901376882
2017-03-02,3124,3123,3123,3122,2,1,0.9993597951344431
2017-03-03,3124,3123,3123,3122,2,1,0.9993597951344431
2017-03-06,3128,3127,3127,3126,2,1,0.9993606138107417
2017-03-07,3130,3129,3129,3128,2,1,0.9993610223642172
2017-03-08,3131,3130,3130,3129,2,1,0.9993612264452252
2017-03-09,3131,3130,3130,3129,2,1,0.9993612264452252
2017-03-10,3135,3134,3134,3133,2,1,0.9993620414673047
2017-03-13,3137,3136,3136,3135,2,1,0.9993624481989162
2017-03-14,3140,3139,3139,3138,2,1,0.9993630573248408
2017-03-15,3142,3141,3141,3140,2,1,0.9993634627625716
2017-03-16,3143,3142,3142,3141,2,1,0.9993636652879414
2017-03-17,3147,3146,3146,3145,2,1,0.9993644741023197
2017-03-20,3150,3149,3149,3148,2,1,0.9993650793650793
2017-03-21,3153,3152,3152,3151,2,1,0.9993656834760546
2017-03-22,3153,3152,3152,3151,2,1,0.9993656834760546
2017-03-23,3155,3154,3154,3153,2,1,0.9993660855784469
2017-03-24,3160,3159,3159,3158,2,1,0.9993670886075949
2017-03-27,3161,3160,3160,3159,2,1,0.9993672888326479
2017-03-28,3164,3163,3163,3162,2,1,0.9993678887484198
2017-03-29,3165,3164,3164,3163,2,1,0.9993680884676145
2017-03-30,3167,3166,3166,3165,2,1,0.9993684875276286
2017-03-31,3170,3169,3169,3168,2,1,0.9993690851735015
2017-04-05,3171,3170,3170,3169,2,1,0.999369284137496
2017-04-06,3174,3173,3173,3172,2,1,0.9993698802772527
2017-04-07,3176,3175,3175,3174,2,1,0.9993702770780857
2017-04-10,3178,3177,3177,3176,2,1,0.9993706733794839
2017-04-11,3179,3178,3178,3177,2,1,0.9993708713431897
2017-04-12,3183,3182,3182,3181,2,1,0.9993716619541313
2017-04-13,3186,3185,3185,3184,2,1,0.9993722536095417
2017-04-14,3188,3187,3187,3186,2,1,0.9993726474278545
2017-04-17,3190,3189,3189,3188,2,1,0.9993730407523511
2017-04-18,3193,3192,3192,3191,2,1,0.9993736298152208
2017-04-19,3193,3192,3192,3191,2,1,0.9993736298152208
2017-04-20,3195,3194,3194,3193,2,1,0.9993740219092332
2017-04-21,3200,3199,3199,3198,2,1,0.999375
2017-04-24,3200,3199,3199,3198,2,1,0.999375
2017-04-25,3203,3202,3202,3201,2,1,0.9993755853886981
2017-04-26,3206,3205,3205,3204,2,1,0.9993761696818465
2017-04-27,3208,3207,3207,3206,2,1,0.9993765586034913
2017-04-28,3208,3207,3207,3206,2,1,0.9993765586034913
2017-05-02,3209,3208,3208,3207,2,1,0.9993767528825179
2017-05-03,3213,3212,3212,3211,2,1,0.9993775287892935
2017-05-04,3214,3213,3213,3212,2,1,0.9993777224642191
2017-05-05,3217,3216,3216,3215,2,1,0.9993783027665527
2017-05-08,3217,3216,3216,3215,2,1,0.9993783027665527
2017-05-09,3220,3219,3219,3218,2,1,0.9993788819875776
2017-05-10,3222,3221,3221,3220,2,1,0.9993792675356921
2017-05-11,3225,3224,3224,3223,2,1,0.9993798449612403
2017-05-12,3226,3225,3225,3224,2,1,0.9993800371977681
2017-05-15,3229,3228,3228,3227,2,1,0.999380613192939
2017-05-16,3232,3231,3231,3230,2,1,0.9993811881188119
2017-05-17,3234,3233,3233,3232,2,1,0.9993815708101422
2017-05-18,3234,3233,3233,3232,2,1,0.9993815708101422
2017-05-19,3238,3237,3237,3236,2,1,0.9993823347745522
2017-05-22,3239,3238,3238,3237,2,1,0.9993825254708243
2017-05-23,3241,3240,3240,3239,2,1,0.9993829065103363
2017-05-24,3242,3241,3241,3240,2,1,0.999383096853794
2017-05-25,3244,3243,3243,3242,2,1,0.9993834771886559
2017-05-26,3245,3244,3244,3243,2,1,0.9993836671802774
2017-05-31,3246,3245,3245,3244,2,1,0.9993838570548367
2017-06-01,3248,3247,3247,3246,2,1,0.999384236453202
2017-06-02,3251,3250,3250,3249,2,1,0.9993848046754845
2017-06-05,3252,3251,3251,3250,2,1,0.9993849938499385
2017-06-06,3254,3253,3253,3252,2,1,0.9993853718500307
2017-06-07,3255,3254,3254,3253,2,1,0.9993855606758832
2017-06-08,3257,3256,3256,3255,2,1,0.999385937979736
2017-06-09,3257,3256,3256,3255,2,1,0.999385937979736
2017-06-12,3257,3256,3256,3255,2,1,0.999385937979736
2017-06-13,3260,3259,3259,3258,2,1,0.9993865030674847
2017-06-14,3261,3260,3260,3259,2,1,0.9993866911990187
2017-06-15,3264,3263,3263,3262,2,1,0.9993872549019608
2017-06-16,3266,3265,3265,3264,2,1,0.9993876301285977
2017-06-19,3269,3268,3268,3267,2,1,0.9993881921076782
2017-06-20,3271,3270,3270,3269,2,1,0.9993885661877102
2017-06-21,3272,3271,3271,3270,2,1,0.9993887530562348
2017-06-22,3274,3273,3273,3272,2,1,0.9993891264508247
2017-06-23,3274,3273,3273,3272,2,1,0.9993891264508247
2017-06-26,3275,3274,3274,3273,2,1,0.9993893129770992
2017-06-27,3279,3278,3278,3277,2,1,0.9993900579444953
2017-06-28,3280,3279,3279,3278,2,1,0.999390243902439
2017-06-29,3281,3280,3280,3279,2,1,0.9993904297470283
2017-06-30,3282,3281,3281,3280,2,1,0.9993906154783668
2017-07-03,3284,3283,3283,3282,2,1,0.9993909866017052
2017-07-04,3284,3283,3283,3282,2,1,0.9993909866017052
2017-07-05,3286,3285,3285,3284,2,1,0.9993913572732805
2017-07-06,3287,3286,3286,3285,2,1,0.9993915424399148
2017-07-07,3287,3286,3286,3285,2,1,0.9993915424399148
2017-07-10,3288,3287,3287,3286,2,1,0.9993917274939172
2017-07-11,3291,3290,3290,3289,2,1,0.9993922819811607
2017-07-12,3293,3292,3292,3291,2,1,0.9993926510780443
2017-07-13,3293,3292,3292,3291,2,1,0.9993926510780443
2017-07-14,3294,3293,3293,3292,2,1,0.9993928354584092
2017-07-17,3296,3295,3295,3294,2,1,0.9993932038834952
2017-07-18,3297,3296,3296,3295,2,1,0.9993933879284198
2017-07-19,3299,3298,3298,3297,2,1,0.9993937556835405
2017-07-20,3300,3299,3299,3298,2,1,0.9993939393939394
2017-07-21,3303,3302,3302,3301,2,1,0.9993944898577051
2017-07-24,3303,3302,3302,3301,2,1,0.9993944898577051
2017-07-25,3305,3304,3304,3303,2,1,0.9993948562783661
2017-07-26,3305,3304,3304,3303,2,1,0.9993948562783661
2017-07-27,3305,3304,3304,3303,2,1,0.9993948562783661
2017-07-28,3308,3307,3307,3306,2,1,0.9993954050785974
2017-07-31,3311,3310,3310,3309,2,1,0.9993959528843249
2017-08-01,3314,3313,3313,3312,2,1,0.9993964996982498
2017-08-02,3318,3317,3317,3316,2,1,0.9993972272453285
2017-08-03,3319,3318,3318,3317,2,1,0.9993974088580898
2017-08-04,3320,3319,3319,3318,2,1,0.9993975903614458
2017-08-07,3322,3321,3321,3320,2,1,0.9993979530403372
2017-08-08,3325,3324,3324,3323,2,1,0.9993984962406015
2017-08-09,3327,3326,3326,3325,2,1,0.9993988578298768
2017-08-10,3329,3328,3328,3327,2,1,0.9993992189846801
2017-08-11,3331,3330,3330,3329,2,1,0.9993995797057941
2017-08-14,3331,3330,3330,3329,2,1,0.9993995797057941
2017-08-15,3331,3330,3330,3329,2,1,0.9993995797057941
2017-08-16,3332,3331,3331,3330,2,1,0.9993997599039616
2017-08-17,3334,3333,3333,3332,2,1,0.9994001199760048
2017-08-18,3336,3335,3335,3334,2,1,0.999400479616307
2017-08-21,3339,3338,3338,3337,2,1,0.9994010182689428
2017-08-22,3342,3341,3341,3340,2,1,0.9994015559545183
2017-08-23,3343,3342,3342,3341,2,1,0.9994017349685911
2017-08-24,3344,3343,3343,3342,2,1,0.9994019138755981
2017-08-25,3346,3345,3345,3344,2,1,0.9994022713687986
2017-08-28,3345,3344,3344,3343,2,1,0.9994020926756353
2017-08-29,3346,3345,3345,3344,2,1,0.9994022713687986
2017-08-30,3346,3345,3345,3344,2,1,0.9994022713687986
2017-08-31,3347,3346,3346,3345,2,1,0.9994024499551838
2017-09-01,3349,3348,3348,3347,2,1,0.9994028068080024
2017-09-04,3350,3349,3349,3348,2,1,0.9994029850746269
2017-09-05,3351,3350,3350,3349,2,1,0.9994031632348552
2017-09-06,3352,3351,3351,3350,2,1,0.9994033412887828
2017-09-07,3355,3354,3354,3353,2,1,0.9994038748137108
2017-09-08,3357,3356,3356,3355,2,1,0.9994042299672327
2017-09-11,3358,3357,3357,3356,2,1,0.9994044073853484
2017-09-12,3361,3360,3360,3359,2,1,0.9994049390062482
2017-09-13,3362,3361,3361,3360,2,1,0.9994051160023796
2017-09-14,3362,3361,3361,3360,2,1,0.9994051160023796
2017-09-15,3366,3365,3365,3364,2,1,0.9994058229352347
2017-09-18,3367,3366,3366,3365,2,1,0.9994059994059994
2017-09-19,3369,3368,3368,3367,2,1,0.9994063520332442
2017-09-20,3370,3369,3369,3368,2,1,0.9994065281899109
2017-09-21,3372,3371,3371,3370,2,1,0.9994068801897983
2017-09-22,3375,3374,3374,3373,2,1,0.9994074074074074
2017-09-25,3376,3375,3375,3374,2,1,0.9994075829383886
2017-09-26,3379,3378,3378,3377,2,1,0.999408108907961
2017-09-27,3380,3379,3379,3378,2,1,0.9994082840236687
2017-09-28,3381,3380,3380,3379,2,1,0.9994084590357882
2017-09-29,3384,3383,3383,3382,2,1,0.9994089834515366
2017-10-09,3384,3383,3383,3382,2,1,0.9994089834515366
2017-10-10,3386,3385,3385,3384,2,1,0.9994093325457767
2017-10-11,3386,3385,3385,3384,2,1,0.9994093325457767
2017-10-12,3387,3386,3386,3385,2,1,0.9994095069382934
2017-10-13,3390,3389,3389,3388,2,1,0.9994100294985251
2017-10-16,3393,3392,3392,3391,2,1,0.999410551134689
2017-10-17,3394,3393,3393,3392,2,1,0.9994107248084856
2017-10-18,3395,3394,3394,3393,2,1,0.9994108983799705
2017-10-19,3397,3396,3396,3395,2,1,0.9994112452163674
2017-10-20,3401,3400,3400,3399,2,1,0.9994119376653925
2017-10-23,3402,3401,3401,3400,2,1,0.9994121105232217
2017-10-24,3403,3402,3402,3401,2,1,0.9994122832794593
2017-10-25,3405,3404,3404,3403,2,1,0.9994126284875183
2017-10-26,3407,3406,3406,3405,2,1,0.9994129732902847
2017-10-27,3407,3406,3406,3405,2,1,0.9994129732902847
2017-10-30,3408,3407,3407,3406,2,1,0.9994131455399061
2017-10-31,3411,3410,3410,3409,2,1,0.999413661682791
2017-11-01,3414,3413,3413,3412,2,1,0.9994141769185706
2017-11-02,3415,3414,3414,3413,2,1,0.9994143484626647
2017-11-03,3416,3415,3415,3414,2,1,0.9994145199063232
2017-11-06,3421,3420,3420,3419,2,1,0.9994153756211634
2017-11-07,3422,3421,3421,3420,2,1,0.9994155464640561
2017-11-08,3422,3421,3421,3420,2,1,0.9994155464640561
2017-11-09,3424,3423,3423,3422,2,1,0.9994158878504673
2017-11-10,3428,3427,3427,3426,2,1,0.9994165694282381
2017-11-13,3430,3429,3429,3428,2,1,0.9994169096209913
2017-11-14,3430,3429,3429,3428,2,1,0.9994169096209913
2017-11-15,3432,3431,3431,3430,2,1,0.9994172494172494
2017-11-16,3435,3434,3434,3433,2,1,0.9994177583697235
2017-11-17,3437,3436,3436,3435,2,1,0.9994180971777713
2017-11-20,3438,3437,3437,3436,2,1,0.9994182664339732
2017-11-21,3441,3440,3440,3439,2,1,0.999418773612322
2017-11-22,3443,3442,3442,3441,2,1,0.9994191112401976
2017-11-23,3443,3442,3442,3441,2,1,0.9994191112401976
2017-11-24,3443,3442,3442,3441,2,1,0.9994191112401976
2017-11-27,3445,3444,3444,3443,2,1,0.9994194484760522
2017-11-28,3446,3445,3445,3444,2,1,0.9994196169471852
2017-11-29,3446,3445,3445,3444,2,1,0.9994196169471852
2017-11-30,3447,3446,3446,3445,2,1,0.9994197853205686
2017-12-01,3450,3449,3449,3448,2,1,0.9994202898550725
2017-12-04,3451,3450,3450,3449,2,1,0.9994204578383077
2017-12-05,3453,3452,3452,3451,2,1,0.9994207935128874
2017-12-06,3453,3452,3452,3451,2,1,0.9994207935128874
2017-12-07,3453,3452,3452,3451,2,1,0.9994207935128874
2017-12-08,3455,3454,3454,3453,2,1,0.9994211287988423
2017-12-11,3455,3454,3454,3453,2,1,0.9994211287988423
2017-12-12,3457,3456,3456,3455,2,1,0.9994214636968469
2017-12-13,3458,3457,3457,3456,2,1,0.9994216310005783
2017-12-14,3458,3457,3457,3456,2,1,0.9994216310005783
2017-12-15,3459,3458,3458,3457,2,1,0.9994217982075745
2017-12-18,3461,3460,3460,3459,2,1,0.9994221323316961
2017-12-19,3462,3461,3461,3460,2,1,0.9994222992489891
2017-12-20,3462,3461,3461,3460,2,1,0.9994222992489891
2017-12-21,3462,3461,3461,3460,2,1,0.9994222992489891
2017-12-22,3462,3461,3461,3460,2,1,0.9994222992489891
2017-12-25,3463,3462,3462,3461,2,1,0.9994224660698816
2017-12-26,3464,3463,3463,3462,2,1,0.9994226327944573
2017-12-27,3466,3465,3465,3464,2,1,0.9994229659549914
2017-12-28,3466,3465,3465,3464,2,1,0.9994229659549914
2017-12-29,3470,3469,3469,3468,2,1,0.9994236311239193
2018-01-02,3470,3469,3469,3468,2,1,0.9994236311239193
2018-01-03,3471,3470,3470,3469,2,1,0.9994237971766061
2018-01-04,3471,3470,3470,3469,2,1,0.9994237971766061
2018-01-05,3474,3473,3473,3472,2,1,0.9994242947610823
2018-01-08,3474,3473,3473,3472,2,1,0.9994242947610823
2018-01-09,3475,3474,3474,3473,2,1,0.9994244604316547
2018-01-10,3475,3474,3474,3473,2,1,0.9994244604316547
2018-01-11,3475,3474,3474,3473,2,1,0.9994244604316547
2018-01-12,3475,3474,3474,3473,2,1,0.9994244604316547
2018-01-15,3476,3475,3475,3474,2,1,0.9994246260069045
2018-01-16,3478,3477,3477,3476,2,1,0.9994249568717654
2018-01-17,3479,3478,3478,3477,2,1,0.9994251221615407
2018-01-18,3480,3479,3479,3478,2,1,0.9994252873563219
2018-01-19,3481,3480,3480,3479,2,1,0.9994254524561907
2018-01-22,3482,3481,3481,3480,2,1,0.9994256174612292
2018-01-23,3482,3481,3481,3480,2,1,0.9994256174612292
2018-01-24,3483,3482,3482,3481,2,1,0.9994257823715188
2018-01-25,3484,3483,3483,3482,2,1,0.9994259471871412
2018-01-26,3484,3483,3483,3482,2,1,0.9994259471871412
2018-01-29,3484,3483,3483,3482,2,1,0.9994259471871412
2018-01-30,3484,3483,3483,3482,2,1,0.9994259471871412
2018-01-31,3485,3484,3484,3483,2,1,0.9994261119081779
2018-02-01,3487,3486,3486,3485,2,1,0.9994264410668197
2018-02-02,3488,3487,3487,3486,2,1,0.9994266055045872
2018-02-05,3489,3488,3488,3487,2,1,0.999426769848094
2018-02-06,3491,3490,3490,3489,2,1,0.9994270982526496
2018-02-07,3491,3490,3490,3489,2,1,0.9994270982526496
2018-02-08,3493,3492,3492,3491,2,1,0.9994274262811337
2018-02-09,3493,3492,3492,3491,2,1,0.9994274262811337
2018-02-12,3494,3493,3493,3492,2,1,0.9994275901545506
2018-02-13,3494,3493,3493,3492,2,1,0.9994275901545506
2018-02-14,3494,3493,3493,3492,2,1,0.9994275901545506
2018-02-22,3494,3493,3493,3492,2,1,0.9994275901545506
2018-02-23,3495,3494,3494,3493,2,1,0.9994277539341917
2018-02-26,3496,3495,3495,3494,2,1,0.9994279176201373
2018-02-27,3497,3496,3496,3495,2,1,0.9994280812124678
2018-02-28,3496,3495,3495,3494,2,1,0.9994279176201373
2018-03-01,3499,3498,3498,3497,2,1,0.9994284081166047
2018-03-02,3501,3500,3500,3499,2,1,0.9994287346472437
2018-03-05,3501,3500,3500,3499,2,1,0.9994287346472437
2018-03-06,3501,3500,3500,3499,2,1,0.9994287346472437
2018-03-07,3501,3500,3500,3499,2,1,0.9994287346472437
2018-03-08,3501,3500,3500,3499,2,1,0.9994287346472437
2018-03-09,3501,3500,3500,3499,2,1,0.9994287346472437
2018-03-12,3501,3500,3500,3499,2,1,0.9994287346472437
2018-03-13,3501,3500,3500,3499,2,1,0.9994287346472437
2018-03-14,3501,3500,3500,3499,2,1,0.9994287346472437
2018-03-15,3501,3500,3500,3499,2,1,0.9994287346472437
2018-03-16,3501,3500,3500,3499,2,1,0.9994287346472437
2018-03-19,3501,3500,3500,3499,2,1,0.9994287346472437
2018-03-20,3501,3500,3500,3499,2,1,0.9994287346472437
2018-03-21,3501,3500,3500,3499,2,1,0.9994287346472437
2018-03-22,3501,3500,3500,3499,2,1,0.9994287346472437
2018-03-23,3502,3501,3501,3500,2,1,0.9994288977727013
2018-03-26,3503,3502,3502,3501,2,1,0.9994290608050242
2018-03-27,3503,3502,3502,3501,2,1,0.9994290608050242
2018-03-28,3504,3503,3503,3502,2,1,0.9994292237442922
2018-03-29,3504,3503,3503,3502,2,1,0.9994292237442922
2018-03-30,3506,3505,3505,3504,2,1,0.9994295493439818
2018-04-02,3506,3505,3505,3504,2,1,0.9994295493439818
2018-04-03,3507,3506,3506,3505,2,1,0.9994297120045623
2018-04-04,3507,3506,3506,3505,2,1,0.9994297120045623
2018-04-09,3507,3506,3506,3505,2,1,0.9994297120045623
2018-04-10,3508,3507,3507,3506,2,1,0.999429874572406
2018-04-11,3508,3507,3507,3506,2,1,0.999429874572406
2018-04-12,3509,3508,3508,3507,2,1,0.9994300370475919
2018-04-13,3509,3508,3508,3507,2,1,0.9994300370475919
2018-04-16,3509,3508,3508,3507,2,1,0.9994300370475919
2018-04-17,3510,3509,3509,3508,2,1,0.9994301994301994
2018-04-18,3511,3510,3510,3509,2,1,0.9994303617203076
2018-04-19,3511,3510,3510,3509,2,1,0.9994303617203076
2018-04-20,3512,3511,3511,3510,2,1,0.9994305239179955
2018-04-23,3512,3511,3511,3510,2,1,0.9994305239179955
2018-04-24,3512,3511,3511,3510,2,1,0.9994305239179955
2018-04-25,3512,3511,3511,3510,2,1,0.9994305239179955
2018-04-26,3513,3512,3512,3511,2,1,0.9994306860233418
2018-04-27,3515,3514,3514,3513,2,1,0.9994310099573257
2018-05-02,3515,3514,3514,3513,2,1,0.9994310099573257
2018-05-03,3515,3514,3514,3513,2,1,0.9994310099573257
2018-05-04,3515,3514,3514,3513,2,1,0.9994310099573257
2018-05-07,3515,3514,3514,3513,2,1,0.9994310099573257
2018-05-08,3517,3516,3516,3515,2,1,0.9994313335228888
2018-05-09,3518,3517,3517,3516,2,1,0.9994314951677089
2018-05-10,3518,3517,3517,3516,2,1,0.9994314951677089
2018-05-11,3518,3517,3517,3516,2,1,0.9994314951677089
2018-05-14,3518,3517,3517,3516,2,1,0.9994314951677089
2018-05-15,3518,3517,3517,3516,2,1,0.9994314951677089
2018-05-16,3519,3518,3518,3517,2,1,0.9994316567206593
2018-05-17,3520,3519,3519,3518,2,1,0.9994318181818181
2018-05-18,3520,3519,3519,3518,2,1,0.9994318181818181
2018-05-21,3520,3519,3519,3518,2,1,0.9994318181818181
2018-05-22,3520,3519,3519,3518,2,1,0.9994318181818181
2018-05-23,3521,3520,3520,3519,2,1,0.9994319795512638
2018-05-24,3521,3520,3520,3519,2,1,0.9994319795512638
2018-05-25,3522,3521,3521,3520,2,1,0.9994321408290744
2018-05-28,3523,3522,3522,3521,2,1,0.9994323020153278
2018-05-29,3523,3522,3522,3521,2,1,0.9994323020153278
2018-05-30,3523,3522,3522,3521,2,1,0.9994323020153278
2018-05-31,3523,3522,3522,3521,2,1,0.9994323020153278
2018-06-01,3523,3522,3522,3521,2,1,0.9994323020153278
2018-06-04,3523,3522,3522,3521,2,1,0.9994323020153278
2018-06-05,3523,3522,3522,3521,2,1,0.9994323020153278
2018-06-06,3523,3522,3522,3521,2,1,0.9994323020153278
2018-06-07,3523,3522,3522,3521,2,1,0.9994323020153278
2018-06-08,3524,3523,3523,3522,2,1,0.9994324631101021
2018-06-11,3526,3525,3525,3524,2,1,0.9994327850255247
2018-06-12,3527,3526,3526,3525,2,1,0.9994329458463284
2018-06-13,3528,3527,3527,3526,2,1,0.9994331065759637
2018-06-14,3528,3527,3527,3526,2,1,0.9994331065759637
2018-06-15,3528,3527,3527,3526,2,1,0.9994331065759637
2018-06-19,3528,3527,3527,3526,2,1,0.9994331065759637
2018-06-20,3529,3528,3528,3527,2,1,0.9994332672145083
2018-06-21,3529,3528,3528,3527,2,1,0.9994332672145083
2018-06-22,3530,3529,3529,3528,2,1,0.9994334277620397
2018-06-25,3531,3530,3530,3529,2,1,0.9994335882186349
2018-06-26,3531,3530,3530,3529,2,1,0.9994335882186349
2018-06-27,3532,3531,3531,3530,2,1,0.9994337485843715
2018-06-28,3532,3531,3531,3530,2,1,0.9994337485843715
2018-06-29,3532,3531,3531,3530,2,1,0.9994337485843715
2018-07-02,3532,3531,3531,3530,2,1,0.9994337485843715
2018-07-03,3533,3532,3532,3531,2,1,0.9994339088593264
2018-07-04,3533,3532,3532,3531,2,1,0.9994339088593264
2018-07-05,3533,3532,3532,3531,2,1,0.9994339088593264
2018-07-06,3533,3532,3532,3531,2,1,0.9994339088593264
2018-07-09,3535,3534,3534,3533,2,1,0.9994342291371995
2018-07-10,3536,3535,3535,3534,2,1,0.9994343891402715
2018-07-11,3536,3535,3535,3534,2,1,0.9994343891402715
2018-07-12,3536,3535,3535,3534,2,1,0.9994343891402715
2018-07-13,3535,3534,3534,3533,2,1,0.9994342291371995
2018-07-16,3535,3534,3534,3533,2,1,0.9994342291371995
2018-07-17,3535,3534,3534,3533,2,1,0.9994342291371995
2018-07-18,3534,3533,3533,3532,2,1,0.9994340690435767
2018-07-19,3534,3533,3533,3532,2,1,0.9994340690435767
2018-07-20,3535,3534,3534,3533,2,1,0.9994342291371995
2018-07-23,3535,3534,3534,3533,2,1,0.9994342291371995
2018-07-24,3535,3534,3534,3533,2,1,0.9994342291371995
2018-07-25,3535,3534,3534,3533,2,1,0.9994342291371995
2018-07-26,3535,3534,3534,3533,2,1,0.9994342291371995
2018-07-27,3535,3534,3534,3533,2,1,0.9994342291371995
2018-07-30,3536,3535,3535,3534,2,1,0.9994343891402715
2018-07-31,3536,3535,3535,3534,2,1,0.9994343891402715
2018-08-01,3536,3535,3535,3534,2,1,0.9994343891402715
2018-08-02,3536,3535,3535,3534,2,1,0.9994343891402715
2018-08-03,3536,3535,3535,3534,2,1,0.9994343891402715
2018-08-06,3537,3536,3536,3535,2,1,0.9994345490528697
2018-08-07,3537,3536,3536,3535,2,1,0.9994345490528697
2018-08-08,3537,3536,3536,3535,2,1,0.9994345490528697
2018-08-09,3537,3536,3536,3535,2,1,0.9994345490528697
2018-08-10,3538,3537,3537,3536,2,1,0.9994347088750707
2018-08-13,3538,3537,3537,3536,2,1,0.9994347088750707
2018-08-14,3538,3537,3537,3536,2,1,0.9994347088750707
2018-08-15,3538,3537,3537,3536,2,1,0.9994347088750707
2018-08-16,3538,3537,3537,3536,2,1,0.9994347088750707
2018-08-17,3538,3537,3537,3536,2,1,0.9994347088750707
2018-08-20,3538,3537,3537,3536,2,1,0.9994347088750707
2018-08-21,3538,3537,3537,3536,2,1,0.9994347088750707
2018-08-22,3538,3537,3537,3536,2,1,0.9994347088750707
2018-08-23,3538,3537,3537,3536,2,1,0.9994347088750707
2018-08-24,3538,3537,3537,3536,2,1,0.9994347088750707
2018-08-27,3539,3538,3538,3537,2,1,0.9994348686069511
2018-08-28,3541,3540,3540,3539,2,1,0.9994351878000565
2018-08-29,3541,3540,3540,3539,2,1,0.9994351878000565
2018-08-30,3541,3540,3540,3539,2,1,0.9994351878000565
2018-08-31,3542,3541,3541,3540,2,1,0.9994353472614342
2018-09-03,3543,3542,3542,3541,2,1,0.999435506632797
2018-09-04,3543,3542,3542,3541,2,1,0.999435506632797
2018-09-05,3543,3542,3542,3541,2,1,0.999435506632797
2018-09-06,3543,3542,3542,3541,2,1,0.999435506632797
2018-09-07,3543,3542,3542,3541,2,1,0.999435506632797
2018-09-10,3544,3543,3543,3542,2,1,0.9994356659142212
2018-09-11,3544,3543,3543,3542,2,1,0.9994356659142212
2018-09-12,3545,3544,3544,3543,2,1,0.9994358251057828
2018-09-13,3545,3544,3544,3543,2,1,0.9994358251057828
2018-09-14,3545,3544,3544,3543,2,1,0.9994358251057828
2018-09-17,3546,3545,3545,3544,2,1,0.9994359842075579
2018-09-18,3547,3546,3546,3545,2,1,0.9994361432196223
2018-09-19,3548,3547,3547,3546,2,1,0.9994363021420518
2018-09-20,3548,3547,3547,3546,2,1,0.9994363021420518
2018-09-21,3550,3549,3549,3548,2,1,0.9994366197183099
2018-09-25,3551,3550,3550,3549,2,1,0.9994367783722895
2018-09-26,3553,3552,3552,3551,2,1,0.9994370954123276
2018-09-27,3553,3552,3552,3551,2,1,0.9994370954123276
2018-09-28,3553,3552,3552,3551,2,1,0.9994370954123276
2018-10-08,3553,3552,3552,3551,2,1,0.9994370954123276
2018-10-09,3553,3552,3552,3551,2,1,0.9994370954123276
2018-10-10,3553,3552,3552,3551,2,1,0.9994370954123276
2018-10-11,3553,3552,3552,3551,2,1,0.9994370954123276
2018-10-12,3553,3552,3552,3551,2,1,0.9994370954123276
2018-10-15,3554,3553,3553,3552,2,1,0.9994372537985369
2018-10-16,3555,3554,3554,3553,2,1,0.99943741209564
2018-10-17,3555,3554,3554,3553,2,1,0.99943741209564
2018-10-18,3555,3554,3554,3553,2,1,0.99943741209564
2018-10-19,3556,3555,3555,3554,2,1,0.999437570303712
2018-10-22,3556,3555,3555,3554,2,1,0.999437570303712
2018-10-23,3557,3556,3556,3555,2,1,0.9994377284228282
2018-10-24,3557,3556,3556,3555,2,1,0.9994377284228282
2018-10-25,3557,3556,3556,3555,2,1,0.9994377284228282
2018-10-26,3558,3557,3557,3556,2,1,0.9994378864530635
2018-10-29,3558,3557,3557,3556,2,1,0.9994378864530635
2018-10-30,3558,3557,3557,3556,2,1,0.9994378864530635
2018-10-31,3558,3557,3557,3556,2,1,0.9994378864530635
2018-11-01,3558,3557,3557,3556,2,1,0.9994378864530635
2018-11-02,3558,3557,3557,3556,2,1,0.9994378864530635
2018-11-05,3558,3557,3557,3556,2,1,0.9994378864530635
2018-11-06,3558,3557,3557,3556,2,1,0.9994378864530635
2018-11-07,3559,3558,3558,3557,2,1,0.9994380443944928
2018-11-08,3559,3558,3558,3557,2,1,0.9994380443944928
2018-11-09,3560,3559,3559,3558,2,1,0.999438202247191
2018-11-12,3560,3559,3559,3558,2,1,0.999438202247191
2018-11-13,3560,3559,3559,3558,2,1,0.999438202247191
2018-11-14,3560,3559,3559,3558,2,1,0.999438202247191
2018-11-15,3561,3560,3560,3559,2,1,0.9994383600112328
2018-11-16,3562,3561,3561,3560,2,1,0.9994385176866929
2018-11-19,3562,3561,3561,3560,2,1,0.9994385176866929
2018-11-20,3562,3561,3561,3560,2,1,0.9994385176866929
2018-11-21,3562,3561,3561,3560,2,1,0.9994385176866929
2018-11-22,3562,3561,3561,3560,2,1,0.9994385176866929
2018-11-23,3562,3561,3561,3560,2,1,0.9994385176866929
2018-11-26,3562,3561,3561,3560,2,1,0.9994385176866929
2018-11-27,3562,3561,3561,3560,2,1,0.9994385176866929
2018-11-28,3563,3562,3562,3561,2,1,0.9994386752736458
2018-11-29,3565,3564,3564,3563,2,1,0.9994389901823282
2018-11-30,3566,3565,3565,3564,2,1,0.9994391475042064
2018-12-03,3566,3565,3565,3564,2,1,0.9994391475042064
2018-12-04,3566,3565,3565,3564,2,1,0.9994391475042064
2018-12-05,3567,3566,3566,3565,2,1,0.999439304737875
2018-12-06,3567,3566,3566,3565,2,1,0.999439304737875
2018-12-07,3567,3566,3566,3565,2,1,0.999439304737875
2018-12-10,3567,3566,3566,3565,2,1,0.999439304737875
2018-12-11,3567,3566,3566,3565,2,1,0.999439304737875
2018-12-12,3567,3566,3566,3565,2,1,0.999439304737875
2018-12-13,3568,3567,3567,3566,2,1,0.999439461883408
2018-12-14,3568,3567,3567,3566,2,1,0.999439461883408
2018-12-17,3568,3567,3567,3566,2,1,0.999439461883408
2018-12-18,3568,3567,3567,3566,2,1,0.999439461883408
2018-12-19,3568,3567,3567,3566,2,1,0.999439461883408
2018-12-20,3568,3567,3567,3566,2,1,0.999439461883408
2018-12-21,3568,3567,3567,3566,2,1,0.999439461883408
2018-12-24,3569,3568,3568,3567,2,1,0.9994396189408798
2018-12-25,3569,3568,3568,3567,2,1,0.9994396189408798
2018-12-26,3568,3567,3567,3566,2,1,0.999439461883408
2018-12-27,3568,3567,3567,3566,2,1,0.999439461883408
2018-12-28,3568,3567,3567,3566,2,1,0.999439461883408
2019-01-02,3568,3567,3567,3566,2,1,0.999439461883408
2019-01-03,3569,3568,3568,3567,2,1,0.9994396189408798
2019-01-04,3569,3568,3568,3567,2,1,0.9994396189408798
2019-01-07,3569,3568,3568,3567,2,1,0.9994396189408798
2019-01-08,3571,3570,3570,3569,2,1,0.999439932791935
2019-01-09,3571,3570,3570,3569,2,1,0.999439932791935
2019-01-10,3571,3570,3570,3569,2,1,0.999439932791935
2019-01-11,3572,3571,3571,3570,2,1,0.9994400895856663
2019-01-14,3572,3571,3571,3570,2,1,0.9994400895856663
2019-01-15,3572,3571,3571,3570,2,1,0.9994400895856663
2019-01-16,3574,3573,3573,3572,2,1,0.9994404029099049
2019-01-17,3576,3575,3575,3574,2,1,0.9994407158836689
2019-01-18,3577,3576,3576,3575,2,1,0.9994408722393067
2019-01-21,3578,3577,3577,3576,2,1,0.9994410285075461
2019-01-22,3579,3578,3578,3577,2,1,0.9994411846884604
2019-01-23,3580,3579,3579,3578,2,1,0.9994413407821229
2019-01-24,3580,3579,3579,3578,2,1,0.9994413407821229
2019-01-25,3581,3580,3580,3579,2,1,0.9994414967886065
2019-01-28,3582,3581,3581,3580,2,1,0.9994416527079844
2019-01-29,3583,3582,3582,3581,2,1,0.9994418085403294
2019-01-30,3584,3583,3583,3582,2,1,0.9994419642857143
2019-01-31,3584,3583,3583,3582,2,1,0.9994419642857143
2019-02-01,3585,3584,3584,3583,2,1,0.999442119944212
2019-02-11,3585,3584,3584,3583,2,1,0.999442119944212
2019-02-12,3585,3584,3584,3583,2,1,0.999442119944212
2019-02-13,3585,3584,3584,3583,2,1,0.999442119944212
2019-02-14,3585,3584,3584,3583,2,1,0.999442119944212
2019-02-15,3586,3585,3585,3584,2,1,0.9994422755158952
2019-02-18,3587,3586,3586,3585,2,1,0.9994424310008364
2019-02-19,3587,3586,3586,3585,2,1,0.9994424310008364
2019-02-20,3587,3586,3586,3585,2,1,0.9994424310008364
2019-02-21,3587,3586,3586,3585,2,1,0.9994424310008364
2019-02-22,3589,3588,3588,3587,2,1,0.999442741710783
2019-02-25,3589,3588,3588,3587,2,1,0.999442741710783
2019-02-26,3590,3589,3589,3588,2,1,0.9994428969359331
2019-02-27,3590,3589,3589,3588,2,1,0.9994428969359331
2019-02-28,3590,3589,3589,3588,2,1,0.9994428969359331
2019-03-01,3591,3590,3590,3589,2,1,0.999443052074631
2019-03-04,3591,3590,3590,3589,2,1,0.999443052074631
2019-03-05,3591,3590,3590,3589,2,1,0.999443052074631
2019-03-06,3591,3590,3590,3589,2,1,0.999443052074631
2019-03-07,3591,3590,3590,3589,2,1,0.999443052074631
2019-03-08,3591,3590,3590,3589,2,1,0.999443052074631
2019-03-11,3592,3591,3591,3590,2,1,0.9994432071269488
2019-03-12,3592,3591,3591,3590,2,1,0.9994432071269488
2019-03-13,3592,3591,3591,3590,2,1,0.9994432071269488
2019-03-14,3593,3592,3592,3591,2,1,0.9994433620929585
2019-03-15,3594,3593,3593,3592,2,1,0.9994435169727324
2019-03-18,3594,3593,3593,3592,2,1,0.9994435169727324
2019-03-19,3595,3594,3594,3593,2,1,0.9994436717663422
2019-03-20,3595,3594,3594,3593,2,1,0.9994436717663422
2019-03-21,3595,3594,3594,3593,2,1,0.9994436717663422
2019-03-22,3596,3595,3595,3594,2,1,0.9994438264738599
2019-03-25,3597,3596,3596,3595,2,1,0.9994439810953573
2019-03-26,3599,3598,3598,3597,2,1,0.9994442900805779
2019-03-27,3599,3598,3598,3597,2,1,0.9994442900805779
2019-03-28,3600,3599,3599,3598,2,1,0.9994444444444445
2019-03-29,3601,3600,3600,3599,2,1,0.9994445987225771
2019-04-01,3601,3600,3600,3599,2,1,0.9994445987225771
2019-04-02,3602,3601,3601,3600,2,1,0.9994447529150472
2019-04-03,3602,3601,3601,3600,2,1,0.9994447529150472
2019-04-04,3602,3601,3601,3600,2,1,0.9994447529150472
2019-04-08,3602,3601,3601,3600,2,1,0.9994447529150472
2019-04-09,3602,3601,3601,3600,2,1,0.9994447529150472
2019-04-10,3602,3601,3601,3600,2,1,0.9994447529150472
2019-04-11,3602,3601,3601,3600,2,1,0.9994447529150472
2019-04-12,3603,3602,3602,3601,2,1,0.9994449070219261
2019-04-15,3605,3604,3604,3603,2,1,0.9994452149791956
2019-04-16,3606,3605,3605,3604,2,1,0.9994453688297282
2019-04-17,3606,3605,3605,3604,2,1,0.9994453688297282
2019-04-18,3606,3605,3605,3604,2,1,0.9994453688297282
2019-04-19,3607,3606,3606,3605,2,1,0.9994455225949542
2019-04-22,3608,3607,3607,3606,2,1,0.9994456762749445
2019-04-23,3608,3607,3607,3606,2,1,0.9994456762749445
2019-04-24,3608,3607,3607,3606,2,1,0.9994456762749445
2019-04-25,3609,3608,3608,3607,2,1,0.99944582986977
2019-04-26,3610,3609,3609,3608,2,1,0.9994459833795014
2019-04-29,3611,3610,3610,3609,2,1,0.9994461368042094
2019-04-30,3611,3610,3610,3609,2,1,0.9994461368042094
2019-05-06,3611,3610,3610,3609,2,1,0.9994461368042094
2019-05-07,3611,3610,3610,3609,2,1,0.9994461368042094
2019-05-08,3612,3611,3611,3610,2,1,0.9994462901439646
2019-05-09,3613,3612,3612,3611,2,1,0.9994464433988375
2019-05-10,3614,3613,3613,3612,2,1,0.9994465965688988
2019-05-13,3614,3613,3613,3612,2,1,0.9994465965688988
2019-05-14,3614,3613,3613,3612,2,1,0.9994465965688988
2019-05-15,3615,3614,3614,3613,2,1,0.9994467496542185
2019-05-16,3617,3616,3616,3615,2,1,0.9994470555709152
2019-05-17,3618,3617,3617,3616,2,1,0.9994472084024323
2019-05-20,3618,3617,3617,3616,2,1,0.9994472084024323
2019-05-21,3619,3618,3618,3617,2,1,0.9994473611494888
2019-05-22,3621,3620,3620,3619,2,1,0.9994476663904999
2019-05-23,3622,3621,3621,3620,2,1,0.9994478188845941
2019-05-24,3622,3621,3621,3620,2,1,0.9994478188845941
2019-05-27,3622,3621,3621,3620,2,1,0.9994478188845941
2019-05-28,3622,3621,3621,3620,2,1,0.9994478188845941
2019-05-29,3622,3621,3621,3620,2,1,0.9994478188845941
2019-05-30,3622,3621,3621,3620,2,1,0.9994478188845941
2019-05-31,3623,3622,3622,3621,2,1,0.9994479712945074
2019-06-03,3623,3622,3622,3621,2,1,0.9994479712945074
2019-06-04,3623,3622,3622,3621,2,1,0.9994479712945074
2019-06-05,3623,3622,3622,3621,2,1,0.9994479712945074
2019-06-06,3624,3623,3623,3622,2,1,0.9994481236203091
2019-06-10,3624,3623,3623,3622,2,1,0.9994481236203091
2019-06-11,3624,3623,3623,3622,2,1,0.9994481236203091
2019-06-12,3624,3623,3623,3622,2,1,0.9994481236203091
2019-06-13,3624,3623,3623,3622,2,1,0.9994481236203091
2019-06-14,3625,3624,3624,3623,2,1,0.999448275862069
2019-06-17,3625,3624,3624,3623,2,1,0.999448275862069
2019-06-18,3626,3625,3625,3624,2,1,0.9994484280198566
2019-06-19,3627,3626,3626,3625,2,1,0.9994485800937414
2019-06-20,3628,3627,3627,3626,2,1,0.9994487320837927
2019-06-21,3629,3628,3628,3627,2,1,0.9994488839900799
2019-06-24,3629,3628,3628,3627,2,1,0.9994488839900799
2019-06-25,3629,3628,3628,3627,2,1,0.9994488839900799
2019-06-26,3630,3629,3629,3628,2,1,0.9994490358126722
2019-06-27,3631,3630,3630,3629,2,1,0.9994491875516387
2019-06-28,3632,3631,3631,3630,2,1,0.9994493392070485
2019-07-01,3632,3631,3631,3630,2,1,0.9994493392070485
2019-07-02,3632,3631,3631,3630,2,1,0.9994493392070485
2019-07-03,3632,3631,3631,3630,2,1,0.9994493392070485
2019-07-04,3632,3631,3631,3630,2,1,0.9994493392070485
2019-07-05,3634,3633,3633,3632,2,1,0.9994496422674739
2019-07-08,3634,3633,3633,3632,2,1,0.9994496422674739
2019-07-09,3632,3631,3631,3630,2,1,0.9994493392070485
2019-07-10,3632,3631,3631,3630,2,1,0.9994493392070485
2019-07-11,3632,3631,3631,3630,2,1,0.9994493392070485
2019-07-12,3632,3631,3631,3630,2,1,0.9994493392070485
2019-07-15,3633,3632,3632,3631,2,1,0.9994494907789705
2019-07-16,3634,3633,3633,3632,2,1,0.9994496422674739
2019-07-17,3634,3633,3633,3632,2,1,0.9994496422674739
2019-07-18,3634,3633,3633,3632,2,1,0.9994496422674739
2019-07-19,3635,3634,3634,3633,2,1,0.9994497936726272
2019-07-22,3660,3659,3659,3658,2,1,0.9994535519125683
2019-07-23,3661,3660,3660,3659,2,1,0.9994537011745425
2019-07-24,3661,3660,3660,3659,2,1,0.9994537011745425
2019-07-25,3662,3661,3661,3660,2,1,0.9994538503549972
2019-07-26,3664,3663,3663,3662,2,1,0.9994541484716157
2019-07-29,3665,3664,3664,3663,2,1,0.9994542974079127
2019-07-30,3666,3665,3665,3664,2,1,0.9994544462629569
2019-07-31,3666,3665,3665,3664,2,1,0.9994544462629569
2019-08-01,3666,3665,3665,3664,2,1,0.9994544462629569
2019-08-02,3667,3666,3666,3665,2,1,0.9994545950368149
2019-08-05,3668,3667,3667,3666,2,1,0.9994547437295529
2019-08-06,3669,3668,3668,3667,2,1,0.9994548923412374
2019-08-07,3669,3668,3668,3667,2,1,0.9994548923412374
2019-08-08,3671,3670,3670,3669,2,1,0.9994551893217107
2019-08-09,3673,3672,3672,3671,2,1,0.999455485978764
2019-08-12,3674,3673,3673,3672,2,1,0.9994556341861731
2019-08-13,3674,3673,3673,3672,2,1,0.9994556341861731
2019-08-14,3674,3673,3673,3672,2,1,0.9994556341861731
2019-08-15,3675,3674,3674,3673,2,1,0.9994557823129252
2019-08-16,3675,3674,3674,3673,2,1,0.9994557823129252
2019-08-19,3675,3674,3674,3673,2,1,0.9994557823129252
2019-08-20,3675,3674,3674,3673,2,1,0.9994557823129252
2019-08-21,3675,3674,3674,3673,2,1,0.9994557823129252
2019-08-22,3675,3674,3674,3673,2,1,0.9994557823129252
2019-08-23,3676,3675,3675,3674,2,1,0.999455930359086
2019-08-26,3678,3677,3677,3676,2,1,0.9994562262098967
2019-08-27,3678,3677,3677,3676,2,1,0.9994562262098967
2019-08-28,3680,3679,3679,3678,2,1,0.9994565217391305
2019-08-29,3680,3679,3679,3678,2,1,0.9994565217391305
2019-08-30,3681,3680,3680,3679,2,1,0.9994566693833198
2019-09-02,3681,3680,3680,3679,2,1,0.9994566693833198
2019-09-03,3681,3680,3680,3679,2,1,0.9994566693833198
2019-09-04,3681,3680,3680,3679,2,1,0.9994566693833198
2019-09-05,3682,3681,3681,3680,2,1,0.9994568169473113
2019-09-06,3683,3682,3682,3681,2,1,0.9994569644311703
2019-09-09,3684,3683,3683,3682,2,1,0.999457111834962
2019-09-10,3684,3683,3683,3682,2,1,0.999457111834962
2019-09-11,3684,3683,3683,3682,2,1,0.999457111834962
2019-09-12,3684,3683,3683,3682,2,1,0.999457111834962
2019-09-16,3684,3683,3683,3682,2,1,0.999457111834962
2019-09-17,3685,3684,3684,3683,2,1,0.9994572591587517
2019-09-18,3685,3684,3684,3683,2,1,0.9994572591587517
2019-09-19,3685,3684,3684,3683,2,1,0.9994572591587517
2019-09-20,3686,3685,3685,3684,2,1,0.9994574064026045
2019-09-23,3686,3685,3685,3684,2,1,0.9994574064026045
2019-09-24,3686,3685,3685,3684,2,1,0.9994574064026045
2019-09-25,3688,3687,3687,3686,2,1,0.9994577006507592
2019-09-26,3688,3687,3687,3686,2,1,0.9994577006507592
2019-09-27,3689,3688,3688,3687,2,1,0.9994578476551911
2019-09-30,3692,3691,3691,3690,2,1,0.9994582881906826
2019-10-08,3692,3691,3691,3690,2,1,0.9994582881906826
2019-10-09,3692,3691,3691,3690,2,1,0.9994582881906826
2019-10-10,3692,3691,3691,3690,2,1,0.9994582881906826
2019-10-11,3692,3691,3691,3690,2,1,0.9994582881906826
2019-10-14,3693,3692,3692,3691,2,1,0.999458434876794
2019-10-15,3694,3693,3693,3692,2,1,0.9994585814834868
2019-10-16,3693,3692,3692,3691,2,1,0.999458434876794
2019-10-17,3693,3692,3692,3691,2,1,0.999458434876794
2019-10-18,3694,3693,3693,3692,2,1,0.9994585814834868
2019-10-21,3695,3694,3694,3693,2,1,0.9994587280108255
2019-10-22,3696,3695,3695,3694,2,1,0.9994588744588745
2019-10-23,3696,3695,3695,3694,2,1,0.9994588744588745
2019-10-24,3696,3695,3695,3694,2,1,0.9994588744588745
2019-10-25,3698,3697,3697,3696,2,1,0.9994591671173607
2019-10-28,3700,3699,3699,3698,2,1,0.9994594594594595
2019-10-29,3703,3702,3702,3701,2,1,0.9994598973805023
2019-10-30,3705,3704,3704,3703,2,1,0.9994601889338731
2019-10-31,3707,3706,3706,3705,2,1,0.9994604801726463
2019-11-01,3708,3707,3707,3706,2,1,0.9994606256742179
2019-11-04,3708,3707,3707,3706,2,1,0.9994606256742179
2019-11-05,3713,3712,3712,3711,2,1,0.9994613520064638
2019-11-06,3718,3717,3717,3716,2,1,0.9994620763851533
2019-11-07,3718,3717,3717,3716,2,1,0.9994620763851533
2019-11-08,3721,3720,3720,3719,2,1,0.9994625100779361
2019-11-11,3722,3721,3721,3720,2,1,0.999462654486835
2019-11-12,3722,3721,3721,3720,2,1,0.999462654486835
2019-11-13,3722,3721,3721,3720,2,1,0.999462654486835
2019-11-14,3723,3722,3722,3721,2,1,0.9994627988181574
2019-11-15,3726,3725,3725,3724,2,1,0.9994632313472893
2019-11-18,3728,3727,3727,3726,2,1,0.9994635193133047
2019-11-19,3728,3727,3727,3726,2,1,0.9994635193133047
2019-11-20,3729,3728,3728,3727,2,1,0.9994636631804773
2019-11-21,3731,3730,3730,3729,2,1,0.9994639506834628
2019-11-22,3732,3731,3731,3730,2,1,0.9994640943193998
2019-11-25,3734,3733,3733,3732,2,1,0.9994643813604713
2019-11-26,3735,3734,3734,3733,2,1,0.9994645247657296
2019-11-27,3734,3733,3733,3732,2,1,0.9994643813604713
2019-11-28,3735,3734,3734,3733,2,1,0.9994645247657296
2019-11-29,3735,3734,3734,3733,2,1,0.9994645247657296
2019-12-02,3736,3735,3735,3734,2,1,0.9994646680942184
2019-12-03,3739,3738,3738,3737,2,1,0.9994650976196844
2019-12-04,3742,3741,3741,3740,2,1,0.9994655264564404
2019-12-05,3743,3742,3742,3741,2,1,0.9994656692492653
2019-12-06,3744,3743,3743,3742,2,1,0.999465811965812
2019-12-09,3746,3745,3745,3744,2,1,0.999466097170315
2019-12-10,3747,3746,3746,3745,2,1,0.9994662396583934
2019-12-11,3749,3748,3748,3747,2,1,0.9994665244065084
2019-12-12,3748,3747,3747,3746,2,1,0.9994663820704376
2019-12-13,3748,3747,3747,3746,2,1,0.9994663820704376
2019-12-16,3748,3748,3748,3747,1,1,0.9997331910352187
2019-12-17,3750,3750,3750,3749,1,1,0.9997333333333334
2019-12-18,3750,3750,3750,3749,1,1,0.9997333333333334
2019-12-19,3752,3752,3752,3751,1,1,0.9997334754797441
2019-12-20,3753,3753,3753,3752,1,1,0.9997335464961364
2019-12-23,3754,3754,3754,3753,1,1,0.9997336174746937
2019-12-24,3755,3755,3755,3754,1,1,0.9997336884154461
2019-12-25,3755,3755,3755,3754,1,1,0.9997336884154461
2019-12-26,3756,3756,3756,3755,1,1,0.9997337593184239
2019-12-27,3757,3757,3757,3756,1,1,0.9997338301836571
2019-12-30,3759,3759,3759,3758,1,1,0.9997339718010109
2019-12-31,3760,3760,3760,3759,1,1,0.9997340425531915
2020-01-02,3760,3760,3760,3759,1,1,0.9997340425531915
2020-01-03,3760,3760,3760,3759,1,1,0.9997340425531915
2020-01-06,3763,3763,3763,3762,1,1,0.9997342545841085
2020-01-07,3762,3762,3762,3761,1,1,0.9997341839447103
2020-01-08,3762,3762,3762,3761,1,1,0.9997341839447103
2020-01-09,3763,3763,3763,3762,1,1,0.9997342545841085
2020-01-10,3763,3763,3763,3762,1,1,0.9997342545841085
2020-01-13,3764,3764,3764,3763,1,1,0.9997343251859724
2020-01-14,3766,3766,3766,3765,1,1,0.9997344662772172
2020-01-15,3767,3767,3767,3766,1,1,0.9997345367666578
2020-01-16,3768,3768,3768,3767,1,1,0.9997346072186837
2020-01-17,3769,3769,3769,3768,1,1,0.9997346776333245
2020-01-20,3770,3770,3770,3769,1,1,0.9997347480106101
2020-01-21,3771,3771,3771,3770,1,1,0.9997348183505701
2020-01-22,3772,3772,3772,3771,1,1,0.9997348886532343
2020-01-23,3775,3775,3775,3774,1,1,0.9997350993377483
2020-02-03,3775,3775,3775,3774,1,1,0.9997350993377483
2020-02-04,3776,3776,3776,3775,1,1,0.9997351694915254
2020-02-05,3777,3777,3777,3776,1,1,0.9997352396081546
2020-02-06,3778,3778,3778,3777,1,1,0.9997353096876654
2020-02-07,3779,3779,3779,3778,1,1,0.9997353797300873
2020-02-10,3780,3780,3780,3779,1,1,0.9997354497354497
2020-02-11,3782,3782,3782,3781,1,1,0.9997355896351137
2020-02-12,3784,3784,3784,3783,1,1,0.9997357293868921
2020-02-13,3786,3786,3786,3785,1,1,0.9997358689910195
2020-02-14,3786,3786,3786,3785,1,1,0.9997358689910195
2020-02-17,3787,3787,3787,3786,1,1,0.9997359387377872
2020-02-18,3789,3789,3789,3788,1,1,0.9997360781208762
2020-02-19,3789,3789,3789,3788,1,1,0.9997360781208762
2020-02-20,3789,3789,3789,3788,1,1,0.9997360781208762
2020-02-21,3792,3792,3792,3791,1,1,0.9997362869198312
2020-02-24,3793,3793,3793,3792,1,1,0.9997363564460849
2020-02-25,3793,3793,3793,3792,1,1,0.9997363564460849
2020-02-26,3795,3795,3795,3794,1,1,0.9997364953886693
2020-02-27,3796,3796,3796,3795,1,1,0.9997365648050579
2020-02-28,3796,3796,3796,3795,1,1,0.9997365648050579
2020-03-02,3797,3797,3797,3796,1,1,0.9997366341848828
2020-03-03,3797,3797,3797,3796,1,1,0.9997366341848828
2020-03-04,3797,3797,3797,3796,1,1,0.9997366341848828
2020-03-05,3797,3797,3797,3796,1,1,0.9997366341848828
2020-03-06,3798,3798,3798,3797,1,1,0.9997367035281727
2020-03-09,3798,3798,3798,3797,1,1,0.9997367035281727
2020-03-10,3799,3799,3799,3798,1,1,0.9997367728349565
2020-03-11,3799,3799,3799,3798,1,1,0.9997367728349565
2020-03-12,3801,3801,3801,3800,1,1,0.9997369113391212
2020-03-13,3802,3802,3802,3801,1,1,0.9997369805365597
2020-03-16,3802,3802,3802,3801,1,1,0.9997369805365597
2020-03-17,3803,3803,3803,3802,1,1,0.9997370496976071
2020-03-18,3803,3803,3803,3802,1,1,0.9997370496976071
2020-03-19,3804,3804,3804,3803,1,1,0.9997371188222923
2020-03-20,3805,3805,3805,3804,1,1,0.9997371879106439
2020-03-23,3806,3806,3806,3805,1,1,0.9997372569626904
2020-03-24,3806,3806,3806,3805,1,1,0.9997372569626904
2020-03-25,3806,3806,3806,3805,1,1,0.9997372569626904
2020-03-26,3807,3807,3807,3806,1,1,0.9997373259784608
2020-03-27,3809,3809,3809,3808,1,1,0.9997374639012864
2020-03-30,3809,3809,3809,3808,1,1,0.9997374639012864
2020-03-31,3809,3809,3809,3808,1,1,0.9997374639012864
2020-04-01,3809,3809,3809,3808,1,1,0.9997374639012864
2020-04-02,3809,3809,3809,3808,1,1,0.9997374639012864
2020-04-03,3810,3810,3810,3809,1,1,0.9997375328083989
2020-04-07,3811,3811,3811,3810,1,1,0.9997376016793492
2020-04-08,3812,3812,3812,3811,1,1,0.9997376705141658
2020-04-09,3814,3814,3814,3813,1,1,0.9997378080755113
2020-04-10,3815,3815,3815,3814,1,1,0.999737876802097
2020-04-13,3815,3815,3815,3814,1,1,0.999737876802097
2020-04-14,3815,3815,3815,3814,1,1,0.999737876802097
2020-04-15,3817,3817,3817,3816,1,1,0.9997380141472361
2020-04-16,3818,3818,3818,3817,1,1,0.999738082765846
2020-04-17,3820,3820,3820,3819,1,1,0.999738219895288
2020-04-20,3821,3821,3821,3820,1,1,0.9997382884061764
2020-04-21,3823,3823,3823,3822,1,1,0.999738425320429
2020-04-22,3825,3825,3825,3824,1,1,0.9997385620915032
2020-04-23,3825,3825,3825,3824,1,1,0.9997385620915032
2020-04-24,3826,3826,3826,3825,1,1,0.9997386304234187
2020-04-27,3827,3827,3827,3826,1,1,0.9997386987196237
2020-04-28,3829,3829,3829,3828,1,1,0.9997388352050144
2020-04-29,3832,3832,3832,3831,1,1,0.9997390396659708
2020-04-30,3833,3833,3833,3832,1,1,0.9997391077484998
2020-05-06,3834,3834,3834,3833,1,1,0.9997391757955139
2020-05-07,3836,3836,3836,3835,1,1,0.9997393117831074
2020-05-08,3837,3837,3837,3836,1,1,0.9997393797237425
2020-05-11,3838,3838,3838,3837,1,1,0.9997394476289734
2020-05-12,3839,3839,3839,3838,1,1,0.9997395154988278
2020-05-13,3839,3839,3839,3838,1,1,0.9997395154988278
2020-05-14,3839,3839,3839,3838,1,1,0.9997395154988278
2020-05-15,3839,3839,3839,3838,1,1,0.9997395154988278
2020-05-18,3842,3842,3842,3841,1,1,0.9997397188964081
2020-05-19,3843,3843,3843,3842,1,1,0.9997397866250325
2020-05-20,3844,3844,3844,3843,1,1,0.9997398543184183
2020-05-21,3845,3845,3845,3844,1,1,0.999739921976593
2020-05-22,3846,3846,3846,3845,1,1,0.999739989599584
2020-05-25,3848,3848,3848,3847,1,1,0.9997401247401247
2020-05-26,3849,3849,3849,3848,1,1,0.9997401922577293
2020-05-27,3849,3849,3849,3848,1,1,0.9997401922577293
2020-05-28,3851,3851,3851,3850,1,1,0.9997403271877434
2020-05-29,3851,3851,3851,3850,1,1,0.9997403271877434
2020-06-01,3852,3852,3852,3851,1,1,0.9997403946002077
2020-06-02,3853,3853,3853,3852,1,1,0.9997404619776797
2020-06-03,3854,3854,3854,3853,1,1,0.9997405293201869
2020-06-04,3854,3854,3854,3853,1,1,0.9997405293201869
2020-06-05,3856,3856,3856,3855,1,1,0.9997406639004149
2020-06-08,3859,3859,3859,3858,1,1,0.9997408655091993
2020-06-09,3860,3860,3860,3859,1,1,0.9997409326424871
2020-06-10,3862,3862,3862,3861,1,1,0.9997410668047644
2020-06-11,3862,3862,3862,3861,1,1,0.9997410668047644
2020-06-12,3863,3863,3863,3862,1,1,0.9997411338338079
2020-06-15,3863,3863,3863,3862,1,1,0.9997411338338079
2020-06-16,3865,3865,3865,3864,1,1,0.9997412677878396
2020-06-17,3865,3865,3865,3864,1,1,0.9997412677878396
2020-06-18,3867,3867,3867,3866,1,1,0.99974140160331
2020-06-19,3869,3869,3869,3868,1,1,0.9997415352804342
2020-06-22,3871,3871,3871,3870,1,1,0.9997416688194265
2020-06-23,3872,3872,3872,3871,1,1,0.99974173553719
2020-06-24,3872,3872,3872,3871,1,1,0.99974173553719
2020-06-29,3874,3874,3874,3873,1,1,0.9997418688693857
2020-06-30,3876,3876,3876,3875,1,1,0.9997420020639834
2020-07-01,3878,3878,3878,3877,1,1,0.9997421351211965
2020-07-02,3878,3878,3878,3877,1,1,0.9997421351211965
2020-07-03,3880,3880,3880,3879,1,1,0.9997422680412371
2020-07-06,3880,3880,3880,3879,1,1,0.9997422680412371
2020-07-07,3881,3881,3881,3880,1,1,0.999742334449884
2020-07-08,3884,3884,3884,3883,1,1,0.9997425334706488
2020-07-09,3886,3886,3886,3885,1,1,0.9997426659804426
2020-07-10,3889,3889,3889,3888,1,1,0.999742864489586
2020-07-13,3891,3891,3891,3890,1,1,0.9997429966589566
2020-07-14,3892,3892,3892,3891,1,1,0.999743062692703
2020-07-15,3893,3893,3893,3892,1,1,0.999743128692525
2020-07-16,3896,3896,3896,3895,1,1,0.9997433264887063
2020-07-17,3899,3899,3899,3898,1,1,0.9997435239805078
2020-07-20,3901,3901,3901,3900,1,1,0.9997436554729556
2020-07-21,3901,3901,3901,3900,1,1,0.9997436554729556
2020-07-22,3909,3909,3909,3908,1,1,0.9997441800972116
2020-07-23,3910,3910,3910,3909,1,1,0.9997442455242966
2020-07-24,3911,3911,3911,3910,1,1,0.9997443109179238
2020-07-27,3913,3913,3913,3912,1,1,0.9997444416049067
2020-07-28,3914,3914,3914,3913,1,1,0.9997445068983137
2020-07-29,3915,3915,3915,3914,1,1,0.9997445721583652
2020-07-30,3917,3917,3917,3916,1,1,0.999744702578504
2020-07-31,3922,3922,3922,3921,1,1,0.9997450280469148
2020-08-03,3923,3923,3923,3922,1,1,0.99974509304104
2020-08-04,3924,3924,3924,3923,1,1,0.9997451580020388
2020-08-05,3926,3926,3926,3925,1,1,0.999745287824758
2020-08-06,3928,3928,3928,3927,1,1,0.9997454175152749
2020-08-07,3930,3930,3930,3929,1,1,0.9997455470737914
2020-08-10,3932,3932,3932,3931,1,1,0.9997456765005086
2020-08-11,3933,3933,3933,3932,1,1,0.9997457411645054
2020-08-12,3936,3936,3936,3935,1,1,0.9997459349593496
2020-08-13,3937,3937,3937,3936,1,1,0.9997459994919989
2020-08-14,3936,3936,3936,3935,1,1,0.9997459349593496
2020-08-17,3941,3941,3941,3940,1,1,0.9997462572951028
2020-08-18,3945,3945,3945,3944,1,1,0.9997465145754119
2020-08-19,3947,3947,3947,3946,1,1,0.9997466430200151
2020-08-20,3949,3949,3949,3948,1,1,0.9997467713345151
2020-08-21,3951,3951,3951,3950,1,1,0.9997468995191091
2020-08-24,3969,3969,3969,3968,1,1,0.999748047367095
2020-08-25,3969,3969,3969,3968,1,1,0.999748047367095
2020-08-26,3970,3970,3970,3969,1,1,0.9997481108312343
2020-08-27,3969,3969,3969,3968,1,1,0.999748047367095
2020-08-28,3974,3974,3974,3973,1,1,0.9997483643683945
2020-08-31,3975,3975,3975,3974,1,1,0.999748427672956
2020-09-01,3979,3979,3979,3978,1,1,0.9997486805730083
2020-09-02,3982,3982,3982,3981,1,1,0.9997488699146158
2020-09-03,3986,3986,3986,3985,1,1,0.9997491219267436
2020-09-04,3987,3987,3987,3986,1,1,0.999749184850765
2020-09-07,3988,3988,3988,3987,1,1,0.9997492477432297
2020-09-08,3990,3990,3990,3989,1,1,0.9997493734335839
2020-09-09,3991,3991,3991,3990,1,1,0.9997494362315209
2020-09-10,3995,3995,3995,3994,1,1,0.9997496871088861
2020-09-11,3998,3998,3998,3997,1,1,0.9997498749374687
2020-09-14,3999,3999,3999,3998,1,1,0.9997499374843711
2020-09-15,4000,4000,4000,3999,1,1,0.99975
2020-09-16,4004,4004,4004,4003,1,1,0.9997502497502497
2020-09-17,4008,4008,4008,4007,1,1,0.999750499001996
2020-09-18,4010,4010,4010,4009,1,1,0.9997506234413965
2020-09-21,4015,4015,4015,4014,1,1,0.9997509339975094
2020-09-22,4019,4019,4019,4018,1,1,0.9997511818860413
2020-09-23,4021,4021,4021,4020,1,1,0.9997513056453619
2020-09-24,4025,4025,4025,4024,1,1,0.999751552795031
2020-09-25,4029,4029,4029,4028,1,1,0.9997517994539588
2020-09-28,4036,4036,4036,4035,1,1,0.9997522299306244
2020-09-29,4038,4038,4038,4037,1,1,0.9997523526498266
2020-09-30,4041,4041,4041,4040,1,1,0.9997525365008662
2020-10-09,4041,4041,4041,4040,1,1,0.9997525365008662
2020-10-12,4042,4042,4042,4041,1,1,0.999752597723899
2020-10-13,4043,4043,4043,4042,1,1,0.9997526589166461
2020-10-14,4043,4043,4043,4042,1,1,0.9997526589166461
2020-10-15,4045,4045,4045,4044,1,1,0.999752781211372
2020-10-16,4048,4048,4048,4047,1,1,0.9997529644268774
2020-10-19,4050,4050,4050,4049,1,1,0.9997530864197531
2020-10-20,4051,4051,4051,4050,1,1,0.9997531473710195
2020-10-21,4053,4053,4053,4052,1,1,0.999753269183321
2020-10-22,4055,4055,4055,4054,1,1,0.9997533908754624
2020-10-23,4056,4056,4056,4055,1,1,0.9997534516765286
2020-10-26,4059,4059,4059,4058,1,1,0.9997536338999754
2020-10-27,4060,4060,4060,4059,1,1,0.9997536945812808
2020-10-28,4061,4061,4061,4060,1,1,0.9997537552327013
2020-10-29,4065,4065,4065,4064,1,1,0.9997539975399754
2020-10-30,4067,4067,4067,4066,1,1,0.9997541185148758
2020-11-02,4068,4068,4068,4067,1,1,0.9997541789577188
2020-11-03,4068,4068,4068,4067,1,1,0.9997541789577188
2020-11-04,4068,4068,4068,4067,1,1,0.9997541789577188
2020-11-05,4071,4071,4071,4070,1,1,0.9997543601080816
2020-11-06,4072,4072,4072,4071,1,1,0.9997544204322201
2020-11-09,4073,4073,4073,4072,1,1,0.999754480726737
2020-11-10,4073,4073,4073,4072,1,1,0.999754480726737
2020-11-11,4075,4075,4075,4074,1,1,0.9997546012269939
2020-11-12,4077,4077,4077,4076,1,1,0.9997547216090262
2020-11-13,4077,4077,4077,4076,1,1,0.9997547216090262
2020-11-16,4077,4077,4077,4076,1,1,0.9997547216090262
2020-11-17,4078,4078,4078,4077,1,1,0.9997547817557626
2020-11-18,4081,4081,4081,4080,1,1,0.999754962019113
2020-11-19,4081,4081,4081,4080,1,1,0.999754962019113
2020-11-20,4081,4081,4081,4080,1,1,0.999754962019113
2020-11-23,4083,4083,4083,4082,1,1,0.9997550820475141
2020-11-24,4084,4084,4084,4083,1,1,0.9997551420176298
2020-11-25,4085,4085,4085,4084,1,1,0.9997552019583843
2020-11-26,4086,4086,4086,4085,1,1,0.9997552618697993
2020-11-27,4087,4087,4087,4086,1,1,0.9997553217518963
2020-11-30,4087,4087,4087,4086,1,1,0.9997553217518963
2020-12-01,4088,4088,4088,4087,1,1,0.9997553816046967
2020-12-02,4092,4092,4092,4091,1,1,0.9997556207233627
2020-12-03,4094,4094,4094,4093,1,1,0.9997557401074744
2020-12-04,4096,4096,4096,4095,1,1,0.999755859375
2020-12-07,4100,4100,4100,4099,1,1,0.9997560975609756
2020-12-08,4102,4102,4102,4101,1,1,0.999756216479766
2020-12-09,4102,4102,4102,4101,1,1,0.999756216479766
2020-12-10,4103,4103,4103,4102,1,1,0.999756275895686
2020-12-11,4106,4106,4106,4105,1,1,0.9997564539698003
2020-12-14,4107,4107,4107,4106,1,1,0.9997565132700268
2020-12-15,4110,4110,4110,4109,1,1,0.9997566909975669
2020-12-16,4112,4112,4112,4111,1,1,0.9997568093385214
2020-12-17,4111,4111,4111,4110,1,1,0.9997567501824374
2020-12-18,4114,4114,4114,4113,1,1,0.9997569275644141
2020-12-21,4116,4116,4116,4115,1,1,0.999757045675413
2020-12-22,4120,4120,4120,4119,1,1,0.999757281553398
2020-12-23,4122,4122,4122,4121,1,1,0.999757399320718
2020-12-24,4126,4126,4126,4125,1,1,0.9997576345128454
2020-12-25,4130,4130,4130,4129,1,1,0.9997578692493947
2020-12-28,4133,4133,4133,4132,1,1,0.9997580450036293
2020-12-29,4134,4134,4134,4133,1,1,0.9997581035316885
2020-12-30,4137,4137,4137,4136,1,1,0.9997582789460963
2020-12-31,4140,4140,4140,4139,1,1,0.9997584541062802
2021-01-04,4141,4141,4141,4140,1,1,0.9997585124366095
2021-01-05,4141,4141,4141,4140,1,1,0.9997585124366095
2021-01-06,4144,4144,4144,4143,1,1,0.9997586872586872
2021-01-07,4147,4147,4147,4146,1,1,0.9997588618278274
2021-01-08,4147,4147,4147,4146,1,1,0.9997588618278274
2021-01-11,4148,4148,4148,4147,1,1,0.9997589199614272
2021-01-12,4149,4149,4149,4148,1,1,0.9997589780670041
2021-01-13,4150,4150,4150,4149,1,1,0.9997590361445783
2021-01-14,4150,4150,4150,4149,1,1,0.9997590361445783
2021-01-15,4150,4150,4150,4149,1,1,0.9997590361445783
2021-01-18,4152,4152,4152,4151,1,1,0.9997591522157996
2021-01-19,4154,4154,4154,4153,1,1,0.9997592681752527
2021-01-20,4157,4157,4157,4156,1,1,0.9997594419052201
2021-01-21,4160,4160,4160,4159,1,1,0.9997596153846153
2021-01-22,4163,4163,4163,4162,1,1,0.9997597886139803
2021-01-25,4164,4164,4164,4163,1,1,0.9997598463016331
2021-01-26,4165,4165,4165,4164,1,1,0.9997599039615847
2021-01-27,4168,4168,4168,4167,1,1,0.9997600767754319
2021-01-28,4171,4171,4171,4170,1,1,0.9997602493406856
2021-01-29,4172,4172,4172,4171,1,1,0.9997603068072867
2021-02-01,4174,4174,4174,4173,1,1,0.9997604216578821
2021-02-02,4174,4174,4174,4173,1,1,0.9997604216578821
2021-02-03,4175,4175,4175,4174,1,1,0.9997604790419161
2021-02-04,4176,4176,4176,4175,1,1,0.9997605363984674
2021-02-05,4178,4178,4178,4177,1,1,0.9997606510292005
2021-02-08,4182,4182,4182,4181,1,1,0.9997608799617408
2021-02-09,4187,4187,4187,4186,1,1,0.9997611655123
2021-02-10,4192,4192,4192,4191,1,1,0.9997614503816794
2021-02-18,4192,4192,4192,4191,1,1,0.9997614503816794
2021-02-19,4192,4192,4192,4191,1,1,0.9997614503816794
2021-02-22,4192,4192,4192,4191,1,1,0.9997614503816794
2021-02-23,4193,4193,4193,4192,1,1,0.9997615072740281
2021-02-24,4195,4195,4195,4194,1,1,0.999761620977354
2021-02-25,4197,4197,4197,4196,1,1,0.9997617345723135
2021-02-26,4200,4200,4200,4199,1,1,0.9997619047619047
2021-03-01,4203,4203,4203,4202,1,1,0.9997620747085415
2021-03-02,4204,4204,4204,4203,1,1,0.9997621313035204
2021-03-03,4205,4205,4205,4204,1,1,0.9997621878715814
2021-03-04,4205,4205,4205,4204,1,1,0.9997621878715814
2021-03-05,4205,4205,4205,4204,1,1,0.9997621878715814
2021-03-08,4207,4207,4207,4206,1,1,0.9997623009270263
2021-03-09,4209,4209,4209,4208,1,1,0.9997624138750297
2021-03-10,4210,4210,4210,4209,1,1,0.9997624703087886
2021-03-11,4212,4212,4212,4211,1,1,0.9997625830959165
2021-03-12,4213,4213,4213,4212,1,1,0.9997626394493235
2021-03-15,4213,4213,4213,4212,1,1,0.9997626394493235
2021-03-16,4214,4214,4214,4213,1,1,0.9997626957759849
2021-03-17,4214,4214,4214,4213,1,1,0.9997626957759849
2021-03-18,4215,4215,4215,4214,1,1,0.9997627520759194
2021-03-19,4216,4216,4216,4215,1,1,0.9997628083491461
2021-03-22,4218,4218,4218,4217,1,1,0.9997629208155524
2021-03-23,4219,4219,4219,4218,1,1,0.9997629770087698
2021-03-24,4221,4221,4221,4220,1,1,0.9997630893153281
2021-03-25,4223,4223,4223,4222,1,1,0.9997632015155103
2021-03-26,4226,4226,4226,4225,1,1,0.9997633696166588
2021-03-29,4230,4230,4230,4229,1,1,0.9997635933806147
2021-03-30,4232,4232,4232,4231,1,1,0.9997637051039697
2021-03-31,4234,4234,4234,4233,1,1,0.999763816721776
2021-04-01,4236,4236,4236,4235,1,1,0.9997639282341831
2021-04-02,4237,4237,4237,4236,1,1,0.9997639839509087
2021-04-06,4241,4241,4241,4240,1,1,0.9997642065550578
2021-04-07,4242,4242,4242,4241,1,1,0.9997642621404997
2021-04-08,4244,4244,4244,4243,1,1,0.9997643732327992
2021-04-09,4248,4248,4248,4247,1,1,0.9997645951035782
2021-04-12,4252,4252,4252,4251,1,1,0.9997648165569144
2021-04-13,4255,4255,4255,4254,1,1,0.9997649823736781
2021-04-14,4255,4255,4255,4254,1,1,0.9997649823736781
2021-04-15,4259,4259,4259,4258,1,1,0.999765203099319
2021-04-16,4260,4260,4260,4259,1,1,0.9997652582159624
2021-04-19,4263,4263,4263,4262,1,1,0.9997654234107436
2021-04-20,4267,4267,4267,4266,1,1,0.9997656433091164
2021-04-21,4272,4272,4272,4271,1,1,0.9997659176029963
2021-04-22,4273,4273,4273,4272,1,1,0.9997659723847414
2021-04-23,4273,4273,4273,4272,1,1,0.9997659723847414
2021-04-26,4276,4276,4276,4275,1,1,0.9997661365762395
2021-04-27,4279,4279,4279,4278,1,1,0.9997663005375088
2021-04-28,4282,4282,4282,4281,1,1,0.9997664642690332
2021-04-29,4285,4285,4285,4284,1,1,0.9997666277712952
2021-04-30,4287,4287,4287,4286,1,1,0.999766736645673
2021-05-06,4290,4290,4290,4289,1,1,0.9997668997668998
2021-05-07,4291,4291,4291,4290,1,1,0.9997669540899558
2021-05-10,4292,4292,4292,4291,1,1,0.999767008387698
2021-05-11,4295,4295,4295,4294,1,1,0.99976717112922
2021-05-12,4298,4298,4298,4297,1,1,0.9997673336435552
2021-05-13,4302,4302,4302,4301,1,1,0.999767549976755
2021-05-14,4302,4302,4302,4301,1,1,0.999767549976755
2021-05-17,4304,4304,4304,4303,1,1,0.9997676579925651
2021-05-18,4307,4307,4307,4306,1,1,0.9997678198281866
2021-05-19,4308,4308,4308,4307,1,1,0.9997678737233054
2021-05-20,4310,4310,4310,4309,1,1,0.9997679814385151
2021-05-21,4312,4312,4312,4311,1,1,0.9997680890538033
2021-05-24,4313,4313,4313,4312,1,1,0.9997681428240204
2021-05-25,4317,4317,4317,4316,1,1,0.9997683576557794
2021-05-26,4319,4319,4319,4318,1,1,0.9997684649224358
2021-05-27,4320,4320,4320,4319,1,1,0.9997685185185186
2021-05-28,4325,4325,4325,4324,1,1,0.9997687861271676
2021-05-31,4325,4325,4325,4324,1,1,0.9997687861271676
2021-06-01,4326,4326,4326,4325,1,1,0.9997688395746648
2021-06-02,4328,4328,4328,4327,1,1,0.9997689463955638
2021-06-03,4330,4330,4330,4329,1,1,0.9997690531177829
2021-06-04,4330,4330,4330,4329,1,1,0.9997690531177829
2021-06-07,4334,4334,4334,4333,1,1,0.9997692662667282
2021-06-08,4336,4336,4336,4335,1,1,0.9997693726937269
2021-06-09,4338,4338,4338,4337,1,1,0.9997694790225911
2021-06-10,4339,4339,4339,4338,1,1,0.999769532150265
2021-06-11,4341,4341,4341,4340,1,1,0.9997696383321816
2021-06-15,4344,4344,4344,4343,1,1,0.9997697974217311
2021-06-16,4347,4347,4347,4346,1,1,0.9997699562916954
2021-06-17,4350,4350,4350,4349,1,1,0.9997701149425288
2021-06-18,4354,4354,4354,4353,1,1,0.9997703261368857
2021-06-21,4355,4355,4355,4354,1,1,0.9997703788748565
2021-06-22,4357,4357,4357,4356,1,1,0.999770484278173
2021-06-23,4360,4360,4360,4359,1,1,0.9997706422018349
2021-06-24,4361,4361,4361,4360,1,1,0.9997706947947719
2021-06-25,4364,4364,4364,4363,1,1,0.9997708524289642
2021-06-28,4367,4367,4367,4366,1,1,0.9997710098465766
2021-06-29,4368,4368,4368,4367,1,1,0.9997710622710623
2021-06-30,4373,4373,4373,4372,1,1,0.999771324033844
2021-07-01,4374,4374,4374,4373,1,1,0.9997713763145862
2021-07-02,4375,4375,4375,4374,1,1,0.9997714285714285
2021-07-05,4377,4377,4377,4376,1,1,0.9997715330134795
2021-07-06,4380,4380,4380,4379,1,1,0.9997716894977169
2021-07-07,4384,4384,4384,4383,1,1,0.999771897810219
2021-07-08,4386,4386,4386,4385,1,1,0.9997720018239854
2021-07-09,4389,4389,4389,4388,1,1,0.9997721576668945
2021-07-12,4390,4390,4390,4389,1,1,0.9997722095671981
2021-07-13,4392,4392,4392,4391,1,1,0.9997723132969034
2021-07-14,4392,4392,4392,4391,1,1,0.9997723132969034
2021-07-15,4394,4394,4394,4393,1,1,0.9997724169321802
2021-07-16,4396,4396,4396,4395,1,1,0.9997725204731575
2021-07-19,4397,4397,4397,4396,1,1,0.9997725722083238
2021-07-20,4400,4400,4400,4399,1,1,0.9997727272727273
2021-07-21,4398,4398,4398,4397,1,1,0.9997726239199636
2021-07-22,4402,4402,4402,4401,1,1,0.9997728305315765
2021-07-23,4403,4403,4403,4402,1,1,0.9997728821258233
2021-07-26,4406,4406,4406,4405,1,1,0.9997730367680435
2021-07-27,4407,4407,4407,4406,1,1,0.9997730882686635
2021-07-28,4410,4410,4410,4409,1,1,0.9997732426303855
2021-07-29,4413,4413,4413,4412,1,1,0.9997733967822343
2021-07-30,4416,4416,4416,4415,1,1,0.9997735507246377
2021-08-02,4418,4418,4418,4417,1,1,0.9997736532367587
2021-08-03,4419,4419,4419,4418,1,1,0.9997737044580222
2021-08-04,4422,4422,4422,4421,1,1,0.9997738579828132
2021-08-05,4426,4426,4426,4425,1,1,0.999774062358789
2021-08-06,4427,4427,4427,4426,1,1,0.9997741133950757
2021-08-09,4427,4427,4427,4426,1,1,0.9997741133950757
2021-08-10,4428,4428,4428,4427,1,1,0.9997741644083108
2021-08-11,4431,4431,4431,4430,1,1,0.9997743173098623
2021-08-12,4434,4434,4434,4433,1,1,0.9997744700045106
2021-08-13,4437,4437,4437,4436,1,1,0.9997746224926752
2021-08-16,4440,4440,4440,4439,1,1,0.9997747747747747
2021-08-17,4442,4442,4442,4441,1,1,0.9997748761819001
2021-08-18,4444,4444,4444,4443,1,1,0.9997749774977498
2021-08-19,4446,4446,4446,4445,1,1,0.9997750787224472
2021-08-20,4447,4447,4447,4446,1,1,0.9997751293006522
2021-08-23,4449,4449,4449,4448,1,1,0.9997752303888514
2021-08-24,4452,4452,4452,4451,1,1,0.9997753818508536
2021-08-25,4452,4452,4452,4451,1,1,0.9997753818508536
2021-08-26,4453,4453,4453,4452,1,1,0.9997754322928363
2021-08-27,4454,4454,4454,4453,1,1,0.9997754827121689
2021-08-30,4454,4454,4454,4453,1,1,0.9997754827121689
2021-08-31,4455,4455,4455,4454,1,1,0.9997755331088665
2021-09-01,4457,4457,4457,4456,1,1,0.9997756338344178
2021-09-02,4457,4457,4457,4456,1,1,0.9997756338344178
2021-09-03,4457,4457,4457,4456,1,1,0.9997756338344178
2021-09-06,4460,4460,4460,4459,1,1,0.9997757847533633
2021-09-07,4462,4462,4462,4461,1,1,0.9997758852532497
2021-09-08,4464,4464,4464,4463,1,1,0.9997759856630825
2021-09-09,4468,4468,4468,4467,1,1,0.9997761862130707
2021-09-10,4469,4469,4469,4468,1,1,0.999776236294473
2021-09-13,4472,4472,4472,4471,1,1,0.9997763864042933
2021-09-14,4475,4475,4475,4474,1,1,0.9997765363128491
2021-09-15,4476,4476,4476,4475,1,1,0.9997765862377123
2021-09-16,4479,4479,4479,4478,1,1,0.9997767358785443
2021-09-17,4481,4481,4481,4480,1,1,0.999776835527784
2021-09-22,4483,4483,4483,4482,1,1,0.9997769350881106
2021-09-23,4484,4484,4484,4483,1,1,0.9997769848349688
2021-09-24,4486,4486,4486,4485,1,1,0.999777084262149
2021-09-27,4487,4487,4487,4486,1,1,0.9997771339425006
2021-09-28,4489,4489,4489,4488,1,1,0.9997772332368011
2021-09-29,4492,4492,4492,4491,1,1,0.9997773820124666
2021-09-30,4494,4494,4494,4493,1,1,0.9997774810858923
2021-10-08,4494,4494,4494,4493,1,1,0.9997774810858923
2021-10-11,4495,4495,4495,4494,1,1,0.9997775305895439
2021-10-12,4495,4495,4495,4494,1,1,0.9997775305895439
2021-10-13,4496,4496,4496,4495,1,1,0.9997775800711743
2021-10-14,4497,4497,4497,4496,1,1,0.9997776295307983
2021-10-15,4499,4499,4499,4498,1,1,0.9997777283840854
2021-10-18,4502,4502,4502,4501,1,1,0.9997778764993336
2021-10-19,4505,4505,4505,4504,1,1,0.9997780244173141
2021-10-20,4508,4508,4508,4507,1,1,0.9997781721384206
2021-10-21,4511,4511,4511,4510,1,1,0.9997783196630459
2021-10-22,4511,4511,4511,4510,1,1,0.9997783196630459
2021-10-25,4514,4514,4514,4513,1,1,0.9997784669915818
2021-10-26,4517,4517,4517,4516,1,1,0.9997786141244188
2021-10-27,4522,4522,4522,4521,1,1,0.9997788589119858
2021-10-28,4524,4524,4524,4523,1,1,0.9997789566755084
2021-10-29,4525,4525,4525,4524,1,1,0.9997790055248619
2021-11-01,4527,4527,4527,4526,1,1,0.9997791031588248
2021-11-02,4529,4529,4529,4528,1,1,0.9997792007065578
2021-11-03,4530,4530,4530,4529,1,1,0.9997792494481236
2021-11-04,4530,4530,4530,4529,1,1,0.9997792494481236
2021-11-05,4530,4530,4530,4529,1,1,0.9997792494481236
2021-11-08,4530,4530,4530,4529,1,1,0.9997792494481236
2021-11-09,4530,4530,4530,4529,1,1,0.9997792494481236
2021-11-10,4533,4533,4533,4532,1,1,0.99977939554379
2021-11-11,4535,4535,4535,4534,1,1,0.9997794928335171
2021-11-12,4538,4538,4538,4537,1,1,0.999779638607316
2021-11-15,4540,4540,4540,4539,1,1,0.9997797356828194
2021-11-16,4543,4543,4543,4542,1,1,0.9997798811358133
2021-11-17,4545,4545,4545,4544,1,1,0.9997799779977998
2021-11-18,4548,4548,4548,4547,1,1,0.9997801231310466
2021-11-19,4549,4549,4549,4548,1,1,0.9997801714662563
2021-11-22,4552,4552,4552,4551,1,1,0.999780316344464
2021-11-23,4552,4552,4552,4551,1,1,0.999780316344464
2021-11-24,4553,4553,4553,4552,1,1,0.9997803645947727
2021-11-25,4553,4553,4553,4552,1,1,0.9997803645947727
2021-11-26,4556,4556,4556,4555,1,1,0.9997805092186128
2021-11-29,4557,4557,4557,4556,1,1,0.999780557384244
2021-11-30,4558,4558,4558,4557,1,1,0.9997806055287407
2021-12-01,4560,4560,4560,4559,1,1,0.9997807017543859
2021-12-02,4561,4561,4561,4560,1,1,0.9997807498355624
2021-12-03,4562,4562,4562,4561,1,1,0.9997807978956598
2021-12-06,4565,4565,4565,4564,1,1,0.9997809419496166
2021-12-07,4568,4568,4568,4567,1,1,0.9997810858143608
2021-12-08,4569,4569,4569,4568,1,1,0.9997811337272926
2021-12-09,4570,4570,4570,4569,1,1,0.999781181619256
2021-12-10,4573,4573,4573,4572,1,1,0.999781325169473
2021-12-13,4573,4573,4573,4572,1,1,0.999781325169473
2021-12-14,4574,4574,4574,4573,1,1,0.9997813729777001
2021-12-15,4578,4578,4578,4577,1,1,0.9997815640017474
2021-12-16,4580,4580,4580,4579,1,1,0.9997816593886463
2021-12-17,4581,4581,4581,4580,1,1,0.9997817070508622
2021-12-20,4583,4583,4583,4582,1,1,0.9997818023128955
2021-12-21,4583,4583,4583,4582,1,1,0.9997818023128955
2021-12-22,4587,4587,4587,4586,1,1,0.999781992587748
2021-12-23,4590,4590,4590,4589,1,1,0.9997821350762527
2021-12-24,4594,4594,4594,4593,1,1,0.999782324771441
2021-12-27,4595,4595,4595,4594,1,1,0.9997823721436344
2021-12-28,4599,4599,4599,4598,1,1,0.999782561426397
2021-12-29,4599,4599,4599,4598,1,1,0.999782561426397
2021-12-30,4602,4602,4602,4601,1,1,0.9997827031725337
2021-12-31,4603,4603,4603,4602,1,1,0.9997827503801868
2022-01-04,4603,4603,4603,4602,1,1,0.9997827503801868
2022-01-05,4604,4604,4604,4603,1,1,0.9997827975673328
2022-01-06,4605,4605,4605,4604,1,1,0.9997828447339848
2022-01-07,4607,4607,4607,4606,1,1,0.9997829390058607
2022-01-10,4607,4607,4607,4606,1,1,0.9997829390058607
2022-01-11,4610,4610,4610,4609,1,1,0.9997830802603037
2022-01-12,4612,4612,4612,4611,1,1,0.9997831743278404
2022-01-13,4613,4613,4613,4612,1,1,0.999783221331021
2022-01-14,4614,4614,4614,4613,1,1,0.9997832683138275
2022-01-17,4617,4617,4617,4616,1,1,0.9997834091401343
2022-01-18,4619,4619,4619,4618,1,1,0.9997835029227106
2022-01-19,4619,4619,4619,4618,1,1,0.9997835029227106
2022-01-20,4620,4620,4620,4619,1,1,0.9997835497835498
2022-01-21,4621,4621,4621,4620,1,1,0.9997835966241073
2022-01-24,4622,4622,4622,4621,1,1,0.9997836434443964
2022-01-25,4624,4624,4624,4623,1,1,0.9997837370242214
2022-01-26,4626,4626,4626,4625,1,1,0.9997838305231301
2022-01-27,4629,4629,4629,4628,1,1,0.9997839706200043
2022-01-28,4632,4632,4632,4631,1,1,0.9997841105354058
2022-02-07,4632,4632,4632,4631,1,1,0.9997841105354058
2022-02-08,4632,4632,4632,4631,1,1,0.9997841105354058
2022-02-09,4633,4633,4633,4632,1,1,0.9997841571336067
2022-02-10,4635,4635,4635,4634,1,1,0.9997842502696872
2022-02-11,4635,4635,4635,4634,1,1,0.9997842502696872
2022-02-14,4635,4635,4635,4634,1,1,0.9997842502696872
2022-02-15,4636,4636,4636,4635,1,1,0.9997842968075927
2022-02-16,4639,4639,4639,4638,1,1,0.999784436300927
2022-02-17,4639,4639,4639,4638,1,1,0.999784436300927
2022-02-18,4641,4641,4641,4640,1,1,0.9997845291962939
2022-02-21,4642,4642,4642,4641,1,1,0.9997845756139595
2022-02-22,4644,4644,4644,4643,1,1,0.9997846683893196
2022-02-23,4645,4645,4645,4644,1,1,0.9997847147470398
2022-02-24,4645,4645,4645,4644,1,1,0.9997847147470398
2022-02-25,4645,4645,4645,4644,1,1,0.9997847147470398
2022-02-28,4647,4647,4647,4646,1,1,0.9997848074026253
2022-03-01,4647,4647,4647,4646,1,1,0.9997848074026253
2022-03-02,4647,4647,4647,4646,1,1,0.9997848074026253
2022-03-03,4647,4647,4647,4646,1,1,0.9997848074026253
2022-03-04,4647,4647,4647,4646,1,1,0.9997848074026253
2022-03-07,4649,4649,4649,4648,1,1,0.99978489997849
2022-03-08,4650,4650,4650,4649,1,1,0.9997849462365591
2022-03-09,4651,4651,4651,4650,1,1,0.9997849924747366
2022-03-10,4652,4652,4652,4651,1,1,0.9997850386930353
2022-03-11,4654,4654,4654,4653,1,1,0.9997851310700473
2022-03-14,4656,4656,4656,4655,1,1,0.9997852233676976
2022-03-15,4659,4659,4659,4658,1,1,0.9997853616655935
2022-03-16,4660,4660,4660,4659,1,1,0.9997854077253219
2022-03-17,4662,4662,4662,4661,1,1,0.9997854997854998
2022-03-18,4665,4665,4665,4664,1,1,0.99978563772776
2022-03-21,4665,4665,4665,4664,1,1,0.99978563772776
2022-03-22,4670,4670,4670,4669,1,1,0.9997858672376874
2022-03-23,4672,4672,4672,4671,1,1,0.9997859589041096
2022-03-24,4673,4673,4673,4672,1,1,0.9997860047078965
2022-03-25,4675,4675,4675,4674,1,1,0.9997860962566845
2022-03-28,4676,4676,4676,4675,1,1,0.9997861420017109
2022-03-29,4679,4679,4679,4678,1,1,0.9997862791194699
2022-03-30,4680,4680,4680,4679,1,1,0.9997863247863248
2022-03-31,4681,4681,4681,4680,1,1,0.999786370433668
2022-04-01,4682,4682,4682,4681,1,1,0.9997864160615122
2022-04-06,4683,4683,4683,4682,1,1,0.9997864616698697
2022-04-07,4685,4685,4685,4684,1,1,0.9997865528281751
2022-04-08,4686,4686,4686,4685,1,1,0.9997865983781477
2022-04-11,4687,4687,4687,4686,1,1,0.9997866439086835
2022-04-12,4690,4690,4690,4689,1,1,0.9997867803837953
2022-04-13,4692,4692,4692,4691,1,1,0.9997868712702472
2022-04-14,4692,4692,4692,4691,1,1,0.9997868712702472
2022-04-15,4693,4693,4693,4692,1,1,0.9997869166844237
2022-04-18,4693,4693,4693,4692,1,1,0.9997869166844237
2022-04-19,4698,4698,4698,4697,1,1,0.9997871434653044
2022-04-20,4701,4701,4701,4700,1,1,0.9997872793022761
2022-04-21,4704,4704,4704,4703,1,1,0.9997874149659864
2022-04-22,4708,4708,4708,4707,1,1,0.9997875955819882
2022-04-25,4709,4709,4709,4708,1,1,0.9997876406880442
2022-04-26,4710,4710,4710,4709,1,1,0.9997876857749469
2022-04-27,4710,4710,4710,4709,1,1,0.9997876857749469
2022-04-28,4710,4710,4710,4709,1,1,0.9997876857749469
2022-04-29,4714,4714,4714,4713,1,1,0.9997878659312686
2022-05-05,4714,4714,4714,4713,1,1,0.9997878659312686
2022-05-06,4715,4715,4715,4714,1,1,0.9997879109225875
2022-05-09,4715,4715,4715,4714,1,1,0.9997879109225875
2022-05-10,4715,4715,4715,4714,1,1,0.9997879109225875
2022-05-11,4715,4715,4715,4714,1,1,0.9997879109225875
2022-05-12,4717,4717,4717,4716,1,1,0.9997880008479966
2022-05-13,4717,4717,4717,4716,1,1,0.9997880008479966
2022-05-16,4717,4717,4717,4716,1,1,0.9997880008479966
2022-05-17,4718,4718,4718,4717,1,1,0.9997880457821111
2022-05-18,4719,4719,4719,4718,1,1,0.9997880906971816
2022-05-19,4719,4719,4719,4718,1,1,0.9997880906971816
2022-05-20,4722,4722,4722,4721,1,1,0.9997882253282507
2022-05-23,4721,4721,4721,4720,1,1,0.9997881804702393
2022-05-24,4720,4720,4720,4719,1,1,0.9997881355932203
2022-05-25,4721,4721,4721,4720,1,1,0.9997881804702393
2022-05-26,4723,4723,4723,4722,1,1,0.9997882701672666
2022-05-27,4724,4724,4724,4723,1,1,0.9997883149872989
2022-05-30,4724,4724,4724,4723,1,1,0.9997883149872989
2022-05-31,4724,4724,4724,4723,1,1,0.9997883149872989
2022-06-01,4724,4724,4724,4723,1,1,0.9997883149872989
2022-06-02,4724,4724,4724,4723,1,1,0.9997883149872989
2022-06-06,4729,4729,4729,4728,1,1,0.9997885388031297
2022-06-07,4729,4729,4729,4728,1,1,0.9997885388031297
2022-06-08,4733,4733,4733,4732,1,1,0.999788717515318
2022-06-09,4733,4733,4733,4732,1,1,0.999788717515318
2022-06-10,4733,4733,4733,4732,1,1,0.999788717515318
2022-06-13,4733,4733,4733,4732,1,1,0.999788717515318
2022-06-14,4732,4732,4732,4731,1,1,0.9997886728655959
2022-06-15,4732,4732,4732,4731,1,1,0.9997886728655959
2022-06-16,4732,4732,4732,4731,1,1,0.9997886728655959
2022-06-17,4732,4732,4732,4731,1,1,0.9997886728655959
2022-06-20,4732,4732,4732,4731,1,1,0.9997886728655959
2022-06-21,4729,4729,4729,4728,1,1,0.9997885388031297
2022-06-22,4727,4727,4727,4726,1,1,0.9997884493336154
2022-06-23,4726,4726,4726,4725,1,1,0.9997884045704613
2022-06-24,4728,4728,4728,4727,1,1,0.9997884940778342
2022-06-27,4724,4724,4724,4723,1,1,0.9997883149872989
2022-06-28,4721,4721,4721,4720,1,1,0.9997881804702393
2022-06-29,4721,4721,4721,4720,1,1,0.9997881804702393
2022-06-30,4719,4719,4719,4718,1,1,0.9997880906971816
2022-07-01,4721,4721,4721,4720,1,1,0.9997881804702393
2022-07-04,4718,4718,4718,4717,1,1,0.9997880457821111
2022-07-05,4720,4720,4720,4719,1,1,0.9997881355932203
2022-07-06,4722,4722,4722,4721,1,1,0.9997882253282507
2022-07-07,4722,4722,4722,4721,1,1,0.9997882253282507
2022-07-08,4725,4725,4725,4724,1,1,0.9997883597883598
2022-07-11,4726,4726,4726,4725,1,1,0.9997884045704613
2022-07-12,4727,4727,4727,4726,1,1,0.9997884493336154
2022-07-13,4727,4727,4727,4726,1,1,0.9997884493336154
2022-07-14,4727,4727,4727,4726,1,1,0.9997884493336154
2022-07-15,4730,4730,4730,4729,1,1,0.9997885835095137
2022-07-18,4730,4730,4730,4729,1,1,0.9997885835095137
2022-07-19,4730,4730,4730,4729,1,1,0.9997885835095137
2022-07-20,4730,4730,4730,4729,1,1,0.9997885835095137
2022-07-21,4730,4730,4730,4729,1,1,0.9997885835095137
2022-07-22,4732,4732,4732,4731,1,1,0.9997886728655959
2022-07-25,4734,4734,4734,4733,1,1,0.9997887621461766
2022-07-26,4735,4735,4735,4734,1,1,0.9997888067581837
2022-07-27,4736,4736,4736,4735,1,1,0.9997888513513513
2022-07-28,4737,4737,4737,4736,1,1,0.9997888959256913
2022-07-29,4740,4740,4740,4739,1,1,0.999789029535865
2022-08-01,4741,4741,4741,4740,1,1,0.9997890740350137
2022-08-02,4743,4743,4743,4742,1,1,0.9997891629770188
2022-08-03,4743,4743,4743,4742,1,1,0.9997891629770188
2022-08-04,4744,4744,4744,4743,1,1,0.9997892074198989
2022-08-05,4749,4749,4749,4748,1,1,0.9997894293535481
2022-08-08,4752,4752,4752,4751,1,1,0.9997895622895623
2022-08-09,4753,4753,4753,4752,1,1,0.9997896065642752
2022-08-10,4755,4755,4755,4754,1,1,0.9997896950578339
2022-08-11,4757,4757,4757,4756,1,1,0.9997897834769813
2022-08-12,4759,4759,4759,4758,1,1,0.9997898718218113
2022-08-15,4760,4760,4760,4759,1,1,0.9997899159663866
2022-08-16,4762,4762,4762,4761,1,1,0.999790004199916
2022-08-17,4764,4764,4764,4763,1,1,0.9997900923593619
2022-08-18,4770,4770,4770,4769,1,1,0.9997903563941299
2022-08-19,4773,4773,4773,4772,1,1,0.9997904881625812
2022-08-22,4774,4774,4774,4773,1,1,0.9997905320485966
2022-08-23,4775,4775,4775,4774,1,1,0.9997905759162303
2022-08-24,4775,4775,4775,4774,1,1,0.9997905759162303
2022-08-25,4778,4778,4778,4777,1,1,0.9997907074089577
2022-08-26,4780,4780,4780,4779,1,1,0.9997907949790795
2022-08-29,4782,4782,4782,4781,1,1,0.9997908824759515
2022-08-30,4782,4782,4782,4781,1,1,0.9997908824759515
2022-08-31,4787,4787,4787,4786,1,1,0.9997911008982662
2022-09-01,4787,4787,4787,4786,1,1,0.9997911008982662
2022-09-02,4790,4790,4790,4789,1,1,0.9997912317327766
2022-09-05,4791,4791,4791,4790,1,1,0.9997912753078689
2022-09-06,4791,4791,4791,4790,1,1,0.9997912753078689
2022-09-07,4791,4791,4791,4790,1,1,0.9997912753078689
2022-09-08,4794,4794,4794,4793,1,1,0.9997914059240718
2022-09-09,4799,4799,4799,4798,1,1,0.9997916232548447
2022-09-13,4801,4801,4801,4800,1,1,0.9997917100604041
2022-09-14,4802,4802,4802,4801,1,1,0.9997917534360683
2022-09-15,4803,4803,4803,4802,1,1,0.9997917967936706
2022-09-16,4803,4803,4803,4802,1,1,0.9997917967936706
2022-09-19,4808,4808,4808,4807,1,1,0.9997920133111481
2022-09-20,4809,4809,4809,4808,1,1,0.9997920565606155
2022-09-21,4813,4813,4813,4812,1,1,0.9997922293787659
2022-09-22,4814,4814,4814,4813,1,1,0.9997922725384296
2022-09-23,4815,4815,4815,4814,1,1,0.9997923156801661
2022-09-26,4819,4819,4819,4818,1,1,0.9997924880680639
2022-09-27,4821,4821,4821,4820,1,1,0.9997925741547397
2022-09-28,4823,4823,4823,4822,1,1,0.9997926601700187
2022-09-29,4826,4826,4826,4825,1,1,0.9997927890592623
2022-09-30,4829,4829,4829,4828,1,1,0.999792917788362
2022-10-10,4830,4830,4830,4829,1,1,0.9997929606625259
2022-10-11,4832,4832,4832,4831,1,1,0.9997930463576159
2022-10-12,4834,4834,4834,4833,1,1,0.9997931319817956
2022-10-13,4836,4836,4836,4835,1,1,0.999793217535153
2022-10-14,4836,4836,4836,4835,1,1,0.999793217535153
2022-10-17,4836,4836,4836,4835,1,1,0.999793217535153
2022-10-18,4838,4838,4838,4837,1,1,0.9997933030177759
2022-10-19,4842,4842,4842,4841,1,1,0.9997934737711689
2022-10-20,4842,4842,4842,4841,1,1,0.9997934737711689
2022-10-21,4842,4842,4842,4841,1,1,0.9997934737711689
2022-10-24,4842,4842,4842,4841,1,1,0.9997934737711689
2022-10-25,4845,4845,4845,4844,1,1,0.9997936016511868
2022-10-26,4849,4849,4849,4848,1,1,0.9997937719117344
2022-10-27,4849,4849,4849,4848,1,1,0.9997937719117344
2022-10-28,4850,4850,4850,4849,1,1,0.9997938144329896
2022-10-31,4853,4853,4853,4852,1,1,0.9997939418916134
2022-11-01,4856,4856,4856,4855,1,1,0.9997940691927513
2022-11-02,4856,4856,4856,4855,1,1,0.9997940691927513
2022-11-03,4856,4856,4856,4855,1,1,0.9997940691927513
2022-11-04,4856,4856,4856,4855,1,1,0.9997940691927513
2022-11-07,4858,4858,4858,4857,1,1,0.9997941539728283
2022-11-08,4859,4859,4859,4858,1,1,0.9997941963366948
2022-11-09,4861,4861,4861,4860,1,1,0.9997942810121374
2022-11-10,4862,4862,4862,4861,1,1,0.9997943233237351
2022-11-11,4863,4863,4863,4862,1,1,0.9997943656179313
2022-11-14,4864,4864,4864,4863,1,1,0.9997944078947368
2022-11-15,4864,4864,4864,4863,1,1,0.9997944078947368
2022-11-16,4868,4868,4868,4867,1,1,0.9997945768282662
2022-11-17,4868,4868,4868,4867,1,1,0.9997945768282662
2022-11-18,4871,4871,4871,4870,1,1,0.9997947033463355
2022-11-21,4872,4872,4872,4871,1,1,0.9997947454844006
2022-11-22,4874,4874,4874,4873,1,1,0.9997948297086582
2022-11-23,4874,4874,4874,4873,1,1,0.9997948297086582
2022-11-24,4874,4874,4874,4873,1,1,0.9997948297086582
2022-11-25,4875,4875,4875,4874,1,1,0.9997948717948718
2022-11-28,4875,4875,4875,4874,1,1,0.9997948717948718
2022-11-29,4875,4875,4875,4874,1,1,0.9997948717948718
2022-11-30,4877,4877,4877,4876,1,1,0.9997949559155218
2022-12-01,4878,4878,4878,4877,1,1,0.9997949979499795
2022-12-02,4879,4879,4879,4878,1,1,0.9997950399672064
2022-12-05,4880,4880,4880,4879,1,1,0.9997950819672131
2022-12-06,4880,4880,4880,4879,1,1,0.9997950819672131
2022-12-07,4880,4880,4880,4879,1,1,0.9997950819672131
2022-12-08,4883,4883,4883,4882,1,1,0.999795207864018
2022-12-09,4885,4885,4885,4884,1,1,0.9997952917093142
2022-12-12,4887,4887,4887,4886,1,1,0.9997953754859832
2022-12-13,4887,4887,4887,4886,1,1,0.9997953754859832
2022-12-14,4887,4887,4887,4886,1,1,0.9997953754859832
2022-12-15,4889,4889,4889,4888,1,1,0.9997954591941092
2022-12-16,4891,4891,4891,4890,1,1,0.9997955428337764
2022-12-19,4891,4891,4891,4890,1,1,0.9997955428337764
2022-12-20,4891,4891,4891,4890,1,1,0.9997955428337764
2022-12-21,4892,4892,4892,4891,1,1,0.999795584627964
2022-12-22,4893,4893,4893,4892,1,1,0.9997956264050685
2022-12-23,4895,4895,4895,4894,1,1,0.9997957099080694
2022-12-26,4897,4897,4897,4896,1,1,0.999795793342863
2022-12-27,4899,4899,4899,4898,1,1,0.9997958767095325
2022-12-28,4902,4902,4902,4901,1,1,0.9997960016319869
2022-12-29,4902,4902,4902,4901,1,1,0.9997960016319869
2022-12-30,4905,4905,4905,4904,1,1,0.999796126401631
2023-01-03,4905,4905,4905,4904,1,1,0.999796126401631
2023-01-04,4905,4905,4905,4904,1,1,0.999796126401631
2023-01-05,4905,4905,4905,4904,1,1,0.999796126401631
2023-01-06,4906,4906,4906,4905,1,1,0.999796167957603
2023-01-09,4906,4906,4906,4905,1,1,0.999796167957603
2023-01-10,4906,4906,4906,4905,1,1,0.999796167957603
2023-01-11,4906,4906,4906,4905,1,1,0.999796167957603
2023-01-12,4906,4906,4906,4905,1,1,0.999796167957603
2023-01-13,4906,4906,4906,4905,1,1,0.999796167957603
2023-01-16,4906,4906,4906,4905,1,1,0.999796167957603
2023-01-17,4906,4906,4906,4905,1,1,0.999796167957603
2023-01-18,4907,4907,4907,4906,1,1,0.9997962094966375
2023-01-19,4909,4909,4909,4908,1,1,0.9997962925239356
2023-01-20,4909,4909,4909,4908,1,1,0.9997962925239356
2023-01-30,4910,4910,4910,4909,1,1,0.99979633401222
2023-01-31,4911,4911,4911,4910,1,1,0.9997963754836082
2023-02-01,4912,4912,4912,4911,1,1,0.9997964169381107
2023-02-02,4912,4912,4912,4911,1,1,0.9997964169381107
2023-02-03,4912,4912,4912,4911,1,1,0.9997964169381107
2023-02-06,4912,4912,4912,4911,1,1,0.9997964169381107
2023-02-07,4912,4912,4912,4911,1,1,0.9997964169381107
2023-02-08,4914,4914,4914,4913,1,1,0.9997964997964998
2023-02-09,4916,4916,4916,4915,1,1,0.9997965825874695
2023-02-10,4917,4917,4917,4916,1,1,0.9997966239576977
2023-02-13,4917,4917,4917,4916,1,1,0.9997966239576977
2023-02-14,4918,4918,4918,4917,1,1,0.9997966653111021
2023-02-15,4917,4917,4917,4916,1,1,0.9997966239576977
2023-02-16,4920,4920,4920,4919,1,1,0.9997967479674796
2023-02-17,4921,4921,4921,4920,1,1,0.9997967892704734
2023-02-20,4922,4922,4922,4921,1,1,0.9997968305566842
2023-02-21,4923,4923,4923,4922,1,1,0.9997968718261223
2023-02-22,4924,4924,4924,4923,1,1,0.9997969130787977
2023-02-23,4924,4924,4924,4923,1,1,0.9997969130787977
2023-02-24,4924,4924,4924,4923,1,1,0.9997969130787977
2023-02-27,4925,4925,4925,4924,1,1,0.9997969543147208
2023-02-28,4925,4925,4925,4924,1,1,0.9997969543147208
2023-03-01,4927,4927,4927,4926,1,1,0.9997970367363507
2023-03-02,4927,4927,4927,4926,1,1,0.9997970367363507
2023-03-03,4929,4929,4929,4928,1,1,0.9997971190910935
2023-03-06,4930,4930,4930,4929,1,1,0.9997971602434077
2023-03-07,4931,4931,4931,4930,1,1,0.9997972013790306
2023-03-08,4932,4932,4932,4931,1,1,0.9997972424979724
2023-03-09,4934,4934,4934,4933,1,1,0.9997973246858533
2023-03-10,4935,4935,4935,4934,1,1,0.9997973657548126
2023-03-13,4937,4937,4937,4936,1,1,0.9997974478428195
2023-03-14,4937,4937,4937,4936,1,1,0.9997974478428195
2023-03-15,4938,4938,4938,4937,1,1,0.9997974888618874
2023-03-16,4939,4939,4939,4938,1,1,0.999797529864345
2023-03-17,4939,4939,4939,4938,1,1,0.999797529864345
2023-03-20,4941,4941,4941,4940,1,1,0.9997976118194697
2023-03-21,4943,4943,4943,4942,1,1,0.9997976937082743
2023-03-22,4943,4943,4943,4942,1,1,0.9997976937082743
2023-03-23,4943,4943,4943,4942,1,1,0.9997976937082743
2023-03-24,4943,4943,4943,4942,1,1,0.9997976937082743
2023-03-27,4942,4942,4942,4941,1,1,0.999797652772157
2023-03-28,4943,4943,4943,4942,1,1,0.9997976937082743
2023-03-29,4946,4946,4946,4945,1,1,0.9997978164173069
2023-03-30,4946,4946,4946,4945,1,1,0.9997978164173069
2023-03-31,4947,4947,4947,4946,1,1,0.9997978572872448
2023-04-03,4947,4947,4947,4946,1,1,0.9997978572872448
2023-04-04,4951,4951,4951,4950,1,1,0.9997980206018986
2023-04-06,4951,4951,4951,4950,1,1,0.9997980206018986
2023-04-07,4952,4952,4952,4951,1,1,0.9997980613893377
2023-04-10,4962,4962,4962,4961,1,1,0.9997984683595325
2023-04-11,4962,4962,4962,4961,1,1,0.9997984683595325
2023-04-12,4962,4962,4962,4961,1,1,0.9997984683595325
2023-04-13,4962,4962,4962,4961,1,1,0.9997984683595325
2023-04-14,4962,4962,4962,4961,1,1,0.9997984683595325
2023-04-17,4964,4964,4964,4963,1,1,0.999798549556809
2023-04-18,4967,4967,4967,4966,1,1,0.9997986712301188
2023-04-19,4968,4968,4968,4967,1,1,0.9997987117552335
2023-04-20,4969,4969,4969,4968,1,1,0.999798752264037
2023-04-21,4970,4970,4970,4969,1,1,0.9997987927565393
2023-04-24,4972,4972,4972,4971,1,1,0.9997988736926791
2023-04-25,4973,4973,4973,4972,1,1,0.9997989141363363
2023-04-26,4973,4973,4973,4972,1,1,0.9997989141363363
2023-04-27,4973,4973,4973,4972,1,1,0.9997989141363363
2023-04-28,4973,4973,4973,4972,1,1,0.9997989141363363
2023-05-04,4973,4973,4973,4972,1,1,0.9997989141363363
2023-05-05,4975,4975,4975,4974,1,1,0.9997989949748743
2023-05-08,4976,4976,4976,4975,1,1,0.9997990353697749
2023-05-09,4976,4976,4976,4975,1,1,0.9997990353697749
2023-05-10,4978,4978,4978,4977,1,1,0.9997991161108879
2023-05-11,4979,4979,4979,4978,1,1,0.9997991564571199
2023-05-12,4980,4980,4980,4979,1,1,0.9997991967871486
2023-05-15,4980,4980,4980,4979,1,1,0.9997991967871486
2023-05-16,4982,4982,4982,4981,1,1,0.9997992773986351
2023-05-17,4983,4983,4983,4982,1,1,0.9997993176801124
2023-05-18,4985,4985,4985,4984,1,1,0.9997993981945837
2023-05-19,4988,4988,4988,4987,1,1,0.9997995188452286
2023-05-22,4990,4990,4990,4989,1,1,0.9997995991983968
2023-05-23,4992,4992,4992,4991,1,1,0.9997996794871795
2023-05-24,4993,4993,4993,4992,1,1,0.9997997196074504
2023-05-25,4994,4994,4994,4993,1,1,0.999799759711654
2023-05-26,4995,4995,4995,4994,1,1,0.9997997997997998
2023-05-29,4995,4995,4995,4994,1,1,0.9997997997997998
2023-05-30,4995,4995,4995,4994,1,1,0.9997997997997998
2023-05-31,4995,4995,4995,4994,1,1,0.9997997997997998
2023-06-01,4997,4997,4997,4996,1,1,0.9997998799279568
2023-06-02,4999,4999,4999,4998,1,1,0.9997999599919984
2023-06-05,5000,5000,5000,4999,1,1,0.9998
2023-06-06,5001,5001,5001,5000,1,1,0.9998000399920016
2023-06-07,5001,5001,5001,5000,1,1,0.9998000399920016
2023-06-08,5002,5002,5002,5001,1,1,0.9998000799680128
2023-06-09,5004,5004,5004,5003,1,1,0.9998001598721024
2023-06-12,5005,5005,5005,5004,1,1,0.9998001998001999
2023-06-13,5005,5005,5005,5004,1,1,0.9998001998001999
2023-06-14,5006,5006,5006,5005,1,1,0.9998002397123452
2023-06-15,5007,5007,5007,5006,1,1,0.999800279608548
2023-06-16,5008,5008,5008,5007,1,1,0.9998003194888179
2023-06-19,5010,5010,5010,5009,1,1,0.9998003992015968
2023-06-20,5012,5012,5012,5011,1,1,0.9998004788507582
2023-06-21,5015,5015,5015,5014,1,1,0.9998005982053838
2023-06-26,5014,5014,5014,5013,1,1,0.9998005584363782
2023-06-27,5018,5018,5018,5017,1,1,0.9998007174172977
2023-06-28,5019,5019,5019,5018,1,1,0.9998007571229328
2023-06-29,5018,5018,5018,5017,1,1,0.9998007174172977
2023-06-30,5019,5019,5019,5018,1,1,0.9998007571229328
2023-07-03,5020,5020,5020,5019,1,1,0.999800796812749
2023-07-04,5021,5021,5021,5020,1,1,0.9998008364867557
2023-07-05,5020,5020,5020,5019,1,1,0.999800796812749
2023-07-06,5017,5017,5017,5016,1,1,0.9998006776958341
2023-07-07,5017,5017,5017,5016,1,1,0.9998006776958341
2023-07-10,5017,5017,5017,5016,1,1,0.9998006776958341
2023-07-11,5017,5017,5017,5016,1,1,0.9998006776958341
2023-07-12,5018,5018,5018,5017,1,1,0.9998007174172977
2023-07-13,5016,5016,5016,5015,1,1,0.9998006379585327
2023-07-14,5016,5016,5016,5015,1,1,0.9998006379585327
2023-07-17,5018,5018,5018,5017,1,1,0.9998007174172977
2023-07-18,5018,5018,5018,5017,1,1,0.9998007174172977
2023-07-19,5021,5021,5021,5020,1,1,0.9998008364867557
2023-07-20,5023,5023,5023,5022,1,1,0.9998009157873781
2023-07-21,5024,5024,5024,5023,1,1,0.9998009554140127
2023-07-24,5026,5026,5026,5025,1,1,0.9998010346199762
2023-07-25,5027,5027,5027,5026,1,1,0.9998010741993236
2023-07-26,5030,5030,5030,5029,1,1,0.9998011928429423
2023-07-27,5031,5031,5031,5030,1,1,0.9998012323593719
2023-07-28,5031,5031,5031,5030,1,1,0.9998012323593719
2023-07-31,5030,5030,5030,5029,1,1,0.9998011928429423
2023-08-01,5032,5032,5032,5031,1,1,0.9998012718600954
2023-08-02,5032,5032,5032,5031,1,1,0.9998012718600954
2023-08-03,5034,5034,5034,5033,1,1,0.9998013508144616
2023-08-04,5033,5033,5033,5032,1,1,0.9998013113451222
2023-08-07,5034,5034,5034,5033,1,1,0.9998013508144616
2023-08-08,5035,5035,5035,5034,1,1,0.9998013902681231
2023-08-09,5038,5038,5038,5037,1,1,0.9998015085351329
2023-08-10,5039,5039,5039,5038,1,1,0.9998015479261758
2023-08-11,5038,5038,5038,5037,1,1,0.9998015085351329
2023-08-14,5038,5038,5038,5037,1,1,0.9998015085351329
2023-08-15,5040,5040,5040,5039,1,1,0.9998015873015873
2023-08-16,5041,5041,5041,5040,1,1,0.9998016266613767
2023-08-17,5043,5043,5043,5042,1,1,0.9998017053341265
2023-08-18,5045,5045,5045,5044,1,1,0.9998017839444995
2023-08-21,5045,5045,5045,5044,1,1,0.9998017839444995
2023-08-22,5046,5046,5046,5045,1,1,0.9998018232263178
2023-08-23,5047,5047,5047,5046,1,1,0.9998018624925699
2023-08-24,5047,5047,5047,5046,1,1,0.9998018624925699
2023-08-25,5048,5048,5048,5047,1,1,0.9998019017432647
2023-08-28,5049,5049,5049,5048,1,1,0.9998019409784116
2023-08-29,5049,5049,5049,5048,1,1,0.9998019409784116
2023-08-30,5050,5050,5050,5049,1,1,0.9998019801980198
2023-08-31,5050,5050,5050,5049,1,1,0.9998019801980198
2023-09-01,5051,5051,5051,5050,1,1,0.9998020194020986
2023-09-04,5051,5051,5051,5050,1,1,0.9998020194020986
2023-09-05,5052,5052,5052,5051,1,1,0.9998020585906572
2023-09-06,5053,5053,5053,5052,1,1,0.9998020977637048
2023-09-07,5053,5053,5053,5052,1,1,0.9998020977637048
2023-09-08,5054,5054,5054,5053,1,1,0.9998021369212505
2023-09-11,5056,5056,5056,5055,1,1,0.9998022151898734
2023-09-12,5056,5056,5056,5055,1,1,0.9998022151898734
2023-09-13,5056,5056,5056,5055,1,1,0.9998022151898734
2023-09-14,5057,5057,5057,5056,1,1,0.9998022543009689
2023-09-15,5058,5058,5058,5057,1,1,0.9998022933965994
2023-09-18,5058,5058,5058,5057,1,1,0.9998022933965994
2023-09-19,5058,5058,5058,5057,1,1,0.9998022933965994
2023-09-20,5060,5060,5060,5059,1,1,0.999802371541502
2023-09-21,5061,5061,5061,5060,1,1,0.9998024105907923
2023-09-22,5061,5061,5061,5060,1,1,0.9998024105907923
2023-09-25,5063,5063,5063,5062,1,1,0.999802488643097
2023-09-26,5063,5063,5063,5062,1,1,0.999802488643097
2023-09-27,5063,5063,5063,5062,1,1,0.999802488643097
2023-09-28,5065,5065,5065,5064,1,1,0.9998025666337611
2023-10-09,5065,5065,5065,5064,1,1,0.9998025666337611
2023-10-10,5066,5066,5066,5065,1,1,0.9998026056060008
2023-10-11,5067,5067,5067,5066,1,1,0.9998026445628577
2023-10-12,5067,5067,5067,5066,1,1,0.9998026445628577
2023-10-13,5067,5067,5067,5066,1,1,0.9998026445628577
2023-10-16,5067,5067,5067,5066,1,1,0.9998026445628577
2023-10-17,5069,5069,5069,5068,1,1,0.9998027224304596
2023-10-18,5069,5069,5069,5068,1,1,0.9998027224304596
2023-10-19,5069,5069,5069,5068,1,1,0.9998027224304596
2023-10-20,5069,5069,5069,5068,1,1,0.9998027224304596
2023-10-23,5070,5070,5070,5069,1,1,0.9998027613412229
2023-10-24,5071,5071,5071,5070,1,1,0.9998028002366397
2023-10-25,5071,5071,5071,5070,1,1,0.9998028002366397
2023-10-26,5070,5070,5070,5069,1,1,0.9998027613412229
2023-10-27,5070,5070,5070,5069,1,1,0.9998027613412229
2023-10-30,5071,5071,5071,5070,1,1,0.9998028002366397
2023-10-31,5072,5072,5072,5071,1,1,0.9998028391167192
2023-11-01,5073,5073,5073,5072,1,1,0.9998028779814705
2023-11-02,5073,5073,5073,5072,1,1,0.9998028779814705
2023-11-03,5074,5074,5074,5073,1,1,0.9998029168309026
2023-11-06,5074,5074,5074,5073,1,1,0.9998029168309026
2023-11-07,5075,5075,5075,5074,1,1,0.9998029556650246
2023-11-08,5075,5075,5075,5074,1,1,0.9998029556650246
2023-11-09,5076,5076,5076,5075,1,1,0.9998029944838456
2023-11-10,5076,5076,5076,5075,1,1,0.9998029944838456
2023-11-13,5077,5077,5077,5076,1,1,0.9998030332873744
2023-11-14,5077,5077,5077,5076,1,1,0.9998030332873744
2023-11-15,5077,5077,5077,5076,1,1,0.9998030332873744
2023-11-16,5078,5078,5078,5077,1,1,0.9998030720756204
2023-11-17,5079,5079,5079,5078,1,1,0.9998031108485922
2023-11-20,5079,5079,5079,5078,1,1,0.9998031108485922
2023-11-21,5079,5079,5079,5078,1,1,0.9998031108485922
2023-11-22,5079,5079,5079,5078,1,1,0.9998031108485922
2023-11-23,5079,5079,5079,5078,1,1,0.9998031108485922
2023-11-24,5079,5079,5079,5078,1,1,0.9998031108485922
2023-11-27,5079,5079,5079,5078,1,1,0.9998031108485922
2023-11-28,5080,5080,5080,5079,1,1,0.9998031496062992
2023-11-29,5081,5081,5081,5080,1,1,0.9998031883487503
2023-11-30,5081,5081,5081,5080,1,1,0.9998031883487503
2023-12-01,5082,5082,5082,5081,1,1,0.9998032270759544
2023-12-04,5082,5082,5082,5081,1,1,0.9998032270759544
2023-12-05,5083,5083,5083,5082,1,1,0.9998032657879206
2023-12-06,5084,5084,5084,5083,1,1,0.9998033044846577
2023-12-07,5084,5084,5084,5083,1,1,0.9998033044846577
2023-12-08,5085,5085,5085,5084,1,1,0.999803343166175
2023-12-11,5085,5085,5085,5084,1,1,0.999803343166175
2023-12-12,5086,5086,5086,5085,1,1,0.9998033818324813
2023-12-13,5087,5087,5087,5086,1,1,0.9998034204835856
2023-12-14,5087,5087,5087,5086,1,1,0.9998034204835856
2023-12-15,5088,5088,5088,5087,1,1,0.9998034591194969
2023-12-18,5089,5089,5089,5088,1,1,0.999803497740224
2023-12-19,5089,5089,5089,5088,1,1,0.999803497740224
2023-12-20,5090,5090,5090,5089,1,1,0.999803536345776
2023-12-21,5091,5091,5091,5090,1,1,0.9998035749361619
2023-12-22,5092,5092,5092,5091,1,1,0.9998036135113905
2023-12-25,5092,5092,5092,5091,1,1,0.9998036135113905
2023-12-26,5093,5093,5093,5092,1,1,0.9998036520714706
2023-12-27,5094,5094,5094,5093,1,1,0.9998036906164115
2023-12-28,5095,5095,5095,5094,1,1,0.9998037291462217
2023-12-29,5096,5096,5096,5095,1,1,0.9998037676609105
2024-01-02,5096,5096,5096,5095,1,1,0.9998037676609105
2024-01-03,5097,5097,5097,5096,1,1,0.9998038061604866
2024-01-04,5097,5097,5097,5096,1,1,0.9998038061604866
2024-01-05,5097,5097,5097,5096,1,1,0.9998038061604866
2024-01-08,5097,5097,5097,5096,1,1,0.9998038061604866
2024-01-09,5097,5097,5097,5096,1,1,0.9998038061604866
2024-01-10,5098,5098,5098,5097,1,1,0.9998038446449589
2024-01-11,5100,5100,5100,5099,1,1,0.9998039215686274
2024-01-12,5100,5100,5100,5099,1,1,0.9998039215686274
2024-01-15,5100,5100,5100,5099,1,1,0.9998039215686274
2024-01-16,5100,5100,5100,5099,1,1,0.9998039215686274
2024-01-17,5100,5100,5100,5099,1,1,0.9998039215686274
2024-01-18,5101,5101,5101,5100,1,1,0.9998039600078416
2024-01-19,5102,5102,5102,5101,1,1,0.9998039984319874
2024-01-22,5102,5102,5102,5101,1,1,0.9998039984319874
2024-01-23,5102,5102,5102,5101,1,1,0.9998039984319874
2024-01-24,5104,5104,5104,5103,1,1,0.9998040752351097
2024-01-25,5103,5103,5103,5102,1,1,0.9998040368410739
2024-01-26,5103,5103,5103,5102,1,1,0.9998040368410739
2024-01-29,5103,5103,5103,5102,1,1,0.9998040368410739
2024-01-30,5104,5104,5104,5103,1,1,0.9998040752351097
2024-01-31,5104,5104,5104,5103,1,1,0.9998040752351097
2024-02-01,5104,5104,5104,5103,1,1,0.9998040752351097
2024-02-02,5105,5105,5105,5104,1,1,0.9998041136141038
2024-02-05,5105,5105,5105,5104,1,1,0.9998041136141038
2024-02-06,5105,5105,5105,5104,1,1,0.9998041136141038
2024-02-07,5105,5105,5105,5104,1,1,0.9998041136141038
2024-02-08,5107,5107,5107,5106,1,1,0.9998041903270022
2024-02-19,5107,5107,5107,5106,1,1,0.9998041903270022
2024-02-20,5107,5107,5107,5106,1,1,0.9998041903270022
2024-02-21,5107,5107,5107,5106,1,1,0.9998041903270022
2024-02-22,5107,5107,5107,5106,1,1,0.9998041903270022
2024-02-23,5107,5107,5107,5106,1,1,0.9998041903270022
2024-02-26,5107,5107,5107,5106,1,1,0.9998041903270022
2024-02-27,5107,5107,5107,5106,1,1,0.9998041903270022
2024-02-28,5108,5108,5108,5107,1,1,0.999804228660924
2024-02-29,5108,5108,5108,5107,1,1,0.999804228660924
2024-03-01,5109,5109,5109,5108,1,1,0.9998042669798395
2024-03-04,5108,5108,5108,5107,1,1,0.999804228660924
2024-03-05,5108,5108,5108,5107,1,1,0.999804228660924
2024-03-06,5108,5108,5108,5107,1,1,0.999804228660924
2024-03-07,5108,5108,5108,5107,1,1,0.999804228660924
2024-03-08,5108,5108,5108,5107,1,1,0.999804228660924
2024-03-11,5108,5108,5108,5107,1,1,0.999804228660924
2024-03-12,5108,5108,5108,5107,1,1,0.999804228660924
2024-03-13,5110,5110,5110,5109,1,1,0.9998043052837573
2024-03-14,5110,5110,5110,5109,1,1,0.9998043052837573
2024-03-15,5110,5110,5110,5109,1,1,0.9998043052837573
2024-03-18,5109,5109,5109,5108,1,1,0.9998042669798395
2024-03-19,5109,5109,5109,5108,1,1,0.9998042669798395
2024-03-20,5111,5111,5111,5110,1,1,0.9998043435726863
2024-03-21,5111,5111,5111,5110,1,1,0.9998043435726863
2024-03-22,5111,5111,5111,5110,1,1,0.9998043435726863
2024-03-25,5111,5111,5111,5110,1,1,0.9998043435726863
2024-03-26,5111,5111,5111,5110,1,1,0.9998043435726863
2024-03-27,5111,5111,5111,5110,1,1,0.9998043435726863
2024-03-28,5113,5113,5113,5112,1,1,0.9998044201056131
2024-03-29,5112,5112,5112,5111,1,1,0.9998043818466353
2024-04-01,5112,5112,5112,5111,1,1,0.9998043818466353
2024-04-02,5113,5113,5113,5112,1,1,0.9998044201056131
2024-04-03,5113,5113,5113,5112,1,1,0.9998044201056131
2024-04-08,5114,5114,5114,5113,1,1,0.9998044583496285
2024-04-09,5114,5114,5114,5113,1,1,0.9998044583496285
2024-04-10,5114,5114,5114,5113,1,1,0.9998044583496285
2024-04-11,5115,5115,5115,5114,1,1,0.9998044965786901
2024-04-12,5115,5115,5115,5114,1,1,0.9998044965786901
2024-04-15,5116,5116,5116,5115,1,1,0.9998045347928068
2024-04-16,5116,5116,5116,5115,1,1,0.9998045347928068
2024-04-17,5116,5116,5116,5115,1,1,0.9998045347928068
2024-04-18,5115,5115,5115,5114,1,1,0.9998044965786901
2024-04-19,5115,5115,5115,5114,1,1,0.9998044965786901
2024-04-22,5115,5115,5115,5114,1,1,0.9998044965786901
2024-04-23,5115,5115,5115,5114,1,1,0.9998044965786901
2024-04-24,5115,5115,5115,5114,1,1,0.9998044965786901
2024-04-25,5114,5114,5114,5113,1,1,0.9998044583496285
2024-04-26,5113,5113,5113,5112,1,1,0.9998044201056131
2024-04-29,5113,5113,5113,5112,1,1,0.9998044201056131
2024-04-30,5113,5113,5113,5112,1,1,0.9998044201056131
2024-05-06,5113,5113,5113,5112,1,1,0.9998044201056131
2024-05-07,5113,5113,5113,5112,1,1,0.9998044201056131
2024-05-08,5113,5113,5113,5112,1,1,0.9998044201056131
2024-05-09,5114,5114,5114,5113,1,1,0.9998044583496285
2024-05-10,5114,5114,5114,5113,1,1,0.9998044583496285
2024-05-13,5115,5115,5115,5114,1,1,0.9998044965786901
2024-05-14,5115,5115,5115,5114,1,1,0.9998044965786901
2024-05-15,5115,5115,5115,5114,1,1,0.9998044965786901
2024-05-16,5115,5115,5115,5114,1,1,0.9998044965786901
2024-05-17,5115,5115,5115,5114,1,1,0.9998044965786901
2024-05-20,5115,5115,5115,5114,1,1,0.9998044965786901
2024-05-21,5115,5115,5115,5114,1,1,0.9998044965786901
2024-05-22,5115,5115,5115,5114,1,1,0.9998044965786901
2024-05-23,5115,5115,5115,5114,1,1,0.9998044965786901
2024-05-24,5115,5115,5115,5114,1,1,0.9998044965786901
2024-05-27,5115,5115,5115,5114,1,1,0.9998044965786901
2024-05-28,5115,5115,5115,5114,1,1,0.9998044965786901
2024-05-29,5115,5115,5115,5114,1,1,0.9998044965786901
2024-05-30,5115,5115,5115,5114,1,1,0.9998044965786901
2024-05-31,5115,5115,5115,5114,1,1,0.9998044965786901
2024-06-03,5115,5115,5115,5114,1,1,0.9998044965786901
2024-06-04,5115,5115,5115,5114,1,1,0.9998044965786901
2024-06-05,5114,5114,5114,5113,1,1,0.9998044583496285
2024-06-06,5114,5114,5114,5113,1,1,0.9998044583496285
2024-06-07,5115,5115,5115,5114,1,1,0.9998044965786901
2024-06-11,5115,5115,5115,5114,1,1,0.9998044965786901
2024-06-12,5116,5116,5116,5115,1,1,0.9998045347928068
2024-06-13,5116,5116,5116,5115,1,1,0.9998045347928068
2024-06-14,5115,5115,5115,5114,1,1,0.9998044965786901
2024-06-17,5115,5115,5115,5114,1,1,0.9998044965786901
2024-06-18,5115,5115,5115,5114,1,1,0.9998044965786901
2024-06-19,5115,5115,5115,5114,1,1,0.9998044965786901
2024-06-20,5116,5116,5116,5115,1,1,0.9998045347928068
2024-06-21,5116,5116,5116,5115,1,1,0.9998045347928068
2024-06-24,5116,5116,5116,5115,1,1,0.9998045347928068
2024-06-25,5116,5116,5116,5115,1,1,0.9998045347928068
2024-06-26,5117,5117,5117,5116,1,1,0.9998045729919874
2024-06-27,5116,5116,5116,5115,1,1,0.9998045347928068
2024-06-28,5114,5114,5114,5113,1,1,0.9998044583496285
2024-07-01,5114,5114,5114,5113,1,1,0.9998044583496285
2024-07-02,5114,5114,5114,5113,1,1,0.9998044583496285
2024-07-03,5112,5112,5112,5111,1,1,0.9998043818466353
2024-07-04,5112,5112,5112,5111,1,1,0.9998043818466353
2024-07-05,5112,5112,5112,5111,1,1,0.9998043818466353
2024-07-08,5112,5112,5112,5111,1,1,0.9998043818466353
2024-07-09,5112,5112,5112,5111,1,1,0.9998043818466353
2024-07-10,5112,5112,5112,5111,1,1,0.9998043818466353
2024-07-11,5110,5110,5110,5109,1,1,0.9998043052837573
2024-07-12,5110,5110,5110,5109,1,1,0.9998043052837573
2024-07-15,5110,5110,5110,5109,1,1,0.9998043052837573
2024-07-16,5110,5110,5110,5109,1,1,0.9998043052837573
2024-07-17,5110,5110,5110,5109,1,1,0.9998043052837573
2024-07-18,5108,5108,5108,5107,1,1,0.999804228660924
2024-07-19,5108,5108,5108,5107,1,1,0.999804228660924
2024-07-22,5108,5108,5108,5107,1,1,0.999804228660924
2024-07-23,5108,5108,5108,5107,1,1,0.999804228660924
2024-07-24,5107,5107,5107,5106,1,1,0.9998041903270022
2024-07-25,5106,5106,5106,5105,1,1,0.999804151978065
2024-07-26,5107,5107,5107,5106,1,1,0.9998041903270022
2024-07-29,5106,5106,5106,5105,1,1,0.999804151978065
2024-07-30,5106,5106,5106,5105,1,1,0.999804151978065
2024-07-31,5107,5107,5107,5106,1,1,0.9998041903270022
2024-08-01,5108,5108,5108,5107,1,1,0.999804228660924
2024-08-02,5108,5108,5108,5107,1,1,0.999804228660924
2024-08-05,5107,5107,5107,5106,1,1,0.9998041903270022
2024-08-06,5108,5108,5108,5107,1,1,0.999804228660924
2024-08-07,5107,5107,5107,5106,1,1,0.9998041903270022
2024-08-08,5107,5107,5107,5106,1,1,0.9998041903270022
2024-08-09,5107,5107,5107,5106,1,1,0.9998041903270022
2024-08-12,5104,5104,5104,5103,1,1,0.9998040752351097
2024-08-13,5104,5104,5104,5103,1,1,0.9998040752351097
2024-08-14,5105,5105,5105,5104,1,1,0.9998041136141038
2024-08-15,5102,5102,5102,5101,1,1,0.9998039984319874
2024-08-16,5102,5102,5102,5101,1,1,0.9998039984319874
2024-08-19,5100,5100,5100,5099,1,1,0.9998039215686274
2024-08-20,5100,5100,5100,5099,1,1,0.9998039215686274
2024-08-21,5101,5101,5101,5100,1,1,0.9998039600078416
2024-08-22,5101,5101,5101,5100,1,1,0.9998039600078416
2024-08-23,5100,5100,5100,5099,1,1,0.9998039215686274
2024-08-26,5100,5100,5100,5099,1,1,0.9998039215686274
2024-08-27,5099,5099,5099,5098,1,1,0.9998038831143361
2024-08-28,5099,5099,5099,5098,1,1,0.9998038831143361
2024-08-29,5099,5099,5099,5098,1,1,0.9998038831143361
2024-08-30,5098,5098,5098,5097,1,1,0.9998038446449589
2024-09-02,5097,5097,5097,5096,1,1,0.9998038061604866
2024-09-03,5099,5099,5099,5098,1,1,0.9998038831143361
2024-09-04,5100,5100,5100,5099,1,1,0.9998039215686274
2024-09-05,5099,5099,5099,5098,1,1,0.9998038831143361
2024-09-06,5099,5099,5099,5098,1,1,0.9998038831143361
2024-09-09,5099,5099,5099,5098,1,1,0.9998038831143361
2024-09-10,5099,5099,5099,5098,1,1,0.9998038831143361
2024-09-11,5100,5100,5100,5099,1,1,0.9998039215686274
2024-09-12,5100,5100,5100,5099,1,1,0.9998039215686274
2024-09-13,5100,5100,5100,5099,1,1,0.9998039215686274
2024-09-18,5099,5099,5099,5098,1,1,0.9998038831143361
2024-09-19,5099,5099,5099,5098,1,1,0.9998038831143361
2024-09-20,5099,5099,5099,5098,1,1,0.9998038831143361
2024-09-23,5099,5099,5099,5098,1,1,0.9998038831143361
2024-09-24,5099,5099,5099,5098,1,1,0.9998038831143361
2024-09-25,5099,5099,5099,5098,1,1,0.9998038831143361
2024-09-26,5101,5101,5101,5100,1,1,0.9998039600078416
2024-09-27,5100,5100,5100,5099,1,1,0.9998039215686274
2024-09-30,5101,5101,5101,5100,1,1,0.9998039600078416
2024-10-08,5101,5101,5101,5100,1,1,0.9998039600078416
2024-10-09,5101,5101,5101,5100,1,1,0.9998039600078416
2024-10-10,5101,5101,5101,5100,1,1,0.9998039600078416
2024-10-11,5101,5101,5101,5100,1,1,0.9998039600078416
2024-10-14,5101,5101,5101,5100,1,1,0.9998039600078416
2024-10-15,5101,5101,5101,5100,1,1,0.9998039600078416
2024-10-16,5102,5102,5102,5101,1,1,0.9998039984319874
2024-10-17,5102,5102,5102,5101,1,1,0.9998039984319874
2024-10-18,5102,5102,5102,5101,1,1,0.9998039984319874
2024-10-21,5102,5102,5102,5101,1,1,0.9998039984319874
2024-10-22,5102,5102,5102,5101,1,1,0.9998039984319874
2024-10-23,5102,5102,5102,5101,1,1,0.9998039984319874
2024-10-24,5104,5104,5104,5103,1,1,0.9998040752351097
2024-10-25,5105,5105,5105,5104,1,1,0.9998041136141038
2024-10-28,5105,5105,5105,5104,1,1,0.9998041136141038
2024-10-29,5106,5106,5106,5105,1,1,0.999804151978065
2024-10-30,5106,5106,5106,5105,1,1,0.999804151978065
2024-10-31,5107,5107,5107,5106,1,1,0.9998041903270022
2024-11-01,5107,5107,5107,5106,1,1,0.9998041903270022
2024-11-04,5107,5107,5107,5106,1,1,0.9998041903270022
2024-11-05,5107,5107,5107,5106,1,1,0.9998041903270022
2024-11-06,5107,5107,5107,5106,1,1,0.9998041903270022
2024-11-07,5109,5109,5109,5108,1,1,0.9998042669798395
2024-11-08,5109,5109,5109,5108,1,1,0.9998042669798395
2024-11-11,5109,5109,5109,5108,1,1,0.9998042669798395
2024-11-12,5109,5109,5109,5108,1,1,0.9998042669798395
2024-11-13,5109,5109,5109,5108,1,1,0.9998042669798395
2024-11-14,5109,5109,5109,5108,1,1,0.9998042669798395
2024-11-15,5109,5109,5109,5108,1,1,0.9998042669798395
2024-11-18,5109,5109,5109,5108,1,1,0.9998042669798395
2024-11-19,5109,5109,5109,5108,1,1,0.9998042669798395
2024-11-20,5110,5110,5110,5109,1,1,0.9998043052837573
2024-11-21,5110,5110,5110,5109,1,1,0.9998043052837573
2024-11-22,5111,5111,5111,5110,1,1,0.9998043435726863
2024-11-25,5111,5111,5111,5110,1,1,0.9998043435726863
2024-11-26,5112,5112,5112,5111,1,1,0.9998043818466353
2024-11-27,5112,5112,5112,5111,1,1,0.9998043818466353
2024-11-28,5112,5112,5112,5111,1,1,0.9998043818466353
2024-11-29,5113,5113,5113,5112,1,1,0.9998044201056131
2024-12-02,5113,5113,5113,5112,1,1,0.9998044201056131
2024-12-03,5113,5113,5113,5112,1,1,0.9998044201056131
2024-12-04,5114,5114,5114,5113,1,1,0.9998044583496285
2024-12-05,5115,5115,5115,5114,1,1,0.9998044965786901
2024-12-06,5115,5115,5115,5114,1,1,0.9998044965786901
2024-12-09,5115,5115,5115,5114,1,1,0.9998044965786901
2024-12-10,5115,5115,5115,5114,1,1,0.9998044965786901
2024-12-11,5116,5116,5116,5115,1,1,0.9998045347928068
2024-12-12,5117,5117,5117,5116,1,1,0.9998045729919874
2024-12-13,5117,5117,5117,5116,1,1,0.9998045729919874
2024-12-16,5117,5117,5117,5116,1,1,0.9998045729919874
2024-12-17,5117,5117,5117,5116,1,1,0.9998045729919874
2024-12-18,5117,5117,5117,5116,1,1,0.9998045729919874
2024-12-19,5117,5117,5117,5116,1,1,0.9998045729919874
2024-12-20,5119,5119,5119,5118,1,1,0.9998046493455753
2024-12-23,5119,5119,5119,5118,1,1,0.9998046493455753
2024-12-24,5120,5120,5120,5119,1,1,0.9998046875
2024-12-25,5120,5120,5120,5119,1,1,0.9998046875
2024-12-26,5120,5120,5120,5119,1,1,0.9998046875
2024-12-27,5120,5120,5120,5119,1,1,0.9998046875
2024-12-30,5121,5121,5121,5120,1,1,0.9998047256395235
2024-12-31,5121,5121,5121,5120,1,1,0.9998047256395235
2025-01-02,5121,5121,5121,5120,1,1,0.9998047256395235
2025-01-03,5123,5123,5123,5122,1,1,0.999804801873902
2025-01-06,5123,5123,5123,5122,1,1,0.999804801873902
2025-01-07,5123,5123,5123,5122,1,1,0.999804801873902
2025-01-08,5123,5123,5123,5122,1,1,0.999804801873902
2025-01-09,5123,5123,5123,5122,1,1,0.999804801873902
2025-01-10,5125,5125,5125,5124,1,1,0.9998048780487805
2025-01-13,5125,5125,5125,5124,1,1,0.9998048780487805
2025-01-14,5125,5125,5125,5124,1,1,0.9998048780487805
2025-01-15,5127,5127,5127,5126,1,1,0.9998049541642285
2025-01-16,5127,5127,5127,5126,1,1,0.9998049541642285
2025-01-17,5127,5127,5127,5126,1,1,0.9998049541642285
2025-01-20,5127,5127,5127,5126,1,1,0.9998049541642285
2025-01-21,5127,5127,5127,5126,1,1,0.9998049541642285
2025-01-22,5129,5129,5129,5128,1,1,0.9998050302203159
2025-01-23,5130,5130,5130,5129,1,1,0.9998050682261208
2025-01-24,5130,5130,5130,5129,1,1,0.9998050682261208
2025-01-27,5132,5132,5132,5131,1,1,0.9998051441932969
2025-02-05,5132,5132,5132,5131,1,1,0.9998051441932969
2025-02-06,5132,5132,5132,5131,1,1,0.9998051441932969
2025-02-07,5132,5132,5132,5131,1,1,0.9998051441932969
2025-02-10,5131,5131,5131,5130,1,1,0.9998051062171117
2025-02-11,5131,5131,5131,5130,1,1,0.9998051062171117
2025-02-12,5131,5131,5131,5130,1,1,0.9998051062171117
2025-02-13,5131,5131,5131,5130,1,1,0.9998051062171117
2025-02-14,5131,5131,5131,5130,1,1,0.9998051062171117
2025-02-17,5131,5131,5131,5131,0,0,1.0
2025-02-18,5131,5131,5131,5131,0,0,1.0
2025-02-19,5131,5131,5131,5131,0,0,1.0
2025-02-20,5131,5131,5131,5131,0,0,1.0
2025-02-21,5131,5131,5131,5131,0,0,1.0
2025-02-24,5131,5131,5131,5131,0,0,1.0
2025-02-25,5131,5131,5131,5131,0,0,1.0
2025-02-26,5131,5131,5131,5131,0,0,1.0
2025-02-27,5131,5131,5131,5131,0,0,1.0
2025-02-28,5131,5131,5131,5131,0,0,1.0
2025-03-03,5132,5132,5132,5132,0,0,1.0
2025-03-04,5133,5133,5133,5133,0,0,1.0
2025-03-05,5132,5132,5132,5132,0,0,1.0
2025-03-06,5131,5131,5131,5131,0,0,1.0
2025-03-07,5131,5131,5131,5131,0,0,1.0
2025-03-10,5131,5131,5131,5131,0,0,1.0
2025-03-11,5133,5133,5133,5133,0,0,1.0
2025-03-12,5133,5133,5133,5133,0,0,1.0
2025-03-13,5133,5133,5133,5133,0,0,1.0
2025-03-14,5133,5133,5133,5133,0,0,1.0
2025-03-17,5133,5133,5133,5133,0,0,1.0
2025-03-18,5134,5134,5134,5134,0,0,1.0
2025-03-19,5135,5135,5135,5135,0,0,1.0
2025-03-20,5136,5136,5136,5136,0,0,1.0
2025-03-21,5136,5136,5136,5136,0,0,1.0
2025-03-24,5137,5137,5137,5137,0,0,1.0
2025-03-25,5138,5138,5138,5138,0,0,1.0
2025-03-26,5138,5138,5138,5138,0,0,1.0
2025-03-27,5140,5140,5140,5140,0,0,1.0
2025-03-28,5140,5140,5140,5140,0,0,1.0
2025-03-31,5140,5140,5140,5140,0,0,1.0
2025-04-01,5140,5140,5140,5140,0,0,1.0
2025-04-02,5141,5141,5141,5141,0,0,1.0
2025-04-03,5141,5141,5141,5141,0,0,1.0
2025-04-07,5141,5141,5141,5141,0,0,1.0
2025-04-08,5142,5142,5142,5142,0,0,1.0
2025-04-09,5143,5143,5143,5143,0,0,1.0
2025-04-10,5143,5143,5143,5143,0,0,1.0
2025-04-11,5144,5144,5144,5144,0,0,1.0
2025-04-14,5144,5144,5144,5144,0,0,1.0
2025-04-15,5145,5145,5145,5145,0,0,1.0
2025-04-16,5146,5146,5146,5146,0,0,1.0
2025-04-17,5147,5147,5147,5147,0,0,1.0
2025-04-18,5147,5147,5147,5147,0,0,1.0
2025-04-21,5147,5147,5147,5147,0,0,1.0
2025-04-22,5147,5147,5147,5147,0,0,1.0
2025-04-23,5147,5147,5147,5147,0,0,1.0
2025-04-24,5149,5149,5149,5149,0,0,1.0
2025-04-25,5150,5150,5150,5150,0,0,1.0
2025-04-28,5150,5150,5150,5150,0,0,1.0
2025-04-29,5150,5150,5150,5150,0,0,1.0
2025-04-30,5146,5146,5146,5146,0,0,1.0
2025-05-06,5146,5146,5146,5146,0,0,1.0
2025-05-07,5146,5146,5146,5146,0,0,1.0
2025-05-08,5146,5146,5146,5146,0,0,1.0
2025-05-09,5146,5146,5146,5146,0,0,1.0
2025-05-12,5146,5146,5146,5146,0,0,1.0
2025-05-13,5146,5146,5146,5146,0,0,1.0
2025-05-14,5146,5146,5146,5146,0,0,1.0
2025-05-15,5146,5146,5146,5146,0,0,1.0
2025-05-16,5148,5148,5148,5148,0,0,1.0
2025-05-19,5150,5150,5150,5150,0,0,1.0
2025-05-20,5150,5150,5150,5150,0,0,1.0
2025-05-21,5150,5150,5150,5150,0,0,1.0
2025-05-22,5149,5149,5149,5149,0,0,1.0
2025-05-23,5149,5149,5149,5149,0,0,1.0
2025-05-26,5149,5149,5149,5149,0,0,1.0
2025-05-27,5147,5147,5147,5147,0,0,1.0
2025-05-28,5147,5147,5147,5147,0,0,1.0
2025-05-29,5147,5147,5147,5147,0,0,1.0
2025-05-30,5147,5147,5147,5147,0,0,1.0
2025-06-03,5147,5147,5147,5147,0,0,1.0
2025-06-04,5147,5147,5147,5147,0,0,1.0
2025-06-05,5149,5149,5149,5149,0,0,1.0
2025-06-06,5149,5149,5149,5149,0,0,1.0
2025-06-09,5149,5149,5149,5149,0,0,1.0
2025-06-10,5149,5149,5149,5149,0,0,1.0
2025-06-11,5150,5150,5150,5150,0,0,1.0
2025-06-12,5151,5151,5151,5151,0,0,1.0
2025-06-13,5151,5151,5151,5151,0,0,1.0
2025-06-16,5151,5151,5151,5151,0,0,1.0
2025-06-17,5151,5151,5151,5151,0,0,1.0
2025-06-18,5151,5151,5151,5151,0,0,1.0
2025-06-19,5151,5151,5151,5151,0,0,1.0
2025-06-20,5153,5153,5153,5153,0,0,1.0
2025-06-23,5153,5153,5153,5153,0,0,1.0
2025-06-24,5153,5153,5153,5153,0,0,1.0
2025-06-25,5153,5153,5153,5153,0,0,1.0
2025-06-26,5153,5153,5153,5153,0,0,1.0
2025-06-27,5152,5152,5152,5152,0,0,1.0
2025-06-30,5152,5152,5152,5152,0,0,1.0
2025-07-01,5153,5153,5153,5153,0,0,1.0
2025-07-02,5153,5153,5153,5153,0,0,1.0
2025-07-03,5151,5151,5151,5151,0,0,1.0
2025-07-04,5150,5150,5150,5150,0,0,1.0
2025-07-07,5150,5150,5150,5150,0,0,1.0
2025-07-08,5151,5151,5151,5151,0,0,1.0
2025-07-09,5151,5151,5151,5151,0,0,1.0
2025-07-10,5152,5152,5152,5152,0,0,1.0
2025-07-11,5150,5150,5150,5150,0,0,1.0
2025-07-14,5150,5150,5150,5150,0,0,1.0
2025-07-15,5150,5150,5150,5150,0,0,1.0
2025-07-16,5150,5150,5150,5150,0,0,1.0
2025-07-17,5150,5150,5150,5150,0,0,1.0
2025-07-18,5150,5150,5150,5150,0,0,1.0
2025-07-21,5148,5148,5148,5148,0,0,1.0
2025-07-22,5148,5148,5148,5148,0,0,1.0
2025-07-23,5150,5150,5150,5150,0,0,1.0
2025-07-24,5150,5150,5150,5150,0,0,1.0
2025-07-25,5149,5149,5149,5149,0,0,1.0
2025-07-28,5149,5149,5149,5149,0,0,1.0
2025-07-29,5149,5149,5149,5149,0,0,1.0
2025-07-30,5150,5150,5150,5150,0,0,1.0
2025-07-31,5150,5150,5150,5150,0,0,1.0
2025-08-01,5150,5150,5150,5150,0,0,1.0
2025-08-04,5150,5150,5150,5150,0,0,1.0
2025-08-05,5150,5150,5150,5150,0,0,1.0
2025-08-06,5151,5151,5151,5151,0,0,1.0
2025-08-07,5151,5151,5151,5151,0,0,1.0
2025-08-08,5152,5152,5152,5152,0,0,1.0
2025-08-11,5152,5152,5152,5152,0,0,1.0
2025-08-12,5153,5153,5153,5153,0,0,1.0
2025-08-13,5153,5153,5153,5153,0,0,1.0
2025-08-14,5153,5153,5153,5153,0,0,1.0
2025-08-15,5153,5153,5153,5153,0,0,1.0
2025-08-18,5153,5153,5153,5153,0,0,1.0
2025-08-19,5153,5153,5153,5153,0,0,1.0
2025-08-20,5153,5153,5153,5153,0,0,1.0
2025-08-21,5153,5153,5153,5153,0,0,1.0
2025-08-22,5153,5153,5153,5153,0,0,1.0
2025-08-25,5153,5153,5153,5153,0,0,1.0
2025-08-26,5153,5153,5153,5153,0,0,1.0
2025-08-27,5153,5153,5153,5153,0,0,1.0
2025-08-28,5153,5153,5153,5153,0,0,1.0
2025-08-29,5153,5153,5153,5153,0,0,1.0
2025-09-01,5153,5153,5153,5153,0,0,1.0
2025-09-02,5153,5153,5153,5153,0,0,1.0
2025-09-03,5153,5153,5153,5153,0,0,1.0
2025-09-04,5153,5153,5153,5153,0,0,1.0
2025-09-05,5153,5153,5153,5153,0,0,1.0
2025-09-08,5153,5153,5153,5153,0,0,1.0
2025-09-09,5153,5153,5153,5153,0,0,1.0
2025-09-10,5154,5154,5154,5154,0,0,1.0
2025-09-11,5154,5154,5154,5154,0,0,1.0
2025-09-12,5154,5154,5154,5154,0,0,1.0
2025-09-15,5154,5154,5154,5154,0,0,1.0
2025-09-16,5154,5154,5154,5154,0,0,1.0
2025-09-17,5154,5154,5154,5154,0,0,1.0
2025-09-18,5154,5154,5154,5154,0,0,1.0
2025-09-19,5154,5154,5154,5154,0,0,1.0
2025-09-22,5154,5154,5154,5154,0,0,1.0
2025-09-23,5155,5155,5155,5155,0,0,1.0
2025-09-24,5155,5155,5155,5155,0,0,1.0
2025-09-25,5157,5157,5157,5157,0,0,1.0
2025-09-26,5158,5158,5158,5158,0,0,1.0
2025-09-29,5158,5158,5158,5158,0,0,1.0
2025-09-30,5159,5159,5159,5159,0,0,1.0
2025-10-09,5159,5159,5159,5159,0,0,1.0
2025-10-10,5159,5159,5159,5159,0,0,1.0
2025-10-13,5159,5159,5159,5159,0,0,1.0
2025-10-14,5158,5158,5158,5158,0,0,1.0
2025-10-15,5158,5158,5158,5158,0,0,1.0
2025-10-16,5158,5158,5158,5158,0,0,1.0
2025-10-17,5159,5159,5159,5159,0,0,1.0
2025-10-20,5159,5159,5159,5159,0,0,1.0
2025-10-21,5159,5159,5159,5159,0,0,1.0
2025-10-22,5160,5160,5160,5160,0,0,1.0
2025-10-23,5160,5160,5160,5160,0,0,1.0
2025-10-24,5161,5161,5161,5161,0,0,1.0
2025-10-27,5161,5161,5161,5161,0,0,1.0
2025-10-28,5164,5164,5164,5164,0,0,1.0
2025-10-29,5164,5164,5164,5164,0,0,1.0
2025-10-30,5164,5164,5164,5164,0,0,1.0
2025-10-31,5164,5164,5164,5164,0,0,1.0
2025-11-03,5164,5164,5164,5164,0,0,1.0
2025-11-04,5164,5164,5164,5164,0,0,1.0
2025-11-05,5165,5165,5165,5165,0,0,1.0
2025-11-06,5166,5166,5166,5166,0,0,1.0
2025-11-07,5167,5167,5167,5167,0,0,1.0
2025-11-10,5167,5167,5167,5167,0,0,1.0
2025-11-11,5166,5166,5166,5166,0,0,1.0
2025-11-12,5166,5166,5166,5166,0,0,1.0
2025-11-13,5166,5166,5166,5166,0,0,1.0
2025-11-14,5166,5166,5166,5166,0,0,1.0
2025-11-17,5166,5166,5166,5166,0,0,1.0
2025-11-18,5168,5168,5168,5168,0,0,1.0
2025-11-19,5168,5168,5168,5168,0,0,1.0
2025-11-20,5168,5168,5168,5168,0,0,1.0
2025-11-21,5168,5168,5168,5168,0,0,1.0
2025-11-24,5168,5168,5168,5168,0,0,1.0
2025-11-25,5169,5169,5169,5169,0,0,1.0
2025-11-26,5169,5169,5169,5169,0,0,1.0
2025-11-27,5169,5169,5169,5169,0,0,1.0
2025-11-28,5169,5169,5169,5169,0,0,1.0
2025-12-01,5169,5169,5169,5169,0,0,1.0
2025-12-02,5169,5169,5169,5169,0,0,1.0
2025-12-03,5170,5170,5170,5170,0,0,1.0
2025-12-04,5170,5170,5170,5170,0,0,1.0
2025-12-05,5170,5170,5170,5170,0,0,1.0
2025-12-08,5170,5170,5170,5170,0,0,1.0
2025-12-09,5170,5170,5170,5170,0,0,1.0
2025-12-10,5171,5171,5171,5171,0,0,1.0
2025-12-11,5171,5171,5171,5171,0,0,1.0
2025-12-12,5171,5171,5171,5171,0,0,1.0
2025-12-15,5171,5171,5171,5171,0,0,1.0
2025-12-16,5172,5172,5172,5172,0,0,1.0
2025-12-17,5173,5173,5173,5173,0,0,1.0
2025-12-18,5174,5174,5174,5174,0,0,1.0
2025-12-19,5175,5175,5175,5175,0,0,1.0
2025-12-22,5175,5175,5175,5175,0,0,1.0
2025-12-23,5178,5178,5178,5178,0,0,1.0
2025-12-24,5179,5179,5179,5179,0,0,1.0
2025-12-25,5179,5179,5179,5179,0,0,1.0
2025-12-26,5179,5179,5179,5179,0,0,1.0
2025-12-29,5179,5179,5179,5179,0,0,1.0
2025-12-30,5182,5182,5182,5182,0,0,1.0
2025-12-31,5182,5182,5182,5182,0,0,1.0
2026-01-05,5182,5182,5182,5182,0,0,1.0
2026-01-06,5183,5183,5183,5183,0,0,1.0
2026-01-07,5183,5183,5183,5183,0,0,1.0
2026-01-08,5183,5183,5183,5183,0,0,1.0
2026-01-09,5183,5183,5183,5183,0,0,1.0
2026-01-12,5183,5183,5183,5183,0,0,1.0
2026-01-13,5183,5183,5183,5183,0,0,1.0
2026-01-14,5183,5183,5183,5183,0,0,1.0
2026-01-15,5184,5184,5184,5184,0,0,1.0
2026-01-16,5184,5184,5184,5184,0,0,1.0
2026-01-19,5184,5184,5184,5184,0,0,1.0
2026-01-20,5184,5184,5184,5184,0,0,1.0
2026-01-21,5184,5184,5184,5184,0,0,1.0
2026-01-22,5183,5183,5183,5183,0,0,1.0
2026-01-23,5183,5183,5183,5183,0,0,1.0
2026-01-26,5183,5183,5183,5183,0,0,1.0
2026-01-27,5183,5183,5183,5183,0,0,1.0
2026-01-28,5184,5184,5184,5184,0,0,1.0
2026-01-29,5185,5185,5185,5185,0,0,1.0
2026-01-30,5185,5185,5185,5185,0,0,1.0
2026-02-02,5185,5185,5185,5185,0,0,1.0
2026-02-03,5186,5186,5186,5186,0,0,1.0
2026-02-04,5186,5186,5186,5186,0,0,1.0
2026-02-05,5187,5187,5187,5187,0,0,1.0
2026-02-06,5187,5187,5187,5187,0,0,1.0
2026-02-09,5187,5187,5187,5187,0,0,1.0
2026-02-10,5189,5189,5189,5189,0,0,1.0
2026-02-11,5190,5190,5190,5190,0,0,1.0
2026-02-12,5190,5190,5190,5190,0,0,1.0
2026-02-13,5190,5190,5190,5190,0,0,1.0
2026-02-24,5190,5190,5190,5190,0,0,1.0
2026-02-25,5190,5190,5190,5190,0,0,1.0
2026-02-26,5190,5190,5190,5190,0,0,1.0
2026-02-27,5190,5190,5190,5190,0,0,1.0
2026-03-02,5190,5190,5190,5190,0,0,1.0
2026-03-03,5190,5190,5190,5190,0,0,1.0
2026-03-04,5190,5190,5190,5190,0,0,1.0
2026-03-05,5190,5190,5190,5190,0,0,1.0
2026-03-06,5191,5191,5191,5191,0,0,1.0
2026-03-09,5191,5191,5191,5191,0,0,1.0
2026-03-10,5191,5191,5191,5191,0,0,1.0
2026-03-11,5191,5191,5191,5191,0,0,1.0
2026-03-12,5191,5191,5191,5191,0,0,1.0
2026-03-13,5191,5191,5191,5191,0,0,1.0
2026-03-16,5191,5191,5191,5191,0,0,1.0
2026-03-17,5191,5191,5191,5191,0,0,1.0
2026-03-18,5191,5191,5191,5191,0,0,1.0
2026-03-19,5191,5191,5191,5191,0,0,1.0
2026-03-20,5191,5191,5191,5191,0,0,1.0
2026-03-23,5191,5191,5191,5191,0,0,1.0
2026-03-24,5191,5191,5191,5191,0,0,1.0
2026-03-25,5193,5193,5193,5193,0,0,1.0
2026-03-26,5193,5193,5193,5193,0,0,1.0
2026-03-27,5192,5192,5192,5192,0,0,1.0
2026-03-30,5192,5192,5192,5192,0,0,1.0
2026-03-31,5193,5193,5193,5193,0,0,1.0
2026-04-01,5194,5194,5194,5194,0,0,1.0
2026-04-02,5194,5194,5194,5194,0,0,1.0
2026-04-03,5194,5194,5194,5194,0,0,1.0
2026-04-07,5194,5194,5194,5194,0,0,1.0
2026-04-08,5195,5195,5195,5195,0,0,1.0
2026-04-09,5195,5195,5195,5195,0,0,1.0
2026-04-10,5197,5197,5197,5197,0,0,1.0
2026-04-13,5196,5196,5196,5196,0,0,1.0
2026-04-14,5196,5196,5196,5196,0,0,1.0
2026-04-15,5196,5196,5196,5196,0,0,1.0
2026-04-16,5198,5198,5198,5198,0,0,1.0
2026-04-17,5199,5199,5199,5199,0,0,1.0
2026-04-20,5199,5199,5199,5199,0,0,1.0
2026-04-21,5201,5201,5201,5201,0,0,1.0
2026-04-22,5200,5200,5200,5200,0,0,1.0
2026-04-23,5200,5200,5200,5200,0,0,1.0
2026-04-24,5201,5201,5201,5201,0,0,1.0
2026-04-27,5200,5200,5200,5200,0,0,1.0
2026-04-28,5200,5200,5200,5200,0,0,1.0
2026-04-29,5200,5200,5200,5200,0,0,1.0
2026-04-30,5201,5201,5201,5201,0,0,1.0
2026-05-06,5201,5201,5201,5201,0,0,1.0
2026-05-07,5201,5201,5201,5201,0,0,1.0
2026-05-08,5201,5201,5201,5201,0,0,1.0
2026-05-11,5203,5203,5203,5203,0,0,1.0
2026-05-12,5203,5203,5203,5203,0,0,1.0
2026-05-13,5203,5203,5203,5203,0,0,1.0
2026-05-14,5203,5203,5203,5203,0,0,1.0
2026-05-15,5204,5204,5204,5204,0,0,1.0
2026-05-18,5205,5205,5205,5205,0,0,1.0
2026-05-19,5205,5205,5205,5205,0,0,1.0
2026-05-20,5205,5205,5205,5205,0,0,1.0
2026-05-21,5205,5205,5205,5205,0,0,1.0
2026-05-22,5207,5207,5207,5207,0,0,1.0
2026-05-25,5207,5207,5207,5207,0,0,1.0
2026-05-26,5207,5207,5207,5207,0,0,1.0
2026-05-27,5208,5208,5208,5208,0,0,1.0
2026-05-28,5208,5208,5208,5208,0,0,1.0
2026-05-29,5208,5208,5208,5208,0,0,1.0
2026-06-01,5208,5208,5208,5208,0,0,1.0
2026-06-02,5208,5208,5208,5208,0,0,1.0
2026-06-03,5207,5207,5207,5207,0,0,1.0
2026-06-04,5207,5207,5207,5207,0,0,1.0
2026-06-05,5207,5207,5207,5207,0,0,1.0
2026-06-08,5207,5207,5207,5207,0,0,1.0
2026-06-09,5208,5208,5208,5208,0,0,1.0
2026-06-10,5207,5207,5207,5207,0,0,1.0
2026-06-11,5207,5207,5207,5207,0,0,1.0
2026-06-12,5207,5207,5207,5207,0,0,1.0
2026-06-15,5207,5207,5207,5207,0,0,1.0
2026-06-16,5207,5207,5207,5207,0,0,1.0
2026-06-17,5207,5207,5207,5207,0,0,1.0
2026-06-18,5207,5207,5207,5207,0,0,1.0
2026-06-22,5207,5207,5207,5207,0,0,1.0
2026-06-23,5207,5207,5207,5207,0,0,1.0
2026-06-24,5208,5208,5208,5208,0,0,1.0
2026-06-25,5208,5208,5208,5208,0,0,1.0
2026-06-26,5207,5207,5207,5207,0,0,1.0
2026-06-29,5205,5205,5205,5205,0,0,1.0
2026-06-30,5205,5205,5205,5205,0,0,1.0
2026-07-01,5205,5205,5205,5205,0,0,1.0
2026-07-02,5206,5206,5206,5206,0,0,1.0
2026-07-03,5204,5204,5204,5204,0,0,1.0
2026-07-06,5203,5203,5203,5203,0,0,1.0
2026-07-07,5203,5203,5203,5203,0,0,1.0
2026-07-08,5203,5203,5203,5203,0,0,1.0
2026-07-09,5203,5203,5203,5203,0,0,1.0
2026-07-10,5203,5203,5203,5203,0,0,1.0
2026-07-13,5203,5203,5203,5203,0,0,1.0
2026-07-14,5201,5201,5201,5201,0,0,1.0
2026-07-15,5201,5201,5201,5201,0,0,1.0
2026-07-16,5201,5201,5201,5201,0,0,1.0
2026-07-17,5200,5200,5200,5200,0,0,1.0
2026-07-20,5200,5200,5200,5200,0,0,1.0
2026-07-21,5201,5201,5201,5201,0,0,1.0
2026-07-22,5201,5201,5201,5201,0,0,1.0
2026-07-23,5201,5201,5201,5201,0,0,1.0
2026-07-24,5201,5201,5201,5201,0,0,1.0
2026-07-27,5202,5202,5202,5202,0,0,1.0
2026-07-28,5202,5202,5202,5202,0,0,1.0
2026-07-29,5202,5202,5202,5202,0,0,1.0
2026-07-30,5203,5203,5203,5203,0,0,1.0
2026-07-31,5203,5203,5203,5203,0,0,1.0
2026-08-03,5203,5203,5203,5203,0,0,1.0
2026-08-04,5204,5204,5204,5204,0,0,1.0
2026-08-05,5204,5204,5204,5204,0,0,1.0
2026-08-06,5205,5205,5205,5205,0,0,1.0
2026-08-07,5206,5206,5206,5206,0,0,1.0
2026-08-10,5206,5206,5206,5206,0,0,1.0
2026-08-11,5208,5208,5208,5208,0,0,1.0
2026-08-12,5208,5208,5208,5208,0,0,1.0
2026-08-13,5208,5208,5208,5208,0,0,1.0
2026-08-14,5208,5208,5208,5208,0,0,1.0
2026-08-17,5208,5208,5208,5208,0,0,1.0
2026-08-18,5209,5209,5209,5209,0,0,1.0
2026-08-19,5210,5210,5210,5210,0,0,1.0
2026-08-20,5211,5211,5211,5211,0,0,1.0
2026-08-21,5211,5211,5211,5211,0,0,1.0
2026-08-24,5211,5211,5211,5211,0,0,1.0
2026-08-25,5212,5212,5212,5212,0,0,1.0
2026-08-26,5212,5212,5212,5212,0,0,1.0
2026-08-27,5212,5212,5212,5212,0,0,1.0
2026-08-28,5212,5212,5212,5212,0,0,1.0
2026-08-31,5212,5212,5212,5212,0,0,1.0
2026-09-01,5214,5214,5214,5214,0,0,1.0
2026-09-02,5215,5215,5215,5215,0,0,1.0
2026-09-03,5215,5215,5215,5215,0,0,1.0
