analysis_date,window,expected_node_count,actual_node_count,expected_edge_count,community_count,active_node_count,community_assigned_node_count,active_community_coverage,within_community_edge_count,outside_community_edge_count,unknown_community_edge_count,within_community_edge_share,outside_community_edge_share,unknown_community_edge_share,mean_participation_coefficient,median_participation_coefficient,mean_outside_community_degree_ratio,mean_external_community_count,max_degree_reconstruction_error,max_strength_reconstruction_error,node_count_ok,key_unique,active_community_coverage_ok,edge_category_identity_ok,unknown_community_edge_ok,degree_reconstruction_ok,within_degree_handshake_ok,outside_degree_handshake_ok,unknown_degree_handshake_ok,strength_reconstruction_ok,ratio_valid,participation_valid,weighted_participation_valid,community_size_valid,qa_pass,qa_errors
2015-04-30,60,1993,1993,19683,7,1986,1986,1.0,12869,6814,0,0.6538129350200681,0.3461870649799319,0.0,0.47171761590868627,0.5095238095238095,0.35869392424468705,2.4556898288016114,0,3.039836883544922e-06,True,True,True,True,True,True,True,True,True,True,True,True,True,True,True,
2015-05-29,60,1914,1914,18070,10,1898,1898,1.0,11851,6219,0,0.6558384061981184,0.34416159380188155,0.0,0.46163622488460904,0.5,0.35830129835518815,2.4789251844046363,0,3.4868717193603516e-06,True,True,True,True,True,True,True,True,True,True,True,True,True,True,True,
2015-06-30,60,1802,1802,15971,11,1780,1780,1.0,11168,4803,0,0.6992674222027425,0.30073257779725754,0.0,0.4047444852115098,0.4444444444444444,0.31104878070286107,1.9269662921348314,0,2.86102294921875e-06,True,True,True,True,True,True,True,True,True,True,True,True,True,True,True,
2015-07-31,60,1572,1572,11651,22,1374,1374,1.0,9158,2493,0,0.786026950476354,0.21397304952364604,0.0,0.1915718875239203,0.0,0.14545629364447446,0.8064046579330422,0,3.6954879760742188e-06,True,True,True,True,True,True,True,True,True,True,True,True,True,True,True,
2015-08-31,60,1645,1645,12766,21,1463,1463,1.0,9500,3266,0,0.7441641861193796,0.2558358138806204,0.0,0.20555858290517576,0.09033203125,0.15472376580232886,0.8386876281613124,0,3.814697265625e-06,True,True,True,True,True,True,True,True,True,True,True,True,True,True,True,
2015-09-30,60,1769,1769,15090,34,1529,1529,1.0,12694,2396,0,0.8412193505632869,0.15878064943671305,0.0,0.15568974431712126,0.0,0.11695658303969539,0.6834532374100719,0,3.814697265625e-06,True,True,True,True,True,True,True,True,True,True,True,True,True,True,True,
2015-10-30,60,1962,1962,19104,15,1761,1761,1.0,15382,3722,0,0.8051716917922948,0.1948283082077052,0.0,0.2197002810915978,0.16860318897439763,0.16637031405875694,0.9823963657013061,0,3.814697265625e-06,True,True,True,True,True,True,True,True,True,True,True,True,True,True,True,
2015-11-30,60,2037,2037,20591,8,1950,1950,1.0,17010,3581,0,0.8260890680394347,0.17391093196056528,0.0,0.3113274524247454,0.33999999999999997,0.2356381144786638,1.465128205128205,0,3.725290298461914e-06,True,True,True,True,True,True,True,True,True,True,True,True,True,True,True,
2015-12-31,60,2119,2119,22259,9,2030,2030,1.0,18314,3945,0,0.8227683184329934,0.1772316815670066,0.0,0.296036161570068,0.31999999999999995,0.22774513380562492,1.393103448275862,0,3.6954879760742188e-06,True,True,True,True,True,True,True,True,True,True,True,True,True,True,True,
2016-01-29,60,2199,2199,24016,20,2069,2069,1.0,19836,4180,0,0.8259493670886076,0.17405063291139242,0.0,0.26104725358008646,0.2692307692307693,0.202192447477017,1.1319478008699855,0,3.814697265625e-06,True,True,True,True,True,True,True,True,True,True,True,True,True,True,True,
2016-02-29,60,2241,2241,24958,12,2159,2159,1.0,18966,5992,0,0.7599166599887811,0.24008334001121884,0.0,0.32007357360308564,0.3545706371191135,0.2508460268743042,1.5159796201945346,0,7.12275505065918e-06,True,True,True,True,True,True,True,True,True,True,True,True,True,True,True,
2016-03-31,60,2290,2290,26045,9,2243,2243,1.0,19754,6291,0,0.7584565175657516,0.24154348243424842,0.0,0.35473959793861026,0.40625,0.2718900306140408,1.7182345073562193,0,3.606081008911133e-06,True,True,True,True,True,True,True,True,True,True,True,True,True,True,True,
2016-04-29,60,2246,2246,25028,9,2232,2232,1.0,18569,6459,0,0.7419290394757871,0.25807096052421286,0.0,0.3908192755451053,0.4444444444444444,0.305106485808374,2.1169354838709675,0,3.6954879760742188e-06,True,True,True,True,True,True,True,True,True,True,True,True,True,True,True,
2016-05-31,60,2265,2265,25417,10,2262,2262,1.0,17541,7876,0,0.6901286540504387,0.30987134594956134,0.0,0.515315479027507,0.5662211165457919,0.3907715987111804,3.329796640141468,0,1.9073486328125e-06,True,True,True,True,True,True,True,True,True,True,True,True,True,True,True,
2016-06-30,60,2284,2284,25884,12,2281,2281,1.0,16646,9238,0,0.6430999845464379,0.35690001545356204,0.0,0.5447926293407177,0.5882352941176471,0.41722030373151836,3.7202981148619028,0,1.8477439880371094e-06,True,True,True,True,True,True,True,True,True,True,True,True,True,True,True,
2016-07-29,60,2332,2332,27072,12,2322,2322,1.0,17411,9661,0,0.6431368203309693,0.35686317966903075,0.0,0.5036807639008329,0.5454545454545454,0.38904469517973495,3.2372954349698535,0,3.7550926208496094e-06,True,True,True,True,True,True,True,True,True,True,True,True,True,True,True,
2016-08-31,60,2409,2409,28881,13,2407,2407,1.0,19683,9198,0,0.6815207229666563,0.3184792770333437,0.0,0.491675021452951,0.5364891518737673,0.37325125570943296,3.2746157041960946,0,1.8775463104248047e-06,True,True,True,True,True,True,True,True,True,True,True,True,True,True,True,
2016-09-30,60,2429,2429,29342,11,2427,2427,1.0,19846,9496,0,0.6763683457160384,0.32363165428396157,0.0,0.500221278039874,0.5408163265306123,0.37829899229707553,3.2558714462299134,0,3.129243850708008e-06,True,True,True,True,True,True,True,True,True,True,True,True,True,True,True,
2016-10-31,60,2451,2451,29911,13,2450,2450,1.0,17908,12003,0,0.5987095048644312,0.40129049513556886,0.0,0.5958351011507392,0.6389295964152024,0.45765553105448,4.648571428571429,0,1.8775463104248047e-06,True,True,True,True,True,True,True,True,True,True,True,True,True,True,True,
2016-11-30,60,2460,2460,30101,11,2459,2459,1.0,21116,8985,0,0.7015049333909172,0.29849506660908276,0.0,0.5080031043255594,0.5556711758584807,0.38833709431567914,3.471736478243188,0,3.516674041748047e-06,True,True,True,True,True,True,True,True,True,True,True,True,True,True,True,
2016-12-30,60,2499,2499,31101,11,2499,2499,1.0,21421,9680,0,0.6887559885534227,0.31124401144657726,0.0,0.5145140285659969,0.56,0.3900316526246717,3.43937575030012,0,3.2782554626464844e-06,True,True,True,True,True,True,True,True,True,True,True,True,True,True,True,
2017-01-26,60,2537,2537,32057,9,2536,2536,1.0,22835,9222,0,0.7123249212340519,0.28767507876594817,0.0,0.48217882111062843,0.5190311418685121,0.3676182791089161,2.9988170347003154,0,3.6954879760742188e-06,True,True,True,True,True,True,True,True,True,True,True,True,True,True,True,
2017-02-28,60,2579,2579,33152,10,2577,2577,1.0,22154,10998,0,0.6682553088803089,0.3317446911196911,0.0,0.5150330815959026,0.5522682445759368,0.39598144449793843,3.216530849825378,0,3.427267074584961e-06,True,True,True,True,True,True,True,True,True,True,True,True,True,True,True,
2017-03-31,60,2663,2663,35348,12,2661,2661,1.0,23300,12048,0,0.6591603485345705,0.34083965146542944,0.0,0.5180359151868961,0.560553633217993,0.39448223365117485,3.5663284479518977,0,2.2649765014648438e-06,True,True,True,True,True,True,True,True,True,True,True,True,True,True,True,
2017-04-28,60,2696,2696,36197,9,2688,2688,1.0,27706,8491,0,0.7654225488300135,0.23457745116998646,0.0,0.4234017751644285,0.45999999999999996,0.318365570771705,2.5167410714285716,0,3.606081008911133e-06,True,True,True,True,True,True,True,True,True,True,True,True,True,True,True,
2017-05-31,60,2699,2699,36257,8,2694,2694,1.0,28768,7489,0,0.7934467826902392,0.20655321730976087,0.0,0.38941052036133433,0.4266297322253001,0.2906866932186258,2.242390497401633,0,3.7550926208496094e-06,True,True,True,True,True,True,True,True,True,True,True,True,True,True,True,
2017-06-30,60,2750,2750,37626,10,2733,2733,1.0,31235,6391,0,0.8301440493275927,0.16985595067240739,0.0,0.36029750851987374,0.375,0.2741329915240933,2.0878155872667397,0,3.7550926208496094e-06,True,True,True,True,True,True,True,True,True,True,True,True,True,True,True,
2017-07-31,60,2783,2783,38606,10,2779,2779,1.0,28335,10271,0,0.7339532715122001,0.2660467284877998,0.0,0.46319590972924995,0.5,0.3516014837450986,2.9197553076646274,0,3.6954879760742188e-06,True,True,True,True,True,True,True,True,True,True,True,True,True,True,True,
2017-08-31,60,2834,2834,40066,10,2822,2822,1.0,30846,9220,0,0.7698796984974792,0.23012030150252083,0.0,0.45283248387764696,0.5,0.3438706083005529,2.8026222537207652,0,3.7848949432373047e-06,True,True,True,True,True,True,True,True,True,True,True,True,True,True,True,
2017-09-29,60,2897,2897,41851,10,2886,2886,1.0,32939,8912,0,0.7870540727820123,0.21294592721798764,0.0,0.4253159193927012,0.48,0.3238238660698934,2.5675675675675675,0,3.814697265625e-06,True,True,True,True,True,True,True,True,True,True,True,True,True,True,True,
2017-10-31,60,2941,2941,43133,11,2940,2940,1.0,30979,12154,0,0.7182203881019174,0.28177961189808265,0.0,0.49870248632176106,0.5422673971549404,0.3781636966723084,3.619387755102041,0,3.6954879760742188e-06,True,True,True,True,True,True,True,True,True,True,True,True,True,True,True,
2017-11-30,60,2959,2959,43668,10,2956,2956,1.0,30117,13551,0,0.6896812311074471,0.3103187688925529,0.0,0.5184955538168284,0.5742271196816651,0.3951239905046007,3.753382949932341,0,3.6656856536865234e-06,True,True,True,True,True,True,True,True,True,True,True,True,True,True,True,
2017-12-29,60,2995,2995,44751,9,2995,2995,1.0,31300,13451,0,0.6994257111572926,0.3005742888427074,0.0,0.4926990298127065,0.5347222222222222,0.37554613177160207,3.3285475792988315,0,3.635883331298828e-06,True,True,True,True,True,True,True,True,True,True,True,True,True,True,True,
2018-01-31,60,3026,3026,45680,10,3025,3025,1.0,31619,14061,0,0.6921847635726796,0.3078152364273205,0.0,0.519839488412221,0.5748393021120294,0.3958586415943147,3.8244628099173554,0,3.427267074584961e-06,True,True,True,True,True,True,True,True,True,True,True,True,True,True,True,
2018-02-28,60,2961,2961,43725,11,2948,2948,1.0,31776,11949,0,0.7267238421955403,0.2732761578044597,0.0,0.4476648161632596,0.485207100591716,0.3383053659629641,2.659430122116689,0,3.635883331298828e-06,True,True,True,True,True,True,True,True,True,True,True,True,True,True,True,
2018-03-30,60,3008,3008,45124,9,2999,2999,1.0,35553,9571,0,0.7878955766332771,0.2121044233667228,0.0,0.4037071645261626,0.4444444444444444,0.30491611448238876,2.4041347115705234,0,3.6656856536865234e-06,True,True,True,True,True,True,True,True,True,True,True,True,True,True,True,
2018-04-27,60,3025,3025,45637,7,3015,3015,1.0,37531,8106,0,0.8223809628152595,0.17761903718474045,0.0,0.37329717717403044,0.4027777777777778,0.28384065535911046,2.05804311774461,0,7.271766662597656e-06,True,True,True,True,True,True,True,True,True,True,True,True,True,True,True,
2018-05-31,60,3097,3097,47832,10,3097,3097,1.0,35241,12591,0,0.736766181635725,0.26323381836427495,0.0,0.4816008072754573,0.5244444444444445,0.3648378488392512,3.2596060703907006,0,3.7848949432373047e-06,True,True,True,True,True,True,True,True,True,True,True,True,True,True,True,
2018-06-29,60,3080,3080,47343,10,3077,3077,1.0,33707,13636,0,0.7119743151046617,0.28802568489533825,0.0,0.47863617405305153,0.5204081632653061,0.3635084882399011,3.0822229444263893,0,3.7848949432373047e-06,True,True,True,True,True,True,True,True,True,True,True,True,True,True,True,
2018-07-31,60,3166,3166,50065,10,3165,3165,1.0,35990,14075,0,0.7188654748826525,0.28113452511734743,0.0,0.48429841202768475,0.5267489711934157,0.36566363918039746,3.3832543443917853,0,3.814697265625e-06,True,True,True,True,True,True,True,True,True,True,True,True,True,True,True,
2018-08-31,60,3263,3263,53204,10,3260,3260,1.0,36384,16820,0,0.6838583565145477,0.3161416434854522,0.0,0.5028387193698057,0.5531329105972953,0.3830031294615289,3.5217791411042945,0,3.6656856536865234e-06,True,True,True,True,True,True,True,True,True,True,True,True,True,True,True,
2018-09-28,60,3334,3334,55549,11,3333,3333,1.0,37069,18480,0,0.6673207438477741,0.332679256152226,0.0,0.5275865439644671,0.5866666666666667,0.4028060787355225,4.045604560456046,0,3.7550926208496094e-06,True,True,True,True,True,True,True,True,True,True,True,True,True,True,True,
2018-10-31,60,3359,3359,56379,10,3358,3358,1.0,37802,18577,0,0.6704978804164671,0.32950211958353287,0.0,0.5176032664329365,0.56,0.39160067230382306,3.695354377605718,0,3.606081008911133e-06,True,True,True,True,True,True,True,True,True,True,True,True,True,True,True,
2018-11-30,60,3374,3374,56889,9,3372,3372,1.0,37553,19336,0,0.6601100388475803,0.33988996115241965,0.0,0.5209301625059092,0.56,0.3950735785210345,3.7861803084223014,0,3.159046173095703e-06,True,True,True,True,True,True,True,True,True,True,True,True,True,True,True,
2018-12-28,60,3426,3426,58655,9,3425,3425,1.0,38675,19980,0,0.6593640780837098,0.34063592191629016,0.0,0.5275911790492714,0.5736882716049383,0.3991157771616563,3.858978102189781,0,3.606081008911133e-06,True,True,True,True,True,True,True,True,True,True,True,True,True,True,True,
2019-01-31,60,3492,3492,60937,11,3492,3492,1.0,39523,21414,0,0.6485878858493198,0.3514121141506802,0.0,0.5575614476193043,0.5984,0.42395545450529304,4.383161512027492,0,3.7550926208496094e-06,True,True,True,True,True,True,True,True,True,True,True,True,True,True,True,
2019-02-28,60,3522,3522,61991,12,3522,3522,1.0,39854,22137,0,0.6428997757739027,0.35710022422609733,0.0,0.555099409230476,0.6034059968849459,0.4208944076508968,4.397501419647927,0,3.814697265625e-06,True,True,True,True,True,True,True,True,True,True,True,True,True,True,True,
2019-03-29,60,3517,3517,61817,11,3513,3513,1.0,42624,19193,0,0.6895190643350535,0.31048093566494656,0.0,0.49496877145836216,0.5348433833282318,0.37217000443663234,3.4155992029604327,0,3.7848949432373047e-06,True,True,True,True,True,True,True,True,True,True,True,True,True,True,True,
2019-04-30,60,3515,3515,61735,10,3512,3512,1.0,42581,19154,0,0.6897383979914149,0.3102616020085851,0.0,0.513761416763748,0.5537039161117785,0.38793462696691305,3.667995444191344,0,3.814697265625e-06,True,True,True,True,True,True,True,True,True,True,True,True,True,True,True,
2019-05-31,60,3512,3512,61618,11,3512,3512,1.0,42983,18635,0,0.69757213801162,0.30242786198838,0.0,0.5104041444226902,0.56,0.3881734573535377,3.7528473804100226,0,3.7848949432373047e-06,True,True,True,True,True,True,True,True,True,True,True,True,True,True,True,
2019-06-28,60,3528,3528,62184,9,3527,3527,1.0,41777,20407,0,0.6718287662421202,0.3281712337578798,0.0,0.5214405173642979,0.5619834710743802,0.39382260803519054,3.825347320669124,0,3.3974647521972656e-06,True,True,True,True,True,True,True,True,True,True,True,True,True,True,True,
2019-07-31,60,3548,3548,62916,12,3548,3548,1.0,38613,24303,0,0.6137230593171848,0.3862769406828152,0.0,0.5917608665521991,0.6413144980921562,0.4546530524920473,5.099492671927846,0,3.725290298461914e-06,True,True,True,True,True,True,True,True,True,True,True,True,True,True,True,
2019-08-30,60,3566,3566,63555,14,3566,3566,1.0,36451,27104,0,0.5735347336952246,0.4264652663047754,0.0,0.6166946270422842,0.6574394463667821,0.47332380979109917,5.826696578799775,0,3.635883331298828e-06,True,True,True,True,True,True,True,True,True,True,True,True,True,True,True,
2019-09-30,60,3588,3588,64340,13,3587,3587,1.0,38510,25830,0,0.5985390115013988,0.4014609884986012,0.0,0.6028055505680452,0.6548323471400395,0.46515453244995003,5.449400613325899,0,3.814697265625e-06,True,True,True,True,True,True,True,True,True,True,True,True,True,True,True,
2019-10-31,60,3628,3628,65783,12,3628,3628,1.0,40242,25541,0,0.6117385950777556,0.38826140492224437,0.0,0.5929325134955107,0.6445796745867769,0.45912499612212043,5.25606394707828,0,3.814697265625e-06,True,True,True,True,True,True,True,True,True,True,True,True,True,True,True,
2019-11-29,60,3638,3638,66142,12,3638,3638,1.0,42334,23808,0,0.6400471712376402,0.3599528287623598,0.0,0.5690560095574391,0.6114641363126212,0.4406762057603997,4.504947773501924,0,7.420778274536133e-06,True,True,True,True,True,True,True,True,True,True,True,True,True,True,True,
2019-12-31,60,3641,3641,66254,10,3640,3640,1.0,43416,22838,0,0.6552962839979473,0.3447037160020527,0.0,0.5414340124269458,0.5834172920253065,0.4157604475329885,3.975,0,7.092952728271484e-06,True,True,True,True,True,True,True,True,True,True,True,True,True,True,True,
2020-01-23,60,3663,3663,67055,8,3659,3659,1.0,52566,14489,0,0.7839236447692193,0.2160763552307807,0.0,0.4327365862932961,0.47258979206049145,0.3289580427956275,2.836840666848866,0,7.4803829193115234e-06,True,True,True,True,True,True,True,True,True,True,True,True,True,True,True,
2020-02-28,60,3697,3697,68314,19,3498,3498,1.0,54476,13838,0,0.7974353719588957,0.2025646280411043,0.0,0.26974789107222386,0.26258807355215674,0.20245841369712297,1.4731275014293883,0,7.62939453125e-06,True,True,True,True,True,True,True,True,True,True,True,True,True,True,True,
2020-03-31,60,3718,3718,69094,14,3632,3632,1.0,55750,13344,0,0.8068717978406229,0.1931282021593771,0.0,0.32085143945895006,0.33777777777777773,0.23905505405666713,1.8455396475770924,0,7.510185241699219e-06,True,True,True,True,True,True,True,True,True,True,True,True,True,True,True,
2020-04-30,60,3744,3744,70054,9,3726,3726,1.0,53932,16122,0,0.7698632483512718,0.23013675164872813,0.0,0.38827662200939417,0.4291742844647073,0.29069805129780635,2.42914653784219,0,7.3909759521484375e-06,True,True,True,True,True,True,True,True,True,True,True,True,True,True,True,
2020-05-29,60,3738,3738,69827,8,3736,3736,1.0,53772,16055,0,0.7700746129720595,0.2299253870279405,0.0,0.44524683782201835,0.4876579855957756,0.33379227564292185,2.9603854389721627,0,3.814697265625e-06,True,True,True,True,True,True,True,True,True,True,True,True,True,True,True,
2020-06-30,60,3749,3749,70222,10,3749,3749,1.0,46613,23609,0,0.6637948221355131,0.3362051778644869,0.0,0.5520723848156407,0.6074380165289256,0.4206051178932777,4.391037610029342,0,3.635883331298828e-06,True,True,True,True,True,True,True,True,True,True,True,True,True,True,True,
2020-07-31,60,3765,3765,70835,9,3753,3753,1.0,53077,17758,0,0.7493047222418296,0.2506952777581704,0.0,0.4468636739783195,0.49382716049382713,0.33831000589615084,2.8790301092459365,0,7.4803829193115234e-06,True,True,True,True,True,True,True,True,True,True,True,True,True,True,True,
2020-08-31,60,3791,3791,71816,9,3786,3786,1.0,53271,18545,0,0.7417706360699565,0.2582293639300434,0.0,0.46567394463504996,0.5014292259720807,0.35450125394861,3.160063391442155,0,7.62939453125e-06,True,True,True,True,True,True,True,True,True,True,True,True,True,True,True,
2020-09-30,60,3821,3821,72960,8,3804,3804,1.0,60063,12897,0,0.8232319078947369,0.17676809210526315,0.0,0.3847589241054677,0.42979874411611524,0.2912563174660242,2.3551524710830702,0,7.510185241699219e-06,True,True,True,True,True,True,True,True,True,True,True,True,True,True,True,
2020-10-30,60,3864,3864,74612,9,3855,3855,1.0,55200,19412,0,0.7398273736128237,0.2601726263871763,0.0,0.4389322316547208,0.485353399623757,0.33101764247855103,2.915953307392996,0,3.814697265625e-06,True,True,True,True,True,True,True,True,True,True,True,True,True,True,True,
2020-11-30,60,3936,3936,77425,8,3930,3930,1.0,54443,22982,0,0.7031708104617371,0.2968291895382628,0.0,0.45354155023186427,0.4992,0.3414997046260798,2.9185750636132317,0,6.198883056640625e-06,True,True,True,True,True,True,True,True,True,True,True,True,True,True,True,
2020-12-31,60,4004,4004,80127,8,4004,4004,1.0,55165,24962,0,0.6884695545821009,0.3115304454178991,0.0,0.5071443295880473,0.5453599470248793,0.383251418681063,3.5846653346653348,0,3.725290298461914e-06,True,True,True,True,True,True,True,True,True,True,True,True,True,True,True,
2021-01-29,60,4030,4030,81174,9,4024,4024,1.0,57599,23575,0,0.7095744942962032,0.29042550570379677,0.0,0.4633654181183955,0.5,0.3496835405033568,3.0077037773359843,0,3.606081008911133e-06,True,True,True,True,True,True,True,True,True,True,True,True,True,True,True,
2021-02-26,60,4045,4045,81778,10,4041,4041,1.0,56223,25555,0,0.6875076426422754,0.31249235735772457,0.0,0.4903751808979637,0.524811753902663,0.3710900392843391,3.336055431823806,0,3.814697265625e-06,True,True,True,True,True,True,True,True,True,True,True,True,True,True,True,
2021-03-31,60,4099,4099,83973,9,4086,4086,1.0,58772,25201,0,0.6998916318340419,0.3001083681659581,0.0,0.46441095908193686,0.5013512935407971,0.3521436614492447,3.0695056289769944,0,3.814697265625e-06,True,True,True,True,True,True,True,True,True,True,True,True,True,True,True,
2021-04-30,60,4136,4136,85486,10,4133,4133,1.0,60463,25023,0,0.7072854034578762,0.29271459654212384,0.0,0.5044190355135543,0.5509271701155604,0.38259722483820485,3.6588434551173483,0,3.7550926208496094e-06,True,True,True,True,True,True,True,True,True,True,True,True,True,True,True,
2021-05-31,60,4160,4160,86480,8,4160,4160,1.0,61944,24536,0,0.7162812210915819,0.2837187789084181,0.0,0.48028770634255913,0.5206328073635766,0.3624908620332684,3.2771634615384615,0,3.7848949432373047e-06,True,True,True,True,True,True,True,True,True,True,True,True,True,True,True,
2021-06-30,60,4199,4199,88094,11,4199,4199,1.0,58156,29938,0,0.6601584670919699,0.33984153290803004,0.0,0.5429820023789631,0.5888888888888889,0.4107471370078724,4.439628482972136,0,3.814697265625e-06,True,True,True,True,True,True,True,True,True,True,True,True,True,True,True,
2021-07-30,60,4256,4256,90518,8,4254,4254,1.0,63949,26569,0,0.7064782695154554,0.2935217304845445,0.0,0.48751418612438707,0.5329861111111112,0.36609281625533935,3.442172073342736,0,3.814697265625e-06,True,True,True,True,True,True,True,True,True,True,True,True,True,True,True,
2021-08-31,60,4309,4309,92800,9,4309,4309,1.0,65358,27442,0,0.7042887931034483,0.2957112068965517,0.0,0.49476280382617577,0.5514403292181069,0.37511143667946545,3.5488512415873754,0,6.586313247680664e-06,True,True,True,True,True,True,True,True,True,True,True,True,True,True,True,
2021-09-30,60,4360,4360,95013,9,4337,4337,1.0,73364,21649,0,0.7721469693620873,0.2278530306379127,0.0,0.38594767273988656,0.41666666666666663,0.29039610117477166,2.4219506571362692,0,6.377696990966797e-06,True,True,True,True,True,True,True,True,True,True,True,True,True,True,True,
2021-10-29,60,4398,4398,96678,11,4376,4376,1.0,74913,21765,0,0.7748712219946627,0.22512877800533732,0.0,0.3765194291298367,0.40661492955989326,0.2818270605409573,2.362888482632541,0,6.645917892456055e-06,True,True,True,True,True,True,True,True,True,True,True,True,True,True,True,
2021-11-30,60,4432,4432,98181,11,4412,4412,1.0,68903,29278,0,0.7017956631120074,0.2982043368879926,0.0,0.4420721041347525,0.48475077683627954,0.33123578788034297,2.867180417044424,0,6.645917892456055e-06,True,True,True,True,True,True,True,True,True,True,True,True,True,True,True,
2021-12-31,60,4472,4472,99964,8,4462,4462,1.0,75151,24813,0,0.751780641030771,0.24821935896922892,0.0,0.4144824660257034,0.4444444444444444,0.3091270261050182,2.7577319587628866,0,7.599592208862305e-06,True,True,True,True,True,True,True,True,True,True,True,True,True,True,True,
2022-01-28,60,4502,4502,101310,9,4478,4478,1.0,76899,24411,0,0.7590464909683151,0.24095350903168491,0.0,0.36083855898687783,0.38850059031877215,0.26806974244337134,2.2947744528807505,0,7.4803829193115234e-06,True,True,True,True,True,True,True,True,True,True,True,True,True,True,True,
2022-02-28,60,4532,4532,102663,10,4488,4488,1.0,86292,16371,0,0.8405365126676602,0.15946348733233978,0.0,0.3214892792114327,0.33999999999999997,0.23961018065295997,1.91198752228164,0,7.3909759521484375e-06,True,True,True,True,True,True,True,True,True,True,True,True,True,True,True,
2022-03-31,60,4578,4578,104760,10,4518,4518,1.0,90403,14357,0,0.8629534173348606,0.13704658266513936,0.0,0.2917303376270066,0.2777777777777778,0.21735255673950532,1.7319610447100486,0,7.599592208862305e-06,True,True,True,True,True,True,True,True,True,True,True,True,True,True,True,
2022-04-29,60,4602,4602,105854,10,4566,4566,1.0,87858,17996,0,0.82999225348121,0.17000774651879003,0.0,0.3553296265893255,0.3725750866050714,0.2647845859205476,2.4430573806395093,0,7.569789886474609e-06,True,True,True,True,True,True,True,True,True,True,True,True,True,True,True,
2022-05-31,60,4568,4568,104293,11,4551,4551,1.0,79579,24714,0,0.7630329935853797,0.23696700641462035,0.0,0.43975349280767095,0.48,0.32829164674465655,3.391342562074269,0,7.361173629760742e-06,True,True,True,True,True,True,True,True,True,True,True,True,True,True,True,
2022-06-30,60,4602,4602,105846,10,4597,4597,1.0,78499,27347,0,0.7416340721425467,0.25836592785745327,0.0,0.44820595156081977,0.4814814814814815,0.3344007858679859,3.367848596911029,0,3.7848949432373047e-06,True,True,True,True,True,True,True,True,True,True,True,True,True,True,True,
2022-07-29,60,4643,4643,107744,12,4621,4621,1.0,79786,27958,0,0.740514553014553,0.259485446985447,0.0,0.43081918011195625,0.4628099173553719,0.3189511481260534,3.1077688811945468,0,7.450580596923828e-06,True,True,True,True,True,True,True,True,True,True,True,True,True,True,True,
2022-08-31,60,4671,4671,109061,11,4581,4581,1.0,78165,30896,0,0.716708997716874,0.283291002283126,0.0,0.3362581851121984,0.360655737704918,0.25115434350716154,2.1573892163283124,0,9.208917617797852e-06,True,True,True,True,True,True,True,True,True,True,True,True,True,True,True,
2022-09-30,60,4709,4709,110843,19,4495,4495,1.0,89105,21738,0,0.8038847739595645,0.19611522604043558,0.0,0.2612610198810923,0.23553719008264462,0.19882024485475625,1.5317018909899889,0,1.290440559387207e-05,True,True,True,True,True,True,True,True,True,True,True,True,True,True,True,
2022-10-31,60,4734,4734,112021,14,4582,4582,1.0,92599,19422,0,0.8266217941278867,0.17337820587211328,0.0,0.2778646061302324,0.254014530982461,0.20536572923044882,1.6778699257965954,0,7.510185241699219e-06,True,True,True,True,True,True,True,True,True,True,True,True,True,True,True,
2022-11-30,60,4774,4774,113921,11,4616,4616,1.0,93411,20510,0,0.8199629567858429,0.18003704321415717,0.0,0.27498506608841594,0.26020025413468395,0.2008251309579585,1.5708405545927209,0,7.599592208862305e-06,True,True,True,True,True,True,True,True,True,True,True,True,True,True,True,
2022-12-30,60,4812,4812,115741,14,4651,4651,1.0,95384,20357,0,0.8241159139803527,0.1758840860196473,0.0,0.2805275789143008,0.2777777777777778,0.20726333404775263,1.5082777897226403,0,7.62939453125e-06,True,True,True,True,True,True,True,True,True,True,True,True,True,True,True,
2023-01-31,60,4838,4838,116993,11,4675,4675,1.0,97524,19469,0,0.8335883343447898,0.16641166565521015,0.0,0.2440284996979969,0.20370370370370372,0.1779774219047805,1.3152941176470587,0,7.569789886474609e-06,True,True,True,True,True,True,True,True,True,True,True,True,True,True,True,
2023-02-28,60,4853,4853,117727,10,4781,4781,1.0,102134,15593,0,0.8675495001146721,0.13245049988532792,0.0,0.3007314880066436,0.2866666666666666,0.2246350599524859,1.807780798996026,0,7.599592208862305e-06,True,True,True,True,True,True,True,True,True,True,True,True,True,True,True,
2023-03-31,60,4884,4884,119238,11,4870,4870,1.0,93095,26143,0,0.7807494255187105,0.2192505744812895,0.0,0.4149470061632323,0.44897959183673475,0.3061441364411645,3.150718685831622,0,6.407499313354492e-06,True,True,True,True,True,True,True,True,True,True,True,True,True,True,True,
2023-04-28,60,4896,4896,119821,10,4866,4866,1.0,95689,24132,0,0.7985995777034076,0.2014004222965924,0.0,0.3893170184406159,0.4157936144543287,0.28687287688435065,2.723181257706535,0,6.079673767089844e-06,True,True,True,True,True,True,True,True,True,True,True,True,True,True,True,
2023-05-31,60,4888,4888,119425,11,4848,4848,1.0,98953,20472,0,0.828578605819552,0.17142139418044797,0.0,0.3494291346805895,0.36734693877551017,0.2543566999530159,2.420173267326733,0,7.3909759521484375e-06,True,True,True,True,True,True,True,True,True,True,True,True,True,True,True,
2023-06-30,60,4899,4899,119955,10,4842,4842,1.0,97873,22082,0,0.8159143011962819,0.18408569880371806,0.0,0.3547112591140285,0.37037037037037035,0.25846600850399054,2.3907476249483683,0,7.3015689849853516e-06,True,True,True,True,True,True,True,True,True,True,True,True,True,True,True,
2023-07-31,60,4920,4920,121000,11,4877,4877,1.0,92575,28425,0,0.7650826446280992,0.23491735537190084,0.0,0.3683614112354921,0.39706152433425157,0.2727934800681531,2.3984006561410705,0,7.599592208862305e-06,True,True,True,True,True,True,True,True,True,True,True,True,True,True,True,
2023-08-31,60,4955,4955,122731,11,4856,4856,1.0,90584,32147,0,0.738069436409709,0.261930563590291,0.0,0.32417280013452354,0.3390667640613586,0.23804432000953143,2.0971993410214167,0,7.599592208862305e-06,True,True,True,True,True,True,True,True,True,True,True,True,True,True,True,
2023-09-28,60,4998,4998,124872,13,4909,4909,1.0,97331,27541,0,0.7794461528605292,0.22055384713947082,0.0,0.32060880779507955,0.3412786812207619,0.23522629680483403,1.9655734365451212,0,7.569789886474609e-06,True,True,True,True,True,True,True,True,True,True,True,True,True,True,True,
2023-10-31,60,5021,5021,126025,11,4933,4933,1.0,108709,17316,0,0.8625986907359651,0.1374013092640349,0.0,0.262745844870619,0.2265625,0.1928666609503044,1.650314210419623,0,7.599592208862305e-06,True,True,True,True,True,True,True,True,True,True,True,True,True,True,True,
2023-11-30,60,5044,5044,127181,10,4998,4998,1.0,105982,21199,0,0.8333162972456578,0.16668370275434224,0.0,0.31861345158697957,0.3106503188350407,0.23191219595052465,2.213885554221689,0,7.3909759521484375e-06,True,True,True,True,True,True,True,True,True,True,True,True,True,True,True,
2023-12-29,60,5056,5056,127785,10,5007,5007,1.0,106098,21687,0,0.830285244747036,0.16971475525296395,0.0,0.33190390490772,0.328125,0.24354253188306715,2.256640703015778,0,7.62939453125e-06,True,True,True,True,True,True,True,True,True,True,True,True,True,True,True,
2024-01-31,60,5061,5061,128040,14,4935,4935,1.0,102794,25246,0,0.8028272414870353,0.1971727585129647,0.0,0.32451397535121956,0.32679387261488846,0.2394638495596398,2.146707193515704,0,7.539987564086914e-06,True,True,True,True,True,True,True,True,True,True,True,True,True,True,True,
2024-02-29,60,5068,5068,128395,100,3519,3519,1.0,107487,20908,0,0.8371587678647923,0.16284123213520776,0.0,0.1417345123110211,0.0,0.10931483947664862,0.49587951122477975,0,1.4960765838623047e-05,True,True,True,True,True,True,True,True,True,True,True,True,True,True,True,
2024-03-29,60,5078,5078,128903,91,3835,3835,1.0,104213,24690,0,0.8084606254315261,0.19153937456847397,0.0,0.15833513446289169,0.0,0.12137605061866069,0.6132985658409387,0,1.519918441772461e-05,True,True,True,True,True,True,True,True,True,True,True,True,True,True,True,
2024-04-30,60,5091,5091,129560,52,4394,4394,1.0,101482,28078,0,0.7832818771225687,0.2167181228774313,0.0,0.2180326693486407,0.17233560090702948,0.16647586276401838,0.9770141101502048,0,1.4722347259521484e-05,True,True,True,True,True,True,True,True,True,True,True,True,True,True,True,
2024-05-31,60,5075,5075,128745,11,5063,5063,1.0,96482,32263,0,0.749403860344091,0.250596139655909,0.0,0.4037341796797336,0.43125,0.2966398541918488,2.948449535848311,0,6.109476089477539e-06,True,True,True,True,True,True,True,True,True,True,True,True,True,True,True,
2024-06-28,60,5074,5074,128694,11,5038,5038,1.0,98583,30111,0,0.766026388176605,0.23397361182339502,0.0,0.3937069077776721,0.42405617607628615,0.28954438329060855,2.6762604208019054,0,7.62939453125e-06,True,True,True,True,True,True,True,True,True,True,True,True,True,True,True,
2024-07-31,60,5068,5068,128394,11,4985,4985,1.0,104510,23884,0,0.8139788463635372,0.18602115363646277,0.0,0.3306864768012324,0.345,0.24141140940477673,2.080040120361083,0,7.599592208862305e-06,True,True,True,True,True,True,True,True,True,True,True,True,True,True,True,
2024-08-30,60,5068,5068,128396,11,5011,5011,1.0,105777,22619,0,0.8238340758279075,0.1761659241720926,0.0,0.34263568418271706,0.35456790123456794,0.25350476734985794,2.3420474955098785,0,7.599592208862305e-06,True,True,True,True,True,True,True,True,True,True,True,True,True,True,True,
2024-09-30,60,5067,5067,128345,11,5051,5051,1.0,95396,32949,0,0.7432778838287428,0.2567221161712572,0.0,0.4255307957534332,0.4609375,0.31522786278887044,3.124331815482083,0,7.063150405883789e-06,True,True,True,True,True,True,True,True,True,True,True,True,True,True,True,
2024-10-31,60,5062,5062,128089,11,4995,4995,1.0,98703,29386,0,0.7705813926254401,0.22941860737455988,0.0,0.3806125625710996,0.41666666666666663,0.2835308023967531,2.3913913913913913,0,7.569789886474609e-06,True,True,True,True,True,True,True,True,True,True,True,True,True,True,True,
2024-11-29,60,5054,5054,127681,10,4978,4978,1.0,93136,34545,0,0.7294429084985237,0.27055709150147633,0.0,0.38586410568307433,0.4297520661157025,0.2896046043013628,2.336078746484532,0,9.834766387939453e-06,True,True,True,True,True,True,True,True,True,True,True,True,True,True,True,
2024-12-31,60,5053,5053,127631,8,4980,4980,1.0,98904,28727,0,0.7749214532519529,0.22507854674804711,0.0,0.35147928686750396,0.375,0.2640365150525097,2.020281124497992,0,7.62939453125e-06,True,True,True,True,True,True,True,True,True,True,True,True,True,True,True,
2025-01-27,60,5059,5059,127935,9,5015,5015,1.0,93421,34514,0,0.7302223785516082,0.26977762144839174,0.0,0.3765294473571059,0.41666666666666663,0.28201328167854883,2.2584247258225325,0,7.539987564086914e-06,True,True,True,True,True,True,True,True,True,True,True,True,True,True,True,
2025-02-28,60,5071,5071,128544,9,5046,5046,1.0,97549,30995,0,0.7588763380632313,0.24112366193676874,0.0,0.38749133499176913,0.4151124567474049,0.2925768560989994,2.59611573523583,0,7.450580596923828e-06,True,True,True,True,True,True,True,True,True,True,True,True,True,True,True,
2025-03-31,60,5068,5068,128390,11,5052,5052,1.0,91568,36822,0,0.7132019627696861,0.2867980372303139,0.0,0.445113737669301,0.4815688775510204,0.33267773981127957,3.2591053048297702,0,7.4803829193115234e-06,True,True,True,True,True,True,True,True,True,True,True,True,True,True,True,
2025-04-30,60,5078,5078,128885,11,5036,5036,1.0,91939,36946,0,0.7133413508166194,0.2866586491833805,0.0,0.4202205458731919,0.4580498866213152,0.3127354392994786,2.9297061159650517,0,7.569789886474609e-06,True,True,True,True,True,True,True,True,True,True,True,True,True,True,True,
2025-05-30,60,5066,5066,128263,10,5022,5022,1.0,94850,33413,0,0.7394961914191934,0.26050380858080663,0.0,0.3994113392923127,0.43858775510204084,0.2974331176175925,2.6680605336519316,0,7.569789886474609e-06,True,True,True,True,True,True,True,True,True,True,True,True,True,True,True,
2025-06-30,60,5084,5084,129171,11,4986,4986,1.0,104327,24844,0,0.807665807340657,0.19233419265934304,0.0,0.3439058798332886,0.375,0.25902709872351515,2.085439229843562,0,7.599592208862305e-06,True,True,True,True,True,True,True,True,True,True,True,True,True,True,True,
2025-07-31,60,5093,5093,129650,11,5078,5078,1.0,98053,31597,0,0.7562900115696105,0.24370998843038952,0.0,0.4310294592006454,0.46875,0.3234379456980695,3.316266246553761,0,7.569789886474609e-06,True,True,True,True,True,True,True,True,True,True,True,True,True,True,True,
2025-08-29,60,5108,5108,130414,10,5099,5099,1.0,94104,36310,0,0.7215789715828055,0.27842102841719446,0.0,0.45799877256649496,0.4921946740128559,0.3450040829072763,3.539321435575603,0,7.539987564086914e-06,True,True,True,True,True,True,True,True,True,True,True,True,True,True,True,
2025-09-30,60,5119,5119,130977,12,5094,5094,1.0,94186,36791,0,0.719103354023989,0.28089664597601105,0.0,0.44884331357094137,0.5,0.34392254940974415,3.4224577934825287,0,7.569789886474609e-06,True,True,True,True,True,True,True,True,True,True,True,True,True,True,True,
2025-10-31,60,5118,5118,130931,10,5092,5092,1.0,94780,36151,0,0.723892737396033,0.27610726260396695,0.0,0.4454284231684231,0.4874704493804924,0.3465570396055692,3.2040455616653576,0,8.791685104370117e-06,True,True,True,True,True,True,True,True,True,True,True,True,True,True,True,
2025-11-28,60,5119,5119,130979,11,5098,5098,1.0,92710,38269,0,0.7078233915360478,0.2921766084639522,0.0,0.4507679566156125,0.49382716049382713,0.33993541345914874,3.1724205570812085,0,7.569789886474609e-06,True,True,True,True,True,True,True,True,True,True,True,True,True,True,True,
2025-12-31,60,5119,5119,130969,10,5103,5103,1.0,91486,39483,0,0.698531713611618,0.30146828638838197,0.0,0.48014639498034045,0.5190311418685121,0.3619592718798159,3.477562218302959,0,7.539987564086914e-06,True,True,True,True,True,True,True,True,True,True,True,True,True,True,True,
2026-01-30,60,5126,5126,131324,11,5091,5091,1.0,99011,32313,0,0.7539444427522768,0.24605555724772318,0.0,0.41336863359714154,0.4444444444444444,0.30590151381383873,2.9646434885091337,0,7.510185241699219e-06,True,True,True,True,True,True,True,True,True,True,True,True,True,True,True,
2026-02-27,60,5126,5126,131327,11,5063,5063,1.0,106729,24598,0,0.8126965513565375,0.1873034486434625,0.0,0.3460123787563242,0.3637062668204537,0.25377449545319636,2.358878135492791,0,7.569789886474609e-06,True,True,True,True,True,True,True,True,True,True,True,True,True,True,True,
2026-03-31,60,5145,5145,132312,16,4972,4972,1.0,106696,25616,0,0.8063970010278735,0.1936029989721265,0.0,0.3142431313429128,0.3180682255076719,0.229450681768168,2.166733708769107,0,7.569789886474609e-06,True,True,True,True,True,True,True,True,True,True,True,True,True,True,True,
2026-04-30,60,5150,5150,132554,11,5088,5088,1.0,104077,28477,0,0.7851667999456825,0.2148332000543175,0.0,0.35444078944605995,0.3705414474741275,0.2596174689477022,2.4789701257861636,0,7.62939453125e-06,True,True,True,True,True,True,True,True,True,True,True,True,True,True,True,
2026-05-29,60,5149,5149,132502,10,5102,5102,1.0,98176,34326,0,0.7409397593998581,0.2590602406001419,0.0,0.39631795695605954,0.4278905672748981,0.2939658954190788,2.786358290866327,0,7.599592208862305e-06,True,True,True,True,True,True,True,True,True,True,True,True,True,True,True,
2026-06-30,60,5156,5156,132854,14,4989,4989,1.0,100443,32411,0,0.7560404654733768,0.24395953452662322,0.0,0.30515704175050967,0.31999999999999995,0.23145579135002872,1.8592904389657245,0,1.52587890625e-05,True,True,True,True,True,True,True,True,True,True,True,True,True,True,True,
2026-07-31,60,5172,5172,133698,75,4050,4050,1.0,93722,39976,0,0.7009977710960523,0.2990022289039477,0.0,0.20140379540413228,0.055130622770830195,0.1519131275380495,1.2034567901234567,0,1.4781951904296875e-05,True,True,True,True,True,True,True,True,True,True,True,True,True,True,True,
2026-08-31,60,5175,5175,133858,53,4297,4297,1.0,103562,30296,0,0.7736706061647417,0.22632939383525827,0.0,0.20668327766443007,0.09221466364323505,0.15510662091851057,1.2394693972538982,0,1.4960765838623047e-05,True,True,True,True,True,True,True,True,True,True,True,True,True,True,True,
2026-09-03,60,5176,5176,133908,51,4233,4233,1.0,105125,28783,0,0.785053917615079,0.214946082384921,0.0,0.20061261754316434,0.07881403640457874,0.15086123041738006,1.201748169147177,0,1.52587890625e-05,True,True,True,True,True,True,True,True,True,True,True,True,True,True,True,
2015-07-31,120,1534,1534,10899,27,1277,1277,1.0,7300,3599,0,0.6697862189191669,0.3302137810808331,0.0,0.2560127840106513,0.24489795918367352,0.19628193442856473,1.1378230227094754,0,3.4868717193603516e-06,True,True,True,True,True,True,True,True,True,True,True,True,True,True,True,
2015-08-31,120,1506,1506,10457,36,1193,1193,1.0,7160,3297,0,0.6847088074973702,0.3152911925026298,0.0,0.21666530551286092,0.0,0.16663059405048328,0.9664710813076278,0,3.516674041748047e-06,True,True,True,True,True,True,True,True,True,True,True,True,True,True,True,
2015-09-30,120,1562,1562,11229,46,1161,1161,1.0,7804,3425,0,0.694986196455606,0.305013803544394,0.0,0.18667520101784954,0.0,0.13932532847372806,0.8062015503875969,0,3.7848949432373047e-06,True,True,True,True,True,True,True,True,True,True,True,True,True,True,True,
2015-10-30,120,1618,1618,12072,60,1226,1226,1.0,8686,3386,0,0.7195162359178264,0.2804837640821736,0.0,0.17749908991855248,0.0,0.1335966874217034,0.8001631321370309,0,3.814697265625e-06,True,True,True,True,True,True,True,True,True,True,True,True,True,True,True,
2015-11-30,120,1723,1723,13733,29,1364,1364,1.0,9885,3848,0,0.7197990242481613,0.2802009757518386,0.0,0.1945293038134079,0.0,0.1460039394509289,0.8966275659824047,0,3.6954879760742188e-06,True,True,True,True,True,True,True,True,True,True,True,True,True,True,True,
2015-12-31,120,1836,1836,15991,42,1356,1356,1.0,13232,2759,0,0.8274654493152398,0.17253455068476017,0.0,0.14405972876339557,0.0,0.10914769871864242,0.6039823008849557,0,3.814697265625e-06,True,True,True,True,True,True,True,True,True,True,True,True,True,True,True,
2016-01-29,120,1972,1972,18964,33,1632,1632,1.0,15608,3356,0,0.8230331153765028,0.17696688462349716,0.0,0.19710093272393941,0.09499999999999997,0.14770766137014815,0.9503676470588235,0,3.7550926208496094e-06,True,True,True,True,True,True,True,True,True,True,True,True,True,True,True,
2016-02-29,120,2013,2013,19794,33,1698,1698,1.0,15532,4262,0,0.7846822269374558,0.2153177730625442,0.0,0.22973453367676208,0.184375,0.17682690466419815,1.095995288574794,0,3.7550926208496094e-06,True,True,True,True,True,True,True,True,True,True,True,True,True,True,True,
2016-03-31,120,2061,2061,20712,28,1835,1835,1.0,17255,3457,0,0.8330919273850907,0.16690807261490923,0.0,0.2219073278537105,0.1619753086419753,0.17093084397439953,1.0294277929155313,0,3.7550926208496094e-06,True,True,True,True,True,True,True,True,True,True,True,True,True,True,True,
2016-04-29,120,2077,2077,21073,35,1790,1790,1.0,16173,4900,0,0.7674749679684905,0.2325250320315095,0.0,0.24013096592542363,0.21296720907297828,0.18909796071753643,1.1486033519553072,0,3.7550926208496094e-06,True,True,True,True,True,True,True,True,True,True,True,True,True,True,True,
2016-05-31,120,2124,2124,22091,13,1981,1981,1.0,16501,5590,0,0.746955773844552,0.2530442261554479,0.0,0.3011433911835481,0.3225347098611605,0.2383124246567281,1.5093387178192832,0,3.725290298461914e-06,True,True,True,True,True,True,True,True,True,True,True,True,True,True,True,
2016-06-30,120,2171,2171,23088,17,2045,2045,1.0,17629,5459,0,0.7635568260568261,0.23644317394317393,0.0,0.31865235643389805,0.3629489603024575,0.2497086649938246,1.6112469437652812,0,3.7848949432373047e-06,True,True,True,True,True,True,True,True,True,True,True,True,True,True,True,
2016-07-29,120,2198,2198,23671,12,2124,2124,1.0,16923,6748,0,0.7149254361877403,0.2850745638122597,0.0,0.3603950293171802,0.40625,0.27724976158609704,1.9077212806026365,0,3.606081008911133e-06,True,True,True,True,True,True,True,True,True,True,True,True,True,True,True,
2016-08-31,120,2258,2258,24962,8,2247,2247,1.0,17598,7364,0,0.704991587212563,0.2950084127874369,0.0,0.4680029208088348,0.5,0.35620761223770964,2.7485536270582998,0,1.8775463104248047e-06,True,True,True,True,True,True,True,True,True,True,True,True,True,True,True,
2016-09-30,120,2294,2294,25698,9,2291,2291,1.0,17691,8007,0,0.6884193322437544,0.3115806677562456,0.0,0.4673488444452231,0.5,0.35573277958291455,2.7939764295067655,0,1.9073486328125e-06,True,True,True,True,True,True,True,True,True,True,True,True,True,True,True,
2016-10-31,120,2315,2315,26275,11,2306,2306,1.0,17642,8633,0,0.6714367269267364,0.32856327307326355,0.0,0.490000960488546,0.5245808871934998,0.3697068685614912,3.0971379011274935,0,1.9073486328125e-06,True,True,True,True,True,True,True,True,True,True,True,True,True,True,True,
2016-11-30,120,2356,2356,27165,10,2345,2345,1.0,19447,7718,0,0.7158844100865084,0.2841155899134916,0.0,0.44979833046445533,0.48611111111111116,0.3379836991075196,2.62089552238806,0,1.9073486328125e-06,True,True,True,True,True,True,True,True,True,True,True,True,True,True,True,
2016-12-30,120,2394,2394,28109,11,2387,2387,1.0,18497,9612,0,0.6580454658650254,0.34195453413497456,0.0,0.5089285862370868,0.555765595463138,0.38803400969932983,3.2446585672392123,0,1.9073486328125e-06,True,True,True,True,True,True,True,True,True,True,True,True,True,True,True,
2017-01-26,120,2428,2428,28941,11,2420,2420,1.0,20288,8653,0,0.7010124045471822,0.2989875954528178,0.0,0.48810231288336586,0.5179819761322518,0.37160007570669756,3.027685950413223,0,2.9206275939941406e-06,True,True,True,True,True,True,True,True,True,True,True,True,True,True,True,
2017-02-28,120,2432,2432,29084,10,2430,2430,1.0,20150,8934,0,0.692820794938798,0.30717920506120205,0.0,0.491792597510278,0.5185185185185186,0.37673329209339124,3.039506172839506,0,3.814697265625e-06,True,True,True,True,True,True,True,True,True,True,True,True,True,True,True,
2017-03-31,120,2490,2490,30542,10,2484,2484,1.0,20413,10129,0,0.668358326239277,0.33164167376072295,0.0,0.48930051821753845,0.5317429698216736,0.3751013300862846,3.031400966183575,0,3.725290298461914e-06,True,True,True,True,True,True,True,True,True,True,True,True,True,True,True,
2017-04-28,120,2519,2519,31237,9,2503,2503,1.0,23904,7333,0,0.765246342478471,0.23475365752152896,0.0,0.42156044438739404,0.45265348595213317,0.3198371450865103,2.4714342788653614,0,1.8775463104248047e-06,True,True,True,True,True,True,True,True,True,True,True,True,True,True,True,
2017-05-31,120,2528,2528,31517,10,2514,2514,1.0,23243,8274,0,0.737475013484786,0.262524986515214,0.0,0.4375296004569823,0.48,0.32677947295047266,2.5875099443118534,0,1.9073486328125e-06,True,True,True,True,True,True,True,True,True,True,True,True,True,True,True,
2017-06-30,120,2594,2594,33235,10,2579,2579,1.0,25521,7714,0,0.7678952911087709,0.23210470889122914,0.0,0.3879784573343675,0.41666666666666663,0.28628418762041874,2.2551376502520357,0,2.5033950805664062e-06,True,True,True,True,True,True,True,True,True,True,True,True,True,True,True,
2017-07-31,120,2639,2639,34394,12,2602,2602,1.0,27635,6759,0,0.8034831656684306,0.19651683433156947,0.0,0.3508540774622074,0.3796605311111566,0.26264594076498193,2.003458877786318,0,3.2186508178710938e-06,True,True,True,True,True,True,True,True,True,True,True,True,True,True,True,
2017-08-31,120,2674,2674,35358,11,2610,2610,1.0,30040,5318,0,0.8495955653600317,0.15040443463996833,0.0,0.32657445078810776,0.33999999999999997,0.24686527169351852,1.8157088122605365,0,3.6656856536865234e-06,True,True,True,True,True,True,True,True,True,True,True,True,True,True,True,
2017-09-29,120,2754,2754,37513,10,2721,2721,1.0,30838,6675,0,0.8220616852824354,0.17793831471756458,0.0,0.37437895155826073,0.4224,0.2837807835072185,2.1742006615214993,0,3.6656856536865234e-06,True,True,True,True,True,True,True,True,True,True,True,True,True,True,True,
2017-10-31,120,2795,2795,38654,10,2770,2770,1.0,30526,8128,0,0.7897242200031045,0.21027577999689553,0.0,0.420805575032438,0.4613923588282563,0.322268508836968,2.5342960288808665,0,3.725290298461914e-06,True,True,True,True,True,True,True,True,True,True,True,True,True,True,True,
2017-11-30,120,2837,2837,39831,11,2816,2816,1.0,31526,8305,0,0.7914940624136979,0.20850593758630212,0.0,0.4157107749510905,0.44628099173553715,0.31680761040339694,2.5255681818181817,0,3.7550926208496094e-06,True,True,True,True,True,True,True,True,True,True,True,True,True,True,True,
2017-12-29,120,2851,2851,40274,10,2830,2830,1.0,32417,7857,0,0.8049113572031583,0.19508864279684163,0.0,0.40448618422514654,0.4444444444444444,0.30944871052182477,2.426855123674912,0,3.6954879760742188e-06,True,True,True,True,True,True,True,True,True,True,True,True,True,True,True,
2018-01-31,120,2901,2901,41679,9,2892,2892,1.0,33346,8333,0,0.800067180114686,0.19993281988531394,0.0,0.4193022883277615,0.46499999999999997,0.31842272268979543,2.68222683264177,0,3.7550926208496094e-06,True,True,True,True,True,True,True,True,True,True,True,True,True,True,True,
2018-02-28,120,2854,2854,40287,11,2833,2833,1.0,31222,9065,0,0.77498945069129,0.22501054930871,0.0,0.4064481185698428,0.4444444444444444,0.30615443816123117,2.4772326156018356,0,3.725290298461914e-06,True,True,True,True,True,True,True,True,True,True,True,True,True,True,True,
2018-03-30,120,2901,2901,41688,9,2875,2875,1.0,32048,9640,0,0.7687583957014009,0.2312416042985991,0.0,0.3922263629834586,0.4297520661157025,0.2920459981699153,2.256,0,3.7848949432373047e-06,True,True,True,True,True,True,True,True,True,True,True,True,True,True,True,
2018-04-27,120,2942,2942,42860,12,2913,2913,1.0,32886,9974,0,0.7672888474101727,0.23271115258982736,0.0,0.37782514747673085,0.40625,0.28169390326092814,2.1977342945417098,0,3.725290298461914e-06,True,True,True,True,True,True,True,True,True,True,True,True,True,True,True,
2018-05-31,120,2966,2966,43584,11,2940,2940,1.0,36310,7274,0,0.8331038913362702,0.1668961086637298,0.0,0.3518964339743958,0.375,0.26441544900724745,2.0241496598639457,0,3.725290298461914e-06,True,True,True,True,True,True,True,True,True,True,True,True,True,True,True,
2018-06-29,120,2972,2972,43806,9,2947,2947,1.0,36729,7077,0,0.8384467881112176,0.16155321188878236,0.0,0.33269850281937124,0.34375,0.25241179823298016,1.9060061079063455,0,3.7848949432373047e-06,True,True,True,True,True,True,True,True,True,True,True,True,True,True,True,
2018-07-31,120,3020,3020,45320,9,2971,2971,1.0,38333,6987,0,0.8458296557811121,0.1541703442188879,0.0,0.33046774358899217,0.35123966942148765,0.25149667289930205,1.8249747559744194,0,3.7848949432373047e-06,True,True,True,True,True,True,True,True,True,True,True,True,True,True,True,
2018-08-31,120,3102,3102,47925,11,3082,3082,1.0,37636,10289,0,0.7853103808033386,0.21468961919666146,0.0,0.4020156218981648,0.4444444444444444,0.3007101007379279,2.3484750162232317,0,3.814697265625e-06,True,True,True,True,True,True,True,True,True,True,True,True,True,True,True,
2018-09-28,120,3146,3146,49338,9,3124,3124,1.0,37239,12099,0,0.7547731971300012,0.2452268028699988,0.0,0.4426607946814574,0.49382716049382713,0.33559621025009767,2.728233034571063,0,3.606081008911133e-06,True,True,True,True,True,True,True,True,True,True,True,True,True,True,True,
2018-10-31,120,3207,3207,51298,11,3199,3199,1.0,37720,13578,0,0.735311318180046,0.264688681819954,0.0,0.4523045125192867,0.49586776859504134,0.3401691783952718,2.9087214754610815,0,2.0563602447509766e-06,True,True,True,True,True,True,True,True,True,True,True,True,True,True,True,
2018-11-30,120,3273,3273,53462,8,3265,3265,1.0,39303,14159,0,0.7351576820919532,0.26484231790804685,0.0,0.44432658496528726,0.48,0.3316692041059899,2.7500765696784075,0,3.6656856536865234e-06,True,True,True,True,True,True,True,True,True,True,True,True,True,True,True,
2018-12-28,120,3343,3343,55801,9,3340,3340,1.0,40381,15420,0,0.7236608662927188,0.27633913370728125,0.0,0.46368883059264787,0.5,0.3466085917553708,3.0847305389221558,0,2.6226043701171875e-06,True,True,True,True,True,True,True,True,True,True,True,True,True,True,True,
2019-01-31,120,3389,3389,57344,10,3384,3384,1.0,38764,18580,0,0.6759905133928571,0.32400948660714285,0.0,0.5031760246187185,0.5483553875236296,0.3789283112358622,3.5750591016548463,0,3.7848949432373047e-06,True,True,True,True,True,True,True,True,True,True,True,True,True,True,True,
2019-02-28,120,3422,3422,58457,12,3419,3419,1.0,38693,19764,0,0.6619053321244676,0.33809466787553244,0.0,0.5176933403903051,0.56,0.3907278174998864,3.85756069026031,0,3.725290298461914e-06,True,True,True,True,True,True,True,True,True,True,True,True,True,True,True,
2019-03-29,120,3470,3470,60086,10,3461,3461,1.0,41685,18401,0,0.6937556169490398,0.3062443830509603,0.0,0.48469647742671534,0.528344671201814,0.36735217792582125,3.4215544640277376,0,3.7848949432373047e-06,True,True,True,True,True,True,True,True,True,True,True,True,True,True,True,
2019-04-30,120,3516,3516,61630,10,3512,3512,1.0,43119,18511,0,0.6996430309914002,0.3003569690085997,0.0,0.4795923908116259,0.5159136764809025,0.36428324984554056,3.341400911161731,0,3.814697265625e-06,True,True,True,True,True,True,True,True,True,True,True,True,True,True,True,
2019-05-31,120,3532,3532,62204,10,3524,3524,1.0,44838,17366,0,0.7208218121021156,0.2791781878978844,0.0,0.47021027526732123,0.5,0.3556243167712768,3.206299659477866,0,3.725290298461914e-06,True,True,True,True,True,True,True,True,True,True,True,True,True,True,True,
2019-06-28,120,3546,3546,62665,10,3536,3536,1.0,43659,19006,0,0.6967046995930742,0.3032953004069257,0.0,0.491007482415588,0.53125,0.3714530171909392,3.486425339366516,0,3.814697265625e-06,True,True,True,True,True,True,True,True,True,True,True,True,True,True,True,
2019-07-31,120,3561,3561,63192,11,3554,3554,1.0,43482,19710,0,0.6880934295480441,0.31190657045195597,0.0,0.5067462114111532,0.5491814470795606,0.3841405602772282,3.712436691052335,0,3.725290298461914e-06,True,True,True,True,True,True,True,True,True,True,True,True,True,True,True,
2019-08-30,120,3570,3570,63526,11,3564,3564,1.0,41526,22000,0,0.6536851053112112,0.34631489468878884,0.0,0.5323585407473507,0.5799408284023669,0.4043391024144219,4.118967452300786,0,3.7550926208496094e-06,True,True,True,True,True,True,True,True,True,True,True,True,True,True,True,
2019-09-30,120,3580,3580,63938,11,3576,3576,1.0,40688,23250,0,0.6363664800275267,0.36363351997247334,0.0,0.5472063218137275,0.5981469233784049,0.4200293472803641,4.335011185682327,0,3.6656856536865234e-06,True,True,True,True,True,True,True,True,True,True,True,True,True,True,True,
2019-10-31,120,3594,3594,64474,10,3594,3594,1.0,42210,22264,0,0.6546825076775135,0.3453174923224866,0.0,0.5621997060489267,0.6196059366867797,0.43275954165035535,4.565664997217585,0,3.606081008911133e-06,True,True,True,True,True,True,True,True,True,True,True,True,True,True,True,
2019-11-29,120,3600,3600,64704,12,3600,3600,1.0,41892,22812,0,0.6474406528189911,0.3525593471810089,0.0,0.5646040523641727,0.6133333333333333,0.44061445210456524,4.739444444444445,0,5.066394805908203e-06,True,True,True,True,True,True,True,True,True,True,True,True,True,True,True,
2019-12-31,120,3635,3635,65954,11,3634,3634,1.0,41968,23986,0,0.6363222852290991,0.36367771477090094,0.0,0.5568217040726585,0.60419536271809,0.43257187027205274,4.394056136488718,0,5.334615707397461e-06,True,True,True,True,True,True,True,True,True,True,True,True,True,True,True,
2020-01-23,120,3647,3647,66413,9,3642,3642,1.0,51222,15191,0,0.7712646620390586,0.2287353379609414,0.0,0.4675241213325516,0.5032061789273405,0.36199310824408343,3.3245469522240527,0,3.7848949432373047e-06,True,True,True,True,True,True,True,True,True,True,True,True,True,True,True,
2020-02-28,120,3657,3657,66794,17,3465,3465,1.0,57524,9270,0,0.8612150791987304,0.13878492080126958,0.0,0.28472380666990144,0.2777777777777778,0.22008327736317276,1.6447330447330448,0,7.510185241699219e-06,True,True,True,True,True,True,True,True,True,True,True,True,True,True,True,
2020-03-31,120,3668,3668,67189,17,3541,3541,1.0,54626,12563,0,0.8130199883909569,0.18698001160904315,0.0,0.30445118971502644,0.3084228212433341,0.23349982572700984,1.8559728890144027,0,7.599592208862305e-06,True,True,True,True,True,True,True,True,True,True,True,True,True,True,True,
2020-04-30,120,3700,3700,68349,11,3565,3565,1.0,57471,10878,0,0.8408462450072423,0.15915375499275775,0.0,0.3053507289179482,0.30874999999999997,0.2332401316428896,1.8476858345021039,0,7.361173629760742e-06,True,True,True,True,True,True,True,True,True,True,True,True,True,True,True,
2020-05-29,120,3715,3715,68897,13,3615,3615,1.0,57444,11453,0,0.833766346865611,0.166233653134389,0.0,0.3144500836648092,0.31999999999999995,0.23940977049330683,1.8843706777316735,0,6.467103958129883e-06,True,True,True,True,True,True,True,True,True,True,True,True,True,True,True,
2020-06-30,120,3729,3729,69405,9,3628,3628,1.0,59116,10289,0,0.8517541963835459,0.14824580361645415,0.0,0.3039674773162327,0.30707010927088146,0.2270335111592102,1.7670893054024255,0,6.020069122314453e-06,True,True,True,True,True,True,True,True,True,True,True,True,True,True,True,
2020-07-31,120,3752,3752,70253,9,3657,3657,1.0,60055,10198,0,0.8548389392623803,0.14516106073761975,0.0,0.3141314731326131,0.3129240374609782,0.24011019370611944,1.9639048400328138,0,7.063150405883789e-06,True,True,True,True,True,True,True,True,True,True,True,True,True,True,True,
2020-08-31,120,3761,3761,70590,9,3732,3732,1.0,56886,13704,0,0.8058648533786655,0.19413514662133446,0.0,0.4069590805889932,0.4444444444444444,0.3087834495422538,2.7258842443729905,0,3.814697265625e-06,True,True,True,True,True,True,True,True,True,True,True,True,True,True,True,
2020-09-30,120,3780,3780,71279,9,3693,3693,1.0,61308,9971,0,0.8601130767827831,0.13988692321721685,0.0,0.32613622631209843,0.33777777777777773,0.2518429538995886,1.999729217438397,0,6.973743438720703e-06,True,True,True,True,True,True,True,True,True,True,True,True,True,True,True,
2020-10-30,120,3802,3802,72132,7,3714,3714,1.0,61750,10382,0,0.8560694282703931,0.14393057172960683,0.0,0.316568373461278,0.31999999999999995,0.24426556037209232,1.8241787829833065,0,7.569789886474609e-06,True,True,True,True,True,True,True,True,True,True,True,True,True,True,True,
2020-11-30,120,3828,3828,73144,10,3748,3748,1.0,61387,11757,0,0.8392622771519195,0.1607377228480805,0.0,0.3359379424549082,0.36589824221060807,0.2585088800097069,1.9922625400213447,0,7.033348083496094e-06,True,True,True,True,True,True,True,True,True,True,True,True,True,True,True,
2020-12-31,120,3879,3879,75107,10,3851,3851,1.0,58297,16810,0,0.7761859746761287,0.2238140253238713,0.0,0.40666438678017985,0.4444444444444444,0.30380743927988474,2.742923915866009,0,3.7848949432373047e-06,True,True,True,True,True,True,True,True,True,True,True,True,True,True,True,
2021-01-29,120,3922,3922,76788,7,3905,3905,1.0,57634,19154,0,0.7505599833307287,0.24944001666927124,0.0,0.4112656880034451,0.44771241830065356,0.3050917354583206,2.53854033290653,0,3.7848949432373047e-06,True,True,True,True,True,True,True,True,True,True,True,True,True,True,True,
2021-02-26,120,3971,3971,78728,9,3944,3944,1.0,60141,18587,0,0.7639086474951733,0.23609135250482674,0.0,0.40660147676396263,0.4444444444444444,0.3022053420505448,2.563894523326572,0,3.814697265625e-06,True,True,True,True,True,True,True,True,True,True,True,True,True,True,True,
2021-03-31,120,4028,4028,81033,10,3997,3997,1.0,61426,19607,0,0.7580368491849,0.24196315081510003,0.0,0.4068545499580723,0.4444444444444444,0.3043972915978071,2.6127095321491116,0,3.7550926208496094e-06,True,True,True,True,True,True,True,True,True,True,True,True,True,True,True,
2021-04-30,120,4055,4055,82120,10,4037,4037,1.0,63088,19032,0,0.7682415976619581,0.2317584023380419,0.0,0.402094814555534,0.43388429752066116,0.2994661267592957,2.660639088432004,0,3.7848949432373047e-06,True,True,True,True,True,True,True,True,True,True,True,True,True,True,True,
2021-05-31,120,4085,4085,83286,9,4060,4060,1.0,64543,18743,0,0.7749561751074611,0.22504382489253896,0.0,0.3931069462990577,0.41836734693877553,0.29168642030675523,2.5352216748768472,0,3.7550926208496094e-06,True,True,True,True,True,True,True,True,True,True,True,True,True,True,True,
2021-06-30,120,4120,4120,84741,11,4100,4100,1.0,65084,19657,0,0.7680343635312304,0.23196563646876955,0.0,0.40241850881604596,0.42910960352505717,0.29885794611994976,2.6485365853658536,0,3.7848949432373047e-06,True,True,True,True,True,True,True,True,True,True,True,True,True,True,True,
2021-07-30,120,4163,4163,86524,10,4149,4149,1.0,64951,21573,0,0.7506703342425223,0.2493296657574777,0.0,0.4507172581658308,0.4921875,0.33708547237317565,3.146541335261509,0,3.7848949432373047e-06,True,True,True,True,True,True,True,True,True,True,True,True,True,True,True,
2021-08-31,120,4196,4196,87913,10,4186,4186,1.0,67512,20401,0,0.7679410326117867,0.23205896738821336,0.0,0.42992698498630677,0.4685416666666667,0.32005638685353094,2.9746774964166267,0,3.635883331298828e-06,True,True,True,True,True,True,True,True,True,True,True,True,True,True,True,
2021-09-30,120,4249,4249,90153,13,4211,4211,1.0,68532,21621,0,0.7601743702372633,0.2398256297627367,0.0,0.39310402237638115,0.4300226346763242,0.29188562734308765,2.527665637615768,0,7.4803829193115234e-06,True,True,True,True,True,True,True,True,True,True,True,True,True,True,True,
2021-10-29,120,4289,4289,91871,14,4231,4231,1.0,70862,21009,0,0.7713206561374101,0.22867934386258992,0.0,0.3777384510201375,0.40625,0.27957938250025755,2.4859371307019615,0,3.844499588012695e-06,True,True,True,True,True,True,True,True,True,True,True,True,True,True,True,
2021-11-30,120,4340,4340,94091,15,4239,4239,1.0,77432,16659,0,0.8229479971516935,0.17705200284830644,0.0,0.3343996707731225,0.3380102040816326,0.24710940525372538,2.1344656758669496,0,3.993511199951172e-06,True,True,True,True,True,True,True,True,True,True,True,True,True,True,True,
2021-12-31,120,4390,4390,96287,16,4266,4266,1.0,72158,24129,0,0.7494054233697176,0.2505945766302824,0.0,0.37598359063156545,0.4030033744173411,0.27759719009754585,2.36263478668542,0,6.8247318267822266e-06,True,True,True,True,True,True,True,True,True,True,True,True,True,True,True,
2022-01-28,120,4433,4433,98182,17,4294,4294,1.0,76227,21955,0,0.776384673361716,0.223615326638284,0.0,0.31882308887708827,0.3337938602762447,0.23332357986466895,1.9501630181648812,0,5.3942203521728516e-06,True,True,True,True,True,True,True,True,True,True,True,True,True,True,True,
2022-02-28,120,4458,4458,99292,13,4275,4275,1.0,77391,21901,0,0.7794283527373806,0.22057164726261935,0.0,0.3157994268605426,0.31999999999999995,0.23143701866521324,1.9176608187134503,0,7.450580596923828e-06,True,True,True,True,True,True,True,True,True,True,True,True,True,True,True,
2022-03-31,120,4501,4501,101221,13,4357,4357,1.0,81639,19582,0,0.8065421207061776,0.19345787929382244,0.0,0.2944329893928719,0.298535515702091,0.2163553435799853,1.7847142529263254,0,7.450580596923828e-06,True,True,True,True,True,True,True,True,True,True,True,True,True,True,True,
2022-04-29,120,4532,4532,102605,13,4409,4409,1.0,85904,16701,0,0.8372301544759028,0.16276984552409726,0.0,0.279805933155965,0.27392578125,0.20530849274337393,1.769108641415287,0,7.4803829193115234e-06,True,True,True,True,True,True,True,True,True,True,True,True,True,True,True,
2022-05-31,120,4521,4521,102082,11,4431,4431,1.0,85622,16460,0,0.8387570776434631,0.1612429223565369,0.0,0.302741462530579,0.30340264650283555,0.22473960538217364,1.9596027984653577,0,7.12275505065918e-06,True,True,True,True,True,True,True,True,True,True,True,True,True,True,True,
2022-06-30,120,4555,4555,103631,11,4421,4421,1.0,88452,15179,0,0.8535283843637521,0.14647161563624783,0.0,0.29774796024712713,0.29218106995884774,0.22051896370952723,1.9407373897308302,0,7.510185241699219e-06,True,True,True,True,True,True,True,True,True,True,True,True,True,True,True,
2022-07-29,120,4585,4585,105014,12,4491,4491,1.0,84056,20958,0,0.800426609785362,0.19957339021463805,0.0,0.3547491176793647,0.36880165289256195,0.2619319049912114,2.4081496325985303,0,7.4803829193115234e-06,True,True,True,True,True,True,True,True,True,True,True,True,True,True,True,
2022-08-31,120,4615,4615,106388,13,4530,4530,1.0,83058,23330,0,0.7807083505658533,0.2192916494341467,0.0,0.35778180838014234,0.3748767258382643,0.2636522904988792,2.629139072847682,0,7.599592208862305e-06,True,True,True,True,True,True,True,True,True,True,True,True,True,True,True,
2022-09-30,120,4652,4652,108106,14,4530,4530,1.0,86143,21963,0,0.7968382883466227,0.20316171165337724,0.0,0.33138377792935436,0.3305719423185941,0.2413601220835017,2.3805739514348785,0,7.212162017822266e-06,True,True,True,True,True,True,True,True,True,True,True,True,True,True,True,
2022-10-31,120,4667,4667,108835,17,4433,4433,1.0,93159,15676,0,0.855965452290164,0.14403454770983598,0.0,0.2648500135418915,0.228515625,0.1942408674800788,1.764944732686668,0,7.3015689849853516e-06,True,True,True,True,True,True,True,True,True,True,True,True,True,True,True,
2022-11-30,120,4692,4692,110014,30,4305,4305,1.0,96707,13307,0,0.8790426672968895,0.12095733270311051,0.0,0.21341791796697523,0.1371938389024493,0.15857275567466436,1.3960511033681766,0,7.599592208862305e-06,True,True,True,True,True,True,True,True,True,True,True,True,True,True,True,
2022-12-30,120,4729,4729,111754,24,4240,4240,1.0,100012,11742,0,0.8949299353938114,0.10507006460618859,0.0,0.1782128626425547,0.09667361122314927,0.1311828608104588,1.1174528301886792,0,7.62939453125e-06,True,True,True,True,True,True,True,True,True,True,True,True,True,True,True,
2023-01-31,120,4754,4754,112940,30,4288,4288,1.0,99992,12948,0,0.885355055781831,0.11464494421816894,0.0,0.18344572848480753,0.10309945832981243,0.1351290052456642,1.0443097014925373,0,7.599592208862305e-06,True,True,True,True,True,True,True,True,True,True,True,True,True,True,True,
2023-02-28,120,4794,4794,114842,27,4403,4403,1.0,103147,11695,0,0.8981644346145139,0.10183556538548615,0.0,0.18929684868962582,0.1049382716049383,0.13907402298978147,1.1087894617306382,0,7.599592208862305e-06,True,True,True,True,True,True,True,True,True,True,True,True,True,True,True,
2023-03-31,120,4833,4833,116729,24,4562,4562,1.0,107973,8756,0,0.9249886489218617,0.07501135107813825,0.0,0.2007345881149309,0.10650556904459091,0.14919410221848828,1.2115300306882946,0,7.3909759521484375e-06,True,True,True,True,True,True,True,True,True,True,True,True,True,True,True,
2023-04-28,120,4862,4862,118129,21,4589,4589,1.0,109189,8940,0,0.9243200230256753,0.07567997697432467,0.0,0.19929170109637287,0.09696840534924611,0.14546493588004325,1.2118108520374808,0,7.510185241699219e-06,True,True,True,True,True,True,True,True,True,True,True,True,True,True,True,
2023-05-31,120,4856,4856,117828,16,4659,4659,1.0,106269,11559,0,0.9018993787554741,0.09810062124452591,0.0,0.22638539316449652,0.14993752603082044,0.16432355053970665,1.441081777205409,0,6.3478946685791016e-06,True,True,True,True,True,True,True,True,True,True,True,True,True,True,True,
2023-06-30,120,4858,4858,117940,11,4706,4706,1.0,101555,16385,0,0.8610734271663558,0.13892657283364424,0.0,0.2743151630799225,0.24489795918367352,0.19855876327035363,1.8546536336591586,0,7.18235969543457e-06,True,True,True,True,True,True,True,True,True,True,True,True,True,True,True,
2023-07-31,120,4876,4876,118818,14,4695,4695,1.0,99582,19236,0,0.8381053375751149,0.16189466242488512,0.0,0.3006635341692127,0.2777777777777778,0.21977584401335204,2.0794462193823215,0,6.616115570068359e-06,True,True,True,True,True,True,True,True,True,True,True,True,True,True,True,
2023-08-31,120,4897,4897,119850,18,4694,4694,1.0,98890,20960,0,0.8251147267417606,0.17488527325823947,0.0,0.27232342548185906,0.2387081491371577,0.19567744530533038,1.835960801022582,0,7.539987564086914e-06,True,True,True,True,True,True,True,True,True,True,True,True,True,True,True,
2023-09-28,120,4929,4929,121418,16,4758,4758,1.0,100951,20467,0,0.8314335600981733,0.16856643990182674,0.0,0.2764749910973319,0.24831788517619247,0.19866953679962082,1.8993274485077765,0,7.569789886474609e-06,True,True,True,True,True,True,True,True,True,True,True,True,True,True,True,
2023-10-31,120,4946,4946,122270,20,4746,4746,1.0,99971,22299,0,0.8176249284370655,0.18237507156293448,0.0,0.2696901391815959,0.24089861495844878,0.19542641149529802,1.8324905183312263,0,7.599592208862305e-06,True,True,True,True,True,True,True,True,True,True,True,True,True,True,True,
2023-11-30,120,4976,4976,123761,22,4776,4776,1.0,98089,25672,0,0.7925679333554189,0.20743206664458108,0.0,0.28345227604981466,0.265,0.20773387428223278,1.8511306532663316,0,7.599592208862305e-06,True,True,True,True,True,True,True,True,True,True,True,True,True,True,True,
2023-12-29,120,5014,5014,125662,20,4824,4824,1.0,104206,21456,0,0.8292562588531139,0.1707437411468861,0.0,0.2619880112903735,0.22997015812081145,0.18859218432026714,1.6598258706467661,0,7.450580596923828e-06,True,True,True,True,True,True,True,True,True,True,True,True,True,True,True,
2024-01-31,120,5041,5041,127017,12,4798,4798,1.0,105170,21847,0,0.8279994016548966,0.17200059834510342,0.0,0.25589147340867224,0.2207900006009254,0.18536720186267083,1.570862859524802,0,7.569789886474609e-06,True,True,True,True,True,True,True,True,True,True,True,True,True,True,True,
2024-02-29,120,5047,5047,127325,64,4123,4123,1.0,105178,22147,0,0.8260592970744158,0.17394070292558414,0.0,0.19016548716702206,0.0771160493827161,0.1454996448744396,1.0504487024011642,0,1.4632940292358398e-05,True,True,True,True,True,True,True,True,True,True,True,True,True,True,True,
2024-03-29,120,5057,5057,127832,61,4176,4176,1.0,104055,23777,0,0.8139980599536892,0.1860019400463108,0.0,0.20107545348331324,0.10525812060261924,0.15327702368728457,1.1494252873563218,0,1.5050172805786133e-05,True,True,True,True,True,True,True,True,True,True,True,True,True,True,True,
2024-04-30,120,5068,5068,128383,56,4316,4316,1.0,102318,26065,0,0.7969746773326687,0.20302532266733134,0.0,0.22706724398765613,0.18000000000000005,0.17211646229737576,1.1587117701575533,0,1.341104507446289e-05,True,True,True,True,True,True,True,True,True,True,True,True,True,True,True,
2024-05-31,120,5057,5057,127825,39,4442,4442,1.0,96501,31324,0,0.7549462155290436,0.24505378447095638,0.0,0.22489370444032702,0.16747599451303158,0.16786315226425075,1.2390814948221522,0,1.4185905456542969e-05,True,True,True,True,True,True,True,True,True,True,True,True,True,True,True,
2024-06-28,120,5065,5065,128227,38,4410,4410,1.0,96356,31871,0,0.7514486028683507,0.24855139713164934,0.0,0.24035125426007634,0.20355838325535291,0.17935511371939408,1.3036281179138323,0,1.2159347534179688e-05,True,True,True,True,True,True,True,True,True,True,True,True,True,True,True,
2024-07-31,120,5061,5061,128032,28,4538,4538,1.0,95985,32047,0,0.7496953886528368,0.2503046113471632,0.0,0.2536377302403904,0.24489795918367352,0.19143530301505257,1.3393565447333626,0,1.329183578491211e-05,True,True,True,True,True,True,True,True,True,True,True,True,True,True,True,
2024-08-30,120,5061,5061,128032,12,4935,4935,1.0,101663,26369,0,0.7940436765808548,0.20595632341914522,0.0,0.32603260055288585,0.32419932940224305,0.2353719674117471,2.2597771023302937,0,4.0531158447265625e-06,True,True,True,True,True,True,True,True,True,True,True,True,True,True,True,
2024-09-30,120,5064,5064,128176,16,4890,4890,1.0,102879,25297,0,0.802638559480714,0.19736144051928597,0.0,0.31143834046428076,0.31404958677685946,0.22727529420478992,2.0092024539877302,0,7.450580596923828e-06,True,True,True,True,True,True,True,True,True,True,True,True,True,True,True,
2024-10-31,120,5066,5066,128278,15,4907,4907,1.0,99781,28497,0,0.7778496702474313,0.22215032975256865,0.0,0.34780152906327183,0.375,0.2550548915118236,2.239046260444263,0,7.539987564086914e-06,True,True,True,True,True,True,True,True,True,True,True,True,True,True,True,
2024-11-29,120,5066,5066,128264,14,4916,4916,1.0,100185,28079,0,0.7810843260774653,0.21891567392253478,0.0,0.3296349944620367,0.3476579254980687,0.24347560865653778,2.0429210740439383,0,7.62939453125e-06,True,True,True,True,True,True,True,True,True,True,True,True,True,True,True,
2024-12-31,120,5073,5073,128609,12,4961,4961,1.0,98365,30244,0,0.764837608565497,0.23516239143450302,0.0,0.36041507443850196,0.388671875,0.26774465729450425,2.2021769804474904,0,7.569789886474609e-06,True,True,True,True,True,True,True,True,True,True,True,True,True,True,True,
2025-01-27,120,5078,5078,128845,13,4916,4916,1.0,99648,29197,0,0.7733943886064651,0.22660561139353486,0.0,0.33316540354255625,0.3628803758428387,0.24759231834927917,1.9469080553295361,0,7.4803829193115234e-06,True,True,True,True,True,True,True,True,True,True,True,True,True,True,True,
2025-02-28,120,5082,5082,129040,13,4900,4900,1.0,97323,31717,0,0.7542079975201488,0.2457920024798512,0.0,0.3177648925824877,0.33999999999999997,0.23761685419501777,1.8481632653061224,0,7.599592208862305e-06,True,True,True,True,True,True,True,True,True,True,True,True,True,True,True,
2025-03-31,120,5089,5089,129374,13,4872,4872,1.0,100020,29354,0,0.7731074249849275,0.22689257501507257,0.0,0.31316074726707827,0.3299696180555556,0.23485638308290052,1.7516420361247949,0,7.569789886474609e-06,True,True,True,True,True,True,True,True,True,True,True,True,True,True,True,
2025-04-30,120,5089,5089,129336,13,4985,4985,1.0,93589,35747,0,0.7236113688377559,0.2763886311622441,0.0,0.3773817133668459,0.40625,0.2793575937895059,2.554062186559679,0,7.569789886474609e-06,True,True,True,True,True,True,True,True,True,True,True,True,True,True,True,
2025-05-30,120,5083,5083,129019,11,5001,5001,1.0,94767,34252,0,0.7345197219014253,0.2654802780985746,0.0,0.3925643209144108,0.42000000000000004,0.2902509020241157,2.878224355128974,0,7.510185241699219e-06,True,True,True,True,True,True,True,True,True,True,True,True,True,True,True,
2025-06-30,120,5091,5091,129417,14,5020,5020,1.0,97051,32366,0,0.7499092082183948,0.2500907917816052,0.0,0.39254308607165855,0.4203869047619047,0.28832227917316106,2.915537848605578,0,7.599592208862305e-06,True,True,True,True,True,True,True,True,True,True,True,True,True,True,True,
2025-07-31,120,5102,5102,129986,13,5046,5046,1.0,96950,33036,0,0.7458495530287877,0.2541504469712123,0.0,0.3938331034065416,0.4266297322253001,0.2910894779556605,2.880697582243361,0,7.450580596923828e-06,True,True,True,True,True,True,True,True,True,True,True,True,True,True,True,
2025-08-29,120,5111,5111,130444,11,5056,5056,1.0,97056,33388,0,0.7440434209315875,0.2559565790684125,0.0,0.39638321588252445,0.4296147340017532,0.2921935969977206,2.8910205696202533,0,7.539987564086914e-06,True,True,True,True,True,True,True,True,True,True,True,True,True,True,True,
2025-09-30,120,5122,5122,131029,10,5096,5096,1.0,99499,31530,0,0.7593662471666578,0.24063375283334223,0.0,0.40155610356753674,0.4444444444444444,0.2977890569779356,2.995094191522763,0,5.27501106262207e-06,True,True,True,True,True,True,True,True,True,True,True,True,True,True,True,
2025-10-31,120,5124,5124,131177,13,5064,5064,1.0,99453,31724,0,0.7581588235742547,0.24184117642574537,0.0,0.395230187217276,0.42910359977324264,0.29661045286950455,2.938388625592417,0,7.569789886474609e-06,True,True,True,True,True,True,True,True,True,True,True,True,True,True,True,
2025-11-28,120,5130,5130,131490,11,5066,5066,1.0,96516,34974,0,0.7340177960301164,0.26598220396988365,0.0,0.4158292285524659,0.4462641062277229,0.31166326198135946,3.026450848795894,0,7.599592208862305e-06,True,True,True,True,True,True,True,True,True,True,True,True,True,True,True,
2025-12-31,120,5132,5132,131589,12,5055,5055,1.0,95560,36029,0,0.7262005182804033,0.2737994817195966,0.0,0.4153073053454391,0.4444444444444444,0.3126281982614543,2.862116716122651,0,7.092952728271484e-06,True,True,True,True,True,True,True,True,True,True,True,True,True,True,True,
2026-01-30,120,5138,5138,131887,13,5012,5012,1.0,102300,29587,0,0.7756640154071288,0.22433598459287116,0.0,0.35521865380636164,0.375,0.26178632526058443,2.484237829209896,0,7.569789886474609e-06,True,True,True,True,True,True,True,True,True,True,True,True,True,True,True,
2026-02-27,120,5136,5136,131786,18,4923,4923,1.0,103989,27797,0,0.7890747120331446,0.21092528796685536,0.0,0.3257122854140786,0.33406070224161877,0.2376338986378376,2.2608165752589886,0,7.569789886474609e-06,True,True,True,True,True,True,True,True,True,True,True,True,True,True,True,
2026-03-31,120,5142,5142,132089,21,4875,4875,1.0,105797,26292,0,0.8009523881625268,0.19904761183747322,0.0,0.29483236171259947,0.2881944444444444,0.21244774244449788,2.011282051282051,0,7.569789886474609e-06,True,True,True,True,True,True,True,True,True,True,True,True,True,True,True,
2026-04-30,120,5150,5150,132462,14,4928,4928,1.0,108480,23982,0,0.8189518503419849,0.18104814965801513,0.0,0.2937483232753411,0.272189349112426,0.21235897165151282,2.0884740259740258,0,7.450580596923828e-06,True,True,True,True,True,True,True,True,True,True,True,True,True,True,True,
2026-05-29,120,5140,5140,131953,15,4911,4911,1.0,105789,26164,0,0.8017172781217555,0.19828272187824453,0.0,0.29575817635149115,0.2777777777777778,0.21256911026375125,2.0995723885155773,0,7.271766662597656e-06,True,True,True,True,True,True,True,True,True,True,True,True,True,True,True,
2026-06-30,120,5157,5157,132846,32,4701,4701,1.0,104528,28318,0,0.7868358851602607,0.21316411483973924,0.0,0.2537802643946839,0.21417954815695606,0.18440250878202585,1.6666666666666667,0,7.569789886474609e-06,True,True,True,True,True,True,True,True,True,True,True,True,True,True,True,
2026-07-31,120,5168,5168,133426,40,4287,4287,1.0,100263,33163,0,0.7514502420817532,0.24854975791824682,0.0,0.204626349447738,0.09480262155159269,0.1507177087371253,1.2199673431303941,0,1.436471939086914e-05,True,True,True,True,True,True,True,True,True,True,True,True,True,True,True,
2026-08-31,120,5170,5170,133545,43,4215,4215,1.0,102923,30622,0,0.7706990153131903,0.22930098468680968,0.0,0.19355768679767704,0.07986111111111116,0.1414760913530601,1.1748517200474495,0,1.5169382095336914e-05,True,True,True,True,True,True,True,True,True,True,True,True,True,True,True,
2026-09-03,120,5170,5170,133548,45,4195,4195,1.0,102503,31045,0,0.7675367658070507,0.23246323419294934,0.0,0.20061761926750762,0.09849890369370884,0.14783074113792752,1.2443384982121573,0,1.4871358871459961e-05,True,True,True,True,True,True,True,True,True,True,True,True,True,True,True,
2016-01-29,252,1487,1487,10038,43,906,906,1.0,6770,3268,0,0.6744371388722853,0.3255628611277147,0.0,0.19041180740932784,0.0,0.14853907222330062,0.9392935982339956,0,3.6656856536865234e-06,True,True,True,True,True,True,True,True,True,True,True,True,True,True,True,
2016-02-29,252,1505,1505,10314,43,932,932,1.0,6969,3345,0,0.6756835369400814,0.32431646305991857,0.0,0.19743832268677533,0.0,0.15513186397545045,0.9216738197424893,0,3.4570693969726562e-06,True,True,True,True,True,True,True,True,True,True,True,True,True,True,True,
2016-03-31,252,1540,1540,10695,51,952,952,1.0,7239,3456,0,0.6768583450210379,0.32314165497896213,0.0,0.19792337062568563,0.0,0.15428627894816813,0.9149159663865546,0,3.7550926208496094e-06,True,True,True,True,True,True,True,True,True,True,True,True,True,True,True,
2016-04-29,252,1599,1599,11493,48,977,977,1.0,7916,3577,0,0.6887670756112416,0.3112329243887584,0.0,0.18918976235372764,0.0,0.14679490862019406,0.9109518935516888,0,3.635883331298828e-06,True,True,True,True,True,True,True,True,True,True,True,True,True,True,True,
2016-05-31,252,1665,1665,12615,46,1084,1084,1.0,8642,3973,0,0.6850574712643678,0.31494252873563217,0.0,0.18070936123642103,0.0,0.13923374548672207,0.7859778597785978,0,3.725290298461914e-06,True,True,True,True,True,True,True,True,True,True,True,True,True,True,True,
2016-06-30,252,1720,1720,13758,41,1118,1118,1.0,9501,4257,0,0.690580026166594,0.309419973833406,0.0,0.17487838192369118,0.0,0.13421992412350944,0.7880143112701252,0,3.6656856536865234e-06,True,True,True,True,True,True,True,True,True,True,True,True,True,True,True,
2016-07-29,252,1797,1797,15402,25,1225,1225,1.0,12265,3137,0,0.7963251525775873,0.20367484742241268,0.0,0.15733739540917988,0.0,0.12278838043329661,0.76,0,3.7550926208496094e-06,True,True,True,True,True,True,True,True,True,True,True,True,True,True,True,
2016-08-31,252,1857,1857,16611,31,1381,1381,1.0,13497,3114,0,0.8125338631027632,0.18746613689723676,0.0,0.17590727218786817,0.0,0.1414690612480533,0.8812454742939899,0,3.546476364135742e-06,True,True,True,True,True,True,True,True,True,True,True,True,True,True,True,
2016-09-30,252,1939,1939,17962,35,1579,1579,1.0,13616,4346,0,0.7580447611624541,0.24195523883754594,0.0,0.2091622272445196,0.1171875,0.16099315159765504,1.1526282457251424,0,3.6656856536865234e-06,True,True,True,True,True,True,True,True,True,True,True,True,True,True,True,
2016-10-31,252,1977,1977,18749,35,1624,1624,1.0,14481,4268,0,0.7723611925969385,0.2276388074030615,0.0,0.2231986335526939,0.15305195000300464,0.17200680760936704,1.229679802955665,0,3.725290298461914e-06,True,True,True,True,True,True,True,True,True,True,True,True,True,True,True,
2016-11-30,252,2042,2042,20019,32,1660,1660,1.0,14994,5025,0,0.748988460962086,0.25101153903791396,0.0,0.2261786613023558,0.16735537190082644,0.17786992301555796,1.1722891566265061,0,3.7848949432373047e-06,True,True,True,True,True,True,True,True,True,True,True,True,True,True,True,
2016-12-30,252,2092,2092,21106,25,1868,1868,1.0,16135,4971,0,0.76447455699801,0.23552544300198996,0.0,0.2804915456921455,0.29375850340136056,0.21577390600026902,1.439507494646681,0,3.6656856536865234e-06,True,True,True,True,True,True,True,True,True,True,True,True,True,True,True,
2017-01-26,252,2109,2109,21532,22,1949,1949,1.0,16471,5061,0,0.7649544863459038,0.23504551365409623,0.0,0.28420642558827813,0.2962962962962963,0.21663819237246906,1.5330938943047716,0,3.546476364135742e-06,True,True,True,True,True,True,True,True,True,True,True,True,True,True,True,
2017-02-28,252,2136,2136,22048,20,1964,1964,1.0,16484,5564,0,0.7476415094339622,0.25235849056603776,0.0,0.3042006852023932,0.33033607681755833,0.23208758605417704,1.6323828920570265,0,3.6656856536865234e-06,True,True,True,True,True,True,True,True,True,True,True,True,True,True,True,
2017-03-31,252,2163,2163,22717,12,2097,2097,1.0,16036,6681,0,0.7059030681868205,0.29409693181317953,0.0,0.38309997653604266,0.4384,0.290448874591919,2.1301859799713876,0,1.9073486328125e-06,True,True,True,True,True,True,True,True,True,True,True,True,True,True,True,
2017-04-28,252,2189,2189,23349,10,2114,2114,1.0,16982,6367,0,0.727311662169686,0.27268833783031393,0.0,0.3734829772783808,0.4140625,0.279253059025672,2.1769157994323556,0,1.9073486328125e-06,True,True,True,True,True,True,True,True,True,True,True,True,True,True,True,
2017-05-31,252,2210,2210,23807,11,2125,2125,1.0,17298,6509,0,0.7265930188599992,0.27340698114000084,0.0,0.3610728138939332,0.40625,0.26934705665154873,2.0672941176470587,0,1.8924474716186523e-06,True,True,True,True,True,True,True,True,True,True,True,True,True,True,True,
2017-06-30,252,2231,2231,24373,12,2150,2150,1.0,17770,6603,0,0.7290854634226398,0.2709145365773602,0.0,0.3627795843943463,0.40625,0.2738908080522104,2.0376744186046514,0,1.8924474716186523e-06,True,True,True,True,True,True,True,True,True,True,True,True,True,True,True,
2017-07-31,252,2271,2271,25254,12,2179,2179,1.0,18713,6541,0,0.7409915260948761,0.25900847390512394,0.0,0.3514562374814221,0.38222222222222224,0.26373313787141556,2.023405231757687,0,1.8924474716186523e-06,True,True,True,True,True,True,True,True,True,True,True,True,True,True,True,
2017-08-31,252,2284,2284,25636,14,2180,2180,1.0,19926,5710,0,0.7772663442034639,0.22273365579653612,0.0,0.33386125688066154,0.3614342494304687,0.25254243852672204,1.9591743119266054,0,2.9355287551879883e-06,True,True,True,True,True,True,True,True,True,True,True,True,True,True,True,
2017-09-29,252,2344,2344,26997,17,2231,2231,1.0,22069,4928,0,0.8174611993925252,0.1825388006074749,0.0,0.3001725341749454,0.2962962962962963,0.2257806735241136,1.674585387718512,0,3.5762786865234375e-06,True,True,True,True,True,True,True,True,True,True,True,True,True,True,True,
2017-10-31,252,2379,2379,27844,16,2270,2270,1.0,22324,5520,0,0.8017526217497486,0.1982473782502514,0.0,0.31139198784662925,0.31999999999999995,0.23540830337860386,1.7568281938325991,0,3.6209821701049805e-06,True,True,True,True,True,True,True,True,True,True,True,True,True,True,True,
2017-11-30,252,2433,2433,29119,13,2312,2312,1.0,23638,5481,0,0.811772382293348,0.188227617706652,0.0,0.2976980241054205,0.29107631917448656,0.22291354470006527,1.7106401384083045,0,3.1739473342895508e-06,True,True,True,True,True,True,True,True,True,True,True,True,True,True,True,
2017-12-29,252,2485,2485,30353,16,2351,2351,1.0,25472,4881,0,0.8391921721081936,0.16080782789180642,0.0,0.2889633332092099,0.2777777777777778,0.21572847774914927,1.6320714589536367,0,3.0994415283203125e-06,True,True,True,True,True,True,True,True,True,True,True,True,True,True,True,
2018-01-31,252,2527,2527,31500,18,2360,2360,1.0,26840,4660,0,0.8520634920634921,0.14793650793650795,0.0,0.2656393431283978,0.22430516991377053,0.19691976590028754,1.5864406779661018,0,3.7997961044311523e-06,True,True,True,True,True,True,True,True,True,True,True,True,True,True,True,
2018-02-28,252,2537,2537,31617,21,2332,2332,1.0,26321,5296,0,0.8324951766454756,0.16750482335452446,0.0,0.2615825190935582,0.22001685172263757,0.19462001580759491,1.5587478559176673,0,3.337860107421875e-06,True,True,True,True,True,True,True,True,True,True,True,True,True,True,True,
2018-03-30,252,2566,2566,32398,22,2339,2339,1.0,27481,4917,0,0.8482313723069326,0.15176862769306748,0.0,0.24485572306442907,0.19753086419753085,0.18002280004754906,1.4591705857203934,0,3.6954879760742188e-06,True,True,True,True,True,True,True,True,True,True,True,True,True,True,True,
2018-04-27,252,2593,2593,33196,19,2410,2410,1.0,28226,4970,0,0.8502831666465839,0.14971683335341607,0.0,0.2471404946840471,0.20217399691358023,0.18251791832390496,1.3734439834024896,0,3.7550926208496094e-06,True,True,True,True,True,True,True,True,True,True,True,True,True,True,True,
2018-05-31,252,2630,2630,34163,17,2452,2452,1.0,28756,5407,0,0.8417293563211662,0.15827064367883384,0.0,0.26706934213131717,0.24489795918367352,0.19765975175055453,1.4983686786296901,0,3.635883331298828e-06,True,True,True,True,True,True,True,True,True,True,True,True,True,True,True,
2018-06-29,252,2647,2647,34674,17,2465,2465,1.0,28956,5718,0,0.8350925765703409,0.1649074234296591,0.0,0.27327964280027417,0.2596076323568933,0.20158714169163597,1.5002028397565923,0,3.7550926208496094e-06,True,True,True,True,True,True,True,True,True,True,True,True,True,True,True,
2018-07-31,252,2695,2695,35990,15,2553,2553,1.0,29900,6090,0,0.8307863295359822,0.16921367046401778,0.0,0.2813446885167996,0.27494331065759636,0.20727315451510414,1.581668625146886,0,3.3974647521972656e-06,True,True,True,True,True,True,True,True,True,True,True,True,True,True,True,
2018-08-31,252,2774,2774,38110,15,2647,2647,1.0,30847,7263,0,0.8094200997113619,0.19057990028863817,0.0,0.2957324401632154,0.3057479224376731,0.2171249961241906,1.6169248205515678,0,3.7997961044311523e-06,True,True,True,True,True,True,True,True,True,True,True,True,True,True,True,
2018-09-28,252,2834,2834,39837,17,2700,2700,1.0,31577,8260,0,0.7926550694078369,0.20734493059216305,0.0,0.2997200863760119,0.3136605958575655,0.2206379987158202,1.62,0,3.591179847717285e-06,True,True,True,True,True,True,True,True,True,True,True,True,True,True,True,
2018-10-31,252,2899,2899,41671,16,2780,2780,1.0,32862,8809,0,0.7886059849775623,0.21139401502243765,0.0,0.3070088788600189,0.31999999999999995,0.22552668434066916,1.6866906474820145,0,3.7550926208496094e-06,True,True,True,True,True,True,True,True,True,True,True,True,True,True,True,
2018-11-30,252,2953,2953,43318,13,2830,2830,1.0,34555,8763,0,0.7977053418902073,0.2022946581097927,0.0,0.2759082800866752,0.27739304401354264,0.20160077394950804,1.4858657243816253,0,3.680586814880371e-06,True,True,True,True,True,True,True,True,True,True,True,True,True,True,True,
2018-12-28,252,3008,3008,44996,21,2875,2875,1.0,37655,7341,0,0.8368521646368566,0.1631478353631434,0.0,0.27998906178973115,0.2777777777777778,0.20745292364063414,1.5906086956521739,0,3.3080577850341797e-06,True,True,True,True,True,True,True,True,True,True,True,True,True,True,True,
2019-01-31,252,3066,3066,46784,16,2940,2940,1.0,38250,8534,0,0.8175872093023255,0.1824127906976744,0.0,0.3030967369581461,0.31999999999999995,0.22698156514081422,1.6846938775510205,0,3.7997961044311523e-06,True,True,True,True,True,True,True,True,True,True,True,True,True,True,True,
2019-02-28,252,3099,3099,47863,17,2966,2966,1.0,36798,11065,0,0.7688193385287174,0.2311806614712826,0.0,0.3059274146668859,0.31999999999999995,0.22818371026580103,1.7349966284558327,0,3.814697265625e-06,True,True,True,True,True,True,True,True,True,True,True,True,True,True,True,
2019-03-29,252,3161,3161,49811,14,3049,3049,1.0,38398,11413,0,0.7708739033546806,0.2291260966453193,0.0,0.3500010300997133,0.37869822485207105,0.2613039900088437,2.090193506067563,0,3.7103891372680664e-06,True,True,True,True,True,True,True,True,True,True,True,True,True,True,True,
2019-04-30,252,3237,3237,52230,11,3174,3174,1.0,40775,11455,0,0.7806816006126747,0.21931839938732528,0.0,0.3666779003883197,0.3952777777777778,0.2755858490709917,2.1408317580340266,0,3.680586814880371e-06,True,True,True,True,True,True,True,True,True,True,True,True,True,True,True,
2019-05-31,252,3300,3300,54285,11,3247,3247,1.0,41568,12717,0,0.7657363912683062,0.23426360873169383,0.0,0.3864934349756564,0.43043995243757427,0.29098869190594745,2.4080689867570064,0,3.7997961044311523e-06,True,True,True,True,True,True,True,True,True,True,True,True,True,True,True,
2019-06-28,252,3356,3356,56166,10,3298,3298,1.0,42475,13691,0,0.7562404301534736,0.24375956984652636,0.0,0.3895696729382448,0.42603550295857984,0.292259329739475,2.4135839902971497,0,3.7550926208496094e-06,True,True,True,True,True,True,True,True,True,True,True,True,True,True,True,
2019-07-31,252,3401,3401,57735,10,3351,3351,1.0,43699,14036,0,0.7568892352992119,0.24311076470078807,0.0,0.39862882750866896,0.4409234947940245,0.3003830528835723,2.5067144136078783,0,3.7550926208496094e-06,True,True,True,True,True,True,True,True,True,True,True,True,True,True,True,
2019-08-30,252,3451,3451,59421,12,3421,3421,1.0,43846,15575,0,0.7378872789081301,0.2621127210918699,0.0,0.4257236691735215,0.4591836734693877,0.31961106190350463,2.90207541654487,0,3.7848949432373047e-06,True,True,True,True,True,True,True,True,True,True,True,True,True,True,True,
2019-09-30,252,3482,3482,60536,10,3444,3444,1.0,44325,16211,0,0.7322089335271574,0.2677910664728426,0.0,0.4197894793215438,0.4562347568778082,0.315638330776707,2.801974448315912,0,3.6656856536865234e-06,True,True,True,True,True,True,True,True,True,True,True,True,True,True,True,
2019-10-31,252,3517,3517,61751,12,3479,3479,1.0,44683,17068,0,0.7235996178199543,0.27640038218004565,0.0,0.4176063433015092,0.45199999999999996,0.31476719873147013,2.7369933889048577,0,3.6954879760742188e-06,True,True,True,True,True,True,True,True,True,True,True,True,True,True,True,
2019-11-29,252,3534,3534,62393,13,3492,3492,1.0,44563,17830,0,0.7142307630663697,0.2857692369336304,0.0,0.42679886555668534,0.4782926725989821,0.32422264883777835,2.911512027491409,0,3.7848949432373047e-06,True,True,True,True,True,True,True,True,True,True,True,True,True,True,True,
2019-12-31,252,3552,3552,63021,11,3505,3505,1.0,45900,17121,0,0.7283286523539773,0.27167134764602274,0.0,0.41091185831151955,0.455218464218319,0.30969449206835364,2.679315263908702,0,3.814697265625e-06,True,True,True,True,True,True,True,True,True,True,True,True,True,True,True,
2020-01-23,252,3560,3560,63311,11,3504,3504,1.0,46016,17295,0,0.7268247224021103,0.2731752775978898,0.0,0.41863411325991634,0.45851364723455773,0.31667446187952203,2.814497716894977,0,3.6954879760742188e-06,True,True,True,True,True,True,True,True,True,True,True,True,True,True,True,
2020-02-28,252,3566,3566,63537,16,3443,3443,1.0,51810,11727,0,0.8154303791491572,0.1845696208508428,0.0,0.319599901129807,0.3310657596371882,0.2402786067848769,1.9834446703456288,0,3.814697265625e-06,True,True,True,True,True,True,True,True,True,True,True,True,True,True,True,
2020-03-31,252,3579,3579,63996,16,3456,3456,1.0,53074,10922,0,0.8293330833177074,0.17066691668229264,0.0,0.3133524451687893,0.31999999999999995,0.237070943938725,2.013599537037037,0,3.7848949432373047e-06,True,True,True,True,True,True,True,True,True,True,True,True,True,True,True,
2020-04-30,252,3591,3591,64433,19,3426,3426,1.0,54916,9517,0,0.8522961836326106,0.14770381636738938,0.0,0.2770488596353832,0.2551020408163265,0.20908439578740903,1.7253356684179801,0,3.725290298461914e-06,True,True,True,True,True,True,True,True,True,True,True,True,True,True,True,
2020-05-29,252,3599,3599,64704,19,3422,3422,1.0,57686,7018,0,0.8915368447082097,0.1084631552917903,0.0,0.25544480217428656,0.21875,0.1911023874765934,1.554938632378726,0,3.7848949432373047e-06,True,True,True,True,True,True,True,True,True,True,True,True,True,True,True,
2020-06-30,252,3626,3626,65580,17,3435,3435,1.0,56165,9415,0,0.8564348886855748,0.14356511131442512,0.0,0.27730453412583456,0.2603550295857988,0.20901127530340924,1.7068413391557495,0,3.7848949432373047e-06,True,True,True,True,True,True,True,True,True,True,True,True,True,True,True,
2020-07-31,252,3635,3635,66015,22,3350,3350,1.0,59358,6657,0,0.8991592819813679,0.10084071801863213,0.0,0.24291068116877435,0.17613471620620452,0.18611449302587402,1.5086567164179105,0,6.854534149169922e-06,True,True,True,True,True,True,True,True,True,True,True,True,True,True,True,
2020-08-31,252,3641,3641,66240,21,3402,3402,1.0,58944,7296,0,0.8898550724637682,0.11014492753623188,0.0,0.25449342218798804,0.2145328719723183,0.19475733873748685,1.5302763080540858,0,3.814697265625e-06,True,True,True,True,True,True,True,True,True,True,True,True,True,True,True,
2020-09-30,252,3661,3661,66940,18,3353,3353,1.0,61004,5936,0,0.911323573349268,0.088676426650732,0.0,0.22421880105995876,0.144785981039931,0.16970206900406715,1.2878019683865196,0,6.9141387939453125e-06,True,True,True,True,True,True,True,True,True,True,True,True,True,True,True,
2020-10-30,252,3688,3688,67933,19,3390,3390,1.0,61494,6439,0,0.905215432852958,0.09478456714704193,0.0,0.22348727432708038,0.1527777777777778,0.17019446487329806,1.3156342182890854,0,5.781650543212891e-06,True,True,True,True,True,True,True,True,True,True,True,True,True,True,True,
2020-11-30,252,3715,3715,68939,17,3395,3395,1.0,62661,6278,0,0.9089339851172776,0.09106601488272241,0.0,0.22137129070758127,0.1527777777777778,0.1666913180736691,1.3410898379970544,0,6.079673767089844e-06,True,True,True,True,True,True,True,True,True,True,True,True,True,True,True,
2020-12-31,252,3737,3737,69764,20,3433,3433,1.0,56928,12836,0,0.8160082564073161,0.18399174359268392,0.0,0.2639649656591221,0.24585824919125576,0.1942346430115146,1.519370812700262,0,3.814697265625e-06,True,True,True,True,True,True,True,True,True,True,True,True,True,True,True,
2021-01-29,252,3758,3758,70558,15,3485,3485,1.0,61316,9242,0,0.8690155616655801,0.13098443833441992,0.0,0.2455544199349475,0.19753086419753085,0.18330189538404287,1.5477761836441895,0,3.814697265625e-06,True,True,True,True,True,True,True,True,True,True,True,True,True,True,True,
2021-02-26,252,3766,3766,70860,15,3557,3557,1.0,58108,12752,0,0.8200395145357042,0.1799604854642958,0.0,0.2884497342871203,0.2777777777777778,0.21205025310309908,1.7357323587292663,0,3.7848949432373047e-06,True,True,True,True,True,True,True,True,True,True,True,True,True,True,True,
2021-03-31,252,3781,3781,71418,17,3562,3562,1.0,58424,12994,0,0.8180570724467221,0.18194292755327787,0.0,0.30149190365126877,0.294942411005267,0.22110660378805838,1.90314430095452,0,3.7550926208496094e-06,True,True,True,True,True,True,True,True,True,True,True,True,True,True,True,
2021-04-30,252,3805,3805,72333,17,3618,3618,1.0,58631,13702,0,0.8105705556246803,0.1894294443753197,0.0,0.3227508303482799,0.3282057121474249,0.23918127135092546,2.070480928689884,0,3.769993782043457e-06,True,True,True,True,True,True,True,True,True,True,True,True,True,True,True,
2021-05-31,252,3829,3829,73235,14,3621,3621,1.0,60176,13059,0,0.8216836212193623,0.17831637878063766,0.0,0.2978740704155969,0.29166666666666663,0.21940327212490174,1.911902789284728,0,3.814697265625e-06,True,True,True,True,True,True,True,True,True,True,True,True,True,True,True,
2021-06-30,252,3874,3874,74931,17,3670,3670,1.0,61992,12939,0,0.8273211354446091,0.17267886455539097,0.0,0.30502394586824033,0.3066709235779083,0.2244308838386824,1.9444141689373298,0,3.814697265625e-06,True,True,True,True,True,True,True,True,True,True,True,True,True,True,True,
2021-07-30,252,3936,3936,77297,16,3798,3798,1.0,63244,14053,0,0.8181947552945134,0.18180524470548662,0.0,0.32517514724716334,0.3286002764024742,0.23859142286063317,2.146129541864139,0,3.7401914596557617e-06,True,True,True,True,True,True,True,True,True,True,True,True,True,True,True,
2021-08-31,252,3994,3994,79656,16,3855,3855,1.0,66053,13603,0,0.82922818117907,0.17077181882093,0.0,0.30712594141324495,0.3058181054400336,0.2246157444668092,2.0186770428015564,0,3.7103891372680664e-06,True,True,True,True,True,True,True,True,True,True,True,True,True,True,True,
2021-09-30,252,4036,4036,81368,18,3862,3862,1.0,67624,13744,0,0.8310883885556976,0.16891161144430242,0.0,0.2845385168574658,0.2642546015816613,0.2069346299361067,1.762558259968928,0,3.814697265625e-06,True,True,True,True,True,True,True,True,True,True,True,True,True,True,True,
2021-10-29,252,4053,4053,82089,16,3860,3860,1.0,68453,13636,0,0.8338876097893749,0.16611239021062504,0.0,0.2815343088257034,0.2636884894848771,0.204329035229489,1.7468911917098446,0,3.7848949432373047e-06,True,True,True,True,True,True,True,True,True,True,True,True,True,True,True,
2021-11-30,252,4094,4094,83727,18,3920,3920,1.0,69936,13791,0,0.8352861084238059,0.16471389157619407,0.0,0.2802789178380268,0.2603550295857988,0.2029175221240122,1.7716836734693877,0,3.814697265625e-06,True,True,True,True,True,True,True,True,True,True,True,True,True,True,True,
2021-12-31,252,4137,4137,85499,17,3931,3931,1.0,70945,14554,0,0.8297757868513082,0.1702242131486918,0.0,0.28650130345666136,0.2777777777777778,0.20722005394211507,1.7888577969982193,0,3.814697265625e-06,True,True,True,True,True,True,True,True,True,True,True,True,True,True,True,
2022-01-28,252,4174,4174,87030,18,3919,3919,1.0,72863,14167,0,0.8372170515914052,0.16278294840859472,0.0,0.2839053860438768,0.2647058823529411,0.20464039293138211,1.7874457769839245,0,3.7550926208496094e-06,True,True,True,True,True,True,True,True,True,True,True,True,True,True,True,
2022-02-28,252,4196,4196,87965,17,3891,3891,1.0,74199,13766,0,0.8435059398624453,0.1564940601375547,0.0,0.2568133309804805,0.22548752834467123,0.18587218314069484,1.586738627602159,0,3.814697265625e-06,True,True,True,True,True,True,True,True,True,True,True,True,True,True,True,
2022-03-31,252,4253,4253,90361,16,3939,3939,1.0,76416,13945,0,0.8456745719945552,0.15432542800544483,0.0,0.255807952465763,0.2265625,0.18343178744596852,1.591012947448591,0,3.7848949432373047e-06,True,True,True,True,True,True,True,True,True,True,True,True,True,True,True,
2022-04-29,252,4296,4296,92203,17,3988,3988,1.0,77506,14697,0,0.8406017157793131,0.15939828422068697,0.0,0.26094756806294944,0.22709562483964674,0.18918831315960832,1.633901705115346,0,3.814697265625e-06,True,True,True,True,True,True,True,True,True,True,True,True,True,True,True,
2022-05-31,252,4332,4332,93701,14,4028,4028,1.0,77473,16228,0,0.8268108131183232,0.1731891868816768,0.0,0.2748757417388912,0.2512807076232623,0.20050635384347915,1.7775571002979147,0,3.7848949432373047e-06,True,True,True,True,True,True,True,True,True,True,True,True,True,True,True,
2022-06-30,252,4338,4338,94028,17,3994,3994,1.0,78225,15803,0,0.8319330412217637,0.16806695877823627,0.0,0.2623363744826855,0.2344045368620038,0.18955503696265713,1.7188282423635453,0,7.569789886474609e-06,True,True,True,True,True,True,True,True,True,True,True,True,True,True,True,
2022-07-29,252,4389,4389,96247,16,4052,4052,1.0,80923,15324,0,0.8407846478331792,0.15921535216682078,0.0,0.24918353761248743,0.20280043520327878,0.17920256447745223,1.6579466929911155,0,7.420778274536133e-06,True,True,True,True,True,True,True,True,True,True,True,True,True,True,True,
2022-08-31,252,4429,4429,98015,18,4065,4065,1.0,82494,15521,0,0.8416466867316227,0.1583533132683773,0.0,0.24453238137382055,0.201368233194527,0.1767881362041238,1.5731857318573186,0,7.4803829193115234e-06,True,True,True,True,True,True,True,True,True,True,True,True,True,True,True,
2022-09-30,252,4470,4470,99833,21,4069,4069,1.0,82742,17091,0,0.8288041028517624,0.17119589714823755,0.0,0.23969106304170593,0.20031217481789798,0.17268055570643018,1.5232243794544114,0,6.9141387939453125e-06,True,True,True,True,True,True,True,True,True,True,True,True,True,True,True,
2022-10-31,252,4497,4497,101051,30,4085,4085,1.0,86616,14435,0,0.8571513394226677,0.14284866057733223,0.0,0.2231884053286262,0.1706458524640343,0.16093263567654115,1.430844553243574,0,7.450580596923828e-06,True,True,True,True,True,True,True,True,True,True,True,True,True,True,True,
2022-11-30,252,4532,4532,102633,27,4066,4066,1.0,89538,13095,0,0.872409458945953,0.12759054105404694,0.0,0.20144637188897882,0.13026287890613025,0.14550969002313038,1.323905558288244,0,7.450580596923828e-06,True,True,True,True,True,True,True,True,True,True,True,True,True,True,True,
2022-12-30,252,4568,4568,104280,27,4046,4046,1.0,92109,12171,0,0.8832853855005753,0.11671461449942462,0.0,0.18907823395056766,0.10775510204081629,0.13705486446080223,1.222936233316856,0,7.241964340209961e-06,True,True,True,True,True,True,True,True,True,True,True,True,True,True,True,
2023-01-31,252,4590,4590,105288,28,4059,4059,1.0,93367,11921,0,0.8867772205759441,0.11322277942405592,0.0,0.1827448239715349,0.09499999999999997,0.1316702301833229,1.175659029317566,0,7.539987564086914e-06,True,True,True,True,True,True,True,True,True,True,True,True,True,True,True,
2023-02-28,252,4613,4613,106330,30,4138,4138,1.0,94305,12025,0,0.8869086805229004,0.11309131947709959,0.0,0.18198275342048312,0.09499999999999997,0.13147429902622815,1.2455292411793137,0,7.569789886474609e-06,True,True,True,True,True,True,True,True,True,True,True,True,True,True,True,
2023-03-31,252,4648,4648,107958,24,4183,4183,1.0,91288,16670,0,0.8455880990755664,0.15441190092443358,0.0,0.19368533816407946,0.09972299168975074,0.14014061179064433,1.2770738704279225,0,7.62939453125e-06,True,True,True,True,True,True,True,True,True,True,True,True,True,True,True,
2023-04-28,252,4669,4669,108946,20,4157,4157,1.0,98869,10077,0,0.9075046353239219,0.09249536467607805,0.0,0.16732729345639094,0.07652354570637121,0.11815676011477584,1.134471974981958,0,6.586313247680664e-06,True,True,True,True,True,True,True,True,True,True,True,True,True,True,True,
2023-05-31,252,4688,4688,109809,28,4107,4107,1.0,99927,9882,0,0.9100073764445538,0.08999262355544628,0.0,0.14879004548045818,0.05068370986920334,0.10615903842633909,0.9922084246408571,0,7.3909759521484375e-06,True,True,True,True,True,True,True,True,True,True,True,True,True,True,True,
2023-06-30,252,4690,4690,109936,28,4091,4091,1.0,101334,8602,0,0.9217544753311018,0.07824552466889827,0.0,0.13054768395506852,0.030295857988165698,0.09279505971138467,0.880224883891469,0,7.599592208862305e-06,True,True,True,True,True,True,True,True,True,True,True,True,True,True,True,
2023-07-31,252,4724,4724,111524,32,4149,4149,1.0,102274,9250,0,0.9170582116853772,0.08294178831462286,0.0,0.13789486968835368,0.031737773152965665,0.09893024731234357,0.8903350204868643,0,7.599592208862305e-06,True,True,True,True,True,True,True,True,True,True,True,True,True,True,True,
2023-08-31,252,4766,4766,113525,31,4198,4198,1.0,100679,12846,0,0.8868443074212728,0.11315569257872715,0.0,0.15457095376581848,0.044670778152293644,0.11100812442895067,0.9218675559790377,0,7.599592208862305e-06,True,True,True,True,True,True,True,True,True,True,True,True,True,True,True,
2023-09-28,252,4801,4801,115207,26,4262,4262,1.0,103166,12041,0,0.8954837813674517,0.10451621863254837,0.0,0.1602786602131502,0.04759071980963714,0.11549274294313708,0.9488503050211169,0,7.510185241699219e-06,True,True,True,True,True,True,True,True,True,True,True,True,True,True,True,
2023-10-31,252,4825,4825,116361,22,4330,4330,1.0,102777,13584,0,0.8832598551060923,0.11674014489390776,0.0,0.17679940817932133,0.08406847300987191,0.12610871717237973,1.0990762124711317,0,6.973743438720703e-06,True,True,True,True,True,True,True,True,True,True,True,True,True,True,True,
2023-11-30,252,4844,4844,117286,22,4383,4383,1.0,103385,13901,0,0.8814777552308033,0.11852224476919666,0.0,0.1785731040319524,0.08677685950413228,0.1275941886070542,1.1295916039242528,0,7.599592208862305e-06,True,True,True,True,True,True,True,True,True,True,True,True,True,True,True,
2023-12-29,252,4861,4861,118116,18,4467,4467,1.0,104923,13193,0,0.8883047173964577,0.11169528260354228,0.0,0.18904112046940444,0.1049382716049383,0.13505946198168878,1.2001343183344526,0,3.9637088775634766e-06,True,True,True,True,True,True,True,True,True,True,True,True,True,True,True,
2024-01-31,252,4876,4876,118843,17,4473,4473,1.0,101950,16893,0,0.8578544802807064,0.1421455197192935,0.0,0.20636346445426584,0.1171875,0.14864026165471148,1.3780460541023922,0,7.510185241699219e-06,True,True,True,True,True,True,True,True,True,True,True,True,True,True,True,
2024-02-29,252,4892,4892,119619,24,4315,4315,1.0,102433,17186,0,0.8563271721047659,0.14367282789523403,0.0,0.1851917760753729,0.0928362573099415,0.1328839692183984,1.277404403244496,0,7.420778274536133e-06,True,True,True,True,True,True,True,True,True,True,True,True,True,True,True,
2024-03-29,252,4919,4919,120942,24,4369,4369,1.0,102966,17976,0,0.8513667708488366,0.14863322915116337,0.0,0.1911292755380362,0.09972299168975074,0.13690861563348328,1.3247882810711833,0,7.510185241699219e-06,True,True,True,True,True,True,True,True,True,True,True,True,True,True,True,
2024-04-30,252,4942,4942,122075,28,4440,4440,1.0,103781,18294,0,0.8501413065738276,0.14985869342617245,0.0,0.2014136359330251,0.12070759625390215,0.14535047707026258,1.3547297297297298,0,7.62939453125e-06,True,True,True,True,True,True,True,True,True,True,True,True,True,True,True,
2024-05-31,252,4964,4964,123150,18,4473,4473,1.0,100879,22271,0,0.8191555014210312,0.18084449857896873,0.0,0.20954489156585987,0.13265306122448983,0.1523577072987298,1.3644086742678292,0,7.599592208862305e-06,True,True,True,True,True,True,True,True,True,True,True,True,True,True,True,
2024-06-28,252,4980,4980,123959,24,4457,4457,1.0,99702,24257,0,0.8043143297380585,0.19568567026194145,0.0,0.21502206419029163,0.1527777777777778,0.15519382339232954,1.381871213820956,0,7.510185241699219e-06,True,True,True,True,True,True,True,True,True,True,True,True,True,True,True,
2024-07-31,252,4999,4999,124907,31,4485,4485,1.0,100046,24861,0,0.8009639171543629,0.19903608284563715,0.0,0.21501606463211975,0.1490138787436085,0.15550482190029097,1.3741360089186176,0,7.4803829193115234e-06,True,True,True,True,True,True,True,True,True,True,True,True,True,True,True,
2024-08-30,252,5006,5006,125267,31,4515,4515,1.0,98815,26452,0,0.7888350483367527,0.2111649516632473,0.0,0.22532869589351148,0.1612135633551457,0.16519072369637433,1.6148394241417496,0,7.539987564086914e-06,True,True,True,True,True,True,True,True,True,True,True,True,True,True,True,
2024-09-30,252,5015,5015,125722,30,4415,4415,1.0,94177,31545,0,0.7490892604317463,0.25091073956825377,0.0,0.24237721666680032,0.2145328719723183,0.17744674827259255,1.4459796149490374,0,7.569789886474609e-06,True,True,True,True,True,True,True,True,True,True,True,True,True,True,True,
2024-10-31,252,5023,5023,126123,36,4416,4416,1.0,98836,27287,0,0.7836477089825012,0.21635229101749878,0.0,0.20613093596158374,0.1171875,0.1499672580982505,1.4189311594202898,0,7.569789886474609e-06,True,True,True,True,True,True,True,True,True,True,True,True,True,True,True,
2024-11-29,252,5034,5034,126670,25,4456,4456,1.0,101151,25519,0,0.7985395121181021,0.20146048788189785,0.0,0.20100074249926406,0.11892262692113886,0.14582981964838862,1.2627917414721723,0,7.569789886474609e-06,True,True,True,True,True,True,True,True,True,True,True,True,True,True,True,
2024-12-31,252,5042,5042,127075,20,4440,4440,1.0,101025,26050,0,0.7950029510131812,0.2049970489868188,0.0,0.20160866683763123,0.12444444444444447,0.14530921881754813,1.2184684684684686,0,7.450580596923828e-06,True,True,True,True,True,True,True,True,True,True,True,True,True,True,True,
2025-01-27,252,5049,5049,127430,21,4455,4455,1.0,103321,24109,0,0.8108059326689163,0.18919406733108374,0.0,0.1977509429286939,0.1294517958412098,0.14436484523803103,1.0915824915824917,0,7.510185241699219e-06,True,True,True,True,True,True,True,True,True,True,True,True,True,True,True,
2025-02-28,252,5052,5052,127577,20,4629,4629,1.0,100534,27043,0,0.7880260548531475,0.2119739451468525,0.0,0.22567653484018013,0.18000000000000005,0.1644503645803579,1.3538561244329228,0,7.62939453125e-06,True,True,True,True,True,True,True,True,True,True,True,True,True,True,True,
2025-03-31,252,5057,5057,127834,19,4743,4743,1.0,99561,28273,0,0.7788303581206878,0.22116964187931223,0.0,0.2731788381382121,0.2551020408163265,0.19732487303317425,1.8165717900063252,0,7.4803829193115234e-06,True,True,True,True,True,True,True,True,True,True,True,True,True,True,True,
2025-04-30,252,5054,5054,127682,15,4777,4777,1.0,99318,28364,0,0.7778543569179681,0.2221456430820319,0.0,0.3046910014539614,0.30178326474622774,0.22113248736858712,2.0701276952061964,0,7.420778274536133e-06,True,True,True,True,True,True,True,True,True,True,True,True,True,True,True,
2025-05-30,252,5056,5056,127759,17,4771,4771,1.0,99122,28637,0,0.775851407728614,0.22414859227138598,0.0,0.29516830165855285,0.2914049586776859,0.21348919155574358,1.9758960385663382,0,7.62939453125e-06,True,True,True,True,True,True,True,True,True,True,True,True,True,True,True,
2025-06-30,252,5049,5049,127427,12,4773,4773,1.0,101424,26003,0,0.7959380665008201,0.20406193349917992,0.0,0.28434870782126004,0.2777777777777778,0.20698633086614981,1.8126964173475801,0,7.510185241699219e-06,True,True,True,True,True,True,True,True,True,True,True,True,True,True,True,
2025-07-31,252,5055,5055,127725,12,4778,4778,1.0,100221,27504,0,0.7846623605402231,0.21533763945977685,0.0,0.28915879812778983,0.2777777777777778,0.21211863473105372,1.8717036416910842,0,7.3909759521484375e-06,True,True,True,True,True,True,True,True,True,True,True,True,True,True,True,
2025-08-29,252,5062,5062,128077,17,4788,4788,1.0,100441,27636,0,0.784223553018887,0.21577644698111292,0.0,0.299090877480016,0.29166666666666663,0.2213698279997909,1.9964494569757727,0,7.599592208862305e-06,True,True,True,True,True,True,True,True,True,True,True,True,True,True,True,
2025-09-30,252,5070,5070,128482,18,4733,4733,1.0,100609,27873,0,0.7830591055556421,0.21694089444435796,0.0,0.29458877714095666,0.2906574394463668,0.21645136132364254,1.9085146841326854,0,7.599592208862305e-06,True,True,True,True,True,True,True,True,True,True,True,True,True,True,True,
2025-10-31,252,5075,5075,128735,16,4866,4866,1.0,99516,29219,0,0.7730298675573853,0.22697013244261469,0.0,0.31678884922234074,0.31999999999999995,0.23080610995203452,2.211467324290999,0,7.0035457611083984e-06,True,True,True,True,True,True,True,True,True,True,True,True,True,True,True,
2025-11-28,252,5082,5082,129083,14,4879,4879,1.0,101301,27782,0,0.7847741375704005,0.21522586242959957,0.0,0.3157812482849372,0.31675388236888014,0.228415333913506,2.2598893215822913,0,7.62939453125e-06,True,True,True,True,True,True,True,True,True,True,True,True,True,True,True,
2025-12-31,252,5093,5093,129628,14,4887,4887,1.0,102322,27306,0,0.7893510661276885,0.21064893387231154,0.0,0.3141146446807729,0.31999999999999995,0.22645108785735968,2.179660323306732,0,6.9141387939453125e-06,True,True,True,True,True,True,True,True,True,True,True,True,True,True,True,
2026-01-30,252,5096,5096,129805,18,4865,4865,1.0,103759,26046,0,0.7993451716035592,0.2006548283964408,0.0,0.29784418698958026,0.2881944444444444,0.21488512751620603,2.081808838643371,0,6.884336471557617e-06,True,True,True,True,True,True,True,True,True,True,True,True,True,True,True,
2026-02-27,252,5104,5104,130191,15,4820,4820,1.0,106573,23618,0,0.8185896106489696,0.1814103893510304,0.0,0.2770948213771846,0.24880999941728338,0.19894156272639704,1.9475103734439834,0,7.12275505065918e-06,True,True,True,True,True,True,True,True,True,True,True,True,True,True,True,
2026-03-31,252,5111,5111,130563,16,4797,4797,1.0,105977,24586,0,0.8116924396651425,0.18830756033485752,0.0,0.268228601390703,0.24489795918367352,0.19158489361686623,1.8540754638315613,0,7.092952728271484e-06,True,True,True,True,True,True,True,True,True,True,True,True,True,True,True,
2026-04-30,252,5116,5116,130823,19,4772,4772,1.0,107046,23777,0,0.818250613424245,0.18174938657575504,0.0,0.26543878474352034,0.2300173611111111,0.1891220734902636,1.9308466051969824,0,7.092952728271484e-06,True,True,True,True,True,True,True,True,True,True,True,True,True,True,True,
2026-05-29,252,5123,5123,131148,22,4754,4754,1.0,102905,28243,0,0.7846478787324245,0.21535212126757555,0.0,0.2869666627737504,0.2603550295857988,0.2061891501826739,2.1384097602019354,0,6.3478946685791016e-06,True,True,True,True,True,True,True,True,True,True,True,True,True,True,True,
2026-06-30,252,5115,5115,130766,25,4590,4590,1.0,103393,27373,0,0.7906718871878011,0.2093281128121989,0.0,0.2479886199370861,0.2100591715976331,0.17686774412524225,1.7148148148148148,0,7.510185241699219e-06,True,True,True,True,True,True,True,True,True,True,True,True,True,True,True,
2026-07-31,252,5122,5122,131131,31,4318,4318,1.0,102207,28924,0,0.779426680190039,0.22057331980996103,0.0,0.21344762354100674,0.13541881654505944,0.1530598826115725,1.4214914312181566,0,7.510185241699219e-06,True,True,True,True,True,True,True,True,True,True,True,True,True,True,True,
2026-08-31,252,5124,5124,131236,31,4248,4248,1.0,104789,26447,0,0.7984775518912494,0.20152244810875064,0.0,0.19503871090914005,0.09499999999999997,0.1405561426534858,1.2944915254237288,0,8.07642936706543e-06,True,True,True,True,True,True,True,True,True,True,True,True,True,True,True,
2026-09-03,252,5125,5125,131284,27,4229,4229,1.0,104438,26846,0,0.795512019743457,0.20448798025654308,0.0,0.19572127742409828,0.08677685950413228,0.1406554445954247,1.2913218254906598,0,1.5228986740112305e-05,True,True,True,True,True,True,True,True,True,True,True,True,True,True,True,
