analysis_date,window,factor_name,method,common_sample_n,status,q1_n,q5_n
2015-04-30,60,cross_industry_degree_percentile,FULL_CHARACTERISTIC_NEUTRAL,0,INSUFFICIENT_OBS,0,0
2015-04-30,60,cross_industry_degree_ratio,FULL_CHARACTERISTIC_NEUTRAL,0,INSUFFICIENT_OBS,0,0
2015-04-30,60,delta_cross_industry_degree_percentile_1m,FULL_CHARACTERISTIC_NEUTRAL,0,INSUFFICIENT_OBS,0,0
2015-04-30,60,delta_degree_percentile,FULL_CHARACTERISTIC_NEUTRAL,0,INSUFFICIENT_OBS,0,0
2015-04-30,60,delta_residual_degree_percentile_1m,FULL_CHARACTERISTIC_NEUTRAL,0,INSUFFICIENT_OBS,0,0
2015-04-30,60,neighbor_jaccard_1m,FULL_CHARACTERISTIC_NEUTRAL,0,INSUFFICIENT_OBS,0,0
2015-04-30,60,neighbor_retention_1m,FULL_CHARACTERISTIC_NEUTRAL,0,INSUFFICIENT_OBS,0,0
2015-04-30,60,outside_community_degree_percentile,FULL_CHARACTERISTIC_NEUTRAL,0,INSUFFICIENT_OBS,0,0
2015-04-30,60,residual_degree_percentile,FULL_CHARACTERISTIC_NEUTRAL,0,INSUFFICIENT_OBS,0,0
2015-05-29,60,cross_industry_degree_percentile,FULL_CHARACTERISTIC_NEUTRAL,0,INSUFFICIENT_OBS,0,0
2015-05-29,60,cross_industry_degree_ratio,FULL_CHARACTERISTIC_NEUTRAL,0,INSUFFICIENT_OBS,0,0
2015-05-29,60,delta_cross_industry_degree_percentile_1m,FULL_CHARACTERISTIC_NEUTRAL,0,INSUFFICIENT_OBS,0,0
2015-05-29,60,delta_degree_percentile,FULL_CHARACTERISTIC_NEUTRAL,0,INSUFFICIENT_OBS,0,0
2015-05-29,60,delta_residual_degree_percentile_1m,FULL_CHARACTERISTIC_NEUTRAL,0,INSUFFICIENT_OBS,0,0
2015-05-29,60,neighbor_jaccard_1m,FULL_CHARACTERISTIC_NEUTRAL,0,INSUFFICIENT_OBS,0,0
2015-05-29,60,neighbor_retention_1m,FULL_CHARACTERISTIC_NEUTRAL,0,INSUFFICIENT_OBS,0,0
2015-05-29,60,outside_community_degree_percentile,FULL_CHARACTERISTIC_NEUTRAL,0,INSUFFICIENT_OBS,0,0
2015-05-29,60,residual_degree_percentile,FULL_CHARACTERISTIC_NEUTRAL,0,INSUFFICIENT_OBS,0,0
2015-06-30,60,cross_industry_degree_percentile,FULL_CHARACTERISTIC_NEUTRAL,0,INSUFFICIENT_OBS,0,0
2015-06-30,60,cross_industry_degree_ratio,FULL_CHARACTERISTIC_NEUTRAL,0,INSUFFICIENT_OBS,0,0
2015-06-30,60,delta_cross_industry_degree_percentile_1m,FULL_CHARACTERISTIC_NEUTRAL,0,INSUFFICIENT_OBS,0,0
2015-06-30,60,delta_degree_percentile,FULL_CHARACTERISTIC_NEUTRAL,0,INSUFFICIENT_OBS,0,0
2015-06-30,60,delta_residual_degree_percentile_1m,FULL_CHARACTERISTIC_NEUTRAL,0,INSUFFICIENT_OBS,0,0
2015-06-30,60,neighbor_jaccard_1m,FULL_CHARACTERISTIC_NEUTRAL,0,INSUFFICIENT_OBS,0,0
2015-06-30,60,neighbor_retention_1m,FULL_CHARACTERISTIC_NEUTRAL,0,INSUFFICIENT_OBS,0,0
2015-06-30,60,outside_community_degree_percentile,FULL_CHARACTERISTIC_NEUTRAL,0,INSUFFICIENT_OBS,0,0
2015-06-30,60,residual_degree_percentile,FULL_CHARACTERISTIC_NEUTRAL,0,INSUFFICIENT_OBS,0,0
2015-07-31,60,cross_industry_degree_percentile,FULL_CHARACTERISTIC_NEUTRAL,1458,PASS,292,292
2015-07-31,60,cross_industry_degree_ratio,FULL_CHARACTERISTIC_NEUTRAL,1276,PASS,256,255
2015-07-31,60,delta_cross_industry_degree_percentile_1m,FULL_CHARACTERISTIC_NEUTRAL,1364,PASS,273,273
2015-07-31,60,delta_degree_percentile,FULL_CHARACTERISTIC_NEUTRAL,1458,PASS,292,292
2015-07-31,60,delta_residual_degree_percentile_1m,FULL_CHARACTERISTIC_NEUTRAL,1364,PASS,273,273
2015-07-31,60,neighbor_jaccard_1m,FULL_CHARACTERISTIC_NEUTRAL,1353,PASS,271,271
2015-07-31,60,neighbor_retention_1m,FULL_CHARACTERISTIC_NEUTRAL,1334,PASS,267,267
2015-07-31,60,outside_community_degree_percentile,FULL_CHARACTERISTIC_NEUTRAL,1458,PASS,292,292
2015-07-31,60,residual_degree_percentile,FULL_CHARACTERISTIC_NEUTRAL,1458,PASS,292,292
2015-07-31,120,cross_industry_degree_percentile,FULL_CHARACTERISTIC_NEUTRAL,1522,PASS,305,305
2015-07-31,120,cross_industry_degree_ratio,FULL_CHARACTERISTIC_NEUTRAL,1268,PASS,254,254
2015-07-31,120,delta_cross_industry_degree_percentile_1m,FULL_CHARACTERISTIC_NEUTRAL,0,INSUFFICIENT_OBS,0,0
2015-07-31,120,delta_degree_percentile,FULL_CHARACTERISTIC_NEUTRAL,1522,PASS,305,305
2015-07-31,120,delta_residual_degree_percentile_1m,FULL_CHARACTERISTIC_NEUTRAL,0,INSUFFICIENT_OBS,0,0
2015-07-31,120,neighbor_jaccard_1m,FULL_CHARACTERISTIC_NEUTRAL,0,INSUFFICIENT_OBS,0,0
2015-07-31,120,neighbor_retention_1m,FULL_CHARACTERISTIC_NEUTRAL,0,INSUFFICIENT_OBS,0,0
2015-07-31,120,outside_community_degree_percentile,FULL_CHARACTERISTIC_NEUTRAL,1522,PASS,305,305
2015-07-31,120,residual_degree_percentile,FULL_CHARACTERISTIC_NEUTRAL,1522,PASS,305,305
2015-08-31,60,cross_industry_degree_percentile,FULL_CHARACTERISTIC_NEUTRAL,1496,PASS,300,299
2015-08-31,60,cross_industry_degree_ratio,FULL_CHARACTERISTIC_NEUTRAL,1330,PASS,266,266
2015-08-31,60,delta_cross_industry_degree_percentile_1m,FULL_CHARACTERISTIC_NEUTRAL,1370,PASS,274,274
2015-08-31,60,delta_degree_percentile,FULL_CHARACTERISTIC_NEUTRAL,1496,PASS,300,299
2015-08-31,60,delta_residual_degree_percentile_1m,FULL_CHARACTERISTIC_NEUTRAL,1370,PASS,274,274
2015-08-31,60,neighbor_jaccard_1m,FULL_CHARACTERISTIC_NEUTRAL,1314,PASS,263,263
2015-08-31,60,neighbor_retention_1m,FULL_CHARACTERISTIC_NEUTRAL,1196,PASS,240,239
2015-08-31,60,outside_community_degree_percentile,FULL_CHARACTERISTIC_NEUTRAL,1496,PASS,300,299
2015-08-31,60,residual_degree_percentile,FULL_CHARACTERISTIC_NEUTRAL,1496,PASS,300,299
2015-08-31,120,cross_industry_degree_percentile,FULL_CHARACTERISTIC_NEUTRAL,1482,PASS,297,297
2015-08-31,120,cross_industry_degree_ratio,FULL_CHARACTERISTIC_NEUTRAL,1173,PASS,235,235
2015-08-31,120,delta_cross_industry_degree_percentile_1m,FULL_CHARACTERISTIC_NEUTRAL,1437,PASS,288,288
2015-08-31,120,delta_degree_percentile,FULL_CHARACTERISTIC_NEUTRAL,1482,PASS,297,297
2015-08-31,120,delta_residual_degree_percentile_1m,FULL_CHARACTERISTIC_NEUTRAL,1437,PASS,288,288
2015-08-31,120,neighbor_jaccard_1m,FULL_CHARACTERISTIC_NEUTRAL,1263,PASS,253,253
2015-08-31,120,neighbor_retention_1m,FULL_CHARACTERISTIC_NEUTRAL,1194,PASS,239,239
2015-08-31,120,outside_community_degree_percentile,FULL_CHARACTERISTIC_NEUTRAL,1482,PASS,297,297
2015-08-31,120,residual_degree_percentile,FULL_CHARACTERISTIC_NEUTRAL,1482,PASS,297,297
2015-09-30,60,cross_industry_degree_percentile,FULL_CHARACTERISTIC_NEUTRAL,1628,PASS,326,326
2015-09-30,60,cross_industry_degree_ratio,FULL_CHARACTERISTIC_NEUTRAL,1403,PASS,281,281
2015-09-30,60,delta_cross_industry_degree_percentile_1m,FULL_CHARACTERISTIC_NEUTRAL,1461,PASS,293,292
2015-09-30,60,delta_degree_percentile,FULL_CHARACTERISTIC_NEUTRAL,1628,PASS,326,326
2015-09-30,60,delta_residual_degree_percentile_1m,FULL_CHARACTERISTIC_NEUTRAL,1461,PASS,293,292
2015-09-30,60,neighbor_jaccard_1m,FULL_CHARACTERISTIC_NEUTRAL,1374,PASS,275,275
2015-09-30,60,neighbor_retention_1m,FULL_CHARACTERISTIC_NEUTRAL,1287,PASS,258,258
2015-09-30,60,outside_community_degree_percentile,FULL_CHARACTERISTIC_NEUTRAL,1628,PASS,326,326
2015-09-30,60,residual_degree_percentile,FULL_CHARACTERISTIC_NEUTRAL,1628,PASS,326,326
2015-09-30,120,cross_industry_degree_percentile,FULL_CHARACTERISTIC_NEUTRAL,1537,PASS,308,308
2015-09-30,120,cross_industry_degree_ratio,FULL_CHARACTERISTIC_NEUTRAL,1140,PASS,228,228
2015-09-30,120,delta_cross_industry_degree_percentile_1m,FULL_CHARACTERISTIC_NEUTRAL,1455,PASS,291,291
2015-09-30,120,delta_degree_percentile,FULL_CHARACTERISTIC_NEUTRAL,1537,PASS,308,308
2015-09-30,120,delta_residual_degree_percentile_1m,FULL_CHARACTERISTIC_NEUTRAL,1455,PASS,291,291
2015-09-30,120,neighbor_jaccard_1m,FULL_CHARACTERISTIC_NEUTRAL,1214,PASS,243,243
2015-09-30,120,neighbor_retention_1m,FULL_CHARACTERISTIC_NEUTRAL,1148,PASS,230,230
2015-09-30,120,outside_community_degree_percentile,FULL_CHARACTERISTIC_NEUTRAL,1537,PASS,308,308
2015-09-30,120,residual_degree_percentile,FULL_CHARACTERISTIC_NEUTRAL,1537,PASS,308,308
2015-10-30,60,cross_industry_degree_percentile,FULL_CHARACTERISTIC_NEUTRAL,1856,PASS,372,371
2015-10-30,60,cross_industry_degree_ratio,FULL_CHARACTERISTIC_NEUTRAL,1661,PASS,333,332
2015-10-30,60,delta_cross_industry_degree_percentile_1m,FULL_CHARACTERISTIC_NEUTRAL,1580,PASS,316,316
2015-10-30,60,delta_degree_percentile,FULL_CHARACTERISTIC_NEUTRAL,1856,PASS,372,371
2015-10-30,60,delta_residual_degree_percentile_1m,FULL_CHARACTERISTIC_NEUTRAL,1580,PASS,316,316
2015-10-30,60,neighbor_jaccard_1m,FULL_CHARACTERISTIC_NEUTRAL,1488,PASS,298,298
2015-10-30,60,neighbor_retention_1m,FULL_CHARACTERISTIC_NEUTRAL,1354,PASS,271,271
2015-10-30,60,outside_community_degree_percentile,FULL_CHARACTERISTIC_NEUTRAL,1856,PASS,372,371
2015-10-30,60,residual_degree_percentile,FULL_CHARACTERISTIC_NEUTRAL,1856,PASS,372,371
2015-10-30,120,cross_industry_degree_percentile,FULL_CHARACTERISTIC_NEUTRAL,1591,PASS,319,318
2015-10-30,120,cross_industry_degree_ratio,FULL_CHARACTERISTIC_NEUTRAL,1200,PASS,240,240
2015-10-30,120,delta_cross_industry_degree_percentile_1m,FULL_CHARACTERISTIC_NEUTRAL,1499,PASS,300,300
2015-10-30,120,delta_degree_percentile,FULL_CHARACTERISTIC_NEUTRAL,1591,PASS,319,318
2015-10-30,120,delta_residual_degree_percentile_1m,FULL_CHARACTERISTIC_NEUTRAL,1499,PASS,300,300
2015-10-30,120,neighbor_jaccard_1m,FULL_CHARACTERISTIC_NEUTRAL,1202,PASS,241,241
2015-10-30,120,neighbor_retention_1m,FULL_CHARACTERISTIC_NEUTRAL,1114,PASS,223,223
2015-10-30,120,outside_community_degree_percentile,FULL_CHARACTERISTIC_NEUTRAL,1591,PASS,319,318
2015-10-30,120,residual_degree_percentile,FULL_CHARACTERISTIC_NEUTRAL,1591,PASS,319,318
2015-11-30,60,cross_industry_degree_percentile,FULL_CHARACTERISTIC_NEUTRAL,1979,PASS,396,396
2015-11-30,60,cross_industry_degree_ratio,FULL_CHARACTERISTIC_NEUTRAL,1892,PASS,379,379
2015-11-30,60,delta_cross_industry_degree_percentile_1m,FULL_CHARACTERISTIC_NEUTRAL,1835,PASS,367,367
2015-11-30,60,delta_degree_percentile,FULL_CHARACTERISTIC_NEUTRAL,1979,PASS,396,396
2015-11-30,60,delta_residual_degree_percentile_1m,FULL_CHARACTERISTIC_NEUTRAL,1835,PASS,367,367
2015-11-30,60,neighbor_jaccard_1m,FULL_CHARACTERISTIC_NEUTRAL,1799,PASS,360,360
2015-11-30,60,neighbor_retention_1m,FULL_CHARACTERISTIC_NEUTRAL,1637,PASS,328,328
2015-11-30,60,outside_community_degree_percentile,FULL_CHARACTERISTIC_NEUTRAL,1979,PASS,396,396
2015-11-30,60,residual_degree_percentile,FULL_CHARACTERISTIC_NEUTRAL,1979,PASS,396,396
2015-11-30,120,cross_industry_degree_percentile,FULL_CHARACTERISTIC_NEUTRAL,1699,PASS,340,340
2015-11-30,120,cross_industry_degree_ratio,FULL_CHARACTERISTIC_NEUTRAL,1340,PASS,268,268
2015-11-30,120,delta_cross_industry_degree_percentile_1m,FULL_CHARACTERISTIC_NEUTRAL,1558,PASS,312,312
2015-11-30,120,delta_degree_percentile,FULL_CHARACTERISTIC_NEUTRAL,1699,PASS,340,340
2015-11-30,120,delta_residual_degree_percentile_1m,FULL_CHARACTERISTIC_NEUTRAL,1558,PASS,312,312
2015-11-30,120,neighbor_jaccard_1m,FULL_CHARACTERISTIC_NEUTRAL,1309,PASS,262,262
2015-11-30,120,neighbor_retention_1m,FULL_CHARACTERISTIC_NEUTRAL,1175,PASS,235,235
2015-11-30,120,outside_community_degree_percentile,FULL_CHARACTERISTIC_NEUTRAL,1699,PASS,340,340
2015-11-30,120,residual_degree_percentile,FULL_CHARACTERISTIC_NEUTRAL,1699,PASS,340,340
2015-12-31,60,cross_industry_degree_percentile,FULL_CHARACTERISTIC_NEUTRAL,2113,PASS,423,423
2015-12-31,60,cross_industry_degree_ratio,FULL_CHARACTERISTIC_NEUTRAL,2024,PASS,405,405
2015-12-31,60,delta_cross_industry_degree_percentile_1m,FULL_CHARACTERISTIC_NEUTRAL,1951,PASS,391,390
2015-12-31,60,delta_degree_percentile,FULL_CHARACTERISTIC_NEUTRAL,2113,PASS,423,423
2015-12-31,60,delta_residual_degree_percentile_1m,FULL_CHARACTERISTIC_NEUTRAL,1951,PASS,391,390
2015-12-31,60,neighbor_jaccard_1m,FULL_CHARACTERISTIC_NEUTRAL,1929,PASS,386,386
2015-12-31,60,neighbor_retention_1m,FULL_CHARACTERISTIC_NEUTRAL,1866,PASS,374,373
2015-12-31,60,outside_community_degree_percentile,FULL_CHARACTERISTIC_NEUTRAL,2113,PASS,423,423
2015-12-31,60,residual_degree_percentile,FULL_CHARACTERISTIC_NEUTRAL,2113,PASS,423,423
2015-12-31,120,cross_industry_degree_percentile,FULL_CHARACTERISTIC_NEUTRAL,1835,PASS,367,367
2015-12-31,120,cross_industry_degree_ratio,FULL_CHARACTERISTIC_NEUTRAL,1356,PASS,272,271
2015-12-31,120,delta_cross_industry_degree_percentile_1m,FULL_CHARACTERISTIC_NEUTRAL,1666,PASS,334,333
2015-12-31,120,delta_degree_percentile,FULL_CHARACTERISTIC_NEUTRAL,1835,PASS,367,367
2015-12-31,120,delta_residual_degree_percentile_1m,FULL_CHARACTERISTIC_NEUTRAL,1666,PASS,334,333
2015-12-31,120,neighbor_jaccard_1m,FULL_CHARACTERISTIC_NEUTRAL,1409,PASS,282,282
2015-12-31,120,neighbor_retention_1m,FULL_CHARACTERISTIC_NEUTRAL,1309,PASS,262,262
2015-12-31,120,outside_community_degree_percentile,FULL_CHARACTERISTIC_NEUTRAL,1835,PASS,367,367
2015-12-31,120,residual_degree_percentile,FULL_CHARACTERISTIC_NEUTRAL,1835,PASS,367,367
2016-01-29,60,cross_industry_degree_percentile,FULL_CHARACTERISTIC_NEUTRAL,2193,PASS,439,439
2016-01-29,60,cross_industry_degree_ratio,FULL_CHARACTERISTIC_NEUTRAL,2063,PASS,413,413
2016-01-29,60,delta_cross_industry_degree_percentile_1m,FULL_CHARACTERISTIC_NEUTRAL,2033,PASS,407,407
2016-01-29,60,delta_degree_percentile,FULL_CHARACTERISTIC_NEUTRAL,2193,PASS,439,439
2016-01-29,60,delta_residual_degree_percentile_1m,FULL_CHARACTERISTIC_NEUTRAL,2033,PASS,407,407
2016-01-29,60,neighbor_jaccard_1m,FULL_CHARACTERISTIC_NEUTRAL,2004,PASS,401,401
2016-01-29,60,neighbor_retention_1m,FULL_CHARACTERISTIC_NEUTRAL,1945,PASS,389,389
2016-01-29,60,outside_community_degree_percentile,FULL_CHARACTERISTIC_NEUTRAL,2193,PASS,439,439
2016-01-29,60,residual_degree_percentile,FULL_CHARACTERISTIC_NEUTRAL,2193,PASS,439,439
2016-01-29,120,cross_industry_degree_percentile,FULL_CHARACTERISTIC_NEUTRAL,1971,PASS,395,394
2016-01-29,120,cross_industry_degree_ratio,FULL_CHARACTERISTIC_NEUTRAL,1632,PASS,327,327
2016-01-29,120,delta_cross_industry_degree_percentile_1m,FULL_CHARACTERISTIC_NEUTRAL,1794,PASS,359,359
2016-01-29,120,delta_degree_percentile,FULL_CHARACTERISTIC_NEUTRAL,1971,PASS,395,394
2016-01-29,120,delta_residual_degree_percentile_1m,FULL_CHARACTERISTIC_NEUTRAL,1794,PASS,359,359
2016-01-29,120,neighbor_jaccard_1m,FULL_CHARACTERISTIC_NEUTRAL,1568,PASS,314,314
2016-01-29,120,neighbor_retention_1m,FULL_CHARACTERISTIC_NEUTRAL,1333,PASS,267,267
2016-01-29,120,outside_community_degree_percentile,FULL_CHARACTERISTIC_NEUTRAL,1971,PASS,395,394
2016-01-29,120,residual_degree_percentile,FULL_CHARACTERISTIC_NEUTRAL,1971,PASS,395,394
2016-01-29,252,cross_industry_degree_percentile,FULL_CHARACTERISTIC_NEUTRAL,1487,PASS,298,298
2016-01-29,252,cross_industry_degree_ratio,FULL_CHARACTERISTIC_NEUTRAL,906,PASS,182,181
2016-01-29,252,delta_cross_industry_degree_percentile_1m,FULL_CHARACTERISTIC_NEUTRAL,0,INSUFFICIENT_OBS,0,0
2016-01-29,252,delta_degree_percentile,FULL_CHARACTERISTIC_NEUTRAL,1487,PASS,298,298
2016-01-29,252,delta_residual_degree_percentile_1m,FULL_CHARACTERISTIC_NEUTRAL,0,INSUFFICIENT_OBS,0,0
2016-01-29,252,neighbor_jaccard_1m,FULL_CHARACTERISTIC_NEUTRAL,0,INSUFFICIENT_OBS,0,0
2016-01-29,252,neighbor_retention_1m,FULL_CHARACTERISTIC_NEUTRAL,0,INSUFFICIENT_OBS,0,0
2016-01-29,252,outside_community_degree_percentile,FULL_CHARACTERISTIC_NEUTRAL,1487,PASS,298,298
2016-01-29,252,residual_degree_percentile,FULL_CHARACTERISTIC_NEUTRAL,1487,PASS,298,298
2016-02-29,60,cross_industry_degree_percentile,FULL_CHARACTERISTIC_NEUTRAL,2239,PASS,448,448
2016-02-29,60,cross_industry_degree_ratio,FULL_CHARACTERISTIC_NEUTRAL,2157,PASS,432,432
2016-02-29,60,delta_cross_industry_degree_percentile_1m,FULL_CHARACTERISTIC_NEUTRAL,2126,PASS,426,425
2016-02-29,60,delta_degree_percentile,FULL_CHARACTERISTIC_NEUTRAL,2239,PASS,448,448
2016-02-29,60,delta_residual_degree_percentile_1m,FULL_CHARACTERISTIC_NEUTRAL,2126,PASS,426,425
2016-02-29,60,neighbor_jaccard_1m,FULL_CHARACTERISTIC_NEUTRAL,2103,PASS,421,421
2016-02-29,60,neighbor_retention_1m,FULL_CHARACTERISTIC_NEUTRAL,1992,PASS,399,399
2016-02-29,60,outside_community_degree_percentile,FULL_CHARACTERISTIC_NEUTRAL,2239,PASS,448,448
2016-02-29,60,residual_degree_percentile,FULL_CHARACTERISTIC_NEUTRAL,2239,PASS,448,448
2016-02-29,120,cross_industry_degree_percentile,FULL_CHARACTERISTIC_NEUTRAL,2013,PASS,403,403
2016-02-29,120,cross_industry_degree_ratio,FULL_CHARACTERISTIC_NEUTRAL,1698,PASS,340,340
2016-02-29,120,delta_cross_industry_degree_percentile_1m,FULL_CHARACTERISTIC_NEUTRAL,1931,PASS,387,386
2016-02-29,120,delta_degree_percentile,FULL_CHARACTERISTIC_NEUTRAL,2013,PASS,403,403
2016-02-29,120,delta_residual_degree_percentile_1m,FULL_CHARACTERISTIC_NEUTRAL,1931,PASS,387,386
2016-02-29,120,neighbor_jaccard_1m,FULL_CHARACTERISTIC_NEUTRAL,1730,PASS,346,346
2016-02-29,120,neighbor_retention_1m,FULL_CHARACTERISTIC_NEUTRAL,1599,PASS,320,320
2016-02-29,120,outside_community_degree_percentile,FULL_CHARACTERISTIC_NEUTRAL,2013,PASS,403,403
2016-02-29,120,residual_degree_percentile,FULL_CHARACTERISTIC_NEUTRAL,2013,PASS,403,403
2016-02-29,252,cross_industry_degree_percentile,FULL_CHARACTERISTIC_NEUTRAL,1505,PASS,301,301
2016-02-29,252,cross_industry_degree_ratio,FULL_CHARACTERISTIC_NEUTRAL,932,PASS,187,187
2016-02-29,252,delta_cross_industry_degree_percentile_1m,FULL_CHARACTERISTIC_NEUTRAL,1468,PASS,294,294
2016-02-29,252,delta_degree_percentile,FULL_CHARACTERISTIC_NEUTRAL,1505,PASS,301,301
2016-02-29,252,delta_residual_degree_percentile_1m,FULL_CHARACTERISTIC_NEUTRAL,1468,PASS,294,294
2016-02-29,252,neighbor_jaccard_1m,FULL_CHARACTERISTIC_NEUTRAL,934,PASS,187,187
2016-02-29,252,neighbor_retention_1m,FULL_CHARACTERISTIC_NEUTRAL,896,PASS,180,179
2016-02-29,252,outside_community_degree_percentile,FULL_CHARACTERISTIC_NEUTRAL,1505,PASS,301,301
2016-02-29,252,residual_degree_percentile,FULL_CHARACTERISTIC_NEUTRAL,1505,PASS,301,301
2016-03-31,60,cross_industry_degree_percentile,FULL_CHARACTERISTIC_NEUTRAL,2258,PASS,452,452
2016-03-31,60,cross_industry_degree_ratio,FULL_CHARACTERISTIC_NEUTRAL,2211,PASS,443,442
2016-03-31,60,delta_cross_industry_degree_percentile_1m,FULL_CHARACTERISTIC_NEUTRAL,2126,PASS,426,425
2016-03-31,60,delta_degree_percentile,FULL_CHARACTERISTIC_NEUTRAL,2258,PASS,452,452
2016-03-31,60,delta_residual_degree_percentile_1m,FULL_CHARACTERISTIC_NEUTRAL,2126,PASS,426,425
2016-03-31,60,neighbor_jaccard_1m,FULL_CHARACTERISTIC_NEUTRAL,2114,PASS,423,423
2016-03-31,60,neighbor_retention_1m,FULL_CHARACTERISTIC_NEUTRAL,2043,PASS,409,409
2016-03-31,60,outside_community_degree_percentile,FULL_CHARACTERISTIC_NEUTRAL,2258,PASS,452,452
2016-03-31,60,residual_degree_percentile,FULL_CHARACTERISTIC_NEUTRAL,2258,PASS,452,452
2016-03-31,120,cross_industry_degree_percentile,FULL_CHARACTERISTIC_NEUTRAL,2060,PASS,412,412
2016-03-31,120,cross_industry_degree_ratio,FULL_CHARACTERISTIC_NEUTRAL,1835,PASS,367,367
2016-03-31,120,delta_cross_industry_degree_percentile_1m,FULL_CHARACTERISTIC_NEUTRAL,1945,PASS,389,389
2016-03-31,120,delta_degree_percentile,FULL_CHARACTERISTIC_NEUTRAL,2060,PASS,412,412
2016-03-31,120,delta_residual_degree_percentile_1m,FULL_CHARACTERISTIC_NEUTRAL,1945,PASS,389,389
2016-03-31,120,neighbor_jaccard_1m,FULL_CHARACTERISTIC_NEUTRAL,1806,PASS,362,361
2016-03-31,120,neighbor_retention_1m,FULL_CHARACTERISTIC_NEUTRAL,1631,PASS,327,326
2016-03-31,120,outside_community_degree_percentile,FULL_CHARACTERISTIC_NEUTRAL,2060,PASS,412,412
2016-03-31,120,residual_degree_percentile,FULL_CHARACTERISTIC_NEUTRAL,2060,PASS,412,412
2016-03-31,252,cross_industry_degree_percentile,FULL_CHARACTERISTIC_NEUTRAL,1540,PASS,308,308
2016-03-31,252,cross_industry_degree_ratio,FULL_CHARACTERISTIC_NEUTRAL,952,PASS,191,191
2016-03-31,252,delta_cross_industry_degree_percentile_1m,FULL_CHARACTERISTIC_NEUTRAL,1461,PASS,293,292
2016-03-31,252,delta_degree_percentile,FULL_CHARACTERISTIC_NEUTRAL,1540,PASS,308,308
2016-03-31,252,delta_residual_degree_percentile_1m,FULL_CHARACTERISTIC_NEUTRAL,1461,PASS,293,292
2016-03-31,252,neighbor_jaccard_1m,FULL_CHARACTERISTIC_NEUTRAL,952,PASS,191,191
2016-03-31,252,neighbor_retention_1m,FULL_CHARACTERISTIC_NEUTRAL,904,PASS,181,181
2016-03-31,252,outside_community_degree_percentile,FULL_CHARACTERISTIC_NEUTRAL,1540,PASS,308,308
2016-03-31,252,residual_degree_percentile,FULL_CHARACTERISTIC_NEUTRAL,1540,PASS,308,308
2016-04-29,60,cross_industry_degree_percentile,FULL_CHARACTERISTIC_NEUTRAL,2211,PASS,443,442
2016-04-29,60,cross_industry_degree_ratio,FULL_CHARACTERISTIC_NEUTRAL,2197,PASS,440,440
2016-04-29,60,delta_cross_industry_degree_percentile_1m,FULL_CHARACTERISTIC_NEUTRAL,2118,PASS,424,424
2016-04-29,60,delta_degree_percentile,FULL_CHARACTERISTIC_NEUTRAL,2211,PASS,443,442
2016-04-29,60,delta_residual_degree_percentile_1m,FULL_CHARACTERISTIC_NEUTRAL,2118,PASS,424,424
2016-04-29,60,neighbor_jaccard_1m,FULL_CHARACTERISTIC_NEUTRAL,2116,PASS,424,423
2016-04-29,60,neighbor_retention_1m,FULL_CHARACTERISTIC_NEUTRAL,2068,PASS,414,414
2016-04-29,60,outside_community_degree_percentile,FULL_CHARACTERISTIC_NEUTRAL,2211,PASS,443,442
2016-04-29,60,residual_degree_percentile,FULL_CHARACTERISTIC_NEUTRAL,2211,PASS,443,442
2016-04-29,120,cross_industry_degree_percentile,FULL_CHARACTERISTIC_NEUTRAL,2077,PASS,416,416
2016-04-29,120,cross_industry_degree_ratio,FULL_CHARACTERISTIC_NEUTRAL,1790,PASS,358,358
2016-04-29,120,delta_cross_industry_degree_percentile_1m,FULL_CHARACTERISTIC_NEUTRAL,1961,PASS,393,392
2016-04-29,120,delta_degree_percentile,FULL_CHARACTERISTIC_NEUTRAL,2077,PASS,416,416
2016-04-29,120,delta_residual_degree_percentile_1m,FULL_CHARACTERISTIC_NEUTRAL,1961,PASS,393,392
2016-04-29,120,neighbor_jaccard_1m,FULL_CHARACTERISTIC_NEUTRAL,1816,PASS,364,363
2016-04-29,120,neighbor_retention_1m,FULL_CHARACTERISTIC_NEUTRAL,1731,PASS,347,346
2016-04-29,120,outside_community_degree_percentile,FULL_CHARACTERISTIC_NEUTRAL,2077,PASS,416,416
2016-04-29,120,residual_degree_percentile,FULL_CHARACTERISTIC_NEUTRAL,2077,PASS,416,416
2016-04-29,252,cross_industry_degree_percentile,FULL_CHARACTERISTIC_NEUTRAL,1599,PASS,320,320
2016-04-29,252,cross_industry_degree_ratio,FULL_CHARACTERISTIC_NEUTRAL,977,PASS,196,196
2016-04-29,252,delta_cross_industry_degree_percentile_1m,FULL_CHARACTERISTIC_NEUTRAL,1497,PASS,300,300
2016-04-29,252,delta_degree_percentile,FULL_CHARACTERISTIC_NEUTRAL,1599,PASS,320,320
2016-04-29,252,delta_residual_degree_percentile_1m,FULL_CHARACTERISTIC_NEUTRAL,1497,PASS,300,300
2016-04-29,252,neighbor_jaccard_1m,FULL_CHARACTERISTIC_NEUTRAL,983,PASS,197,197
2016-04-29,252,neighbor_retention_1m,FULL_CHARACTERISTIC_NEUTRAL,934,PASS,187,187
2016-04-29,252,outside_community_degree_percentile,FULL_CHARACTERISTIC_NEUTRAL,1599,PASS,320,320
2016-04-29,252,residual_degree_percentile,FULL_CHARACTERISTIC_NEUTRAL,1599,PASS,320,320
2016-05-31,60,cross_industry_degree_percentile,FULL_CHARACTERISTIC_NEUTRAL,2220,PASS,444,444
2016-05-31,60,cross_industry_degree_ratio,FULL_CHARACTERISTIC_NEUTRAL,2217,PASS,444,444
2016-05-31,60,delta_cross_industry_degree_percentile_1m,FULL_CHARACTERISTIC_NEUTRAL,2118,PASS,424,424
2016-05-31,60,delta_degree_percentile,FULL_CHARACTERISTIC_NEUTRAL,2220,PASS,444,444
2016-05-31,60,delta_residual_degree_percentile_1m,FULL_CHARACTERISTIC_NEUTRAL,2118,PASS,424,424
2016-05-31,60,neighbor_jaccard_1m,FULL_CHARACTERISTIC_NEUTRAL,2118,PASS,424,424
2016-05-31,60,neighbor_retention_1m,FULL_CHARACTERISTIC_NEUTRAL,2103,PASS,421,421
2016-05-31,60,outside_community_degree_percentile,FULL_CHARACTERISTIC_NEUTRAL,2220,PASS,444,444
2016-05-31,60,residual_degree_percentile,FULL_CHARACTERISTIC_NEUTRAL,2220,PASS,444,444
2016-05-31,120,cross_industry_degree_percentile,FULL_CHARACTERISTIC_NEUTRAL,2111,PASS,423,422
2016-05-31,120,cross_industry_degree_ratio,FULL_CHARACTERISTIC_NEUTRAL,1968,PASS,394,394
2016-05-31,120,delta_cross_industry_degree_percentile_1m,FULL_CHARACTERISTIC_NEUTRAL,2014,PASS,403,403
2016-05-31,120,delta_degree_percentile,FULL_CHARACTERISTIC_NEUTRAL,2111,PASS,423,422
2016-05-31,120,delta_residual_degree_percentile_1m,FULL_CHARACTERISTIC_NEUTRAL,2014,PASS,403,403
2016-05-31,120,neighbor_jaccard_1m,FULL_CHARACTERISTIC_NEUTRAL,1943,PASS,389,389
2016-05-31,120,neighbor_retention_1m,FULL_CHARACTERISTIC_NEUTRAL,1729,PASS,346,346
2016-05-31,120,outside_community_degree_percentile,FULL_CHARACTERISTIC_NEUTRAL,2111,PASS,423,422
2016-05-31,120,residual_degree_percentile,FULL_CHARACTERISTIC_NEUTRAL,2111,PASS,423,422
2016-05-31,252,cross_industry_degree_percentile,FULL_CHARACTERISTIC_NEUTRAL,1665,PASS,333,333
2016-05-31,252,cross_industry_degree_ratio,FULL_CHARACTERISTIC_NEUTRAL,1084,PASS,217,217
2016-05-31,252,delta_cross_industry_degree_percentile_1m,FULL_CHARACTERISTIC_NEUTRAL,1551,PASS,311,310
2016-05-31,252,delta_degree_percentile,FULL_CHARACTERISTIC_NEUTRAL,1665,PASS,333,333
2016-05-31,252,delta_residual_degree_percentile_1m,FULL_CHARACTERISTIC_NEUTRAL,1551,PASS,311,310
2016-05-31,252,neighbor_jaccard_1m,FULL_CHARACTERISTIC_NEUTRAL,1037,PASS,208,208
2016-05-31,252,neighbor_retention_1m,FULL_CHARACTERISTIC_NEUTRAL,946,PASS,190,189
2016-05-31,252,outside_community_degree_percentile,FULL_CHARACTERISTIC_NEUTRAL,1665,PASS,333,333
2016-05-31,252,residual_degree_percentile,FULL_CHARACTERISTIC_NEUTRAL,1665,PASS,333,333
2016-06-30,60,cross_industry_degree_percentile,FULL_CHARACTERISTIC_NEUTRAL,2259,PASS,452,452
2016-06-30,60,cross_industry_degree_ratio,FULL_CHARACTERISTIC_NEUTRAL,2256,PASS,452,451
2016-06-30,60,delta_cross_industry_degree_percentile_1m,FULL_CHARACTERISTIC_NEUTRAL,2169,PASS,434,434
2016-06-30,60,delta_degree_percentile,FULL_CHARACTERISTIC_NEUTRAL,2259,PASS,452,452
2016-06-30,60,delta_residual_degree_percentile_1m,FULL_CHARACTERISTIC_NEUTRAL,2169,PASS,434,434
2016-06-30,60,neighbor_jaccard_1m,FULL_CHARACTERISTIC_NEUTRAL,2169,PASS,434,434
2016-06-30,60,neighbor_retention_1m,FULL_CHARACTERISTIC_NEUTRAL,2166,PASS,434,433
2016-06-30,60,outside_community_degree_percentile,FULL_CHARACTERISTIC_NEUTRAL,2259,PASS,452,452
2016-06-30,60,residual_degree_percentile,FULL_CHARACTERISTIC_NEUTRAL,2259,PASS,452,452
2016-06-30,120,cross_industry_degree_percentile,FULL_CHARACTERISTIC_NEUTRAL,2169,PASS,434,434
2016-06-30,120,cross_industry_degree_ratio,FULL_CHARACTERISTIC_NEUTRAL,2043,PASS,409,409
2016-06-30,120,delta_cross_industry_degree_percentile_1m,FULL_CHARACTERISTIC_NEUTRAL,2064,PASS,413,413
2016-06-30,120,delta_degree_percentile,FULL_CHARACTERISTIC_NEUTRAL,2169,PASS,434,434
2016-06-30,120,delta_residual_degree_percentile_1m,FULL_CHARACTERISTIC_NEUTRAL,2064,PASS,413,413
2016-06-30,120,neighbor_jaccard_1m,FULL_CHARACTERISTIC_NEUTRAL,2010,PASS,402,402
2016-06-30,120,neighbor_retention_1m,FULL_CHARACTERISTIC_NEUTRAL,1915,PASS,383,383
2016-06-30,120,outside_community_degree_percentile,FULL_CHARACTERISTIC_NEUTRAL,2169,PASS,434,434
2016-06-30,120,residual_degree_percentile,FULL_CHARACTERISTIC_NEUTRAL,2169,PASS,434,434
2016-06-30,252,cross_industry_degree_percentile,FULL_CHARACTERISTIC_NEUTRAL,1720,PASS,344,344
2016-06-30,252,cross_industry_degree_ratio,FULL_CHARACTERISTIC_NEUTRAL,1118,PASS,224,224
2016-06-30,252,delta_cross_industry_degree_percentile_1m,FULL_CHARACTERISTIC_NEUTRAL,1632,PASS,327,327
2016-06-30,252,delta_degree_percentile,FULL_CHARACTERISTIC_NEUTRAL,1720,PASS,344,344
2016-06-30,252,delta_residual_degree_percentile_1m,FULL_CHARACTERISTIC_NEUTRAL,1632,PASS,327,327
2016-06-30,252,neighbor_jaccard_1m,FULL_CHARACTERISTIC_NEUTRAL,1156,PASS,232,231
2016-06-30,252,neighbor_retention_1m,FULL_CHARACTERISTIC_NEUTRAL,1067,PASS,214,214
2016-06-30,252,outside_community_degree_percentile,FULL_CHARACTERISTIC_NEUTRAL,1720,PASS,344,344
2016-06-30,252,residual_degree_percentile,FULL_CHARACTERISTIC_NEUTRAL,1720,PASS,344,344
2016-07-29,60,cross_industry_degree_percentile,FULL_CHARACTERISTIC_NEUTRAL,2293,PASS,459,459
2016-07-29,60,cross_industry_degree_ratio,FULL_CHARACTERISTIC_NEUTRAL,2283,PASS,457,457
2016-07-29,60,delta_cross_industry_degree_percentile_1m,FULL_CHARACTERISTIC_NEUTRAL,2186,PASS,438,437
2016-07-29,60,delta_degree_percentile,FULL_CHARACTERISTIC_NEUTRAL,2293,PASS,459,459
2016-07-29,60,delta_residual_degree_percentile_1m,FULL_CHARACTERISTIC_NEUTRAL,2186,PASS,438,437
2016-07-29,60,neighbor_jaccard_1m,FULL_CHARACTERISTIC_NEUTRAL,2186,PASS,438,437
2016-07-29,60,neighbor_retention_1m,FULL_CHARACTERISTIC_NEUTRAL,2183,PASS,437,437
2016-07-29,60,outside_community_degree_percentile,FULL_CHARACTERISTIC_NEUTRAL,2293,PASS,459,459
2016-07-29,60,residual_degree_percentile,FULL_CHARACTERISTIC_NEUTRAL,2293,PASS,459,459
2016-07-29,120,cross_industry_degree_percentile,FULL_CHARACTERISTIC_NEUTRAL,2192,PASS,439,439
2016-07-29,120,cross_industry_degree_ratio,FULL_CHARACTERISTIC_NEUTRAL,2118,PASS,424,424
2016-07-29,120,delta_cross_industry_degree_percentile_1m,FULL_CHARACTERISTIC_NEUTRAL,2127,PASS,426,426
2016-07-29,120,delta_degree_percentile,FULL_CHARACTERISTIC_NEUTRAL,2192,PASS,439,439
2016-07-29,120,delta_residual_degree_percentile_1m,FULL_CHARACTERISTIC_NEUTRAL,2127,PASS,426,426
2016-07-29,120,neighbor_jaccard_1m,FULL_CHARACTERISTIC_NEUTRAL,2100,PASS,420,420
2016-07-29,120,neighbor_retention_1m,FULL_CHARACTERISTIC_NEUTRAL,2003,PASS,401,401
2016-07-29,120,outside_community_degree_percentile,FULL_CHARACTERISTIC_NEUTRAL,2192,PASS,439,439
2016-07-29,120,residual_degree_percentile,FULL_CHARACTERISTIC_NEUTRAL,2192,PASS,439,439
2016-07-29,252,cross_industry_degree_percentile,FULL_CHARACTERISTIC_NEUTRAL,1797,PASS,360,360
2016-07-29,252,cross_industry_degree_ratio,FULL_CHARACTERISTIC_NEUTRAL,1225,PASS,245,245
2016-07-29,252,delta_cross_industry_degree_percentile_1m,FULL_CHARACTERISTIC_NEUTRAL,1696,PASS,340,339
2016-07-29,252,delta_degree_percentile,FULL_CHARACTERISTIC_NEUTRAL,1797,PASS,360,360
2016-07-29,252,delta_residual_degree_percentile_1m,FULL_CHARACTERISTIC_NEUTRAL,1696,PASS,340,339
2016-07-29,252,neighbor_jaccard_1m,FULL_CHARACTERISTIC_NEUTRAL,1233,PASS,247,247
2016-07-29,252,neighbor_retention_1m,FULL_CHARACTERISTIC_NEUTRAL,1101,PASS,221,220
2016-07-29,252,outside_community_degree_percentile,FULL_CHARACTERISTIC_NEUTRAL,1797,PASS,360,360
2016-07-29,252,residual_degree_percentile,FULL_CHARACTERISTIC_NEUTRAL,1797,PASS,360,360
2016-08-31,60,cross_industry_degree_percentile,FULL_CHARACTERISTIC_NEUTRAL,2368,PASS,474,474
2016-08-31,60,cross_industry_degree_ratio,FULL_CHARACTERISTIC_NEUTRAL,2366,PASS,474,473
2016-08-31,60,delta_cross_industry_degree_percentile_1m,FULL_CHARACTERISTIC_NEUTRAL,2243,PASS,449,449
2016-08-31,60,delta_degree_percentile,FULL_CHARACTERISTIC_NEUTRAL,2368,PASS,474,474
2016-08-31,60,delta_residual_degree_percentile_1m,FULL_CHARACTERISTIC_NEUTRAL,2243,PASS,449,449
2016-08-31,60,neighbor_jaccard_1m,FULL_CHARACTERISTIC_NEUTRAL,2243,PASS,449,449
2016-08-31,60,neighbor_retention_1m,FULL_CHARACTERISTIC_NEUTRAL,2233,PASS,447,447
2016-08-31,60,outside_community_degree_percentile,FULL_CHARACTERISTIC_NEUTRAL,2368,PASS,474,474
2016-08-31,60,residual_degree_percentile,FULL_CHARACTERISTIC_NEUTRAL,2368,PASS,474,474
2016-08-31,120,cross_industry_degree_percentile,FULL_CHARACTERISTIC_NEUTRAL,2251,PASS,451,450
2016-08-31,120,cross_industry_degree_ratio,FULL_CHARACTERISTIC_NEUTRAL,2240,PASS,448,448
2016-08-31,120,delta_cross_industry_degree_percentile_1m,FULL_CHARACTERISTIC_NEUTRAL,2163,PASS,433,433
2016-08-31,120,delta_degree_percentile,FULL_CHARACTERISTIC_NEUTRAL,2251,PASS,451,450
2016-08-31,120,delta_residual_degree_percentile_1m,FULL_CHARACTERISTIC_NEUTRAL,2163,PASS,433,433
2016-08-31,120,neighbor_jaccard_1m,FULL_CHARACTERISTIC_NEUTRAL,2160,PASS,432,432
2016-08-31,120,neighbor_retention_1m,FULL_CHARACTERISTIC_NEUTRAL,2087,PASS,418,418
2016-08-31,120,outside_community_degree_percentile,FULL_CHARACTERISTIC_NEUTRAL,2251,PASS,451,450
2016-08-31,120,residual_degree_percentile,FULL_CHARACTERISTIC_NEUTRAL,2251,PASS,451,450
2016-08-31,252,cross_industry_degree_percentile,FULL_CHARACTERISTIC_NEUTRAL,1857,PASS,372,372
2016-08-31,252,cross_industry_degree_ratio,FULL_CHARACTERISTIC_NEUTRAL,1381,PASS,277,276
2016-08-31,252,delta_cross_industry_degree_percentile_1m,FULL_CHARACTERISTIC_NEUTRAL,1770,PASS,354,354
2016-08-31,252,delta_degree_percentile,FULL_CHARACTERISTIC_NEUTRAL,1857,PASS,372,372
2016-08-31,252,delta_residual_degree_percentile_1m,FULL_CHARACTERISTIC_NEUTRAL,1770,PASS,354,354
2016-08-31,252,neighbor_jaccard_1m,FULL_CHARACTERISTIC_NEUTRAL,1365,PASS,273,273
2016-08-31,252,neighbor_retention_1m,FULL_CHARACTERISTIC_NEUTRAL,1206,PASS,242,241
2016-08-31,252,outside_community_degree_percentile,FULL_CHARACTERISTIC_NEUTRAL,1857,PASS,372,372
2016-08-31,252,residual_degree_percentile,FULL_CHARACTERISTIC_NEUTRAL,1857,PASS,372,372
2016-09-30,60,cross_industry_degree_percentile,FULL_CHARACTERISTIC_NEUTRAL,2387,PASS,478,478
2016-09-30,60,cross_industry_degree_ratio,FULL_CHARACTERISTIC_NEUTRAL,2385,PASS,477,477
2016-09-30,60,delta_cross_industry_degree_percentile_1m,FULL_CHARACTERISTIC_NEUTRAL,2286,PASS,458,457
2016-09-30,60,delta_degree_percentile,FULL_CHARACTERISTIC_NEUTRAL,2387,PASS,478,478
2016-09-30,60,delta_residual_degree_percentile_1m,FULL_CHARACTERISTIC_NEUTRAL,2286,PASS,458,457
2016-09-30,60,neighbor_jaccard_1m,FULL_CHARACTERISTIC_NEUTRAL,2286,PASS,458,457
2016-09-30,60,neighbor_retention_1m,FULL_CHARACTERISTIC_NEUTRAL,2284,PASS,457,457
2016-09-30,60,outside_community_degree_percentile,FULL_CHARACTERISTIC_NEUTRAL,2387,PASS,478,478
2016-09-30,60,residual_degree_percentile,FULL_CHARACTERISTIC_NEUTRAL,2387,PASS,478,478
2016-09-30,120,cross_industry_degree_percentile,FULL_CHARACTERISTIC_NEUTRAL,2288,PASS,458,458
2016-09-30,120,cross_industry_degree_ratio,FULL_CHARACTERISTIC_NEUTRAL,2285,PASS,457,457
2016-09-30,120,delta_cross_industry_degree_percentile_1m,FULL_CHARACTERISTIC_NEUTRAL,2210,PASS,442,442
2016-09-30,120,delta_degree_percentile,FULL_CHARACTERISTIC_NEUTRAL,2288,PASS,458,458
2016-09-30,120,delta_residual_degree_percentile_1m,FULL_CHARACTERISTIC_NEUTRAL,2210,PASS,442,442
2016-09-30,120,neighbor_jaccard_1m,FULL_CHARACTERISTIC_NEUTRAL,2209,PASS,442,442
2016-09-30,120,neighbor_retention_1m,FULL_CHARACTERISTIC_NEUTRAL,2200,PASS,440,440
2016-09-30,120,outside_community_degree_percentile,FULL_CHARACTERISTIC_NEUTRAL,2288,PASS,458,458
2016-09-30,120,residual_degree_percentile,FULL_CHARACTERISTIC_NEUTRAL,2288,PASS,458,458
2016-09-30,252,cross_industry_degree_percentile,FULL_CHARACTERISTIC_NEUTRAL,1939,PASS,388,388
2016-09-30,252,cross_industry_degree_ratio,FULL_CHARACTERISTIC_NEUTRAL,1579,PASS,316,316
2016-09-30,252,delta_cross_industry_degree_percentile_1m,FULL_CHARACTERISTIC_NEUTRAL,1840,PASS,368,368
2016-09-30,252,delta_degree_percentile,FULL_CHARACTERISTIC_NEUTRAL,1939,PASS,388,388
2016-09-30,252,delta_residual_degree_percentile_1m,FULL_CHARACTERISTIC_NEUTRAL,1840,PASS,368,368
2016-09-30,252,neighbor_jaccard_1m,FULL_CHARACTERISTIC_NEUTRAL,1567,PASS,314,314
2016-09-30,252,neighbor_retention_1m,FULL_CHARACTERISTIC_NEUTRAL,1369,PASS,274,274
2016-09-30,252,outside_community_degree_percentile,FULL_CHARACTERISTIC_NEUTRAL,1939,PASS,388,388
2016-09-30,252,residual_degree_percentile,FULL_CHARACTERISTIC_NEUTRAL,1939,PASS,388,388
2016-10-31,60,cross_industry_degree_percentile,FULL_CHARACTERISTIC_NEUTRAL,2411,PASS,483,482
2016-10-31,60,cross_industry_degree_ratio,FULL_CHARACTERISTIC_NEUTRAL,2410,PASS,482,482
2016-10-31,60,delta_cross_industry_degree_percentile_1m,FULL_CHARACTERISTIC_NEUTRAL,2328,PASS,466,466
2016-10-31,60,delta_degree_percentile,FULL_CHARACTERISTIC_NEUTRAL,2411,PASS,483,482
2016-10-31,60,delta_residual_degree_percentile_1m,FULL_CHARACTERISTIC_NEUTRAL,2328,PASS,466,466
2016-10-31,60,neighbor_jaccard_1m,FULL_CHARACTERISTIC_NEUTRAL,2328,PASS,466,466
2016-10-31,60,neighbor_retention_1m,FULL_CHARACTERISTIC_NEUTRAL,2326,PASS,466,465
2016-10-31,60,outside_community_degree_percentile,FULL_CHARACTERISTIC_NEUTRAL,2411,PASS,483,482
2016-10-31,60,residual_degree_percentile,FULL_CHARACTERISTIC_NEUTRAL,2411,PASS,483,482
2016-10-31,120,cross_industry_degree_percentile,FULL_CHARACTERISTIC_NEUTRAL,2309,PASS,462,462
2016-10-31,120,cross_industry_degree_ratio,FULL_CHARACTERISTIC_NEUTRAL,2300,PASS,460,460
2016-10-31,120,delta_cross_industry_degree_percentile_1m,FULL_CHARACTERISTIC_NEUTRAL,2244,PASS,449,449
2016-10-31,120,delta_degree_percentile,FULL_CHARACTERISTIC_NEUTRAL,2309,PASS,462,462
2016-10-31,120,delta_residual_degree_percentile_1m,FULL_CHARACTERISTIC_NEUTRAL,2244,PASS,449,449
2016-10-31,120,neighbor_jaccard_1m,FULL_CHARACTERISTIC_NEUTRAL,2243,PASS,449,449
2016-10-31,120,neighbor_retention_1m,FULL_CHARACTERISTIC_NEUTRAL,2240,PASS,448,448
2016-10-31,120,outside_community_degree_percentile,FULL_CHARACTERISTIC_NEUTRAL,2309,PASS,462,462
2016-10-31,120,residual_degree_percentile,FULL_CHARACTERISTIC_NEUTRAL,2309,PASS,462,462
2016-10-31,252,cross_industry_degree_percentile,FULL_CHARACTERISTIC_NEUTRAL,1977,PASS,396,396
2016-10-31,252,cross_industry_degree_ratio,FULL_CHARACTERISTIC_NEUTRAL,1624,PASS,325,325
2016-10-31,252,delta_cross_industry_degree_percentile_1m,FULL_CHARACTERISTIC_NEUTRAL,1910,PASS,382,382
2016-10-31,252,delta_degree_percentile,FULL_CHARACTERISTIC_NEUTRAL,1977,PASS,396,396
2016-10-31,252,delta_residual_degree_percentile_1m,FULL_CHARACTERISTIC_NEUTRAL,1910,PASS,382,382
2016-10-31,252,neighbor_jaccard_1m,FULL_CHARACTERISTIC_NEUTRAL,1645,PASS,329,329
2016-10-31,252,neighbor_retention_1m,FULL_CHARACTERISTIC_NEUTRAL,1551,PASS,311,310
2016-10-31,252,outside_community_degree_percentile,FULL_CHARACTERISTIC_NEUTRAL,1977,PASS,396,396
2016-10-31,252,residual_degree_percentile,FULL_CHARACTERISTIC_NEUTRAL,1977,PASS,396,396
2016-11-30,60,cross_industry_degree_percentile,FULL_CHARACTERISTIC_NEUTRAL,2406,PASS,482,481
2016-11-30,60,cross_industry_degree_ratio,FULL_CHARACTERISTIC_NEUTRAL,2405,PASS,481,481
2016-11-30,60,delta_cross_industry_degree_percentile_1m,FULL_CHARACTERISTIC_NEUTRAL,2330,PASS,466,466
2016-11-30,60,delta_degree_percentile,FULL_CHARACTERISTIC_NEUTRAL,2406,PASS,482,481
2016-11-30,60,delta_residual_degree_percentile_1m,FULL_CHARACTERISTIC_NEUTRAL,2330,PASS,466,466
2016-11-30,60,neighbor_jaccard_1m,FULL_CHARACTERISTIC_NEUTRAL,2330,PASS,466,466
2016-11-30,60,neighbor_retention_1m,FULL_CHARACTERISTIC_NEUTRAL,2328,PASS,466,466
2016-11-30,60,outside_community_degree_percentile,FULL_CHARACTERISTIC_NEUTRAL,2406,PASS,482,481
2016-11-30,60,residual_degree_percentile,FULL_CHARACTERISTIC_NEUTRAL,2406,PASS,482,481
2016-11-30,120,cross_industry_degree_percentile,FULL_CHARACTERISTIC_NEUTRAL,2349,PASS,470,470
2016-11-30,120,cross_industry_degree_ratio,FULL_CHARACTERISTIC_NEUTRAL,2338,PASS,468,468
2016-11-30,120,delta_cross_industry_degree_percentile_1m,FULL_CHARACTERISTIC_NEUTRAL,2265,PASS,453,453
2016-11-30,120,delta_degree_percentile,FULL_CHARACTERISTIC_NEUTRAL,2349,PASS,470,470
2016-11-30,120,delta_residual_degree_percentile_1m,FULL_CHARACTERISTIC_NEUTRAL,2265,PASS,453,453
2016-11-30,120,neighbor_jaccard_1m,FULL_CHARACTERISTIC_NEUTRAL,2264,PASS,453,453
2016-11-30,120,neighbor_retention_1m,FULL_CHARACTERISTIC_NEUTRAL,2256,PASS,452,451
2016-11-30,120,outside_community_degree_percentile,FULL_CHARACTERISTIC_NEUTRAL,2349,PASS,470,470
2016-11-30,120,residual_degree_percentile,FULL_CHARACTERISTIC_NEUTRAL,2349,PASS,470,470
2016-11-30,252,cross_industry_degree_percentile,FULL_CHARACTERISTIC_NEUTRAL,2042,PASS,409,409
2016-11-30,252,cross_industry_degree_ratio,FULL_CHARACTERISTIC_NEUTRAL,1660,PASS,332,332
2016-11-30,252,delta_cross_industry_degree_percentile_1m,FULL_CHARACTERISTIC_NEUTRAL,1946,PASS,390,389
2016-11-30,252,delta_degree_percentile,FULL_CHARACTERISTIC_NEUTRAL,2042,PASS,409,409
2016-11-30,252,delta_residual_degree_percentile_1m,FULL_CHARACTERISTIC_NEUTRAL,1946,PASS,390,389
2016-11-30,252,neighbor_jaccard_1m,FULL_CHARACTERISTIC_NEUTRAL,1700,PASS,340,340
2016-11-30,252,neighbor_retention_1m,FULL_CHARACTERISTIC_NEUTRAL,1598,PASS,320,320
2016-11-30,252,outside_community_degree_percentile,FULL_CHARACTERISTIC_NEUTRAL,2042,PASS,409,409
2016-11-30,252,residual_degree_percentile,FULL_CHARACTERISTIC_NEUTRAL,2042,PASS,409,409
2016-12-30,60,cross_industry_degree_percentile,FULL_CHARACTERISTIC_NEUTRAL,2434,PASS,487,487
2016-12-30,60,cross_industry_degree_ratio,FULL_CHARACTERISTIC_NEUTRAL,2434,PASS,487,487
2016-12-30,60,delta_cross_industry_degree_percentile_1m,FULL_CHARACTERISTIC_NEUTRAL,2330,PASS,466,466
2016-12-30,60,delta_degree_percentile,FULL_CHARACTERISTIC_NEUTRAL,2434,PASS,487,487
2016-12-30,60,delta_residual_degree_percentile_1m,FULL_CHARACTERISTIC_NEUTRAL,2330,PASS,466,466
2016-12-30,60,neighbor_jaccard_1m,FULL_CHARACTERISTIC_NEUTRAL,2330,PASS,466,466
2016-12-30,60,neighbor_retention_1m,FULL_CHARACTERISTIC_NEUTRAL,2329,PASS,466,466
2016-12-30,60,outside_community_degree_percentile,FULL_CHARACTERISTIC_NEUTRAL,2434,PASS,487,487
2016-12-30,60,residual_degree_percentile,FULL_CHARACTERISTIC_NEUTRAL,2434,PASS,487,487
2016-12-30,120,cross_industry_degree_percentile,FULL_CHARACTERISTIC_NEUTRAL,2389,PASS,478,478
2016-12-30,120,cross_industry_degree_ratio,FULL_CHARACTERISTIC_NEUTRAL,2382,PASS,477,477
2016-12-30,120,delta_cross_industry_degree_percentile_1m,FULL_CHARACTERISTIC_NEUTRAL,2299,PASS,460,460
2016-12-30,120,delta_degree_percentile,FULL_CHARACTERISTIC_NEUTRAL,2389,PASS,478,478
2016-12-30,120,delta_residual_degree_percentile_1m,FULL_CHARACTERISTIC_NEUTRAL,2299,PASS,460,460
2016-12-30,120,neighbor_jaccard_1m,FULL_CHARACTERISTIC_NEUTRAL,2297,PASS,460,460
2016-12-30,120,neighbor_retention_1m,FULL_CHARACTERISTIC_NEUTRAL,2287,PASS,458,458
2016-12-30,120,outside_community_degree_percentile,FULL_CHARACTERISTIC_NEUTRAL,2389,PASS,478,478
2016-12-30,120,residual_degree_percentile,FULL_CHARACTERISTIC_NEUTRAL,2389,PASS,478,478
2016-12-30,252,cross_industry_degree_percentile,FULL_CHARACTERISTIC_NEUTRAL,2092,PASS,419,419
2016-12-30,252,cross_industry_degree_ratio,FULL_CHARACTERISTIC_NEUTRAL,1868,PASS,374,374
2016-12-30,252,delta_cross_industry_degree_percentile_1m,FULL_CHARACTERISTIC_NEUTRAL,2004,PASS,401,401
2016-12-30,252,delta_degree_percentile,FULL_CHARACTERISTIC_NEUTRAL,2092,PASS,419,419
2016-12-30,252,delta_residual_degree_percentile_1m,FULL_CHARACTERISTIC_NEUTRAL,2004,PASS,401,401
2016-12-30,252,neighbor_jaccard_1m,FULL_CHARACTERISTIC_NEUTRAL,1822,PASS,365,365
2016-12-30,252,neighbor_retention_1m,FULL_CHARACTERISTIC_NEUTRAL,1628,PASS,326,326
2016-12-30,252,outside_community_degree_percentile,FULL_CHARACTERISTIC_NEUTRAL,2092,PASS,419,419
2016-12-30,252,residual_degree_percentile,FULL_CHARACTERISTIC_NEUTRAL,2092,PASS,419,419
2017-01-26,60,cross_industry_degree_percentile,FULL_CHARACTERISTIC_NEUTRAL,2461,PASS,493,492
2017-01-26,60,cross_industry_degree_ratio,FULL_CHARACTERISTIC_NEUTRAL,2460,PASS,492,492
2017-01-26,60,delta_cross_industry_degree_percentile_1m,FULL_CHARACTERISTIC_NEUTRAL,2381,PASS,477,476
2017-01-26,60,delta_degree_percentile,FULL_CHARACTERISTIC_NEUTRAL,2461,PASS,493,492
2017-01-26,60,delta_residual_degree_percentile_1m,FULL_CHARACTERISTIC_NEUTRAL,2381,PASS,477,476
2017-01-26,60,neighbor_jaccard_1m,FULL_CHARACTERISTIC_NEUTRAL,2381,PASS,477,476
2017-01-26,60,neighbor_retention_1m,FULL_CHARACTERISTIC_NEUTRAL,2381,PASS,477,476
2017-01-26,60,outside_community_degree_percentile,FULL_CHARACTERISTIC_NEUTRAL,2461,PASS,493,492
2017-01-26,60,residual_degree_percentile,FULL_CHARACTERISTIC_NEUTRAL,2461,PASS,493,492
2017-01-26,120,cross_industry_degree_percentile,FULL_CHARACTERISTIC_NEUTRAL,2414,PASS,483,483
2017-01-26,120,cross_industry_degree_ratio,FULL_CHARACTERISTIC_NEUTRAL,2406,PASS,482,481
2017-01-26,120,delta_cross_industry_degree_percentile_1m,FULL_CHARACTERISTIC_NEUTRAL,2351,PASS,471,470
2017-01-26,120,delta_degree_percentile,FULL_CHARACTERISTIC_NEUTRAL,2414,PASS,483,483
2017-01-26,120,delta_residual_degree_percentile_1m,FULL_CHARACTERISTIC_NEUTRAL,2351,PASS,471,470
2017-01-26,120,neighbor_jaccard_1m,FULL_CHARACTERISTIC_NEUTRAL,2351,PASS,471,470
2017-01-26,120,neighbor_retention_1m,FULL_CHARACTERISTIC_NEUTRAL,2344,PASS,469,469
2017-01-26,120,outside_community_degree_percentile,FULL_CHARACTERISTIC_NEUTRAL,2414,PASS,483,483
2017-01-26,120,residual_degree_percentile,FULL_CHARACTERISTIC_NEUTRAL,2414,PASS,483,483
2017-01-26,252,cross_industry_degree_percentile,FULL_CHARACTERISTIC_NEUTRAL,2109,PASS,422,422
2017-01-26,252,cross_industry_degree_ratio,FULL_CHARACTERISTIC_NEUTRAL,1949,PASS,390,390
2017-01-26,252,delta_cross_industry_degree_percentile_1m,FULL_CHARACTERISTIC_NEUTRAL,2062,PASS,413,413
2017-01-26,252,delta_degree_percentile,FULL_CHARACTERISTIC_NEUTRAL,2109,PASS,422,422
2017-01-26,252,delta_residual_degree_percentile_1m,FULL_CHARACTERISTIC_NEUTRAL,2062,PASS,413,413
2017-01-26,252,neighbor_jaccard_1m,FULL_CHARACTERISTIC_NEUTRAL,1955,PASS,391,391
2017-01-26,252,neighbor_retention_1m,FULL_CHARACTERISTIC_NEUTRAL,1840,PASS,368,368
2017-01-26,252,outside_community_degree_percentile,FULL_CHARACTERISTIC_NEUTRAL,2109,PASS,422,422
2017-01-26,252,residual_degree_percentile,FULL_CHARACTERISTIC_NEUTRAL,2109,PASS,422,422
2017-02-28,60,cross_industry_degree_percentile,FULL_CHARACTERISTIC_NEUTRAL,2495,PASS,499,499
2017-02-28,60,cross_industry_degree_ratio,FULL_CHARACTERISTIC_NEUTRAL,2493,PASS,499,499
2017-02-28,60,delta_cross_industry_degree_percentile_1m,FULL_CHARACTERISTIC_NEUTRAL,2415,PASS,483,483
2017-02-28,60,delta_degree_percentile,FULL_CHARACTERISTIC_NEUTRAL,2495,PASS,499,499
2017-02-28,60,delta_residual_degree_percentile_1m,FULL_CHARACTERISTIC_NEUTRAL,2415,PASS,483,483
2017-02-28,60,neighbor_jaccard_1m,FULL_CHARACTERISTIC_NEUTRAL,2415,PASS,483,483
2017-02-28,60,neighbor_retention_1m,FULL_CHARACTERISTIC_NEUTRAL,2414,PASS,483,483
2017-02-28,60,outside_community_degree_percentile,FULL_CHARACTERISTIC_NEUTRAL,2495,PASS,499,499
2017-02-28,60,residual_degree_percentile,FULL_CHARACTERISTIC_NEUTRAL,2495,PASS,499,499
2017-02-28,120,cross_industry_degree_percentile,FULL_CHARACTERISTIC_NEUTRAL,2420,PASS,484,484
2017-02-28,120,cross_industry_degree_ratio,FULL_CHARACTERISTIC_NEUTRAL,2418,PASS,484,484
2017-02-28,120,delta_cross_industry_degree_percentile_1m,FULL_CHARACTERISTIC_NEUTRAL,2379,PASS,476,476
2017-02-28,120,delta_degree_percentile,FULL_CHARACTERISTIC_NEUTRAL,2420,PASS,484,484
2017-02-28,120,delta_residual_degree_percentile_1m,FULL_CHARACTERISTIC_NEUTRAL,2379,PASS,476,476
2017-02-28,120,neighbor_jaccard_1m,FULL_CHARACTERISTIC_NEUTRAL,2379,PASS,476,476
2017-02-28,120,neighbor_retention_1m,FULL_CHARACTERISTIC_NEUTRAL,2372,PASS,475,475
2017-02-28,120,outside_community_degree_percentile,FULL_CHARACTERISTIC_NEUTRAL,2420,PASS,484,484
2017-02-28,120,residual_degree_percentile,FULL_CHARACTERISTIC_NEUTRAL,2420,PASS,484,484
2017-02-28,252,cross_industry_degree_percentile,FULL_CHARACTERISTIC_NEUTRAL,2136,PASS,428,427
2017-02-28,252,cross_industry_degree_ratio,FULL_CHARACTERISTIC_NEUTRAL,1964,PASS,393,393
2017-02-28,252,delta_cross_industry_degree_percentile_1m,FULL_CHARACTERISTIC_NEUTRAL,2082,PASS,417,417
2017-02-28,252,delta_degree_percentile,FULL_CHARACTERISTIC_NEUTRAL,2136,PASS,428,427
2017-02-28,252,delta_residual_degree_percentile_1m,FULL_CHARACTERISTIC_NEUTRAL,2082,PASS,417,417
2017-02-28,252,neighbor_jaccard_1m,FULL_CHARACTERISTIC_NEUTRAL,1987,PASS,398,398
2017-02-28,252,neighbor_retention_1m,FULL_CHARACTERISTIC_NEUTRAL,1923,PASS,385,385
2017-02-28,252,outside_community_degree_percentile,FULL_CHARACTERISTIC_NEUTRAL,2136,PASS,428,427
2017-02-28,252,residual_degree_percentile,FULL_CHARACTERISTIC_NEUTRAL,2136,PASS,428,427
2017-03-31,60,cross_industry_degree_percentile,FULL_CHARACTERISTIC_NEUTRAL,2551,PASS,511,510
2017-03-31,60,cross_industry_degree_ratio,FULL_CHARACTERISTIC_NEUTRAL,2549,PASS,510,510
2017-03-31,60,delta_cross_industry_degree_percentile_1m,FULL_CHARACTERISTIC_NEUTRAL,2451,PASS,491,490
2017-03-31,60,delta_degree_percentile,FULL_CHARACTERISTIC_NEUTRAL,2551,PASS,511,510
2017-03-31,60,delta_residual_degree_percentile_1m,FULL_CHARACTERISTIC_NEUTRAL,2451,PASS,491,490
2017-03-31,60,neighbor_jaccard_1m,FULL_CHARACTERISTIC_NEUTRAL,2451,PASS,491,490
2017-03-31,60,neighbor_retention_1m,FULL_CHARACTERISTIC_NEUTRAL,2449,PASS,490,490
2017-03-31,60,outside_community_degree_percentile,FULL_CHARACTERISTIC_NEUTRAL,2551,PASS,511,510
2017-03-31,60,residual_degree_percentile,FULL_CHARACTERISTIC_NEUTRAL,2551,PASS,511,510
2017-03-31,120,cross_industry_degree_percentile,FULL_CHARACTERISTIC_NEUTRAL,2473,PASS,495,495
2017-03-31,120,cross_industry_degree_ratio,FULL_CHARACTERISTIC_NEUTRAL,2467,PASS,494,494
2017-03-31,120,delta_cross_industry_degree_percentile_1m,FULL_CHARACTERISTIC_NEUTRAL,2384,PASS,477,477
2017-03-31,120,delta_degree_percentile,FULL_CHARACTERISTIC_NEUTRAL,2473,PASS,495,495
2017-03-31,120,delta_residual_degree_percentile_1m,FULL_CHARACTERISTIC_NEUTRAL,2384,PASS,477,477
2017-03-31,120,neighbor_jaccard_1m,FULL_CHARACTERISTIC_NEUTRAL,2384,PASS,477,477
2017-03-31,120,neighbor_retention_1m,FULL_CHARACTERISTIC_NEUTRAL,2382,PASS,477,477
2017-03-31,120,outside_community_degree_percentile,FULL_CHARACTERISTIC_NEUTRAL,2473,PASS,495,495
2017-03-31,120,residual_degree_percentile,FULL_CHARACTERISTIC_NEUTRAL,2473,PASS,495,495
2017-03-31,252,cross_industry_degree_percentile,FULL_CHARACTERISTIC_NEUTRAL,2163,PASS,433,433
2017-03-31,252,cross_industry_degree_ratio,FULL_CHARACTERISTIC_NEUTRAL,2097,PASS,420,420
2017-03-31,252,delta_cross_industry_degree_percentile_1m,FULL_CHARACTERISTIC_NEUTRAL,2101,PASS,421,420
2017-03-31,252,delta_degree_percentile,FULL_CHARACTERISTIC_NEUTRAL,2163,PASS,433,433
2017-03-31,252,delta_residual_degree_percentile_1m,FULL_CHARACTERISTIC_NEUTRAL,2101,PASS,421,420
2017-03-31,252,neighbor_jaccard_1m,FULL_CHARACTERISTIC_NEUTRAL,2058,PASS,412,412
2017-03-31,252,neighbor_retention_1m,FULL_CHARACTERISTIC_NEUTRAL,1929,PASS,386,386
2017-03-31,252,outside_community_degree_percentile,FULL_CHARACTERISTIC_NEUTRAL,2163,PASS,433,433
2017-03-31,252,residual_degree_percentile,FULL_CHARACTERISTIC_NEUTRAL,2163,PASS,433,433
2017-04-28,60,cross_industry_degree_percentile,FULL_CHARACTERISTIC_NEUTRAL,2557,PASS,512,512
2017-04-28,60,cross_industry_degree_ratio,FULL_CHARACTERISTIC_NEUTRAL,2549,PASS,510,510
2017-04-28,60,delta_cross_industry_degree_percentile_1m,FULL_CHARACTERISTIC_NEUTRAL,2497,PASS,500,500
2017-04-28,60,delta_degree_percentile,FULL_CHARACTERISTIC_NEUTRAL,2557,PASS,512,512
2017-04-28,60,delta_residual_degree_percentile_1m,FULL_CHARACTERISTIC_NEUTRAL,2497,PASS,500,500
2017-04-28,60,neighbor_jaccard_1m,FULL_CHARACTERISTIC_NEUTRAL,2497,PASS,500,500
2017-04-28,60,neighbor_retention_1m,FULL_CHARACTERISTIC_NEUTRAL,2495,PASS,499,499
2017-04-28,60,outside_community_degree_percentile,FULL_CHARACTERISTIC_NEUTRAL,2557,PASS,512,512
2017-04-28,60,residual_degree_percentile,FULL_CHARACTERISTIC_NEUTRAL,2557,PASS,512,512
2017-04-28,120,cross_industry_degree_percentile,FULL_CHARACTERISTIC_NEUTRAL,2504,PASS,501,501
2017-04-28,120,cross_industry_degree_ratio,FULL_CHARACTERISTIC_NEUTRAL,2488,PASS,498,498
2017-04-28,120,delta_cross_industry_degree_percentile_1m,FULL_CHARACTERISTIC_NEUTRAL,2453,PASS,491,491
2017-04-28,120,delta_degree_percentile,FULL_CHARACTERISTIC_NEUTRAL,2504,PASS,501,501
2017-04-28,120,delta_residual_degree_percentile_1m,FULL_CHARACTERISTIC_NEUTRAL,2453,PASS,491,491
2017-04-28,120,neighbor_jaccard_1m,FULL_CHARACTERISTIC_NEUTRAL,2451,PASS,491,490
2017-04-28,120,neighbor_retention_1m,FULL_CHARACTERISTIC_NEUTRAL,2447,PASS,490,490
2017-04-28,120,outside_community_degree_percentile,FULL_CHARACTERISTIC_NEUTRAL,2504,PASS,501,501
2017-04-28,120,residual_degree_percentile,FULL_CHARACTERISTIC_NEUTRAL,2504,PASS,501,501
2017-04-28,252,cross_industry_degree_percentile,FULL_CHARACTERISTIC_NEUTRAL,2189,PASS,438,438
2017-04-28,252,cross_industry_degree_ratio,FULL_CHARACTERISTIC_NEUTRAL,2114,PASS,423,423
2017-04-28,252,delta_cross_industry_degree_percentile_1m,FULL_CHARACTERISTIC_NEUTRAL,2139,PASS,428,428
2017-04-28,252,delta_degree_percentile,FULL_CHARACTERISTIC_NEUTRAL,2189,PASS,438,438
2017-04-28,252,delta_residual_degree_percentile_1m,FULL_CHARACTERISTIC_NEUTRAL,2139,PASS,428,428
2017-04-28,252,neighbor_jaccard_1m,FULL_CHARACTERISTIC_NEUTRAL,2119,PASS,424,424
2017-04-28,252,neighbor_retention_1m,FULL_CHARACTERISTIC_NEUTRAL,2073,PASS,415,415
2017-04-28,252,outside_community_degree_percentile,FULL_CHARACTERISTIC_NEUTRAL,2189,PASS,438,438
2017-04-28,252,residual_degree_percentile,FULL_CHARACTERISTIC_NEUTRAL,2189,PASS,438,438
2017-05-31,60,cross_industry_degree_percentile,FULL_CHARACTERISTIC_NEUTRAL,2562,PASS,513,513
2017-05-31,60,cross_industry_degree_ratio,FULL_CHARACTERISTIC_NEUTRAL,2557,PASS,512,512
2017-05-31,60,delta_cross_industry_degree_percentile_1m,FULL_CHARACTERISTIC_NEUTRAL,2497,PASS,500,500
2017-05-31,60,delta_degree_percentile,FULL_CHARACTERISTIC_NEUTRAL,2562,PASS,513,513
2017-05-31,60,delta_residual_degree_percentile_1m,FULL_CHARACTERISTIC_NEUTRAL,2497,PASS,500,500
2017-05-31,60,neighbor_jaccard_1m,FULL_CHARACTERISTIC_NEUTRAL,2497,PASS,500,500
2017-05-31,60,neighbor_retention_1m,FULL_CHARACTERISTIC_NEUTRAL,2489,PASS,498,498
2017-05-31,60,outside_community_degree_percentile,FULL_CHARACTERISTIC_NEUTRAL,2562,PASS,513,513
2017-05-31,60,residual_degree_percentile,FULL_CHARACTERISTIC_NEUTRAL,2562,PASS,513,513
2017-05-31,120,cross_industry_degree_percentile,FULL_CHARACTERISTIC_NEUTRAL,2508,PASS,502,502
2017-05-31,120,cross_industry_degree_ratio,FULL_CHARACTERISTIC_NEUTRAL,2494,PASS,499,499
2017-05-31,120,delta_cross_industry_degree_percentile_1m,FULL_CHARACTERISTIC_NEUTRAL,2444,PASS,489,489
2017-05-31,120,delta_degree_percentile,FULL_CHARACTERISTIC_NEUTRAL,2508,PASS,502,502
2017-05-31,120,delta_residual_degree_percentile_1m,FULL_CHARACTERISTIC_NEUTRAL,2444,PASS,489,489
2017-05-31,120,neighbor_jaccard_1m,FULL_CHARACTERISTIC_NEUTRAL,2441,PASS,489,488
2017-05-31,120,neighbor_retention_1m,FULL_CHARACTERISTIC_NEUTRAL,2427,PASS,486,486
2017-05-31,120,outside_community_degree_percentile,FULL_CHARACTERISTIC_NEUTRAL,2508,PASS,502,502
2017-05-31,120,residual_degree_percentile,FULL_CHARACTERISTIC_NEUTRAL,2508,PASS,502,502
2017-05-31,252,cross_industry_degree_percentile,FULL_CHARACTERISTIC_NEUTRAL,2210,PASS,442,442
2017-05-31,252,cross_industry_degree_ratio,FULL_CHARACTERISTIC_NEUTRAL,2125,PASS,425,425
2017-05-31,252,delta_cross_industry_degree_percentile_1m,FULL_CHARACTERISTIC_NEUTRAL,2149,PASS,430,430
2017-05-31,252,delta_degree_percentile,FULL_CHARACTERISTIC_NEUTRAL,2210,PASS,442,442
2017-05-31,252,delta_residual_degree_percentile_1m,FULL_CHARACTERISTIC_NEUTRAL,2149,PASS,430,430
2017-05-31,252,neighbor_jaccard_1m,FULL_CHARACTERISTIC_NEUTRAL,2112,PASS,423,423
2017-05-31,252,neighbor_retention_1m,FULL_CHARACTERISTIC_NEUTRAL,2074,PASS,415,415
2017-05-31,252,outside_community_degree_percentile,FULL_CHARACTERISTIC_NEUTRAL,2210,PASS,442,442
2017-05-31,252,residual_degree_percentile,FULL_CHARACTERISTIC_NEUTRAL,2210,PASS,442,442
2017-06-30,60,cross_industry_degree_percentile,FULL_CHARACTERISTIC_NEUTRAL,2608,PASS,522,522
2017-06-30,60,cross_industry_degree_ratio,FULL_CHARACTERISTIC_NEUTRAL,2591,PASS,519,518
2017-06-30,60,delta_cross_industry_degree_percentile_1m,FULL_CHARACTERISTIC_NEUTRAL,2542,PASS,509,509
2017-06-30,60,delta_degree_percentile,FULL_CHARACTERISTIC_NEUTRAL,2608,PASS,522,522
2017-06-30,60,delta_residual_degree_percentile_1m,FULL_CHARACTERISTIC_NEUTRAL,2542,PASS,509,509
2017-06-30,60,neighbor_jaccard_1m,FULL_CHARACTERISTIC_NEUTRAL,2541,PASS,509,508
2017-06-30,60,neighbor_retention_1m,FULL_CHARACTERISTIC_NEUTRAL,2537,PASS,508,508
2017-06-30,60,outside_community_degree_percentile,FULL_CHARACTERISTIC_NEUTRAL,2608,PASS,522,522
2017-06-30,60,residual_degree_percentile,FULL_CHARACTERISTIC_NEUTRAL,2608,PASS,522,522
2017-06-30,120,cross_industry_degree_percentile,FULL_CHARACTERISTIC_NEUTRAL,2563,PASS,513,513
2017-06-30,120,cross_industry_degree_ratio,FULL_CHARACTERISTIC_NEUTRAL,2548,PASS,510,510
2017-06-30,120,delta_cross_industry_degree_percentile_1m,FULL_CHARACTERISTIC_NEUTRAL,2479,PASS,496,496
2017-06-30,120,delta_degree_percentile,FULL_CHARACTERISTIC_NEUTRAL,2563,PASS,513,513
2017-06-30,120,delta_residual_degree_percentile_1m,FULL_CHARACTERISTIC_NEUTRAL,2479,PASS,496,496
2017-06-30,120,neighbor_jaccard_1m,FULL_CHARACTERISTIC_NEUTRAL,2477,PASS,496,496
2017-06-30,120,neighbor_retention_1m,FULL_CHARACTERISTIC_NEUTRAL,2464,PASS,493,493
2017-06-30,120,outside_community_degree_percentile,FULL_CHARACTERISTIC_NEUTRAL,2563,PASS,513,513
2017-06-30,120,residual_degree_percentile,FULL_CHARACTERISTIC_NEUTRAL,2563,PASS,513,513
2017-06-30,252,cross_industry_degree_percentile,FULL_CHARACTERISTIC_NEUTRAL,2231,PASS,447,446
2017-06-30,252,cross_industry_degree_ratio,FULL_CHARACTERISTIC_NEUTRAL,2150,PASS,430,430
2017-06-30,252,delta_cross_industry_degree_percentile_1m,FULL_CHARACTERISTIC_NEUTRAL,2171,PASS,435,434
2017-06-30,252,delta_degree_percentile,FULL_CHARACTERISTIC_NEUTRAL,2231,PASS,447,446
2017-06-30,252,delta_residual_degree_percentile_1m,FULL_CHARACTERISTIC_NEUTRAL,2171,PASS,435,434
2017-06-30,252,neighbor_jaccard_1m,FULL_CHARACTERISTIC_NEUTRAL,2133,PASS,427,427
2017-06-30,252,neighbor_retention_1m,FULL_CHARACTERISTIC_NEUTRAL,2087,PASS,418,418
2017-06-30,252,outside_community_degree_percentile,FULL_CHARACTERISTIC_NEUTRAL,2231,PASS,447,446
2017-06-30,252,residual_degree_percentile,FULL_CHARACTERISTIC_NEUTRAL,2231,PASS,447,446
2017-07-31,60,cross_industry_degree_percentile,FULL_CHARACTERISTIC_NEUTRAL,2654,PASS,531,531
2017-07-31,60,cross_industry_degree_ratio,FULL_CHARACTERISTIC_NEUTRAL,2650,PASS,530,530
2017-07-31,60,delta_cross_industry_degree_percentile_1m,FULL_CHARACTERISTIC_NEUTRAL,2577,PASS,516,516
2017-07-31,60,delta_degree_percentile,FULL_CHARACTERISTIC_NEUTRAL,2654,PASS,531,531
2017-07-31,60,delta_residual_degree_percentile_1m,FULL_CHARACTERISTIC_NEUTRAL,2577,PASS,516,516
2017-07-31,60,neighbor_jaccard_1m,FULL_CHARACTERISTIC_NEUTRAL,2576,PASS,516,515
2017-07-31,60,neighbor_retention_1m,FULL_CHARACTERISTIC_NEUTRAL,2561,PASS,513,512
2017-07-31,60,outside_community_degree_percentile,FULL_CHARACTERISTIC_NEUTRAL,2654,PASS,531,531
2017-07-31,60,residual_degree_percentile,FULL_CHARACTERISTIC_NEUTRAL,2654,PASS,531,531
2017-07-31,120,cross_industry_degree_percentile,FULL_CHARACTERISTIC_NEUTRAL,2613,PASS,523,523
2017-07-31,120,cross_industry_degree_ratio,FULL_CHARACTERISTIC_NEUTRAL,2576,PASS,516,515
2017-07-31,120,delta_cross_industry_degree_percentile_1m,FULL_CHARACTERISTIC_NEUTRAL,2545,PASS,509,509
2017-07-31,120,delta_degree_percentile,FULL_CHARACTERISTIC_NEUTRAL,2613,PASS,523,523
2017-07-31,120,delta_residual_degree_percentile_1m,FULL_CHARACTERISTIC_NEUTRAL,2545,PASS,509,509
2017-07-31,120,neighbor_jaccard_1m,FULL_CHARACTERISTIC_NEUTRAL,2543,PASS,509,509
2017-07-31,120,neighbor_retention_1m,FULL_CHARACTERISTIC_NEUTRAL,2530,PASS,506,506
2017-07-31,120,outside_community_degree_percentile,FULL_CHARACTERISTIC_NEUTRAL,2613,PASS,523,523
2017-07-31,120,residual_degree_percentile,FULL_CHARACTERISTIC_NEUTRAL,2613,PASS,523,523
2017-07-31,252,cross_industry_degree_percentile,FULL_CHARACTERISTIC_NEUTRAL,2271,PASS,455,454
2017-07-31,252,cross_industry_degree_ratio,FULL_CHARACTERISTIC_NEUTRAL,2179,PASS,436,436
2017-07-31,252,delta_cross_industry_degree_percentile_1m,FULL_CHARACTERISTIC_NEUTRAL,2203,PASS,441,441
2017-07-31,252,delta_degree_percentile,FULL_CHARACTERISTIC_NEUTRAL,2271,PASS,455,454
2017-07-31,252,delta_residual_degree_percentile_1m,FULL_CHARACTERISTIC_NEUTRAL,2203,PASS,441,441
2017-07-31,252,neighbor_jaccard_1m,FULL_CHARACTERISTIC_NEUTRAL,2160,PASS,432,432
2017-07-31,252,neighbor_retention_1m,FULL_CHARACTERISTIC_NEUTRAL,2122,PASS,425,425
2017-07-31,252,outside_community_degree_percentile,FULL_CHARACTERISTIC_NEUTRAL,2271,PASS,455,454
2017-07-31,252,residual_degree_percentile,FULL_CHARACTERISTIC_NEUTRAL,2271,PASS,455,454
2017-08-31,60,cross_industry_degree_percentile,FULL_CHARACTERISTIC_NEUTRAL,2705,PASS,541,541
2017-08-31,60,cross_industry_degree_ratio,FULL_CHARACTERISTIC_NEUTRAL,2693,PASS,539,539
2017-08-31,60,delta_cross_industry_degree_percentile_1m,FULL_CHARACTERISTIC_NEUTRAL,2634,PASS,527,527
2017-08-31,60,delta_degree_percentile,FULL_CHARACTERISTIC_NEUTRAL,2705,PASS,541,541
2017-08-31,60,delta_residual_degree_percentile_1m,FULL_CHARACTERISTIC_NEUTRAL,2634,PASS,527,527
2017-08-31,60,neighbor_jaccard_1m,FULL_CHARACTERISTIC_NEUTRAL,2634,PASS,527,527
2017-08-31,60,neighbor_retention_1m,FULL_CHARACTERISTIC_NEUTRAL,2629,PASS,526,526
2017-08-31,60,outside_community_degree_percentile,FULL_CHARACTERISTIC_NEUTRAL,2705,PASS,541,541
2017-08-31,60,residual_degree_percentile,FULL_CHARACTERISTIC_NEUTRAL,2705,PASS,541,541
2017-08-31,120,cross_industry_degree_percentile,FULL_CHARACTERISTIC_NEUTRAL,2649,PASS,530,530
2017-08-31,120,cross_industry_degree_ratio,FULL_CHARACTERISTIC_NEUTRAL,2585,PASS,517,517
2017-08-31,120,delta_cross_industry_degree_percentile_1m,FULL_CHARACTERISTIC_NEUTRAL,2599,PASS,520,520
2017-08-31,120,delta_degree_percentile,FULL_CHARACTERISTIC_NEUTRAL,2649,PASS,530,530
2017-08-31,120,delta_residual_degree_percentile_1m,FULL_CHARACTERISTIC_NEUTRAL,2599,PASS,520,520
2017-08-31,120,neighbor_jaccard_1m,FULL_CHARACTERISTIC_NEUTRAL,2585,PASS,517,517
2017-08-31,120,neighbor_retention_1m,FULL_CHARACTERISTIC_NEUTRAL,2560,PASS,512,512
2017-08-31,120,outside_community_degree_percentile,FULL_CHARACTERISTIC_NEUTRAL,2649,PASS,530,530
2017-08-31,120,residual_degree_percentile,FULL_CHARACTERISTIC_NEUTRAL,2649,PASS,530,530
2017-08-31,252,cross_industry_degree_percentile,FULL_CHARACTERISTIC_NEUTRAL,2284,PASS,457,457
2017-08-31,252,cross_industry_degree_ratio,FULL_CHARACTERISTIC_NEUTRAL,2180,PASS,436,436
2017-08-31,252,delta_cross_industry_degree_percentile_1m,FULL_CHARACTERISTIC_NEUTRAL,2229,PASS,446,446
2017-08-31,252,delta_degree_percentile,FULL_CHARACTERISTIC_NEUTRAL,2284,PASS,457,457
2017-08-31,252,delta_residual_degree_percentile_1m,FULL_CHARACTERISTIC_NEUTRAL,2229,PASS,446,446
2017-08-31,252,neighbor_jaccard_1m,FULL_CHARACTERISTIC_NEUTRAL,2186,PASS,438,437
2017-08-31,252,neighbor_retention_1m,FULL_CHARACTERISTIC_NEUTRAL,2139,PASS,428,428
2017-08-31,252,outside_community_degree_percentile,FULL_CHARACTERISTIC_NEUTRAL,2284,PASS,457,457
2017-08-31,252,residual_degree_percentile,FULL_CHARACTERISTIC_NEUTRAL,2284,PASS,457,457
2017-09-29,60,cross_industry_degree_percentile,FULL_CHARACTERISTIC_NEUTRAL,2784,PASS,557,557
2017-09-29,60,cross_industry_degree_ratio,FULL_CHARACTERISTIC_NEUTRAL,2773,PASS,555,555
2017-09-29,60,delta_cross_industry_degree_percentile_1m,FULL_CHARACTERISTIC_NEUTRAL,2705,PASS,541,541
2017-09-29,60,delta_degree_percentile,FULL_CHARACTERISTIC_NEUTRAL,2784,PASS,557,557
2017-09-29,60,delta_residual_degree_percentile_1m,FULL_CHARACTERISTIC_NEUTRAL,2705,PASS,541,541
2017-09-29,60,neighbor_jaccard_1m,FULL_CHARACTERISTIC_NEUTRAL,2703,PASS,541,541
2017-09-29,60,neighbor_retention_1m,FULL_CHARACTERISTIC_NEUTRAL,2692,PASS,539,539
2017-09-29,60,outside_community_degree_percentile,FULL_CHARACTERISTIC_NEUTRAL,2784,PASS,557,557
2017-09-29,60,residual_degree_percentile,FULL_CHARACTERISTIC_NEUTRAL,2784,PASS,557,557
2017-09-29,120,cross_industry_degree_percentile,FULL_CHARACTERISTIC_NEUTRAL,2725,PASS,545,545
2017-09-29,120,cross_industry_degree_ratio,FULL_CHARACTERISTIC_NEUTRAL,2692,PASS,539,539
2017-09-29,120,delta_cross_industry_degree_percentile_1m,FULL_CHARACTERISTIC_NEUTRAL,2649,PASS,530,530
2017-09-29,120,delta_degree_percentile,FULL_CHARACTERISTIC_NEUTRAL,2725,PASS,545,545
2017-09-29,120,delta_residual_degree_percentile_1m,FULL_CHARACTERISTIC_NEUTRAL,2649,PASS,530,530
2017-09-29,120,neighbor_jaccard_1m,FULL_CHARACTERISTIC_NEUTRAL,2636,PASS,528,527
2017-09-29,120,neighbor_retention_1m,FULL_CHARACTERISTIC_NEUTRAL,2585,PASS,517,517
2017-09-29,120,outside_community_degree_percentile,FULL_CHARACTERISTIC_NEUTRAL,2725,PASS,545,545
2017-09-29,120,residual_degree_percentile,FULL_CHARACTERISTIC_NEUTRAL,2725,PASS,545,545
2017-09-29,252,cross_industry_degree_percentile,FULL_CHARACTERISTIC_NEUTRAL,2344,PASS,469,469
2017-09-29,252,cross_industry_degree_ratio,FULL_CHARACTERISTIC_NEUTRAL,2231,PASS,447,446
2017-09-29,252,delta_cross_industry_degree_percentile_1m,FULL_CHARACTERISTIC_NEUTRAL,2267,PASS,454,454
2017-09-29,252,delta_degree_percentile,FULL_CHARACTERISTIC_NEUTRAL,2344,PASS,469,469
2017-09-29,252,delta_residual_degree_percentile_1m,FULL_CHARACTERISTIC_NEUTRAL,2267,PASS,454,454
2017-09-29,252,neighbor_jaccard_1m,FULL_CHARACTERISTIC_NEUTRAL,2215,PASS,443,443
2017-09-29,252,neighbor_retention_1m,FULL_CHARACTERISTIC_NEUTRAL,2163,PASS,433,433
2017-09-29,252,outside_community_degree_percentile,FULL_CHARACTERISTIC_NEUTRAL,2344,PASS,469,469
2017-09-29,252,residual_degree_percentile,FULL_CHARACTERISTIC_NEUTRAL,2344,PASS,469,469
2017-10-31,60,cross_industry_degree_percentile,FULL_CHARACTERISTIC_NEUTRAL,2833,PASS,567,567
2017-10-31,60,cross_industry_degree_ratio,FULL_CHARACTERISTIC_NEUTRAL,2832,PASS,567,567
2017-10-31,60,delta_cross_industry_degree_percentile_1m,FULL_CHARACTERISTIC_NEUTRAL,2759,PASS,552,552
2017-10-31,60,delta_degree_percentile,FULL_CHARACTERISTIC_NEUTRAL,2833,PASS,567,567
2017-10-31,60,delta_residual_degree_percentile_1m,FULL_CHARACTERISTIC_NEUTRAL,2759,PASS,552,552
2017-10-31,60,neighbor_jaccard_1m,FULL_CHARACTERISTIC_NEUTRAL,2759,PASS,552,552
2017-10-31,60,neighbor_retention_1m,FULL_CHARACTERISTIC_NEUTRAL,2747,PASS,550,550
2017-10-31,60,outside_community_degree_percentile,FULL_CHARACTERISTIC_NEUTRAL,2833,PASS,567,567
2017-10-31,60,residual_degree_percentile,FULL_CHARACTERISTIC_NEUTRAL,2833,PASS,567,567
2017-10-31,120,cross_industry_degree_percentile,FULL_CHARACTERISTIC_NEUTRAL,2772,PASS,555,555
2017-10-31,120,cross_industry_degree_ratio,FULL_CHARACTERISTIC_NEUTRAL,2747,PASS,550,550
2017-10-31,120,delta_cross_industry_degree_percentile_1m,FULL_CHARACTERISTIC_NEUTRAL,2724,PASS,545,545
2017-10-31,120,delta_degree_percentile,FULL_CHARACTERISTIC_NEUTRAL,2772,PASS,555,555
2017-10-31,120,delta_residual_degree_percentile_1m,FULL_CHARACTERISTIC_NEUTRAL,2724,PASS,545,545
2017-10-31,120,neighbor_jaccard_1m,FULL_CHARACTERISTIC_NEUTRAL,2717,PASS,544,544
2017-10-31,120,neighbor_retention_1m,FULL_CHARACTERISTIC_NEUTRAL,2691,PASS,539,538
2017-10-31,120,outside_community_degree_percentile,FULL_CHARACTERISTIC_NEUTRAL,2772,PASS,555,555
2017-10-31,120,residual_degree_percentile,FULL_CHARACTERISTIC_NEUTRAL,2772,PASS,555,555
2017-10-31,252,cross_industry_degree_percentile,FULL_CHARACTERISTIC_NEUTRAL,2379,PASS,476,476
2017-10-31,252,cross_industry_degree_ratio,FULL_CHARACTERISTIC_NEUTRAL,2270,PASS,454,454
2017-10-31,252,delta_cross_industry_degree_percentile_1m,FULL_CHARACTERISTIC_NEUTRAL,2328,PASS,466,466
2017-10-31,252,delta_degree_percentile,FULL_CHARACTERISTIC_NEUTRAL,2379,PASS,476,476
2017-10-31,252,delta_residual_degree_percentile_1m,FULL_CHARACTERISTIC_NEUTRAL,2328,PASS,466,466
2017-10-31,252,neighbor_jaccard_1m,FULL_CHARACTERISTIC_NEUTRAL,2265,PASS,453,453
2017-10-31,252,neighbor_retention_1m,FULL_CHARACTERISTIC_NEUTRAL,2216,PASS,444,443
2017-10-31,252,outside_community_degree_percentile,FULL_CHARACTERISTIC_NEUTRAL,2379,PASS,476,476
2017-10-31,252,residual_degree_percentile,FULL_CHARACTERISTIC_NEUTRAL,2379,PASS,476,476
2017-11-30,60,cross_industry_degree_percentile,FULL_CHARACTERISTIC_NEUTRAL,2865,PASS,573,573
2017-11-30,60,cross_industry_degree_ratio,FULL_CHARACTERISTIC_NEUTRAL,2862,PASS,573,573
2017-11-30,60,delta_cross_industry_degree_percentile_1m,FULL_CHARACTERISTIC_NEUTRAL,2800,PASS,560,560
2017-11-30,60,delta_degree_percentile,FULL_CHARACTERISTIC_NEUTRAL,2865,PASS,573,573
2017-11-30,60,delta_residual_degree_percentile_1m,FULL_CHARACTERISTIC_NEUTRAL,2800,PASS,560,560
2017-11-30,60,neighbor_jaccard_1m,FULL_CHARACTERISTIC_NEUTRAL,2800,PASS,560,560
2017-11-30,60,neighbor_retention_1m,FULL_CHARACTERISTIC_NEUTRAL,2799,PASS,560,560
2017-11-30,60,outside_community_degree_percentile,FULL_CHARACTERISTIC_NEUTRAL,2865,PASS,573,573
2017-11-30,60,residual_degree_percentile,FULL_CHARACTERISTIC_NEUTRAL,2865,PASS,573,573
2017-11-30,120,cross_industry_degree_percentile,FULL_CHARACTERISTIC_NEUTRAL,2820,PASS,564,564
2017-11-30,120,cross_industry_degree_ratio,FULL_CHARACTERISTIC_NEUTRAL,2799,PASS,560,560
2017-11-30,120,delta_cross_industry_degree_percentile_1m,FULL_CHARACTERISTIC_NEUTRAL,2752,PASS,551,551
2017-11-30,120,delta_degree_percentile,FULL_CHARACTERISTIC_NEUTRAL,2820,PASS,564,564
2017-11-30,120,delta_residual_degree_percentile_1m,FULL_CHARACTERISTIC_NEUTRAL,2752,PASS,551,551
2017-11-30,120,neighbor_jaccard_1m,FULL_CHARACTERISTIC_NEUTRAL,2747,PASS,550,550
2017-11-30,120,neighbor_retention_1m,FULL_CHARACTERISTIC_NEUTRAL,2727,PASS,546,546
2017-11-30,120,outside_community_degree_percentile,FULL_CHARACTERISTIC_NEUTRAL,2820,PASS,564,564
2017-11-30,120,residual_degree_percentile,FULL_CHARACTERISTIC_NEUTRAL,2820,PASS,564,564
2017-11-30,252,cross_industry_degree_percentile,FULL_CHARACTERISTIC_NEUTRAL,2433,PASS,487,487
2017-11-30,252,cross_industry_degree_ratio,FULL_CHARACTERISTIC_NEUTRAL,2312,PASS,463,463
2017-11-30,252,delta_cross_industry_degree_percentile_1m,FULL_CHARACTERISTIC_NEUTRAL,2349,PASS,470,470
2017-11-30,252,delta_degree_percentile,FULL_CHARACTERISTIC_NEUTRAL,2433,PASS,487,487
2017-11-30,252,delta_residual_degree_percentile_1m,FULL_CHARACTERISTIC_NEUTRAL,2349,PASS,470,470
2017-11-30,252,neighbor_jaccard_1m,FULL_CHARACTERISTIC_NEUTRAL,2297,PASS,460,460
2017-11-30,252,neighbor_retention_1m,FULL_CHARACTERISTIC_NEUTRAL,2241,PASS,449,448
2017-11-30,252,outside_community_degree_percentile,FULL_CHARACTERISTIC_NEUTRAL,2433,PASS,487,487
2017-11-30,252,residual_degree_percentile,FULL_CHARACTERISTIC_NEUTRAL,2433,PASS,487,487
2017-12-29,60,cross_industry_degree_percentile,FULL_CHARACTERISTIC_NEUTRAL,2894,PASS,579,579
2017-12-29,60,cross_industry_degree_ratio,FULL_CHARACTERISTIC_NEUTRAL,2894,PASS,579,579
2017-12-29,60,delta_cross_industry_degree_percentile_1m,FULL_CHARACTERISTIC_NEUTRAL,2811,PASS,563,562
2017-12-29,60,delta_degree_percentile,FULL_CHARACTERISTIC_NEUTRAL,2894,PASS,579,579
2017-12-29,60,delta_residual_degree_percentile_1m,FULL_CHARACTERISTIC_NEUTRAL,2811,PASS,563,562
2017-12-29,60,neighbor_jaccard_1m,FULL_CHARACTERISTIC_NEUTRAL,2811,PASS,563,562
2017-12-29,60,neighbor_retention_1m,FULL_CHARACTERISTIC_NEUTRAL,2807,PASS,562,562
2017-12-29,60,outside_community_degree_percentile,FULL_CHARACTERISTIC_NEUTRAL,2894,PASS,579,579
2017-12-29,60,residual_degree_percentile,FULL_CHARACTERISTIC_NEUTRAL,2894,PASS,579,579
2017-12-29,120,cross_industry_degree_percentile,FULL_CHARACTERISTIC_NEUTRAL,2837,PASS,568,568
2017-12-29,120,cross_industry_degree_ratio,FULL_CHARACTERISTIC_NEUTRAL,2816,PASS,564,563
2017-12-29,120,delta_cross_industry_degree_percentile_1m,FULL_CHARACTERISTIC_NEUTRAL,2782,PASS,557,557
2017-12-29,120,delta_degree_percentile,FULL_CHARACTERISTIC_NEUTRAL,2837,PASS,568,568
2017-12-29,120,delta_residual_degree_percentile_1m,FULL_CHARACTERISTIC_NEUTRAL,2782,PASS,557,557
2017-12-29,120,neighbor_jaccard_1m,FULL_CHARACTERISTIC_NEUTRAL,2777,PASS,556,556
2017-12-29,120,neighbor_retention_1m,FULL_CHARACTERISTIC_NEUTRAL,2760,PASS,552,552
2017-12-29,120,outside_community_degree_percentile,FULL_CHARACTERISTIC_NEUTRAL,2837,PASS,568,568
2017-12-29,120,residual_degree_percentile,FULL_CHARACTERISTIC_NEUTRAL,2837,PASS,568,568
2017-12-29,252,cross_industry_degree_percentile,FULL_CHARACTERISTIC_NEUTRAL,2485,PASS,497,497
2017-12-29,252,cross_industry_degree_ratio,FULL_CHARACTERISTIC_NEUTRAL,2351,PASS,471,470
2017-12-29,252,delta_cross_industry_degree_percentile_1m,FULL_CHARACTERISTIC_NEUTRAL,2398,PASS,480,480
2017-12-29,252,delta_degree_percentile,FULL_CHARACTERISTIC_NEUTRAL,2485,PASS,497,497
2017-12-29,252,delta_residual_degree_percentile_1m,FULL_CHARACTERISTIC_NEUTRAL,2398,PASS,480,480
2017-12-29,252,neighbor_jaccard_1m,FULL_CHARACTERISTIC_NEUTRAL,2331,PASS,467,466
2017-12-29,252,neighbor_retention_1m,FULL_CHARACTERISTIC_NEUTRAL,2281,PASS,457,456
2017-12-29,252,outside_community_degree_percentile,FULL_CHARACTERISTIC_NEUTRAL,2485,PASS,497,497
2017-12-29,252,residual_degree_percentile,FULL_CHARACTERISTIC_NEUTRAL,2485,PASS,497,497
2018-01-31,60,cross_industry_degree_percentile,FULL_CHARACTERISTIC_NEUTRAL,2921,PASS,585,584
2018-01-31,60,cross_industry_degree_ratio,FULL_CHARACTERISTIC_NEUTRAL,2920,PASS,584,584
2018-01-31,60,delta_cross_industry_degree_percentile_1m,FULL_CHARACTERISTIC_NEUTRAL,2850,PASS,570,570
2018-01-31,60,delta_degree_percentile,FULL_CHARACTERISTIC_NEUTRAL,2921,PASS,585,584
2018-01-31,60,delta_residual_degree_percentile_1m,FULL_CHARACTERISTIC_NEUTRAL,2850,PASS,570,570
2018-01-31,60,neighbor_jaccard_1m,FULL_CHARACTERISTIC_NEUTRAL,2850,PASS,570,570
2018-01-31,60,neighbor_retention_1m,FULL_CHARACTERISTIC_NEUTRAL,2850,PASS,570,570
2018-01-31,60,outside_community_degree_percentile,FULL_CHARACTERISTIC_NEUTRAL,2921,PASS,585,584
2018-01-31,60,residual_degree_percentile,FULL_CHARACTERISTIC_NEUTRAL,2921,PASS,585,584
2018-01-31,120,cross_industry_degree_percentile,FULL_CHARACTERISTIC_NEUTRAL,2885,PASS,577,577
2018-01-31,120,cross_industry_degree_ratio,FULL_CHARACTERISTIC_NEUTRAL,2876,PASS,576,575
2018-01-31,120,delta_cross_industry_degree_percentile_1m,FULL_CHARACTERISTIC_NEUTRAL,2805,PASS,561,561
2018-01-31,120,delta_degree_percentile,FULL_CHARACTERISTIC_NEUTRAL,2885,PASS,577,577
2018-01-31,120,delta_residual_degree_percentile_1m,FULL_CHARACTERISTIC_NEUTRAL,2805,PASS,561,561
2018-01-31,120,neighbor_jaccard_1m,FULL_CHARACTERISTIC_NEUTRAL,2804,PASS,561,561
2018-01-31,120,neighbor_retention_1m,FULL_CHARACTERISTIC_NEUTRAL,2785,PASS,557,557
2018-01-31,120,outside_community_degree_percentile,FULL_CHARACTERISTIC_NEUTRAL,2885,PASS,577,577
2018-01-31,120,residual_degree_percentile,FULL_CHARACTERISTIC_NEUTRAL,2885,PASS,577,577
2018-01-31,252,cross_industry_degree_percentile,FULL_CHARACTERISTIC_NEUTRAL,2527,PASS,506,506
2018-01-31,252,cross_industry_degree_ratio,FULL_CHARACTERISTIC_NEUTRAL,2360,PASS,472,472
2018-01-31,252,delta_cross_industry_degree_percentile_1m,FULL_CHARACTERISTIC_NEUTRAL,2449,PASS,490,490
2018-01-31,252,delta_degree_percentile,FULL_CHARACTERISTIC_NEUTRAL,2527,PASS,506,506
2018-01-31,252,delta_residual_degree_percentile_1m,FULL_CHARACTERISTIC_NEUTRAL,2449,PASS,490,490
2018-01-31,252,neighbor_jaccard_1m,FULL_CHARACTERISTIC_NEUTRAL,2376,PASS,476,475
2018-01-31,252,neighbor_retention_1m,FULL_CHARACTERISTIC_NEUTRAL,2322,PASS,465,465
2018-01-31,252,outside_community_degree_percentile,FULL_CHARACTERISTIC_NEUTRAL,2527,PASS,506,506
2018-01-31,252,residual_degree_percentile,FULL_CHARACTERISTIC_NEUTRAL,2527,PASS,506,506
2018-02-28,60,cross_industry_degree_percentile,FULL_CHARACTERISTIC_NEUTRAL,2858,PASS,572,572
2018-02-28,60,cross_industry_degree_ratio,FULL_CHARACTERISTIC_NEUTRAL,2845,PASS,569,569
2018-02-28,60,delta_cross_industry_degree_percentile_1m,FULL_CHARACTERISTIC_NEUTRAL,2810,PASS,562,562
2018-02-28,60,delta_degree_percentile,FULL_CHARACTERISTIC_NEUTRAL,2858,PASS,572,572
2018-02-28,60,delta_residual_degree_percentile_1m,FULL_CHARACTERISTIC_NEUTRAL,2810,PASS,562,562
2018-02-28,60,neighbor_jaccard_1m,FULL_CHARACTERISTIC_NEUTRAL,2810,PASS,562,562
2018-02-28,60,neighbor_retention_1m,FULL_CHARACTERISTIC_NEUTRAL,2808,PASS,562,562
2018-02-28,60,outside_community_degree_percentile,FULL_CHARACTERISTIC_NEUTRAL,2858,PASS,572,572
2018-02-28,60,residual_degree_percentile,FULL_CHARACTERISTIC_NEUTRAL,2858,PASS,572,572
2018-02-28,120,cross_industry_degree_percentile,FULL_CHARACTERISTIC_NEUTRAL,2839,PASS,568,568
2018-02-28,120,cross_industry_degree_ratio,FULL_CHARACTERISTIC_NEUTRAL,2818,PASS,564,564
2018-02-28,120,delta_cross_industry_degree_percentile_1m,FULL_CHARACTERISTIC_NEUTRAL,2809,PASS,562,562
2018-02-28,120,delta_degree_percentile,FULL_CHARACTERISTIC_NEUTRAL,2839,PASS,568,568
2018-02-28,120,delta_residual_degree_percentile_1m,FULL_CHARACTERISTIC_NEUTRAL,2809,PASS,562,562
2018-02-28,120,neighbor_jaccard_1m,FULL_CHARACTERISTIC_NEUTRAL,2808,PASS,562,562
2018-02-28,120,neighbor_retention_1m,FULL_CHARACTERISTIC_NEUTRAL,2799,PASS,560,560
2018-02-28,120,outside_community_degree_percentile,FULL_CHARACTERISTIC_NEUTRAL,2839,PASS,568,568
2018-02-28,120,residual_degree_percentile,FULL_CHARACTERISTIC_NEUTRAL,2839,PASS,568,568
2018-02-28,252,cross_industry_degree_percentile,FULL_CHARACTERISTIC_NEUTRAL,2537,PASS,508,508
2018-02-28,252,cross_industry_degree_ratio,FULL_CHARACTERISTIC_NEUTRAL,2332,PASS,467,467
2018-02-28,252,delta_cross_industry_degree_percentile_1m,FULL_CHARACTERISTIC_NEUTRAL,2497,PASS,500,500
2018-02-28,252,delta_degree_percentile,FULL_CHARACTERISTIC_NEUTRAL,2537,PASS,508,508
2018-02-28,252,delta_residual_degree_percentile_1m,FULL_CHARACTERISTIC_NEUTRAL,2497,PASS,500,500
2018-02-28,252,neighbor_jaccard_1m,FULL_CHARACTERISTIC_NEUTRAL,2383,PASS,477,477
2018-02-28,252,neighbor_retention_1m,FULL_CHARACTERISTIC_NEUTRAL,2331,PASS,467,466
2018-02-28,252,outside_community_degree_percentile,FULL_CHARACTERISTIC_NEUTRAL,2537,PASS,508,508
2018-02-28,252,residual_degree_percentile,FULL_CHARACTERISTIC_NEUTRAL,2537,PASS,508,508
2018-03-30,60,cross_industry_degree_percentile,FULL_CHARACTERISTIC_NEUTRAL,2916,PASS,584,583
2018-03-30,60,cross_industry_degree_ratio,FULL_CHARACTERISTIC_NEUTRAL,2907,PASS,582,582
2018-03-30,60,delta_cross_industry_degree_percentile_1m,FULL_CHARACTERISTIC_NEUTRAL,2839,PASS,568,568
2018-03-30,60,delta_degree_percentile,FULL_CHARACTERISTIC_NEUTRAL,2916,PASS,584,583
2018-03-30,60,delta_residual_degree_percentile_1m,FULL_CHARACTERISTIC_NEUTRAL,2839,PASS,568,568
2018-03-30,60,neighbor_jaccard_1m,FULL_CHARACTERISTIC_NEUTRAL,2837,PASS,568,568
2018-03-30,60,neighbor_retention_1m,FULL_CHARACTERISTIC_NEUTRAL,2825,PASS,565,565
2018-03-30,60,outside_community_degree_percentile,FULL_CHARACTERISTIC_NEUTRAL,2916,PASS,584,583
2018-03-30,60,residual_degree_percentile,FULL_CHARACTERISTIC_NEUTRAL,2916,PASS,584,583
2018-03-30,120,cross_industry_degree_percentile,FULL_CHARACTERISTIC_NEUTRAL,2883,PASS,577,577
2018-03-30,120,cross_industry_degree_ratio,FULL_CHARACTERISTIC_NEUTRAL,2857,PASS,572,572
2018-03-30,120,delta_cross_industry_degree_percentile_1m,FULL_CHARACTERISTIC_NEUTRAL,2808,PASS,562,562
2018-03-30,120,delta_degree_percentile,FULL_CHARACTERISTIC_NEUTRAL,2883,PASS,577,577
2018-03-30,120,delta_residual_degree_percentile_1m,FULL_CHARACTERISTIC_NEUTRAL,2808,PASS,562,562
2018-03-30,120,neighbor_jaccard_1m,FULL_CHARACTERISTIC_NEUTRAL,2805,PASS,561,561
2018-03-30,120,neighbor_retention_1m,FULL_CHARACTERISTIC_NEUTRAL,2788,PASS,558,558
2018-03-30,120,outside_community_degree_percentile,FULL_CHARACTERISTIC_NEUTRAL,2883,PASS,577,577
2018-03-30,120,residual_degree_percentile,FULL_CHARACTERISTIC_NEUTRAL,2883,PASS,577,577
2018-03-30,252,cross_industry_degree_percentile,FULL_CHARACTERISTIC_NEUTRAL,2566,PASS,514,513
2018-03-30,252,cross_industry_degree_ratio,FULL_CHARACTERISTIC_NEUTRAL,2339,PASS,468,468
2018-03-30,252,delta_cross_industry_degree_percentile_1m,FULL_CHARACTERISTIC_NEUTRAL,2470,PASS,494,494
2018-03-30,252,delta_degree_percentile,FULL_CHARACTERISTIC_NEUTRAL,2566,PASS,514,513
2018-03-30,252,delta_residual_degree_percentile_1m,FULL_CHARACTERISTIC_NEUTRAL,2470,PASS,494,494
2018-03-30,252,neighbor_jaccard_1m,FULL_CHARACTERISTIC_NEUTRAL,2333,PASS,467,467
2018-03-30,252,neighbor_retention_1m,FULL_CHARACTERISTIC_NEUTRAL,2264,PASS,453,453
2018-03-30,252,outside_community_degree_percentile,FULL_CHARACTERISTIC_NEUTRAL,2566,PASS,514,513
2018-03-30,252,residual_degree_percentile,FULL_CHARACTERISTIC_NEUTRAL,2566,PASS,514,513
2018-04-27,60,cross_industry_degree_percentile,FULL_CHARACTERISTIC_NEUTRAL,2950,PASS,590,590
2018-04-27,60,cross_industry_degree_ratio,FULL_CHARACTERISTIC_NEUTRAL,2940,PASS,588,588
2018-04-27,60,delta_cross_industry_degree_percentile_1m,FULL_CHARACTERISTIC_NEUTRAL,2893,PASS,579,579
2018-04-27,60,delta_degree_percentile,FULL_CHARACTERISTIC_NEUTRAL,2950,PASS,590,590
2018-04-27,60,delta_residual_degree_percentile_1m,FULL_CHARACTERISTIC_NEUTRAL,2893,PASS,579,579
2018-04-27,60,neighbor_jaccard_1m,FULL_CHARACTERISTIC_NEUTRAL,2893,PASS,579,579
2018-04-27,60,neighbor_retention_1m,FULL_CHARACTERISTIC_NEUTRAL,2884,PASS,577,577
2018-04-27,60,outside_community_degree_percentile,FULL_CHARACTERISTIC_NEUTRAL,2950,PASS,590,590
2018-04-27,60,residual_degree_percentile,FULL_CHARACTERISTIC_NEUTRAL,2950,PASS,590,590
2018-04-27,120,cross_industry_degree_percentile,FULL_CHARACTERISTIC_NEUTRAL,2922,PASS,585,585
2018-04-27,120,cross_industry_degree_ratio,FULL_CHARACTERISTIC_NEUTRAL,2893,PASS,579,579
2018-04-27,120,delta_cross_industry_degree_percentile_1m,FULL_CHARACTERISTIC_NEUTRAL,2866,PASS,574,573
2018-04-27,120,delta_degree_percentile,FULL_CHARACTERISTIC_NEUTRAL,2922,PASS,585,585
2018-04-27,120,delta_residual_degree_percentile_1m,FULL_CHARACTERISTIC_NEUTRAL,2866,PASS,574,573
2018-04-27,120,neighbor_jaccard_1m,FULL_CHARACTERISTIC_NEUTRAL,2860,PASS,572,572
2018-04-27,120,neighbor_retention_1m,FULL_CHARACTERISTIC_NEUTRAL,2839,PASS,568,568
2018-04-27,120,outside_community_degree_percentile,FULL_CHARACTERISTIC_NEUTRAL,2922,PASS,585,585
2018-04-27,120,residual_degree_percentile,FULL_CHARACTERISTIC_NEUTRAL,2922,PASS,585,585
2018-04-27,252,cross_industry_degree_percentile,FULL_CHARACTERISTIC_NEUTRAL,2593,PASS,519,519
2018-04-27,252,cross_industry_degree_ratio,FULL_CHARACTERISTIC_NEUTRAL,2410,PASS,482,482
2018-04-27,252,delta_cross_industry_degree_percentile_1m,FULL_CHARACTERISTIC_NEUTRAL,2537,PASS,508,508
2018-04-27,252,delta_degree_percentile,FULL_CHARACTERISTIC_NEUTRAL,2593,PASS,519,519
2018-04-27,252,delta_residual_degree_percentile_1m,FULL_CHARACTERISTIC_NEUTRAL,2537,PASS,508,508
2018-04-27,252,neighbor_jaccard_1m,FULL_CHARACTERISTIC_NEUTRAL,2416,PASS,484,483
2018-04-27,252,neighbor_retention_1m,FULL_CHARACTERISTIC_NEUTRAL,2314,PASS,463,463
2018-04-27,252,outside_community_degree_percentile,FULL_CHARACTERISTIC_NEUTRAL,2593,PASS,519,519
2018-04-27,252,residual_degree_percentile,FULL_CHARACTERISTIC_NEUTRAL,2593,PASS,519,519
2018-05-31,60,cross_industry_degree_percentile,FULL_CHARACTERISTIC_NEUTRAL,3042,PASS,609,609
2018-05-31,60,cross_industry_degree_ratio,FULL_CHARACTERISTIC_NEUTRAL,3042,PASS,609,609
2018-05-31,60,delta_cross_industry_degree_percentile_1m,FULL_CHARACTERISTIC_NEUTRAL,2928,PASS,586,586
2018-05-31,60,delta_degree_percentile,FULL_CHARACTERISTIC_NEUTRAL,3042,PASS,609,609
2018-05-31,60,delta_residual_degree_percentile_1m,FULL_CHARACTERISTIC_NEUTRAL,2928,PASS,586,586
2018-05-31,60,neighbor_jaccard_1m,FULL_CHARACTERISTIC_NEUTRAL,2928,PASS,586,586
2018-05-31,60,neighbor_retention_1m,FULL_CHARACTERISTIC_NEUTRAL,2918,PASS,584,584
2018-05-31,60,outside_community_degree_percentile,FULL_CHARACTERISTIC_NEUTRAL,3042,PASS,609,609
2018-05-31,60,residual_degree_percentile,FULL_CHARACTERISTIC_NEUTRAL,3042,PASS,609,609
2018-05-31,120,cross_industry_degree_percentile,FULL_CHARACTERISTIC_NEUTRAL,2953,PASS,591,591
2018-05-31,120,cross_industry_degree_ratio,FULL_CHARACTERISTIC_NEUTRAL,2927,PASS,586,586
2018-05-31,120,delta_cross_industry_degree_percentile_1m,FULL_CHARACTERISTIC_NEUTRAL,2888,PASS,578,578
2018-05-31,120,delta_degree_percentile,FULL_CHARACTERISTIC_NEUTRAL,2953,PASS,591,591
2018-05-31,120,delta_residual_degree_percentile_1m,FULL_CHARACTERISTIC_NEUTRAL,2888,PASS,578,578
2018-05-31,120,neighbor_jaccard_1m,FULL_CHARACTERISTIC_NEUTRAL,2885,PASS,577,577
2018-05-31,120,neighbor_retention_1m,FULL_CHARACTERISTIC_NEUTRAL,2856,PASS,572,571
2018-05-31,120,outside_community_degree_percentile,FULL_CHARACTERISTIC_NEUTRAL,2953,PASS,591,591
2018-05-31,120,residual_degree_percentile,FULL_CHARACTERISTIC_NEUTRAL,2953,PASS,591,591
2018-05-31,252,cross_industry_degree_percentile,FULL_CHARACTERISTIC_NEUTRAL,2630,PASS,526,526
2018-05-31,252,cross_industry_degree_ratio,FULL_CHARACTERISTIC_NEUTRAL,2452,PASS,491,491
2018-05-31,252,delta_cross_industry_degree_percentile_1m,FULL_CHARACTERISTIC_NEUTRAL,2560,PASS,512,512
2018-05-31,252,delta_degree_percentile,FULL_CHARACTERISTIC_NEUTRAL,2630,PASS,526,526
2018-05-31,252,delta_residual_degree_percentile_1m,FULL_CHARACTERISTIC_NEUTRAL,2560,PASS,512,512
2018-05-31,252,neighbor_jaccard_1m,FULL_CHARACTERISTIC_NEUTRAL,2460,PASS,492,492
2018-05-31,252,neighbor_retention_1m,FULL_CHARACTERISTIC_NEUTRAL,2376,PASS,476,475
2018-05-31,252,outside_community_degree_percentile,FULL_CHARACTERISTIC_NEUTRAL,2630,PASS,526,526
2018-05-31,252,residual_degree_percentile,FULL_CHARACTERISTIC_NEUTRAL,2630,PASS,526,526
2018-06-29,60,cross_industry_degree_percentile,FULL_CHARACTERISTIC_NEUTRAL,3039,PASS,608,608
2018-06-29,60,cross_industry_degree_ratio,FULL_CHARACTERISTIC_NEUTRAL,3036,PASS,608,607
2018-06-29,60,delta_cross_industry_degree_percentile_1m,FULL_CHARACTERISTIC_NEUTRAL,2973,PASS,595,595
2018-06-29,60,delta_degree_percentile,FULL_CHARACTERISTIC_NEUTRAL,3039,PASS,608,608
2018-06-29,60,delta_residual_degree_percentile_1m,FULL_CHARACTERISTIC_NEUTRAL,2973,PASS,595,595
2018-06-29,60,neighbor_jaccard_1m,FULL_CHARACTERISTIC_NEUTRAL,2973,PASS,595,595
2018-06-29,60,neighbor_retention_1m,FULL_CHARACTERISTIC_NEUTRAL,2973,PASS,595,595
2018-06-29,60,outside_community_degree_percentile,FULL_CHARACTERISTIC_NEUTRAL,3039,PASS,608,608
2018-06-29,60,residual_degree_percentile,FULL_CHARACTERISTIC_NEUTRAL,3039,PASS,608,608
2018-06-29,120,cross_industry_degree_percentile,FULL_CHARACTERISTIC_NEUTRAL,2961,PASS,593,592
2018-06-29,120,cross_industry_degree_ratio,FULL_CHARACTERISTIC_NEUTRAL,2936,PASS,588,587
2018-06-29,120,delta_cross_industry_degree_percentile_1m,FULL_CHARACTERISTIC_NEUTRAL,2909,PASS,582,582
2018-06-29,120,delta_degree_percentile,FULL_CHARACTERISTIC_NEUTRAL,2961,PASS,593,592
2018-06-29,120,delta_residual_degree_percentile_1m,FULL_CHARACTERISTIC_NEUTRAL,2909,PASS,582,582
2018-06-29,120,neighbor_jaccard_1m,FULL_CHARACTERISTIC_NEUTRAL,2906,PASS,582,581
2018-06-29,120,neighbor_retention_1m,FULL_CHARACTERISTIC_NEUTRAL,2881,PASS,577,576
2018-06-29,120,outside_community_degree_percentile,FULL_CHARACTERISTIC_NEUTRAL,2961,PASS,593,592
2018-06-29,120,residual_degree_percentile,FULL_CHARACTERISTIC_NEUTRAL,2961,PASS,593,592
2018-06-29,252,cross_industry_degree_percentile,FULL_CHARACTERISTIC_NEUTRAL,2647,PASS,530,530
2018-06-29,252,cross_industry_degree_ratio,FULL_CHARACTERISTIC_NEUTRAL,2465,PASS,493,493
2018-06-29,252,delta_cross_industry_degree_percentile_1m,FULL_CHARACTERISTIC_NEUTRAL,2595,PASS,519,519
2018-06-29,252,delta_degree_percentile,FULL_CHARACTERISTIC_NEUTRAL,2647,PASS,530,530
2018-06-29,252,delta_residual_degree_percentile_1m,FULL_CHARACTERISTIC_NEUTRAL,2595,PASS,519,519
2018-06-29,252,neighbor_jaccard_1m,FULL_CHARACTERISTIC_NEUTRAL,2494,PASS,499,499
2018-06-29,252,neighbor_retention_1m,FULL_CHARACTERISTIC_NEUTRAL,2416,PASS,484,483
2018-06-29,252,outside_community_degree_percentile,FULL_CHARACTERISTIC_NEUTRAL,2647,PASS,530,530
2018-06-29,252,residual_degree_percentile,FULL_CHARACTERISTIC_NEUTRAL,2647,PASS,530,530
2018-07-31,60,cross_industry_degree_percentile,FULL_CHARACTERISTIC_NEUTRAL,3133,PASS,627,627
2018-07-31,60,cross_industry_degree_ratio,FULL_CHARACTERISTIC_NEUTRAL,3132,PASS,627,627
2018-07-31,60,delta_cross_industry_degree_percentile_1m,FULL_CHARACTERISTIC_NEUTRAL,3048,PASS,610,610
2018-07-31,60,delta_degree_percentile,FULL_CHARACTERISTIC_NEUTRAL,3133,PASS,627,627
2018-07-31,60,delta_residual_degree_percentile_1m,FULL_CHARACTERISTIC_NEUTRAL,3048,PASS,610,610
2018-07-31,60,neighbor_jaccard_1m,FULL_CHARACTERISTIC_NEUTRAL,3048,PASS,610,610
2018-07-31,60,neighbor_retention_1m,FULL_CHARACTERISTIC_NEUTRAL,3045,PASS,609,609
2018-07-31,60,outside_community_degree_percentile,FULL_CHARACTERISTIC_NEUTRAL,3133,PASS,627,627
2018-07-31,60,residual_degree_percentile,FULL_CHARACTERISTIC_NEUTRAL,3133,PASS,627,627
2018-07-31,120,cross_industry_degree_percentile,FULL_CHARACTERISTIC_NEUTRAL,3011,PASS,603,602
2018-07-31,120,cross_industry_degree_ratio,FULL_CHARACTERISTIC_NEUTRAL,2962,PASS,593,593
2018-07-31,120,delta_cross_industry_degree_percentile_1m,FULL_CHARACTERISTIC_NEUTRAL,2955,PASS,591,591
2018-07-31,120,delta_degree_percentile,FULL_CHARACTERISTIC_NEUTRAL,3011,PASS,603,602
2018-07-31,120,delta_residual_degree_percentile_1m,FULL_CHARACTERISTIC_NEUTRAL,2955,PASS,591,591
2018-07-31,120,neighbor_jaccard_1m,FULL_CHARACTERISTIC_NEUTRAL,2946,PASS,590,589
2018-07-31,120,neighbor_retention_1m,FULL_CHARACTERISTIC_NEUTRAL,2930,PASS,586,586
2018-07-31,120,outside_community_degree_percentile,FULL_CHARACTERISTIC_NEUTRAL,3011,PASS,603,602
2018-07-31,120,residual_degree_percentile,FULL_CHARACTERISTIC_NEUTRAL,3011,PASS,603,602
2018-07-31,252,cross_industry_degree_percentile,FULL_CHARACTERISTIC_NEUTRAL,2695,PASS,539,539
2018-07-31,252,cross_industry_degree_ratio,FULL_CHARACTERISTIC_NEUTRAL,2553,PASS,511,511
2018-07-31,252,delta_cross_industry_degree_percentile_1m,FULL_CHARACTERISTIC_NEUTRAL,2614,PASS,523,523
2018-07-31,252,delta_degree_percentile,FULL_CHARACTERISTIC_NEUTRAL,2695,PASS,539,539
2018-07-31,252,delta_residual_degree_percentile_1m,FULL_CHARACTERISTIC_NEUTRAL,2614,PASS,523,523
2018-07-31,252,neighbor_jaccard_1m,FULL_CHARACTERISTIC_NEUTRAL,2530,PASS,506,506
2018-07-31,252,neighbor_retention_1m,FULL_CHARACTERISTIC_NEUTRAL,2434,PASS,487,487
2018-07-31,252,outside_community_degree_percentile,FULL_CHARACTERISTIC_NEUTRAL,2695,PASS,539,539
2018-07-31,252,residual_degree_percentile,FULL_CHARACTERISTIC_NEUTRAL,2695,PASS,539,539
2018-08-31,60,cross_industry_degree_percentile,FULL_CHARACTERISTIC_NEUTRAL,3236,PASS,648,647
2018-08-31,60,cross_industry_degree_ratio,FULL_CHARACTERISTIC_NEUTRAL,3233,PASS,647,647
2018-08-31,60,delta_cross_industry_degree_percentile_1m,FULL_CHARACTERISTIC_NEUTRAL,3143,PASS,629,629
2018-08-31,60,delta_degree_percentile,FULL_CHARACTERISTIC_NEUTRAL,3236,PASS,648,647
2018-08-31,60,delta_residual_degree_percentile_1m,FULL_CHARACTERISTIC_NEUTRAL,3143,PASS,629,629
2018-08-31,60,neighbor_jaccard_1m,FULL_CHARACTERISTIC_NEUTRAL,3143,PASS,629,629
2018-08-31,60,neighbor_retention_1m,FULL_CHARACTERISTIC_NEUTRAL,3142,PASS,629,629
2018-08-31,60,outside_community_degree_percentile,FULL_CHARACTERISTIC_NEUTRAL,3236,PASS,648,647
2018-08-31,60,residual_degree_percentile,FULL_CHARACTERISTIC_NEUTRAL,3236,PASS,648,647
2018-08-31,120,cross_industry_degree_percentile,FULL_CHARACTERISTIC_NEUTRAL,3100,PASS,620,620
2018-08-31,120,cross_industry_degree_ratio,FULL_CHARACTERISTIC_NEUTRAL,3080,PASS,616,616
2018-08-31,120,delta_cross_industry_degree_percentile_1m,FULL_CHARACTERISTIC_NEUTRAL,3014,PASS,603,603
2018-08-31,120,delta_degree_percentile,FULL_CHARACTERISTIC_NEUTRAL,3100,PASS,620,620
2018-08-31,120,delta_residual_degree_percentile_1m,FULL_CHARACTERISTIC_NEUTRAL,3014,PASS,603,603
2018-08-31,120,neighbor_jaccard_1m,FULL_CHARACTERISTIC_NEUTRAL,3008,PASS,602,602
2018-08-31,120,neighbor_retention_1m,FULL_CHARACTERISTIC_NEUTRAL,2966,PASS,594,593
2018-08-31,120,outside_community_degree_percentile,FULL_CHARACTERISTIC_NEUTRAL,3100,PASS,620,620
2018-08-31,120,residual_degree_percentile,FULL_CHARACTERISTIC_NEUTRAL,3100,PASS,620,620
2018-08-31,252,cross_industry_degree_percentile,FULL_CHARACTERISTIC_NEUTRAL,2774,PASS,555,555
2018-08-31,252,cross_industry_degree_ratio,FULL_CHARACTERISTIC_NEUTRAL,2647,PASS,530,530
2018-08-31,252,delta_cross_industry_degree_percentile_1m,FULL_CHARACTERISTIC_NEUTRAL,2693,PASS,539,539
2018-08-31,252,delta_degree_percentile,FULL_CHARACTERISTIC_NEUTRAL,2774,PASS,555,555
2018-08-31,252,delta_residual_degree_percentile_1m,FULL_CHARACTERISTIC_NEUTRAL,2693,PASS,539,539
2018-08-31,252,neighbor_jaccard_1m,FULL_CHARACTERISTIC_NEUTRAL,2611,PASS,523,522
2018-08-31,252,neighbor_retention_1m,FULL_CHARACTERISTIC_NEUTRAL,2552,PASS,511,511
2018-08-31,252,outside_community_degree_percentile,FULL_CHARACTERISTIC_NEUTRAL,2774,PASS,555,555
2018-08-31,252,residual_degree_percentile,FULL_CHARACTERISTIC_NEUTRAL,2774,PASS,555,555
2018-09-28,60,cross_industry_degree_percentile,FULL_CHARACTERISTIC_NEUTRAL,3304,PASS,661,661
2018-09-28,60,cross_industry_degree_ratio,FULL_CHARACTERISTIC_NEUTRAL,3303,PASS,661,661
2018-09-28,60,delta_cross_industry_degree_percentile_1m,FULL_CHARACTERISTIC_NEUTRAL,3222,PASS,645,645
2018-09-28,60,delta_degree_percentile,FULL_CHARACTERISTIC_NEUTRAL,3304,PASS,661,661
2018-09-28,60,delta_residual_degree_percentile_1m,FULL_CHARACTERISTIC_NEUTRAL,3222,PASS,645,645
2018-09-28,60,neighbor_jaccard_1m,FULL_CHARACTERISTIC_NEUTRAL,3222,PASS,645,645
2018-09-28,60,neighbor_retention_1m,FULL_CHARACTERISTIC_NEUTRAL,3219,PASS,644,644
2018-09-28,60,outside_community_degree_percentile,FULL_CHARACTERISTIC_NEUTRAL,3304,PASS,661,661
2018-09-28,60,residual_degree_percentile,FULL_CHARACTERISTIC_NEUTRAL,3304,PASS,661,661
2018-09-28,120,cross_industry_degree_percentile,FULL_CHARACTERISTIC_NEUTRAL,3141,PASS,629,628
2018-09-28,120,cross_industry_degree_ratio,FULL_CHARACTERISTIC_NEUTRAL,3119,PASS,624,624
2018-09-28,120,delta_cross_industry_degree_percentile_1m,FULL_CHARACTERISTIC_NEUTRAL,3093,PASS,619,619
2018-09-28,120,delta_degree_percentile,FULL_CHARACTERISTIC_NEUTRAL,3141,PASS,629,628
2018-09-28,120,delta_residual_degree_percentile_1m,FULL_CHARACTERISTIC_NEUTRAL,3093,PASS,619,619
2018-09-28,120,neighbor_jaccard_1m,FULL_CHARACTERISTIC_NEUTRAL,3090,PASS,618,618
2018-09-28,120,neighbor_retention_1m,FULL_CHARACTERISTIC_NEUTRAL,3073,PASS,615,615
2018-09-28,120,outside_community_degree_percentile,FULL_CHARACTERISTIC_NEUTRAL,3141,PASS,629,628
2018-09-28,120,residual_degree_percentile,FULL_CHARACTERISTIC_NEUTRAL,3141,PASS,629,628
2018-09-28,252,cross_industry_degree_percentile,FULL_CHARACTERISTIC_NEUTRAL,2834,PASS,567,567
2018-09-28,252,cross_industry_degree_ratio,FULL_CHARACTERISTIC_NEUTRAL,2700,PASS,540,540
2018-09-28,252,delta_cross_industry_degree_percentile_1m,FULL_CHARACTERISTIC_NEUTRAL,2772,PASS,555,555
2018-09-28,252,delta_degree_percentile,FULL_CHARACTERISTIC_NEUTRAL,2834,PASS,567,567
2018-09-28,252,delta_residual_degree_percentile_1m,FULL_CHARACTERISTIC_NEUTRAL,2772,PASS,555,555
2018-09-28,252,neighbor_jaccard_1m,FULL_CHARACTERISTIC_NEUTRAL,2683,PASS,537,537
2018-09-28,252,neighbor_retention_1m,FULL_CHARACTERISTIC_NEUTRAL,2646,PASS,530,529
2018-09-28,252,outside_community_degree_percentile,FULL_CHARACTERISTIC_NEUTRAL,2834,PASS,567,567
2018-09-28,252,residual_degree_percentile,FULL_CHARACTERISTIC_NEUTRAL,2834,PASS,567,567
2018-10-31,60,cross_industry_degree_percentile,FULL_CHARACTERISTIC_NEUTRAL,3335,PASS,667,667
2018-10-31,60,cross_industry_degree_ratio,FULL_CHARACTERISTIC_NEUTRAL,3334,PASS,667,667
2018-10-31,60,delta_cross_industry_degree_percentile_1m,FULL_CHARACTERISTIC_NEUTRAL,3289,PASS,658,658
2018-10-31,60,delta_degree_percentile,FULL_CHARACTERISTIC_NEUTRAL,3335,PASS,667,667
2018-10-31,60,delta_residual_degree_percentile_1m,FULL_CHARACTERISTIC_NEUTRAL,3289,PASS,658,658
2018-10-31,60,neighbor_jaccard_1m,FULL_CHARACTERISTIC_NEUTRAL,3289,PASS,658,658
2018-10-31,60,neighbor_retention_1m,FULL_CHARACTERISTIC_NEUTRAL,3288,PASS,658,658
2018-10-31,60,outside_community_degree_percentile,FULL_CHARACTERISTIC_NEUTRAL,3335,PASS,667,667
2018-10-31,60,residual_degree_percentile,FULL_CHARACTERISTIC_NEUTRAL,3335,PASS,667,667
2018-10-31,120,cross_industry_degree_percentile,FULL_CHARACTERISTIC_NEUTRAL,3201,PASS,641,640
2018-10-31,120,cross_industry_degree_ratio,FULL_CHARACTERISTIC_NEUTRAL,3193,PASS,639,639
2018-10-31,120,delta_cross_industry_degree_percentile_1m,FULL_CHARACTERISTIC_NEUTRAL,3137,PASS,628,628
2018-10-31,120,delta_degree_percentile,FULL_CHARACTERISTIC_NEUTRAL,3201,PASS,641,640
2018-10-31,120,delta_residual_degree_percentile_1m,FULL_CHARACTERISTIC_NEUTRAL,3137,PASS,628,628
2018-10-31,120,neighbor_jaccard_1m,FULL_CHARACTERISTIC_NEUTRAL,3135,PASS,627,627
2018-10-31,120,neighbor_retention_1m,FULL_CHARACTERISTIC_NEUTRAL,3116,PASS,624,623
2018-10-31,120,outside_community_degree_percentile,FULL_CHARACTERISTIC_NEUTRAL,3201,PASS,641,640
2018-10-31,120,residual_degree_percentile,FULL_CHARACTERISTIC_NEUTRAL,3201,PASS,641,640
2018-10-31,252,cross_industry_degree_percentile,FULL_CHARACTERISTIC_NEUTRAL,2899,PASS,580,580
2018-10-31,252,cross_industry_degree_ratio,FULL_CHARACTERISTIC_NEUTRAL,2780,PASS,556,556
2018-10-31,252,delta_cross_industry_degree_percentile_1m,FULL_CHARACTERISTIC_NEUTRAL,2830,PASS,566,566
2018-10-31,252,delta_degree_percentile,FULL_CHARACTERISTIC_NEUTRAL,2899,PASS,580,580
2018-10-31,252,delta_residual_degree_percentile_1m,FULL_CHARACTERISTIC_NEUTRAL,2830,PASS,566,566
2018-10-31,252,neighbor_jaccard_1m,FULL_CHARACTERISTIC_NEUTRAL,2756,PASS,552,551
2018-10-31,252,neighbor_retention_1m,FULL_CHARACTERISTIC_NEUTRAL,2696,PASS,540,539
2018-10-31,252,outside_community_degree_percentile,FULL_CHARACTERISTIC_NEUTRAL,2899,PASS,580,580
2018-10-31,252,residual_degree_percentile,FULL_CHARACTERISTIC_NEUTRAL,2899,PASS,580,580
2018-11-30,60,cross_industry_degree_percentile,FULL_CHARACTERISTIC_NEUTRAL,3351,PASS,671,670
2018-11-30,60,cross_industry_degree_ratio,FULL_CHARACTERISTIC_NEUTRAL,3349,PASS,670,670
2018-11-30,60,delta_cross_industry_degree_percentile_1m,FULL_CHARACTERISTIC_NEUTRAL,3313,PASS,663,663
2018-11-30,60,delta_degree_percentile,FULL_CHARACTERISTIC_NEUTRAL,3351,PASS,671,670
2018-11-30,60,delta_residual_degree_percentile_1m,FULL_CHARACTERISTIC_NEUTRAL,3313,PASS,663,663
2018-11-30,60,neighbor_jaccard_1m,FULL_CHARACTERISTIC_NEUTRAL,3313,PASS,663,663
2018-11-30,60,neighbor_retention_1m,FULL_CHARACTERISTIC_NEUTRAL,3312,PASS,663,663
2018-11-30,60,outside_community_degree_percentile,FULL_CHARACTERISTIC_NEUTRAL,3351,PASS,671,670
2018-11-30,60,residual_degree_percentile,FULL_CHARACTERISTIC_NEUTRAL,3351,PASS,671,670
2018-11-30,120,cross_industry_degree_percentile,FULL_CHARACTERISTIC_NEUTRAL,3265,PASS,653,653
2018-11-30,120,cross_industry_degree_ratio,FULL_CHARACTERISTIC_NEUTRAL,3257,PASS,652,652
2018-11-30,120,delta_cross_industry_degree_percentile_1m,FULL_CHARACTERISTIC_NEUTRAL,3198,PASS,640,640
2018-11-30,120,delta_degree_percentile,FULL_CHARACTERISTIC_NEUTRAL,3265,PASS,653,653
2018-11-30,120,delta_residual_degree_percentile_1m,FULL_CHARACTERISTIC_NEUTRAL,3198,PASS,640,640
2018-11-30,120,neighbor_jaccard_1m,FULL_CHARACTERISTIC_NEUTRAL,3197,PASS,640,640
2018-11-30,120,neighbor_retention_1m,FULL_CHARACTERISTIC_NEUTRAL,3190,PASS,638,638
2018-11-30,120,outside_community_degree_percentile,FULL_CHARACTERISTIC_NEUTRAL,3265,PASS,653,653
2018-11-30,120,residual_degree_percentile,FULL_CHARACTERISTIC_NEUTRAL,3265,PASS,653,653
2018-11-30,252,cross_industry_degree_percentile,FULL_CHARACTERISTIC_NEUTRAL,2953,PASS,591,591
2018-11-30,252,cross_industry_degree_ratio,FULL_CHARACTERISTIC_NEUTRAL,2830,PASS,566,566
2018-11-30,252,delta_cross_industry_degree_percentile_1m,FULL_CHARACTERISTIC_NEUTRAL,2894,PASS,579,579
2018-11-30,252,delta_degree_percentile,FULL_CHARACTERISTIC_NEUTRAL,2953,PASS,591,591
2018-11-30,252,delta_residual_degree_percentile_1m,FULL_CHARACTERISTIC_NEUTRAL,2894,PASS,579,579
2018-11-30,252,neighbor_jaccard_1m,FULL_CHARACTERISTIC_NEUTRAL,2830,PASS,566,566
2018-11-30,252,neighbor_retention_1m,FULL_CHARACTERISTIC_NEUTRAL,2775,PASS,555,555
2018-11-30,252,outside_community_degree_percentile,FULL_CHARACTERISTIC_NEUTRAL,2953,PASS,591,591
2018-11-30,252,residual_degree_percentile,FULL_CHARACTERISTIC_NEUTRAL,2953,PASS,591,591
2018-12-28,60,cross_industry_degree_percentile,FULL_CHARACTERISTIC_NEUTRAL,3402,PASS,681,681
2018-12-28,60,cross_industry_degree_ratio,FULL_CHARACTERISTIC_NEUTRAL,3401,PASS,681,680
2018-12-28,60,delta_cross_industry_degree_percentile_1m,FULL_CHARACTERISTIC_NEUTRAL,3355,PASS,671,671
2018-12-28,60,delta_degree_percentile,FULL_CHARACTERISTIC_NEUTRAL,3402,PASS,681,681
2018-12-28,60,delta_residual_degree_percentile_1m,FULL_CHARACTERISTIC_NEUTRAL,3355,PASS,671,671
2018-12-28,60,neighbor_jaccard_1m,FULL_CHARACTERISTIC_NEUTRAL,3355,PASS,671,671
2018-12-28,60,neighbor_retention_1m,FULL_CHARACTERISTIC_NEUTRAL,3353,PASS,671,671
2018-12-28,60,outside_community_degree_percentile,FULL_CHARACTERISTIC_NEUTRAL,3402,PASS,681,681
2018-12-28,60,residual_degree_percentile,FULL_CHARACTERISTIC_NEUTRAL,3402,PASS,681,681
2018-12-28,120,cross_industry_degree_percentile,FULL_CHARACTERISTIC_NEUTRAL,3338,PASS,668,668
2018-12-28,120,cross_industry_degree_ratio,FULL_CHARACTERISTIC_NEUTRAL,3335,PASS,667,667
2018-12-28,120,delta_cross_industry_degree_percentile_1m,FULL_CHARACTERISTIC_NEUTRAL,3271,PASS,655,654
2018-12-28,120,delta_degree_percentile,FULL_CHARACTERISTIC_NEUTRAL,3338,PASS,668,668
2018-12-28,120,delta_residual_degree_percentile_1m,FULL_CHARACTERISTIC_NEUTRAL,3271,PASS,655,654
2018-12-28,120,neighbor_jaccard_1m,FULL_CHARACTERISTIC_NEUTRAL,3270,PASS,654,654
2018-12-28,120,neighbor_retention_1m,FULL_CHARACTERISTIC_NEUTRAL,3263,PASS,653,653
2018-12-28,120,outside_community_degree_percentile,FULL_CHARACTERISTIC_NEUTRAL,3338,PASS,668,668
2018-12-28,120,residual_degree_percentile,FULL_CHARACTERISTIC_NEUTRAL,3338,PASS,668,668
2018-12-28,252,cross_industry_degree_percentile,FULL_CHARACTERISTIC_NEUTRAL,3008,PASS,602,602
2018-12-28,252,cross_industry_degree_ratio,FULL_CHARACTERISTIC_NEUTRAL,2875,PASS,575,575
2018-12-28,252,delta_cross_industry_degree_percentile_1m,FULL_CHARACTERISTIC_NEUTRAL,2953,PASS,591,591
2018-12-28,252,delta_degree_percentile,FULL_CHARACTERISTIC_NEUTRAL,3008,PASS,602,602
2018-12-28,252,delta_residual_degree_percentile_1m,FULL_CHARACTERISTIC_NEUTRAL,2953,PASS,591,591
2018-12-28,252,neighbor_jaccard_1m,FULL_CHARACTERISTIC_NEUTRAL,2877,PASS,576,576
2018-12-28,252,neighbor_retention_1m,FULL_CHARACTERISTIC_NEUTRAL,2830,PASS,566,566
2018-12-28,252,outside_community_degree_percentile,FULL_CHARACTERISTIC_NEUTRAL,3008,PASS,602,602
2018-12-28,252,residual_degree_percentile,FULL_CHARACTERISTIC_NEUTRAL,3008,PASS,602,602
2019-01-31,60,cross_industry_degree_percentile,FULL_CHARACTERISTIC_NEUTRAL,3469,PASS,694,694
2019-01-31,60,cross_industry_degree_ratio,FULL_CHARACTERISTIC_NEUTRAL,3469,PASS,694,694
2019-01-31,60,delta_cross_industry_degree_percentile_1m,FULL_CHARACTERISTIC_NEUTRAL,3399,PASS,680,680
2019-01-31,60,delta_degree_percentile,FULL_CHARACTERISTIC_NEUTRAL,3469,PASS,694,694
2019-01-31,60,delta_residual_degree_percentile_1m,FULL_CHARACTERISTIC_NEUTRAL,3399,PASS,680,680
2019-01-31,60,neighbor_jaccard_1m,FULL_CHARACTERISTIC_NEUTRAL,3399,PASS,680,680
2019-01-31,60,neighbor_retention_1m,FULL_CHARACTERISTIC_NEUTRAL,3398,PASS,680,680
2019-01-31,60,outside_community_degree_percentile,FULL_CHARACTERISTIC_NEUTRAL,3469,PASS,694,694
2019-01-31,60,residual_degree_percentile,FULL_CHARACTERISTIC_NEUTRAL,3469,PASS,694,694
2019-01-31,120,cross_industry_degree_percentile,FULL_CHARACTERISTIC_NEUTRAL,3388,PASS,678,678
2019-01-31,120,cross_industry_degree_ratio,FULL_CHARACTERISTIC_NEUTRAL,3383,PASS,677,677
2019-01-31,120,delta_cross_industry_degree_percentile_1m,FULL_CHARACTERISTIC_NEUTRAL,3342,PASS,669,669
2019-01-31,120,delta_degree_percentile,FULL_CHARACTERISTIC_NEUTRAL,3388,PASS,678,678
2019-01-31,120,delta_residual_degree_percentile_1m,FULL_CHARACTERISTIC_NEUTRAL,3342,PASS,669,669
2019-01-31,120,neighbor_jaccard_1m,FULL_CHARACTERISTIC_NEUTRAL,3341,PASS,669,668
2019-01-31,120,neighbor_retention_1m,FULL_CHARACTERISTIC_NEUTRAL,3339,PASS,668,668
2019-01-31,120,outside_community_degree_percentile,FULL_CHARACTERISTIC_NEUTRAL,3388,PASS,678,678
2019-01-31,120,residual_degree_percentile,FULL_CHARACTERISTIC_NEUTRAL,3388,PASS,678,678
2019-01-31,252,cross_industry_degree_percentile,FULL_CHARACTERISTIC_NEUTRAL,3066,PASS,614,613
2019-01-31,252,cross_industry_degree_ratio,FULL_CHARACTERISTIC_NEUTRAL,2940,PASS,588,588
2019-01-31,252,delta_cross_industry_degree_percentile_1m,FULL_CHARACTERISTIC_NEUTRAL,3008,PASS,602,602
2019-01-31,252,delta_degree_percentile,FULL_CHARACTERISTIC_NEUTRAL,3066,PASS,614,613
2019-01-31,252,delta_residual_degree_percentile_1m,FULL_CHARACTERISTIC_NEUTRAL,3008,PASS,602,602
2019-01-31,252,neighbor_jaccard_1m,FULL_CHARACTERISTIC_NEUTRAL,2936,PASS,588,587
2019-01-31,252,neighbor_retention_1m,FULL_CHARACTERISTIC_NEUTRAL,2875,PASS,575,575
2019-01-31,252,outside_community_degree_percentile,FULL_CHARACTERISTIC_NEUTRAL,3066,PASS,614,613
2019-01-31,252,residual_degree_percentile,FULL_CHARACTERISTIC_NEUTRAL,3066,PASS,614,613
2019-02-28,60,cross_industry_degree_percentile,FULL_CHARACTERISTIC_NEUTRAL,3495,PASS,699,699
2019-02-28,60,cross_industry_degree_ratio,FULL_CHARACTERISTIC_NEUTRAL,3495,PASS,699,699
2019-02-28,60,delta_cross_industry_degree_percentile_1m,FULL_CHARACTERISTIC_NEUTRAL,3464,PASS,693,693
2019-02-28,60,delta_degree_percentile,FULL_CHARACTERISTIC_NEUTRAL,3495,PASS,699,699
2019-02-28,60,delta_residual_degree_percentile_1m,FULL_CHARACTERISTIC_NEUTRAL,3464,PASS,693,693
2019-02-28,60,neighbor_jaccard_1m,FULL_CHARACTERISTIC_NEUTRAL,3464,PASS,693,693
2019-02-28,60,neighbor_retention_1m,FULL_CHARACTERISTIC_NEUTRAL,3464,PASS,693,693
2019-02-28,60,outside_community_degree_percentile,FULL_CHARACTERISTIC_NEUTRAL,3495,PASS,699,699
2019-02-28,60,residual_degree_percentile,FULL_CHARACTERISTIC_NEUTRAL,3495,PASS,699,699
2019-02-28,120,cross_industry_degree_percentile,FULL_CHARACTERISTIC_NEUTRAL,3416,PASS,684,683
2019-02-28,120,cross_industry_degree_ratio,FULL_CHARACTERISTIC_NEUTRAL,3413,PASS,683,683
2019-02-28,120,delta_cross_industry_degree_percentile_1m,FULL_CHARACTERISTIC_NEUTRAL,3389,PASS,678,678
2019-02-28,120,delta_degree_percentile,FULL_CHARACTERISTIC_NEUTRAL,3416,PASS,684,683
2019-02-28,120,delta_residual_degree_percentile_1m,FULL_CHARACTERISTIC_NEUTRAL,3389,PASS,678,678
2019-02-28,120,neighbor_jaccard_1m,FULL_CHARACTERISTIC_NEUTRAL,3389,PASS,678,678
2019-02-28,120,neighbor_retention_1m,FULL_CHARACTERISTIC_NEUTRAL,3384,PASS,677,677
2019-02-28,120,outside_community_degree_percentile,FULL_CHARACTERISTIC_NEUTRAL,3416,PASS,684,683
2019-02-28,120,residual_degree_percentile,FULL_CHARACTERISTIC_NEUTRAL,3416,PASS,684,683
2019-02-28,252,cross_industry_degree_percentile,FULL_CHARACTERISTIC_NEUTRAL,3099,PASS,620,620
2019-02-28,252,cross_industry_degree_ratio,FULL_CHARACTERISTIC_NEUTRAL,2966,PASS,594,593
2019-02-28,252,delta_cross_industry_degree_percentile_1m,FULL_CHARACTERISTIC_NEUTRAL,3066,PASS,614,613
2019-02-28,252,delta_degree_percentile,FULL_CHARACTERISTIC_NEUTRAL,3099,PASS,620,620
2019-02-28,252,delta_residual_degree_percentile_1m,FULL_CHARACTERISTIC_NEUTRAL,3066,PASS,614,613
2019-02-28,252,neighbor_jaccard_1m,FULL_CHARACTERISTIC_NEUTRAL,2998,PASS,600,600
2019-02-28,252,neighbor_retention_1m,FULL_CHARACTERISTIC_NEUTRAL,2940,PASS,588,588
2019-02-28,252,outside_community_degree_percentile,FULL_CHARACTERISTIC_NEUTRAL,3099,PASS,620,620
2019-02-28,252,residual_degree_percentile,FULL_CHARACTERISTIC_NEUTRAL,3099,PASS,620,620
2019-03-29,60,cross_industry_degree_percentile,FULL_CHARACTERISTIC_NEUTRAL,3498,PASS,700,700
2019-03-29,60,cross_industry_degree_ratio,FULL_CHARACTERISTIC_NEUTRAL,3494,PASS,699,699
2019-03-29,60,delta_cross_industry_degree_percentile_1m,FULL_CHARACTERISTIC_NEUTRAL,3487,PASS,698,698
2019-03-29,60,delta_degree_percentile,FULL_CHARACTERISTIC_NEUTRAL,3498,PASS,700,700
2019-03-29,60,delta_residual_degree_percentile_1m,FULL_CHARACTERISTIC_NEUTRAL,3487,PASS,698,698
2019-03-29,60,neighbor_jaccard_1m,FULL_CHARACTERISTIC_NEUTRAL,3487,PASS,698,698
2019-03-29,60,neighbor_retention_1m,FULL_CHARACTERISTIC_NEUTRAL,3487,PASS,698,698
2019-03-29,60,outside_community_degree_percentile,FULL_CHARACTERISTIC_NEUTRAL,3498,PASS,700,700
2019-03-29,60,residual_degree_percentile,FULL_CHARACTERISTIC_NEUTRAL,3498,PASS,700,700
2019-03-29,120,cross_industry_degree_percentile,FULL_CHARACTERISTIC_NEUTRAL,3467,PASS,694,694
2019-03-29,120,cross_industry_degree_ratio,FULL_CHARACTERISTIC_NEUTRAL,3458,PASS,692,692
2019-03-29,120,delta_cross_industry_degree_percentile_1m,FULL_CHARACTERISTIC_NEUTRAL,3420,PASS,684,684
2019-03-29,120,delta_degree_percentile,FULL_CHARACTERISTIC_NEUTRAL,3467,PASS,694,694
2019-03-29,120,delta_residual_degree_percentile_1m,FULL_CHARACTERISTIC_NEUTRAL,3420,PASS,684,684
2019-03-29,120,neighbor_jaccard_1m,FULL_CHARACTERISTIC_NEUTRAL,3419,PASS,684,684
2019-03-29,120,neighbor_retention_1m,FULL_CHARACTERISTIC_NEUTRAL,3417,PASS,684,684
2019-03-29,120,outside_community_degree_percentile,FULL_CHARACTERISTIC_NEUTRAL,3467,PASS,694,694
2019-03-29,120,residual_degree_percentile,FULL_CHARACTERISTIC_NEUTRAL,3467,PASS,694,694
2019-03-29,252,cross_industry_degree_percentile,FULL_CHARACTERISTIC_NEUTRAL,3161,PASS,633,632
2019-03-29,252,cross_industry_degree_ratio,FULL_CHARACTERISTIC_NEUTRAL,3049,PASS,610,610
2019-03-29,252,delta_cross_industry_degree_percentile_1m,FULL_CHARACTERISTIC_NEUTRAL,3098,PASS,620,620
2019-03-29,252,delta_degree_percentile,FULL_CHARACTERISTIC_NEUTRAL,3161,PASS,633,632
2019-03-29,252,delta_residual_degree_percentile_1m,FULL_CHARACTERISTIC_NEUTRAL,3098,PASS,620,620
2019-03-29,252,neighbor_jaccard_1m,FULL_CHARACTERISTIC_NEUTRAL,3040,PASS,608,608
2019-03-29,252,neighbor_retention_1m,FULL_CHARACTERISTIC_NEUTRAL,2965,PASS,593,593
2019-03-29,252,outside_community_degree_percentile,FULL_CHARACTERISTIC_NEUTRAL,3161,PASS,633,632
2019-03-29,252,residual_degree_percentile,FULL_CHARACTERISTIC_NEUTRAL,3161,PASS,633,632
2019-04-30,60,cross_industry_degree_percentile,FULL_CHARACTERISTIC_NEUTRAL,3485,PASS,697,697
2019-04-30,60,cross_industry_degree_ratio,FULL_CHARACTERISTIC_NEUTRAL,3482,PASS,697,697
2019-04-30,60,delta_cross_industry_degree_percentile_1m,FULL_CHARACTERISTIC_NEUTRAL,3475,PASS,695,695
2019-04-30,60,delta_degree_percentile,FULL_CHARACTERISTIC_NEUTRAL,3485,PASS,697,697
2019-04-30,60,delta_residual_degree_percentile_1m,FULL_CHARACTERISTIC_NEUTRAL,3475,PASS,695,695
2019-04-30,60,neighbor_jaccard_1m,FULL_CHARACTERISTIC_NEUTRAL,3475,PASS,695,695
2019-04-30,60,neighbor_retention_1m,FULL_CHARACTERISTIC_NEUTRAL,3471,PASS,695,694
2019-04-30,60,outside_community_degree_percentile,FULL_CHARACTERISTIC_NEUTRAL,3485,PASS,697,697
2019-04-30,60,residual_degree_percentile,FULL_CHARACTERISTIC_NEUTRAL,3485,PASS,697,697
2019-04-30,120,cross_industry_degree_percentile,FULL_CHARACTERISTIC_NEUTRAL,3512,PASS,703,703
2019-04-30,120,cross_industry_degree_ratio,FULL_CHARACTERISTIC_NEUTRAL,3508,PASS,702,702
2019-04-30,120,delta_cross_industry_degree_percentile_1m,FULL_CHARACTERISTIC_NEUTRAL,3468,PASS,694,694
2019-04-30,120,delta_degree_percentile,FULL_CHARACTERISTIC_NEUTRAL,3512,PASS,703,703
2019-04-30,120,delta_residual_degree_percentile_1m,FULL_CHARACTERISTIC_NEUTRAL,3468,PASS,694,694
2019-04-30,120,neighbor_jaccard_1m,FULL_CHARACTERISTIC_NEUTRAL,3468,PASS,694,694
2019-04-30,120,neighbor_retention_1m,FULL_CHARACTERISTIC_NEUTRAL,3459,PASS,692,692
2019-04-30,120,outside_community_degree_percentile,FULL_CHARACTERISTIC_NEUTRAL,3512,PASS,703,703
2019-04-30,120,residual_degree_percentile,FULL_CHARACTERISTIC_NEUTRAL,3512,PASS,703,703
2019-04-30,252,cross_industry_degree_percentile,FULL_CHARACTERISTIC_NEUTRAL,3237,PASS,648,648
2019-04-30,252,cross_industry_degree_ratio,FULL_CHARACTERISTIC_NEUTRAL,3174,PASS,635,635
2019-04-30,252,delta_cross_industry_degree_percentile_1m,FULL_CHARACTERISTIC_NEUTRAL,3160,PASS,632,632
2019-04-30,252,delta_degree_percentile,FULL_CHARACTERISTIC_NEUTRAL,3237,PASS,648,648
2019-04-30,252,delta_residual_degree_percentile_1m,FULL_CHARACTERISTIC_NEUTRAL,3160,PASS,632,632
2019-04-30,252,neighbor_jaccard_1m,FULL_CHARACTERISTIC_NEUTRAL,3122,PASS,625,625
2019-04-30,252,neighbor_retention_1m,FULL_CHARACTERISTIC_NEUTRAL,3048,PASS,610,610
2019-04-30,252,outside_community_degree_percentile,FULL_CHARACTERISTIC_NEUTRAL,3237,PASS,648,648
2019-04-30,252,residual_degree_percentile,FULL_CHARACTERISTIC_NEUTRAL,3237,PASS,648,648
2019-05-31,60,cross_industry_degree_percentile,FULL_CHARACTERISTIC_NEUTRAL,3482,PASS,697,697
2019-05-31,60,cross_industry_degree_ratio,FULL_CHARACTERISTIC_NEUTRAL,3482,PASS,697,697
2019-05-31,60,delta_cross_industry_degree_percentile_1m,FULL_CHARACTERISTIC_NEUTRAL,3467,PASS,694,694
2019-05-31,60,delta_degree_percentile,FULL_CHARACTERISTIC_NEUTRAL,3482,PASS,697,697
2019-05-31,60,delta_residual_degree_percentile_1m,FULL_CHARACTERISTIC_NEUTRAL,3467,PASS,694,694
2019-05-31,60,neighbor_jaccard_1m,FULL_CHARACTERISTIC_NEUTRAL,3467,PASS,694,694
2019-05-31,60,neighbor_retention_1m,FULL_CHARACTERISTIC_NEUTRAL,3464,PASS,693,693
2019-05-31,60,outside_community_degree_percentile,FULL_CHARACTERISTIC_NEUTRAL,3482,PASS,697,697
2019-05-31,60,residual_degree_percentile,FULL_CHARACTERISTIC_NEUTRAL,3482,PASS,697,697
2019-05-31,120,cross_industry_degree_percentile,FULL_CHARACTERISTIC_NEUTRAL,3529,PASS,706,706
2019-05-31,120,cross_industry_degree_ratio,FULL_CHARACTERISTIC_NEUTRAL,3521,PASS,705,704
2019-05-31,120,delta_cross_industry_degree_percentile_1m,FULL_CHARACTERISTIC_NEUTRAL,3504,PASS,701,701
2019-05-31,120,delta_degree_percentile,FULL_CHARACTERISTIC_NEUTRAL,3529,PASS,706,706
2019-05-31,120,delta_residual_degree_percentile_1m,FULL_CHARACTERISTIC_NEUTRAL,3504,PASS,701,701
2019-05-31,120,neighbor_jaccard_1m,FULL_CHARACTERISTIC_NEUTRAL,3503,PASS,701,701
2019-05-31,120,neighbor_retention_1m,FULL_CHARACTERISTIC_NEUTRAL,3500,PASS,700,700
2019-05-31,120,outside_community_degree_percentile,FULL_CHARACTERISTIC_NEUTRAL,3529,PASS,706,706
2019-05-31,120,residual_degree_percentile,FULL_CHARACTERISTIC_NEUTRAL,3529,PASS,706,706
2019-05-31,252,cross_industry_degree_percentile,FULL_CHARACTERISTIC_NEUTRAL,3300,PASS,660,660
2019-05-31,252,cross_industry_degree_ratio,FULL_CHARACTERISTIC_NEUTRAL,3247,PASS,650,650
2019-05-31,252,delta_cross_industry_degree_percentile_1m,FULL_CHARACTERISTIC_NEUTRAL,3236,PASS,648,647
2019-05-31,252,delta_degree_percentile,FULL_CHARACTERISTIC_NEUTRAL,3300,PASS,660,660
2019-05-31,252,delta_residual_degree_percentile_1m,FULL_CHARACTERISTIC_NEUTRAL,3236,PASS,648,647
2019-05-31,252,neighbor_jaccard_1m,FULL_CHARACTERISTIC_NEUTRAL,3208,PASS,642,642
2019-05-31,252,neighbor_retention_1m,FULL_CHARACTERISTIC_NEUTRAL,3173,PASS,635,635
2019-05-31,252,outside_community_degree_percentile,FULL_CHARACTERISTIC_NEUTRAL,3300,PASS,660,660
2019-05-31,252,residual_degree_percentile,FULL_CHARACTERISTIC_NEUTRAL,3300,PASS,660,660
2019-06-28,60,cross_industry_degree_percentile,FULL_CHARACTERISTIC_NEUTRAL,3492,PASS,699,699
2019-06-28,60,cross_industry_degree_ratio,FULL_CHARACTERISTIC_NEUTRAL,3491,PASS,699,698
2019-06-28,60,delta_cross_industry_degree_percentile_1m,FULL_CHARACTERISTIC_NEUTRAL,3468,PASS,694,694
2019-06-28,60,delta_degree_percentile,FULL_CHARACTERISTIC_NEUTRAL,3492,PASS,699,699
2019-06-28,60,delta_residual_degree_percentile_1m,FULL_CHARACTERISTIC_NEUTRAL,3468,PASS,694,694
2019-06-28,60,neighbor_jaccard_1m,FULL_CHARACTERISTIC_NEUTRAL,3468,PASS,694,694
2019-06-28,60,neighbor_retention_1m,FULL_CHARACTERISTIC_NEUTRAL,3468,PASS,694,694
2019-06-28,60,outside_community_degree_percentile,FULL_CHARACTERISTIC_NEUTRAL,3492,PASS,699,699
2019-06-28,60,residual_degree_percentile,FULL_CHARACTERISTIC_NEUTRAL,3492,PASS,699,699
2019-06-28,120,cross_industry_degree_percentile,FULL_CHARACTERISTIC_NEUTRAL,3540,PASS,708,708
2019-06-28,120,cross_industry_degree_ratio,FULL_CHARACTERISTIC_NEUTRAL,3530,PASS,706,706
2019-06-28,120,delta_cross_industry_degree_percentile_1m,FULL_CHARACTERISTIC_NEUTRAL,3531,PASS,707,706
2019-06-28,120,delta_degree_percentile,FULL_CHARACTERISTIC_NEUTRAL,3540,PASS,708,708
2019-06-28,120,delta_residual_degree_percentile_1m,FULL_CHARACTERISTIC_NEUTRAL,3531,PASS,707,706
2019-06-28,120,neighbor_jaccard_1m,FULL_CHARACTERISTIC_NEUTRAL,3530,PASS,706,706
2019-06-28,120,neighbor_retention_1m,FULL_CHARACTERISTIC_NEUTRAL,3523,PASS,705,705
2019-06-28,120,outside_community_degree_percentile,FULL_CHARACTERISTIC_NEUTRAL,3540,PASS,708,708
2019-06-28,120,residual_degree_percentile,FULL_CHARACTERISTIC_NEUTRAL,3540,PASS,708,708
2019-06-28,252,cross_industry_degree_percentile,FULL_CHARACTERISTIC_NEUTRAL,3356,PASS,672,671
2019-06-28,252,cross_industry_degree_ratio,FULL_CHARACTERISTIC_NEUTRAL,3298,PASS,660,660
2019-06-28,252,delta_cross_industry_degree_percentile_1m,FULL_CHARACTERISTIC_NEUTRAL,3296,PASS,660,659
2019-06-28,252,delta_degree_percentile,FULL_CHARACTERISTIC_NEUTRAL,3356,PASS,672,671
2019-06-28,252,delta_residual_degree_percentile_1m,FULL_CHARACTERISTIC_NEUTRAL,3296,PASS,660,659
2019-06-28,252,neighbor_jaccard_1m,FULL_CHARACTERISTIC_NEUTRAL,3268,PASS,654,654
2019-06-28,252,neighbor_retention_1m,FULL_CHARACTERISTIC_NEUTRAL,3243,PASS,649,649
2019-06-28,252,outside_community_degree_percentile,FULL_CHARACTERISTIC_NEUTRAL,3356,PASS,672,671
2019-06-28,252,residual_degree_percentile,FULL_CHARACTERISTIC_NEUTRAL,3356,PASS,672,671
2019-07-31,60,cross_industry_degree_percentile,FULL_CHARACTERISTIC_NEUTRAL,3517,PASS,704,704
2019-07-31,60,cross_industry_degree_ratio,FULL_CHARACTERISTIC_NEUTRAL,3517,PASS,704,704
2019-07-31,60,delta_cross_industry_degree_percentile_1m,FULL_CHARACTERISTIC_NEUTRAL,3496,PASS,700,699
2019-07-31,60,delta_degree_percentile,FULL_CHARACTERISTIC_NEUTRAL,3517,PASS,704,704
2019-07-31,60,delta_residual_degree_percentile_1m,FULL_CHARACTERISTIC_NEUTRAL,3496,PASS,700,699
2019-07-31,60,neighbor_jaccard_1m,FULL_CHARACTERISTIC_NEUTRAL,3496,PASS,700,699
2019-07-31,60,neighbor_retention_1m,FULL_CHARACTERISTIC_NEUTRAL,3495,PASS,699,699
2019-07-31,60,outside_community_degree_percentile,FULL_CHARACTERISTIC_NEUTRAL,3517,PASS,704,704
2019-07-31,60,residual_degree_percentile,FULL_CHARACTERISTIC_NEUTRAL,3517,PASS,704,704
2019-07-31,120,cross_industry_degree_percentile,FULL_CHARACTERISTIC_NEUTRAL,3556,PASS,712,711
2019-07-31,120,cross_industry_degree_ratio,FULL_CHARACTERISTIC_NEUTRAL,3549,PASS,710,710
2019-07-31,120,delta_cross_industry_degree_percentile_1m,FULL_CHARACTERISTIC_NEUTRAL,3544,PASS,709,709
2019-07-31,120,delta_degree_percentile,FULL_CHARACTERISTIC_NEUTRAL,3556,PASS,712,711
2019-07-31,120,delta_residual_degree_percentile_1m,FULL_CHARACTERISTIC_NEUTRAL,3544,PASS,709,709
2019-07-31,120,neighbor_jaccard_1m,FULL_CHARACTERISTIC_NEUTRAL,3543,PASS,709,709
2019-07-31,120,neighbor_retention_1m,FULL_CHARACTERISTIC_NEUTRAL,3534,PASS,707,707
2019-07-31,120,outside_community_degree_percentile,FULL_CHARACTERISTIC_NEUTRAL,3556,PASS,712,711
2019-07-31,120,residual_degree_percentile,FULL_CHARACTERISTIC_NEUTRAL,3556,PASS,712,711
2019-07-31,252,cross_industry_degree_percentile,FULL_CHARACTERISTIC_NEUTRAL,3401,PASS,681,680
2019-07-31,252,cross_industry_degree_ratio,FULL_CHARACTERISTIC_NEUTRAL,3351,PASS,671,670
2019-07-31,252,delta_cross_industry_degree_percentile_1m,FULL_CHARACTERISTIC_NEUTRAL,3356,PASS,672,671
2019-07-31,252,delta_degree_percentile,FULL_CHARACTERISTIC_NEUTRAL,3401,PASS,681,680
2019-07-31,252,delta_residual_degree_percentile_1m,FULL_CHARACTERISTIC_NEUTRAL,3356,PASS,672,671
2019-07-31,252,neighbor_jaccard_1m,FULL_CHARACTERISTIC_NEUTRAL,3334,PASS,667,667
2019-07-31,252,neighbor_retention_1m,FULL_CHARACTERISTIC_NEUTRAL,3298,PASS,660,660
2019-07-31,252,outside_community_degree_percentile,FULL_CHARACTERISTIC_NEUTRAL,3401,PASS,681,680
2019-07-31,252,residual_degree_percentile,FULL_CHARACTERISTIC_NEUTRAL,3401,PASS,681,680
2019-08-30,60,cross_industry_degree_percentile,FULL_CHARACTERISTIC_NEUTRAL,3531,PASS,707,706
2019-08-30,60,cross_industry_degree_ratio,FULL_CHARACTERISTIC_NEUTRAL,3531,PASS,707,706
2019-08-30,60,delta_cross_industry_degree_percentile_1m,FULL_CHARACTERISTIC_NEUTRAL,3513,PASS,703,703
2019-08-30,60,delta_degree_percentile,FULL_CHARACTERISTIC_NEUTRAL,3531,PASS,707,706
2019-08-30,60,delta_residual_degree_percentile_1m,FULL_CHARACTERISTIC_NEUTRAL,3513,PASS,703,703
2019-08-30,60,neighbor_jaccard_1m,FULL_CHARACTERISTIC_NEUTRAL,3513,PASS,703,703
2019-08-30,60,neighbor_retention_1m,FULL_CHARACTERISTIC_NEUTRAL,3513,PASS,703,703
2019-08-30,60,outside_community_degree_percentile,FULL_CHARACTERISTIC_NEUTRAL,3531,PASS,707,706
2019-08-30,60,residual_degree_percentile,FULL_CHARACTERISTIC_NEUTRAL,3531,PASS,707,706
2019-08-30,120,cross_industry_degree_percentile,FULL_CHARACTERISTIC_NEUTRAL,3562,PASS,713,713
2019-08-30,120,cross_industry_degree_ratio,FULL_CHARACTERISTIC_NEUTRAL,3556,PASS,712,711
2019-08-30,120,delta_cross_industry_degree_percentile_1m,FULL_CHARACTERISTIC_NEUTRAL,3557,PASS,712,712
2019-08-30,120,delta_degree_percentile,FULL_CHARACTERISTIC_NEUTRAL,3562,PASS,713,713
2019-08-30,120,delta_residual_degree_percentile_1m,FULL_CHARACTERISTIC_NEUTRAL,3557,PASS,712,712
2019-08-30,120,neighbor_jaccard_1m,FULL_CHARACTERISTIC_NEUTRAL,3555,PASS,711,711
2019-08-30,120,neighbor_retention_1m,FULL_CHARACTERISTIC_NEUTRAL,3550,PASS,710,710
2019-08-30,120,outside_community_degree_percentile,FULL_CHARACTERISTIC_NEUTRAL,3562,PASS,713,713
2019-08-30,120,residual_degree_percentile,FULL_CHARACTERISTIC_NEUTRAL,3562,PASS,713,713
2019-08-30,252,cross_industry_degree_percentile,FULL_CHARACTERISTIC_NEUTRAL,3451,PASS,691,690
2019-08-30,252,cross_industry_degree_ratio,FULL_CHARACTERISTIC_NEUTRAL,3421,PASS,685,684
2019-08-30,252,delta_cross_industry_degree_percentile_1m,FULL_CHARACTERISTIC_NEUTRAL,3401,PASS,681,680
2019-08-30,252,delta_degree_percentile,FULL_CHARACTERISTIC_NEUTRAL,3451,PASS,691,690
2019-08-30,252,delta_residual_degree_percentile_1m,FULL_CHARACTERISTIC_NEUTRAL,3401,PASS,681,680
2019-08-30,252,neighbor_jaccard_1m,FULL_CHARACTERISTIC_NEUTRAL,3385,PASS,677,677
2019-08-30,252,neighbor_retention_1m,FULL_CHARACTERISTIC_NEUTRAL,3351,PASS,671,670
2019-08-30,252,outside_community_degree_percentile,FULL_CHARACTERISTIC_NEUTRAL,3451,PASS,691,690
2019-08-30,252,residual_degree_percentile,FULL_CHARACTERISTIC_NEUTRAL,3451,PASS,691,690
2019-09-30,60,cross_industry_degree_percentile,FULL_CHARACTERISTIC_NEUTRAL,3552,PASS,711,711
2019-09-30,60,cross_industry_degree_ratio,FULL_CHARACTERISTIC_NEUTRAL,3551,PASS,711,710
2019-09-30,60,delta_cross_industry_degree_percentile_1m,FULL_CHARACTERISTIC_NEUTRAL,3532,PASS,707,707
2019-09-30,60,delta_degree_percentile,FULL_CHARACTERISTIC_NEUTRAL,3552,PASS,711,711
2019-09-30,60,delta_residual_degree_percentile_1m,FULL_CHARACTERISTIC_NEUTRAL,3532,PASS,707,707
2019-09-30,60,neighbor_jaccard_1m,FULL_CHARACTERISTIC_NEUTRAL,3532,PASS,707,707
2019-09-30,60,neighbor_retention_1m,FULL_CHARACTERISTIC_NEUTRAL,3532,PASS,707,707
2019-09-30,60,outside_community_degree_percentile,FULL_CHARACTERISTIC_NEUTRAL,3552,PASS,711,711
2019-09-30,60,residual_degree_percentile,FULL_CHARACTERISTIC_NEUTRAL,3552,PASS,711,711
2019-09-30,120,cross_industry_degree_percentile,FULL_CHARACTERISTIC_NEUTRAL,3574,PASS,715,715
2019-09-30,120,cross_industry_degree_ratio,FULL_CHARACTERISTIC_NEUTRAL,3570,PASS,714,714
2019-09-30,120,delta_cross_industry_degree_percentile_1m,FULL_CHARACTERISTIC_NEUTRAL,3568,PASS,714,714
2019-09-30,120,delta_degree_percentile,FULL_CHARACTERISTIC_NEUTRAL,3574,PASS,715,715
2019-09-30,120,delta_residual_degree_percentile_1m,FULL_CHARACTERISTIC_NEUTRAL,3568,PASS,714,714
2019-09-30,120,neighbor_jaccard_1m,FULL_CHARACTERISTIC_NEUTRAL,3565,PASS,713,713
2019-09-30,120,neighbor_retention_1m,FULL_CHARACTERISTIC_NEUTRAL,3562,PASS,713,713
2019-09-30,120,outside_community_degree_percentile,FULL_CHARACTERISTIC_NEUTRAL,3574,PASS,715,715
2019-09-30,120,residual_degree_percentile,FULL_CHARACTERISTIC_NEUTRAL,3574,PASS,715,715
2019-09-30,252,cross_industry_degree_percentile,FULL_CHARACTERISTIC_NEUTRAL,3482,PASS,697,697
2019-09-30,252,cross_industry_degree_ratio,FULL_CHARACTERISTIC_NEUTRAL,3444,PASS,689,689
2019-09-30,252,delta_cross_industry_degree_percentile_1m,FULL_CHARACTERISTIC_NEUTRAL,3451,PASS,691,690
2019-09-30,252,delta_degree_percentile,FULL_CHARACTERISTIC_NEUTRAL,3482,PASS,697,697
2019-09-30,252,delta_residual_degree_percentile_1m,FULL_CHARACTERISTIC_NEUTRAL,3451,PASS,691,690
2019-09-30,252,neighbor_jaccard_1m,FULL_CHARACTERISTIC_NEUTRAL,3438,PASS,688,688
2019-09-30,252,neighbor_retention_1m,FULL_CHARACTERISTIC_NEUTRAL,3421,PASS,685,684
2019-09-30,252,outside_community_degree_percentile,FULL_CHARACTERISTIC_NEUTRAL,3482,PASS,697,697
2019-09-30,252,residual_degree_percentile,FULL_CHARACTERISTIC_NEUTRAL,3482,PASS,697,697
2019-10-31,60,cross_industry_degree_percentile,FULL_CHARACTERISTIC_NEUTRAL,3563,PASS,713,713
2019-10-31,60,cross_industry_degree_ratio,FULL_CHARACTERISTIC_NEUTRAL,3563,PASS,713,713
2019-10-31,60,delta_cross_industry_degree_percentile_1m,FULL_CHARACTERISTIC_NEUTRAL,3554,PASS,711,711
2019-10-31,60,delta_degree_percentile,FULL_CHARACTERISTIC_NEUTRAL,3563,PASS,713,713
2019-10-31,60,delta_residual_degree_percentile_1m,FULL_CHARACTERISTIC_NEUTRAL,3554,PASS,711,711
2019-10-31,60,neighbor_jaccard_1m,FULL_CHARACTERISTIC_NEUTRAL,3554,PASS,711,711
2019-10-31,60,neighbor_retention_1m,FULL_CHARACTERISTIC_NEUTRAL,3553,PASS,711,711
2019-10-31,60,outside_community_degree_percentile,FULL_CHARACTERISTIC_NEUTRAL,3563,PASS,713,713
2019-10-31,60,residual_degree_percentile,FULL_CHARACTERISTIC_NEUTRAL,3563,PASS,713,713
2019-10-31,120,cross_industry_degree_percentile,FULL_CHARACTERISTIC_NEUTRAL,3582,PASS,717,717
2019-10-31,120,cross_industry_degree_ratio,FULL_CHARACTERISTIC_NEUTRAL,3582,PASS,717,717
2019-10-31,120,delta_cross_industry_degree_percentile_1m,FULL_CHARACTERISTIC_NEUTRAL,3578,PASS,716,716
2019-10-31,120,delta_degree_percentile,FULL_CHARACTERISTIC_NEUTRAL,3582,PASS,717,717
2019-10-31,120,delta_residual_degree_percentile_1m,FULL_CHARACTERISTIC_NEUTRAL,3578,PASS,716,716
2019-10-31,120,neighbor_jaccard_1m,FULL_CHARACTERISTIC_NEUTRAL,3578,PASS,716,716
2019-10-31,120,neighbor_retention_1m,FULL_CHARACTERISTIC_NEUTRAL,3574,PASS,715,715
2019-10-31,120,outside_community_degree_percentile,FULL_CHARACTERISTIC_NEUTRAL,3582,PASS,717,717
2019-10-31,120,residual_degree_percentile,FULL_CHARACTERISTIC_NEUTRAL,3582,PASS,717,717
2019-10-31,252,cross_industry_degree_percentile,FULL_CHARACTERISTIC_NEUTRAL,3517,PASS,704,704
2019-10-31,252,cross_industry_degree_ratio,FULL_CHARACTERISTIC_NEUTRAL,3479,PASS,696,696
2019-10-31,252,delta_cross_industry_degree_percentile_1m,FULL_CHARACTERISTIC_NEUTRAL,3481,PASS,697,696
2019-10-31,252,delta_degree_percentile,FULL_CHARACTERISTIC_NEUTRAL,3517,PASS,704,704
2019-10-31,252,delta_residual_degree_percentile_1m,FULL_CHARACTERISTIC_NEUTRAL,3481,PASS,697,696
2019-10-31,252,neighbor_jaccard_1m,FULL_CHARACTERISTIC_NEUTRAL,3462,PASS,693,693
2019-10-31,252,neighbor_retention_1m,FULL_CHARACTERISTIC_NEUTRAL,3443,PASS,689,689
2019-10-31,252,outside_community_degree_percentile,FULL_CHARACTERISTIC_NEUTRAL,3517,PASS,704,704
2019-10-31,252,residual_degree_percentile,FULL_CHARACTERISTIC_NEUTRAL,3517,PASS,704,704
2019-11-29,60,cross_industry_degree_percentile,FULL_CHARACTERISTIC_NEUTRAL,3574,PASS,715,715
2019-11-29,60,cross_industry_degree_ratio,FULL_CHARACTERISTIC_NEUTRAL,3574,PASS,715,715
2019-11-29,60,delta_cross_industry_degree_percentile_1m,FULL_CHARACTERISTIC_NEUTRAL,3565,PASS,713,713
2019-11-29,60,delta_degree_percentile,FULL_CHARACTERISTIC_NEUTRAL,3574,PASS,715,715
2019-11-29,60,delta_residual_degree_percentile_1m,FULL_CHARACTERISTIC_NEUTRAL,3565,PASS,713,713
2019-11-29,60,neighbor_jaccard_1m,FULL_CHARACTERISTIC_NEUTRAL,3565,PASS,713,713
2019-11-29,60,neighbor_retention_1m,FULL_CHARACTERISTIC_NEUTRAL,3565,PASS,713,713
2019-11-29,60,outside_community_degree_percentile,FULL_CHARACTERISTIC_NEUTRAL,3574,PASS,715,715
2019-11-29,60,residual_degree_percentile,FULL_CHARACTERISTIC_NEUTRAL,3574,PASS,715,715
2019-11-29,120,cross_industry_degree_percentile,FULL_CHARACTERISTIC_NEUTRAL,3593,PASS,719,719
2019-11-29,120,cross_industry_degree_ratio,FULL_CHARACTERISTIC_NEUTRAL,3593,PASS,719,719
2019-11-29,120,delta_cross_industry_degree_percentile_1m,FULL_CHARACTERISTIC_NEUTRAL,3591,PASS,719,718
2019-11-29,120,delta_degree_percentile,FULL_CHARACTERISTIC_NEUTRAL,3593,PASS,719,719
2019-11-29,120,delta_residual_degree_percentile_1m,FULL_CHARACTERISTIC_NEUTRAL,3591,PASS,719,718
2019-11-29,120,neighbor_jaccard_1m,FULL_CHARACTERISTIC_NEUTRAL,3591,PASS,719,718
2019-11-29,120,neighbor_retention_1m,FULL_CHARACTERISTIC_NEUTRAL,3591,PASS,719,718
2019-11-29,120,outside_community_degree_percentile,FULL_CHARACTERISTIC_NEUTRAL,3593,PASS,719,719
2019-11-29,120,residual_degree_percentile,FULL_CHARACTERISTIC_NEUTRAL,3593,PASS,719,719
2019-11-29,252,cross_industry_degree_percentile,FULL_CHARACTERISTIC_NEUTRAL,3534,PASS,707,707
2019-11-29,252,cross_industry_degree_ratio,FULL_CHARACTERISTIC_NEUTRAL,3492,PASS,699,699
2019-11-29,252,delta_cross_industry_degree_percentile_1m,FULL_CHARACTERISTIC_NEUTRAL,3515,PASS,703,703
2019-11-29,252,delta_degree_percentile,FULL_CHARACTERISTIC_NEUTRAL,3534,PASS,707,707
2019-11-29,252,delta_residual_degree_percentile_1m,FULL_CHARACTERISTIC_NEUTRAL,3515,PASS,703,703
2019-11-29,252,neighbor_jaccard_1m,FULL_CHARACTERISTIC_NEUTRAL,3497,PASS,700,700
2019-11-29,252,neighbor_retention_1m,FULL_CHARACTERISTIC_NEUTRAL,3477,PASS,696,696
2019-11-29,252,outside_community_degree_percentile,FULL_CHARACTERISTIC_NEUTRAL,3534,PASS,707,707
2019-11-29,252,residual_degree_percentile,FULL_CHARACTERISTIC_NEUTRAL,3534,PASS,707,707
2019-12-31,60,cross_industry_degree_percentile,FULL_CHARACTERISTIC_NEUTRAL,3578,PASS,716,716
2019-12-31,60,cross_industry_degree_ratio,FULL_CHARACTERISTIC_NEUTRAL,3577,PASS,716,716
2019-12-31,60,delta_cross_industry_degree_percentile_1m,FULL_CHARACTERISTIC_NEUTRAL,3570,PASS,714,714
2019-12-31,60,delta_degree_percentile,FULL_CHARACTERISTIC_NEUTRAL,3578,PASS,716,716
2019-12-31,60,delta_residual_degree_percentile_1m,FULL_CHARACTERISTIC_NEUTRAL,3570,PASS,714,714
2019-12-31,60,neighbor_jaccard_1m,FULL_CHARACTERISTIC_NEUTRAL,3570,PASS,714,714
2019-12-31,60,neighbor_retention_1m,FULL_CHARACTERISTIC_NEUTRAL,3570,PASS,714,714
2019-12-31,60,outside_community_degree_percentile,FULL_CHARACTERISTIC_NEUTRAL,3578,PASS,716,716
2019-12-31,60,residual_degree_percentile,FULL_CHARACTERISTIC_NEUTRAL,3578,PASS,716,716
2019-12-31,120,cross_industry_degree_percentile,FULL_CHARACTERISTIC_NEUTRAL,3605,PASS,721,721
2019-12-31,120,cross_industry_degree_ratio,FULL_CHARACTERISTIC_NEUTRAL,3604,PASS,721,721
2019-12-31,120,delta_cross_industry_degree_percentile_1m,FULL_CHARACTERISTIC_NEUTRAL,3597,PASS,720,720
2019-12-31,120,delta_degree_percentile,FULL_CHARACTERISTIC_NEUTRAL,3605,PASS,721,721
2019-12-31,120,delta_residual_degree_percentile_1m,FULL_CHARACTERISTIC_NEUTRAL,3597,PASS,720,720
2019-12-31,120,neighbor_jaccard_1m,FULL_CHARACTERISTIC_NEUTRAL,3597,PASS,720,720
2019-12-31,120,neighbor_retention_1m,FULL_CHARACTERISTIC_NEUTRAL,3597,PASS,720,720
2019-12-31,120,outside_community_degree_percentile,FULL_CHARACTERISTIC_NEUTRAL,3605,PASS,721,721
2019-12-31,120,residual_degree_percentile,FULL_CHARACTERISTIC_NEUTRAL,3605,PASS,721,721
2019-12-31,252,cross_industry_degree_percentile,FULL_CHARACTERISTIC_NEUTRAL,3552,PASS,711,711
2019-12-31,252,cross_industry_degree_ratio,FULL_CHARACTERISTIC_NEUTRAL,3505,PASS,701,701
2019-12-31,252,delta_cross_industry_degree_percentile_1m,FULL_CHARACTERISTIC_NEUTRAL,3533,PASS,707,707
2019-12-31,252,delta_degree_percentile,FULL_CHARACTERISTIC_NEUTRAL,3552,PASS,711,711
2019-12-31,252,delta_residual_degree_percentile_1m,FULL_CHARACTERISTIC_NEUTRAL,3533,PASS,707,707
2019-12-31,252,neighbor_jaccard_1m,FULL_CHARACTERISTIC_NEUTRAL,3514,PASS,703,703
2019-12-31,252,neighbor_retention_1m,FULL_CHARACTERISTIC_NEUTRAL,3491,PASS,699,698
2019-12-31,252,outside_community_degree_percentile,FULL_CHARACTERISTIC_NEUTRAL,3552,PASS,711,711
2019-12-31,252,residual_degree_percentile,FULL_CHARACTERISTIC_NEUTRAL,3552,PASS,711,711
2020-01-23,60,cross_industry_degree_percentile,FULL_CHARACTERISTIC_NEUTRAL,3609,PASS,722,722
2020-01-23,60,cross_industry_degree_ratio,FULL_CHARACTERISTIC_NEUTRAL,3605,PASS,721,721
2020-01-23,60,delta_cross_industry_degree_percentile_1m,FULL_CHARACTERISTIC_NEUTRAL,3602,PASS,721,721
2020-01-23,60,delta_degree_percentile,FULL_CHARACTERISTIC_NEUTRAL,3609,PASS,722,722
2020-01-23,60,delta_residual_degree_percentile_1m,FULL_CHARACTERISTIC_NEUTRAL,3602,PASS,721,721
2020-01-23,60,neighbor_jaccard_1m,FULL_CHARACTERISTIC_NEUTRAL,3602,PASS,721,721
2020-01-23,60,neighbor_retention_1m,FULL_CHARACTERISTIC_NEUTRAL,3601,PASS,721,720
2020-01-23,60,outside_community_degree_percentile,FULL_CHARACTERISTIC_NEUTRAL,3609,PASS,722,722
2020-01-23,60,residual_degree_percentile,FULL_CHARACTERISTIC_NEUTRAL,3609,PASS,722,722
2020-01-23,120,cross_industry_degree_percentile,FULL_CHARACTERISTIC_NEUTRAL,3638,PASS,728,728
2020-01-23,120,cross_industry_degree_ratio,FULL_CHARACTERISTIC_NEUTRAL,3633,PASS,727,727
2020-01-23,120,delta_cross_industry_degree_percentile_1m,FULL_CHARACTERISTIC_NEUTRAL,3632,PASS,727,727
2020-01-23,120,delta_degree_percentile,FULL_CHARACTERISTIC_NEUTRAL,3638,PASS,728,728
2020-01-23,120,delta_residual_degree_percentile_1m,FULL_CHARACTERISTIC_NEUTRAL,3632,PASS,727,727
2020-01-23,120,neighbor_jaccard_1m,FULL_CHARACTERISTIC_NEUTRAL,3632,PASS,727,727
2020-01-23,120,neighbor_retention_1m,FULL_CHARACTERISTIC_NEUTRAL,3631,PASS,727,726
2020-01-23,120,outside_community_degree_percentile,FULL_CHARACTERISTIC_NEUTRAL,3638,PASS,728,728
2020-01-23,120,residual_degree_percentile,FULL_CHARACTERISTIC_NEUTRAL,3638,PASS,728,728
2020-01-23,252,cross_industry_degree_percentile,FULL_CHARACTERISTIC_NEUTRAL,3560,PASS,712,712
2020-01-23,252,cross_industry_degree_ratio,FULL_CHARACTERISTIC_NEUTRAL,3504,PASS,701,701
2020-01-23,252,delta_cross_industry_degree_percentile_1m,FULL_CHARACTERISTIC_NEUTRAL,3550,PASS,710,710
2020-01-23,252,delta_degree_percentile,FULL_CHARACTERISTIC_NEUTRAL,3560,PASS,712,712
2020-01-23,252,delta_residual_degree_percentile_1m,FULL_CHARACTERISTIC_NEUTRAL,3550,PASS,710,710
2020-01-23,252,neighbor_jaccard_1m,FULL_CHARACTERISTIC_NEUTRAL,3523,PASS,705,705
2020-01-23,252,neighbor_retention_1m,FULL_CHARACTERISTIC_NEUTRAL,3503,PASS,701,701
2020-01-23,252,outside_community_degree_percentile,FULL_CHARACTERISTIC_NEUTRAL,3560,PASS,712,712
2020-01-23,252,residual_degree_percentile,FULL_CHARACTERISTIC_NEUTRAL,3560,PASS,712,712
2020-02-28,60,cross_industry_degree_percentile,FULL_CHARACTERISTIC_NEUTRAL,3628,PASS,726,726
2020-02-28,60,cross_industry_degree_ratio,FULL_CHARACTERISTIC_NEUTRAL,3433,PASS,687,687
2020-02-28,60,delta_cross_industry_degree_percentile_1m,FULL_CHARACTERISTIC_NEUTRAL,3620,PASS,724,724
2020-02-28,60,delta_degree_percentile,FULL_CHARACTERISTIC_NEUTRAL,3628,PASS,726,726
2020-02-28,60,delta_residual_degree_percentile_1m,FULL_CHARACTERISTIC_NEUTRAL,3620,PASS,724,724
2020-02-28,60,neighbor_jaccard_1m,FULL_CHARACTERISTIC_NEUTRAL,3618,PASS,724,724
2020-02-28,60,neighbor_retention_1m,FULL_CHARACTERISTIC_NEUTRAL,3616,PASS,724,723
2020-02-28,60,outside_community_degree_percentile,FULL_CHARACTERISTIC_NEUTRAL,3628,PASS,726,726
2020-02-28,60,residual_degree_percentile,FULL_CHARACTERISTIC_NEUTRAL,3628,PASS,726,726
2020-02-28,120,cross_industry_degree_percentile,FULL_CHARACTERISTIC_NEUTRAL,3651,PASS,731,730
2020-02-28,120,cross_industry_degree_ratio,FULL_CHARACTERISTIC_NEUTRAL,3459,PASS,692,692
2020-02-28,120,delta_cross_industry_degree_percentile_1m,FULL_CHARACTERISTIC_NEUTRAL,3647,PASS,730,730
2020-02-28,120,delta_degree_percentile,FULL_CHARACTERISTIC_NEUTRAL,3651,PASS,731,730
2020-02-28,120,delta_residual_degree_percentile_1m,FULL_CHARACTERISTIC_NEUTRAL,3647,PASS,730,730
2020-02-28,120,neighbor_jaccard_1m,FULL_CHARACTERISTIC_NEUTRAL,3645,PASS,729,729
2020-02-28,120,neighbor_retention_1m,FULL_CHARACTERISTIC_NEUTRAL,3642,PASS,729,729
2020-02-28,120,outside_community_degree_percentile,FULL_CHARACTERISTIC_NEUTRAL,3651,PASS,731,730
2020-02-28,120,residual_degree_percentile,FULL_CHARACTERISTIC_NEUTRAL,3651,PASS,731,730
2020-02-28,252,cross_industry_degree_percentile,FULL_CHARACTERISTIC_NEUTRAL,3566,PASS,714,713
2020-02-28,252,cross_industry_degree_ratio,FULL_CHARACTERISTIC_NEUTRAL,3443,PASS,689,689
2020-02-28,252,delta_cross_industry_degree_percentile_1m,FULL_CHARACTERISTIC_NEUTRAL,3559,PASS,712,712
2020-02-28,252,delta_degree_percentile,FULL_CHARACTERISTIC_NEUTRAL,3566,PASS,714,713
2020-02-28,252,delta_residual_degree_percentile_1m,FULL_CHARACTERISTIC_NEUTRAL,3559,PASS,712,712
2020-02-28,252,neighbor_jaccard_1m,FULL_CHARACTERISTIC_NEUTRAL,3524,PASS,705,705
2020-02-28,252,neighbor_retention_1m,FULL_CHARACTERISTIC_NEUTRAL,3503,PASS,701,701
2020-02-28,252,outside_community_degree_percentile,FULL_CHARACTERISTIC_NEUTRAL,3566,PASS,714,713
2020-02-28,252,residual_degree_percentile,FULL_CHARACTERISTIC_NEUTRAL,3566,PASS,714,713
2020-03-31,60,cross_industry_degree_percentile,FULL_CHARACTERISTIC_NEUTRAL,3638,PASS,728,728
2020-03-31,60,cross_industry_degree_ratio,FULL_CHARACTERISTIC_NEUTRAL,3552,PASS,711,711
2020-03-31,60,delta_cross_industry_degree_percentile_1m,FULL_CHARACTERISTIC_NEUTRAL,3621,PASS,725,724
2020-03-31,60,delta_degree_percentile,FULL_CHARACTERISTIC_NEUTRAL,3638,PASS,728,728
2020-03-31,60,delta_residual_degree_percentile_1m,FULL_CHARACTERISTIC_NEUTRAL,3621,PASS,725,724
2020-03-31,60,neighbor_jaccard_1m,FULL_CHARACTERISTIC_NEUTRAL,3582,PASS,717,717
2020-03-31,60,neighbor_retention_1m,FULL_CHARACTERISTIC_NEUTRAL,3425,PASS,685,685
2020-03-31,60,outside_community_degree_percentile,FULL_CHARACTERISTIC_NEUTRAL,3638,PASS,728,728
2020-03-31,60,residual_degree_percentile,FULL_CHARACTERISTIC_NEUTRAL,3638,PASS,728,728
2020-03-31,120,cross_industry_degree_percentile,FULL_CHARACTERISTIC_NEUTRAL,3660,PASS,732,732
2020-03-31,120,cross_industry_degree_ratio,FULL_CHARACTERISTIC_NEUTRAL,3533,PASS,707,707
2020-03-31,120,delta_cross_industry_degree_percentile_1m,FULL_CHARACTERISTIC_NEUTRAL,3654,PASS,731,731
2020-03-31,120,delta_degree_percentile,FULL_CHARACTERISTIC_NEUTRAL,3660,PASS,732,732
2020-03-31,120,delta_residual_degree_percentile_1m,FULL_CHARACTERISTIC_NEUTRAL,3654,PASS,731,731
2020-03-31,120,neighbor_jaccard_1m,FULL_CHARACTERISTIC_NEUTRAL,3588,PASS,718,718
2020-03-31,120,neighbor_retention_1m,FULL_CHARACTERISTIC_NEUTRAL,3462,PASS,693,693
2020-03-31,120,outside_community_degree_percentile,FULL_CHARACTERISTIC_NEUTRAL,3660,PASS,732,732
2020-03-31,120,residual_degree_percentile,FULL_CHARACTERISTIC_NEUTRAL,3660,PASS,732,732
2020-03-31,252,cross_industry_degree_percentile,FULL_CHARACTERISTIC_NEUTRAL,3579,PASS,716,716
2020-03-31,252,cross_industry_degree_ratio,FULL_CHARACTERISTIC_NEUTRAL,3456,PASS,692,691
2020-03-31,252,delta_cross_industry_degree_percentile_1m,FULL_CHARACTERISTIC_NEUTRAL,3566,PASS,714,713
2020-03-31,252,delta_degree_percentile,FULL_CHARACTERISTIC_NEUTRAL,3579,PASS,716,716
2020-03-31,252,delta_residual_degree_percentile_1m,FULL_CHARACTERISTIC_NEUTRAL,3566,PASS,714,713
2020-03-31,252,neighbor_jaccard_1m,FULL_CHARACTERISTIC_NEUTRAL,3507,PASS,702,702
2020-03-31,252,neighbor_retention_1m,FULL_CHARACTERISTIC_NEUTRAL,3443,PASS,689,689
2020-03-31,252,outside_community_degree_percentile,FULL_CHARACTERISTIC_NEUTRAL,3579,PASS,716,716
2020-03-31,252,residual_degree_percentile,FULL_CHARACTERISTIC_NEUTRAL,3579,PASS,716,716
2020-04-30,60,cross_industry_degree_percentile,FULL_CHARACTERISTIC_NEUTRAL,3660,PASS,732,732
2020-04-30,60,cross_industry_degree_ratio,FULL_CHARACTERISTIC_NEUTRAL,3642,PASS,729,729
2020-04-30,60,delta_cross_industry_degree_percentile_1m,FULL_CHARACTERISTIC_NEUTRAL,3648,PASS,730,730
2020-04-30,60,delta_degree_percentile,FULL_CHARACTERISTIC_NEUTRAL,3660,PASS,732,732
2020-04-30,60,delta_residual_degree_percentile_1m,FULL_CHARACTERISTIC_NEUTRAL,3648,PASS,730,730
2020-04-30,60,neighbor_jaccard_1m,FULL_CHARACTERISTIC_NEUTRAL,3641,PASS,729,728
2020-04-30,60,neighbor_retention_1m,FULL_CHARACTERISTIC_NEUTRAL,3562,PASS,713,713
2020-04-30,60,outside_community_degree_percentile,FULL_CHARACTERISTIC_NEUTRAL,3660,PASS,732,732
2020-04-30,60,residual_degree_percentile,FULL_CHARACTERISTIC_NEUTRAL,3660,PASS,732,732
2020-04-30,120,cross_industry_degree_percentile,FULL_CHARACTERISTIC_NEUTRAL,3679,PASS,736,736
2020-04-30,120,cross_industry_degree_ratio,FULL_CHARACTERISTIC_NEUTRAL,3544,PASS,709,709
2020-04-30,120,delta_cross_industry_degree_percentile_1m,FULL_CHARACTERISTIC_NEUTRAL,3664,PASS,733,733
2020-04-30,120,delta_degree_percentile,FULL_CHARACTERISTIC_NEUTRAL,3679,PASS,736,736
2020-04-30,120,delta_residual_degree_percentile_1m,FULL_CHARACTERISTIC_NEUTRAL,3664,PASS,733,733
2020-04-30,120,neighbor_jaccard_1m,FULL_CHARACTERISTIC_NEUTRAL,3614,PASS,723,723
2020-04-30,120,neighbor_retention_1m,FULL_CHARACTERISTIC_NEUTRAL,3537,PASS,708,708
2020-04-30,120,outside_community_degree_percentile,FULL_CHARACTERISTIC_NEUTRAL,3679,PASS,736,736
2020-04-30,120,residual_degree_percentile,FULL_CHARACTERISTIC_NEUTRAL,3679,PASS,736,736
2020-04-30,252,cross_industry_degree_percentile,FULL_CHARACTERISTIC_NEUTRAL,3591,PASS,719,718
2020-04-30,252,cross_industry_degree_ratio,FULL_CHARACTERISTIC_NEUTRAL,3426,PASS,686,685
2020-04-30,252,delta_cross_industry_degree_percentile_1m,FULL_CHARACTERISTIC_NEUTRAL,3576,PASS,716,715
2020-04-30,252,delta_degree_percentile,FULL_CHARACTERISTIC_NEUTRAL,3591,PASS,719,718
2020-04-30,252,delta_residual_degree_percentile_1m,FULL_CHARACTERISTIC_NEUTRAL,3576,PASS,716,715
2020-04-30,252,neighbor_jaccard_1m,FULL_CHARACTERISTIC_NEUTRAL,3503,PASS,701,701
2020-04-30,252,neighbor_retention_1m,FULL_CHARACTERISTIC_NEUTRAL,3453,PASS,691,691
2020-04-30,252,outside_community_degree_percentile,FULL_CHARACTERISTIC_NEUTRAL,3591,PASS,719,718
2020-04-30,252,residual_degree_percentile,FULL_CHARACTERISTIC_NEUTRAL,3591,PASS,719,718
2020-05-29,60,cross_industry_degree_percentile,FULL_CHARACTERISTIC_NEUTRAL,3669,PASS,734,734
2020-05-29,60,cross_industry_degree_ratio,FULL_CHARACTERISTIC_NEUTRAL,3667,PASS,734,734
2020-05-29,60,delta_cross_industry_degree_percentile_1m,FULL_CHARACTERISTIC_NEUTRAL,3668,PASS,734,734
2020-05-29,60,delta_degree_percentile,FULL_CHARACTERISTIC_NEUTRAL,3669,PASS,734,734
2020-05-29,60,delta_residual_degree_percentile_1m,FULL_CHARACTERISTIC_NEUTRAL,3668,PASS,734,734
2020-05-29,60,neighbor_jaccard_1m,FULL_CHARACTERISTIC_NEUTRAL,3668,PASS,734,734
2020-05-29,60,neighbor_retention_1m,FULL_CHARACTERISTIC_NEUTRAL,3650,PASS,730,730
2020-05-29,60,outside_community_degree_percentile,FULL_CHARACTERISTIC_NEUTRAL,3669,PASS,734,734
2020-05-29,60,residual_degree_percentile,FULL_CHARACTERISTIC_NEUTRAL,3669,PASS,734,734
2020-05-29,120,cross_industry_degree_percentile,FULL_CHARACTERISTIC_NEUTRAL,3699,PASS,740,740
2020-05-29,120,cross_industry_degree_ratio,FULL_CHARACTERISTIC_NEUTRAL,3599,PASS,720,720
2020-05-29,120,delta_cross_industry_degree_percentile_1m,FULL_CHARACTERISTIC_NEUTRAL,3689,PASS,738,738
2020-05-29,120,delta_degree_percentile,FULL_CHARACTERISTIC_NEUTRAL,3699,PASS,740,740
2020-05-29,120,delta_residual_degree_percentile_1m,FULL_CHARACTERISTIC_NEUTRAL,3689,PASS,738,738
2020-05-29,120,neighbor_jaccard_1m,FULL_CHARACTERISTIC_NEUTRAL,3632,PASS,727,727
2020-05-29,120,neighbor_retention_1m,FULL_CHARACTERISTIC_NEUTRAL,3555,PASS,711,711
2020-05-29,120,outside_community_degree_percentile,FULL_CHARACTERISTIC_NEUTRAL,3699,PASS,740,740
2020-05-29,120,residual_degree_percentile,FULL_CHARACTERISTIC_NEUTRAL,3699,PASS,740,740
2020-05-29,252,cross_industry_degree_percentile,FULL_CHARACTERISTIC_NEUTRAL,3599,PASS,720,720
2020-05-29,252,cross_industry_degree_ratio,FULL_CHARACTERISTIC_NEUTRAL,3422,PASS,685,685
2020-05-29,252,delta_cross_industry_degree_percentile_1m,FULL_CHARACTERISTIC_NEUTRAL,3591,PASS,719,718
2020-05-29,252,delta_degree_percentile,FULL_CHARACTERISTIC_NEUTRAL,3599,PASS,720,720
2020-05-29,252,delta_residual_degree_percentile_1m,FULL_CHARACTERISTIC_NEUTRAL,3591,PASS,719,718
2020-05-29,252,neighbor_jaccard_1m,FULL_CHARACTERISTIC_NEUTRAL,3490,PASS,698,698
2020-05-29,252,neighbor_retention_1m,FULL_CHARACTERISTIC_NEUTRAL,3426,PASS,686,685
2020-05-29,252,outside_community_degree_percentile,FULL_CHARACTERISTIC_NEUTRAL,3599,PASS,720,720
2020-05-29,252,residual_degree_percentile,FULL_CHARACTERISTIC_NEUTRAL,3599,PASS,720,720
2020-06-30,60,cross_industry_degree_percentile,FULL_CHARACTERISTIC_NEUTRAL,3691,PASS,739,738
2020-06-30,60,cross_industry_degree_ratio,FULL_CHARACTERISTIC_NEUTRAL,3691,PASS,739,738
2020-06-30,60,delta_cross_industry_degree_percentile_1m,FULL_CHARACTERISTIC_NEUTRAL,3676,PASS,736,735
2020-06-30,60,delta_degree_percentile,FULL_CHARACTERISTIC_NEUTRAL,3691,PASS,739,738
2020-06-30,60,delta_residual_degree_percentile_1m,FULL_CHARACTERISTIC_NEUTRAL,3676,PASS,736,735
2020-06-30,60,neighbor_jaccard_1m,FULL_CHARACTERISTIC_NEUTRAL,3676,PASS,736,735
2020-06-30,60,neighbor_retention_1m,FULL_CHARACTERISTIC_NEUTRAL,3674,PASS,735,735
2020-06-30,60,outside_community_degree_percentile,FULL_CHARACTERISTIC_NEUTRAL,3691,PASS,739,738
2020-06-30,60,residual_degree_percentile,FULL_CHARACTERISTIC_NEUTRAL,3691,PASS,739,738
2020-06-30,120,cross_industry_degree_percentile,FULL_CHARACTERISTIC_NEUTRAL,3718,PASS,744,744
2020-06-30,120,cross_industry_degree_ratio,FULL_CHARACTERISTIC_NEUTRAL,3617,PASS,724,724
2020-06-30,120,delta_cross_industry_degree_percentile_1m,FULL_CHARACTERISTIC_NEUTRAL,3707,PASS,742,742
2020-06-30,120,delta_degree_percentile,FULL_CHARACTERISTIC_NEUTRAL,3718,PASS,744,744
2020-06-30,120,delta_residual_degree_percentile_1m,FULL_CHARACTERISTIC_NEUTRAL,3707,PASS,742,742
2020-06-30,120,neighbor_jaccard_1m,FULL_CHARACTERISTIC_NEUTRAL,3662,PASS,733,733
2020-06-30,120,neighbor_retention_1m,FULL_CHARACTERISTIC_NEUTRAL,3607,PASS,722,722
2020-06-30,120,outside_community_degree_percentile,FULL_CHARACTERISTIC_NEUTRAL,3718,PASS,744,744
2020-06-30,120,residual_degree_percentile,FULL_CHARACTERISTIC_NEUTRAL,3718,PASS,744,744
2020-06-30,252,cross_industry_degree_percentile,FULL_CHARACTERISTIC_NEUTRAL,3626,PASS,726,725
2020-06-30,252,cross_industry_degree_ratio,FULL_CHARACTERISTIC_NEUTRAL,3435,PASS,687,687
2020-06-30,252,delta_cross_industry_degree_percentile_1m,FULL_CHARACTERISTIC_NEUTRAL,3592,PASS,719,719
2020-06-30,252,delta_degree_percentile,FULL_CHARACTERISTIC_NEUTRAL,3626,PASS,726,725
2020-06-30,252,delta_residual_degree_percentile_1m,FULL_CHARACTERISTIC_NEUTRAL,3592,PASS,719,719
2020-06-30,252,neighbor_jaccard_1m,FULL_CHARACTERISTIC_NEUTRAL,3483,PASS,697,697
2020-06-30,252,neighbor_retention_1m,FULL_CHARACTERISTIC_NEUTRAL,3415,PASS,683,683
2020-06-30,252,outside_community_degree_percentile,FULL_CHARACTERISTIC_NEUTRAL,3626,PASS,726,725
2020-06-30,252,residual_degree_percentile,FULL_CHARACTERISTIC_NEUTRAL,3626,PASS,726,725
2020-07-31,60,cross_industry_degree_percentile,FULL_CHARACTERISTIC_NEUTRAL,3704,PASS,741,741
2020-07-31,60,cross_industry_degree_ratio,FULL_CHARACTERISTIC_NEUTRAL,3692,PASS,739,739
2020-07-31,60,delta_cross_industry_degree_percentile_1m,FULL_CHARACTERISTIC_NEUTRAL,3693,PASS,739,739
2020-07-31,60,delta_degree_percentile,FULL_CHARACTERISTIC_NEUTRAL,3704,PASS,741,741
2020-07-31,60,delta_residual_degree_percentile_1m,FULL_CHARACTERISTIC_NEUTRAL,3693,PASS,739,739
2020-07-31,60,neighbor_jaccard_1m,FULL_CHARACTERISTIC_NEUTRAL,3693,PASS,739,739
2020-07-31,60,neighbor_retention_1m,FULL_CHARACTERISTIC_NEUTRAL,3693,PASS,739,739
2020-07-31,60,outside_community_degree_percentile,FULL_CHARACTERISTIC_NEUTRAL,3704,PASS,741,741
2020-07-31,60,residual_degree_percentile,FULL_CHARACTERISTIC_NEUTRAL,3704,PASS,741,741
2020-07-31,120,cross_industry_degree_percentile,FULL_CHARACTERISTIC_NEUTRAL,3737,PASS,748,748
2020-07-31,120,cross_industry_degree_ratio,FULL_CHARACTERISTIC_NEUTRAL,3642,PASS,729,729
2020-07-31,120,delta_cross_industry_degree_percentile_1m,FULL_CHARACTERISTIC_NEUTRAL,3722,PASS,745,745
2020-07-31,120,delta_degree_percentile,FULL_CHARACTERISTIC_NEUTRAL,3737,PASS,748,748
2020-07-31,120,delta_residual_degree_percentile_1m,FULL_CHARACTERISTIC_NEUTRAL,3722,PASS,745,745
2020-07-31,120,neighbor_jaccard_1m,FULL_CHARACTERISTIC_NEUTRAL,3698,PASS,740,740
2020-07-31,120,neighbor_retention_1m,FULL_CHARACTERISTIC_NEUTRAL,3621,PASS,725,724
2020-07-31,120,outside_community_degree_percentile,FULL_CHARACTERISTIC_NEUTRAL,3737,PASS,748,748
2020-07-31,120,residual_degree_percentile,FULL_CHARACTERISTIC_NEUTRAL,3737,PASS,748,748
2020-07-31,252,cross_industry_degree_percentile,FULL_CHARACTERISTIC_NEUTRAL,3635,PASS,727,727
2020-07-31,252,cross_industry_degree_ratio,FULL_CHARACTERISTIC_NEUTRAL,3350,PASS,670,670
2020-07-31,252,delta_cross_industry_degree_percentile_1m,FULL_CHARACTERISTIC_NEUTRAL,3619,PASS,724,724
2020-07-31,252,delta_degree_percentile,FULL_CHARACTERISTIC_NEUTRAL,3635,PASS,727,727
2020-07-31,252,delta_residual_degree_percentile_1m,FULL_CHARACTERISTIC_NEUTRAL,3619,PASS,724,724
2020-07-31,252,neighbor_jaccard_1m,FULL_CHARACTERISTIC_NEUTRAL,3486,PASS,698,697
2020-07-31,252,neighbor_retention_1m,FULL_CHARACTERISTIC_NEUTRAL,3428,PASS,686,686
2020-07-31,252,outside_community_degree_percentile,FULL_CHARACTERISTIC_NEUTRAL,3635,PASS,727,727
2020-07-31,252,residual_degree_percentile,FULL_CHARACTERISTIC_NEUTRAL,3635,PASS,727,727
2020-08-31,60,cross_industry_degree_percentile,FULL_CHARACTERISTIC_NEUTRAL,3725,PASS,745,745
2020-08-31,60,cross_industry_degree_ratio,FULL_CHARACTERISTIC_NEUTRAL,3720,PASS,744,744
2020-08-31,60,delta_cross_industry_degree_percentile_1m,FULL_CHARACTERISTIC_NEUTRAL,3712,PASS,743,743
2020-08-31,60,delta_degree_percentile,FULL_CHARACTERISTIC_NEUTRAL,3725,PASS,745,745
2020-08-31,60,delta_residual_degree_percentile_1m,FULL_CHARACTERISTIC_NEUTRAL,3712,PASS,743,743
2020-08-31,60,neighbor_jaccard_1m,FULL_CHARACTERISTIC_NEUTRAL,3712,PASS,743,743
2020-08-31,60,neighbor_retention_1m,FULL_CHARACTERISTIC_NEUTRAL,3700,PASS,740,740
2020-08-31,60,outside_community_degree_percentile,FULL_CHARACTERISTIC_NEUTRAL,3725,PASS,745,745
2020-08-31,60,residual_degree_percentile,FULL_CHARACTERISTIC_NEUTRAL,3725,PASS,745,745
2020-08-31,120,cross_industry_degree_percentile,FULL_CHARACTERISTIC_NEUTRAL,3753,PASS,751,751
2020-08-31,120,cross_industry_degree_ratio,FULL_CHARACTERISTIC_NEUTRAL,3724,PASS,745,745
2020-08-31,120,delta_cross_industry_degree_percentile_1m,FULL_CHARACTERISTIC_NEUTRAL,3748,PASS,750,750
2020-08-31,120,delta_degree_percentile,FULL_CHARACTERISTIC_NEUTRAL,3753,PASS,751,751
2020-08-31,120,delta_residual_degree_percentile_1m,FULL_CHARACTERISTIC_NEUTRAL,3748,PASS,750,750
2020-08-31,120,neighbor_jaccard_1m,FULL_CHARACTERISTIC_NEUTRAL,3734,PASS,747,747
2020-08-31,120,neighbor_retention_1m,FULL_CHARACTERISTIC_NEUTRAL,3653,PASS,731,731
2020-08-31,120,outside_community_degree_percentile,FULL_CHARACTERISTIC_NEUTRAL,3753,PASS,751,751
2020-08-31,120,residual_degree_percentile,FULL_CHARACTERISTIC_NEUTRAL,3753,PASS,751,751
2020-08-31,252,cross_industry_degree_percentile,FULL_CHARACTERISTIC_NEUTRAL,3641,PASS,729,728
2020-08-31,252,cross_industry_degree_ratio,FULL_CHARACTERISTIC_NEUTRAL,3402,PASS,681,681
2020-08-31,252,delta_cross_industry_degree_percentile_1m,FULL_CHARACTERISTIC_NEUTRAL,3630,PASS,726,726
2020-08-31,252,delta_degree_percentile,FULL_CHARACTERISTIC_NEUTRAL,3641,PASS,729,728
2020-08-31,252,delta_residual_degree_percentile_1m,FULL_CHARACTERISTIC_NEUTRAL,3630,PASS,726,726
2020-08-31,252,neighbor_jaccard_1m,FULL_CHARACTERISTIC_NEUTRAL,3455,PASS,691,691
2020-08-31,252,neighbor_retention_1m,FULL_CHARACTERISTIC_NEUTRAL,3346,PASS,670,669
2020-08-31,252,outside_community_degree_percentile,FULL_CHARACTERISTIC_NEUTRAL,3641,PASS,729,728
2020-08-31,252,residual_degree_percentile,FULL_CHARACTERISTIC_NEUTRAL,3641,PASS,729,728
2020-09-30,60,cross_industry_degree_percentile,FULL_CHARACTERISTIC_NEUTRAL,3734,PASS,747,747
2020-09-30,60,cross_industry_degree_ratio,FULL_CHARACTERISTIC_NEUTRAL,3717,PASS,744,744
2020-09-30,60,delta_cross_industry_degree_percentile_1m,FULL_CHARACTERISTIC_NEUTRAL,3718,PASS,744,744
2020-09-30,60,delta_degree_percentile,FULL_CHARACTERISTIC_NEUTRAL,3734,PASS,747,747
2020-09-30,60,delta_residual_degree_percentile_1m,FULL_CHARACTERISTIC_NEUTRAL,3718,PASS,744,744
2020-09-30,60,neighbor_jaccard_1m,FULL_CHARACTERISTIC_NEUTRAL,3718,PASS,744,744
2020-09-30,60,neighbor_retention_1m,FULL_CHARACTERISTIC_NEUTRAL,3713,PASS,743,743
2020-09-30,60,outside_community_degree_percentile,FULL_CHARACTERISTIC_NEUTRAL,3734,PASS,747,747
2020-09-30,60,residual_degree_percentile,FULL_CHARACTERISTIC_NEUTRAL,3734,PASS,747,747
2020-09-30,120,cross_industry_degree_percentile,FULL_CHARACTERISTIC_NEUTRAL,3766,PASS,754,753
2020-09-30,120,cross_industry_degree_ratio,FULL_CHARACTERISTIC_NEUTRAL,3679,PASS,736,736
2020-09-30,120,delta_cross_industry_degree_percentile_1m,FULL_CHARACTERISTIC_NEUTRAL,3758,PASS,752,752
2020-09-30,120,delta_degree_percentile,FULL_CHARACTERISTIC_NEUTRAL,3766,PASS,754,753
2020-09-30,120,delta_residual_degree_percentile_1m,FULL_CHARACTERISTIC_NEUTRAL,3758,PASS,752,752
2020-09-30,120,neighbor_jaccard_1m,FULL_CHARACTERISTIC_NEUTRAL,3748,PASS,750,750
2020-09-30,120,neighbor_retention_1m,FULL_CHARACTERISTIC_NEUTRAL,3729,PASS,746,746
2020-09-30,120,outside_community_degree_percentile,FULL_CHARACTERISTIC_NEUTRAL,3766,PASS,754,753
2020-09-30,120,residual_degree_percentile,FULL_CHARACTERISTIC_NEUTRAL,3766,PASS,754,753
2020-09-30,252,cross_industry_degree_percentile,FULL_CHARACTERISTIC_NEUTRAL,3661,PASS,733,732
2020-09-30,252,cross_industry_degree_ratio,FULL_CHARACTERISTIC_NEUTRAL,3353,PASS,671,671
2020-09-30,252,delta_cross_industry_degree_percentile_1m,FULL_CHARACTERISTIC_NEUTRAL,3641,PASS,729,728
2020-09-30,252,delta_degree_percentile,FULL_CHARACTERISTIC_NEUTRAL,3661,PASS,733,732
2020-09-30,252,delta_residual_degree_percentile_1m,FULL_CHARACTERISTIC_NEUTRAL,3641,PASS,729,728
2020-09-30,252,neighbor_jaccard_1m,FULL_CHARACTERISTIC_NEUTRAL,3459,PASS,692,692
2020-09-30,252,neighbor_retention_1m,FULL_CHARACTERISTIC_NEUTRAL,3402,PASS,681,681
2020-09-30,252,outside_community_degree_percentile,FULL_CHARACTERISTIC_NEUTRAL,3661,PASS,733,732
2020-09-30,252,residual_degree_percentile,FULL_CHARACTERISTIC_NEUTRAL,3661,PASS,733,732
2020-10-30,60,cross_industry_degree_percentile,FULL_CHARACTERISTIC_NEUTRAL,3762,PASS,753,753
2020-10-30,60,cross_industry_degree_ratio,FULL_CHARACTERISTIC_NEUTRAL,3753,PASS,751,751
2020-10-30,60,delta_cross_industry_degree_percentile_1m,FULL_CHARACTERISTIC_NEUTRAL,3749,PASS,750,750
2020-10-30,60,delta_degree_percentile,FULL_CHARACTERISTIC_NEUTRAL,3762,PASS,753,753
2020-10-30,60,delta_residual_degree_percentile_1m,FULL_CHARACTERISTIC_NEUTRAL,3749,PASS,750,750
2020-10-30,60,neighbor_jaccard_1m,FULL_CHARACTERISTIC_NEUTRAL,3749,PASS,750,750
2020-10-30,60,neighbor_retention_1m,FULL_CHARACTERISTIC_NEUTRAL,3732,PASS,747,747
2020-10-30,60,outside_community_degree_percentile,FULL_CHARACTERISTIC_NEUTRAL,3762,PASS,753,753
2020-10-30,60,residual_degree_percentile,FULL_CHARACTERISTIC_NEUTRAL,3762,PASS,753,753
2020-10-30,120,cross_industry_degree_percentile,FULL_CHARACTERISTIC_NEUTRAL,3790,PASS,758,758
2020-10-30,120,cross_industry_degree_ratio,FULL_CHARACTERISTIC_NEUTRAL,3702,PASS,741,741
2020-10-30,120,delta_cross_industry_degree_percentile_1m,FULL_CHARACTERISTIC_NEUTRAL,3780,PASS,756,756
2020-10-30,120,delta_degree_percentile,FULL_CHARACTERISTIC_NEUTRAL,3790,PASS,758,758
2020-10-30,120,delta_residual_degree_percentile_1m,FULL_CHARACTERISTIC_NEUTRAL,3780,PASS,756,756
2020-10-30,120,neighbor_jaccard_1m,FULL_CHARACTERISTIC_NEUTRAL,3742,PASS,749,749
2020-10-30,120,neighbor_retention_1m,FULL_CHARACTERISTIC_NEUTRAL,3693,PASS,739,739
2020-10-30,120,outside_community_degree_percentile,FULL_CHARACTERISTIC_NEUTRAL,3790,PASS,758,758
2020-10-30,120,residual_degree_percentile,FULL_CHARACTERISTIC_NEUTRAL,3790,PASS,758,758
2020-10-30,252,cross_industry_degree_percentile,FULL_CHARACTERISTIC_NEUTRAL,3688,PASS,738,738
2020-10-30,252,cross_industry_degree_ratio,FULL_CHARACTERISTIC_NEUTRAL,3390,PASS,678,678
2020-10-30,252,delta_cross_industry_degree_percentile_1m,FULL_CHARACTERISTIC_NEUTRAL,3661,PASS,733,732
2020-10-30,252,delta_degree_percentile,FULL_CHARACTERISTIC_NEUTRAL,3688,PASS,738,738
2020-10-30,252,delta_residual_degree_percentile_1m,FULL_CHARACTERISTIC_NEUTRAL,3661,PASS,733,732
2020-10-30,252,neighbor_jaccard_1m,FULL_CHARACTERISTIC_NEUTRAL,3428,PASS,686,686
2020-10-30,252,neighbor_retention_1m,FULL_CHARACTERISTIC_NEUTRAL,3353,PASS,671,671
2020-10-30,252,outside_community_degree_percentile,FULL_CHARACTERISTIC_NEUTRAL,3688,PASS,738,738
2020-10-30,252,residual_degree_percentile,FULL_CHARACTERISTIC_NEUTRAL,3688,PASS,738,738
2020-11-30,60,cross_industry_degree_percentile,FULL_CHARACTERISTIC_NEUTRAL,3793,PASS,759,759
2020-11-30,60,cross_industry_degree_ratio,FULL_CHARACTERISTIC_NEUTRAL,3787,PASS,758,758
2020-11-30,60,delta_cross_industry_degree_percentile_1m,FULL_CHARACTERISTIC_NEUTRAL,3779,PASS,756,756
2020-11-30,60,delta_degree_percentile,FULL_CHARACTERISTIC_NEUTRAL,3793,PASS,759,759
2020-11-30,60,delta_residual_degree_percentile_1m,FULL_CHARACTERISTIC_NEUTRAL,3779,PASS,756,756
2020-11-30,60,neighbor_jaccard_1m,FULL_CHARACTERISTIC_NEUTRAL,3779,PASS,756,756
2020-11-30,60,neighbor_retention_1m,FULL_CHARACTERISTIC_NEUTRAL,3770,PASS,754,754
2020-11-30,60,outside_community_degree_percentile,FULL_CHARACTERISTIC_NEUTRAL,3793,PASS,759,759
2020-11-30,60,residual_degree_percentile,FULL_CHARACTERISTIC_NEUTRAL,3793,PASS,759,759
2020-11-30,120,cross_industry_degree_percentile,FULL_CHARACTERISTIC_NEUTRAL,3813,PASS,763,763
2020-11-30,120,cross_industry_degree_ratio,FULL_CHARACTERISTIC_NEUTRAL,3733,PASS,747,747
2020-11-30,120,delta_cross_industry_degree_percentile_1m,FULL_CHARACTERISTIC_NEUTRAL,3800,PASS,760,760
2020-11-30,120,delta_degree_percentile,FULL_CHARACTERISTIC_NEUTRAL,3813,PASS,763,763
2020-11-30,120,delta_residual_degree_percentile_1m,FULL_CHARACTERISTIC_NEUTRAL,3800,PASS,760,760
2020-11-30,120,neighbor_jaccard_1m,FULL_CHARACTERISTIC_NEUTRAL,3768,PASS,754,754
2020-11-30,120,neighbor_retention_1m,FULL_CHARACTERISTIC_NEUTRAL,3712,PASS,743,743
2020-11-30,120,outside_community_degree_percentile,FULL_CHARACTERISTIC_NEUTRAL,3813,PASS,763,763
2020-11-30,120,residual_degree_percentile,FULL_CHARACTERISTIC_NEUTRAL,3813,PASS,763,763
2020-11-30,252,cross_industry_degree_percentile,FULL_CHARACTERISTIC_NEUTRAL,3715,PASS,743,743
2020-11-30,252,cross_industry_degree_ratio,FULL_CHARACTERISTIC_NEUTRAL,3395,PASS,679,679
2020-11-30,252,delta_cross_industry_degree_percentile_1m,FULL_CHARACTERISTIC_NEUTRAL,3688,PASS,738,738
2020-11-30,252,delta_degree_percentile,FULL_CHARACTERISTIC_NEUTRAL,3715,PASS,743,743
2020-11-30,252,delta_residual_degree_percentile_1m,FULL_CHARACTERISTIC_NEUTRAL,3688,PASS,738,738
2020-11-30,252,neighbor_jaccard_1m,FULL_CHARACTERISTIC_NEUTRAL,3454,PASS,691,691
2020-11-30,252,neighbor_retention_1m,FULL_CHARACTERISTIC_NEUTRAL,3390,PASS,678,678
2020-11-30,252,outside_community_degree_percentile,FULL_CHARACTERISTIC_NEUTRAL,3715,PASS,743,743
2020-11-30,252,residual_degree_percentile,FULL_CHARACTERISTIC_NEUTRAL,3715,PASS,743,743
2020-12-31,60,cross_industry_degree_percentile,FULL_CHARACTERISTIC_NEUTRAL,3830,PASS,766,766
2020-12-31,60,cross_industry_degree_ratio,FULL_CHARACTERISTIC_NEUTRAL,3830,PASS,766,766
2020-12-31,60,delta_cross_industry_degree_percentile_1m,FULL_CHARACTERISTIC_NEUTRAL,3809,PASS,762,762
2020-12-31,60,delta_degree_percentile,FULL_CHARACTERISTIC_NEUTRAL,3830,PASS,766,766
2020-12-31,60,delta_residual_degree_percentile_1m,FULL_CHARACTERISTIC_NEUTRAL,3809,PASS,762,762
2020-12-31,60,neighbor_jaccard_1m,FULL_CHARACTERISTIC_NEUTRAL,3809,PASS,762,762
2020-12-31,60,neighbor_retention_1m,FULL_CHARACTERISTIC_NEUTRAL,3803,PASS,761,761
2020-12-31,60,outside_community_degree_percentile,FULL_CHARACTERISTIC_NEUTRAL,3830,PASS,766,766
2020-12-31,60,residual_degree_percentile,FULL_CHARACTERISTIC_NEUTRAL,3830,PASS,766,766
2020-12-31,120,cross_industry_degree_percentile,FULL_CHARACTERISTIC_NEUTRAL,3849,PASS,770,770
2020-12-31,120,cross_industry_degree_ratio,FULL_CHARACTERISTIC_NEUTRAL,3821,PASS,765,764
2020-12-31,120,delta_cross_industry_degree_percentile_1m,FULL_CHARACTERISTIC_NEUTRAL,3827,PASS,766,766
2020-12-31,120,delta_degree_percentile,FULL_CHARACTERISTIC_NEUTRAL,3849,PASS,770,770
2020-12-31,120,delta_residual_degree_percentile_1m,FULL_CHARACTERISTIC_NEUTRAL,3827,PASS,766,766
2020-12-31,120,neighbor_jaccard_1m,FULL_CHARACTERISTIC_NEUTRAL,3818,PASS,764,764
2020-12-31,120,neighbor_retention_1m,FULL_CHARACTERISTIC_NEUTRAL,3747,PASS,750,750
2020-12-31,120,outside_community_degree_percentile,FULL_CHARACTERISTIC_NEUTRAL,3849,PASS,770,770
2020-12-31,120,residual_degree_percentile,FULL_CHARACTERISTIC_NEUTRAL,3849,PASS,770,770
2020-12-31,252,cross_industry_degree_percentile,FULL_CHARACTERISTIC_NEUTRAL,3737,PASS,748,748
2020-12-31,252,cross_industry_degree_ratio,FULL_CHARACTERISTIC_NEUTRAL,3433,PASS,687,687
2020-12-31,252,delta_cross_industry_degree_percentile_1m,FULL_CHARACTERISTIC_NEUTRAL,3714,PASS,743,743
2020-12-31,252,delta_degree_percentile,FULL_CHARACTERISTIC_NEUTRAL,3737,PASS,748,748
2020-12-31,252,delta_residual_degree_percentile_1m,FULL_CHARACTERISTIC_NEUTRAL,3714,PASS,743,743
2020-12-31,252,neighbor_jaccard_1m,FULL_CHARACTERISTIC_NEUTRAL,3474,PASS,695,695
2020-12-31,252,neighbor_retention_1m,FULL_CHARACTERISTIC_NEUTRAL,3394,PASS,679,679
2020-12-31,252,outside_community_degree_percentile,FULL_CHARACTERISTIC_NEUTRAL,3737,PASS,748,748
2020-12-31,252,residual_degree_percentile,FULL_CHARACTERISTIC_NEUTRAL,3737,PASS,748,748
2021-01-29,60,cross_industry_degree_percentile,FULL_CHARACTERISTIC_NEUTRAL,3872,PASS,775,775
2021-01-29,60,cross_industry_degree_ratio,FULL_CHARACTERISTIC_NEUTRAL,3867,PASS,774,774
2021-01-29,60,delta_cross_industry_degree_percentile_1m,FULL_CHARACTERISTIC_NEUTRAL,3861,PASS,773,772
2021-01-29,60,delta_degree_percentile,FULL_CHARACTERISTIC_NEUTRAL,3872,PASS,775,775
2021-01-29,60,delta_residual_degree_percentile_1m,FULL_CHARACTERISTIC_NEUTRAL,3861,PASS,773,772
2021-01-29,60,neighbor_jaccard_1m,FULL_CHARACTERISTIC_NEUTRAL,3861,PASS,773,772
2021-01-29,60,neighbor_retention_1m,FULL_CHARACTERISTIC_NEUTRAL,3861,PASS,773,772
2021-01-29,60,outside_community_degree_percentile,FULL_CHARACTERISTIC_NEUTRAL,3872,PASS,775,775
2021-01-29,60,residual_degree_percentile,FULL_CHARACTERISTIC_NEUTRAL,3872,PASS,775,775
2021-01-29,120,cross_industry_degree_percentile,FULL_CHARACTERISTIC_NEUTRAL,3895,PASS,779,779
2021-01-29,120,cross_industry_degree_ratio,FULL_CHARACTERISTIC_NEUTRAL,3878,PASS,776,776
2021-01-29,120,delta_cross_industry_degree_percentile_1m,FULL_CHARACTERISTIC_NEUTRAL,3876,PASS,776,775
2021-01-29,120,delta_degree_percentile,FULL_CHARACTERISTIC_NEUTRAL,3895,PASS,779,779
2021-01-29,120,delta_residual_degree_percentile_1m,FULL_CHARACTERISTIC_NEUTRAL,3876,PASS,776,775
2021-01-29,120,neighbor_jaccard_1m,FULL_CHARACTERISTIC_NEUTRAL,3872,PASS,775,775
2021-01-29,120,neighbor_retention_1m,FULL_CHARACTERISTIC_NEUTRAL,3849,PASS,770,770
2021-01-29,120,outside_community_degree_percentile,FULL_CHARACTERISTIC_NEUTRAL,3895,PASS,779,779
2021-01-29,120,residual_degree_percentile,FULL_CHARACTERISTIC_NEUTRAL,3895,PASS,779,779
2021-01-29,252,cross_industry_degree_percentile,FULL_CHARACTERISTIC_NEUTRAL,3758,PASS,752,752
2021-01-29,252,cross_industry_degree_ratio,FULL_CHARACTERISTIC_NEUTRAL,3485,PASS,697,697
2021-01-29,252,delta_cross_industry_degree_percentile_1m,FULL_CHARACTERISTIC_NEUTRAL,3736,PASS,748,747
2021-01-29,252,delta_degree_percentile,FULL_CHARACTERISTIC_NEUTRAL,3758,PASS,752,752
2021-01-29,252,delta_residual_degree_percentile_1m,FULL_CHARACTERISTIC_NEUTRAL,3736,PASS,748,747
2021-01-29,252,neighbor_jaccard_1m,FULL_CHARACTERISTIC_NEUTRAL,3528,PASS,706,706
2021-01-29,252,neighbor_retention_1m,FULL_CHARACTERISTIC_NEUTRAL,3431,PASS,687,686
2021-01-29,252,outside_community_degree_percentile,FULL_CHARACTERISTIC_NEUTRAL,3758,PASS,752,752
2021-01-29,252,residual_degree_percentile,FULL_CHARACTERISTIC_NEUTRAL,3758,PASS,752,752
2021-02-26,60,cross_industry_degree_percentile,FULL_CHARACTERISTIC_NEUTRAL,3916,PASS,784,783
2021-02-26,60,cross_industry_degree_ratio,FULL_CHARACTERISTIC_NEUTRAL,3912,PASS,783,783
2021-02-26,60,delta_cross_industry_degree_percentile_1m,FULL_CHARACTERISTIC_NEUTRAL,3915,PASS,783,783
2021-02-26,60,delta_degree_percentile,FULL_CHARACTERISTIC_NEUTRAL,3916,PASS,784,783
2021-02-26,60,delta_residual_degree_percentile_1m,FULL_CHARACTERISTIC_NEUTRAL,3915,PASS,783,783
2021-02-26,60,neighbor_jaccard_1m,FULL_CHARACTERISTIC_NEUTRAL,3915,PASS,783,783
2021-02-26,60,neighbor_retention_1m,FULL_CHARACTERISTIC_NEUTRAL,3909,PASS,782,782
2021-02-26,60,outside_community_degree_percentile,FULL_CHARACTERISTIC_NEUTRAL,3916,PASS,784,783
2021-02-26,60,residual_degree_percentile,FULL_CHARACTERISTIC_NEUTRAL,3916,PASS,784,783
2021-02-26,120,cross_industry_degree_percentile,FULL_CHARACTERISTIC_NEUTRAL,3942,PASS,789,789
2021-02-26,120,cross_industry_degree_ratio,FULL_CHARACTERISTIC_NEUTRAL,3915,PASS,783,783
2021-02-26,120,delta_cross_industry_degree_percentile_1m,FULL_CHARACTERISTIC_NEUTRAL,3919,PASS,784,784
2021-02-26,120,delta_degree_percentile,FULL_CHARACTERISTIC_NEUTRAL,3942,PASS,789,789
2021-02-26,120,delta_residual_degree_percentile_1m,FULL_CHARACTERISTIC_NEUTRAL,3919,PASS,784,784
2021-02-26,120,neighbor_jaccard_1m,FULL_CHARACTERISTIC_NEUTRAL,3917,PASS,784,784
2021-02-26,120,neighbor_retention_1m,FULL_CHARACTERISTIC_NEUTRAL,3902,PASS,781,781
2021-02-26,120,outside_community_degree_percentile,FULL_CHARACTERISTIC_NEUTRAL,3942,PASS,789,789
2021-02-26,120,residual_degree_percentile,FULL_CHARACTERISTIC_NEUTRAL,3942,PASS,789,789
2021-02-26,252,cross_industry_degree_percentile,FULL_CHARACTERISTIC_NEUTRAL,3766,PASS,754,753
2021-02-26,252,cross_industry_degree_ratio,FULL_CHARACTERISTIC_NEUTRAL,3557,PASS,712,712
2021-02-26,252,delta_cross_industry_degree_percentile_1m,FULL_CHARACTERISTIC_NEUTRAL,3757,PASS,752,752
2021-02-26,252,delta_degree_percentile,FULL_CHARACTERISTIC_NEUTRAL,3766,PASS,754,753
2021-02-26,252,delta_residual_degree_percentile_1m,FULL_CHARACTERISTIC_NEUTRAL,3757,PASS,752,752
2021-02-26,252,neighbor_jaccard_1m,FULL_CHARACTERISTIC_NEUTRAL,3601,PASS,721,720
2021-02-26,252,neighbor_retention_1m,FULL_CHARACTERISTIC_NEUTRAL,3484,PASS,697,697
2021-02-26,252,outside_community_degree_percentile,FULL_CHARACTERISTIC_NEUTRAL,3766,PASS,754,753
2021-02-26,252,residual_degree_percentile,FULL_CHARACTERISTIC_NEUTRAL,3766,PASS,754,753
2021-03-31,60,cross_industry_degree_percentile,FULL_CHARACTERISTIC_NEUTRAL,3986,PASS,798,797
2021-03-31,60,cross_industry_degree_ratio,FULL_CHARACTERISTIC_NEUTRAL,3973,PASS,795,795
2021-03-31,60,delta_cross_industry_degree_percentile_1m,FULL_CHARACTERISTIC_NEUTRAL,3971,PASS,795,794
2021-03-31,60,delta_degree_percentile,FULL_CHARACTERISTIC_NEUTRAL,3986,PASS,798,797
2021-03-31,60,delta_residual_degree_percentile_1m,FULL_CHARACTERISTIC_NEUTRAL,3971,PASS,795,794
2021-03-31,60,neighbor_jaccard_1m,FULL_CHARACTERISTIC_NEUTRAL,3969,PASS,794,794
2021-03-31,60,neighbor_retention_1m,FULL_CHARACTERISTIC_NEUTRAL,3967,PASS,794,794
2021-03-31,60,outside_community_degree_percentile,FULL_CHARACTERISTIC_NEUTRAL,3986,PASS,798,797
2021-03-31,60,residual_degree_percentile,FULL_CHARACTERISTIC_NEUTRAL,3986,PASS,798,797
2021-03-31,120,cross_industry_degree_percentile,FULL_CHARACTERISTIC_NEUTRAL,4009,PASS,802,802
2021-03-31,120,cross_industry_degree_ratio,FULL_CHARACTERISTIC_NEUTRAL,3978,PASS,796,796
2021-03-31,120,delta_cross_industry_degree_percentile_1m,FULL_CHARACTERISTIC_NEUTRAL,3968,PASS,794,794
2021-03-31,120,delta_degree_percentile,FULL_CHARACTERISTIC_NEUTRAL,4009,PASS,802,802
2021-03-31,120,delta_residual_degree_percentile_1m,FULL_CHARACTERISTIC_NEUTRAL,3968,PASS,794,794
2021-03-31,120,neighbor_jaccard_1m,FULL_CHARACTERISTIC_NEUTRAL,3962,PASS,793,793
2021-03-31,120,neighbor_retention_1m,FULL_CHARACTERISTIC_NEUTRAL,3942,PASS,789,789
2021-03-31,120,outside_community_degree_percentile,FULL_CHARACTERISTIC_NEUTRAL,4009,PASS,802,802
2021-03-31,120,residual_degree_percentile,FULL_CHARACTERISTIC_NEUTRAL,4009,PASS,802,802
2021-03-31,252,cross_industry_degree_percentile,FULL_CHARACTERISTIC_NEUTRAL,3781,PASS,757,756
2021-03-31,252,cross_industry_degree_ratio,FULL_CHARACTERISTIC_NEUTRAL,3562,PASS,713,713
2021-03-31,252,delta_cross_industry_degree_percentile_1m,FULL_CHARACTERISTIC_NEUTRAL,3761,PASS,753,752
2021-03-31,252,delta_degree_percentile,FULL_CHARACTERISTIC_NEUTRAL,3781,PASS,757,756
2021-03-31,252,delta_residual_degree_percentile_1m,FULL_CHARACTERISTIC_NEUTRAL,3761,PASS,753,752
2021-03-31,252,neighbor_jaccard_1m,FULL_CHARACTERISTIC_NEUTRAL,3638,PASS,728,728
2021-03-31,252,neighbor_retention_1m,FULL_CHARACTERISTIC_NEUTRAL,3552,PASS,711,711
2021-03-31,252,outside_community_degree_percentile,FULL_CHARACTERISTIC_NEUTRAL,3781,PASS,757,756
2021-03-31,252,residual_degree_percentile,FULL_CHARACTERISTIC_NEUTRAL,3781,PASS,757,756
2021-04-30,60,cross_industry_degree_percentile,FULL_CHARACTERISTIC_NEUTRAL,4023,PASS,805,805
2021-04-30,60,cross_industry_degree_ratio,FULL_CHARACTERISTIC_NEUTRAL,4020,PASS,804,804
2021-04-30,60,delta_cross_industry_degree_percentile_1m,FULL_CHARACTERISTIC_NEUTRAL,4013,PASS,803,803
2021-04-30,60,delta_degree_percentile,FULL_CHARACTERISTIC_NEUTRAL,4023,PASS,805,805
2021-04-30,60,delta_residual_degree_percentile_1m,FULL_CHARACTERISTIC_NEUTRAL,4013,PASS,803,803
2021-04-30,60,neighbor_jaccard_1m,FULL_CHARACTERISTIC_NEUTRAL,4013,PASS,803,803
2021-04-30,60,neighbor_retention_1m,FULL_CHARACTERISTIC_NEUTRAL,4000,PASS,800,800
2021-04-30,60,outside_community_degree_percentile,FULL_CHARACTERISTIC_NEUTRAL,4023,PASS,805,805
2021-04-30,60,residual_degree_percentile,FULL_CHARACTERISTIC_NEUTRAL,4023,PASS,805,805
2021-04-30,120,cross_industry_degree_percentile,FULL_CHARACTERISTIC_NEUTRAL,4041,PASS,809,808
2021-04-30,120,cross_industry_degree_ratio,FULL_CHARACTERISTIC_NEUTRAL,4023,PASS,805,805
2021-04-30,120,delta_cross_industry_degree_percentile_1m,FULL_CHARACTERISTIC_NEUTRAL,4027,PASS,806,806
2021-04-30,120,delta_degree_percentile,FULL_CHARACTERISTIC_NEUTRAL,4041,PASS,809,808
2021-04-30,120,delta_residual_degree_percentile_1m,FULL_CHARACTERISTIC_NEUTRAL,4027,PASS,806,806
2021-04-30,120,neighbor_jaccard_1m,FULL_CHARACTERISTIC_NEUTRAL,4025,PASS,805,805
2021-04-30,120,neighbor_retention_1m,FULL_CHARACTERISTIC_NEUTRAL,3996,PASS,800,799
2021-04-30,120,outside_community_degree_percentile,FULL_CHARACTERISTIC_NEUTRAL,4041,PASS,809,808
2021-04-30,120,residual_degree_percentile,FULL_CHARACTERISTIC_NEUTRAL,4041,PASS,809,808
2021-04-30,252,cross_industry_degree_percentile,FULL_CHARACTERISTIC_NEUTRAL,3805,PASS,761,761
2021-04-30,252,cross_industry_degree_ratio,FULL_CHARACTERISTIC_NEUTRAL,3618,PASS,724,724
2021-04-30,252,delta_cross_industry_degree_percentile_1m,FULL_CHARACTERISTIC_NEUTRAL,3781,PASS,757,756
2021-04-30,252,delta_degree_percentile,FULL_CHARACTERISTIC_NEUTRAL,3805,PASS,761,761
2021-04-30,252,delta_residual_degree_percentile_1m,FULL_CHARACTERISTIC_NEUTRAL,3781,PASS,757,756
2021-04-30,252,neighbor_jaccard_1m,FULL_CHARACTERISTIC_NEUTRAL,3654,PASS,731,731
2021-04-30,252,neighbor_retention_1m,FULL_CHARACTERISTIC_NEUTRAL,3562,PASS,713,713
2021-04-30,252,outside_community_degree_percentile,FULL_CHARACTERISTIC_NEUTRAL,3805,PASS,761,761
2021-04-30,252,residual_degree_percentile,FULL_CHARACTERISTIC_NEUTRAL,3805,PASS,761,761
2021-05-31,60,cross_industry_degree_percentile,FULL_CHARACTERISTIC_NEUTRAL,4035,PASS,807,807
2021-05-31,60,cross_industry_degree_ratio,FULL_CHARACTERISTIC_NEUTRAL,4035,PASS,807,807
2021-05-31,60,delta_cross_industry_degree_percentile_1m,FULL_CHARACTERISTIC_NEUTRAL,4030,PASS,806,806
2021-05-31,60,delta_degree_percentile,FULL_CHARACTERISTIC_NEUTRAL,4035,PASS,807,807
2021-05-31,60,delta_residual_degree_percentile_1m,FULL_CHARACTERISTIC_NEUTRAL,4030,PASS,806,806
2021-05-31,60,neighbor_jaccard_1m,FULL_CHARACTERISTIC_NEUTRAL,4030,PASS,806,806
2021-05-31,60,neighbor_retention_1m,FULL_CHARACTERISTIC_NEUTRAL,4027,PASS,806,806
2021-05-31,60,outside_community_degree_percentile,FULL_CHARACTERISTIC_NEUTRAL,4035,PASS,807,807
2021-05-31,60,residual_degree_percentile,FULL_CHARACTERISTIC_NEUTRAL,4035,PASS,807,807
2021-05-31,120,cross_industry_degree_percentile,FULL_CHARACTERISTIC_NEUTRAL,4060,PASS,812,812
2021-05-31,120,cross_industry_degree_ratio,FULL_CHARACTERISTIC_NEUTRAL,4035,PASS,807,807
2021-05-31,120,delta_cross_industry_degree_percentile_1m,FULL_CHARACTERISTIC_NEUTRAL,4053,PASS,811,811
2021-05-31,120,delta_degree_percentile,FULL_CHARACTERISTIC_NEUTRAL,4060,PASS,812,812
2021-05-31,120,delta_residual_degree_percentile_1m,FULL_CHARACTERISTIC_NEUTRAL,4053,PASS,811,811
2021-05-31,120,neighbor_jaccard_1m,FULL_CHARACTERISTIC_NEUTRAL,4045,PASS,809,809
2021-05-31,120,neighbor_retention_1m,FULL_CHARACTERISTIC_NEUTRAL,4035,PASS,807,807
2021-05-31,120,outside_community_degree_percentile,FULL_CHARACTERISTIC_NEUTRAL,4060,PASS,812,812
2021-05-31,120,residual_degree_percentile,FULL_CHARACTERISTIC_NEUTRAL,4060,PASS,812,812
2021-05-31,252,cross_industry_degree_percentile,FULL_CHARACTERISTIC_NEUTRAL,3829,PASS,766,766
2021-05-31,252,cross_industry_degree_ratio,FULL_CHARACTERISTIC_NEUTRAL,3621,PASS,725,724
2021-05-31,252,delta_cross_industry_degree_percentile_1m,FULL_CHARACTERISTIC_NEUTRAL,3805,PASS,761,761
2021-05-31,252,delta_degree_percentile,FULL_CHARACTERISTIC_NEUTRAL,3829,PASS,766,766
2021-05-31,252,delta_residual_degree_percentile_1m,FULL_CHARACTERISTIC_NEUTRAL,3805,PASS,761,761
2021-05-31,252,neighbor_jaccard_1m,FULL_CHARACTERISTIC_NEUTRAL,3686,PASS,738,737
2021-05-31,252,neighbor_retention_1m,FULL_CHARACTERISTIC_NEUTRAL,3618,PASS,724,724
2021-05-31,252,outside_community_degree_percentile,FULL_CHARACTERISTIC_NEUTRAL,3829,PASS,766,766
2021-05-31,252,residual_degree_percentile,FULL_CHARACTERISTIC_NEUTRAL,3829,PASS,766,766
2021-06-30,60,cross_industry_degree_percentile,FULL_CHARACTERISTIC_NEUTRAL,4079,PASS,816,816
2021-06-30,60,cross_industry_degree_ratio,FULL_CHARACTERISTIC_NEUTRAL,4079,PASS,816,816
2021-06-30,60,delta_cross_industry_degree_percentile_1m,FULL_CHARACTERISTIC_NEUTRAL,4067,PASS,814,814
2021-06-30,60,delta_degree_percentile,FULL_CHARACTERISTIC_NEUTRAL,4079,PASS,816,816
2021-06-30,60,delta_residual_degree_percentile_1m,FULL_CHARACTERISTIC_NEUTRAL,4067,PASS,814,814
2021-06-30,60,neighbor_jaccard_1m,FULL_CHARACTERISTIC_NEUTRAL,4067,PASS,814,814
2021-06-30,60,neighbor_retention_1m,FULL_CHARACTERISTIC_NEUTRAL,4067,PASS,814,814
2021-06-30,60,outside_community_degree_percentile,FULL_CHARACTERISTIC_NEUTRAL,4079,PASS,816,816
2021-06-30,60,residual_degree_percentile,FULL_CHARACTERISTIC_NEUTRAL,4079,PASS,816,816
2021-06-30,120,cross_industry_degree_percentile,FULL_CHARACTERISTIC_NEUTRAL,4104,PASS,821,821
2021-06-30,120,cross_industry_degree_ratio,FULL_CHARACTERISTIC_NEUTRAL,4084,PASS,817,817
2021-06-30,120,delta_cross_industry_degree_percentile_1m,FULL_CHARACTERISTIC_NEUTRAL,4081,PASS,817,816
2021-06-30,120,delta_degree_percentile,FULL_CHARACTERISTIC_NEUTRAL,4104,PASS,821,821
2021-06-30,120,delta_residual_degree_percentile_1m,FULL_CHARACTERISTIC_NEUTRAL,4081,PASS,817,816
2021-06-30,120,neighbor_jaccard_1m,FULL_CHARACTERISTIC_NEUTRAL,4075,PASS,815,815
2021-06-30,120,neighbor_retention_1m,FULL_CHARACTERISTIC_NEUTRAL,4056,PASS,812,811
2021-06-30,120,outside_community_degree_percentile,FULL_CHARACTERISTIC_NEUTRAL,4104,PASS,821,821
2021-06-30,120,residual_degree_percentile,FULL_CHARACTERISTIC_NEUTRAL,4104,PASS,821,821
2021-06-30,252,cross_industry_degree_percentile,FULL_CHARACTERISTIC_NEUTRAL,3874,PASS,775,775
2021-06-30,252,cross_industry_degree_ratio,FULL_CHARACTERISTIC_NEUTRAL,3670,PASS,734,734
2021-06-30,252,delta_cross_industry_degree_percentile_1m,FULL_CHARACTERISTIC_NEUTRAL,3828,PASS,766,766
2021-06-30,252,delta_degree_percentile,FULL_CHARACTERISTIC_NEUTRAL,3874,PASS,775,775
2021-06-30,252,delta_residual_degree_percentile_1m,FULL_CHARACTERISTIC_NEUTRAL,3828,PASS,766,766
2021-06-30,252,neighbor_jaccard_1m,FULL_CHARACTERISTIC_NEUTRAL,3696,PASS,740,739
2021-06-30,252,neighbor_retention_1m,FULL_CHARACTERISTIC_NEUTRAL,3620,PASS,724,724
2021-06-30,252,outside_community_degree_percentile,FULL_CHARACTERISTIC_NEUTRAL,3874,PASS,775,775
2021-06-30,252,residual_degree_percentile,FULL_CHARACTERISTIC_NEUTRAL,3874,PASS,775,775
2021-07-30,60,cross_industry_degree_percentile,FULL_CHARACTERISTIC_NEUTRAL,4117,PASS,824,824
2021-07-30,60,cross_industry_degree_ratio,FULL_CHARACTERISTIC_NEUTRAL,4115,PASS,823,823
2021-07-30,60,delta_cross_industry_degree_percentile_1m,FULL_CHARACTERISTIC_NEUTRAL,4107,PASS,822,822
2021-07-30,60,delta_degree_percentile,FULL_CHARACTERISTIC_NEUTRAL,4117,PASS,824,824
2021-07-30,60,delta_residual_degree_percentile_1m,FULL_CHARACTERISTIC_NEUTRAL,4107,PASS,822,822
2021-07-30,60,neighbor_jaccard_1m,FULL_CHARACTERISTIC_NEUTRAL,4107,PASS,822,822
2021-07-30,60,neighbor_retention_1m,FULL_CHARACTERISTIC_NEUTRAL,4107,PASS,822,822
2021-07-30,60,outside_community_degree_percentile,FULL_CHARACTERISTIC_NEUTRAL,4117,PASS,824,824
2021-07-30,60,residual_degree_percentile,FULL_CHARACTERISTIC_NEUTRAL,4117,PASS,824,824
2021-07-30,120,cross_industry_degree_percentile,FULL_CHARACTERISTIC_NEUTRAL,4142,PASS,829,829
2021-07-30,120,cross_industry_degree_ratio,FULL_CHARACTERISTIC_NEUTRAL,4128,PASS,826,826
2021-07-30,120,delta_cross_industry_degree_percentile_1m,FULL_CHARACTERISTIC_NEUTRAL,4117,PASS,824,824
2021-07-30,120,delta_degree_percentile,FULL_CHARACTERISTIC_NEUTRAL,4142,PASS,829,829
2021-07-30,120,delta_residual_degree_percentile_1m,FULL_CHARACTERISTIC_NEUTRAL,4117,PASS,824,824
2021-07-30,120,neighbor_jaccard_1m,FULL_CHARACTERISTIC_NEUTRAL,4116,PASS,824,823
2021-07-30,120,neighbor_retention_1m,FULL_CHARACTERISTIC_NEUTRAL,4098,PASS,820,820
2021-07-30,120,outside_community_degree_percentile,FULL_CHARACTERISTIC_NEUTRAL,4142,PASS,829,829
2021-07-30,120,residual_degree_percentile,FULL_CHARACTERISTIC_NEUTRAL,4142,PASS,829,829
2021-07-30,252,cross_industry_degree_percentile,FULL_CHARACTERISTIC_NEUTRAL,3936,PASS,788,787
2021-07-30,252,cross_industry_degree_ratio,FULL_CHARACTERISTIC_NEUTRAL,3798,PASS,760,760
2021-07-30,252,delta_cross_industry_degree_percentile_1m,FULL_CHARACTERISTIC_NEUTRAL,3874,PASS,775,775
2021-07-30,252,delta_degree_percentile,FULL_CHARACTERISTIC_NEUTRAL,3936,PASS,788,787
2021-07-30,252,delta_residual_degree_percentile_1m,FULL_CHARACTERISTIC_NEUTRAL,3874,PASS,775,775
2021-07-30,252,neighbor_jaccard_1m,FULL_CHARACTERISTIC_NEUTRAL,3775,PASS,755,755
2021-07-30,252,neighbor_retention_1m,FULL_CHARACTERISTIC_NEUTRAL,3670,PASS,734,734
2021-07-30,252,outside_community_degree_percentile,FULL_CHARACTERISTIC_NEUTRAL,3936,PASS,788,787
2021-07-30,252,residual_degree_percentile,FULL_CHARACTERISTIC_NEUTRAL,3936,PASS,788,787
2021-08-31,60,cross_industry_degree_percentile,FULL_CHARACTERISTIC_NEUTRAL,4161,PASS,833,832
2021-08-31,60,cross_industry_degree_ratio,FULL_CHARACTERISTIC_NEUTRAL,4161,PASS,833,832
2021-08-31,60,delta_cross_industry_degree_percentile_1m,FULL_CHARACTERISTIC_NEUTRAL,4150,PASS,830,830
2021-08-31,60,delta_degree_percentile,FULL_CHARACTERISTIC_NEUTRAL,4161,PASS,833,832
2021-08-31,60,delta_residual_degree_percentile_1m,FULL_CHARACTERISTIC_NEUTRAL,4150,PASS,830,830
2021-08-31,60,neighbor_jaccard_1m,FULL_CHARACTERISTIC_NEUTRAL,4150,PASS,830,830
2021-08-31,60,neighbor_retention_1m,FULL_CHARACTERISTIC_NEUTRAL,4148,PASS,830,830
2021-08-31,60,outside_community_degree_percentile,FULL_CHARACTERISTIC_NEUTRAL,4161,PASS,833,832
2021-08-31,60,residual_degree_percentile,FULL_CHARACTERISTIC_NEUTRAL,4161,PASS,833,832
2021-08-31,120,cross_industry_degree_percentile,FULL_CHARACTERISTIC_NEUTRAL,4178,PASS,836,836
2021-08-31,120,cross_industry_degree_ratio,FULL_CHARACTERISTIC_NEUTRAL,4168,PASS,834,834
2021-08-31,120,delta_cross_industry_degree_percentile_1m,FULL_CHARACTERISTIC_NEUTRAL,4161,PASS,833,832
2021-08-31,120,delta_degree_percentile,FULL_CHARACTERISTIC_NEUTRAL,4178,PASS,836,836
2021-08-31,120,delta_residual_degree_percentile_1m,FULL_CHARACTERISTIC_NEUTRAL,4161,PASS,833,832
2021-08-31,120,neighbor_jaccard_1m,FULL_CHARACTERISTIC_NEUTRAL,4159,PASS,832,832
2021-08-31,120,neighbor_retention_1m,FULL_CHARACTERISTIC_NEUTRAL,4147,PASS,830,830
2021-08-31,120,outside_community_degree_percentile,FULL_CHARACTERISTIC_NEUTRAL,4178,PASS,836,836
2021-08-31,120,residual_degree_percentile,FULL_CHARACTERISTIC_NEUTRAL,4178,PASS,836,836
2021-08-31,252,cross_industry_degree_percentile,FULL_CHARACTERISTIC_NEUTRAL,3994,PASS,799,799
2021-08-31,252,cross_industry_degree_ratio,FULL_CHARACTERISTIC_NEUTRAL,3855,PASS,771,771
2021-08-31,252,delta_cross_industry_degree_percentile_1m,FULL_CHARACTERISTIC_NEUTRAL,3936,PASS,788,787
2021-08-31,252,delta_degree_percentile,FULL_CHARACTERISTIC_NEUTRAL,3994,PASS,799,799
2021-08-31,252,delta_residual_degree_percentile_1m,FULL_CHARACTERISTIC_NEUTRAL,3936,PASS,788,787
2021-08-31,252,neighbor_jaccard_1m,FULL_CHARACTERISTIC_NEUTRAL,3864,PASS,773,773
2021-08-31,252,neighbor_retention_1m,FULL_CHARACTERISTIC_NEUTRAL,3798,PASS,760,760
2021-08-31,252,outside_community_degree_percentile,FULL_CHARACTERISTIC_NEUTRAL,3994,PASS,799,799
2021-08-31,252,residual_degree_percentile,FULL_CHARACTERISTIC_NEUTRAL,3994,PASS,799,799
2021-09-30,60,cross_industry_degree_percentile,FULL_CHARACTERISTIC_NEUTRAL,4204,PASS,841,841
2021-09-30,60,cross_industry_degree_ratio,FULL_CHARACTERISTIC_NEUTRAL,4181,PASS,837,836
2021-09-30,60,delta_cross_industry_degree_percentile_1m,FULL_CHARACTERISTIC_NEUTRAL,4189,PASS,838,838
2021-09-30,60,delta_degree_percentile,FULL_CHARACTERISTIC_NEUTRAL,4204,PASS,841,841
2021-09-30,60,delta_residual_degree_percentile_1m,FULL_CHARACTERISTIC_NEUTRAL,4189,PASS,838,838
2021-09-30,60,neighbor_jaccard_1m,FULL_CHARACTERISTIC_NEUTRAL,4189,PASS,838,838
2021-09-30,60,neighbor_retention_1m,FULL_CHARACTERISTIC_NEUTRAL,4189,PASS,838,838
2021-09-30,60,outside_community_degree_percentile,FULL_CHARACTERISTIC_NEUTRAL,4204,PASS,841,841
2021-09-30,60,residual_degree_percentile,FULL_CHARACTERISTIC_NEUTRAL,4204,PASS,841,841
2021-09-30,120,cross_industry_degree_percentile,FULL_CHARACTERISTIC_NEUTRAL,4217,PASS,844,844
2021-09-30,120,cross_industry_degree_ratio,FULL_CHARACTERISTIC_NEUTRAL,4179,PASS,836,836
2021-09-30,120,delta_cross_industry_degree_percentile_1m,FULL_CHARACTERISTIC_NEUTRAL,4195,PASS,839,839
2021-09-30,120,delta_degree_percentile,FULL_CHARACTERISTIC_NEUTRAL,4217,PASS,844,844
2021-09-30,120,delta_residual_degree_percentile_1m,FULL_CHARACTERISTIC_NEUTRAL,4195,PASS,839,839
2021-09-30,120,neighbor_jaccard_1m,FULL_CHARACTERISTIC_NEUTRAL,4190,PASS,838,838
2021-09-30,120,neighbor_retention_1m,FULL_CHARACTERISTIC_NEUTRAL,4185,PASS,837,837
2021-09-30,120,outside_community_degree_percentile,FULL_CHARACTERISTIC_NEUTRAL,4217,PASS,844,844
2021-09-30,120,residual_degree_percentile,FULL_CHARACTERISTIC_NEUTRAL,4217,PASS,844,844
2021-09-30,252,cross_industry_degree_percentile,FULL_CHARACTERISTIC_NEUTRAL,4036,PASS,808,807
2021-09-30,252,cross_industry_degree_ratio,FULL_CHARACTERISTIC_NEUTRAL,3862,PASS,773,773
2021-09-30,252,delta_cross_industry_degree_percentile_1m,FULL_CHARACTERISTIC_NEUTRAL,3992,PASS,799,799
2021-09-30,252,delta_degree_percentile,FULL_CHARACTERISTIC_NEUTRAL,4036,PASS,808,807
2021-09-30,252,delta_residual_degree_percentile_1m,FULL_CHARACTERISTIC_NEUTRAL,3992,PASS,799,799
2021-09-30,252,neighbor_jaccard_1m,FULL_CHARACTERISTIC_NEUTRAL,3904,PASS,781,781
2021-09-30,252,neighbor_retention_1m,FULL_CHARACTERISTIC_NEUTRAL,3851,PASS,771,770
2021-09-30,252,outside_community_degree_percentile,FULL_CHARACTERISTIC_NEUTRAL,4036,PASS,808,807
2021-09-30,252,residual_degree_percentile,FULL_CHARACTERISTIC_NEUTRAL,4036,PASS,808,807
2021-10-29,60,cross_industry_degree_percentile,FULL_CHARACTERISTIC_NEUTRAL,4247,PASS,850,850
2021-10-29,60,cross_industry_degree_ratio,FULL_CHARACTERISTIC_NEUTRAL,4228,PASS,846,846
2021-10-29,60,delta_cross_industry_degree_percentile_1m,FULL_CHARACTERISTIC_NEUTRAL,4239,PASS,848,848
2021-10-29,60,delta_degree_percentile,FULL_CHARACTERISTIC_NEUTRAL,4247,PASS,850,850
2021-10-29,60,delta_residual_degree_percentile_1m,FULL_CHARACTERISTIC_NEUTRAL,4239,PASS,848,848
2021-10-29,60,neighbor_jaccard_1m,FULL_CHARACTERISTIC_NEUTRAL,4237,PASS,848,848
2021-10-29,60,neighbor_retention_1m,FULL_CHARACTERISTIC_NEUTRAL,4216,PASS,844,843
2021-10-29,60,outside_community_degree_percentile,FULL_CHARACTERISTIC_NEUTRAL,4247,PASS,850,850
2021-10-29,60,residual_degree_percentile,FULL_CHARACTERISTIC_NEUTRAL,4247,PASS,850,850
2021-10-29,120,cross_industry_degree_percentile,FULL_CHARACTERISTIC_NEUTRAL,4261,PASS,853,852
2021-10-29,120,cross_industry_degree_ratio,FULL_CHARACTERISTIC_NEUTRAL,4204,PASS,841,841
2021-10-29,120,delta_cross_industry_degree_percentile_1m,FULL_CHARACTERISTIC_NEUTRAL,4248,PASS,850,850
2021-10-29,120,delta_degree_percentile,FULL_CHARACTERISTIC_NEUTRAL,4261,PASS,853,852
2021-10-29,120,delta_residual_degree_percentile_1m,FULL_CHARACTERISTIC_NEUTRAL,4248,PASS,850,850
2021-10-29,120,neighbor_jaccard_1m,FULL_CHARACTERISTIC_NEUTRAL,4230,PASS,846,846
2021-10-29,120,neighbor_retention_1m,FULL_CHARACTERISTIC_NEUTRAL,4209,PASS,842,842
2021-10-29,120,outside_community_degree_percentile,FULL_CHARACTERISTIC_NEUTRAL,4261,PASS,853,852
2021-10-29,120,residual_degree_percentile,FULL_CHARACTERISTIC_NEUTRAL,4261,PASS,853,852
2021-10-29,252,cross_industry_degree_percentile,FULL_CHARACTERISTIC_NEUTRAL,4053,PASS,811,811
2021-10-29,252,cross_industry_degree_ratio,FULL_CHARACTERISTIC_NEUTRAL,3860,PASS,772,772
2021-10-29,252,delta_cross_industry_degree_percentile_1m,FULL_CHARACTERISTIC_NEUTRAL,4035,PASS,807,807
2021-10-29,252,delta_degree_percentile,FULL_CHARACTERISTIC_NEUTRAL,4053,PASS,811,811
2021-10-29,252,delta_residual_degree_percentile_1m,FULL_CHARACTERISTIC_NEUTRAL,4035,PASS,807,807
2021-10-29,252,neighbor_jaccard_1m,FULL_CHARACTERISTIC_NEUTRAL,3911,PASS,783,782
2021-10-29,252,neighbor_retention_1m,FULL_CHARACTERISTIC_NEUTRAL,3861,PASS,773,772
2021-10-29,252,outside_community_degree_percentile,FULL_CHARACTERISTIC_NEUTRAL,4053,PASS,811,811
2021-10-29,252,residual_degree_percentile,FULL_CHARACTERISTIC_NEUTRAL,4053,PASS,811,811
2021-11-30,60,cross_industry_degree_percentile,FULL_CHARACTERISTIC_NEUTRAL,4296,PASS,860,859
2021-11-30,60,cross_industry_degree_ratio,FULL_CHARACTERISTIC_NEUTRAL,4277,PASS,856,856
2021-11-30,60,delta_cross_industry_degree_percentile_1m,FULL_CHARACTERISTIC_NEUTRAL,4291,PASS,859,858
2021-11-30,60,delta_degree_percentile,FULL_CHARACTERISTIC_NEUTRAL,4296,PASS,860,859
2021-11-30,60,delta_residual_degree_percentile_1m,FULL_CHARACTERISTIC_NEUTRAL,4291,PASS,859,858
2021-11-30,60,neighbor_jaccard_1m,FULL_CHARACTERISTIC_NEUTRAL,4290,PASS,858,858
2021-11-30,60,neighbor_retention_1m,FULL_CHARACTERISTIC_NEUTRAL,4270,PASS,854,854
2021-11-30,60,outside_community_degree_percentile,FULL_CHARACTERISTIC_NEUTRAL,4296,PASS,860,859
2021-11-30,60,residual_degree_percentile,FULL_CHARACTERISTIC_NEUTRAL,4296,PASS,860,859
2021-11-30,120,cross_industry_degree_percentile,FULL_CHARACTERISTIC_NEUTRAL,4313,PASS,863,863
2021-11-30,120,cross_industry_degree_ratio,FULL_CHARACTERISTIC_NEUTRAL,4212,PASS,843,843
2021-11-30,120,delta_cross_industry_degree_percentile_1m,FULL_CHARACTERISTIC_NEUTRAL,4289,PASS,858,858
2021-11-30,120,delta_degree_percentile,FULL_CHARACTERISTIC_NEUTRAL,4313,PASS,863,863
2021-11-30,120,delta_residual_degree_percentile_1m,FULL_CHARACTERISTIC_NEUTRAL,4289,PASS,858,858
2021-11-30,120,neighbor_jaccard_1m,FULL_CHARACTERISTIC_NEUTRAL,4261,PASS,853,852
2021-11-30,120,neighbor_retention_1m,FULL_CHARACTERISTIC_NEUTRAL,4231,PASS,847,846
2021-11-30,120,outside_community_degree_percentile,FULL_CHARACTERISTIC_NEUTRAL,4313,PASS,863,863
2021-11-30,120,residual_degree_percentile,FULL_CHARACTERISTIC_NEUTRAL,4313,PASS,863,863
2021-11-30,252,cross_industry_degree_percentile,FULL_CHARACTERISTIC_NEUTRAL,4094,PASS,819,819
2021-11-30,252,cross_industry_degree_ratio,FULL_CHARACTERISTIC_NEUTRAL,3920,PASS,784,784
2021-11-30,252,delta_cross_industry_degree_percentile_1m,FULL_CHARACTERISTIC_NEUTRAL,4053,PASS,811,811
2021-11-30,252,delta_degree_percentile,FULL_CHARACTERISTIC_NEUTRAL,4094,PASS,819,819
2021-11-30,252,delta_residual_degree_percentile_1m,FULL_CHARACTERISTIC_NEUTRAL,4053,PASS,811,811
2021-11-30,252,neighbor_jaccard_1m,FULL_CHARACTERISTIC_NEUTRAL,3932,PASS,787,787
2021-11-30,252,neighbor_retention_1m,FULL_CHARACTERISTIC_NEUTRAL,3860,PASS,772,772
2021-11-30,252,outside_community_degree_percentile,FULL_CHARACTERISTIC_NEUTRAL,4094,PASS,819,819
2021-11-30,252,residual_degree_percentile,FULL_CHARACTERISTIC_NEUTRAL,4094,PASS,819,819
2021-12-31,60,cross_industry_degree_percentile,FULL_CHARACTERISTIC_NEUTRAL,4347,PASS,870,870
2021-12-31,60,cross_industry_degree_ratio,FULL_CHARACTERISTIC_NEUTRAL,4337,PASS,868,868
2021-12-31,60,delta_cross_industry_degree_percentile_1m,FULL_CHARACTERISTIC_NEUTRAL,4336,PASS,868,867
2021-12-31,60,delta_degree_percentile,FULL_CHARACTERISTIC_NEUTRAL,4347,PASS,870,870
2021-12-31,60,delta_residual_degree_percentile_1m,FULL_CHARACTERISTIC_NEUTRAL,4336,PASS,868,867
2021-12-31,60,neighbor_jaccard_1m,FULL_CHARACTERISTIC_NEUTRAL,4335,PASS,867,867
2021-12-31,60,neighbor_retention_1m,FULL_CHARACTERISTIC_NEUTRAL,4316,PASS,864,863
2021-12-31,60,outside_community_degree_percentile,FULL_CHARACTERISTIC_NEUTRAL,4347,PASS,870,870
2021-12-31,60,residual_degree_percentile,FULL_CHARACTERISTIC_NEUTRAL,4347,PASS,870,870
2021-12-31,120,cross_industry_degree_percentile,FULL_CHARACTERISTIC_NEUTRAL,4366,PASS,874,873
2021-12-31,120,cross_industry_degree_ratio,FULL_CHARACTERISTIC_NEUTRAL,4243,PASS,849,849
2021-12-31,120,delta_cross_industry_degree_percentile_1m,FULL_CHARACTERISTIC_NEUTRAL,4337,PASS,868,868
2021-12-31,120,delta_degree_percentile,FULL_CHARACTERISTIC_NEUTRAL,4366,PASS,874,873
2021-12-31,120,delta_residual_degree_percentile_1m,FULL_CHARACTERISTIC_NEUTRAL,4337,PASS,868,868
2021-12-31,120,neighbor_jaccard_1m,FULL_CHARACTERISTIC_NEUTRAL,4297,PASS,860,860
2021-12-31,120,neighbor_retention_1m,FULL_CHARACTERISTIC_NEUTRAL,4236,PASS,848,847
2021-12-31,120,outside_community_degree_percentile,FULL_CHARACTERISTIC_NEUTRAL,4366,PASS,874,873
2021-12-31,120,residual_degree_percentile,FULL_CHARACTERISTIC_NEUTRAL,4366,PASS,874,873
2021-12-31,252,cross_industry_degree_percentile,FULL_CHARACTERISTIC_NEUTRAL,4137,PASS,828,828
2021-12-31,252,cross_industry_degree_ratio,FULL_CHARACTERISTIC_NEUTRAL,3931,PASS,787,786
2021-12-31,252,delta_cross_industry_degree_percentile_1m,FULL_CHARACTERISTIC_NEUTRAL,4093,PASS,819,819
2021-12-31,252,delta_degree_percentile,FULL_CHARACTERISTIC_NEUTRAL,4137,PASS,828,828
2021-12-31,252,delta_residual_degree_percentile_1m,FULL_CHARACTERISTIC_NEUTRAL,4093,PASS,819,819
2021-12-31,252,neighbor_jaccard_1m,FULL_CHARACTERISTIC_NEUTRAL,3972,PASS,795,795
2021-12-31,252,neighbor_retention_1m,FULL_CHARACTERISTIC_NEUTRAL,3920,PASS,784,784
2021-12-31,252,outside_community_degree_percentile,FULL_CHARACTERISTIC_NEUTRAL,4137,PASS,828,828
2021-12-31,252,residual_degree_percentile,FULL_CHARACTERISTIC_NEUTRAL,4137,PASS,828,828
2022-01-28,60,cross_industry_degree_percentile,FULL_CHARACTERISTIC_NEUTRAL,4381,PASS,877,876
2022-01-28,60,cross_industry_degree_ratio,FULL_CHARACTERISTIC_NEUTRAL,4358,PASS,872,872
2022-01-28,60,delta_cross_industry_degree_percentile_1m,FULL_CHARACTERISTIC_NEUTRAL,4375,PASS,875,875
2022-01-28,60,delta_degree_percentile,FULL_CHARACTERISTIC_NEUTRAL,4381,PASS,877,876
2022-01-28,60,delta_residual_degree_percentile_1m,FULL_CHARACTERISTIC_NEUTRAL,4375,PASS,875,875
2022-01-28,60,neighbor_jaccard_1m,FULL_CHARACTERISTIC_NEUTRAL,4375,PASS,875,875
2022-01-28,60,neighbor_retention_1m,FULL_CHARACTERISTIC_NEUTRAL,4365,PASS,873,873
2022-01-28,60,outside_community_degree_percentile,FULL_CHARACTERISTIC_NEUTRAL,4381,PASS,877,876
2022-01-28,60,residual_degree_percentile,FULL_CHARACTERISTIC_NEUTRAL,4381,PASS,877,876
2022-01-28,120,cross_industry_degree_percentile,FULL_CHARACTERISTIC_NEUTRAL,4406,PASS,882,881
2022-01-28,120,cross_industry_degree_ratio,FULL_CHARACTERISTIC_NEUTRAL,4267,PASS,854,854
2022-01-28,120,delta_cross_industry_degree_percentile_1m,FULL_CHARACTERISTIC_NEUTRAL,4388,PASS,878,878
2022-01-28,120,delta_degree_percentile,FULL_CHARACTERISTIC_NEUTRAL,4406,PASS,882,881
2022-01-28,120,delta_residual_degree_percentile_1m,FULL_CHARACTERISTIC_NEUTRAL,4388,PASS,878,878
2022-01-28,120,neighbor_jaccard_1m,FULL_CHARACTERISTIC_NEUTRAL,4332,PASS,867,867
2022-01-28,120,neighbor_retention_1m,FULL_CHARACTERISTIC_NEUTRAL,4264,PASS,853,853
2022-01-28,120,outside_community_degree_percentile,FULL_CHARACTERISTIC_NEUTRAL,4406,PASS,882,881
2022-01-28,120,residual_degree_percentile,FULL_CHARACTERISTIC_NEUTRAL,4406,PASS,882,881
2022-01-28,252,cross_industry_degree_percentile,FULL_CHARACTERISTIC_NEUTRAL,4174,PASS,835,835
2022-01-28,252,cross_industry_degree_ratio,FULL_CHARACTERISTIC_NEUTRAL,3919,PASS,784,784
2022-01-28,252,delta_cross_industry_degree_percentile_1m,FULL_CHARACTERISTIC_NEUTRAL,4137,PASS,828,828
2022-01-28,252,delta_degree_percentile,FULL_CHARACTERISTIC_NEUTRAL,4174,PASS,835,835
2022-01-28,252,delta_residual_degree_percentile_1m,FULL_CHARACTERISTIC_NEUTRAL,4137,PASS,828,828
2022-01-28,252,neighbor_jaccard_1m,FULL_CHARACTERISTIC_NEUTRAL,3984,PASS,797,797
2022-01-28,252,neighbor_retention_1m,FULL_CHARACTERISTIC_NEUTRAL,3931,PASS,787,786
2022-01-28,252,outside_community_degree_percentile,FULL_CHARACTERISTIC_NEUTRAL,4174,PASS,835,835
2022-01-28,252,residual_degree_percentile,FULL_CHARACTERISTIC_NEUTRAL,4174,PASS,835,835
2022-02-28,60,cross_industry_degree_percentile,FULL_CHARACTERISTIC_NEUTRAL,4418,PASS,884,884
2022-02-28,60,cross_industry_degree_ratio,FULL_CHARACTERISTIC_NEUTRAL,4376,PASS,876,875
2022-02-28,60,delta_cross_industry_degree_percentile_1m,FULL_CHARACTERISTIC_NEUTRAL,4410,PASS,882,882
2022-02-28,60,delta_degree_percentile,FULL_CHARACTERISTIC_NEUTRAL,4418,PASS,884,884
2022-02-28,60,delta_residual_degree_percentile_1m,FULL_CHARACTERISTIC_NEUTRAL,4410,PASS,882,882
2022-02-28,60,neighbor_jaccard_1m,FULL_CHARACTERISTIC_NEUTRAL,4408,PASS,882,882
2022-02-28,60,neighbor_retention_1m,FULL_CHARACTERISTIC_NEUTRAL,4387,PASS,878,878
2022-02-28,60,outside_community_degree_percentile,FULL_CHARACTERISTIC_NEUTRAL,4418,PASS,884,884
2022-02-28,60,residual_degree_percentile,FULL_CHARACTERISTIC_NEUTRAL,4418,PASS,884,884
2022-02-28,120,cross_industry_degree_percentile,FULL_CHARACTERISTIC_NEUTRAL,4440,PASS,888,888
2022-02-28,120,cross_industry_degree_ratio,FULL_CHARACTERISTIC_NEUTRAL,4257,PASS,852,852
2022-02-28,120,delta_cross_industry_degree_percentile_1m,FULL_CHARACTERISTIC_NEUTRAL,4433,PASS,887,887
2022-02-28,120,delta_degree_percentile,FULL_CHARACTERISTIC_NEUTRAL,4440,PASS,888,888
2022-02-28,120,delta_residual_degree_percentile_1m,FULL_CHARACTERISTIC_NEUTRAL,4433,PASS,887,887
2022-02-28,120,neighbor_jaccard_1m,FULL_CHARACTERISTIC_NEUTRAL,4341,PASS,869,868
2022-02-28,120,neighbor_retention_1m,FULL_CHARACTERISTIC_NEUTRAL,4294,PASS,859,859
2022-02-28,120,outside_community_degree_percentile,FULL_CHARACTERISTIC_NEUTRAL,4440,PASS,888,888
2022-02-28,120,residual_degree_percentile,FULL_CHARACTERISTIC_NEUTRAL,4440,PASS,888,888
2022-02-28,252,cross_industry_degree_percentile,FULL_CHARACTERISTIC_NEUTRAL,4196,PASS,840,839
2022-02-28,252,cross_industry_degree_ratio,FULL_CHARACTERISTIC_NEUTRAL,3891,PASS,779,778
2022-02-28,252,delta_cross_industry_degree_percentile_1m,FULL_CHARACTERISTIC_NEUTRAL,4174,PASS,835,835
2022-02-28,252,delta_degree_percentile,FULL_CHARACTERISTIC_NEUTRAL,4196,PASS,840,839
2022-02-28,252,delta_residual_degree_percentile_1m,FULL_CHARACTERISTIC_NEUTRAL,4174,PASS,835,835
2022-02-28,252,neighbor_jaccard_1m,FULL_CHARACTERISTIC_NEUTRAL,3969,PASS,794,794
2022-02-28,252,neighbor_retention_1m,FULL_CHARACTERISTIC_NEUTRAL,3919,PASS,784,784
2022-02-28,252,outside_community_degree_percentile,FULL_CHARACTERISTIC_NEUTRAL,4196,PASS,840,839
2022-02-28,252,residual_degree_percentile,FULL_CHARACTERISTIC_NEUTRAL,4196,PASS,840,839
2022-03-31,60,cross_industry_degree_percentile,FULL_CHARACTERISTIC_NEUTRAL,4462,PASS,893,893
2022-03-31,60,cross_industry_degree_ratio,FULL_CHARACTERISTIC_NEUTRAL,4404,PASS,881,881
2022-03-31,60,delta_cross_industry_degree_percentile_1m,FULL_CHARACTERISTIC_NEUTRAL,4451,PASS,891,890
2022-03-31,60,delta_degree_percentile,FULL_CHARACTERISTIC_NEUTRAL,4462,PASS,893,893
2022-03-31,60,delta_residual_degree_percentile_1m,FULL_CHARACTERISTIC_NEUTRAL,4451,PASS,891,890
2022-03-31,60,neighbor_jaccard_1m,FULL_CHARACTERISTIC_NEUTRAL,4443,PASS,889,889
2022-03-31,60,neighbor_retention_1m,FULL_CHARACTERISTIC_NEUTRAL,4409,PASS,882,882
2022-03-31,60,outside_community_degree_percentile,FULL_CHARACTERISTIC_NEUTRAL,4462,PASS,893,893
2022-03-31,60,residual_degree_percentile,FULL_CHARACTERISTIC_NEUTRAL,4462,PASS,893,893
2022-03-31,120,cross_industry_degree_percentile,FULL_CHARACTERISTIC_NEUTRAL,4481,PASS,897,896
2022-03-31,120,cross_industry_degree_ratio,FULL_CHARACTERISTIC_NEUTRAL,4337,PASS,868,868
2022-03-31,120,delta_cross_industry_degree_percentile_1m,FULL_CHARACTERISTIC_NEUTRAL,4456,PASS,892,891
2022-03-31,120,delta_degree_percentile,FULL_CHARACTERISTIC_NEUTRAL,4481,PASS,897,896
2022-03-31,120,delta_residual_degree_percentile_1m,FULL_CHARACTERISTIC_NEUTRAL,4456,PASS,892,891
2022-03-31,120,neighbor_jaccard_1m,FULL_CHARACTERISTIC_NEUTRAL,4392,PASS,879,879
2022-03-31,120,neighbor_retention_1m,FULL_CHARACTERISTIC_NEUTRAL,4274,PASS,855,855
2022-03-31,120,outside_community_degree_percentile,FULL_CHARACTERISTIC_NEUTRAL,4481,PASS,897,896
2022-03-31,120,residual_degree_percentile,FULL_CHARACTERISTIC_NEUTRAL,4481,PASS,897,896
2022-03-31,252,cross_industry_degree_percentile,FULL_CHARACTERISTIC_NEUTRAL,4253,PASS,851,851
2022-03-31,252,cross_industry_degree_ratio,FULL_CHARACTERISTIC_NEUTRAL,3939,PASS,788,788
2022-03-31,252,delta_cross_industry_degree_percentile_1m,FULL_CHARACTERISTIC_NEUTRAL,4196,PASS,840,839
2022-03-31,252,delta_degree_percentile,FULL_CHARACTERISTIC_NEUTRAL,4253,PASS,851,851
2022-03-31,252,delta_residual_degree_percentile_1m,FULL_CHARACTERISTIC_NEUTRAL,4196,PASS,840,839
2022-03-31,252,neighbor_jaccard_1m,FULL_CHARACTERISTIC_NEUTRAL,3967,PASS,794,794
2022-03-31,252,neighbor_retention_1m,FULL_CHARACTERISTIC_NEUTRAL,3891,PASS,779,778
2022-03-31,252,outside_community_degree_percentile,FULL_CHARACTERISTIC_NEUTRAL,4253,PASS,851,851
2022-03-31,252,residual_degree_percentile,FULL_CHARACTERISTIC_NEUTRAL,4253,PASS,851,851
2022-04-29,60,cross_industry_degree_percentile,FULL_CHARACTERISTIC_NEUTRAL,4495,PASS,899,899
2022-04-29,60,cross_industry_degree_ratio,FULL_CHARACTERISTIC_NEUTRAL,4459,PASS,892,892
2022-04-29,60,delta_cross_industry_degree_percentile_1m,FULL_CHARACTERISTIC_NEUTRAL,4482,PASS,897,897
2022-04-29,60,delta_degree_percentile,FULL_CHARACTERISTIC_NEUTRAL,4495,PASS,899,899
2022-04-29,60,delta_residual_degree_percentile_1m,FULL_CHARACTERISTIC_NEUTRAL,4482,PASS,897,897
2022-04-29,60,neighbor_jaccard_1m,FULL_CHARACTERISTIC_NEUTRAL,4479,PASS,896,896
2022-04-29,60,neighbor_retention_1m,FULL_CHARACTERISTIC_NEUTRAL,4426,PASS,886,885
2022-04-29,60,outside_community_degree_percentile,FULL_CHARACTERISTIC_NEUTRAL,4495,PASS,899,899
2022-04-29,60,residual_degree_percentile,FULL_CHARACTERISTIC_NEUTRAL,4495,PASS,899,899
2022-04-29,120,cross_industry_degree_percentile,FULL_CHARACTERISTIC_NEUTRAL,4513,PASS,903,903
2022-04-29,120,cross_industry_degree_ratio,FULL_CHARACTERISTIC_NEUTRAL,4391,PASS,879,878
2022-04-29,120,delta_cross_industry_degree_percentile_1m,FULL_CHARACTERISTIC_NEUTRAL,4494,PASS,899,899
2022-04-29,120,delta_degree_percentile,FULL_CHARACTERISTIC_NEUTRAL,4513,PASS,903,903
2022-04-29,120,delta_residual_degree_percentile_1m,FULL_CHARACTERISTIC_NEUTRAL,4494,PASS,899,899
2022-04-29,120,neighbor_jaccard_1m,FULL_CHARACTERISTIC_NEUTRAL,4438,PASS,888,888
2022-04-29,120,neighbor_retention_1m,FULL_CHARACTERISTIC_NEUTRAL,4349,PASS,870,870
2022-04-29,120,outside_community_degree_percentile,FULL_CHARACTERISTIC_NEUTRAL,4513,PASS,903,903
2022-04-29,120,residual_degree_percentile,FULL_CHARACTERISTIC_NEUTRAL,4513,PASS,903,903
2022-04-29,252,cross_industry_degree_percentile,FULL_CHARACTERISTIC_NEUTRAL,4296,PASS,860,859
2022-04-29,252,cross_industry_degree_ratio,FULL_CHARACTERISTIC_NEUTRAL,3988,PASS,798,798
2022-04-29,252,delta_cross_industry_degree_percentile_1m,FULL_CHARACTERISTIC_NEUTRAL,4250,PASS,850,850
2022-04-29,252,delta_degree_percentile,FULL_CHARACTERISTIC_NEUTRAL,4296,PASS,860,859
2022-04-29,252,delta_residual_degree_percentile_1m,FULL_CHARACTERISTIC_NEUTRAL,4250,PASS,850,850
2022-04-29,252,neighbor_jaccard_1m,FULL_CHARACTERISTIC_NEUTRAL,4026,PASS,806,805
2022-04-29,252,neighbor_retention_1m,FULL_CHARACTERISTIC_NEUTRAL,3937,PASS,788,788
2022-04-29,252,outside_community_degree_percentile,FULL_CHARACTERISTIC_NEUTRAL,4296,PASS,860,859
2022-04-29,252,residual_degree_percentile,FULL_CHARACTERISTIC_NEUTRAL,4296,PASS,860,859
2022-05-31,60,cross_industry_degree_percentile,FULL_CHARACTERISTIC_NEUTRAL,4473,PASS,895,895
2022-05-31,60,cross_industry_degree_ratio,FULL_CHARACTERISTIC_NEUTRAL,4457,PASS,892,892
2022-05-31,60,delta_cross_industry_degree_percentile_1m,FULL_CHARACTERISTIC_NEUTRAL,4468,PASS,894,894
2022-05-31,60,delta_degree_percentile,FULL_CHARACTERISTIC_NEUTRAL,4473,PASS,895,895
2022-05-31,60,delta_residual_degree_percentile_1m,FULL_CHARACTERISTIC_NEUTRAL,4468,PASS,894,894
2022-05-31,60,neighbor_jaccard_1m,FULL_CHARACTERISTIC_NEUTRAL,4467,PASS,894,894
2022-05-31,60,neighbor_retention_1m,FULL_CHARACTERISTIC_NEUTRAL,4432,PASS,887,887
2022-05-31,60,outside_community_degree_percentile,FULL_CHARACTERISTIC_NEUTRAL,4473,PASS,895,895
2022-05-31,60,residual_degree_percentile,FULL_CHARACTERISTIC_NEUTRAL,4473,PASS,895,895
2022-05-31,120,cross_industry_degree_percentile,FULL_CHARACTERISTIC_NEUTRAL,4500,PASS,900,900
2022-05-31,120,cross_industry_degree_ratio,FULL_CHARACTERISTIC_NEUTRAL,4411,PASS,883,882
2022-05-31,120,delta_cross_industry_degree_percentile_1m,FULL_CHARACTERISTIC_NEUTRAL,4491,PASS,899,898
2022-05-31,120,delta_degree_percentile,FULL_CHARACTERISTIC_NEUTRAL,4500,PASS,900,900
2022-05-31,120,delta_residual_degree_percentile_1m,FULL_CHARACTERISTIC_NEUTRAL,4491,PASS,899,898
2022-05-31,120,neighbor_jaccard_1m,FULL_CHARACTERISTIC_NEUTRAL,4447,PASS,890,890
2022-05-31,120,neighbor_retention_1m,FULL_CHARACTERISTIC_NEUTRAL,4364,PASS,873,873
2022-05-31,120,outside_community_degree_percentile,FULL_CHARACTERISTIC_NEUTRAL,4500,PASS,900,900
2022-05-31,120,residual_degree_percentile,FULL_CHARACTERISTIC_NEUTRAL,4500,PASS,900,900
2022-05-31,252,cross_industry_degree_percentile,FULL_CHARACTERISTIC_NEUTRAL,4332,PASS,867,867
2022-05-31,252,cross_industry_degree_ratio,FULL_CHARACTERISTIC_NEUTRAL,4028,PASS,806,806
2022-05-31,252,delta_cross_industry_degree_percentile_1m,FULL_CHARACTERISTIC_NEUTRAL,4290,PASS,858,858
2022-05-31,252,delta_degree_percentile,FULL_CHARACTERISTIC_NEUTRAL,4332,PASS,867,867
2022-05-31,252,delta_residual_degree_percentile_1m,FULL_CHARACTERISTIC_NEUTRAL,4290,PASS,858,858
2022-05-31,252,neighbor_jaccard_1m,FULL_CHARACTERISTIC_NEUTRAL,4059,PASS,812,812
2022-05-31,252,neighbor_retention_1m,FULL_CHARACTERISTIC_NEUTRAL,3982,PASS,797,797
2022-05-31,252,outside_community_degree_percentile,FULL_CHARACTERISTIC_NEUTRAL,4332,PASS,867,867
2022-05-31,252,residual_degree_percentile,FULL_CHARACTERISTIC_NEUTRAL,4332,PASS,867,867
2022-06-30,60,cross_industry_degree_percentile,FULL_CHARACTERISTIC_NEUTRAL,4513,PASS,903,903
2022-06-30,60,cross_industry_degree_ratio,FULL_CHARACTERISTIC_NEUTRAL,4508,PASS,902,902
2022-06-30,60,delta_cross_industry_degree_percentile_1m,FULL_CHARACTERISTIC_NEUTRAL,4508,PASS,902,902
2022-06-30,60,delta_degree_percentile,FULL_CHARACTERISTIC_NEUTRAL,4513,PASS,903,903
2022-06-30,60,delta_residual_degree_percentile_1m,FULL_CHARACTERISTIC_NEUTRAL,4508,PASS,902,902
2022-06-30,60,neighbor_jaccard_1m,FULL_CHARACTERISTIC_NEUTRAL,4508,PASS,902,902
2022-06-30,60,neighbor_retention_1m,FULL_CHARACTERISTIC_NEUTRAL,4491,PASS,899,898
2022-06-30,60,outside_community_degree_percentile,FULL_CHARACTERISTIC_NEUTRAL,4513,PASS,903,903
2022-06-30,60,residual_degree_percentile,FULL_CHARACTERISTIC_NEUTRAL,4513,PASS,903,903
2022-06-30,120,cross_industry_degree_percentile,FULL_CHARACTERISTIC_NEUTRAL,4540,PASS,908,908
2022-06-30,120,cross_industry_degree_ratio,FULL_CHARACTERISTIC_NEUTRAL,4406,PASS,882,881
2022-06-30,120,delta_cross_industry_degree_percentile_1m,FULL_CHARACTERISTIC_NEUTRAL,4517,PASS,904,904
2022-06-30,120,delta_degree_percentile,FULL_CHARACTERISTIC_NEUTRAL,4540,PASS,908,908
2022-06-30,120,delta_residual_degree_percentile_1m,FULL_CHARACTERISTIC_NEUTRAL,4517,PASS,904,904
2022-06-30,120,neighbor_jaccard_1m,FULL_CHARACTERISTIC_NEUTRAL,4465,PASS,893,893
2022-06-30,120,neighbor_retention_1m,FULL_CHARACTERISTIC_NEUTRAL,4428,PASS,886,886
2022-06-30,120,outside_community_degree_percentile,FULL_CHARACTERISTIC_NEUTRAL,4540,PASS,908,908
2022-06-30,120,residual_degree_percentile,FULL_CHARACTERISTIC_NEUTRAL,4540,PASS,908,908
2022-06-30,252,cross_industry_degree_percentile,FULL_CHARACTERISTIC_NEUTRAL,4338,PASS,868,868
2022-06-30,252,cross_industry_degree_ratio,FULL_CHARACTERISTIC_NEUTRAL,3994,PASS,799,799
2022-06-30,252,delta_cross_industry_degree_percentile_1m,FULL_CHARACTERISTIC_NEUTRAL,4293,PASS,859,859
2022-06-30,252,delta_degree_percentile,FULL_CHARACTERISTIC_NEUTRAL,4338,PASS,868,868
2022-06-30,252,delta_residual_degree_percentile_1m,FULL_CHARACTERISTIC_NEUTRAL,4293,PASS,859,859
2022-06-30,252,neighbor_jaccard_1m,FULL_CHARACTERISTIC_NEUTRAL,4049,PASS,810,810
2022-06-30,252,neighbor_retention_1m,FULL_CHARACTERISTIC_NEUTRAL,3989,PASS,798,798
2022-06-30,252,outside_community_degree_percentile,FULL_CHARACTERISTIC_NEUTRAL,4338,PASS,868,868
2022-06-30,252,residual_degree_percentile,FULL_CHARACTERISTIC_NEUTRAL,4338,PASS,868,868
2022-07-29,60,cross_industry_degree_percentile,FULL_CHARACTERISTIC_NEUTRAL,4553,PASS,911,911
2022-07-29,60,cross_industry_degree_ratio,FULL_CHARACTERISTIC_NEUTRAL,4531,PASS,907,906
2022-07-29,60,delta_cross_industry_degree_percentile_1m,FULL_CHARACTERISTIC_NEUTRAL,4537,PASS,908,908
2022-07-29,60,delta_degree_percentile,FULL_CHARACTERISTIC_NEUTRAL,4553,PASS,911,911
2022-07-29,60,delta_residual_degree_percentile_1m,FULL_CHARACTERISTIC_NEUTRAL,4537,PASS,908,908
2022-07-29,60,neighbor_jaccard_1m,FULL_CHARACTERISTIC_NEUTRAL,4536,PASS,908,907
2022-07-29,60,neighbor_retention_1m,FULL_CHARACTERISTIC_NEUTRAL,4532,PASS,907,907
2022-07-29,60,outside_community_degree_percentile,FULL_CHARACTERISTIC_NEUTRAL,4553,PASS,911,911
2022-07-29,60,residual_degree_percentile,FULL_CHARACTERISTIC_NEUTRAL,4553,PASS,911,911
2022-07-29,120,cross_industry_degree_percentile,FULL_CHARACTERISTIC_NEUTRAL,4572,PASS,915,915
2022-07-29,120,cross_industry_degree_ratio,FULL_CHARACTERISTIC_NEUTRAL,4478,PASS,896,896
2022-07-29,120,delta_cross_industry_degree_percentile_1m,FULL_CHARACTERISTIC_NEUTRAL,4555,PASS,911,911
2022-07-29,120,delta_degree_percentile,FULL_CHARACTERISTIC_NEUTRAL,4572,PASS,915,915
2022-07-29,120,delta_residual_degree_percentile_1m,FULL_CHARACTERISTIC_NEUTRAL,4555,PASS,911,911
2022-07-29,120,neighbor_jaccard_1m,FULL_CHARACTERISTIC_NEUTRAL,4507,PASS,902,902
2022-07-29,120,neighbor_retention_1m,FULL_CHARACTERISTIC_NEUTRAL,4421,PASS,885,884
2022-07-29,120,outside_community_degree_percentile,FULL_CHARACTERISTIC_NEUTRAL,4572,PASS,915,915
2022-07-29,120,residual_degree_percentile,FULL_CHARACTERISTIC_NEUTRAL,4572,PASS,915,915
2022-07-29,252,cross_industry_degree_percentile,FULL_CHARACTERISTIC_NEUTRAL,4389,PASS,878,878
2022-07-29,252,cross_industry_degree_ratio,FULL_CHARACTERISTIC_NEUTRAL,4052,PASS,811,811
2022-07-29,252,delta_cross_industry_degree_percentile_1m,FULL_CHARACTERISTIC_NEUTRAL,4337,PASS,868,868
2022-07-29,252,delta_degree_percentile,FULL_CHARACTERISTIC_NEUTRAL,4389,PASS,878,878
2022-07-29,252,delta_residual_degree_percentile_1m,FULL_CHARACTERISTIC_NEUTRAL,4337,PASS,868,868
2022-07-29,252,neighbor_jaccard_1m,FULL_CHARACTERISTIC_NEUTRAL,4067,PASS,814,814
2022-07-29,252,neighbor_retention_1m,FULL_CHARACTERISTIC_NEUTRAL,3993,PASS,799,799
2022-07-29,252,outside_community_degree_percentile,FULL_CHARACTERISTIC_NEUTRAL,4389,PASS,878,878
2022-07-29,252,residual_degree_percentile,FULL_CHARACTERISTIC_NEUTRAL,4389,PASS,878,878
2022-08-31,60,cross_industry_degree_percentile,FULL_CHARACTERISTIC_NEUTRAL,4581,PASS,917,916
2022-08-31,60,cross_industry_degree_ratio,FULL_CHARACTERISTIC_NEUTRAL,4493,PASS,899,899
2022-08-31,60,delta_cross_industry_degree_percentile_1m,FULL_CHARACTERISTIC_NEUTRAL,4567,PASS,914,914
2022-08-31,60,delta_degree_percentile,FULL_CHARACTERISTIC_NEUTRAL,4581,PASS,917,916
2022-08-31,60,delta_residual_degree_percentile_1m,FULL_CHARACTERISTIC_NEUTRAL,4567,PASS,914,914
2022-08-31,60,neighbor_jaccard_1m,FULL_CHARACTERISTIC_NEUTRAL,4558,PASS,912,912
2022-08-31,60,neighbor_retention_1m,FULL_CHARACTERISTIC_NEUTRAL,4545,PASS,909,909
2022-08-31,60,outside_community_degree_percentile,FULL_CHARACTERISTIC_NEUTRAL,4581,PASS,917,916
2022-08-31,60,residual_degree_percentile,FULL_CHARACTERISTIC_NEUTRAL,4581,PASS,917,916
2022-08-31,120,cross_industry_degree_percentile,FULL_CHARACTERISTIC_NEUTRAL,4592,PASS,919,919
2022-08-31,120,cross_industry_degree_ratio,FULL_CHARACTERISTIC_NEUTRAL,4507,PASS,902,902
2022-08-31,120,delta_cross_industry_degree_percentile_1m,FULL_CHARACTERISTIC_NEUTRAL,4583,PASS,917,917
2022-08-31,120,delta_degree_percentile,FULL_CHARACTERISTIC_NEUTRAL,4592,PASS,919,919
2022-08-31,120,delta_residual_degree_percentile_1m,FULL_CHARACTERISTIC_NEUTRAL,4583,PASS,917,917
2022-08-31,120,neighbor_jaccard_1m,FULL_CHARACTERISTIC_NEUTRAL,4547,PASS,910,910
2022-08-31,120,neighbor_retention_1m,FULL_CHARACTERISTIC_NEUTRAL,4489,PASS,898,898
2022-08-31,120,outside_community_degree_percentile,FULL_CHARACTERISTIC_NEUTRAL,4592,PASS,919,919
2022-08-31,120,residual_degree_percentile,FULL_CHARACTERISTIC_NEUTRAL,4592,PASS,919,919
2022-08-31,252,cross_industry_degree_percentile,FULL_CHARACTERISTIC_NEUTRAL,4429,PASS,886,886
2022-08-31,252,cross_industry_degree_ratio,FULL_CHARACTERISTIC_NEUTRAL,4065,PASS,813,813
2022-08-31,252,delta_cross_industry_degree_percentile_1m,FULL_CHARACTERISTIC_NEUTRAL,4389,PASS,878,878
2022-08-31,252,delta_degree_percentile,FULL_CHARACTERISTIC_NEUTRAL,4429,PASS,886,886
2022-08-31,252,delta_residual_degree_percentile_1m,FULL_CHARACTERISTIC_NEUTRAL,4389,PASS,878,878
2022-08-31,252,neighbor_jaccard_1m,FULL_CHARACTERISTIC_NEUTRAL,4137,PASS,828,828
2022-08-31,252,neighbor_retention_1m,FULL_CHARACTERISTIC_NEUTRAL,4052,PASS,811,811
2022-08-31,252,outside_community_degree_percentile,FULL_CHARACTERISTIC_NEUTRAL,4429,PASS,886,886
2022-08-31,252,residual_degree_percentile,FULL_CHARACTERISTIC_NEUTRAL,4429,PASS,886,886
2022-09-30,60,cross_industry_degree_percentile,FULL_CHARACTERISTIC_NEUTRAL,4624,PASS,925,925
2022-09-30,60,cross_industry_degree_ratio,FULL_CHARACTERISTIC_NEUTRAL,4411,PASS,883,882
2022-09-30,60,delta_cross_industry_degree_percentile_1m,FULL_CHARACTERISTIC_NEUTRAL,4612,PASS,923,923
2022-09-30,60,delta_degree_percentile,FULL_CHARACTERISTIC_NEUTRAL,4624,PASS,925,925
2022-09-30,60,delta_residual_degree_percentile_1m,FULL_CHARACTERISTIC_NEUTRAL,4612,PASS,923,923
2022-09-30,60,neighbor_jaccard_1m,FULL_CHARACTERISTIC_NEUTRAL,4577,PASS,916,916
2022-09-30,60,neighbor_retention_1m,FULL_CHARACTERISTIC_NEUTRAL,4523,PASS,905,905
2022-09-30,60,outside_community_degree_percentile,FULL_CHARACTERISTIC_NEUTRAL,4624,PASS,925,925
2022-09-30,60,residual_degree_percentile,FULL_CHARACTERISTIC_NEUTRAL,4624,PASS,925,925
2022-09-30,120,cross_industry_degree_percentile,FULL_CHARACTERISTIC_NEUTRAL,4628,PASS,926,926
2022-09-30,120,cross_industry_degree_ratio,FULL_CHARACTERISTIC_NEUTRAL,4506,PASS,902,901
2022-09-30,120,delta_cross_industry_degree_percentile_1m,FULL_CHARACTERISTIC_NEUTRAL,4614,PASS,923,923
2022-09-30,120,delta_degree_percentile,FULL_CHARACTERISTIC_NEUTRAL,4628,PASS,926,926
2022-09-30,120,delta_residual_degree_percentile_1m,FULL_CHARACTERISTIC_NEUTRAL,4614,PASS,923,923
2022-09-30,120,neighbor_jaccard_1m,FULL_CHARACTERISTIC_NEUTRAL,4564,PASS,913,913
2022-09-30,120,neighbor_retention_1m,FULL_CHARACTERISTIC_NEUTRAL,4529,PASS,906,906
2022-09-30,120,outside_community_degree_percentile,FULL_CHARACTERISTIC_NEUTRAL,4628,PASS,926,926
2022-09-30,120,residual_degree_percentile,FULL_CHARACTERISTIC_NEUTRAL,4628,PASS,926,926
2022-09-30,252,cross_industry_degree_percentile,FULL_CHARACTERISTIC_NEUTRAL,4470,PASS,894,894
2022-09-30,252,cross_industry_degree_ratio,FULL_CHARACTERISTIC_NEUTRAL,4069,PASS,814,814
2022-09-30,252,delta_cross_industry_degree_percentile_1m,FULL_CHARACTERISTIC_NEUTRAL,4429,PASS,886,886
2022-09-30,252,delta_degree_percentile,FULL_CHARACTERISTIC_NEUTRAL,4470,PASS,894,894
2022-09-30,252,delta_residual_degree_percentile_1m,FULL_CHARACTERISTIC_NEUTRAL,4429,PASS,886,886
2022-09-30,252,neighbor_jaccard_1m,FULL_CHARACTERISTIC_NEUTRAL,4132,PASS,827,827
2022-09-30,252,neighbor_retention_1m,FULL_CHARACTERISTIC_NEUTRAL,4065,PASS,813,813
2022-09-30,252,outside_community_degree_percentile,FULL_CHARACTERISTIC_NEUTRAL,4470,PASS,894,894
2022-09-30,252,residual_degree_percentile,FULL_CHARACTERISTIC_NEUTRAL,4470,PASS,894,894
2022-10-31,60,cross_industry_degree_percentile,FULL_CHARACTERISTIC_NEUTRAL,4656,PASS,932,931
2022-10-31,60,cross_industry_degree_ratio,FULL_CHARACTERISTIC_NEUTRAL,4504,PASS,901,901
2022-10-31,60,delta_cross_industry_degree_percentile_1m,FULL_CHARACTERISTIC_NEUTRAL,4649,PASS,930,930
2022-10-31,60,delta_degree_percentile,FULL_CHARACTERISTIC_NEUTRAL,4656,PASS,932,931
2022-10-31,60,delta_residual_degree_percentile_1m,FULL_CHARACTERISTIC_NEUTRAL,4649,PASS,930,930
2022-10-31,60,neighbor_jaccard_1m,FULL_CHARACTERISTIC_NEUTRAL,4587,PASS,918,918
2022-10-31,60,neighbor_retention_1m,FULL_CHARACTERISTIC_NEUTRAL,4437,PASS,888,888
2022-10-31,60,outside_community_degree_percentile,FULL_CHARACTERISTIC_NEUTRAL,4656,PASS,932,931
2022-10-31,60,residual_degree_percentile,FULL_CHARACTERISTIC_NEUTRAL,4656,PASS,932,931
2022-10-31,120,cross_industry_degree_percentile,FULL_CHARACTERISTIC_NEUTRAL,4659,PASS,932,932
2022-10-31,120,cross_industry_degree_ratio,FULL_CHARACTERISTIC_NEUTRAL,4425,PASS,885,885
2022-10-31,120,delta_cross_industry_degree_percentile_1m,FULL_CHARACTERISTIC_NEUTRAL,4652,PASS,931,931
2022-10-31,120,delta_degree_percentile,FULL_CHARACTERISTIC_NEUTRAL,4659,PASS,932,932
2022-10-31,120,delta_residual_degree_percentile_1m,FULL_CHARACTERISTIC_NEUTRAL,4652,PASS,931,931
2022-10-31,120,neighbor_jaccard_1m,FULL_CHARACTERISTIC_NEUTRAL,4572,PASS,915,915
2022-10-31,120,neighbor_retention_1m,FULL_CHARACTERISTIC_NEUTRAL,4530,PASS,906,906
2022-10-31,120,outside_community_degree_percentile,FULL_CHARACTERISTIC_NEUTRAL,4659,PASS,932,932
2022-10-31,120,residual_degree_percentile,FULL_CHARACTERISTIC_NEUTRAL,4659,PASS,932,932
2022-10-31,252,cross_industry_degree_percentile,FULL_CHARACTERISTIC_NEUTRAL,4497,PASS,900,900
2022-10-31,252,cross_industry_degree_ratio,FULL_CHARACTERISTIC_NEUTRAL,4085,PASS,817,817
2022-10-31,252,delta_cross_industry_degree_percentile_1m,FULL_CHARACTERISTIC_NEUTRAL,4469,PASS,894,894
2022-10-31,252,delta_degree_percentile,FULL_CHARACTERISTIC_NEUTRAL,4497,PASS,900,900
2022-10-31,252,delta_residual_degree_percentile_1m,FULL_CHARACTERISTIC_NEUTRAL,4469,PASS,894,894
2022-10-31,252,neighbor_jaccard_1m,FULL_CHARACTERISTIC_NEUTRAL,4148,PASS,830,830
2022-10-31,252,neighbor_retention_1m,FULL_CHARACTERISTIC_NEUTRAL,4069,PASS,814,814
2022-10-31,252,outside_community_degree_percentile,FULL_CHARACTERISTIC_NEUTRAL,4497,PASS,900,900
2022-10-31,252,residual_degree_percentile,FULL_CHARACTERISTIC_NEUTRAL,4497,PASS,900,900
2022-11-30,60,cross_industry_degree_percentile,FULL_CHARACTERISTIC_NEUTRAL,4676,PASS,936,935
2022-11-30,60,cross_industry_degree_ratio,FULL_CHARACTERISTIC_NEUTRAL,4522,PASS,905,905
2022-11-30,60,delta_cross_industry_degree_percentile_1m,FULL_CHARACTERISTIC_NEUTRAL,4668,PASS,934,934
2022-11-30,60,delta_degree_percentile,FULL_CHARACTERISTIC_NEUTRAL,4676,PASS,936,935
2022-11-30,60,delta_residual_degree_percentile_1m,FULL_CHARACTERISTIC_NEUTRAL,4668,PASS,934,934
2022-11-30,60,neighbor_jaccard_1m,FULL_CHARACTERISTIC_NEUTRAL,4624,PASS,925,925
2022-11-30,60,neighbor_retention_1m,FULL_CHARACTERISTIC_NEUTRAL,4515,PASS,903,903
2022-11-30,60,outside_community_degree_percentile,FULL_CHARACTERISTIC_NEUTRAL,4676,PASS,936,935
2022-11-30,60,residual_degree_percentile,FULL_CHARACTERISTIC_NEUTRAL,4676,PASS,936,935
2022-11-30,120,cross_industry_degree_percentile,FULL_CHARACTERISTIC_NEUTRAL,4679,PASS,936,936
2022-11-30,120,cross_industry_degree_ratio,FULL_CHARACTERISTIC_NEUTRAL,4292,PASS,859,859
2022-11-30,120,delta_cross_industry_degree_percentile_1m,FULL_CHARACTERISTIC_NEUTRAL,4665,PASS,933,933
2022-11-30,120,delta_degree_percentile,FULL_CHARACTERISTIC_NEUTRAL,4679,PASS,936,936
2022-11-30,120,delta_residual_degree_percentile_1m,FULL_CHARACTERISTIC_NEUTRAL,4665,PASS,933,933
2022-11-30,120,neighbor_jaccard_1m,FULL_CHARACTERISTIC_NEUTRAL,4501,PASS,901,900
2022-11-30,120,neighbor_retention_1m,FULL_CHARACTERISTIC_NEUTRAL,4431,PASS,887,886
2022-11-30,120,outside_community_degree_percentile,FULL_CHARACTERISTIC_NEUTRAL,4679,PASS,936,936
2022-11-30,120,residual_degree_percentile,FULL_CHARACTERISTIC_NEUTRAL,4679,PASS,936,936
2022-11-30,252,cross_industry_degree_percentile,FULL_CHARACTERISTIC_NEUTRAL,4532,PASS,907,907
2022-11-30,252,cross_industry_degree_ratio,FULL_CHARACTERISTIC_NEUTRAL,4066,PASS,814,813
2022-11-30,252,delta_cross_industry_degree_percentile_1m,FULL_CHARACTERISTIC_NEUTRAL,4497,PASS,900,900
2022-11-30,252,delta_degree_percentile,FULL_CHARACTERISTIC_NEUTRAL,4532,PASS,907,907
2022-11-30,252,delta_residual_degree_percentile_1m,FULL_CHARACTERISTIC_NEUTRAL,4497,PASS,900,900
2022-11-30,252,neighbor_jaccard_1m,FULL_CHARACTERISTIC_NEUTRAL,4154,PASS,831,831
2022-11-30,252,neighbor_retention_1m,FULL_CHARACTERISTIC_NEUTRAL,4085,PASS,817,817
2022-11-30,252,outside_community_degree_percentile,FULL_CHARACTERISTIC_NEUTRAL,4532,PASS,907,907
2022-11-30,252,residual_degree_percentile,FULL_CHARACTERISTIC_NEUTRAL,4532,PASS,907,907
2022-12-30,60,cross_industry_degree_percentile,FULL_CHARACTERISTIC_NEUTRAL,4696,PASS,940,939
2022-12-30,60,cross_industry_degree_ratio,FULL_CHARACTERISTIC_NEUTRAL,4539,PASS,908,908
2022-12-30,60,delta_cross_industry_degree_percentile_1m,FULL_CHARACTERISTIC_NEUTRAL,4694,PASS,939,939
2022-12-30,60,delta_degree_percentile,FULL_CHARACTERISTIC_NEUTRAL,4696,PASS,940,939
2022-12-30,60,delta_residual_degree_percentile_1m,FULL_CHARACTERISTIC_NEUTRAL,4694,PASS,939,939
2022-12-30,60,neighbor_jaccard_1m,FULL_CHARACTERISTIC_NEUTRAL,4642,PASS,929,929
2022-12-30,60,neighbor_retention_1m,FULL_CHARACTERISTIC_NEUTRAL,4540,PASS,908,908
2022-12-30,60,outside_community_degree_percentile,FULL_CHARACTERISTIC_NEUTRAL,4696,PASS,940,939
2022-12-30,60,residual_degree_percentile,FULL_CHARACTERISTIC_NEUTRAL,4696,PASS,940,939
2022-12-30,120,cross_industry_degree_percentile,FULL_CHARACTERISTIC_NEUTRAL,4715,PASS,943,943
2022-12-30,120,cross_industry_degree_ratio,FULL_CHARACTERISTIC_NEUTRAL,4228,PASS,846,846
2022-12-30,120,delta_cross_industry_degree_percentile_1m,FULL_CHARACTERISTIC_NEUTRAL,4692,PASS,939,939
2022-12-30,120,delta_degree_percentile,FULL_CHARACTERISTIC_NEUTRAL,4715,PASS,943,943
2022-12-30,120,delta_residual_degree_percentile_1m,FULL_CHARACTERISTIC_NEUTRAL,4692,PASS,939,939
2022-12-30,120,neighbor_jaccard_1m,FULL_CHARACTERISTIC_NEUTRAL,4411,PASS,883,882
2022-12-30,120,neighbor_retention_1m,FULL_CHARACTERISTIC_NEUTRAL,4305,PASS,861,861
2022-12-30,120,outside_community_degree_percentile,FULL_CHARACTERISTIC_NEUTRAL,4715,PASS,943,943
2022-12-30,120,residual_degree_percentile,FULL_CHARACTERISTIC_NEUTRAL,4715,PASS,943,943
2022-12-30,252,cross_industry_degree_percentile,FULL_CHARACTERISTIC_NEUTRAL,4568,PASS,914,914
2022-12-30,252,cross_industry_degree_ratio,FULL_CHARACTERISTIC_NEUTRAL,4046,PASS,810,809
2022-12-30,252,delta_cross_industry_degree_percentile_1m,FULL_CHARACTERISTIC_NEUTRAL,4532,PASS,907,907
2022-12-30,252,delta_degree_percentile,FULL_CHARACTERISTIC_NEUTRAL,4568,PASS,914,914
2022-12-30,252,delta_residual_degree_percentile_1m,FULL_CHARACTERISTIC_NEUTRAL,4532,PASS,907,907
2022-12-30,252,neighbor_jaccard_1m,FULL_CHARACTERISTIC_NEUTRAL,4140,PASS,828,828
2022-12-30,252,neighbor_retention_1m,FULL_CHARACTERISTIC_NEUTRAL,4066,PASS,814,813
2022-12-30,252,outside_community_degree_percentile,FULL_CHARACTERISTIC_NEUTRAL,4568,PASS,914,914
2022-12-30,252,residual_degree_percentile,FULL_CHARACTERISTIC_NEUTRAL,4568,PASS,914,914
2023-01-31,60,cross_industry_degree_percentile,FULL_CHARACTERISTIC_NEUTRAL,4719,PASS,944,944
2023-01-31,60,cross_industry_degree_ratio,FULL_CHARACTERISTIC_NEUTRAL,4558,PASS,912,912
2023-01-31,60,delta_cross_industry_degree_percentile_1m,FULL_CHARACTERISTIC_NEUTRAL,4711,PASS,943,942
2023-01-31,60,delta_degree_percentile,FULL_CHARACTERISTIC_NEUTRAL,4719,PASS,944,944
2023-01-31,60,delta_residual_degree_percentile_1m,FULL_CHARACTERISTIC_NEUTRAL,4711,PASS,943,942
2023-01-31,60,neighbor_jaccard_1m,FULL_CHARACTERISTIC_NEUTRAL,4653,PASS,931,931
2023-01-31,60,neighbor_retention_1m,FULL_CHARACTERISTIC_NEUTRAL,4553,PASS,911,911
2023-01-31,60,outside_community_degree_percentile,FULL_CHARACTERISTIC_NEUTRAL,4719,PASS,944,944
2023-01-31,60,residual_degree_percentile,FULL_CHARACTERISTIC_NEUTRAL,4719,PASS,944,944
2023-01-31,120,cross_industry_degree_percentile,FULL_CHARACTERISTIC_NEUTRAL,4732,PASS,947,947
2023-01-31,120,cross_industry_degree_ratio,FULL_CHARACTERISTIC_NEUTRAL,4269,PASS,854,854
2023-01-31,120,delta_cross_industry_degree_percentile_1m,FULL_CHARACTERISTIC_NEUTRAL,4726,PASS,946,945
2023-01-31,120,delta_degree_percentile,FULL_CHARACTERISTIC_NEUTRAL,4732,PASS,947,947
2023-01-31,120,delta_residual_degree_percentile_1m,FULL_CHARACTERISTIC_NEUTRAL,4726,PASS,946,945
2023-01-31,120,neighbor_jaccard_1m,FULL_CHARACTERISTIC_NEUTRAL,4393,PASS,879,879
2023-01-31,120,neighbor_retention_1m,FULL_CHARACTERISTIC_NEUTRAL,4236,PASS,848,847
2023-01-31,120,outside_community_degree_percentile,FULL_CHARACTERISTIC_NEUTRAL,4732,PASS,947,947
2023-01-31,120,residual_degree_percentile,FULL_CHARACTERISTIC_NEUTRAL,4732,PASS,947,947
2023-01-31,252,cross_industry_degree_percentile,FULL_CHARACTERISTIC_NEUTRAL,4590,PASS,918,918
2023-01-31,252,cross_industry_degree_ratio,FULL_CHARACTERISTIC_NEUTRAL,4059,PASS,812,812
2023-01-31,252,delta_cross_industry_degree_percentile_1m,FULL_CHARACTERISTIC_NEUTRAL,4568,PASS,914,914
2023-01-31,252,delta_degree_percentile,FULL_CHARACTERISTIC_NEUTRAL,4590,PASS,918,918
2023-01-31,252,delta_residual_degree_percentile_1m,FULL_CHARACTERISTIC_NEUTRAL,4568,PASS,914,914
2023-01-31,252,neighbor_jaccard_1m,FULL_CHARACTERISTIC_NEUTRAL,4128,PASS,826,826
2023-01-31,252,neighbor_retention_1m,FULL_CHARACTERISTIC_NEUTRAL,4046,PASS,810,809
2023-01-31,252,outside_community_degree_percentile,FULL_CHARACTERISTIC_NEUTRAL,4590,PASS,918,918
2023-01-31,252,residual_degree_percentile,FULL_CHARACTERISTIC_NEUTRAL,4590,PASS,918,918
2023-02-28,60,cross_industry_degree_percentile,FULL_CHARACTERISTIC_NEUTRAL,4753,PASS,951,951
2023-02-28,60,cross_industry_degree_ratio,FULL_CHARACTERISTIC_NEUTRAL,4681,PASS,937,936
2023-02-28,60,delta_cross_industry_degree_percentile_1m,FULL_CHARACTERISTIC_NEUTRAL,4746,PASS,950,949
2023-02-28,60,delta_degree_percentile,FULL_CHARACTERISTIC_NEUTRAL,4753,PASS,951,951
2023-02-28,60,delta_residual_degree_percentile_1m,FULL_CHARACTERISTIC_NEUTRAL,4746,PASS,950,949
2023-02-28,60,neighbor_jaccard_1m,FULL_CHARACTERISTIC_NEUTRAL,4718,PASS,944,944
2023-02-28,60,neighbor_retention_1m,FULL_CHARACTERISTIC_NEUTRAL,4587,PASS,918,918
2023-02-28,60,outside_community_degree_percentile,FULL_CHARACTERISTIC_NEUTRAL,4753,PASS,951,951
2023-02-28,60,residual_degree_percentile,FULL_CHARACTERISTIC_NEUTRAL,4753,PASS,951,951
2023-02-28,120,cross_industry_degree_percentile,FULL_CHARACTERISTIC_NEUTRAL,4772,PASS,955,955
2023-02-28,120,cross_industry_degree_ratio,FULL_CHARACTERISTIC_NEUTRAL,4385,PASS,877,877
2023-02-28,120,delta_cross_industry_degree_percentile_1m,FULL_CHARACTERISTIC_NEUTRAL,4750,PASS,950,950
2023-02-28,120,delta_degree_percentile,FULL_CHARACTERISTIC_NEUTRAL,4772,PASS,955,955
2023-02-28,120,delta_residual_degree_percentile_1m,FULL_CHARACTERISTIC_NEUTRAL,4750,PASS,950,950
2023-02-28,120,neighbor_jaccard_1m,FULL_CHARACTERISTIC_NEUTRAL,4486,PASS,898,897
2023-02-28,120,neighbor_retention_1m,FULL_CHARACTERISTIC_NEUTRAL,4287,PASS,858,858
2023-02-28,120,outside_community_degree_percentile,FULL_CHARACTERISTIC_NEUTRAL,4772,PASS,955,955
2023-02-28,120,residual_degree_percentile,FULL_CHARACTERISTIC_NEUTRAL,4772,PASS,955,955
2023-02-28,252,cross_industry_degree_percentile,FULL_CHARACTERISTIC_NEUTRAL,4613,PASS,923,923
2023-02-28,252,cross_industry_degree_ratio,FULL_CHARACTERISTIC_NEUTRAL,4138,PASS,828,828
2023-02-28,252,delta_cross_industry_degree_percentile_1m,FULL_CHARACTERISTIC_NEUTRAL,4587,PASS,918,918
2023-02-28,252,delta_degree_percentile,FULL_CHARACTERISTIC_NEUTRAL,4613,PASS,923,923
2023-02-28,252,delta_residual_degree_percentile_1m,FULL_CHARACTERISTIC_NEUTRAL,4587,PASS,918,918
2023-02-28,252,neighbor_jaccard_1m,FULL_CHARACTERISTIC_NEUTRAL,4185,PASS,837,837
2023-02-28,252,neighbor_retention_1m,FULL_CHARACTERISTIC_NEUTRAL,4057,PASS,812,812
2023-02-28,252,outside_community_degree_percentile,FULL_CHARACTERISTIC_NEUTRAL,4613,PASS,923,923
2023-02-28,252,residual_degree_percentile,FULL_CHARACTERISTIC_NEUTRAL,4613,PASS,923,923
2023-03-31,60,cross_industry_degree_percentile,FULL_CHARACTERISTIC_NEUTRAL,4804,PASS,961,961
2023-03-31,60,cross_industry_degree_ratio,FULL_CHARACTERISTIC_NEUTRAL,4790,PASS,958,958
2023-03-31,60,delta_cross_industry_degree_percentile_1m,FULL_CHARACTERISTIC_NEUTRAL,4796,PASS,960,959
2023-03-31,60,delta_degree_percentile,FULL_CHARACTERISTIC_NEUTRAL,4804,PASS,961,961
2023-03-31,60,delta_residual_degree_percentile_1m,FULL_CHARACTERISTIC_NEUTRAL,4796,PASS,960,959
2023-03-31,60,neighbor_jaccard_1m,FULL_CHARACTERISTIC_NEUTRAL,4791,PASS,959,958
2023-03-31,60,neighbor_retention_1m,FULL_CHARACTERISTIC_NEUTRAL,4725,PASS,945,945
2023-03-31,60,outside_community_degree_percentile,FULL_CHARACTERISTIC_NEUTRAL,4804,PASS,961,961
2023-03-31,60,residual_degree_percentile,FULL_CHARACTERISTIC_NEUTRAL,4804,PASS,961,961
2023-03-31,120,cross_industry_degree_percentile,FULL_CHARACTERISTIC_NEUTRAL,4817,PASS,964,964
2023-03-31,120,cross_industry_degree_ratio,FULL_CHARACTERISTIC_NEUTRAL,4546,PASS,910,909
2023-03-31,120,delta_cross_industry_degree_percentile_1m,FULL_CHARACTERISTIC_NEUTRAL,4792,PASS,959,959
2023-03-31,120,delta_degree_percentile,FULL_CHARACTERISTIC_NEUTRAL,4817,PASS,964,964
2023-03-31,120,delta_residual_degree_percentile_1m,FULL_CHARACTERISTIC_NEUTRAL,4792,PASS,959,959
2023-03-31,120,neighbor_jaccard_1m,FULL_CHARACTERISTIC_NEUTRAL,4600,PASS,920,920
2023-03-31,120,neighbor_retention_1m,FULL_CHARACTERISTIC_NEUTRAL,4401,PASS,881,880
2023-03-31,120,outside_community_degree_percentile,FULL_CHARACTERISTIC_NEUTRAL,4817,PASS,964,964
2023-03-31,120,residual_degree_percentile,FULL_CHARACTERISTIC_NEUTRAL,4817,PASS,964,964
2023-03-31,252,cross_industry_degree_percentile,FULL_CHARACTERISTIC_NEUTRAL,4648,PASS,930,930
2023-03-31,252,cross_industry_degree_ratio,FULL_CHARACTERISTIC_NEUTRAL,4183,PASS,837,837
2023-03-31,252,delta_cross_industry_degree_percentile_1m,FULL_CHARACTERISTIC_NEUTRAL,4609,PASS,922,922
2023-03-31,252,delta_degree_percentile,FULL_CHARACTERISTIC_NEUTRAL,4648,PASS,930,930
2023-03-31,252,delta_residual_degree_percentile_1m,FULL_CHARACTERISTIC_NEUTRAL,4609,PASS,922,922
2023-03-31,252,neighbor_jaccard_1m,FULL_CHARACTERISTIC_NEUTRAL,4223,PASS,845,845
2023-03-31,252,neighbor_retention_1m,FULL_CHARACTERISTIC_NEUTRAL,4135,PASS,827,827
2023-03-31,252,outside_community_degree_percentile,FULL_CHARACTERISTIC_NEUTRAL,4648,PASS,930,930
2023-03-31,252,residual_degree_percentile,FULL_CHARACTERISTIC_NEUTRAL,4648,PASS,930,930
2023-04-28,60,cross_industry_degree_percentile,FULL_CHARACTERISTIC_NEUTRAL,4835,PASS,967,967
2023-04-28,60,cross_industry_degree_ratio,FULL_CHARACTERISTIC_NEUTRAL,4805,PASS,961,961
2023-04-28,60,delta_cross_industry_degree_percentile_1m,FULL_CHARACTERISTIC_NEUTRAL,4828,PASS,966,966
2023-04-28,60,delta_degree_percentile,FULL_CHARACTERISTIC_NEUTRAL,4835,PASS,967,967
2023-04-28,60,delta_residual_degree_percentile_1m,FULL_CHARACTERISTIC_NEUTRAL,4828,PASS,966,966
2023-04-28,60,neighbor_jaccard_1m,FULL_CHARACTERISTIC_NEUTRAL,4826,PASS,966,965
2023-04-28,60,neighbor_retention_1m,FULL_CHARACTERISTIC_NEUTRAL,4814,PASS,963,963
2023-04-28,60,outside_community_degree_percentile,FULL_CHARACTERISTIC_NEUTRAL,4835,PASS,967,967
2023-04-28,60,residual_degree_percentile,FULL_CHARACTERISTIC_NEUTRAL,4835,PASS,967,967
2023-04-28,120,cross_industry_degree_percentile,FULL_CHARACTERISTIC_NEUTRAL,4847,PASS,970,970
2023-04-28,120,cross_industry_degree_ratio,FULL_CHARACTERISTIC_NEUTRAL,4575,PASS,915,915
2023-04-28,120,delta_cross_industry_degree_percentile_1m,FULL_CHARACTERISTIC_NEUTRAL,4832,PASS,967,967
2023-04-28,120,delta_degree_percentile,FULL_CHARACTERISTIC_NEUTRAL,4847,PASS,970,970
2023-04-28,120,delta_residual_degree_percentile_1m,FULL_CHARACTERISTIC_NEUTRAL,4832,PASS,967,967
2023-04-28,120,neighbor_jaccard_1m,FULL_CHARACTERISTIC_NEUTRAL,4690,PASS,938,938
2023-04-28,120,neighbor_retention_1m,FULL_CHARACTERISTIC_NEUTRAL,4561,PASS,913,912
2023-04-28,120,outside_community_degree_percentile,FULL_CHARACTERISTIC_NEUTRAL,4847,PASS,970,970
2023-04-28,120,residual_degree_percentile,FULL_CHARACTERISTIC_NEUTRAL,4847,PASS,970,970
2023-04-28,252,cross_industry_degree_percentile,FULL_CHARACTERISTIC_NEUTRAL,4669,PASS,934,934
2023-04-28,252,cross_industry_degree_ratio,FULL_CHARACTERISTIC_NEUTRAL,4157,PASS,832,832
2023-04-28,252,delta_cross_industry_degree_percentile_1m,FULL_CHARACTERISTIC_NEUTRAL,4648,PASS,930,930
2023-04-28,252,delta_degree_percentile,FULL_CHARACTERISTIC_NEUTRAL,4669,PASS,934,934
2023-04-28,252,delta_residual_degree_percentile_1m,FULL_CHARACTERISTIC_NEUTRAL,4648,PASS,930,930
2023-04-28,252,neighbor_jaccard_1m,FULL_CHARACTERISTIC_NEUTRAL,4260,PASS,852,852
2023-04-28,252,neighbor_retention_1m,FULL_CHARACTERISTIC_NEUTRAL,4183,PASS,837,837
2023-04-28,252,outside_community_degree_percentile,FULL_CHARACTERISTIC_NEUTRAL,4669,PASS,934,934
2023-04-28,252,residual_degree_percentile,FULL_CHARACTERISTIC_NEUTRAL,4669,PASS,934,934
2023-05-31,60,cross_industry_degree_percentile,FULL_CHARACTERISTIC_NEUTRAL,4829,PASS,966,966
2023-05-31,60,cross_industry_degree_ratio,FULL_CHARACTERISTIC_NEUTRAL,4789,PASS,958,958
2023-05-31,60,delta_cross_industry_degree_percentile_1m,FULL_CHARACTERISTIC_NEUTRAL,4823,PASS,965,965
2023-05-31,60,delta_degree_percentile,FULL_CHARACTERISTIC_NEUTRAL,4829,PASS,966,966
2023-05-31,60,delta_residual_degree_percentile_1m,FULL_CHARACTERISTIC_NEUTRAL,4823,PASS,965,965
2023-05-31,60,neighbor_jaccard_1m,FULL_CHARACTERISTIC_NEUTRAL,4815,PASS,963,963
2023-05-31,60,neighbor_retention_1m,FULL_CHARACTERISTIC_NEUTRAL,4794,PASS,959,959
2023-05-31,60,outside_community_degree_percentile,FULL_CHARACTERISTIC_NEUTRAL,4829,PASS,966,966
2023-05-31,60,residual_degree_percentile,FULL_CHARACTERISTIC_NEUTRAL,4829,PASS,966,966
2023-05-31,120,cross_industry_degree_percentile,FULL_CHARACTERISTIC_NEUTRAL,4842,PASS,969,969
2023-05-31,120,cross_industry_degree_ratio,FULL_CHARACTERISTIC_NEUTRAL,4646,PASS,930,929
2023-05-31,120,delta_cross_industry_degree_percentile_1m,FULL_CHARACTERISTIC_NEUTRAL,4836,PASS,968,967
2023-05-31,120,delta_degree_percentile,FULL_CHARACTERISTIC_NEUTRAL,4842,PASS,969,969
2023-05-31,120,delta_residual_degree_percentile_1m,FULL_CHARACTERISTIC_NEUTRAL,4836,PASS,968,967
2023-05-31,120,neighbor_jaccard_1m,FULL_CHARACTERISTIC_NEUTRAL,4710,PASS,942,942
2023-05-31,120,neighbor_retention_1m,FULL_CHARACTERISTIC_NEUTRAL,4567,PASS,914,914
2023-05-31,120,outside_community_degree_percentile,FULL_CHARACTERISTIC_NEUTRAL,4842,PASS,969,969
2023-05-31,120,residual_degree_percentile,FULL_CHARACTERISTIC_NEUTRAL,4842,PASS,969,969
2023-05-31,252,cross_industry_degree_percentile,FULL_CHARACTERISTIC_NEUTRAL,4688,PASS,938,938
2023-05-31,252,cross_industry_degree_ratio,FULL_CHARACTERISTIC_NEUTRAL,4107,PASS,822,822
2023-05-31,252,delta_cross_industry_degree_percentile_1m,FULL_CHARACTERISTIC_NEUTRAL,4666,PASS,934,933
2023-05-31,252,delta_degree_percentile,FULL_CHARACTERISTIC_NEUTRAL,4688,PASS,938,938
2023-05-31,252,delta_residual_degree_percentile_1m,FULL_CHARACTERISTIC_NEUTRAL,4666,PASS,934,933
2023-05-31,252,neighbor_jaccard_1m,FULL_CHARACTERISTIC_NEUTRAL,4248,PASS,850,850
2023-05-31,252,neighbor_retention_1m,FULL_CHARACTERISTIC_NEUTRAL,4154,PASS,831,831
2023-05-31,252,outside_community_degree_percentile,FULL_CHARACTERISTIC_NEUTRAL,4688,PASS,938,938
2023-05-31,252,residual_degree_percentile,FULL_CHARACTERISTIC_NEUTRAL,4688,PASS,938,938
2023-06-30,60,cross_industry_degree_percentile,FULL_CHARACTERISTIC_NEUTRAL,4834,PASS,967,967
2023-06-30,60,cross_industry_degree_ratio,FULL_CHARACTERISTIC_NEUTRAL,4777,PASS,956,956
2023-06-30,60,delta_cross_industry_degree_percentile_1m,FULL_CHARACTERISTIC_NEUTRAL,4833,PASS,967,967
2023-06-30,60,delta_degree_percentile,FULL_CHARACTERISTIC_NEUTRAL,4834,PASS,967,967
2023-06-30,60,delta_residual_degree_percentile_1m,FULL_CHARACTERISTIC_NEUTRAL,4833,PASS,967,967
2023-06-30,60,neighbor_jaccard_1m,FULL_CHARACTERISTIC_NEUTRAL,4822,PASS,965,965
2023-06-30,60,neighbor_retention_1m,FULL_CHARACTERISTIC_NEUTRAL,4789,PASS,958,958
2023-06-30,60,outside_community_degree_percentile,FULL_CHARACTERISTIC_NEUTRAL,4834,PASS,967,967
2023-06-30,60,residual_degree_percentile,FULL_CHARACTERISTIC_NEUTRAL,4834,PASS,967,967
2023-06-30,120,cross_industry_degree_percentile,FULL_CHARACTERISTIC_NEUTRAL,4854,PASS,971,971
2023-06-30,120,cross_industry_degree_ratio,FULL_CHARACTERISTIC_NEUTRAL,4702,PASS,941,941
2023-06-30,120,delta_cross_industry_degree_percentile_1m,FULL_CHARACTERISTIC_NEUTRAL,4843,PASS,969,969
2023-06-30,120,delta_degree_percentile,FULL_CHARACTERISTIC_NEUTRAL,4854,PASS,971,971
2023-06-30,120,delta_residual_degree_percentile_1m,FULL_CHARACTERISTIC_NEUTRAL,4843,PASS,969,969
2023-06-30,120,neighbor_jaccard_1m,FULL_CHARACTERISTIC_NEUTRAL,4759,PASS,952,952
2023-06-30,120,neighbor_retention_1m,FULL_CHARACTERISTIC_NEUTRAL,4646,PASS,930,929
2023-06-30,120,outside_community_degree_percentile,FULL_CHARACTERISTIC_NEUTRAL,4854,PASS,971,971
2023-06-30,120,residual_degree_percentile,FULL_CHARACTERISTIC_NEUTRAL,4854,PASS,971,971
2023-06-30,252,cross_industry_degree_percentile,FULL_CHARACTERISTIC_NEUTRAL,4690,PASS,938,938
2023-06-30,252,cross_industry_degree_ratio,FULL_CHARACTERISTIC_NEUTRAL,4091,PASS,819,818
2023-06-30,252,delta_cross_industry_degree_percentile_1m,FULL_CHARACTERISTIC_NEUTRAL,4663,PASS,933,933
2023-06-30,252,delta_degree_percentile,FULL_CHARACTERISTIC_NEUTRAL,4690,PASS,938,938
2023-06-30,252,delta_residual_degree_percentile_1m,FULL_CHARACTERISTIC_NEUTRAL,4663,PASS,933,933
2023-06-30,252,neighbor_jaccard_1m,FULL_CHARACTERISTIC_NEUTRAL,4185,PASS,837,837
2023-06-30,252,neighbor_retention_1m,FULL_CHARACTERISTIC_NEUTRAL,4087,PASS,818,818
2023-06-30,252,outside_community_degree_percentile,FULL_CHARACTERISTIC_NEUTRAL,4690,PASS,938,938
2023-06-30,252,residual_degree_percentile,FULL_CHARACTERISTIC_NEUTRAL,4690,PASS,938,938
2023-07-31,60,cross_industry_degree_percentile,FULL_CHARACTERISTIC_NEUTRAL,4846,PASS,970,969
2023-07-31,60,cross_industry_degree_ratio,FULL_CHARACTERISTIC_NEUTRAL,4804,PASS,961,961
2023-07-31,60,delta_cross_industry_degree_percentile_1m,FULL_CHARACTERISTIC_NEUTRAL,4840,PASS,968,968
2023-07-31,60,delta_degree_percentile,FULL_CHARACTERISTIC_NEUTRAL,4846,PASS,970,969
2023-07-31,60,delta_residual_degree_percentile_1m,FULL_CHARACTERISTIC_NEUTRAL,4840,PASS,968,968
2023-07-31,60,neighbor_jaccard_1m,FULL_CHARACTERISTIC_NEUTRAL,4830,PASS,966,966
2023-07-31,60,neighbor_retention_1m,FULL_CHARACTERISTIC_NEUTRAL,4783,PASS,957,957
2023-07-31,60,outside_community_degree_percentile,FULL_CHARACTERISTIC_NEUTRAL,4846,PASS,970,969
2023-07-31,60,residual_degree_percentile,FULL_CHARACTERISTIC_NEUTRAL,4846,PASS,970,969
2023-07-31,120,cross_industry_degree_percentile,FULL_CHARACTERISTIC_NEUTRAL,4864,PASS,973,973
2023-07-31,120,cross_industry_degree_ratio,FULL_CHARACTERISTIC_NEUTRAL,4683,PASS,937,937
2023-07-31,120,delta_cross_industry_degree_percentile_1m,FULL_CHARACTERISTIC_NEUTRAL,4857,PASS,972,972
2023-07-31,120,delta_degree_percentile,FULL_CHARACTERISTIC_NEUTRAL,4864,PASS,973,973
2023-07-31,120,delta_residual_degree_percentile_1m,FULL_CHARACTERISTIC_NEUTRAL,4857,PASS,972,972
2023-07-31,120,neighbor_jaccard_1m,FULL_CHARACTERISTIC_NEUTRAL,4770,PASS,954,954
2023-07-31,120,neighbor_retention_1m,FULL_CHARACTERISTIC_NEUTRAL,4705,PASS,941,941
2023-07-31,120,outside_community_degree_percentile,FULL_CHARACTERISTIC_NEUTRAL,4864,PASS,973,973
2023-07-31,120,residual_degree_percentile,FULL_CHARACTERISTIC_NEUTRAL,4864,PASS,973,973
2023-07-31,252,cross_industry_degree_percentile,FULL_CHARACTERISTIC_NEUTRAL,4724,PASS,945,945
2023-07-31,252,cross_industry_degree_ratio,FULL_CHARACTERISTIC_NEUTRAL,4149,PASS,830,830
2023-07-31,252,delta_cross_industry_degree_percentile_1m,FULL_CHARACTERISTIC_NEUTRAL,4681,PASS,937,936
2023-07-31,252,delta_degree_percentile,FULL_CHARACTERISTIC_NEUTRAL,4724,PASS,945,945
2023-07-31,252,delta_residual_degree_percentile_1m,FULL_CHARACTERISTIC_NEUTRAL,4681,PASS,937,936
2023-07-31,252,neighbor_jaccard_1m,FULL_CHARACTERISTIC_NEUTRAL,4217,PASS,844,844
2023-07-31,252,neighbor_retention_1m,FULL_CHARACTERISTIC_NEUTRAL,4082,PASS,817,817
2023-07-31,252,outside_community_degree_percentile,FULL_CHARACTERISTIC_NEUTRAL,4724,PASS,945,945
2023-07-31,252,residual_degree_percentile,FULL_CHARACTERISTIC_NEUTRAL,4724,PASS,945,945
2023-08-31,60,cross_industry_degree_percentile,FULL_CHARACTERISTIC_NEUTRAL,4872,PASS,975,975
2023-08-31,60,cross_industry_degree_ratio,FULL_CHARACTERISTIC_NEUTRAL,4773,PASS,955,955
2023-08-31,60,delta_cross_industry_degree_percentile_1m,FULL_CHARACTERISTIC_NEUTRAL,4865,PASS,973,973
2023-08-31,60,delta_degree_percentile,FULL_CHARACTERISTIC_NEUTRAL,4872,PASS,975,975
2023-08-31,60,delta_residual_degree_percentile_1m,FULL_CHARACTERISTIC_NEUTRAL,4865,PASS,973,973
2023-08-31,60,neighbor_jaccard_1m,FULL_CHARACTERISTIC_NEUTRAL,4849,PASS,970,970
2023-08-31,60,neighbor_retention_1m,FULL_CHARACTERISTIC_NEUTRAL,4823,PASS,965,965
2023-08-31,60,outside_community_degree_percentile,FULL_CHARACTERISTIC_NEUTRAL,4872,PASS,975,975
2023-08-31,60,residual_degree_percentile,FULL_CHARACTERISTIC_NEUTRAL,4872,PASS,975,975
2023-08-31,120,cross_industry_degree_percentile,FULL_CHARACTERISTIC_NEUTRAL,4885,PASS,977,977
2023-08-31,120,cross_industry_degree_ratio,FULL_CHARACTERISTIC_NEUTRAL,4683,PASS,937,937
2023-08-31,120,delta_cross_industry_degree_percentile_1m,FULL_CHARACTERISTIC_NEUTRAL,4876,PASS,976,975
2023-08-31,120,delta_degree_percentile,FULL_CHARACTERISTIC_NEUTRAL,4885,PASS,977,977
2023-08-31,120,delta_residual_degree_percentile_1m,FULL_CHARACTERISTIC_NEUTRAL,4876,PASS,976,975
2023-08-31,120,neighbor_jaccard_1m,FULL_CHARACTERISTIC_NEUTRAL,4769,PASS,954,954
2023-08-31,120,neighbor_retention_1m,FULL_CHARACTERISTIC_NEUTRAL,4695,PASS,939,939
2023-08-31,120,outside_community_degree_percentile,FULL_CHARACTERISTIC_NEUTRAL,4885,PASS,977,977
2023-08-31,120,residual_degree_percentile,FULL_CHARACTERISTIC_NEUTRAL,4885,PASS,977,977
2023-08-31,252,cross_industry_degree_percentile,FULL_CHARACTERISTIC_NEUTRAL,4766,PASS,954,953
2023-08-31,252,cross_industry_degree_ratio,FULL_CHARACTERISTIC_NEUTRAL,4198,PASS,840,840
2023-08-31,252,delta_cross_industry_degree_percentile_1m,FULL_CHARACTERISTIC_NEUTRAL,4724,PASS,945,945
2023-08-31,252,delta_degree_percentile,FULL_CHARACTERISTIC_NEUTRAL,4766,PASS,954,953
2023-08-31,252,delta_residual_degree_percentile_1m,FULL_CHARACTERISTIC_NEUTRAL,4724,PASS,945,945
2023-08-31,252,neighbor_jaccard_1m,FULL_CHARACTERISTIC_NEUTRAL,4277,PASS,856,856
2023-08-31,252,neighbor_retention_1m,FULL_CHARACTERISTIC_NEUTRAL,4149,PASS,830,830
2023-08-31,252,outside_community_degree_percentile,FULL_CHARACTERISTIC_NEUTRAL,4766,PASS,954,953
2023-08-31,252,residual_degree_percentile,FULL_CHARACTERISTIC_NEUTRAL,4766,PASS,954,953
2023-09-28,60,cross_industry_degree_percentile,FULL_CHARACTERISTIC_NEUTRAL,4905,PASS,981,981
2023-09-28,60,cross_industry_degree_ratio,FULL_CHARACTERISTIC_NEUTRAL,4817,PASS,964,964
2023-09-28,60,delta_cross_industry_degree_percentile_1m,FULL_CHARACTERISTIC_NEUTRAL,4892,PASS,979,979
2023-09-28,60,delta_degree_percentile,FULL_CHARACTERISTIC_NEUTRAL,4905,PASS,981,981
2023-09-28,60,delta_residual_degree_percentile_1m,FULL_CHARACTERISTIC_NEUTRAL,4892,PASS,979,979
2023-09-28,60,neighbor_jaccard_1m,FULL_CHARACTERISTIC_NEUTRAL,4864,PASS,973,973
2023-09-28,60,neighbor_retention_1m,FULL_CHARACTERISTIC_NEUTRAL,4793,PASS,959,959
2023-09-28,60,outside_community_degree_percentile,FULL_CHARACTERISTIC_NEUTRAL,4905,PASS,981,981
2023-09-28,60,residual_degree_percentile,FULL_CHARACTERISTIC_NEUTRAL,4905,PASS,981,981
2023-09-28,120,cross_industry_degree_percentile,FULL_CHARACTERISTIC_NEUTRAL,4907,PASS,982,982
2023-09-28,120,cross_industry_degree_ratio,FULL_CHARACTERISTIC_NEUTRAL,4736,PASS,948,947
2023-09-28,120,delta_cross_industry_degree_percentile_1m,FULL_CHARACTERISTIC_NEUTRAL,4896,PASS,980,979
2023-09-28,120,delta_degree_percentile,FULL_CHARACTERISTIC_NEUTRAL,4907,PASS,982,982
2023-09-28,120,delta_residual_degree_percentile_1m,FULL_CHARACTERISTIC_NEUTRAL,4896,PASS,980,979
2023-09-28,120,neighbor_jaccard_1m,FULL_CHARACTERISTIC_NEUTRAL,4788,PASS,958,958
2023-09-28,120,neighbor_retention_1m,FULL_CHARACTERISTIC_NEUTRAL,4693,PASS,939,939
2023-09-28,120,outside_community_degree_percentile,FULL_CHARACTERISTIC_NEUTRAL,4907,PASS,982,982
2023-09-28,120,residual_degree_percentile,FULL_CHARACTERISTIC_NEUTRAL,4907,PASS,982,982
2023-09-28,252,cross_industry_degree_percentile,FULL_CHARACTERISTIC_NEUTRAL,4801,PASS,961,960
2023-09-28,252,cross_industry_degree_ratio,FULL_CHARACTERISTIC_NEUTRAL,4262,PASS,853,853
2023-09-28,252,delta_cross_industry_degree_percentile_1m,FULL_CHARACTERISTIC_NEUTRAL,4766,PASS,954,953
2023-09-28,252,delta_degree_percentile,FULL_CHARACTERISTIC_NEUTRAL,4801,PASS,961,960
2023-09-28,252,delta_residual_degree_percentile_1m,FULL_CHARACTERISTIC_NEUTRAL,4766,PASS,954,953
2023-09-28,252,neighbor_jaccard_1m,FULL_CHARACTERISTIC_NEUTRAL,4312,PASS,863,863
2023-09-28,252,neighbor_retention_1m,FULL_CHARACTERISTIC_NEUTRAL,4198,PASS,840,840
2023-09-28,252,outside_community_degree_percentile,FULL_CHARACTERISTIC_NEUTRAL,4801,PASS,961,960
2023-09-28,252,residual_degree_percentile,FULL_CHARACTERISTIC_NEUTRAL,4801,PASS,961,960
2023-10-31,60,cross_industry_degree_percentile,FULL_CHARACTERISTIC_NEUTRAL,4926,PASS,986,985
2023-10-31,60,cross_industry_degree_ratio,FULL_CHARACTERISTIC_NEUTRAL,4838,PASS,968,968
2023-10-31,60,delta_cross_industry_degree_percentile_1m,FULL_CHARACTERISTIC_NEUTRAL,4925,PASS,985,985
2023-10-31,60,delta_degree_percentile,FULL_CHARACTERISTIC_NEUTRAL,4926,PASS,986,985
2023-10-31,60,delta_residual_degree_percentile_1m,FULL_CHARACTERISTIC_NEUTRAL,4925,PASS,985,985
2023-10-31,60,neighbor_jaccard_1m,FULL_CHARACTERISTIC_NEUTRAL,4901,PASS,981,980
2023-10-31,60,neighbor_retention_1m,FULL_CHARACTERISTIC_NEUTRAL,4837,PASS,968,968
2023-10-31,60,outside_community_degree_percentile,FULL_CHARACTERISTIC_NEUTRAL,4926,PASS,986,985
2023-10-31,60,residual_degree_percentile,FULL_CHARACTERISTIC_NEUTRAL,4926,PASS,986,985
2023-10-31,120,cross_industry_degree_percentile,FULL_CHARACTERISTIC_NEUTRAL,4929,PASS,986,986
2023-10-31,120,cross_industry_degree_ratio,FULL_CHARACTERISTIC_NEUTRAL,4729,PASS,946,946
2023-10-31,120,delta_cross_industry_degree_percentile_1m,FULL_CHARACTERISTIC_NEUTRAL,4928,PASS,986,986
2023-10-31,120,delta_degree_percentile,FULL_CHARACTERISTIC_NEUTRAL,4929,PASS,986,986
2023-10-31,120,delta_residual_degree_percentile_1m,FULL_CHARACTERISTIC_NEUTRAL,4928,PASS,986,986
2023-10-31,120,neighbor_jaccard_1m,FULL_CHARACTERISTIC_NEUTRAL,4830,PASS,966,966
2023-10-31,120,neighbor_retention_1m,FULL_CHARACTERISTIC_NEUTRAL,4757,PASS,952,952
2023-10-31,120,outside_community_degree_percentile,FULL_CHARACTERISTIC_NEUTRAL,4929,PASS,986,986
2023-10-31,120,residual_degree_percentile,FULL_CHARACTERISTIC_NEUTRAL,4929,PASS,986,986
2023-10-31,252,cross_industry_degree_percentile,FULL_CHARACTERISTIC_NEUTRAL,4825,PASS,965,965
2023-10-31,252,cross_industry_degree_ratio,FULL_CHARACTERISTIC_NEUTRAL,4330,PASS,866,866
2023-10-31,252,delta_cross_industry_degree_percentile_1m,FULL_CHARACTERISTIC_NEUTRAL,4800,PASS,960,960
2023-10-31,252,delta_degree_percentile,FULL_CHARACTERISTIC_NEUTRAL,4825,PASS,965,965
2023-10-31,252,delta_residual_degree_percentile_1m,FULL_CHARACTERISTIC_NEUTRAL,4800,PASS,960,960
2023-10-31,252,neighbor_jaccard_1m,FULL_CHARACTERISTIC_NEUTRAL,4382,PASS,877,877
2023-10-31,252,neighbor_retention_1m,FULL_CHARACTERISTIC_NEUTRAL,4261,PASS,853,852
2023-10-31,252,outside_community_degree_percentile,FULL_CHARACTERISTIC_NEUTRAL,4825,PASS,965,965
2023-10-31,252,residual_degree_percentile,FULL_CHARACTERISTIC_NEUTRAL,4825,PASS,965,965
2023-11-30,60,cross_industry_degree_percentile,FULL_CHARACTERISTIC_NEUTRAL,4955,PASS,991,991
2023-11-30,60,cross_industry_degree_ratio,FULL_CHARACTERISTIC_NEUTRAL,4909,PASS,982,982
2023-11-30,60,delta_cross_industry_degree_percentile_1m,FULL_CHARACTERISTIC_NEUTRAL,4953,PASS,991,991
2023-11-30,60,delta_degree_percentile,FULL_CHARACTERISTIC_NEUTRAL,4955,PASS,991,991
2023-11-30,60,delta_residual_degree_percentile_1m,FULL_CHARACTERISTIC_NEUTRAL,4953,PASS,991,991
2023-11-30,60,neighbor_jaccard_1m,FULL_CHARACTERISTIC_NEUTRAL,4943,PASS,989,989
2023-11-30,60,neighbor_retention_1m,FULL_CHARACTERISTIC_NEUTRAL,4865,PASS,973,973
2023-11-30,60,outside_community_degree_percentile,FULL_CHARACTERISTIC_NEUTRAL,4955,PASS,991,991
2023-11-30,60,residual_degree_percentile,FULL_CHARACTERISTIC_NEUTRAL,4955,PASS,991,991
2023-11-30,120,cross_industry_degree_percentile,FULL_CHARACTERISTIC_NEUTRAL,4959,PASS,992,992
2023-11-30,120,cross_industry_degree_ratio,FULL_CHARACTERISTIC_NEUTRAL,4760,PASS,952,952
2023-11-30,120,delta_cross_industry_degree_percentile_1m,FULL_CHARACTERISTIC_NEUTRAL,4946,PASS,990,989
2023-11-30,120,delta_degree_percentile,FULL_CHARACTERISTIC_NEUTRAL,4959,PASS,992,992
2023-11-30,120,delta_residual_degree_percentile_1m,FULL_CHARACTERISTIC_NEUTRAL,4946,PASS,990,989
2023-11-30,120,neighbor_jaccard_1m,FULL_CHARACTERISTIC_NEUTRAL,4838,PASS,968,968
2023-11-30,120,neighbor_retention_1m,FULL_CHARACTERISTIC_NEUTRAL,4746,PASS,950,949
2023-11-30,120,outside_community_degree_percentile,FULL_CHARACTERISTIC_NEUTRAL,4959,PASS,992,992
2023-11-30,120,residual_degree_percentile,FULL_CHARACTERISTIC_NEUTRAL,4959,PASS,992,992
2023-11-30,252,cross_industry_degree_percentile,FULL_CHARACTERISTIC_NEUTRAL,4844,PASS,969,969
2023-11-30,252,cross_industry_degree_ratio,FULL_CHARACTERISTIC_NEUTRAL,4383,PASS,877,877
2023-11-30,252,delta_cross_industry_degree_percentile_1m,FULL_CHARACTERISTIC_NEUTRAL,4825,PASS,965,965
2023-11-30,252,delta_degree_percentile,FULL_CHARACTERISTIC_NEUTRAL,4844,PASS,969,969
2023-11-30,252,delta_residual_degree_percentile_1m,FULL_CHARACTERISTIC_NEUTRAL,4825,PASS,965,965
2023-11-30,252,neighbor_jaccard_1m,FULL_CHARACTERISTIC_NEUTRAL,4456,PASS,892,891
2023-11-30,252,neighbor_retention_1m,FULL_CHARACTERISTIC_NEUTRAL,4330,PASS,866,866
2023-11-30,252,outside_community_degree_percentile,FULL_CHARACTERISTIC_NEUTRAL,4844,PASS,969,969
2023-11-30,252,residual_degree_percentile,FULL_CHARACTERISTIC_NEUTRAL,4844,PASS,969,969
2023-12-29,60,cross_industry_degree_percentile,FULL_CHARACTERISTIC_NEUTRAL,4984,PASS,997,997
2023-12-29,60,cross_industry_degree_ratio,FULL_CHARACTERISTIC_NEUTRAL,4935,PASS,987,987
2023-12-29,60,delta_cross_industry_degree_percentile_1m,FULL_CHARACTERISTIC_NEUTRAL,4982,PASS,997,997
2023-12-29,60,delta_degree_percentile,FULL_CHARACTERISTIC_NEUTRAL,4984,PASS,997,997
2023-12-29,60,delta_residual_degree_percentile_1m,FULL_CHARACTERISTIC_NEUTRAL,4982,PASS,997,997
2023-12-29,60,neighbor_jaccard_1m,FULL_CHARACTERISTIC_NEUTRAL,4974,PASS,995,995
2023-12-29,60,neighbor_retention_1m,FULL_CHARACTERISTIC_NEUTRAL,4937,PASS,988,988
2023-12-29,60,outside_community_degree_percentile,FULL_CHARACTERISTIC_NEUTRAL,4984,PASS,997,997
2023-12-29,60,residual_degree_percentile,FULL_CHARACTERISTIC_NEUTRAL,4984,PASS,997,997
2023-12-29,120,cross_industry_degree_percentile,FULL_CHARACTERISTIC_NEUTRAL,4993,PASS,999,999
2023-12-29,120,cross_industry_degree_ratio,FULL_CHARACTERISTIC_NEUTRAL,4803,PASS,961,961
2023-12-29,120,delta_cross_industry_degree_percentile_1m,FULL_CHARACTERISTIC_NEUTRAL,4976,PASS,996,995
2023-12-29,120,delta_degree_percentile,FULL_CHARACTERISTIC_NEUTRAL,4993,PASS,999,999
2023-12-29,120,delta_residual_degree_percentile_1m,FULL_CHARACTERISTIC_NEUTRAL,4976,PASS,996,995
2023-12-29,120,neighbor_jaccard_1m,FULL_CHARACTERISTIC_NEUTRAL,4882,PASS,977,977
2023-12-29,120,neighbor_retention_1m,FULL_CHARACTERISTIC_NEUTRAL,4776,PASS,956,955
2023-12-29,120,outside_community_degree_percentile,FULL_CHARACTERISTIC_NEUTRAL,4993,PASS,999,999
2023-12-29,120,residual_degree_percentile,FULL_CHARACTERISTIC_NEUTRAL,4993,PASS,999,999
2023-12-29,252,cross_industry_degree_percentile,FULL_CHARACTERISTIC_NEUTRAL,4861,PASS,973,972
2023-12-29,252,cross_industry_degree_ratio,FULL_CHARACTERISTIC_NEUTRAL,4467,PASS,894,894
2023-12-29,252,delta_cross_industry_degree_percentile_1m,FULL_CHARACTERISTIC_NEUTRAL,4844,PASS,969,969
2023-12-29,252,delta_degree_percentile,FULL_CHARACTERISTIC_NEUTRAL,4861,PASS,973,972
2023-12-29,252,delta_residual_degree_percentile_1m,FULL_CHARACTERISTIC_NEUTRAL,4844,PASS,969,969
2023-12-29,252,neighbor_jaccard_1m,FULL_CHARACTERISTIC_NEUTRAL,4501,PASS,901,900
2023-12-29,252,neighbor_retention_1m,FULL_CHARACTERISTIC_NEUTRAL,4383,PASS,877,877
2023-12-29,252,outside_community_degree_percentile,FULL_CHARACTERISTIC_NEUTRAL,4861,PASS,973,972
2023-12-29,252,residual_degree_percentile,FULL_CHARACTERISTIC_NEUTRAL,4861,PASS,973,972
2024-01-31,60,cross_industry_degree_percentile,FULL_CHARACTERISTIC_NEUTRAL,5012,PASS,1003,1003
2024-01-31,60,cross_industry_degree_ratio,FULL_CHARACTERISTIC_NEUTRAL,4887,PASS,978,978
2024-01-31,60,delta_cross_industry_degree_percentile_1m,FULL_CHARACTERISTIC_NEUTRAL,5009,PASS,1002,1002
2024-01-31,60,delta_degree_percentile,FULL_CHARACTERISTIC_NEUTRAL,5012,PASS,1003,1003
2024-01-31,60,delta_residual_degree_percentile_1m,FULL_CHARACTERISTIC_NEUTRAL,5009,PASS,1002,1002
2024-01-31,60,neighbor_jaccard_1m,FULL_CHARACTERISTIC_NEUTRAL,4993,PASS,999,999
2024-01-31,60,neighbor_retention_1m,FULL_CHARACTERISTIC_NEUTRAL,4961,PASS,993,992
2024-01-31,60,outside_community_degree_percentile,FULL_CHARACTERISTIC_NEUTRAL,5012,PASS,1003,1003
2024-01-31,60,residual_degree_percentile,FULL_CHARACTERISTIC_NEUTRAL,5012,PASS,1003,1003
2024-01-31,120,cross_industry_degree_percentile,FULL_CHARACTERISTIC_NEUTRAL,5023,PASS,1005,1005
2024-01-31,120,cross_industry_degree_ratio,FULL_CHARACTERISTIC_NEUTRAL,4780,PASS,956,956
2024-01-31,120,delta_cross_industry_degree_percentile_1m,FULL_CHARACTERISTIC_NEUTRAL,5010,PASS,1002,1002
2024-01-31,120,delta_degree_percentile,FULL_CHARACTERISTIC_NEUTRAL,5023,PASS,1005,1005
2024-01-31,120,delta_residual_degree_percentile_1m,FULL_CHARACTERISTIC_NEUTRAL,5010,PASS,1002,1002
2024-01-31,120,neighbor_jaccard_1m,FULL_CHARACTERISTIC_NEUTRAL,4890,PASS,978,978
2024-01-31,120,neighbor_retention_1m,FULL_CHARACTERISTIC_NEUTRAL,4818,PASS,964,964
2024-01-31,120,outside_community_degree_percentile,FULL_CHARACTERISTIC_NEUTRAL,5023,PASS,1005,1005
2024-01-31,120,residual_degree_percentile,FULL_CHARACTERISTIC_NEUTRAL,5023,PASS,1005,1005
2024-01-31,252,cross_industry_degree_percentile,FULL_CHARACTERISTIC_NEUTRAL,4876,PASS,976,975
2024-01-31,252,cross_industry_degree_ratio,FULL_CHARACTERISTIC_NEUTRAL,4473,PASS,895,895
2024-01-31,252,delta_cross_industry_degree_percentile_1m,FULL_CHARACTERISTIC_NEUTRAL,4858,PASS,972,972
2024-01-31,252,delta_degree_percentile,FULL_CHARACTERISTIC_NEUTRAL,4876,PASS,976,975
2024-01-31,252,delta_residual_degree_percentile_1m,FULL_CHARACTERISTIC_NEUTRAL,4858,PASS,972,972
2024-01-31,252,neighbor_jaccard_1m,FULL_CHARACTERISTIC_NEUTRAL,4554,PASS,911,911
2024-01-31,252,neighbor_retention_1m,FULL_CHARACTERISTIC_NEUTRAL,4464,PASS,893,893
2024-01-31,252,outside_community_degree_percentile,FULL_CHARACTERISTIC_NEUTRAL,4876,PASS,976,975
2024-01-31,252,residual_degree_percentile,FULL_CHARACTERISTIC_NEUTRAL,4876,PASS,976,975
2024-02-29,60,cross_industry_degree_percentile,FULL_CHARACTERISTIC_NEUTRAL,5032,PASS,1007,1007
2024-02-29,60,cross_industry_degree_ratio,FULL_CHARACTERISTIC_NEUTRAL,3512,PASS,703,703
2024-02-29,60,delta_cross_industry_degree_percentile_1m,FULL_CHARACTERISTIC_NEUTRAL,5030,PASS,1006,1006
2024-02-29,60,delta_degree_percentile,FULL_CHARACTERISTIC_NEUTRAL,5032,PASS,1007,1007
2024-02-29,60,delta_residual_degree_percentile_1m,FULL_CHARACTERISTIC_NEUTRAL,5030,PASS,1006,1006
2024-02-29,60,neighbor_jaccard_1m,FULL_CHARACTERISTIC_NEUTRAL,4939,PASS,988,988
2024-02-29,60,neighbor_retention_1m,FULL_CHARACTERISTIC_NEUTRAL,4906,PASS,982,981
2024-02-29,60,outside_community_degree_percentile,FULL_CHARACTERISTIC_NEUTRAL,5032,PASS,1007,1007
2024-02-29,60,residual_degree_percentile,FULL_CHARACTERISTIC_NEUTRAL,5032,PASS,1007,1007
2024-02-29,120,cross_industry_degree_percentile,FULL_CHARACTERISTIC_NEUTRAL,5040,PASS,1008,1008
2024-02-29,120,cross_industry_degree_ratio,FULL_CHARACTERISTIC_NEUTRAL,4122,PASS,825,825
2024-02-29,120,delta_cross_industry_degree_percentile_1m,FULL_CHARACTERISTIC_NEUTRAL,5038,PASS,1008,1008
2024-02-29,120,delta_degree_percentile,FULL_CHARACTERISTIC_NEUTRAL,5040,PASS,1008,1008
2024-02-29,120,delta_residual_degree_percentile_1m,FULL_CHARACTERISTIC_NEUTRAL,5038,PASS,1008,1008
2024-02-29,120,neighbor_jaccard_1m,FULL_CHARACTERISTIC_NEUTRAL,4857,PASS,972,972
2024-02-29,120,neighbor_retention_1m,FULL_CHARACTERISTIC_NEUTRAL,4798,PASS,960,960
2024-02-29,120,outside_community_degree_percentile,FULL_CHARACTERISTIC_NEUTRAL,5040,PASS,1008,1008
2024-02-29,120,residual_degree_percentile,FULL_CHARACTERISTIC_NEUTRAL,5040,PASS,1008,1008
2024-02-29,252,cross_industry_degree_percentile,FULL_CHARACTERISTIC_NEUTRAL,4892,PASS,979,979
2024-02-29,252,cross_industry_degree_ratio,FULL_CHARACTERISTIC_NEUTRAL,4315,PASS,863,863
2024-02-29,252,delta_cross_industry_degree_percentile_1m,FULL_CHARACTERISTIC_NEUTRAL,4875,PASS,975,975
2024-02-29,252,delta_degree_percentile,FULL_CHARACTERISTIC_NEUTRAL,4892,PASS,979,979
2024-02-29,252,delta_residual_degree_percentile_1m,FULL_CHARACTERISTIC_NEUTRAL,4875,PASS,975,975
2024-02-29,252,neighbor_jaccard_1m,FULL_CHARACTERISTIC_NEUTRAL,4581,PASS,917,916
2024-02-29,252,neighbor_retention_1m,FULL_CHARACTERISTIC_NEUTRAL,4472,PASS,895,895
2024-02-29,252,outside_community_degree_percentile,FULL_CHARACTERISTIC_NEUTRAL,4892,PASS,979,979
2024-02-29,252,residual_degree_percentile,FULL_CHARACTERISTIC_NEUTRAL,4892,PASS,979,979
2024-03-29,60,cross_industry_degree_percentile,FULL_CHARACTERISTIC_NEUTRAL,5043,PASS,1009,1009
2024-03-29,60,cross_industry_degree_ratio,FULL_CHARACTERISTIC_NEUTRAL,3819,PASS,764,764
2024-03-29,60,delta_cross_industry_degree_percentile_1m,FULL_CHARACTERISTIC_NEUTRAL,5041,PASS,1009,1008
2024-03-29,60,delta_degree_percentile,FULL_CHARACTERISTIC_NEUTRAL,5043,PASS,1009,1009
2024-03-29,60,delta_residual_degree_percentile_1m,FULL_CHARACTERISTIC_NEUTRAL,5041,PASS,1009,1008
2024-03-29,60,neighbor_jaccard_1m,FULL_CHARACTERISTIC_NEUTRAL,4039,PASS,808,808
2024-03-29,60,neighbor_retention_1m,FULL_CHARACTERISTIC_NEUTRAL,3511,PASS,703,702
2024-03-29,60,outside_community_degree_percentile,FULL_CHARACTERISTIC_NEUTRAL,5043,PASS,1009,1009
2024-03-29,60,residual_degree_percentile,FULL_CHARACTERISTIC_NEUTRAL,5043,PASS,1009,1009
2024-03-29,120,cross_industry_degree_percentile,FULL_CHARACTERISTIC_NEUTRAL,5051,PASS,1011,1010
2024-03-29,120,cross_industry_degree_ratio,FULL_CHARACTERISTIC_NEUTRAL,4173,PASS,835,835
2024-03-29,120,delta_cross_industry_degree_percentile_1m,FULL_CHARACTERISTIC_NEUTRAL,5044,PASS,1009,1009
2024-03-29,120,delta_degree_percentile,FULL_CHARACTERISTIC_NEUTRAL,5051,PASS,1011,1010
2024-03-29,120,delta_residual_degree_percentile_1m,FULL_CHARACTERISTIC_NEUTRAL,5044,PASS,1009,1009
2024-03-29,120,neighbor_jaccard_1m,FULL_CHARACTERISTIC_NEUTRAL,4360,PASS,872,872
2024-03-29,120,neighbor_retention_1m,FULL_CHARACTERISTIC_NEUTRAL,4122,PASS,825,825
2024-03-29,120,outside_community_degree_percentile,FULL_CHARACTERISTIC_NEUTRAL,5051,PASS,1011,1010
2024-03-29,120,residual_degree_percentile,FULL_CHARACTERISTIC_NEUTRAL,5051,PASS,1011,1010
2024-03-29,252,cross_industry_degree_percentile,FULL_CHARACTERISTIC_NEUTRAL,4919,PASS,984,984
2024-03-29,252,cross_industry_degree_ratio,FULL_CHARACTERISTIC_NEUTRAL,4369,PASS,874,874
2024-03-29,252,delta_cross_industry_degree_percentile_1m,FULL_CHARACTERISTIC_NEUTRAL,4888,PASS,978,978
2024-03-29,252,delta_degree_percentile,FULL_CHARACTERISTIC_NEUTRAL,4919,PASS,984,984
2024-03-29,252,delta_residual_degree_percentile_1m,FULL_CHARACTERISTIC_NEUTRAL,4888,PASS,978,978
2024-03-29,252,neighbor_jaccard_1m,FULL_CHARACTERISTIC_NEUTRAL,4426,PASS,886,885
2024-03-29,252,neighbor_retention_1m,FULL_CHARACTERISTIC_NEUTRAL,4314,PASS,863,863
2024-03-29,252,outside_community_degree_percentile,FULL_CHARACTERISTIC_NEUTRAL,4919,PASS,984,984
2024-03-29,252,residual_degree_percentile,FULL_CHARACTERISTIC_NEUTRAL,4919,PASS,984,984
2024-04-30,60,cross_industry_degree_percentile,FULL_CHARACTERISTIC_NEUTRAL,5057,PASS,1012,1012
2024-04-30,60,cross_industry_degree_ratio,FULL_CHARACTERISTIC_NEUTRAL,4375,PASS,875,875
2024-04-30,60,delta_cross_industry_degree_percentile_1m,FULL_CHARACTERISTIC_NEUTRAL,5051,PASS,1011,1010
2024-04-30,60,delta_degree_percentile,FULL_CHARACTERISTIC_NEUTRAL,5057,PASS,1012,1012
2024-04-30,60,delta_residual_degree_percentile_1m,FULL_CHARACTERISTIC_NEUTRAL,5051,PASS,1011,1010
2024-04-30,60,neighbor_jaccard_1m,FULL_CHARACTERISTIC_NEUTRAL,4513,PASS,903,903
2024-04-30,60,neighbor_retention_1m,FULL_CHARACTERISTIC_NEUTRAL,3822,PASS,765,765
2024-04-30,60,outside_community_degree_percentile,FULL_CHARACTERISTIC_NEUTRAL,5057,PASS,1012,1012
2024-04-30,60,residual_degree_percentile,FULL_CHARACTERISTIC_NEUTRAL,5057,PASS,1012,1012
2024-04-30,120,cross_industry_degree_percentile,FULL_CHARACTERISTIC_NEUTRAL,5062,PASS,1013,1013
2024-04-30,120,cross_industry_degree_ratio,FULL_CHARACTERISTIC_NEUTRAL,4312,PASS,863,863
2024-04-30,120,delta_cross_industry_degree_percentile_1m,FULL_CHARACTERISTIC_NEUTRAL,5057,PASS,1012,1012
2024-04-30,120,delta_degree_percentile,FULL_CHARACTERISTIC_NEUTRAL,5062,PASS,1013,1013
2024-04-30,120,delta_residual_degree_percentile_1m,FULL_CHARACTERISTIC_NEUTRAL,5057,PASS,1012,1012
2024-04-30,120,neighbor_jaccard_1m,FULL_CHARACTERISTIC_NEUTRAL,4480,PASS,896,896
2024-04-30,120,neighbor_retention_1m,FULL_CHARACTERISTIC_NEUTRAL,4176,PASS,836,835
2024-04-30,120,outside_community_degree_percentile,FULL_CHARACTERISTIC_NEUTRAL,5062,PASS,1013,1013
2024-04-30,120,residual_degree_percentile,FULL_CHARACTERISTIC_NEUTRAL,5062,PASS,1013,1013
2024-04-30,252,cross_industry_degree_percentile,FULL_CHARACTERISTIC_NEUTRAL,4942,PASS,989,989
2024-04-30,252,cross_industry_degree_ratio,FULL_CHARACTERISTIC_NEUTRAL,4440,PASS,888,888
2024-04-30,252,delta_cross_industry_degree_percentile_1m,FULL_CHARACTERISTIC_NEUTRAL,4918,PASS,984,984
2024-04-30,252,delta_degree_percentile,FULL_CHARACTERISTIC_NEUTRAL,4942,PASS,989,989
2024-04-30,252,delta_residual_degree_percentile_1m,FULL_CHARACTERISTIC_NEUTRAL,4918,PASS,984,984
2024-04-30,252,neighbor_jaccard_1m,FULL_CHARACTERISTIC_NEUTRAL,4498,PASS,900,900
2024-04-30,252,neighbor_retention_1m,FULL_CHARACTERISTIC_NEUTRAL,4367,PASS,874,874
2024-04-30,252,outside_community_degree_percentile,FULL_CHARACTERISTIC_NEUTRAL,4942,PASS,989,989
2024-04-30,252,residual_degree_percentile,FULL_CHARACTERISTIC_NEUTRAL,4942,PASS,989,989
2024-05-31,60,cross_industry_degree_percentile,FULL_CHARACTERISTIC_NEUTRAL,5044,PASS,1009,1009
2024-05-31,60,cross_industry_degree_ratio,FULL_CHARACTERISTIC_NEUTRAL,5032,PASS,1007,1007
2024-05-31,60,delta_cross_industry_degree_percentile_1m,FULL_CHARACTERISTIC_NEUTRAL,5043,PASS,1009,1009
2024-05-31,60,delta_degree_percentile,FULL_CHARACTERISTIC_NEUTRAL,5044,PASS,1009,1009
2024-05-31,60,delta_residual_degree_percentile_1m,FULL_CHARACTERISTIC_NEUTRAL,5043,PASS,1009,1009
2024-05-31,60,neighbor_jaccard_1m,FULL_CHARACTERISTIC_NEUTRAL,5032,PASS,1007,1007
2024-05-31,60,neighbor_retention_1m,FULL_CHARACTERISTIC_NEUTRAL,4362,PASS,873,873
2024-05-31,60,outside_community_degree_percentile,FULL_CHARACTERISTIC_NEUTRAL,5044,PASS,1009,1009
2024-05-31,60,residual_degree_percentile,FULL_CHARACTERISTIC_NEUTRAL,5044,PASS,1009,1009
2024-05-31,120,cross_industry_degree_percentile,FULL_CHARACTERISTIC_NEUTRAL,5050,PASS,1010,1010
2024-05-31,120,cross_industry_degree_ratio,FULL_CHARACTERISTIC_NEUTRAL,4437,PASS,888,888
2024-05-31,120,delta_cross_industry_degree_percentile_1m,FULL_CHARACTERISTIC_NEUTRAL,5048,PASS,1010,1010
2024-05-31,120,delta_degree_percentile,FULL_CHARACTERISTIC_NEUTRAL,5050,PASS,1010,1010
2024-05-31,120,delta_residual_degree_percentile_1m,FULL_CHARACTERISTIC_NEUTRAL,5048,PASS,1010,1010
2024-05-31,120,neighbor_jaccard_1m,FULL_CHARACTERISTIC_NEUTRAL,4560,PASS,912,912
2024-05-31,120,neighbor_retention_1m,FULL_CHARACTERISTIC_NEUTRAL,4301,PASS,861,860
2024-05-31,120,outside_community_degree_percentile,FULL_CHARACTERISTIC_NEUTRAL,5050,PASS,1010,1010
2024-05-31,120,residual_degree_percentile,FULL_CHARACTERISTIC_NEUTRAL,5050,PASS,1010,1010
2024-05-31,252,cross_industry_degree_percentile,FULL_CHARACTERISTIC_NEUTRAL,4964,PASS,993,993
2024-05-31,252,cross_industry_degree_ratio,FULL_CHARACTERISTIC_NEUTRAL,4473,PASS,895,895
2024-05-31,252,delta_cross_industry_degree_percentile_1m,FULL_CHARACTERISTIC_NEUTRAL,4939,PASS,988,988
2024-05-31,252,delta_degree_percentile,FULL_CHARACTERISTIC_NEUTRAL,4964,PASS,993,993
2024-05-31,252,delta_residual_degree_percentile_1m,FULL_CHARACTERISTIC_NEUTRAL,4939,PASS,988,988
2024-05-31,252,neighbor_jaccard_1m,FULL_CHARACTERISTIC_NEUTRAL,4547,PASS,910,910
2024-05-31,252,neighbor_retention_1m,FULL_CHARACTERISTIC_NEUTRAL,4439,PASS,888,888
2024-05-31,252,outside_community_degree_percentile,FULL_CHARACTERISTIC_NEUTRAL,4964,PASS,993,993
2024-05-31,252,residual_degree_percentile,FULL_CHARACTERISTIC_NEUTRAL,4964,PASS,993,993
2024-06-28,60,cross_industry_degree_percentile,FULL_CHARACTERISTIC_NEUTRAL,5047,PASS,1010,1010
2024-06-28,60,cross_industry_degree_ratio,FULL_CHARACTERISTIC_NEUTRAL,5012,PASS,1003,1003
2024-06-28,60,delta_cross_industry_degree_percentile_1m,FULL_CHARACTERISTIC_NEUTRAL,5044,PASS,1009,1009
2024-06-28,60,delta_degree_percentile,FULL_CHARACTERISTIC_NEUTRAL,5047,PASS,1010,1010
2024-06-28,60,delta_residual_degree_percentile_1m,FULL_CHARACTERISTIC_NEUTRAL,5044,PASS,1009,1009
2024-06-28,60,neighbor_jaccard_1m,FULL_CHARACTERISTIC_NEUTRAL,5042,PASS,1009,1009
2024-06-28,60,neighbor_retention_1m,FULL_CHARACTERISTIC_NEUTRAL,5031,PASS,1007,1006
2024-06-28,60,outside_community_degree_percentile,FULL_CHARACTERISTIC_NEUTRAL,5047,PASS,1010,1010
2024-06-28,60,residual_degree_percentile,FULL_CHARACTERISTIC_NEUTRAL,5047,PASS,1010,1010
2024-06-28,120,cross_industry_degree_percentile,FULL_CHARACTERISTIC_NEUTRAL,5058,PASS,1012,1012
2024-06-28,120,cross_industry_degree_ratio,FULL_CHARACTERISTIC_NEUTRAL,4409,PASS,882,882
2024-06-28,120,delta_cross_industry_degree_percentile_1m,FULL_CHARACTERISTIC_NEUTRAL,5053,PASS,1011,1011
2024-06-28,120,delta_degree_percentile,FULL_CHARACTERISTIC_NEUTRAL,5058,PASS,1012,1012
2024-06-28,120,delta_residual_degree_percentile_1m,FULL_CHARACTERISTIC_NEUTRAL,5053,PASS,1011,1011
2024-06-28,120,neighbor_jaccard_1m,FULL_CHARACTERISTIC_NEUTRAL,4587,PASS,918,918
2024-06-28,120,neighbor_retention_1m,FULL_CHARACTERISTIC_NEUTRAL,4438,PASS,888,888
2024-06-28,120,outside_community_degree_percentile,FULL_CHARACTERISTIC_NEUTRAL,5058,PASS,1012,1012
2024-06-28,120,residual_degree_percentile,FULL_CHARACTERISTIC_NEUTRAL,5058,PASS,1012,1012
2024-06-28,252,cross_industry_degree_percentile,FULL_CHARACTERISTIC_NEUTRAL,4980,PASS,996,996
2024-06-28,252,cross_industry_degree_ratio,FULL_CHARACTERISTIC_NEUTRAL,4457,PASS,892,892
2024-06-28,252,delta_cross_industry_degree_percentile_1m,FULL_CHARACTERISTIC_NEUTRAL,4945,PASS,989,989
2024-06-28,252,delta_degree_percentile,FULL_CHARACTERISTIC_NEUTRAL,4980,PASS,996,996
2024-06-28,252,delta_residual_degree_percentile_1m,FULL_CHARACTERISTIC_NEUTRAL,4945,PASS,989,989
2024-06-28,252,neighbor_jaccard_1m,FULL_CHARACTERISTIC_NEUTRAL,4528,PASS,906,906
2024-06-28,252,neighbor_retention_1m,FULL_CHARACTERISTIC_NEUTRAL,4454,PASS,891,891
2024-06-28,252,outside_community_degree_percentile,FULL_CHARACTERISTIC_NEUTRAL,4980,PASS,996,996
2024-06-28,252,residual_degree_percentile,FULL_CHARACTERISTIC_NEUTRAL,4980,PASS,996,996
2024-07-31,60,cross_industry_degree_percentile,FULL_CHARACTERISTIC_NEUTRAL,5049,PASS,1010,1010
2024-07-31,60,cross_industry_degree_ratio,FULL_CHARACTERISTIC_NEUTRAL,4966,PASS,994,993
2024-07-31,60,delta_cross_industry_degree_percentile_1m,FULL_CHARACTERISTIC_NEUTRAL,5046,PASS,1010,1009
2024-07-31,60,delta_degree_percentile,FULL_CHARACTERISTIC_NEUTRAL,5049,PASS,1010,1010
2024-07-31,60,delta_residual_degree_percentile_1m,FULL_CHARACTERISTIC_NEUTRAL,5046,PASS,1010,1009
2024-07-31,60,neighbor_jaccard_1m,FULL_CHARACTERISTIC_NEUTRAL,5037,PASS,1008,1008
2024-07-31,60,neighbor_retention_1m,FULL_CHARACTERISTIC_NEUTRAL,5011,PASS,1003,1002
2024-07-31,60,outside_community_degree_percentile,FULL_CHARACTERISTIC_NEUTRAL,5049,PASS,1010,1010
2024-07-31,60,residual_degree_percentile,FULL_CHARACTERISTIC_NEUTRAL,5049,PASS,1010,1010
2024-07-31,120,cross_industry_degree_percentile,FULL_CHARACTERISTIC_NEUTRAL,5056,PASS,1012,1011
2024-07-31,120,cross_industry_degree_ratio,FULL_CHARACTERISTIC_NEUTRAL,4535,PASS,907,907
2024-07-31,120,delta_cross_industry_degree_percentile_1m,FULL_CHARACTERISTIC_NEUTRAL,5051,PASS,1011,1010
2024-07-31,120,delta_degree_percentile,FULL_CHARACTERISTIC_NEUTRAL,5056,PASS,1012,1011
2024-07-31,120,delta_residual_degree_percentile_1m,FULL_CHARACTERISTIC_NEUTRAL,5051,PASS,1011,1010
2024-07-31,120,neighbor_jaccard_1m,FULL_CHARACTERISTIC_NEUTRAL,4628,PASS,926,926
2024-07-31,120,neighbor_retention_1m,FULL_CHARACTERISTIC_NEUTRAL,4400,PASS,880,880
2024-07-31,120,outside_community_degree_percentile,FULL_CHARACTERISTIC_NEUTRAL,5056,PASS,1012,1011
2024-07-31,120,residual_degree_percentile,FULL_CHARACTERISTIC_NEUTRAL,5056,PASS,1012,1011
2024-07-31,252,cross_industry_degree_percentile,FULL_CHARACTERISTIC_NEUTRAL,4999,PASS,1000,1000
2024-07-31,252,cross_industry_degree_ratio,FULL_CHARACTERISTIC_NEUTRAL,4485,PASS,897,897
2024-07-31,252,delta_cross_industry_degree_percentile_1m,FULL_CHARACTERISTIC_NEUTRAL,4967,PASS,994,994
2024-07-31,252,delta_degree_percentile,FULL_CHARACTERISTIC_NEUTRAL,4999,PASS,1000,1000
2024-07-31,252,delta_residual_degree_percentile_1m,FULL_CHARACTERISTIC_NEUTRAL,4967,PASS,994,994
2024-07-31,252,neighbor_jaccard_1m,FULL_CHARACTERISTIC_NEUTRAL,4548,PASS,910,910
2024-07-31,252,neighbor_retention_1m,FULL_CHARACTERISTIC_NEUTRAL,4444,PASS,889,889
2024-07-31,252,outside_community_degree_percentile,FULL_CHARACTERISTIC_NEUTRAL,4999,PASS,1000,1000
2024-07-31,252,residual_degree_percentile,FULL_CHARACTERISTIC_NEUTRAL,4999,PASS,1000,1000
2024-08-30,60,cross_industry_degree_percentile,FULL_CHARACTERISTIC_NEUTRAL,5053,PASS,1011,1011
2024-08-30,60,cross_industry_degree_ratio,FULL_CHARACTERISTIC_NEUTRAL,4996,PASS,1000,999
2024-08-30,60,delta_cross_industry_degree_percentile_1m,FULL_CHARACTERISTIC_NEUTRAL,5051,PASS,1011,1010
2024-08-30,60,delta_degree_percentile,FULL_CHARACTERISTIC_NEUTRAL,5053,PASS,1011,1011
2024-08-30,60,delta_residual_degree_percentile_1m,FULL_CHARACTERISTIC_NEUTRAL,5051,PASS,1011,1010
2024-08-30,60,neighbor_jaccard_1m,FULL_CHARACTERISTIC_NEUTRAL,5034,PASS,1007,1007
2024-08-30,60,neighbor_retention_1m,FULL_CHARACTERISTIC_NEUTRAL,4969,PASS,994,994
2024-08-30,60,outside_community_degree_percentile,FULL_CHARACTERISTIC_NEUTRAL,5053,PASS,1011,1011
2024-08-30,60,residual_degree_percentile,FULL_CHARACTERISTIC_NEUTRAL,5053,PASS,1011,1011
2024-08-30,120,cross_industry_degree_percentile,FULL_CHARACTERISTIC_NEUTRAL,5057,PASS,1012,1012
2024-08-30,120,cross_industry_degree_ratio,FULL_CHARACTERISTIC_NEUTRAL,4931,PASS,987,986
2024-08-30,120,delta_cross_industry_degree_percentile_1m,FULL_CHARACTERISTIC_NEUTRAL,5055,PASS,1011,1011
2024-08-30,120,delta_degree_percentile,FULL_CHARACTERISTIC_NEUTRAL,5057,PASS,1012,1012
2024-08-30,120,delta_residual_degree_percentile_1m,FULL_CHARACTERISTIC_NEUTRAL,5055,PASS,1011,1011
2024-08-30,120,neighbor_jaccard_1m,FULL_CHARACTERISTIC_NEUTRAL,4960,PASS,992,992
2024-08-30,120,neighbor_retention_1m,FULL_CHARACTERISTIC_NEUTRAL,4529,PASS,906,906
2024-08-30,120,outside_community_degree_percentile,FULL_CHARACTERISTIC_NEUTRAL,5057,PASS,1012,1012
2024-08-30,120,residual_degree_percentile,FULL_CHARACTERISTIC_NEUTRAL,5057,PASS,1012,1012
2024-08-30,252,cross_industry_degree_percentile,FULL_CHARACTERISTIC_NEUTRAL,5006,PASS,1002,1001
2024-08-30,252,cross_industry_degree_ratio,FULL_CHARACTERISTIC_NEUTRAL,4515,PASS,903,903
2024-08-30,252,delta_cross_industry_degree_percentile_1m,FULL_CHARACTERISTIC_NEUTRAL,4990,PASS,998,998
2024-08-30,252,delta_degree_percentile,FULL_CHARACTERISTIC_NEUTRAL,5006,PASS,1002,1001
2024-08-30,252,delta_residual_degree_percentile_1m,FULL_CHARACTERISTIC_NEUTRAL,4990,PASS,998,998
2024-08-30,252,neighbor_jaccard_1m,FULL_CHARACTERISTIC_NEUTRAL,4567,PASS,914,914
2024-08-30,252,neighbor_retention_1m,FULL_CHARACTERISTIC_NEUTRAL,4477,PASS,896,896
2024-08-30,252,outside_community_degree_percentile,FULL_CHARACTERISTIC_NEUTRAL,5006,PASS,1002,1001
2024-08-30,252,residual_degree_percentile,FULL_CHARACTERISTIC_NEUTRAL,5006,PASS,1002,1001
2024-09-30,60,cross_industry_degree_percentile,FULL_CHARACTERISTIC_NEUTRAL,5053,PASS,1011,1011
2024-09-30,60,cross_industry_degree_ratio,FULL_CHARACTERISTIC_NEUTRAL,5037,PASS,1008,1008
2024-09-30,60,delta_cross_industry_degree_percentile_1m,FULL_CHARACTERISTIC_NEUTRAL,5051,PASS,1011,1010
2024-09-30,60,delta_degree_percentile,FULL_CHARACTERISTIC_NEUTRAL,5053,PASS,1011,1011
2024-09-30,60,delta_residual_degree_percentile_1m,FULL_CHARACTERISTIC_NEUTRAL,5051,PASS,1011,1010
2024-09-30,60,neighbor_jaccard_1m,FULL_CHARACTERISTIC_NEUTRAL,5045,PASS,1009,1009
2024-09-30,60,neighbor_retention_1m,FULL_CHARACTERISTIC_NEUTRAL,4995,PASS,999,999
2024-09-30,60,outside_community_degree_percentile,FULL_CHARACTERISTIC_NEUTRAL,5053,PASS,1011,1011
2024-09-30,60,residual_degree_percentile,FULL_CHARACTERISTIC_NEUTRAL,5053,PASS,1011,1011
2024-09-30,120,cross_industry_degree_percentile,FULL_CHARACTERISTIC_NEUTRAL,5061,PASS,1013,1012
2024-09-30,120,cross_industry_degree_ratio,FULL_CHARACTERISTIC_NEUTRAL,4887,PASS,978,978
2024-09-30,120,delta_cross_industry_degree_percentile_1m,FULL_CHARACTERISTIC_NEUTRAL,5058,PASS,1012,1012
2024-09-30,120,delta_degree_percentile,FULL_CHARACTERISTIC_NEUTRAL,5061,PASS,1013,1012
2024-09-30,120,delta_residual_degree_percentile_1m,FULL_CHARACTERISTIC_NEUTRAL,5058,PASS,1012,1012
2024-09-30,120,neighbor_jaccard_1m,FULL_CHARACTERISTIC_NEUTRAL,4977,PASS,996,996
2024-09-30,120,neighbor_retention_1m,FULL_CHARACTERISTIC_NEUTRAL,4933,PASS,987,987
2024-09-30,120,outside_community_degree_percentile,FULL_CHARACTERISTIC_NEUTRAL,5061,PASS,1013,1012
2024-09-30,120,residual_degree_percentile,FULL_CHARACTERISTIC_NEUTRAL,5061,PASS,1013,1012
2024-09-30,252,cross_industry_degree_percentile,FULL_CHARACTERISTIC_NEUTRAL,5015,PASS,1003,1003
2024-09-30,252,cross_industry_degree_ratio,FULL_CHARACTERISTIC_NEUTRAL,4415,PASS,883,883
2024-09-30,252,delta_cross_industry_degree_percentile_1m,FULL_CHARACTERISTIC_NEUTRAL,5005,PASS,1001,1001
2024-09-30,252,delta_degree_percentile,FULL_CHARACTERISTIC_NEUTRAL,5015,PASS,1003,1003
2024-09-30,252,delta_residual_degree_percentile_1m,FULL_CHARACTERISTIC_NEUTRAL,5005,PASS,1001,1001
2024-09-30,252,neighbor_jaccard_1m,FULL_CHARACTERISTIC_NEUTRAL,4551,PASS,911,910
2024-09-30,252,neighbor_retention_1m,FULL_CHARACTERISTIC_NEUTRAL,4513,PASS,903,903
2024-09-30,252,outside_community_degree_percentile,FULL_CHARACTERISTIC_NEUTRAL,5015,PASS,1003,1003
2024-09-30,252,residual_degree_percentile,FULL_CHARACTERISTIC_NEUTRAL,5015,PASS,1003,1003
2024-10-31,60,cross_industry_degree_percentile,FULL_CHARACTERISTIC_NEUTRAL,5046,PASS,1010,1009
2024-10-31,60,cross_industry_degree_ratio,FULL_CHARACTERISTIC_NEUTRAL,4979,PASS,996,996
2024-10-31,60,delta_cross_industry_degree_percentile_1m,FULL_CHARACTERISTIC_NEUTRAL,5045,PASS,1009,1009
2024-10-31,60,delta_degree_percentile,FULL_CHARACTERISTIC_NEUTRAL,5046,PASS,1010,1009
2024-10-31,60,delta_residual_degree_percentile_1m,FULL_CHARACTERISTIC_NEUTRAL,5045,PASS,1009,1009
2024-10-31,60,neighbor_jaccard_1m,FULL_CHARACTERISTIC_NEUTRAL,5043,PASS,1009,1009
2024-10-31,60,neighbor_retention_1m,FULL_CHARACTERISTIC_NEUTRAL,5028,PASS,1006,1006
2024-10-31,60,outside_community_degree_percentile,FULL_CHARACTERISTIC_NEUTRAL,5046,PASS,1010,1009
2024-10-31,60,residual_degree_percentile,FULL_CHARACTERISTIC_NEUTRAL,5046,PASS,1010,1009
2024-10-31,120,cross_industry_degree_percentile,FULL_CHARACTERISTIC_NEUTRAL,5064,PASS,1013,1013
2024-10-31,120,cross_industry_degree_ratio,FULL_CHARACTERISTIC_NEUTRAL,4905,PASS,981,981
2024-10-31,120,delta_cross_industry_degree_percentile_1m,FULL_CHARACTERISTIC_NEUTRAL,5064,PASS,1013,1013
2024-10-31,120,delta_degree_percentile,FULL_CHARACTERISTIC_NEUTRAL,5064,PASS,1013,1013
2024-10-31,120,delta_residual_degree_percentile_1m,FULL_CHARACTERISTIC_NEUTRAL,5064,PASS,1013,1013
2024-10-31,120,neighbor_jaccard_1m,FULL_CHARACTERISTIC_NEUTRAL,4996,PASS,1000,999
2024-10-31,120,neighbor_retention_1m,FULL_CHARACTERISTIC_NEUTRAL,4890,PASS,978,978
2024-10-31,120,outside_community_degree_percentile,FULL_CHARACTERISTIC_NEUTRAL,5064,PASS,1013,1013
2024-10-31,120,residual_degree_percentile,FULL_CHARACTERISTIC_NEUTRAL,5064,PASS,1013,1013
2024-10-31,252,cross_industry_degree_percentile,FULL_CHARACTERISTIC_NEUTRAL,5023,PASS,1005,1005
2024-10-31,252,cross_industry_degree_ratio,FULL_CHARACTERISTIC_NEUTRAL,4416,PASS,884,883
2024-10-31,252,delta_cross_industry_degree_percentile_1m,FULL_CHARACTERISTIC_NEUTRAL,5014,PASS,1003,1003
2024-10-31,252,delta_degree_percentile,FULL_CHARACTERISTIC_NEUTRAL,5023,PASS,1005,1005
2024-10-31,252,delta_residual_degree_percentile_1m,FULL_CHARACTERISTIC_NEUTRAL,5014,PASS,1003,1003
2024-10-31,252,neighbor_jaccard_1m,FULL_CHARACTERISTIC_NEUTRAL,4523,PASS,905,905
2024-10-31,252,neighbor_retention_1m,FULL_CHARACTERISTIC_NEUTRAL,4415,PASS,883,883
2024-10-31,252,outside_community_degree_percentile,FULL_CHARACTERISTIC_NEUTRAL,5023,PASS,1005,1005
2024-10-31,252,residual_degree_percentile,FULL_CHARACTERISTIC_NEUTRAL,5023,PASS,1005,1005
2024-11-29,60,cross_industry_degree_percentile,FULL_CHARACTERISTIC_NEUTRAL,5032,PASS,1007,1007
2024-11-29,60,cross_industry_degree_ratio,FULL_CHARACTERISTIC_NEUTRAL,4956,PASS,992,991
2024-11-29,60,delta_cross_industry_degree_percentile_1m,FULL_CHARACTERISTIC_NEUTRAL,5029,PASS,1006,1006
2024-11-29,60,delta_degree_percentile,FULL_CHARACTERISTIC_NEUTRAL,5032,PASS,1007,1007
2024-11-29,60,delta_residual_degree_percentile_1m,FULL_CHARACTERISTIC_NEUTRAL,5029,PASS,1006,1006
2024-11-29,60,neighbor_jaccard_1m,FULL_CHARACTERISTIC_NEUTRAL,5006,PASS,1002,1001
2024-11-29,60,neighbor_retention_1m,FULL_CHARACTERISTIC_NEUTRAL,4964,PASS,993,993
2024-11-29,60,outside_community_degree_percentile,FULL_CHARACTERISTIC_NEUTRAL,5032,PASS,1007,1007
2024-11-29,60,residual_degree_percentile,FULL_CHARACTERISTIC_NEUTRAL,5032,PASS,1007,1007
2024-11-29,120,cross_industry_degree_percentile,FULL_CHARACTERISTIC_NEUTRAL,5062,PASS,1013,1013
2024-11-29,120,cross_industry_degree_ratio,FULL_CHARACTERISTIC_NEUTRAL,4913,PASS,983,983
2024-11-29,120,delta_cross_industry_degree_percentile_1m,FULL_CHARACTERISTIC_NEUTRAL,5062,PASS,1013,1013
2024-11-29,120,delta_degree_percentile,FULL_CHARACTERISTIC_NEUTRAL,5062,PASS,1013,1013
2024-11-29,120,delta_residual_degree_percentile_1m,FULL_CHARACTERISTIC_NEUTRAL,5062,PASS,1013,1013
2024-11-29,120,neighbor_jaccard_1m,FULL_CHARACTERISTIC_NEUTRAL,4993,PASS,999,999
2024-11-29,120,neighbor_retention_1m,FULL_CHARACTERISTIC_NEUTRAL,4904,PASS,981,981
2024-11-29,120,outside_community_degree_percentile,FULL_CHARACTERISTIC_NEUTRAL,5062,PASS,1013,1013
2024-11-29,120,residual_degree_percentile,FULL_CHARACTERISTIC_NEUTRAL,5062,PASS,1013,1013
2024-11-29,252,cross_industry_degree_percentile,FULL_CHARACTERISTIC_NEUTRAL,5034,PASS,1007,1007
2024-11-29,252,cross_industry_degree_ratio,FULL_CHARACTERISTIC_NEUTRAL,4456,PASS,892,891
2024-11-29,252,delta_cross_industry_degree_percentile_1m,FULL_CHARACTERISTIC_NEUTRAL,5023,PASS,1005,1005
2024-11-29,252,delta_degree_percentile,FULL_CHARACTERISTIC_NEUTRAL,5034,PASS,1007,1007
2024-11-29,252,delta_residual_degree_percentile_1m,FULL_CHARACTERISTIC_NEUTRAL,5023,PASS,1005,1005
2024-11-29,252,neighbor_jaccard_1m,FULL_CHARACTERISTIC_NEUTRAL,4547,PASS,910,910
2024-11-29,252,neighbor_retention_1m,FULL_CHARACTERISTIC_NEUTRAL,4416,PASS,884,883
2024-11-29,252,outside_community_degree_percentile,FULL_CHARACTERISTIC_NEUTRAL,5034,PASS,1007,1007
2024-11-29,252,residual_degree_percentile,FULL_CHARACTERISTIC_NEUTRAL,5034,PASS,1007,1007
2024-12-31,60,cross_industry_degree_percentile,FULL_CHARACTERISTIC_NEUTRAL,5032,PASS,1007,1007
2024-12-31,60,cross_industry_degree_ratio,FULL_CHARACTERISTIC_NEUTRAL,4959,PASS,992,992
2024-12-31,60,delta_cross_industry_degree_percentile_1m,FULL_CHARACTERISTIC_NEUTRAL,5024,PASS,1005,1005
2024-12-31,60,delta_degree_percentile,FULL_CHARACTERISTIC_NEUTRAL,5032,PASS,1007,1007
2024-12-31,60,delta_residual_degree_percentile_1m,FULL_CHARACTERISTIC_NEUTRAL,5024,PASS,1005,1005
2024-12-31,60,neighbor_jaccard_1m,FULL_CHARACTERISTIC_NEUTRAL,5004,PASS,1001,1001
2024-12-31,60,neighbor_retention_1m,FULL_CHARACTERISTIC_NEUTRAL,4947,PASS,990,990
2024-12-31,60,outside_community_degree_percentile,FULL_CHARACTERISTIC_NEUTRAL,5032,PASS,1007,1007
2024-12-31,60,residual_degree_percentile,FULL_CHARACTERISTIC_NEUTRAL,5032,PASS,1007,1007
2024-12-31,120,cross_industry_degree_percentile,FULL_CHARACTERISTIC_NEUTRAL,5071,PASS,1015,1014
2024-12-31,120,cross_industry_degree_ratio,FULL_CHARACTERISTIC_NEUTRAL,4959,PASS,992,992
2024-12-31,120,delta_cross_industry_degree_percentile_1m,FULL_CHARACTERISTIC_NEUTRAL,5065,PASS,1013,1013
2024-12-31,120,delta_degree_percentile,FULL_CHARACTERISTIC_NEUTRAL,5071,PASS,1015,1014
2024-12-31,120,delta_residual_degree_percentile_1m,FULL_CHARACTERISTIC_NEUTRAL,5065,PASS,1013,1013
2024-12-31,120,neighbor_jaccard_1m,FULL_CHARACTERISTIC_NEUTRAL,5012,PASS,1003,1003
2024-12-31,120,neighbor_retention_1m,FULL_CHARACTERISTIC_NEUTRAL,4915,PASS,983,983
2024-12-31,120,outside_community_degree_percentile,FULL_CHARACTERISTIC_NEUTRAL,5071,PASS,1015,1014
2024-12-31,120,residual_degree_percentile,FULL_CHARACTERISTIC_NEUTRAL,5071,PASS,1015,1014
2024-12-31,252,cross_industry_degree_percentile,FULL_CHARACTERISTIC_NEUTRAL,5042,PASS,1009,1009
2024-12-31,252,cross_industry_degree_ratio,FULL_CHARACTERISTIC_NEUTRAL,4440,PASS,888,888
2024-12-31,252,delta_cross_industry_degree_percentile_1m,FULL_CHARACTERISTIC_NEUTRAL,5029,PASS,1006,1006
2024-12-31,252,delta_degree_percentile,FULL_CHARACTERISTIC_NEUTRAL,5042,PASS,1009,1009
2024-12-31,252,delta_residual_degree_percentile_1m,FULL_CHARACTERISTIC_NEUTRAL,5029,PASS,1006,1006
2024-12-31,252,neighbor_jaccard_1m,FULL_CHARACTERISTIC_NEUTRAL,4539,PASS,908,908
2024-12-31,252,neighbor_retention_1m,FULL_CHARACTERISTIC_NEUTRAL,4452,PASS,891,891
2024-12-31,252,outside_community_degree_percentile,FULL_CHARACTERISTIC_NEUTRAL,5042,PASS,1009,1009
2024-12-31,252,residual_degree_percentile,FULL_CHARACTERISTIC_NEUTRAL,5042,PASS,1009,1009
2025-01-27,60,cross_industry_degree_percentile,FULL_CHARACTERISTIC_NEUTRAL,5034,PASS,1007,1007
2025-01-27,60,cross_industry_degree_ratio,FULL_CHARACTERISTIC_NEUTRAL,4990,PASS,998,998
2025-01-27,60,delta_cross_industry_degree_percentile_1m,FULL_CHARACTERISTIC_NEUTRAL,5019,PASS,1004,1004
2025-01-27,60,delta_degree_percentile,FULL_CHARACTERISTIC_NEUTRAL,5034,PASS,1007,1007
2025-01-27,60,delta_residual_degree_percentile_1m,FULL_CHARACTERISTIC_NEUTRAL,5019,PASS,1004,1004
2025-01-27,60,neighbor_jaccard_1m,FULL_CHARACTERISTIC_NEUTRAL,5009,PASS,1002,1002
2025-01-27,60,neighbor_retention_1m,FULL_CHARACTERISTIC_NEUTRAL,4947,PASS,990,990
2025-01-27,60,outside_community_degree_percentile,FULL_CHARACTERISTIC_NEUTRAL,5034,PASS,1007,1007
2025-01-27,60,residual_degree_percentile,FULL_CHARACTERISTIC_NEUTRAL,5034,PASS,1007,1007
2025-01-27,120,cross_industry_degree_percentile,FULL_CHARACTERISTIC_NEUTRAL,5074,PASS,1015,1015
2025-01-27,120,cross_industry_degree_ratio,FULL_CHARACTERISTIC_NEUTRAL,4912,PASS,983,983
2025-01-27,120,delta_cross_industry_degree_percentile_1m,FULL_CHARACTERISTIC_NEUTRAL,5071,PASS,1015,1014
2025-01-27,120,delta_degree_percentile,FULL_CHARACTERISTIC_NEUTRAL,5074,PASS,1015,1015
2025-01-27,120,delta_residual_degree_percentile_1m,FULL_CHARACTERISTIC_NEUTRAL,5071,PASS,1015,1014
2025-01-27,120,neighbor_jaccard_1m,FULL_CHARACTERISTIC_NEUTRAL,5001,PASS,1001,1000
2025-01-27,120,neighbor_retention_1m,FULL_CHARACTERISTIC_NEUTRAL,4959,PASS,992,992
2025-01-27,120,outside_community_degree_percentile,FULL_CHARACTERISTIC_NEUTRAL,5074,PASS,1015,1015
2025-01-27,120,residual_degree_percentile,FULL_CHARACTERISTIC_NEUTRAL,5074,PASS,1015,1015
2025-01-27,252,cross_industry_degree_percentile,FULL_CHARACTERISTIC_NEUTRAL,5049,PASS,1010,1010
2025-01-27,252,cross_industry_degree_ratio,FULL_CHARACTERISTIC_NEUTRAL,4455,PASS,891,891
2025-01-27,252,delta_cross_industry_degree_percentile_1m,FULL_CHARACTERISTIC_NEUTRAL,5041,PASS,1009,1008
2025-01-27,252,delta_degree_percentile,FULL_CHARACTERISTIC_NEUTRAL,5049,PASS,1010,1010
2025-01-27,252,delta_residual_degree_percentile_1m,FULL_CHARACTERISTIC_NEUTRAL,5041,PASS,1009,1008
2025-01-27,252,neighbor_jaccard_1m,FULL_CHARACTERISTIC_NEUTRAL,4537,PASS,908,908
2025-01-27,252,neighbor_retention_1m,FULL_CHARACTERISTIC_NEUTRAL,4439,PASS,888,888
2025-01-27,252,outside_community_degree_percentile,FULL_CHARACTERISTIC_NEUTRAL,5049,PASS,1010,1010
2025-01-27,252,residual_degree_percentile,FULL_CHARACTERISTIC_NEUTRAL,5049,PASS,1010,1010
2025-02-28,60,cross_industry_degree_percentile,FULL_CHARACTERISTIC_NEUTRAL,5046,PASS,1010,1009
2025-02-28,60,cross_industry_degree_ratio,FULL_CHARACTERISTIC_NEUTRAL,5021,PASS,1005,1004
2025-02-28,60,delta_cross_industry_degree_percentile_1m,FULL_CHARACTERISTIC_NEUTRAL,5033,PASS,1007,1007
2025-02-28,60,delta_degree_percentile,FULL_CHARACTERISTIC_NEUTRAL,5046,PASS,1010,1009
2025-02-28,60,delta_residual_degree_percentile_1m,FULL_CHARACTERISTIC_NEUTRAL,5033,PASS,1007,1007
2025-02-28,60,neighbor_jaccard_1m,FULL_CHARACTERISTIC_NEUTRAL,5028,PASS,1006,1006
2025-02-28,60,neighbor_retention_1m,FULL_CHARACTERISTIC_NEUTRAL,4989,PASS,998,998
2025-02-28,60,outside_community_degree_percentile,FULL_CHARACTERISTIC_NEUTRAL,5046,PASS,1010,1009
2025-02-28,60,residual_degree_percentile,FULL_CHARACTERISTIC_NEUTRAL,5046,PASS,1010,1009
2025-02-28,120,cross_industry_degree_percentile,FULL_CHARACTERISTIC_NEUTRAL,5077,PASS,1016,1016
2025-02-28,120,cross_industry_degree_ratio,FULL_CHARACTERISTIC_NEUTRAL,4895,PASS,979,979
2025-02-28,120,delta_cross_industry_degree_percentile_1m,FULL_CHARACTERISTIC_NEUTRAL,5075,PASS,1015,1015
2025-02-28,120,delta_degree_percentile,FULL_CHARACTERISTIC_NEUTRAL,5077,PASS,1016,1016
2025-02-28,120,delta_residual_degree_percentile_1m,FULL_CHARACTERISTIC_NEUTRAL,5075,PASS,1015,1015
2025-02-28,120,neighbor_jaccard_1m,FULL_CHARACTERISTIC_NEUTRAL,4984,PASS,997,997
2025-02-28,120,neighbor_retention_1m,FULL_CHARACTERISTIC_NEUTRAL,4913,PASS,983,983
2025-02-28,120,outside_community_degree_percentile,FULL_CHARACTERISTIC_NEUTRAL,5077,PASS,1016,1016
2025-02-28,120,residual_degree_percentile,FULL_CHARACTERISTIC_NEUTRAL,5077,PASS,1016,1016
2025-02-28,252,cross_industry_degree_percentile,FULL_CHARACTERISTIC_NEUTRAL,5052,PASS,1011,1011
2025-02-28,252,cross_industry_degree_ratio,FULL_CHARACTERISTIC_NEUTRAL,4629,PASS,926,926
2025-02-28,252,delta_cross_industry_degree_percentile_1m,FULL_CHARACTERISTIC_NEUTRAL,5046,PASS,1010,1009
2025-02-28,252,delta_degree_percentile,FULL_CHARACTERISTIC_NEUTRAL,5052,PASS,1011,1011
2025-02-28,252,delta_residual_degree_percentile_1m,FULL_CHARACTERISTIC_NEUTRAL,5046,PASS,1010,1009
2025-02-28,252,neighbor_jaccard_1m,FULL_CHARACTERISTIC_NEUTRAL,4669,PASS,934,934
2025-02-28,252,neighbor_retention_1m,FULL_CHARACTERISTIC_NEUTRAL,4452,PASS,891,891
2025-02-28,252,outside_community_degree_percentile,FULL_CHARACTERISTIC_NEUTRAL,5052,PASS,1011,1011
2025-02-28,252,residual_degree_percentile,FULL_CHARACTERISTIC_NEUTRAL,5052,PASS,1011,1011
2025-03-31,60,cross_industry_degree_percentile,FULL_CHARACTERISTIC_NEUTRAL,5044,PASS,1009,1009
2025-03-31,60,cross_industry_degree_ratio,FULL_CHARACTERISTIC_NEUTRAL,5028,PASS,1006,1006
2025-03-31,60,delta_cross_industry_degree_percentile_1m,FULL_CHARACTERISTIC_NEUTRAL,5032,PASS,1007,1007
2025-03-31,60,delta_degree_percentile,FULL_CHARACTERISTIC_NEUTRAL,5044,PASS,1009,1009
2025-03-31,60,delta_residual_degree_percentile_1m,FULL_CHARACTERISTIC_NEUTRAL,5032,PASS,1007,1007
2025-03-31,60,neighbor_jaccard_1m,FULL_CHARACTERISTIC_NEUTRAL,5030,PASS,1006,1006
2025-03-31,60,neighbor_retention_1m,FULL_CHARACTERISTIC_NEUTRAL,5007,PASS,1002,1002
2025-03-31,60,outside_community_degree_percentile,FULL_CHARACTERISTIC_NEUTRAL,5044,PASS,1009,1009
2025-03-31,60,residual_degree_percentile,FULL_CHARACTERISTIC_NEUTRAL,5044,PASS,1009,1009
2025-03-31,120,cross_industry_degree_percentile,FULL_CHARACTERISTIC_NEUTRAL,5085,PASS,1017,1017
2025-03-31,120,cross_industry_degree_ratio,FULL_CHARACTERISTIC_NEUTRAL,4868,PASS,974,974
2025-03-31,120,delta_cross_industry_degree_percentile_1m,FULL_CHARACTERISTIC_NEUTRAL,5081,PASS,1017,1016
2025-03-31,120,delta_degree_percentile,FULL_CHARACTERISTIC_NEUTRAL,5085,PASS,1017,1017
2025-03-31,120,delta_residual_degree_percentile_1m,FULL_CHARACTERISTIC_NEUTRAL,5081,PASS,1017,1016
2025-03-31,120,neighbor_jaccard_1m,FULL_CHARACTERISTIC_NEUTRAL,4962,PASS,993,993
2025-03-31,120,neighbor_retention_1m,FULL_CHARACTERISTIC_NEUTRAL,4899,PASS,980,980
2025-03-31,120,outside_community_degree_percentile,FULL_CHARACTERISTIC_NEUTRAL,5085,PASS,1017,1017
2025-03-31,120,residual_degree_percentile,FULL_CHARACTERISTIC_NEUTRAL,5085,PASS,1017,1017
2025-03-31,252,cross_industry_degree_percentile,FULL_CHARACTERISTIC_NEUTRAL,5057,PASS,1012,1012
2025-03-31,252,cross_industry_degree_ratio,FULL_CHARACTERISTIC_NEUTRAL,4743,PASS,949,949
2025-03-31,252,delta_cross_industry_degree_percentile_1m,FULL_CHARACTERISTIC_NEUTRAL,5051,PASS,1011,1010
2025-03-31,252,delta_degree_percentile,FULL_CHARACTERISTIC_NEUTRAL,5057,PASS,1012,1012
2025-03-31,252,delta_residual_degree_percentile_1m,FULL_CHARACTERISTIC_NEUTRAL,5051,PASS,1011,1010
2025-03-31,252,neighbor_jaccard_1m,FULL_CHARACTERISTIC_NEUTRAL,4799,PASS,960,960
2025-03-31,252,neighbor_retention_1m,FULL_CHARACTERISTIC_NEUTRAL,4628,PASS,926,926
2025-03-31,252,outside_community_degree_percentile,FULL_CHARACTERISTIC_NEUTRAL,5057,PASS,1012,1012
2025-03-31,252,residual_degree_percentile,FULL_CHARACTERISTIC_NEUTRAL,5057,PASS,1012,1012
2025-04-30,60,cross_industry_degree_percentile,FULL_CHARACTERISTIC_NEUTRAL,5053,PASS,1011,1011
2025-04-30,60,cross_industry_degree_ratio,FULL_CHARACTERISTIC_NEUTRAL,5011,PASS,1003,1002
2025-04-30,60,delta_cross_industry_degree_percentile_1m,FULL_CHARACTERISTIC_NEUTRAL,5033,PASS,1007,1007
2025-04-30,60,delta_degree_percentile,FULL_CHARACTERISTIC_NEUTRAL,5053,PASS,1011,1011
2025-04-30,60,delta_residual_degree_percentile_1m,FULL_CHARACTERISTIC_NEUTRAL,5033,PASS,1007,1007
2025-04-30,60,neighbor_jaccard_1m,FULL_CHARACTERISTIC_NEUTRAL,5032,PASS,1007,1007
2025-04-30,60,neighbor_retention_1m,FULL_CHARACTERISTIC_NEUTRAL,5017,PASS,1004,1004
2025-04-30,60,outside_community_degree_percentile,FULL_CHARACTERISTIC_NEUTRAL,5053,PASS,1011,1011
2025-04-30,60,residual_degree_percentile,FULL_CHARACTERISTIC_NEUTRAL,5053,PASS,1011,1011
2025-04-30,120,cross_industry_degree_percentile,FULL_CHARACTERISTIC_NEUTRAL,5087,PASS,1018,1018
2025-04-30,120,cross_industry_degree_ratio,FULL_CHARACTERISTIC_NEUTRAL,4983,PASS,997,997
2025-04-30,120,delta_cross_industry_degree_percentile_1m,FULL_CHARACTERISTIC_NEUTRAL,5081,PASS,1017,1016
2025-04-30,120,delta_degree_percentile,FULL_CHARACTERISTIC_NEUTRAL,5087,PASS,1018,1018
2025-04-30,120,delta_residual_degree_percentile_1m,FULL_CHARACTERISTIC_NEUTRAL,5081,PASS,1017,1016
2025-04-30,120,neighbor_jaccard_1m,FULL_CHARACTERISTIC_NEUTRAL,5022,PASS,1005,1005
2025-04-30,120,neighbor_retention_1m,FULL_CHARACTERISTIC_NEUTRAL,4863,PASS,973,973
2025-04-30,120,outside_community_degree_percentile,FULL_CHARACTERISTIC_NEUTRAL,5087,PASS,1018,1018
2025-04-30,120,residual_degree_percentile,FULL_CHARACTERISTIC_NEUTRAL,5087,PASS,1018,1018
2025-04-30,252,cross_industry_degree_percentile,FULL_CHARACTERISTIC_NEUTRAL,5054,PASS,1011,1011
2025-04-30,252,cross_industry_degree_ratio,FULL_CHARACTERISTIC_NEUTRAL,4777,PASS,956,956
2025-04-30,252,delta_cross_industry_degree_percentile_1m,FULL_CHARACTERISTIC_NEUTRAL,5052,PASS,1011,1011
2025-04-30,252,delta_degree_percentile,FULL_CHARACTERISTIC_NEUTRAL,5054,PASS,1011,1011
2025-04-30,252,delta_residual_degree_percentile_1m,FULL_CHARACTERISTIC_NEUTRAL,5052,PASS,1011,1011
2025-04-30,252,neighbor_jaccard_1m,FULL_CHARACTERISTIC_NEUTRAL,4852,PASS,971,971
2025-04-30,252,neighbor_retention_1m,FULL_CHARACTERISTIC_NEUTRAL,4737,PASS,948,948
2025-04-30,252,outside_community_degree_percentile,FULL_CHARACTERISTIC_NEUTRAL,5054,PASS,1011,1011
2025-04-30,252,residual_degree_percentile,FULL_CHARACTERISTIC_NEUTRAL,5054,PASS,1011,1011
2025-05-30,60,cross_industry_degree_percentile,FULL_CHARACTERISTIC_NEUTRAL,5040,PASS,1008,1008
2025-05-30,60,cross_industry_degree_ratio,FULL_CHARACTERISTIC_NEUTRAL,4996,PASS,1000,999
2025-05-30,60,delta_cross_industry_degree_percentile_1m,FULL_CHARACTERISTIC_NEUTRAL,5031,PASS,1007,1006
2025-05-30,60,delta_degree_percentile,FULL_CHARACTERISTIC_NEUTRAL,5040,PASS,1008,1008
2025-05-30,60,delta_residual_degree_percentile_1m,FULL_CHARACTERISTIC_NEUTRAL,5031,PASS,1007,1006
2025-05-30,60,neighbor_jaccard_1m,FULL_CHARACTERISTIC_NEUTRAL,5023,PASS,1005,1005
2025-05-30,60,neighbor_retention_1m,FULL_CHARACTERISTIC_NEUTRAL,4992,PASS,999,999
2025-05-30,60,outside_community_degree_percentile,FULL_CHARACTERISTIC_NEUTRAL,5040,PASS,1008,1008
2025-05-30,60,residual_degree_percentile,FULL_CHARACTERISTIC_NEUTRAL,5040,PASS,1008,1008
2025-05-30,120,cross_industry_degree_percentile,FULL_CHARACTERISTIC_NEUTRAL,5078,PASS,1016,1016
2025-05-30,120,cross_industry_degree_ratio,FULL_CHARACTERISTIC_NEUTRAL,4996,PASS,1000,999
2025-05-30,120,delta_cross_industry_degree_percentile_1m,FULL_CHARACTERISTIC_NEUTRAL,5074,PASS,1015,1015
2025-05-30,120,delta_degree_percentile,FULL_CHARACTERISTIC_NEUTRAL,5078,PASS,1016,1016
2025-05-30,120,delta_residual_degree_percentile_1m,FULL_CHARACTERISTIC_NEUTRAL,5074,PASS,1015,1015
2025-05-30,120,neighbor_jaccard_1m,FULL_CHARACTERISTIC_NEUTRAL,5033,PASS,1007,1007
2025-05-30,120,neighbor_retention_1m,FULL_CHARACTERISTIC_NEUTRAL,4971,PASS,995,994
2025-05-30,120,outside_community_degree_percentile,FULL_CHARACTERISTIC_NEUTRAL,5078,PASS,1016,1016
2025-05-30,120,residual_degree_percentile,FULL_CHARACTERISTIC_NEUTRAL,5078,PASS,1016,1016
2025-05-30,252,cross_industry_degree_percentile,FULL_CHARACTERISTIC_NEUTRAL,5056,PASS,1012,1011
2025-05-30,252,cross_industry_degree_ratio,FULL_CHARACTERISTIC_NEUTRAL,4771,PASS,955,954
2025-05-30,252,delta_cross_industry_degree_percentile_1m,FULL_CHARACTERISTIC_NEUTRAL,5052,PASS,1011,1011
2025-05-30,252,delta_degree_percentile,FULL_CHARACTERISTIC_NEUTRAL,5056,PASS,1012,1011
2025-05-30,252,delta_residual_degree_percentile_1m,FULL_CHARACTERISTIC_NEUTRAL,5052,PASS,1011,1011
2025-05-30,252,neighbor_jaccard_1m,FULL_CHARACTERISTIC_NEUTRAL,4827,PASS,966,966
2025-05-30,252,neighbor_retention_1m,FULL_CHARACTERISTIC_NEUTRAL,4776,PASS,956,955
2025-05-30,252,outside_community_degree_percentile,FULL_CHARACTERISTIC_NEUTRAL,5056,PASS,1012,1011
2025-05-30,252,residual_degree_percentile,FULL_CHARACTERISTIC_NEUTRAL,5056,PASS,1012,1011
2025-06-30,60,cross_industry_degree_percentile,FULL_CHARACTERISTIC_NEUTRAL,5055,PASS,1011,1011
2025-06-30,60,cross_industry_degree_ratio,FULL_CHARACTERISTIC_NEUTRAL,4957,PASS,992,992
2025-06-30,60,delta_cross_industry_degree_percentile_1m,FULL_CHARACTERISTIC_NEUTRAL,5036,PASS,1008,1007
2025-06-30,60,delta_degree_percentile,FULL_CHARACTERISTIC_NEUTRAL,5055,PASS,1011,1011
2025-06-30,60,delta_residual_degree_percentile_1m,FULL_CHARACTERISTIC_NEUTRAL,5036,PASS,1008,1007
2025-06-30,60,neighbor_jaccard_1m,FULL_CHARACTERISTIC_NEUTRAL,5019,PASS,1004,1004
2025-06-30,60,neighbor_retention_1m,FULL_CHARACTERISTIC_NEUTRAL,4992,PASS,999,999
2025-06-30,60,outside_community_degree_percentile,FULL_CHARACTERISTIC_NEUTRAL,5055,PASS,1011,1011
2025-06-30,60,residual_degree_percentile,FULL_CHARACTERISTIC_NEUTRAL,5055,PASS,1011,1011
2025-06-30,120,cross_industry_degree_percentile,FULL_CHARACTERISTIC_NEUTRAL,5086,PASS,1018,1017
2025-06-30,120,cross_industry_degree_ratio,FULL_CHARACTERISTIC_NEUTRAL,5015,PASS,1003,1003
2025-06-30,120,delta_cross_industry_degree_percentile_1m,FULL_CHARACTERISTIC_NEUTRAL,5081,PASS,1017,1016
2025-06-30,120,delta_degree_percentile,FULL_CHARACTERISTIC_NEUTRAL,5086,PASS,1018,1017
2025-06-30,120,delta_residual_degree_percentile_1m,FULL_CHARACTERISTIC_NEUTRAL,5081,PASS,1017,1016
2025-06-30,120,neighbor_jaccard_1m,FULL_CHARACTERISTIC_NEUTRAL,5045,PASS,1009,1009
2025-06-30,120,neighbor_retention_1m,FULL_CHARACTERISTIC_NEUTRAL,4999,PASS,1000,1000
2025-06-30,120,outside_community_degree_percentile,FULL_CHARACTERISTIC_NEUTRAL,5086,PASS,1018,1017
2025-06-30,120,residual_degree_percentile,FULL_CHARACTERISTIC_NEUTRAL,5086,PASS,1018,1017
2025-06-30,252,cross_industry_degree_percentile,FULL_CHARACTERISTIC_NEUTRAL,5049,PASS,1010,1010
2025-06-30,252,cross_industry_degree_ratio,FULL_CHARACTERISTIC_NEUTRAL,4773,PASS,955,955
2025-06-30,252,delta_cross_industry_degree_percentile_1m,FULL_CHARACTERISTIC_NEUTRAL,5044,PASS,1009,1009
2025-06-30,252,delta_degree_percentile,FULL_CHARACTERISTIC_NEUTRAL,5049,PASS,1010,1010
2025-06-30,252,delta_residual_degree_percentile_1m,FULL_CHARACTERISTIC_NEUTRAL,5044,PASS,1009,1009
2025-06-30,252,neighbor_jaccard_1m,FULL_CHARACTERISTIC_NEUTRAL,4818,PASS,964,964
2025-06-30,252,neighbor_retention_1m,FULL_CHARACTERISTIC_NEUTRAL,4758,PASS,952,952
2025-06-30,252,outside_community_degree_percentile,FULL_CHARACTERISTIC_NEUTRAL,5049,PASS,1010,1010
2025-06-30,252,residual_degree_percentile,FULL_CHARACTERISTIC_NEUTRAL,5049,PASS,1010,1010
2025-07-31,60,cross_industry_degree_percentile,FULL_CHARACTERISTIC_NEUTRAL,5069,PASS,1014,1014
2025-07-31,60,cross_industry_degree_ratio,FULL_CHARACTERISTIC_NEUTRAL,5054,PASS,1011,1011
2025-07-31,60,delta_cross_industry_degree_percentile_1m,FULL_CHARACTERISTIC_NEUTRAL,5055,PASS,1011,1011
2025-07-31,60,delta_degree_percentile,FULL_CHARACTERISTIC_NEUTRAL,5069,PASS,1014,1014
2025-07-31,60,delta_residual_degree_percentile_1m,FULL_CHARACTERISTIC_NEUTRAL,5055,PASS,1011,1011
2025-07-31,60,neighbor_jaccard_1m,FULL_CHARACTERISTIC_NEUTRAL,5052,PASS,1011,1011
2025-07-31,60,neighbor_retention_1m,FULL_CHARACTERISTIC_NEUTRAL,4958,PASS,992,992
2025-07-31,60,outside_community_degree_percentile,FULL_CHARACTERISTIC_NEUTRAL,5069,PASS,1014,1014
2025-07-31,60,residual_degree_percentile,FULL_CHARACTERISTIC_NEUTRAL,5069,PASS,1014,1014
2025-07-31,120,cross_industry_degree_percentile,FULL_CHARACTERISTIC_NEUTRAL,5101,PASS,1021,1020
2025-07-31,120,cross_industry_degree_ratio,FULL_CHARACTERISTIC_NEUTRAL,5045,PASS,1009,1009
2025-07-31,120,delta_cross_industry_degree_percentile_1m,FULL_CHARACTERISTIC_NEUTRAL,5090,PASS,1018,1018
2025-07-31,120,delta_degree_percentile,FULL_CHARACTERISTIC_NEUTRAL,5101,PASS,1021,1020
2025-07-31,120,delta_residual_degree_percentile_1m,FULL_CHARACTERISTIC_NEUTRAL,5090,PASS,1018,1018
2025-07-31,120,neighbor_jaccard_1m,FULL_CHARACTERISTIC_NEUTRAL,5063,PASS,1013,1013
2025-07-31,120,neighbor_retention_1m,FULL_CHARACTERISTIC_NEUTRAL,5019,PASS,1004,1004
2025-07-31,120,outside_community_degree_percentile,FULL_CHARACTERISTIC_NEUTRAL,5101,PASS,1021,1020
2025-07-31,120,residual_degree_percentile,FULL_CHARACTERISTIC_NEUTRAL,5101,PASS,1021,1020
2025-07-31,252,cross_industry_degree_percentile,FULL_CHARACTERISTIC_NEUTRAL,5055,PASS,1011,1011
2025-07-31,252,cross_industry_degree_ratio,FULL_CHARACTERISTIC_NEUTRAL,4778,PASS,956,956
2025-07-31,252,delta_cross_industry_degree_percentile_1m,FULL_CHARACTERISTIC_NEUTRAL,5047,PASS,1010,1010
2025-07-31,252,delta_degree_percentile,FULL_CHARACTERISTIC_NEUTRAL,5055,PASS,1011,1011
2025-07-31,252,delta_residual_degree_percentile_1m,FULL_CHARACTERISTIC_NEUTRAL,5047,PASS,1010,1010
2025-07-31,252,neighbor_jaccard_1m,FULL_CHARACTERISTIC_NEUTRAL,4835,PASS,967,967
2025-07-31,252,neighbor_retention_1m,FULL_CHARACTERISTIC_NEUTRAL,4770,PASS,954,954
2025-07-31,252,outside_community_degree_percentile,FULL_CHARACTERISTIC_NEUTRAL,5055,PASS,1011,1011
2025-07-31,252,residual_degree_percentile,FULL_CHARACTERISTIC_NEUTRAL,5055,PASS,1011,1011
2025-08-29,60,cross_industry_degree_percentile,FULL_CHARACTERISTIC_NEUTRAL,5079,PASS,1016,1016
2025-08-29,60,cross_industry_degree_ratio,FULL_CHARACTERISTIC_NEUTRAL,5070,PASS,1014,1014
2025-08-29,60,delta_cross_industry_degree_percentile_1m,FULL_CHARACTERISTIC_NEUTRAL,5062,PASS,1013,1013
2025-08-29,60,delta_degree_percentile,FULL_CHARACTERISTIC_NEUTRAL,5079,PASS,1016,1016
2025-08-29,60,delta_residual_degree_percentile_1m,FULL_CHARACTERISTIC_NEUTRAL,5062,PASS,1013,1013
2025-08-29,60,neighbor_jaccard_1m,FULL_CHARACTERISTIC_NEUTRAL,5061,PASS,1013,1012
2025-08-29,60,neighbor_retention_1m,FULL_CHARACTERISTIC_NEUTRAL,5047,PASS,1010,1010
2025-08-29,60,outside_community_degree_percentile,FULL_CHARACTERISTIC_NEUTRAL,5079,PASS,1016,1016
2025-08-29,60,residual_degree_percentile,FULL_CHARACTERISTIC_NEUTRAL,5079,PASS,1016,1016
2025-08-29,120,cross_industry_degree_percentile,FULL_CHARACTERISTIC_NEUTRAL,5103,PASS,1021,1021
2025-08-29,120,cross_industry_degree_ratio,FULL_CHARACTERISTIC_NEUTRAL,5048,PASS,1010,1010
2025-08-29,120,delta_cross_industry_degree_percentile_1m,FULL_CHARACTERISTIC_NEUTRAL,5100,PASS,1020,1020
2025-08-29,120,delta_degree_percentile,FULL_CHARACTERISTIC_NEUTRAL,5103,PASS,1021,1021
2025-08-29,120,delta_residual_degree_percentile_1m,FULL_CHARACTERISTIC_NEUTRAL,5100,PASS,1020,1020
2025-08-29,120,neighbor_jaccard_1m,FULL_CHARACTERISTIC_NEUTRAL,5077,PASS,1016,1016
2025-08-29,120,neighbor_retention_1m,FULL_CHARACTERISTIC_NEUTRAL,5045,PASS,1009,1009
2025-08-29,120,outside_community_degree_percentile,FULL_CHARACTERISTIC_NEUTRAL,5103,PASS,1021,1021
2025-08-29,120,residual_degree_percentile,FULL_CHARACTERISTIC_NEUTRAL,5103,PASS,1021,1021
2025-08-29,252,cross_industry_degree_percentile,FULL_CHARACTERISTIC_NEUTRAL,5062,PASS,1013,1013
2025-08-29,252,cross_industry_degree_ratio,FULL_CHARACTERISTIC_NEUTRAL,4788,PASS,958,958
2025-08-29,252,delta_cross_industry_degree_percentile_1m,FULL_CHARACTERISTIC_NEUTRAL,5055,PASS,1011,1011
2025-08-29,252,delta_degree_percentile,FULL_CHARACTERISTIC_NEUTRAL,5062,PASS,1013,1013
2025-08-29,252,delta_residual_degree_percentile_1m,FULL_CHARACTERISTIC_NEUTRAL,5055,PASS,1011,1011
2025-08-29,252,neighbor_jaccard_1m,FULL_CHARACTERISTIC_NEUTRAL,4854,PASS,971,971
2025-08-29,252,neighbor_retention_1m,FULL_CHARACTERISTIC_NEUTRAL,4778,PASS,956,956
2025-08-29,252,outside_community_degree_percentile,FULL_CHARACTERISTIC_NEUTRAL,5062,PASS,1013,1013
2025-08-29,252,residual_degree_percentile,FULL_CHARACTERISTIC_NEUTRAL,5062,PASS,1013,1013
2025-09-30,60,cross_industry_degree_percentile,FULL_CHARACTERISTIC_NEUTRAL,5097,PASS,1020,1020
2025-09-30,60,cross_industry_degree_ratio,FULL_CHARACTERISTIC_NEUTRAL,5072,PASS,1015,1015
2025-09-30,60,delta_cross_industry_degree_percentile_1m,FULL_CHARACTERISTIC_NEUTRAL,5083,PASS,1017,1017
2025-09-30,60,delta_degree_percentile,FULL_CHARACTERISTIC_NEUTRAL,5097,PASS,1020,1020
2025-09-30,60,delta_residual_degree_percentile_1m,FULL_CHARACTERISTIC_NEUTRAL,5083,PASS,1017,1017
2025-09-30,60,neighbor_jaccard_1m,FULL_CHARACTERISTIC_NEUTRAL,5083,PASS,1017,1017
2025-09-30,60,neighbor_retention_1m,FULL_CHARACTERISTIC_NEUTRAL,5074,PASS,1015,1015
2025-09-30,60,outside_community_degree_percentile,FULL_CHARACTERISTIC_NEUTRAL,5097,PASS,1020,1020
2025-09-30,60,residual_degree_percentile,FULL_CHARACTERISTIC_NEUTRAL,5097,PASS,1020,1020
2025-09-30,120,cross_industry_degree_percentile,FULL_CHARACTERISTIC_NEUTRAL,5115,PASS,1023,1023
2025-09-30,120,cross_industry_degree_ratio,FULL_CHARACTERISTIC_NEUTRAL,5089,PASS,1018,1018
2025-09-30,120,delta_cross_industry_degree_percentile_1m,FULL_CHARACTERISTIC_NEUTRAL,5109,PASS,1022,1022
2025-09-30,120,delta_degree_percentile,FULL_CHARACTERISTIC_NEUTRAL,5115,PASS,1023,1023
2025-09-30,120,delta_residual_degree_percentile_1m,FULL_CHARACTERISTIC_NEUTRAL,5109,PASS,1022,1022
2025-09-30,120,neighbor_jaccard_1m,FULL_CHARACTERISTIC_NEUTRAL,5099,PASS,1020,1020
2025-09-30,120,neighbor_retention_1m,FULL_CHARACTERISTIC_NEUTRAL,5054,PASS,1011,1011
2025-09-30,120,outside_community_degree_percentile,FULL_CHARACTERISTIC_NEUTRAL,5115,PASS,1023,1023
2025-09-30,120,residual_degree_percentile,FULL_CHARACTERISTIC_NEUTRAL,5115,PASS,1023,1023
2025-09-30,252,cross_industry_degree_percentile,FULL_CHARACTERISTIC_NEUTRAL,5070,PASS,1014,1014
2025-09-30,252,cross_industry_degree_ratio,FULL_CHARACTERISTIC_NEUTRAL,4733,PASS,947,947
2025-09-30,252,delta_cross_industry_degree_percentile_1m,FULL_CHARACTERISTIC_NEUTRAL,5061,PASS,1013,1012
2025-09-30,252,delta_degree_percentile,FULL_CHARACTERISTIC_NEUTRAL,5070,PASS,1014,1014
2025-09-30,252,delta_residual_degree_percentile_1m,FULL_CHARACTERISTIC_NEUTRAL,5061,PASS,1013,1012
2025-09-30,252,neighbor_jaccard_1m,FULL_CHARACTERISTIC_NEUTRAL,4839,PASS,968,968
2025-09-30,252,neighbor_retention_1m,FULL_CHARACTERISTIC_NEUTRAL,4787,PASS,958,958
2025-09-30,252,outside_community_degree_percentile,FULL_CHARACTERISTIC_NEUTRAL,5070,PASS,1014,1014
2025-09-30,252,residual_degree_percentile,FULL_CHARACTERISTIC_NEUTRAL,5070,PASS,1014,1014
2025-10-31,60,cross_industry_degree_percentile,FULL_CHARACTERISTIC_NEUTRAL,5099,PASS,1020,1020
2025-10-31,60,cross_industry_degree_ratio,FULL_CHARACTERISTIC_NEUTRAL,5074,PASS,1015,1015
2025-10-31,60,delta_cross_industry_degree_percentile_1m,FULL_CHARACTERISTIC_NEUTRAL,5095,PASS,1019,1019
2025-10-31,60,delta_degree_percentile,FULL_CHARACTERISTIC_NEUTRAL,5099,PASS,1020,1020
2025-10-31,60,delta_residual_degree_percentile_1m,FULL_CHARACTERISTIC_NEUTRAL,5095,PASS,1019,1019
2025-10-31,60,neighbor_jaccard_1m,FULL_CHARACTERISTIC_NEUTRAL,5090,PASS,1018,1018
2025-10-31,60,neighbor_retention_1m,FULL_CHARACTERISTIC_NEUTRAL,5070,PASS,1014,1014
2025-10-31,60,outside_community_degree_percentile,FULL_CHARACTERISTIC_NEUTRAL,5099,PASS,1020,1020
2025-10-31,60,residual_degree_percentile,FULL_CHARACTERISTIC_NEUTRAL,5099,PASS,1020,1020
2025-10-31,120,cross_industry_degree_percentile,FULL_CHARACTERISTIC_NEUTRAL,5121,PASS,1025,1024
2025-10-31,120,cross_industry_degree_ratio,FULL_CHARACTERISTIC_NEUTRAL,5061,PASS,1013,1012
2025-10-31,120,delta_cross_industry_degree_percentile_1m,FULL_CHARACTERISTIC_NEUTRAL,5120,PASS,1024,1024
2025-10-31,120,delta_degree_percentile,FULL_CHARACTERISTIC_NEUTRAL,5121,PASS,1025,1024
2025-10-31,120,delta_residual_degree_percentile_1m,FULL_CHARACTERISTIC_NEUTRAL,5120,PASS,1024,1024
2025-10-31,120,neighbor_jaccard_1m,FULL_CHARACTERISTIC_NEUTRAL,5107,PASS,1022,1022
2025-10-31,120,neighbor_retention_1m,FULL_CHARACTERISTIC_NEUTRAL,5094,PASS,1019,1019
2025-10-31,120,outside_community_degree_percentile,FULL_CHARACTERISTIC_NEUTRAL,5121,PASS,1025,1024
2025-10-31,120,residual_degree_percentile,FULL_CHARACTERISTIC_NEUTRAL,5121,PASS,1025,1024
2025-10-31,252,cross_industry_degree_percentile,FULL_CHARACTERISTIC_NEUTRAL,5075,PASS,1015,1015
2025-10-31,252,cross_industry_degree_ratio,FULL_CHARACTERISTIC_NEUTRAL,4866,PASS,974,973
2025-10-31,252,delta_cross_industry_degree_percentile_1m,FULL_CHARACTERISTIC_NEUTRAL,5069,PASS,1014,1014
2025-10-31,252,delta_degree_percentile,FULL_CHARACTERISTIC_NEUTRAL,5075,PASS,1015,1015
2025-10-31,252,delta_residual_degree_percentile_1m,FULL_CHARACTERISTIC_NEUTRAL,5069,PASS,1014,1014
2025-10-31,252,neighbor_jaccard_1m,FULL_CHARACTERISTIC_NEUTRAL,4889,PASS,978,978
2025-10-31,252,neighbor_retention_1m,FULL_CHARACTERISTIC_NEUTRAL,4732,PASS,947,947
2025-10-31,252,outside_community_degree_percentile,FULL_CHARACTERISTIC_NEUTRAL,5075,PASS,1015,1015
2025-10-31,252,residual_degree_percentile,FULL_CHARACTERISTIC_NEUTRAL,5075,PASS,1015,1015
2025-11-28,60,cross_industry_degree_percentile,FULL_CHARACTERISTIC_NEUTRAL,5104,PASS,1021,1021
2025-11-28,60,cross_industry_degree_ratio,FULL_CHARACTERISTIC_NEUTRAL,5083,PASS,1017,1017
2025-11-28,60,delta_cross_industry_degree_percentile_1m,FULL_CHARACTERISTIC_NEUTRAL,5093,PASS,1019,1019
2025-11-28,60,delta_degree_percentile,FULL_CHARACTERISTIC_NEUTRAL,5104,PASS,1021,1021
2025-11-28,60,delta_residual_degree_percentile_1m,FULL_CHARACTERISTIC_NEUTRAL,5093,PASS,1019,1019
2025-11-28,60,neighbor_jaccard_1m,FULL_CHARACTERISTIC_NEUTRAL,5089,PASS,1018,1018
2025-11-28,60,neighbor_retention_1m,FULL_CHARACTERISTIC_NEUTRAL,5068,PASS,1014,1014
2025-11-28,60,outside_community_degree_percentile,FULL_CHARACTERISTIC_NEUTRAL,5104,PASS,1021,1021
2025-11-28,60,residual_degree_percentile,FULL_CHARACTERISTIC_NEUTRAL,5104,PASS,1021,1021
2025-11-28,120,cross_industry_degree_percentile,FULL_CHARACTERISTIC_NEUTRAL,5126,PASS,1026,1025
2025-11-28,120,cross_industry_degree_ratio,FULL_CHARACTERISTIC_NEUTRAL,5062,PASS,1013,1013
2025-11-28,120,delta_cross_industry_degree_percentile_1m,FULL_CHARACTERISTIC_NEUTRAL,5122,PASS,1025,1025
2025-11-28,120,delta_degree_percentile,FULL_CHARACTERISTIC_NEUTRAL,5126,PASS,1026,1025
2025-11-28,120,delta_residual_degree_percentile_1m,FULL_CHARACTERISTIC_NEUTRAL,5122,PASS,1025,1025
2025-11-28,120,neighbor_jaccard_1m,FULL_CHARACTERISTIC_NEUTRAL,5104,PASS,1021,1021
2025-11-28,120,neighbor_retention_1m,FULL_CHARACTERISTIC_NEUTRAL,5063,PASS,1013,1013
2025-11-28,120,outside_community_degree_percentile,FULL_CHARACTERISTIC_NEUTRAL,5126,PASS,1026,1025
2025-11-28,120,residual_degree_percentile,FULL_CHARACTERISTIC_NEUTRAL,5126,PASS,1026,1025
2025-11-28,252,cross_industry_degree_percentile,FULL_CHARACTERISTIC_NEUTRAL,5082,PASS,1017,1017
2025-11-28,252,cross_industry_degree_ratio,FULL_CHARACTERISTIC_NEUTRAL,4879,PASS,976,976
2025-11-28,252,delta_cross_industry_degree_percentile_1m,FULL_CHARACTERISTIC_NEUTRAL,5073,PASS,1015,1015
2025-11-28,252,delta_degree_percentile,FULL_CHARACTERISTIC_NEUTRAL,5082,PASS,1017,1017
2025-11-28,252,delta_residual_degree_percentile_1m,FULL_CHARACTERISTIC_NEUTRAL,5073,PASS,1015,1015
2025-11-28,252,neighbor_jaccard_1m,FULL_CHARACTERISTIC_NEUTRAL,4941,PASS,989,988
2025-11-28,252,neighbor_retention_1m,FULL_CHARACTERISTIC_NEUTRAL,4864,PASS,973,973
2025-11-28,252,outside_community_degree_percentile,FULL_CHARACTERISTIC_NEUTRAL,5082,PASS,1017,1017
2025-11-28,252,residual_degree_percentile,FULL_CHARACTERISTIC_NEUTRAL,5082,PASS,1017,1017
2025-12-31,60,cross_industry_degree_percentile,FULL_CHARACTERISTIC_NEUTRAL,5103,PASS,1021,1021
2025-12-31,60,cross_industry_degree_ratio,FULL_CHARACTERISTIC_NEUTRAL,5087,PASS,1018,1018
2025-12-31,60,delta_cross_industry_degree_percentile_1m,FULL_CHARACTERISTIC_NEUTRAL,5094,PASS,1019,1019
2025-12-31,60,delta_degree_percentile,FULL_CHARACTERISTIC_NEUTRAL,5103,PASS,1021,1021
2025-12-31,60,delta_residual_degree_percentile_1m,FULL_CHARACTERISTIC_NEUTRAL,5094,PASS,1019,1019
2025-12-31,60,neighbor_jaccard_1m,FULL_CHARACTERISTIC_NEUTRAL,5094,PASS,1019,1019
2025-12-31,60,neighbor_retention_1m,FULL_CHARACTERISTIC_NEUTRAL,5073,PASS,1015,1015
2025-12-31,60,outside_community_degree_percentile,FULL_CHARACTERISTIC_NEUTRAL,5103,PASS,1021,1021
2025-12-31,60,residual_degree_percentile,FULL_CHARACTERISTIC_NEUTRAL,5103,PASS,1021,1021
2025-12-31,120,cross_industry_degree_percentile,FULL_CHARACTERISTIC_NEUTRAL,5128,PASS,1026,1026
2025-12-31,120,cross_industry_degree_ratio,FULL_CHARACTERISTIC_NEUTRAL,5051,PASS,1011,1010
2025-12-31,120,delta_cross_industry_degree_percentile_1m,FULL_CHARACTERISTIC_NEUTRAL,5124,PASS,1025,1025
2025-12-31,120,delta_degree_percentile,FULL_CHARACTERISTIC_NEUTRAL,5128,PASS,1026,1026
2025-12-31,120,delta_residual_degree_percentile_1m,FULL_CHARACTERISTIC_NEUTRAL,5124,PASS,1025,1025
2025-12-31,120,neighbor_jaccard_1m,FULL_CHARACTERISTIC_NEUTRAL,5098,PASS,1020,1020
2025-12-31,120,neighbor_retention_1m,FULL_CHARACTERISTIC_NEUTRAL,5061,PASS,1013,1012
2025-12-31,120,outside_community_degree_percentile,FULL_CHARACTERISTIC_NEUTRAL,5128,PASS,1026,1026
2025-12-31,120,residual_degree_percentile,FULL_CHARACTERISTIC_NEUTRAL,5128,PASS,1026,1026
2025-12-31,252,cross_industry_degree_percentile,FULL_CHARACTERISTIC_NEUTRAL,5093,PASS,1019,1019
2025-12-31,252,cross_industry_degree_ratio,FULL_CHARACTERISTIC_NEUTRAL,4887,PASS,978,978
2025-12-31,252,delta_cross_industry_degree_percentile_1m,FULL_CHARACTERISTIC_NEUTRAL,5079,PASS,1016,1016
2025-12-31,252,delta_degree_percentile,FULL_CHARACTERISTIC_NEUTRAL,5093,PASS,1019,1019
2025-12-31,252,delta_residual_degree_percentile_1m,FULL_CHARACTERISTIC_NEUTRAL,5079,PASS,1016,1016
2025-12-31,252,neighbor_jaccard_1m,FULL_CHARACTERISTIC_NEUTRAL,4942,PASS,989,989
2025-12-31,252,neighbor_retention_1m,FULL_CHARACTERISTIC_NEUTRAL,4879,PASS,976,976
2025-12-31,252,outside_community_degree_percentile,FULL_CHARACTERISTIC_NEUTRAL,5093,PASS,1019,1019
2025-12-31,252,residual_degree_percentile,FULL_CHARACTERISTIC_NEUTRAL,5093,PASS,1019,1019
2026-01-30,60,cross_industry_degree_percentile,FULL_CHARACTERISTIC_NEUTRAL,5106,PASS,1022,1021
2026-01-30,60,cross_industry_degree_ratio,FULL_CHARACTERISTIC_NEUTRAL,5071,PASS,1015,1014
2026-01-30,60,delta_cross_industry_degree_percentile_1m,FULL_CHARACTERISTIC_NEUTRAL,5095,PASS,1019,1019
2026-01-30,60,delta_degree_percentile,FULL_CHARACTERISTIC_NEUTRAL,5106,PASS,1022,1021
2026-01-30,60,delta_residual_degree_percentile_1m,FULL_CHARACTERISTIC_NEUTRAL,5095,PASS,1019,1019
2026-01-30,60,neighbor_jaccard_1m,FULL_CHARACTERISTIC_NEUTRAL,5093,PASS,1019,1019
2026-01-30,60,neighbor_retention_1m,FULL_CHARACTERISTIC_NEUTRAL,5078,PASS,1016,1016
2026-01-30,60,outside_community_degree_percentile,FULL_CHARACTERISTIC_NEUTRAL,5106,PASS,1022,1021
2026-01-30,60,residual_degree_percentile,FULL_CHARACTERISTIC_NEUTRAL,5106,PASS,1022,1021
2026-01-30,120,cross_industry_degree_percentile,FULL_CHARACTERISTIC_NEUTRAL,5135,PASS,1027,1027
2026-01-30,120,cross_industry_degree_ratio,FULL_CHARACTERISTIC_NEUTRAL,5009,PASS,1002,1002
2026-01-30,120,delta_cross_industry_degree_percentile_1m,FULL_CHARACTERISTIC_NEUTRAL,5130,PASS,1026,1026
2026-01-30,120,delta_degree_percentile,FULL_CHARACTERISTIC_NEUTRAL,5135,PASS,1027,1027
2026-01-30,120,delta_residual_degree_percentile_1m,FULL_CHARACTERISTIC_NEUTRAL,5130,PASS,1026,1026
2026-01-30,120,neighbor_jaccard_1m,FULL_CHARACTERISTIC_NEUTRAL,5093,PASS,1019,1019
2026-01-30,120,neighbor_retention_1m,FULL_CHARACTERISTIC_NEUTRAL,5053,PASS,1011,1011
2026-01-30,120,outside_community_degree_percentile,FULL_CHARACTERISTIC_NEUTRAL,5135,PASS,1027,1027
2026-01-30,120,residual_degree_percentile,FULL_CHARACTERISTIC_NEUTRAL,5135,PASS,1027,1027
2026-01-30,252,cross_industry_degree_percentile,FULL_CHARACTERISTIC_NEUTRAL,5096,PASS,1020,1019
2026-01-30,252,cross_industry_degree_ratio,FULL_CHARACTERISTIC_NEUTRAL,4865,PASS,973,973
2026-01-30,252,delta_cross_industry_degree_percentile_1m,FULL_CHARACTERISTIC_NEUTRAL,5093,PASS,1019,1019
2026-01-30,252,delta_degree_percentile,FULL_CHARACTERISTIC_NEUTRAL,5096,PASS,1020,1019
2026-01-30,252,delta_residual_degree_percentile_1m,FULL_CHARACTERISTIC_NEUTRAL,5093,PASS,1019,1019
2026-01-30,252,neighbor_jaccard_1m,FULL_CHARACTERISTIC_NEUTRAL,4949,PASS,990,990
2026-01-30,252,neighbor_retention_1m,FULL_CHARACTERISTIC_NEUTRAL,4887,PASS,978,978
2026-01-30,252,outside_community_degree_percentile,FULL_CHARACTERISTIC_NEUTRAL,5096,PASS,1020,1019
2026-01-30,252,residual_degree_percentile,FULL_CHARACTERISTIC_NEUTRAL,5096,PASS,1020,1019
2026-02-27,60,cross_industry_degree_percentile,FULL_CHARACTERISTIC_NEUTRAL,5106,PASS,1022,1021
2026-02-27,60,cross_industry_degree_ratio,FULL_CHARACTERISTIC_NEUTRAL,5043,PASS,1009,1009
2026-02-27,60,delta_cross_industry_degree_percentile_1m,FULL_CHARACTERISTIC_NEUTRAL,5100,PASS,1020,1020
2026-02-27,60,delta_degree_percentile,FULL_CHARACTERISTIC_NEUTRAL,5106,PASS,1022,1021
2026-02-27,60,delta_residual_degree_percentile_1m,FULL_CHARACTERISTIC_NEUTRAL,5100,PASS,1020,1020
2026-02-27,60,neighbor_jaccard_1m,FULL_CHARACTERISTIC_NEUTRAL,5088,PASS,1018,1018
2026-02-27,60,neighbor_retention_1m,FULL_CHARACTERISTIC_NEUTRAL,5064,PASS,1013,1013
2026-02-27,60,outside_community_degree_percentile,FULL_CHARACTERISTIC_NEUTRAL,5106,PASS,1022,1021
2026-02-27,60,residual_degree_percentile,FULL_CHARACTERISTIC_NEUTRAL,5106,PASS,1022,1021
2026-02-27,120,cross_industry_degree_percentile,FULL_CHARACTERISTIC_NEUTRAL,5134,PASS,1027,1027
2026-02-27,120,cross_industry_degree_ratio,FULL_CHARACTERISTIC_NEUTRAL,4922,PASS,985,985
2026-02-27,120,delta_cross_industry_degree_percentile_1m,FULL_CHARACTERISTIC_NEUTRAL,5134,PASS,1027,1027
2026-02-27,120,delta_degree_percentile,FULL_CHARACTERISTIC_NEUTRAL,5134,PASS,1027,1027
2026-02-27,120,delta_residual_degree_percentile_1m,FULL_CHARACTERISTIC_NEUTRAL,5134,PASS,1027,1027
2026-02-27,120,neighbor_jaccard_1m,FULL_CHARACTERISTIC_NEUTRAL,5054,PASS,1011,1011
2026-02-27,120,neighbor_retention_1m,FULL_CHARACTERISTIC_NEUTRAL,5007,PASS,1002,1002
2026-02-27,120,outside_community_degree_percentile,FULL_CHARACTERISTIC_NEUTRAL,5134,PASS,1027,1027
2026-02-27,120,residual_degree_percentile,FULL_CHARACTERISTIC_NEUTRAL,5134,PASS,1027,1027
2026-02-27,252,cross_industry_degree_percentile,FULL_CHARACTERISTIC_NEUTRAL,5104,PASS,1021,1021
2026-02-27,252,cross_industry_degree_ratio,FULL_CHARACTERISTIC_NEUTRAL,4820,PASS,964,964
2026-02-27,252,delta_cross_industry_degree_percentile_1m,FULL_CHARACTERISTIC_NEUTRAL,5096,PASS,1020,1019
2026-02-27,252,delta_degree_percentile,FULL_CHARACTERISTIC_NEUTRAL,5104,PASS,1021,1021
2026-02-27,252,delta_residual_degree_percentile_1m,FULL_CHARACTERISTIC_NEUTRAL,5096,PASS,1020,1019
2026-02-27,252,neighbor_jaccard_1m,FULL_CHARACTERISTIC_NEUTRAL,4897,PASS,980,980
2026-02-27,252,neighbor_retention_1m,FULL_CHARACTERISTIC_NEUTRAL,4865,PASS,973,973
2026-02-27,252,outside_community_degree_percentile,FULL_CHARACTERISTIC_NEUTRAL,5104,PASS,1021,1021
2026-02-27,252,residual_degree_percentile,FULL_CHARACTERISTIC_NEUTRAL,5104,PASS,1021,1021
2026-03-31,60,cross_industry_degree_percentile,FULL_CHARACTERISTIC_NEUTRAL,5113,PASS,1023,1023
2026-03-31,60,cross_industry_degree_ratio,FULL_CHARACTERISTIC_NEUTRAL,4940,PASS,988,988
2026-03-31,60,delta_cross_industry_degree_percentile_1m,FULL_CHARACTERISTIC_NEUTRAL,5097,PASS,1020,1020
2026-03-31,60,delta_degree_percentile,FULL_CHARACTERISTIC_NEUTRAL,5113,PASS,1023,1023
2026-03-31,60,delta_residual_degree_percentile_1m,FULL_CHARACTERISTIC_NEUTRAL,5097,PASS,1020,1020
2026-03-31,60,neighbor_jaccard_1m,FULL_CHARACTERISTIC_NEUTRAL,5069,PASS,1014,1014
2026-03-31,60,neighbor_retention_1m,FULL_CHARACTERISTIC_NEUTRAL,5034,PASS,1007,1007
2026-03-31,60,outside_community_degree_percentile,FULL_CHARACTERISTIC_NEUTRAL,5113,PASS,1023,1023
2026-03-31,60,residual_degree_percentile,FULL_CHARACTERISTIC_NEUTRAL,5113,PASS,1023,1023
2026-03-31,120,cross_industry_degree_percentile,FULL_CHARACTERISTIC_NEUTRAL,5137,PASS,1028,1028
2026-03-31,120,cross_industry_degree_ratio,FULL_CHARACTERISTIC_NEUTRAL,4870,PASS,974,974
2026-03-31,120,delta_cross_industry_degree_percentile_1m,FULL_CHARACTERISTIC_NEUTRAL,5135,PASS,1027,1027
2026-03-31,120,delta_degree_percentile,FULL_CHARACTERISTIC_NEUTRAL,5137,PASS,1028,1028
2026-03-31,120,delta_residual_degree_percentile_1m,FULL_CHARACTERISTIC_NEUTRAL,5135,PASS,1027,1027
2026-03-31,120,neighbor_jaccard_1m,FULL_CHARACTERISTIC_NEUTRAL,5026,PASS,1006,1005
2026-03-31,120,neighbor_retention_1m,FULL_CHARACTERISTIC_NEUTRAL,4922,PASS,985,985
2026-03-31,120,outside_community_degree_percentile,FULL_CHARACTERISTIC_NEUTRAL,5137,PASS,1028,1028
2026-03-31,120,residual_degree_percentile,FULL_CHARACTERISTIC_NEUTRAL,5137,PASS,1028,1028
2026-03-31,252,cross_industry_degree_percentile,FULL_CHARACTERISTIC_NEUTRAL,5111,PASS,1023,1022
2026-03-31,252,cross_industry_degree_ratio,FULL_CHARACTERISTIC_NEUTRAL,4797,PASS,960,960
2026-03-31,252,delta_cross_industry_degree_percentile_1m,FULL_CHARACTERISTIC_NEUTRAL,5099,PASS,1020,1020
2026-03-31,252,delta_degree_percentile,FULL_CHARACTERISTIC_NEUTRAL,5111,PASS,1023,1022
2026-03-31,252,delta_residual_degree_percentile_1m,FULL_CHARACTERISTIC_NEUTRAL,5099,PASS,1020,1020
2026-03-31,252,neighbor_jaccard_1m,FULL_CHARACTERISTIC_NEUTRAL,4880,PASS,976,976
2026-03-31,252,neighbor_retention_1m,FULL_CHARACTERISTIC_NEUTRAL,4813,PASS,963,963
2026-03-31,252,outside_community_degree_percentile,FULL_CHARACTERISTIC_NEUTRAL,5111,PASS,1023,1022
2026-03-31,252,residual_degree_percentile,FULL_CHARACTERISTIC_NEUTRAL,5111,PASS,1023,1022
2026-04-30,60,cross_industry_degree_percentile,FULL_CHARACTERISTIC_NEUTRAL,5124,PASS,1025,1025
2026-04-30,60,cross_industry_degree_ratio,FULL_CHARACTERISTIC_NEUTRAL,5062,PASS,1013,1013
2026-04-30,60,delta_cross_industry_degree_percentile_1m,FULL_CHARACTERISTIC_NEUTRAL,5109,PASS,1022,1022
2026-04-30,60,delta_degree_percentile,FULL_CHARACTERISTIC_NEUTRAL,5124,PASS,1025,1025
2026-04-30,60,delta_residual_degree_percentile_1m,FULL_CHARACTERISTIC_NEUTRAL,5109,PASS,1022,1022
2026-04-30,60,neighbor_jaccard_1m,FULL_CHARACTERISTIC_NEUTRAL,5088,PASS,1018,1018
2026-04-30,60,neighbor_retention_1m,FULL_CHARACTERISTIC_NEUTRAL,4934,PASS,987,987
2026-04-30,60,outside_community_degree_percentile,FULL_CHARACTERISTIC_NEUTRAL,5124,PASS,1025,1025
2026-04-30,60,residual_degree_percentile,FULL_CHARACTERISTIC_NEUTRAL,5124,PASS,1025,1025
2026-04-30,120,cross_industry_degree_percentile,FULL_CHARACTERISTIC_NEUTRAL,5145,PASS,1029,1029
2026-04-30,120,cross_industry_degree_ratio,FULL_CHARACTERISTIC_NEUTRAL,4923,PASS,985,985
2026-04-30,120,delta_cross_industry_degree_percentile_1m,FULL_CHARACTERISTIC_NEUTRAL,5139,PASS,1028,1028
2026-04-30,120,delta_degree_percentile,FULL_CHARACTERISTIC_NEUTRAL,5145,PASS,1029,1029
2026-04-30,120,delta_residual_degree_percentile_1m,FULL_CHARACTERISTIC_NEUTRAL,5139,PASS,1028,1028
2026-04-30,120,neighbor_jaccard_1m,FULL_CHARACTERISTIC_NEUTRAL,5021,PASS,1005,1004
2026-04-30,120,neighbor_retention_1m,FULL_CHARACTERISTIC_NEUTRAL,4872,PASS,975,975
2026-04-30,120,outside_community_degree_percentile,FULL_CHARACTERISTIC_NEUTRAL,5145,PASS,1029,1029
2026-04-30,120,residual_degree_percentile,FULL_CHARACTERISTIC_NEUTRAL,5145,PASS,1029,1029
2026-04-30,252,cross_industry_degree_percentile,FULL_CHARACTERISTIC_NEUTRAL,5116,PASS,1024,1023
2026-04-30,252,cross_industry_degree_ratio,FULL_CHARACTERISTIC_NEUTRAL,4772,PASS,955,955
2026-04-30,252,delta_cross_industry_degree_percentile_1m,FULL_CHARACTERISTIC_NEUTRAL,5110,PASS,1022,1022
2026-04-30,252,delta_degree_percentile,FULL_CHARACTERISTIC_NEUTRAL,5116,PASS,1024,1023
2026-04-30,252,delta_residual_degree_percentile_1m,FULL_CHARACTERISTIC_NEUTRAL,5110,PASS,1022,1022
2026-04-30,252,neighbor_jaccard_1m,FULL_CHARACTERISTIC_NEUTRAL,4884,PASS,977,977
2026-04-30,252,neighbor_retention_1m,FULL_CHARACTERISTIC_NEUTRAL,4795,PASS,959,959
2026-04-30,252,outside_community_degree_percentile,FULL_CHARACTERISTIC_NEUTRAL,5116,PASS,1024,1023
2026-04-30,252,residual_degree_percentile,FULL_CHARACTERISTIC_NEUTRAL,5116,PASS,1024,1023
2026-05-29,60,cross_industry_degree_percentile,FULL_CHARACTERISTIC_NEUTRAL,5124,PASS,1025,1025
2026-05-29,60,cross_industry_degree_ratio,FULL_CHARACTERISTIC_NEUTRAL,5077,PASS,1016,1016
2026-05-29,60,delta_cross_industry_degree_percentile_1m,FULL_CHARACTERISTIC_NEUTRAL,5113,PASS,1023,1023
2026-05-29,60,delta_degree_percentile,FULL_CHARACTERISTIC_NEUTRAL,5124,PASS,1025,1025
2026-05-29,60,delta_residual_degree_percentile_1m,FULL_CHARACTERISTIC_NEUTRAL,5113,PASS,1023,1023
2026-05-29,60,neighbor_jaccard_1m,FULL_CHARACTERISTIC_NEUTRAL,5105,PASS,1021,1021
2026-05-29,60,neighbor_retention_1m,FULL_CHARACTERISTIC_NEUTRAL,5052,PASS,1011,1011
2026-05-29,60,outside_community_degree_percentile,FULL_CHARACTERISTIC_NEUTRAL,5124,PASS,1025,1025
2026-05-29,60,residual_degree_percentile,FULL_CHARACTERISTIC_NEUTRAL,5124,PASS,1025,1025
2026-05-29,120,cross_industry_degree_percentile,FULL_CHARACTERISTIC_NEUTRAL,5137,PASS,1028,1028
2026-05-29,120,cross_industry_degree_ratio,FULL_CHARACTERISTIC_NEUTRAL,4908,PASS,982,982
2026-05-29,120,delta_cross_industry_degree_percentile_1m,FULL_CHARACTERISTIC_NEUTRAL,5135,PASS,1027,1027
2026-05-29,120,delta_degree_percentile,FULL_CHARACTERISTIC_NEUTRAL,5137,PASS,1028,1028
2026-05-29,120,delta_residual_degree_percentile_1m,FULL_CHARACTERISTIC_NEUTRAL,5135,PASS,1027,1027
2026-05-29,120,neighbor_jaccard_1m,FULL_CHARACTERISTIC_NEUTRAL,5017,PASS,1004,1004
2026-05-29,120,neighbor_retention_1m,FULL_CHARACTERISTIC_NEUTRAL,4915,PASS,983,983
2026-05-29,120,outside_community_degree_percentile,FULL_CHARACTERISTIC_NEUTRAL,5137,PASS,1028,1028
2026-05-29,120,residual_degree_percentile,FULL_CHARACTERISTIC_NEUTRAL,5137,PASS,1028,1028
2026-05-29,252,cross_industry_degree_percentile,FULL_CHARACTERISTIC_NEUTRAL,5123,PASS,1025,1025
2026-05-29,252,cross_industry_degree_ratio,FULL_CHARACTERISTIC_NEUTRAL,4754,PASS,951,951
2026-05-29,252,delta_cross_industry_degree_percentile_1m,FULL_CHARACTERISTIC_NEUTRAL,5115,PASS,1023,1023
2026-05-29,252,delta_degree_percentile,FULL_CHARACTERISTIC_NEUTRAL,5123,PASS,1025,1025
2026-05-29,252,delta_residual_degree_percentile_1m,FULL_CHARACTERISTIC_NEUTRAL,5115,PASS,1023,1023
2026-05-29,252,neighbor_jaccard_1m,FULL_CHARACTERISTIC_NEUTRAL,4860,PASS,972,972
2026-05-29,252,neighbor_retention_1m,FULL_CHARACTERISTIC_NEUTRAL,4771,PASS,955,954
2026-05-29,252,outside_community_degree_percentile,FULL_CHARACTERISTIC_NEUTRAL,5123,PASS,1025,1025
2026-05-29,252,residual_degree_percentile,FULL_CHARACTERISTIC_NEUTRAL,5123,PASS,1025,1025
2026-06-30,60,cross_industry_degree_percentile,FULL_CHARACTERISTIC_NEUTRAL,5136,PASS,1028,1027
2026-06-30,60,cross_industry_degree_ratio,FULL_CHARACTERISTIC_NEUTRAL,4970,PASS,994,994
2026-06-30,60,delta_cross_industry_degree_percentile_1m,FULL_CHARACTERISTIC_NEUTRAL,5127,PASS,1026,1026
2026-06-30,60,delta_degree_percentile,FULL_CHARACTERISTIC_NEUTRAL,5136,PASS,1028,1027
2026-06-30,60,delta_residual_degree_percentile_1m,FULL_CHARACTERISTIC_NEUTRAL,5127,PASS,1026,1026
2026-06-30,60,neighbor_jaccard_1m,FULL_CHARACTERISTIC_NEUTRAL,5108,PASS,1022,1022
2026-06-30,60,neighbor_retention_1m,FULL_CHARACTERISTIC_NEUTRAL,5081,PASS,1017,1016
2026-06-30,60,outside_community_degree_percentile,FULL_CHARACTERISTIC_NEUTRAL,5136,PASS,1028,1027
2026-06-30,60,residual_degree_percentile,FULL_CHARACTERISTIC_NEUTRAL,5136,PASS,1028,1027
2026-06-30,120,cross_industry_degree_percentile,FULL_CHARACTERISTIC_NEUTRAL,5152,PASS,1031,1031
2026-06-30,120,cross_industry_degree_ratio,FULL_CHARACTERISTIC_NEUTRAL,4698,PASS,940,940
2026-06-30,120,delta_cross_industry_degree_percentile_1m,FULL_CHARACTERISTIC_NEUTRAL,5139,PASS,1028,1028
2026-06-30,120,delta_degree_percentile,FULL_CHARACTERISTIC_NEUTRAL,5152,PASS,1031,1031
2026-06-30,120,delta_residual_degree_percentile_1m,FULL_CHARACTERISTIC_NEUTRAL,5139,PASS,1028,1028
2026-06-30,120,neighbor_jaccard_1m,FULL_CHARACTERISTIC_NEUTRAL,4989,PASS,998,998
2026-06-30,120,neighbor_retention_1m,FULL_CHARACTERISTIC_NEUTRAL,4910,PASS,982,982
2026-06-30,120,outside_community_degree_percentile,FULL_CHARACTERISTIC_NEUTRAL,5152,PASS,1031,1031
2026-06-30,120,residual_degree_percentile,FULL_CHARACTERISTIC_NEUTRAL,5152,PASS,1031,1031
2026-06-30,252,cross_industry_degree_percentile,FULL_CHARACTERISTIC_NEUTRAL,5115,PASS,1023,1023
2026-06-30,252,cross_industry_degree_ratio,FULL_CHARACTERISTIC_NEUTRAL,4590,PASS,918,918
2026-06-30,252,delta_cross_industry_degree_percentile_1m,FULL_CHARACTERISTIC_NEUTRAL,5108,PASS,1022,1022
2026-06-30,252,delta_degree_percentile,FULL_CHARACTERISTIC_NEUTRAL,5115,PASS,1023,1023
2026-06-30,252,delta_residual_degree_percentile_1m,FULL_CHARACTERISTIC_NEUTRAL,5108,PASS,1022,1022
2026-06-30,252,neighbor_jaccard_1m,FULL_CHARACTERISTIC_NEUTRAL,4818,PASS,964,964
2026-06-30,252,neighbor_retention_1m,FULL_CHARACTERISTIC_NEUTRAL,4741,PASS,949,948
2026-06-30,252,outside_community_degree_percentile,FULL_CHARACTERISTIC_NEUTRAL,5115,PASS,1023,1023
2026-06-30,252,residual_degree_percentile,FULL_CHARACTERISTIC_NEUTRAL,5115,PASS,1023,1023
2026-07-31,60,cross_industry_degree_percentile,FULL_CHARACTERISTIC_NEUTRAL,5148,PASS,1030,1030
2026-07-31,60,cross_industry_degree_ratio,FULL_CHARACTERISTIC_NEUTRAL,4032,PASS,807,807
2026-07-31,60,delta_cross_industry_degree_percentile_1m,FULL_CHARACTERISTIC_NEUTRAL,5136,PASS,1028,1027
2026-07-31,60,delta_degree_percentile,FULL_CHARACTERISTIC_NEUTRAL,5148,PASS,1030,1030
2026-07-31,60,delta_residual_degree_percentile_1m,FULL_CHARACTERISTIC_NEUTRAL,5136,PASS,1028,1027
2026-07-31,60,neighbor_jaccard_1m,FULL_CHARACTERISTIC_NEUTRAL,4997,PASS,1000,1000
2026-07-31,60,neighbor_retention_1m,FULL_CHARACTERISTIC_NEUTRAL,4970,PASS,994,994
2026-07-31,60,outside_community_degree_percentile,FULL_CHARACTERISTIC_NEUTRAL,5148,PASS,1030,1030
2026-07-31,60,residual_degree_percentile,FULL_CHARACTERISTIC_NEUTRAL,5148,PASS,1030,1030
2026-07-31,120,cross_industry_degree_percentile,FULL_CHARACTERISTIC_NEUTRAL,5163,PASS,1033,1033
2026-07-31,120,cross_industry_degree_ratio,FULL_CHARACTERISTIC_NEUTRAL,4284,PASS,857,857
2026-07-31,120,delta_cross_industry_degree_percentile_1m,FULL_CHARACTERISTIC_NEUTRAL,5157,PASS,1032,1032
2026-07-31,120,delta_degree_percentile,FULL_CHARACTERISTIC_NEUTRAL,5163,PASS,1033,1033
2026-07-31,120,delta_residual_degree_percentile_1m,FULL_CHARACTERISTIC_NEUTRAL,5157,PASS,1032,1032
2026-07-31,120,neighbor_jaccard_1m,FULL_CHARACTERISTIC_NEUTRAL,4793,PASS,959,959
2026-07-31,120,neighbor_retention_1m,FULL_CHARACTERISTIC_NEUTRAL,4701,PASS,941,940
2026-07-31,120,outside_community_degree_percentile,FULL_CHARACTERISTIC_NEUTRAL,5163,PASS,1033,1033
2026-07-31,120,residual_degree_percentile,FULL_CHARACTERISTIC_NEUTRAL,5163,PASS,1033,1033
2026-07-31,252,cross_industry_degree_percentile,FULL_CHARACTERISTIC_NEUTRAL,5122,PASS,1025,1025
2026-07-31,252,cross_industry_degree_ratio,FULL_CHARACTERISTIC_NEUTRAL,4318,PASS,864,864
2026-07-31,252,delta_cross_industry_degree_percentile_1m,FULL_CHARACTERISTIC_NEUTRAL,5115,PASS,1023,1023
2026-07-31,252,delta_degree_percentile,FULL_CHARACTERISTIC_NEUTRAL,5122,PASS,1025,1025
2026-07-31,252,delta_residual_degree_percentile_1m,FULL_CHARACTERISTIC_NEUTRAL,5115,PASS,1023,1023
2026-07-31,252,neighbor_jaccard_1m,FULL_CHARACTERISTIC_NEUTRAL,4641,PASS,929,928
2026-07-31,252,neighbor_retention_1m,FULL_CHARACTERISTIC_NEUTRAL,4590,PASS,918,918
2026-07-31,252,outside_community_degree_percentile,FULL_CHARACTERISTIC_NEUTRAL,5122,PASS,1025,1025
2026-07-31,252,residual_degree_percentile,FULL_CHARACTERISTIC_NEUTRAL,5122,PASS,1025,1025
2026-08-31,60,cross_industry_degree_percentile,FULL_CHARACTERISTIC_NEUTRAL,5152,PASS,1031,1031
2026-08-31,60,cross_industry_degree_ratio,FULL_CHARACTERISTIC_NEUTRAL,4275,PASS,855,855
2026-08-31,60,delta_cross_industry_degree_percentile_1m,FULL_CHARACTERISTIC_NEUTRAL,5148,PASS,1030,1030
2026-08-31,60,delta_degree_percentile,FULL_CHARACTERISTIC_NEUTRAL,5152,PASS,1031,1031
2026-08-31,60,delta_residual_degree_percentile_1m,FULL_CHARACTERISTIC_NEUTRAL,5148,PASS,1030,1030
2026-08-31,60,neighbor_jaccard_1m,FULL_CHARACTERISTIC_NEUTRAL,4481,PASS,897,896
2026-08-31,60,neighbor_retention_1m,FULL_CHARACTERISTIC_NEUTRAL,4033,PASS,807,807
2026-08-31,60,outside_community_degree_percentile,FULL_CHARACTERISTIC_NEUTRAL,5152,PASS,1031,1031
2026-08-31,60,residual_degree_percentile,FULL_CHARACTERISTIC_NEUTRAL,5152,PASS,1031,1031
2026-08-31,120,cross_industry_degree_percentile,FULL_CHARACTERISTIC_NEUTRAL,5168,PASS,1034,1034
2026-08-31,120,cross_industry_degree_ratio,FULL_CHARACTERISTIC_NEUTRAL,4213,PASS,843,843
2026-08-31,120,delta_cross_industry_degree_percentile_1m,FULL_CHARACTERISTIC_NEUTRAL,5167,PASS,1034,1034
2026-08-31,120,delta_degree_percentile,FULL_CHARACTERISTIC_NEUTRAL,5168,PASS,1034,1034
2026-08-31,120,delta_residual_degree_percentile_1m,FULL_CHARACTERISTIC_NEUTRAL,5167,PASS,1034,1034
2026-08-31,120,neighbor_jaccard_1m,FULL_CHARACTERISTIC_NEUTRAL,4408,PASS,882,882
2026-08-31,120,neighbor_retention_1m,FULL_CHARACTERISTIC_NEUTRAL,4287,PASS,858,858
2026-08-31,120,outside_community_degree_percentile,FULL_CHARACTERISTIC_NEUTRAL,5168,PASS,1034,1034
2026-08-31,120,residual_degree_percentile,FULL_CHARACTERISTIC_NEUTRAL,5168,PASS,1034,1034
2026-08-31,252,cross_industry_degree_percentile,FULL_CHARACTERISTIC_NEUTRAL,5124,PASS,1025,1025
2026-08-31,252,cross_industry_degree_ratio,FULL_CHARACTERISTIC_NEUTRAL,4248,PASS,850,850
2026-08-31,252,delta_cross_industry_degree_percentile_1m,FULL_CHARACTERISTIC_NEUTRAL,5122,PASS,1025,1025
2026-08-31,252,delta_degree_percentile,FULL_CHARACTERISTIC_NEUTRAL,5124,PASS,1025,1025
2026-08-31,252,delta_residual_degree_percentile_1m,FULL_CHARACTERISTIC_NEUTRAL,5122,PASS,1025,1025
2026-08-31,252,neighbor_jaccard_1m,FULL_CHARACTERISTIC_NEUTRAL,4387,PASS,878,878
2026-08-31,252,neighbor_retention_1m,FULL_CHARACTERISTIC_NEUTRAL,4318,PASS,864,864
2026-08-31,252,outside_community_degree_percentile,FULL_CHARACTERISTIC_NEUTRAL,5124,PASS,1025,1025
2026-08-31,252,residual_degree_percentile,FULL_CHARACTERISTIC_NEUTRAL,5124,PASS,1025,1025
2026-09-03,60,cross_industry_degree_percentile,FULL_CHARACTERISTIC_NEUTRAL,5153,PASS,1031,1031
2026-09-03,60,cross_industry_degree_ratio,FULL_CHARACTERISTIC_NEUTRAL,4210,PASS,842,842
2026-09-03,60,delta_cross_industry_degree_percentile_1m,FULL_CHARACTERISTIC_NEUTRAL,5152,PASS,1031,1031
2026-09-03,60,delta_degree_percentile,FULL_CHARACTERISTIC_NEUTRAL,5153,PASS,1031,1031
2026-09-03,60,delta_residual_degree_percentile_1m,FULL_CHARACTERISTIC_NEUTRAL,5152,PASS,1031,1031
2026-09-03,60,neighbor_jaccard_1m,FULL_CHARACTERISTIC_NEUTRAL,4373,PASS,875,875
2026-09-03,60,neighbor_retention_1m,FULL_CHARACTERISTIC_NEUTRAL,4275,PASS,855,855
2026-09-03,60,outside_community_degree_percentile,FULL_CHARACTERISTIC_NEUTRAL,5153,PASS,1031,1031
2026-09-03,60,residual_degree_percentile,FULL_CHARACTERISTIC_NEUTRAL,5153,PASS,1031,1031
2026-09-03,120,cross_industry_degree_percentile,FULL_CHARACTERISTIC_NEUTRAL,5168,PASS,1034,1034
2026-09-03,120,cross_industry_degree_ratio,FULL_CHARACTERISTIC_NEUTRAL,4193,PASS,839,839
2026-09-03,120,delta_cross_industry_degree_percentile_1m,FULL_CHARACTERISTIC_NEUTRAL,5168,PASS,1034,1034
2026-09-03,120,delta_degree_percentile,FULL_CHARACTERISTIC_NEUTRAL,5168,PASS,1034,1034
2026-09-03,120,delta_residual_degree_percentile_1m,FULL_CHARACTERISTIC_NEUTRAL,5168,PASS,1034,1034
2026-09-03,120,neighbor_jaccard_1m,FULL_CHARACTERISTIC_NEUTRAL,4251,PASS,851,850
2026-09-03,120,neighbor_retention_1m,FULL_CHARACTERISTIC_NEUTRAL,4213,PASS,843,843
2026-09-03,120,outside_community_degree_percentile,FULL_CHARACTERISTIC_NEUTRAL,5168,PASS,1034,1034
2026-09-03,120,residual_degree_percentile,FULL_CHARACTERISTIC_NEUTRAL,5168,PASS,1034,1034
2026-09-03,252,cross_industry_degree_percentile,FULL_CHARACTERISTIC_NEUTRAL,5125,PASS,1025,1025
2026-09-03,252,cross_industry_degree_ratio,FULL_CHARACTERISTIC_NEUTRAL,4229,PASS,846,846
2026-09-03,252,delta_cross_industry_degree_percentile_1m,FULL_CHARACTERISTIC_NEUTRAL,5124,PASS,1025,1025
2026-09-03,252,delta_degree_percentile,FULL_CHARACTERISTIC_NEUTRAL,5125,PASS,1025,1025
2026-09-03,252,delta_residual_degree_percentile_1m,FULL_CHARACTERISTIC_NEUTRAL,5124,PASS,1025,1025
2026-09-03,252,neighbor_jaccard_1m,FULL_CHARACTERISTIC_NEUTRAL,4265,PASS,853,853
2026-09-03,252,neighbor_retention_1m,FULL_CHARACTERISTIC_NEUTRAL,4248,PASS,850,850
2026-09-03,252,outside_community_degree_percentile,FULL_CHARACTERISTIC_NEUTRAL,5125,PASS,1025,1025
2026-09-03,252,residual_degree_percentile,FULL_CHARACTERISTIC_NEUTRAL,5125,PASS,1025,1025
